city,time_grain,datetime,date,hour,weekday,is_weekend,season,bike_count,temp,rain,humidity,wind
NYC,hour,2024-12-30 23:00:00,2024-12-30,23,0,0,winter,1,,,,
NYC,hour,2024-12-31 00:00:00,2024-12-31,0,1,0,winter,1,,,,
NYC,hour,2024-12-31 10:00:00,2024-12-31,10,1,0,winter,1,,,,
NYC,hour,2024-12-31 11:00:00,2024-12-31,11,1,0,winter,1,,,,
NYC,hour,2024-12-31 12:00:00,2024-12-31,12,1,0,winter,2,,,,
NYC,hour,2024-12-31 13:00:00,2024-12-31,13,1,0,winter,7,,,,
NYC,hour,2024-12-31 14:00:00,2024-12-31,14,1,0,winter,7,,,,
NYC,hour,2024-12-31 15:00:00,2024-12-31,15,1,0,winter,4,,,,
NYC,hour,2024-12-31 17:00:00,2024-12-31,17,1,0,winter,1,,,,
NYC,hour,2024-12-31 18:00:00,2024-12-31,18,1,0,winter,3,,,,
NYC,hour,2024-12-31 19:00:00,2024-12-31,19,1,0,winter,5,,,,
NYC,hour,2024-12-31 20:00:00,2024-12-31,20,1,0,winter,2,,,,
NYC,hour,2024-12-31 21:00:00,2024-12-31,21,1,0,winter,1,,,,
NYC,hour,2024-12-31 22:00:00,2024-12-31,22,1,0,winter,2,,,,
NYC,hour,2024-12-31 23:00:00,2024-12-31,23,1,0,winter,169,,,,
NYC,hour,2025-01-01 00:00:00,2025-01-01,0,2,0,winter,1609,,,,
NYC,hour,2025-01-01 01:00:00,2025-01-01,1,2,0,winter,2703,,,,
NYC,hour,2025-01-01 02:00:00,2025-01-01,2,2,0,winter,2285,,,,
NYC,hour,2025-01-01 03:00:00,2025-01-01,3,2,0,winter,1347,,,,
NYC,hour,2025-01-01 04:00:00,2025-01-01,4,2,0,winter,761,,,,
NYC,hour,2025-01-01 05:00:00,2025-01-01,5,2,0,winter,427,,,,
NYC,hour,2025-01-01 06:00:00,2025-01-01,6,2,0,winter,583,,,,
NYC,hour,2025-01-01 07:00:00,2025-01-01,7,2,0,winter,748,,,,
NYC,hour,2025-01-01 08:00:00,2025-01-01,8,2,0,winter,977,,,,
NYC,hour,2025-01-01 09:00:00,2025-01-01,9,2,0,winter,1552,,,,
NYC,hour,2025-01-01 10:00:00,2025-01-01,10,2,0,winter,2327,,,,
NYC,hour,2025-01-01 11:00:00,2025-01-01,11,2,0,winter,3182,,,,
NYC,hour,2025-01-01 12:00:00,2025-01-01,12,2,0,winter,3668,,,,
NYC,hour,2025-01-01 13:00:00,2025-01-01,13,2,0,winter,3963,,,,
NYC,hour,2025-01-01 14:00:00,2025-01-01,14,2,0,winter,3761,,,,
NYC,hour,2025-01-01 15:00:00,2025-01-01,15,2,0,winter,3739,,,,
NYC,hour,2025-01-01 16:00:00,2025-01-01,16,2,0,winter,3629,,,,
NYC,hour,2025-01-01 17:00:00,2025-01-01,17,2,0,winter,3352,,,,
NYC,hour,2025-01-01 18:00:00,2025-01-01,18,2,0,winter,2909,,,,
NYC,hour,2025-01-01 19:00:00,2025-01-01,19,2,0,winter,2310,,,,
NYC,hour,2025-01-01 20:00:00,2025-01-01,20,2,0,winter,1875,,,,
NYC,hour,2025-01-01 21:00:00,2025-01-01,21,2,0,winter,1511,,,,
NYC,hour,2025-01-01 22:00:00,2025-01-01,22,2,0,winter,1299,,,,
NYC,hour,2025-01-01 23:00:00,2025-01-01,23,2,0,winter,925,,,,
NYC,hour,2025-01-02 00:00:00,2025-01-02,0,3,0,winter,587,,,,
NYC,hour,2025-01-02 01:00:00,2025-01-02,1,3,0,winter,326,,,,
NYC,hour,2025-01-02 02:00:00,2025-01-02,2,3,0,winter,196,,,,
NYC,hour,2025-01-02 03:00:00,2025-01-02,3,3,0,winter,173,,,,
NYC,hour,2025-01-02 04:00:00,2025-01-02,4,3,0,winter,227,,,,
NYC,hour,2025-01-02 05:00:00,2025-01-02,5,3,0,winter,697,,,,
NYC,hour,2025-01-02 06:00:00,2025-01-02,6,3,0,winter,1927,,,,
NYC,hour,2025-01-02 07:00:00,2025-01-02,7,3,0,winter,3793,,,,
NYC,hour,2025-01-02 08:00:00,2025-01-02,8,3,0,winter,5443,,,,
NYC,hour,2025-01-02 09:00:00,2025-01-02,9,3,0,winter,3894,,,,
NYC,hour,2025-01-02 10:00:00,2025-01-02,10,3,0,winter,3225,,,,
NYC,hour,2025-01-02 11:00:00,2025-01-02,11,3,0,winter,3501,,,,
NYC,hour,2025-01-02 12:00:00,2025-01-02,12,3,0,winter,3890,,,,
NYC,hour,2025-01-02 13:00:00,2025-01-02,13,3,0,winter,4175,,,,
NYC,hour,2025-01-02 14:00:00,2025-01-02,14,3,0,winter,4833,,,,
NYC,hour,2025-01-02 15:00:00,2025-01-02,15,3,0,winter,5384,,,,
NYC,hour,2025-01-02 16:00:00,2025-01-02,16,3,0,winter,5795,,,,
NYC,hour,2025-01-02 17:00:00,2025-01-02,17,3,0,winter,6631,,,,
NYC,hour,2025-01-02 18:00:00,2025-01-02,18,3,0,winter,5523,,,,
NYC,hour,2025-01-02 19:00:00,2025-01-02,19,3,0,winter,3933,,,,
NYC,hour,2025-01-02 20:00:00,2025-01-02,20,3,0,winter,2754,,,,
NYC,hour,2025-01-02 21:00:00,2025-01-02,21,3,0,winter,2090,,,,
NYC,hour,2025-01-02 22:00:00,2025-01-02,22,3,0,winter,1642,,,,
NYC,hour,2025-01-02 23:00:00,2025-01-02,23,3,0,winter,1140,,,,
NYC,hour,2025-01-03 00:00:00,2025-01-03,0,4,0,winter,709,,,,
NYC,hour,2025-01-03 01:00:00,2025-01-03,1,4,0,winter,404,,,,
NYC,hour,2025-01-03 02:00:00,2025-01-03,2,4,0,winter,263,,,,
NYC,hour,2025-01-03 03:00:00,2025-01-03,3,4,0,winter,167,,,,
NYC,hour,2025-01-03 04:00:00,2025-01-03,4,4,0,winter,237,,,,
NYC,hour,2025-01-03 05:00:00,2025-01-03,5,4,0,winter,731,,,,
NYC,hour,2025-01-03 06:00:00,2025-01-03,6,4,0,winter,1821,,,,
NYC,hour,2025-01-03 07:00:00,2025-01-03,7,4,0,winter,3669,,,,
NYC,hour,2025-01-03 08:00:00,2025-01-03,8,4,0,winter,5098,,,,
NYC,hour,2025-01-03 09:00:00,2025-01-03,9,4,0,winter,3941,,,,
NYC,hour,2025-01-03 10:00:00,2025-01-03,10,4,0,winter,3428,,,,
NYC,hour,2025-01-03 11:00:00,2025-01-03,11,4,0,winter,3748,,,,
NYC,hour,2025-01-03 12:00:00,2025-01-03,12,4,0,winter,4315,,,,
NYC,hour,2025-01-03 13:00:00,2025-01-03,13,4,0,winter,4826,,,,
NYC,hour,2025-01-03 14:00:00,2025-01-03,14,4,0,winter,5396,,,,
NYC,hour,2025-01-03 15:00:00,2025-01-03,15,4,0,winter,5601,,,,
NYC,hour,2025-01-03 16:00:00,2025-01-03,16,4,0,winter,6170,,,,
NYC,hour,2025-01-03 17:00:00,2025-01-03,17,4,0,winter,6416,,,,
NYC,hour,2025-01-03 18:00:00,2025-01-03,18,4,0,winter,5383,,,,
NYC,hour,2025-01-03 19:00:00,2025-01-03,19,4,0,winter,4283,,,,
NYC,hour,2025-01-03 20:00:00,2025-01-03,20,4,0,winter,2965,,,,
NYC,hour,2025-01-03 21:00:00,2025-01-03,21,4,0,winter,2296,,,,
NYC,hour,2025-01-03 22:00:00,2025-01-03,22,4,0,winter,1932,,,,
NYC,hour,2025-01-03 23:00:00,2025-01-03,23,4,0,winter,1562,,,,
NYC,hour,2025-01-04 00:00:00,2025-01-04,0,5,1,winter,1136,,,,
NYC,hour,2025-01-04 01:00:00,2025-01-04,1,5,1,winter,651,,,,
NYC,hour,2025-01-04 02:00:00,2025-01-04,2,5,1,winter,479,,,,
NYC,hour,2025-01-04 03:00:00,2025-01-04,3,5,1,winter,284,,,,
NYC,hour,2025-01-04 04:00:00,2025-01-04,4,5,1,winter,222,,,,
NYC,hour,2025-01-04 05:00:00,2025-01-04,5,5,1,winter,278,,,,
NYC,hour,2025-01-04 06:00:00,2025-01-04,6,5,1,winter,555,,,,
NYC,hour,2025-01-04 07:00:00,2025-01-04,7,5,1,winter,1057,,,,
NYC,hour,2025-01-04 08:00:00,2025-01-04,8,5,1,winter,1933,,,,
NYC,hour,2025-01-04 09:00:00,2025-01-04,9,5,1,winter,2980,,,,
NYC,hour,2025-01-04 10:00:00,2025-01-04,10,5,1,winter,3604,,,,
NYC,hour,2025-01-04 11:00:00,2025-01-04,11,5,1,winter,4017,,,,
NYC,hour,2025-01-04 12:00:00,2025-01-04,12,5,1,winter,4422,,,,
NYC,hour,2025-01-04 13:00:00,2025-01-04,13,5,1,winter,4396,,,,
NYC,hour,2025-01-04 14:00:00,2025-01-04,14,5,1,winter,4452,,,,
NYC,hour,2025-01-04 15:00:00,2025-01-04,15,5,1,winter,4434,,,,
NYC,hour,2025-01-04 16:00:00,2025-01-04,16,5,1,winter,4131,,,,
NYC,hour,2025-01-04 17:00:00,2025-01-04,17,5,1,winter,3545,,,,
NYC,hour,2025-01-04 18:00:00,2025-01-04,18,5,1,winter,3271,,,,
NYC,hour,2025-01-04 19:00:00,2025-01-04,19,5,1,winter,2818,,,,
NYC,hour,2025-01-04 20:00:00,2025-01-04,20,5,1,winter,2130,,,,
NYC,hour,2025-01-04 21:00:00,2025-01-04,21,5,1,winter,1721,,,,
NYC,hour,2025-01-04 22:00:00,2025-01-04,22,5,1,winter,1491,,,,
NYC,hour,2025-01-04 23:00:00,2025-01-04,23,5,1,winter,1382,,,,
NYC,hour,2025-01-05 00:00:00,2025-01-05,0,6,1,winter,1004,,,,
NYC,hour,2025-01-05 01:00:00,2025-01-05,1,6,1,winter,672,,,,
NYC,hour,2025-01-05 02:00:00,2025-01-05,2,6,1,winter,427,,,,
NYC,hour,2025-01-05 03:00:00,2025-01-05,3,6,1,winter,301,,,,
NYC,hour,2025-01-05 04:00:00,2025-01-05,4,6,1,winter,210,,,,
NYC,hour,2025-01-05 05:00:00,2025-01-05,5,6,1,winter,230,,,,
NYC,hour,2025-01-05 06:00:00,2025-01-05,6,6,1,winter,469,,,,
NYC,hour,2025-01-05 07:00:00,2025-01-05,7,6,1,winter,835,,,,
NYC,hour,2025-01-05 08:00:00,2025-01-05,8,6,1,winter,1531,,,,
NYC,hour,2025-01-05 09:00:00,2025-01-05,9,6,1,winter,2314,,,,
NYC,hour,2025-01-05 10:00:00,2025-01-05,10,6,1,winter,3325,,,,
NYC,hour,2025-01-05 11:00:00,2025-01-05,11,6,1,winter,3991,,,,
NYC,hour,2025-01-05 12:00:00,2025-01-05,12,6,1,winter,4400,,,,
NYC,hour,2025-01-05 13:00:00,2025-01-05,13,6,1,winter,4354,,,,
NYC,hour,2025-01-05 14:00:00,2025-01-05,14,6,1,winter,4331,,,,
NYC,hour,2025-01-05 15:00:00,2025-01-05,15,6,1,winter,4478,,,,
NYC,hour,2025-01-05 16:00:00,2025-01-05,16,6,1,winter,4279,,,,
NYC,hour,2025-01-05 17:00:00,2025-01-05,17,6,1,winter,3720,,,,
NYC,hour,2025-01-05 18:00:00,2025-01-05,18,6,1,winter,3334,,,,
NYC,hour,2025-01-05 19:00:00,2025-01-05,19,6,1,winter,2529,,,,
NYC,hour,2025-01-05 20:00:00,2025-01-05,20,6,1,winter,1928,,,,
NYC,hour,2025-01-05 21:00:00,2025-01-05,21,6,1,winter,1467,,,,
NYC,hour,2025-01-05 22:00:00,2025-01-05,22,6,1,winter,1139,,,,
NYC,hour,2025-01-05 23:00:00,2025-01-05,23,6,1,winter,909,,,,
NYC,hour,2025-01-06 00:00:00,2025-01-06,0,0,0,winter,487,,,,
NYC,hour,2025-01-06 01:00:00,2025-01-06,1,0,0,winter,275,,,,
NYC,hour,2025-01-06 02:00:00,2025-01-06,2,0,0,winter,164,,,,
NYC,hour,2025-01-06 03:00:00,2025-01-06,3,0,0,winter,173,,,,
NYC,hour,2025-01-06 04:00:00,2025-01-06,4,0,0,winter,232,,,,
NYC,hour,2025-01-06 05:00:00,2025-01-06,5,0,0,winter,921,,,,
NYC,hour,2025-01-06 06:00:00,2025-01-06,6,0,0,winter,2542,,,,
NYC,hour,2025-01-06 07:00:00,2025-01-06,7,0,0,winter,5285,,,,
NYC,hour,2025-01-06 08:00:00,2025-01-06,8,0,0,winter,7480,,,,
NYC,hour,2025-01-06 09:00:00,2025-01-06,9,0,0,winter,4596,,,,
NYC,hour,2025-01-06 10:00:00,2025-01-06,10,0,0,winter,2321,,,,
NYC,hour,2025-01-06 11:00:00,2025-01-06,11,0,0,winter,1757,,,,
NYC,hour,2025-01-06 12:00:00,2025-01-06,12,0,0,winter,1445,,,,
NYC,hour,2025-01-06 13:00:00,2025-01-06,13,0,0,winter,1360,,,,
NYC,hour,2025-01-06 14:00:00,2025-01-06,14,0,0,winter,2164,,,,
NYC,hour,2025-01-06 15:00:00,2025-01-06,15,0,0,winter,3033,,,,
NYC,hour,2025-01-06 16:00:00,2025-01-06,16,0,0,winter,4015,,,,
NYC,hour,2025-01-06 17:00:00,2025-01-06,17,0,0,winter,5635,,,,
NYC,hour,2025-01-06 18:00:00,2025-01-06,18,0,0,winter,5075,,,,
NYC,hour,2025-01-06 19:00:00,2025-01-06,19,0,0,winter,3476,,,,
NYC,hour,2025-01-06 20:00:00,2025-01-06,20,0,0,winter,2430,,,,
NYC,hour,2025-01-06 21:00:00,2025-01-06,21,0,0,winter,1698,,,,
NYC,hour,2025-01-06 22:00:00,2025-01-06,22,0,0,winter,1188,,,,
NYC,hour,2025-01-06 23:00:00,2025-01-06,23,0,0,winter,763,,,,
NYC,hour,2025-01-07 00:00:00,2025-01-07,0,1,0,winter,394,,,,
NYC,hour,2025-01-07 01:00:00,2025-01-07,1,1,0,winter,194,,,,
NYC,hour,2025-01-07 02:00:00,2025-01-07,2,1,0,winter,123,,,,
NYC,hour,2025-01-07 03:00:00,2025-01-07,3,1,0,winter,112,,,,
NYC,hour,2025-01-07 04:00:00,2025-01-07,4,1,0,winter,194,,,,
NYC,hour,2025-01-07 05:00:00,2025-01-07,5,1,0,winter,821,,,,
NYC,hour,2025-01-07 06:00:00,2025-01-07,6,1,0,winter,2302,,,,
NYC,hour,2025-01-07 07:00:00,2025-01-07,7,1,0,winter,4760,,,,
NYC,hour,2025-01-07 08:00:00,2025-01-07,8,1,0,winter,6771,,,,
NYC,hour,2025-01-07 09:00:00,2025-01-07,9,1,0,winter,4200,,,,
NYC,hour,2025-01-07 10:00:00,2025-01-07,10,1,0,winter,2435,,,,
NYC,hour,2025-01-07 11:00:00,2025-01-07,11,1,0,winter,2199,,,,
NYC,hour,2025-01-07 12:00:00,2025-01-07,12,1,0,winter,2511,,,,
NYC,hour,2025-01-07 13:00:00,2025-01-07,13,1,0,winter,2785,,,,
NYC,hour,2025-01-07 14:00:00,2025-01-07,14,1,0,winter,3414,,,,
NYC,hour,2025-01-07 15:00:00,2025-01-07,15,1,0,winter,3944,,,,
NYC,hour,2025-01-07 16:00:00,2025-01-07,16,1,0,winter,5021,,,,
NYC,hour,2025-01-07 17:00:00,2025-01-07,17,1,0,winter,6674,,,,
NYC,hour,2025-01-07 18:00:00,2025-01-07,18,1,0,winter,5754,,,,
NYC,hour,2025-01-07 19:00:00,2025-01-07,19,1,0,winter,3884,,,,
NYC,hour,2025-01-07 20:00:00,2025-01-07,20,1,0,winter,2627,,,,
NYC,hour,2025-01-07 21:00:00,2025-01-07,21,1,0,winter,1909,,,,
NYC,hour,2025-01-07 22:00:00,2025-01-07,22,1,0,winter,1367,,,,
NYC,hour,2025-01-07 23:00:00,2025-01-07,23,1,0,winter,819,,,,
NYC,hour,2025-01-08 00:00:00,2025-01-08,0,2,0,winter,498,,,,
NYC,hour,2025-01-08 01:00:00,2025-01-08,1,2,0,winter,245,,,,
NYC,hour,2025-01-08 02:00:00,2025-01-08,2,2,0,winter,129,,,,
NYC,hour,2025-01-08 03:00:00,2025-01-08,3,2,0,winter,84,,,,
NYC,hour,2025-01-08 04:00:00,2025-01-08,4,2,0,winter,179,,,,
NYC,hour,2025-01-08 05:00:00,2025-01-08,5,2,0,winter,823,,,,
NYC,hour,2025-01-08 06:00:00,2025-01-08,6,2,0,winter,2198,,,,
NYC,hour,2025-01-08 07:00:00,2025-01-08,7,2,0,winter,4799,,,,
NYC,hour,2025-01-08 08:00:00,2025-01-08,8,2,0,winter,6940,,,,
NYC,hour,2025-01-08 09:00:00,2025-01-08,9,2,0,winter,4569,,,,
NYC,hour,2025-01-08 10:00:00,2025-01-08,10,2,0,winter,2756,,,,
NYC,hour,2025-01-08 11:00:00,2025-01-08,11,2,0,winter,2422,,,,
NYC,hour,2025-01-08 12:00:00,2025-01-08,12,2,0,winter,2724,,,,
NYC,hour,2025-01-08 13:00:00,2025-01-08,13,2,0,winter,2933,,,,
NYC,hour,2025-01-08 14:00:00,2025-01-08,14,2,0,winter,3495,,,,
NYC,hour,2025-01-08 15:00:00,2025-01-08,15,2,0,winter,4015,,,,
NYC,hour,2025-01-08 16:00:00,2025-01-08,16,2,0,winter,4876,,,,
NYC,hour,2025-01-08 17:00:00,2025-01-08,17,2,0,winter,6627,,,,
NYC,hour,2025-01-08 18:00:00,2025-01-08,18,2,0,winter,5702,,,,
NYC,hour,2025-01-08 19:00:00,2025-01-08,19,2,0,winter,3951,,,,
NYC,hour,2025-01-08 20:00:00,2025-01-08,20,2,0,winter,2639,,,,
NYC,hour,2025-01-08 21:00:00,2025-01-08,21,2,0,winter,1796,,,,
NYC,hour,2025-01-08 22:00:00,2025-01-08,22,2,0,winter,1372,,,,
NYC,hour,2025-01-08 23:00:00,2025-01-08,23,2,0,winter,816,,,,
NYC,hour,2025-01-09 00:00:00,2025-01-09,0,3,0,winter,460,,,,
NYC,hour,2025-01-09 01:00:00,2025-01-09,1,3,0,winter,248,,,,
NYC,hour,2025-01-09 02:00:00,2025-01-09,2,3,0,winter,155,,,,
NYC,hour,2025-01-09 03:00:00,2025-01-09,3,3,0,winter,109,,,,
NYC,hour,2025-01-09 04:00:00,2025-01-09,4,3,0,winter,188,,,,
NYC,hour,2025-01-09 05:00:00,2025-01-09,5,3,0,winter,733,,,,
NYC,hour,2025-01-09 06:00:00,2025-01-09,6,3,0,winter,1914,,,,
NYC,hour,2025-01-09 07:00:00,2025-01-09,7,3,0,winter,4253,,,,
NYC,hour,2025-01-09 08:00:00,2025-01-09,8,3,0,winter,6623,,,,
NYC,hour,2025-01-09 09:00:00,2025-01-09,9,3,0,winter,4650,,,,
NYC,hour,2025-01-09 10:00:00,2025-01-09,10,3,0,winter,2804,,,,
NYC,hour,2025-01-09 11:00:00,2025-01-09,11,3,0,winter,2660,,,,
NYC,hour,2025-01-09 12:00:00,2025-01-09,12,3,0,winter,2853,,,,
NYC,hour,2025-01-09 13:00:00,2025-01-09,13,3,0,winter,2980,,,,
NYC,hour,2025-01-09 14:00:00,2025-01-09,14,3,0,winter,3603,,,,
NYC,hour,2025-01-09 15:00:00,2025-01-09,15,3,0,winter,4359,,,,
NYC,hour,2025-01-09 16:00:00,2025-01-09,16,3,0,winter,4945,,,,
NYC,hour,2025-01-09 17:00:00,2025-01-09,17,3,0,winter,6480,,,,
NYC,hour,2025-01-09 18:00:00,2025-01-09,18,3,0,winter,5819,,,,
NYC,hour,2025-01-09 19:00:00,2025-01-09,19,3,0,winter,4186,,,,
NYC,hour,2025-01-09 20:00:00,2025-01-09,20,3,0,winter,2700,,,,
NYC,hour,2025-01-09 21:00:00,2025-01-09,21,3,0,winter,1998,,,,
NYC,hour,2025-01-09 22:00:00,2025-01-09,22,3,0,winter,1524,,,,
NYC,hour,2025-01-09 23:00:00,2025-01-09,23,3,0,winter,1125,,,,
NYC,hour,2025-01-10 00:00:00,2025-01-10,0,4,0,winter,601,,,,
NYC,hour,2025-01-10 01:00:00,2025-01-10,1,4,0,winter,319,,,,
NYC,hour,2025-01-10 02:00:00,2025-01-10,2,4,0,winter,226,,,,
NYC,hour,2025-01-10 03:00:00,2025-01-10,3,4,0,winter,137,,,,
NYC,hour,2025-01-10 04:00:00,2025-01-10,4,4,0,winter,209,,,,
NYC,hour,2025-01-10 05:00:00,2025-01-10,5,4,0,winter,754,,,,
NYC,hour,2025-01-10 06:00:00,2025-01-10,6,4,0,winter,2017,,,,
NYC,hour,2025-01-10 07:00:00,2025-01-10,7,4,0,winter,4359,,,,
NYC,hour,2025-01-10 08:00:00,2025-01-10,8,4,0,winter,6105,,,,
NYC,hour,2025-01-10 09:00:00,2025-01-10,9,4,0,winter,4489,,,,
NYC,hour,2025-01-10 10:00:00,2025-01-10,10,4,0,winter,3273,,,,
NYC,hour,2025-01-10 11:00:00,2025-01-10,11,4,0,winter,3422,,,,
NYC,hour,2025-01-10 12:00:00,2025-01-10,12,4,0,winter,3817,,,,
NYC,hour,2025-01-10 13:00:00,2025-01-10,13,4,0,winter,4342,,,,
NYC,hour,2025-01-10 14:00:00,2025-01-10,14,4,0,winter,5249,,,,
NYC,hour,2025-01-10 15:00:00,2025-01-10,15,4,0,winter,5947,,,,
NYC,hour,2025-01-10 16:00:00,2025-01-10,16,4,0,winter,6650,,,,
NYC,hour,2025-01-10 17:00:00,2025-01-10,17,4,0,winter,7585,,,,
NYC,hour,2025-01-10 18:00:00,2025-01-10,18,4,0,winter,6504,,,,
NYC,hour,2025-01-10 19:00:00,2025-01-10,19,4,0,winter,5003,,,,
NYC,hour,2025-01-10 20:00:00,2025-01-10,20,4,0,winter,3472,,,,
NYC,hour,2025-01-10 21:00:00,2025-01-10,21,4,0,winter,2581,,,,
NYC,hour,2025-01-10 22:00:00,2025-01-10,22,4,0,winter,2222,,,,
NYC,hour,2025-01-10 23:00:00,2025-01-10,23,4,0,winter,2113,,,,
NYC,hour,2025-01-11 00:00:00,2025-01-11,0,5,1,winter,1537,,,,
NYC,hour,2025-01-11 01:00:00,2025-01-11,1,5,1,winter,1005,,,,
NYC,hour,2025-01-11 02:00:00,2025-01-11,2,5,1,winter,596,,,,
NYC,hour,2025-01-11 03:00:00,2025-01-11,3,5,1,winter,395,,,,
NYC,hour,2025-01-11 04:00:00,2025-01-11,4,5,1,winter,226,,,,
NYC,hour,2025-01-11 05:00:00,2025-01-11,5,5,1,winter,194,,,,
NYC,hour,2025-01-11 06:00:00,2025-01-11,6,5,1,winter,580,,,,
NYC,hour,2025-01-11 07:00:00,2025-01-11,7,5,1,winter,1029,,,,
NYC,hour,2025-01-11 08:00:00,2025-01-11,8,5,1,winter,1788,,,,
NYC,hour,2025-01-11 09:00:00,2025-01-11,9,5,1,winter,2944,,,,
NYC,hour,2025-01-11 10:00:00,2025-01-11,10,5,1,winter,3776,,,,
NYC,hour,2025-01-11 11:00:00,2025-01-11,11,5,1,winter,4581,,,,
NYC,hour,2025-01-11 12:00:00,2025-01-11,12,5,1,winter,5133,,,,
NYC,hour,2025-01-11 13:00:00,2025-01-11,13,5,1,winter,5299,,,,
NYC,hour,2025-01-11 14:00:00,2025-01-11,14,5,1,winter,5266,,,,
NYC,hour,2025-01-11 15:00:00,2025-01-11,15,5,1,winter,5465,,,,
NYC,hour,2025-01-11 16:00:00,2025-01-11,16,5,1,winter,5166,,,,
NYC,hour,2025-01-11 17:00:00,2025-01-11,17,5,1,winter,4450,,,,
NYC,hour,2025-01-11 18:00:00,2025-01-11,18,5,1,winter,3967,,,,
NYC,hour,2025-01-11 19:00:00,2025-01-11,19,5,1,winter,3400,,,,
NYC,hour,2025-01-11 20:00:00,2025-01-11,20,5,1,winter,2487,,,,
NYC,hour,2025-01-11 21:00:00,2025-01-11,21,5,1,winter,2015,,,,
NYC,hour,2025-01-11 22:00:00,2025-01-11,22,5,1,winter,1745,,,,
NYC,hour,2025-01-11 23:00:00,2025-01-11,23,5,1,winter,1716,,,,
NYC,hour,2025-01-12 00:00:00,2025-01-12,0,6,1,winter,1343,,,,
NYC,hour,2025-01-12 01:00:00,2025-01-12,1,6,1,winter,828,,,,
NYC,hour,2025-01-12 02:00:00,2025-01-12,2,6,1,winter,524,,,,
NYC,hour,2025-01-12 03:00:00,2025-01-12,3,6,1,winter,399,,,,
NYC,hour,2025-01-12 04:00:00,2025-01-12,4,6,1,winter,252,,,,
NYC,hour,2025-01-12 05:00:00,2025-01-12,5,6,1,winter,271,,,,
NYC,hour,2025-01-12 06:00:00,2025-01-12,6,6,1,winter,499,,,,
NYC,hour,2025-01-12 07:00:00,2025-01-12,7,6,1,winter,928,,,,
NYC,hour,2025-01-12 08:00:00,2025-01-12,8,6,1,winter,1830,,,,
NYC,hour,2025-01-12 09:00:00,2025-01-12,9,6,1,winter,3012,,,,
NYC,hour,2025-01-12 10:00:00,2025-01-12,10,6,1,winter,4289,,,,
NYC,hour,2025-01-12 11:00:00,2025-01-12,11,6,1,winter,5222,,,,
NYC,hour,2025-01-12 12:00:00,2025-01-12,12,6,1,winter,5795,,,,
NYC,hour,2025-01-12 13:00:00,2025-01-12,13,6,1,winter,6488,,,,
NYC,hour,2025-01-12 14:00:00,2025-01-12,14,6,1,winter,6304,,,,
NYC,hour,2025-01-12 15:00:00,2025-01-12,15,6,1,winter,5985,,,,
NYC,hour,2025-01-12 16:00:00,2025-01-12,16,6,1,winter,5904,,,,
NYC,hour,2025-01-12 17:00:00,2025-01-12,17,6,1,winter,4900,,,,
NYC,hour,2025-01-12 18:00:00,2025-01-12,18,6,1,winter,4301,,,,
NYC,hour,2025-01-12 19:00:00,2025-01-12,19,6,1,winter,3380,,,,
NYC,hour,2025-01-12 20:00:00,2025-01-12,20,6,1,winter,2489,,,,
NYC,hour,2025-01-12 21:00:00,2025-01-12,21,6,1,winter,1900,,,,
NYC,hour,2025-01-12 22:00:00,2025-01-12,22,6,1,winter,1476,,,,
NYC,hour,2025-01-12 23:00:00,2025-01-12,23,6,1,winter,1098,,,,
NYC,hour,2025-01-13 00:00:00,2025-01-13,0,0,0,winter,624,,,,
NYC,hour,2025-01-13 01:00:00,2025-01-13,1,0,0,winter,291,,,,
NYC,hour,2025-01-13 02:00:00,2025-01-13,2,0,0,winter,186,,,,
NYC,hour,2025-01-13 03:00:00,2025-01-13,3,0,0,winter,151,,,,
NYC,hour,2025-01-13 04:00:00,2025-01-13,4,0,0,winter,229,,,,
NYC,hour,2025-01-13 05:00:00,2025-01-13,5,0,0,winter,949,,,,
NYC,hour,2025-01-13 06:00:00,2025-01-13,6,0,0,winter,2686,,,,
NYC,hour,2025-01-13 07:00:00,2025-01-13,7,0,0,winter,5746,,,,
NYC,hour,2025-01-13 08:00:00,2025-01-13,8,0,0,winter,8090,,,,
NYC,hour,2025-01-13 09:00:00,2025-01-13,9,0,0,winter,5365,,,,
NYC,hour,2025-01-13 10:00:00,2025-01-13,10,0,0,winter,3279,,,,
NYC,hour,2025-01-13 11:00:00,2025-01-13,11,0,0,winter,3214,,,,
NYC,hour,2025-01-13 12:00:00,2025-01-13,12,0,0,winter,3550,,,,
NYC,hour,2025-01-13 13:00:00,2025-01-13,13,0,0,winter,3779,,,,
NYC,hour,2025-01-13 14:00:00,2025-01-13,14,0,0,winter,4414,,,,
NYC,hour,2025-01-13 15:00:00,2025-01-13,15,0,0,winter,5461,,,,
NYC,hour,2025-01-13 16:00:00,2025-01-13,16,0,0,winter,6660,,,,
NYC,hour,2025-01-13 17:00:00,2025-01-13,17,0,0,winter,8764,,,,
NYC,hour,2025-01-13 18:00:00,2025-01-13,18,0,0,winter,8010,,,,
NYC,hour,2025-01-13 19:00:00,2025-01-13,19,0,0,winter,5578,,,,
NYC,hour,2025-01-13 20:00:00,2025-01-13,20,0,0,winter,3972,,,,
NYC,hour,2025-01-13 21:00:00,2025-01-13,21,0,0,winter,2645,,,,
NYC,hour,2025-01-13 22:00:00,2025-01-13,22,0,0,winter,1855,,,,
NYC,hour,2025-01-13 23:00:00,2025-01-13,23,0,0,winter,1177,,,,
NYC,hour,2025-01-14 00:00:00,2025-01-14,0,1,0,winter,563,,,,
NYC,hour,2025-01-14 01:00:00,2025-01-14,1,1,0,winter,262,,,,
NYC,hour,2025-01-14 02:00:00,2025-01-14,2,1,0,winter,175,,,,
NYC,hour,2025-01-14 03:00:00,2025-01-14,3,1,0,winter,156,,,,
NYC,hour,2025-01-14 04:00:00,2025-01-14,4,1,0,winter,260,,,,
NYC,hour,2025-01-14 05:00:00,2025-01-14,5,1,0,winter,984,,,,
NYC,hour,2025-01-14 06:00:00,2025-01-14,6,1,0,winter,2677,,,,
NYC,hour,2025-01-14 07:00:00,2025-01-14,7,1,0,winter,5749,,,,
NYC,hour,2025-01-14 08:00:00,2025-01-14,8,1,0,winter,8489,,,,
NYC,hour,2025-01-14 09:00:00,2025-01-14,9,1,0,winter,5513,,,,
NYC,hour,2025-01-14 10:00:00,2025-01-14,10,1,0,winter,3361,,,,
NYC,hour,2025-01-14 11:00:00,2025-01-14,11,1,0,winter,2934,,,,
NYC,hour,2025-01-14 12:00:00,2025-01-14,12,1,0,winter,3381,,,,
NYC,hour,2025-01-14 13:00:00,2025-01-14,13,1,0,winter,3405,,,,
NYC,hour,2025-01-14 14:00:00,2025-01-14,14,1,0,winter,4210,,,,
NYC,hour,2025-01-14 15:00:00,2025-01-14,15,1,0,winter,5036,,,,
NYC,hour,2025-01-14 16:00:00,2025-01-14,16,1,0,winter,5927,,,,
NYC,hour,2025-01-14 17:00:00,2025-01-14,17,1,0,winter,8159,,,,
NYC,hour,2025-01-14 18:00:00,2025-01-14,18,1,0,winter,7431,,,,
NYC,hour,2025-01-14 19:00:00,2025-01-14,19,1,0,winter,5075,,,,
NYC,hour,2025-01-14 20:00:00,2025-01-14,20,1,0,winter,3507,,,,
NYC,hour,2025-01-14 21:00:00,2025-01-14,21,1,0,winter,2404,,,,
NYC,hour,2025-01-14 22:00:00,2025-01-14,22,1,0,winter,1754,,,,
NYC,hour,2025-01-14 23:00:00,2025-01-14,23,1,0,winter,986,,,,
NYC,hour,2025-01-15 00:00:00,2025-01-15,0,2,0,winter,521,,,,
NYC,hour,2025-01-15 01:00:00,2025-01-15,1,2,0,winter,264,,,,
NYC,hour,2025-01-15 02:00:00,2025-01-15,2,2,0,winter,147,,,,
NYC,hour,2025-01-15 03:00:00,2025-01-15,3,2,0,winter,105,,,,
NYC,hour,2025-01-15 04:00:00,2025-01-15,4,2,0,winter,222,,,,
NYC,hour,2025-01-15 05:00:00,2025-01-15,5,2,0,winter,884,,,,
NYC,hour,2025-01-15 06:00:00,2025-01-15,6,2,0,winter,2556,,,,
NYC,hour,2025-01-15 07:00:00,2025-01-15,7,2,0,winter,5342,,,,
NYC,hour,2025-01-15 08:00:00,2025-01-15,8,2,0,winter,8102,,,,
NYC,hour,2025-01-15 09:00:00,2025-01-15,9,2,0,winter,5372,,,,
NYC,hour,2025-01-15 10:00:00,2025-01-15,10,2,0,winter,3371,,,,
NYC,hour,2025-01-15 11:00:00,2025-01-15,11,2,0,winter,2907,,,,
NYC,hour,2025-01-15 12:00:00,2025-01-15,12,2,0,winter,3312,,,,
NYC,hour,2025-01-15 13:00:00,2025-01-15,13,2,0,winter,3453,,,,
NYC,hour,2025-01-15 14:00:00,2025-01-15,14,2,0,winter,4145,,,,
NYC,hour,2025-01-15 15:00:00,2025-01-15,15,2,0,winter,4934,,,,
NYC,hour,2025-01-15 16:00:00,2025-01-15,16,2,0,winter,5884,,,,
NYC,hour,2025-01-15 17:00:00,2025-01-15,17,2,0,winter,7891,,,,
NYC,hour,2025-01-15 18:00:00,2025-01-15,18,2,0,winter,6977,,,,
NYC,hour,2025-01-15 19:00:00,2025-01-15,19,2,0,winter,5071,,,,
NYC,hour,2025-01-15 20:00:00,2025-01-15,20,2,0,winter,3439,,,,
NYC,hour,2025-01-15 21:00:00,2025-01-15,21,2,0,winter,2501,,,,
NYC,hour,2025-01-15 22:00:00,2025-01-15,22,2,0,winter,1801,,,,
NYC,hour,2025-01-15 23:00:00,2025-01-15,23,2,0,winter,1063,,,,
NYC,hour,2025-01-16 00:00:00,2025-01-16,0,3,0,winter,588,,,,
NYC,hour,2025-01-16 01:00:00,2025-01-16,1,3,0,winter,282,,,,
NYC,hour,2025-01-16 02:00:00,2025-01-16,2,3,0,winter,191,,,,
NYC,hour,2025-01-16 03:00:00,2025-01-16,3,3,0,winter,117,,,,
NYC,hour,2025-01-16 04:00:00,2025-01-16,4,3,0,winter,223,,,,
NYC,hour,2025-01-16 05:00:00,2025-01-16,5,3,0,winter,854,,,,
NYC,hour,2025-01-16 06:00:00,2025-01-16,6,3,0,winter,2441,,,,
NYC,hour,2025-01-16 07:00:00,2025-01-16,7,3,0,winter,5206,,,,
NYC,hour,2025-01-16 08:00:00,2025-01-16,8,3,0,winter,7989,,,,
NYC,hour,2025-01-16 09:00:00,2025-01-16,9,3,0,winter,5280,,,,
NYC,hour,2025-01-16 10:00:00,2025-01-16,10,3,0,winter,3355,,,,
NYC,hour,2025-01-16 11:00:00,2025-01-16,11,3,0,winter,3131,,,,
NYC,hour,2025-01-16 12:00:00,2025-01-16,12,3,0,winter,3286,,,,
NYC,hour,2025-01-16 13:00:00,2025-01-16,13,3,0,winter,3513,,,,
NYC,hour,2025-01-16 14:00:00,2025-01-16,14,3,0,winter,4111,,,,
NYC,hour,2025-01-16 15:00:00,2025-01-16,15,3,0,winter,4739,,,,
NYC,hour,2025-01-16 16:00:00,2025-01-16,16,3,0,winter,5784,,,,
NYC,hour,2025-01-16 17:00:00,2025-01-16,17,3,0,winter,7989,,,,
NYC,hour,2025-01-16 18:00:00,2025-01-16,18,3,0,winter,7452,,,,
NYC,hour,2025-01-16 19:00:00,2025-01-16,19,3,0,winter,5051,,,,
NYC,hour,2025-01-16 20:00:00,2025-01-16,20,3,0,winter,3291,,,,
NYC,hour,2025-01-16 21:00:00,2025-01-16,21,3,0,winter,2394,,,,
NYC,hour,2025-01-16 22:00:00,2025-01-16,22,3,0,winter,1887,,,,
NYC,hour,2025-01-16 23:00:00,2025-01-16,23,3,0,winter,1245,,,,
NYC,hour,2025-01-17 00:00:00,2025-01-17,0,4,0,winter,717,,,,
NYC,hour,2025-01-17 01:00:00,2025-01-17,1,4,0,winter,380,,,,
NYC,hour,2025-01-17 02:00:00,2025-01-17,2,4,0,winter,231,,,,
NYC,hour,2025-01-17 03:00:00,2025-01-17,3,4,0,winter,166,,,,
NYC,hour,2025-01-17 04:00:00,2025-01-17,4,4,0,winter,236,,,,
NYC,hour,2025-01-17 05:00:00,2025-01-17,5,4,0,winter,741,,,,
NYC,hour,2025-01-17 06:00:00,2025-01-17,6,4,0,winter,2060,,,,
NYC,hour,2025-01-17 07:00:00,2025-01-17,7,4,0,winter,4507,,,,
NYC,hour,2025-01-17 08:00:00,2025-01-17,8,4,0,winter,6515,,,,
NYC,hour,2025-01-17 09:00:00,2025-01-17,9,4,0,winter,5038,,,,
NYC,hour,2025-01-17 10:00:00,2025-01-17,10,4,0,winter,3652,,,,
NYC,hour,2025-01-17 11:00:00,2025-01-17,11,4,0,winter,3721,,,,
NYC,hour,2025-01-17 12:00:00,2025-01-17,12,4,0,winter,4368,,,,
NYC,hour,2025-01-17 13:00:00,2025-01-17,13,4,0,winter,4883,,,,
NYC,hour,2025-01-17 14:00:00,2025-01-17,14,4,0,winter,5764,,,,
NYC,hour,2025-01-17 15:00:00,2025-01-17,15,4,0,winter,6434,,,,
NYC,hour,2025-01-17 16:00:00,2025-01-17,16,4,0,winter,7218,,,,
NYC,hour,2025-01-17 17:00:00,2025-01-17,17,4,0,winter,7784,,,,
NYC,hour,2025-01-17 18:00:00,2025-01-17,18,4,0,winter,6928,,,,
NYC,hour,2025-01-17 19:00:00,2025-01-17,19,4,0,winter,5256,,,,
NYC,hour,2025-01-17 20:00:00,2025-01-17,20,4,0,winter,3533,,,,
NYC,hour,2025-01-17 21:00:00,2025-01-17,21,4,0,winter,2687,,,,
NYC,hour,2025-01-17 22:00:00,2025-01-17,22,4,0,winter,2272,,,,
NYC,hour,2025-01-17 23:00:00,2025-01-17,23,4,0,winter,1861,,,,
NYC,hour,2025-01-18 00:00:00,2025-01-18,0,5,1,winter,1526,,,,
NYC,hour,2025-01-18 01:00:00,2025-01-18,1,5,1,winter,962,,,,
NYC,hour,2025-01-18 02:00:00,2025-01-18,2,5,1,winter,644,,,,
NYC,hour,2025-01-18 03:00:00,2025-01-18,3,5,1,winter,375,,,,
NYC,hour,2025-01-18 04:00:00,2025-01-18,4,5,1,winter,272,,,,
NYC,hour,2025-01-18 05:00:00,2025-01-18,5,5,1,winter,297,,,,
NYC,hour,2025-01-18 06:00:00,2025-01-18,6,5,1,winter,665,,,,
NYC,hour,2025-01-18 07:00:00,2025-01-18,7,5,1,winter,1308,,,,
NYC,hour,2025-01-18 08:00:00,2025-01-18,8,5,1,winter,2430,,,,
NYC,hour,2025-01-18 09:00:00,2025-01-18,9,5,1,winter,3864,,,,
NYC,hour,2025-01-18 10:00:00,2025-01-18,10,5,1,winter,4809,,,,
NYC,hour,2025-01-18 11:00:00,2025-01-18,11,5,1,winter,5544,,,,
NYC,hour,2025-01-18 12:00:00,2025-01-18,12,5,1,winter,5807,,,,
NYC,hour,2025-01-18 13:00:00,2025-01-18,13,5,1,winter,4913,,,,
NYC,hour,2025-01-18 14:00:00,2025-01-18,14,5,1,winter,3151,,,,
NYC,hour,2025-01-18 15:00:00,2025-01-18,15,5,1,winter,2803,,,,
NYC,hour,2025-01-18 16:00:00,2025-01-18,16,5,1,winter,2986,,,,
NYC,hour,2025-01-18 17:00:00,2025-01-18,17,5,1,winter,3377,,,,
NYC,hour,2025-01-18 18:00:00,2025-01-18,18,5,1,winter,3598,,,,
NYC,hour,2025-01-18 19:00:00,2025-01-18,19,5,1,winter,3397,,,,
NYC,hour,2025-01-18 20:00:00,2025-01-18,20,5,1,winter,2813,,,,
NYC,hour,2025-01-18 21:00:00,2025-01-18,21,5,1,winter,2178,,,,
NYC,hour,2025-01-18 22:00:00,2025-01-18,22,5,1,winter,2074,,,,
NYC,hour,2025-01-18 23:00:00,2025-01-18,23,5,1,winter,2042,,,,
NYC,hour,2025-01-19 00:00:00,2025-01-19,0,6,1,winter,1588,,,,
NYC,hour,2025-01-19 01:00:00,2025-01-19,1,6,1,winter,1144,,,,
NYC,hour,2025-01-19 02:00:00,2025-01-19,2,6,1,winter,778,,,,
NYC,hour,2025-01-19 03:00:00,2025-01-19,3,6,1,winter,490,,,,
NYC,hour,2025-01-19 04:00:00,2025-01-19,4,6,1,winter,336,,,,
NYC,hour,2025-01-19 05:00:00,2025-01-19,5,6,1,winter,274,,,,
NYC,hour,2025-01-19 06:00:00,2025-01-19,6,6,1,winter,530,,,,
NYC,hour,2025-01-19 07:00:00,2025-01-19,7,6,1,winter,1019,,,,
NYC,hour,2025-01-19 08:00:00,2025-01-19,8,6,1,winter,1925,,,,
NYC,hour,2025-01-19 09:00:00,2025-01-19,9,6,1,winter,2903,,,,
NYC,hour,2025-01-19 10:00:00,2025-01-19,10,6,1,winter,4248,,,,
NYC,hour,2025-01-19 11:00:00,2025-01-19,11,6,1,winter,5079,,,,
NYC,hour,2025-01-19 12:00:00,2025-01-19,12,6,1,winter,5374,,,,
NYC,hour,2025-01-19 13:00:00,2025-01-19,13,6,1,winter,4443,,,,
NYC,hour,2025-01-19 14:00:00,2025-01-19,14,6,1,winter,2978,,,,
NYC,hour,2025-01-19 15:00:00,2025-01-19,15,6,1,winter,2712,,,,
NYC,hour,2025-01-19 16:00:00,2025-01-19,16,6,1,winter,2461,,,,
NYC,hour,2025-01-19 17:00:00,2025-01-19,17,6,1,winter,1392,,,,
NYC,hour,2025-01-19 18:00:00,2025-01-19,18,6,1,winter,1263,,,,
NYC,hour,2025-01-19 19:00:00,2025-01-19,19,6,1,winter,722,,,,
NYC,hour,2025-01-19 20:00:00,2025-01-19,20,6,1,winter,511,,,,
NYC,hour,2025-01-19 21:00:00,2025-01-19,21,6,1,winter,528,,,,
NYC,hour,2025-01-19 22:00:00,2025-01-19,22,6,1,winter,580,,,,
NYC,hour,2025-01-19 23:00:00,2025-01-19,23,6,1,winter,449,,,,
NYC,hour,2025-01-20 00:00:00,2025-01-20,0,0,0,winter,306,,,,
NYC,hour,2025-01-20 01:00:00,2025-01-20,1,0,0,winter,157,,,,
NYC,hour,2025-01-20 02:00:00,2025-01-20,2,0,0,winter,117,,,,
NYC,hour,2025-01-20 03:00:00,2025-01-20,3,0,0,winter,84,,,,
NYC,hour,2025-01-20 04:00:00,2025-01-20,4,0,0,winter,96,,,,
NYC,hour,2025-01-20 05:00:00,2025-01-20,5,0,0,winter,253,,,,
NYC,hour,2025-01-20 06:00:00,2025-01-20,6,0,0,winter,472,,,,
NYC,hour,2025-01-20 07:00:00,2025-01-20,7,0,0,winter,769,,,,
NYC,hour,2025-01-20 08:00:00,2025-01-20,8,0,0,winter,1102,,,,
NYC,hour,2025-01-20 09:00:00,2025-01-20,9,0,0,winter,1480,,,,
NYC,hour,2025-01-20 10:00:00,2025-01-20,10,0,0,winter,1614,,,,
NYC,hour,2025-01-20 11:00:00,2025-01-20,11,0,0,winter,1932,,,,
NYC,hour,2025-01-20 12:00:00,2025-01-20,12,0,0,winter,2092,,,,
NYC,hour,2025-01-20 13:00:00,2025-01-20,13,0,0,winter,2414,,,,
NYC,hour,2025-01-20 14:00:00,2025-01-20,14,0,0,winter,2701,,,,
NYC,hour,2025-01-20 15:00:00,2025-01-20,15,0,0,winter,2751,,,,
NYC,hour,2025-01-20 16:00:00,2025-01-20,16,0,0,winter,2842,,,,
NYC,hour,2025-01-20 17:00:00,2025-01-20,17,0,0,winter,2878,,,,
NYC,hour,2025-01-20 18:00:00,2025-01-20,18,0,0,winter,2699,,,,
NYC,hour,2025-01-20 19:00:00,2025-01-20,19,0,0,winter,2163,,,,
NYC,hour,2025-01-20 20:00:00,2025-01-20,20,0,0,winter,1503,,,,
NYC,hour,2025-01-20 21:00:00,2025-01-20,21,0,0,winter,1077,,,,
NYC,hour,2025-01-20 22:00:00,2025-01-20,22,0,0,winter,823,,,,
NYC,hour,2025-01-20 23:00:00,2025-01-20,23,0,0,winter,666,,,,
NYC,hour,2025-01-21 00:00:00,2025-01-21,0,1,0,winter,299,,,,
NYC,hour,2025-01-21 01:00:00,2025-01-21,1,1,0,winter,161,,,,
NYC,hour,2025-01-21 02:00:00,2025-01-21,2,1,0,winter,79,,,,
NYC,hour,2025-01-21 03:00:00,2025-01-21,3,1,0,winter,78,,,,
NYC,hour,2025-01-21 04:00:00,2025-01-21,4,1,0,winter,150,,,,
NYC,hour,2025-01-21 05:00:00,2025-01-21,5,1,0,winter,622,,,,
NYC,hour,2025-01-21 06:00:00,2025-01-21,6,1,0,winter,1640,,,,
NYC,hour,2025-01-21 07:00:00,2025-01-21,7,1,0,winter,3201,,,,
NYC,hour,2025-01-21 08:00:00,2025-01-21,8,1,0,winter,4891,,,,
NYC,hour,2025-01-21 09:00:00,2025-01-21,9,1,0,winter,3330,,,,
NYC,hour,2025-01-21 10:00:00,2025-01-21,10,1,0,winter,2089,,,,
NYC,hour,2025-01-21 11:00:00,2025-01-21,11,1,0,winter,1871,,,,
NYC,hour,2025-01-21 12:00:00,2025-01-21,12,1,0,winter,2083,,,,
NYC,hour,2025-01-21 13:00:00,2025-01-21,13,1,0,winter,2282,,,,
NYC,hour,2025-01-21 14:00:00,2025-01-21,14,1,0,winter,2582,,,,
NYC,hour,2025-01-21 15:00:00,2025-01-21,15,1,0,winter,2940,,,,
NYC,hour,2025-01-21 16:00:00,2025-01-21,16,1,0,winter,3615,,,,
NYC,hour,2025-01-21 17:00:00,2025-01-21,17,1,0,winter,4959,,,,
NYC,hour,2025-01-21 18:00:00,2025-01-21,18,1,0,winter,4576,,,,
NYC,hour,2025-01-21 19:00:00,2025-01-21,19,1,0,winter,3129,,,,
NYC,hour,2025-01-21 20:00:00,2025-01-21,20,1,0,winter,2018,,,,
NYC,hour,2025-01-21 21:00:00,2025-01-21,21,1,0,winter,1540,,,,
NYC,hour,2025-01-21 22:00:00,2025-01-21,22,1,0,winter,1104,,,,
NYC,hour,2025-01-21 23:00:00,2025-01-21,23,1,0,winter,695,,,,
NYC,hour,2025-01-22 00:00:00,2025-01-22,0,2,0,winter,335,,,,
NYC,hour,2025-01-22 01:00:00,2025-01-22,1,2,0,winter,147,,,,
NYC,hour,2025-01-22 02:00:00,2025-01-22,2,2,0,winter,77,,,,
NYC,hour,2025-01-22 03:00:00,2025-01-22,3,2,0,winter,72,,,,
NYC,hour,2025-01-22 04:00:00,2025-01-22,4,2,0,winter,135,,,,
NYC,hour,2025-01-22 05:00:00,2025-01-22,5,2,0,winter,687,,,,
NYC,hour,2025-01-22 06:00:00,2025-01-22,6,2,0,winter,1760,,,,
NYC,hour,2025-01-22 07:00:00,2025-01-22,7,2,0,winter,3327,,,,
NYC,hour,2025-01-22 08:00:00,2025-01-22,8,2,0,winter,5324,,,,
NYC,hour,2025-01-22 09:00:00,2025-01-22,9,2,0,winter,3677,,,,
NYC,hour,2025-01-22 10:00:00,2025-01-22,10,2,0,winter,2220,,,,
NYC,hour,2025-01-22 11:00:00,2025-01-22,11,2,0,winter,2181,,,,
NYC,hour,2025-01-22 12:00:00,2025-01-22,12,2,0,winter,2345,,,,
NYC,hour,2025-01-22 13:00:00,2025-01-22,13,2,0,winter,2573,,,,
NYC,hour,2025-01-22 14:00:00,2025-01-22,14,2,0,winter,2883,,,,
NYC,hour,2025-01-22 15:00:00,2025-01-22,15,2,0,winter,3292,,,,
NYC,hour,2025-01-22 16:00:00,2025-01-22,16,2,0,winter,4055,,,,
NYC,hour,2025-01-22 17:00:00,2025-01-22,17,2,0,winter,5512,,,,
NYC,hour,2025-01-22 18:00:00,2025-01-22,18,2,0,winter,4975,,,,
NYC,hour,2025-01-22 19:00:00,2025-01-22,19,2,0,winter,3599,,,,
NYC,hour,2025-01-22 20:00:00,2025-01-22,20,2,0,winter,2431,,,,
NYC,hour,2025-01-22 21:00:00,2025-01-22,21,2,0,winter,1826,,,,
NYC,hour,2025-01-22 22:00:00,2025-01-22,22,2,0,winter,1246,,,,
NYC,hour,2025-01-22 23:00:00,2025-01-22,23,2,0,winter,868,,,,
NYC,hour,2025-01-23 00:00:00,2025-01-23,0,3,0,winter,395,,,,
NYC,hour,2025-01-23 01:00:00,2025-01-23,1,3,0,winter,198,,,,
NYC,hour,2025-01-23 02:00:00,2025-01-23,2,3,0,winter,118,,,,
NYC,hour,2025-01-23 03:00:00,2025-01-23,3,3,0,winter,96,,,,
NYC,hour,2025-01-23 04:00:00,2025-01-23,4,3,0,winter,158,,,,
NYC,hour,2025-01-23 05:00:00,2025-01-23,5,3,0,winter,702,,,,
NYC,hour,2025-01-23 06:00:00,2025-01-23,6,3,0,winter,1923,,,,
NYC,hour,2025-01-23 07:00:00,2025-01-23,7,3,0,winter,3885,,,,
NYC,hour,2025-01-23 08:00:00,2025-01-23,8,3,0,winter,6079,,,,
NYC,hour,2025-01-23 09:00:00,2025-01-23,9,3,0,winter,4324,,,,
NYC,hour,2025-01-23 10:00:00,2025-01-23,10,3,0,winter,2691,,,,
NYC,hour,2025-01-23 11:00:00,2025-01-23,11,3,0,winter,2625,,,,
NYC,hour,2025-01-23 12:00:00,2025-01-23,12,3,0,winter,2784,,,,
NYC,hour,2025-01-23 13:00:00,2025-01-23,13,3,0,winter,2968,,,,
NYC,hour,2025-01-23 14:00:00,2025-01-23,14,3,0,winter,3470,,,,
NYC,hour,2025-01-23 15:00:00,2025-01-23,15,3,0,winter,3902,,,,
NYC,hour,2025-01-23 16:00:00,2025-01-23,16,3,0,winter,4724,,,,
NYC,hour,2025-01-23 17:00:00,2025-01-23,17,3,0,winter,6441,,,,
NYC,hour,2025-01-23 18:00:00,2025-01-23,18,3,0,winter,5977,,,,
NYC,hour,2025-01-23 19:00:00,2025-01-23,19,3,0,winter,4245,,,,
NYC,hour,2025-01-23 20:00:00,2025-01-23,20,3,0,winter,2896,,,,
NYC,hour,2025-01-23 21:00:00,2025-01-23,21,3,0,winter,2089,,,,
NYC,hour,2025-01-23 22:00:00,2025-01-23,22,3,0,winter,1619,,,,
NYC,hour,2025-01-23 23:00:00,2025-01-23,23,3,0,winter,1068,,,,
NYC,hour,2025-01-24 00:00:00,2025-01-24,0,4,0,winter,607,,,,
NYC,hour,2025-01-24 01:00:00,2025-01-24,1,4,0,winter,283,,,,
NYC,hour,2025-01-24 02:00:00,2025-01-24,2,4,0,winter,187,,,,
NYC,hour,2025-01-24 03:00:00,2025-01-24,3,4,0,winter,166,,,,
NYC,hour,2025-01-24 04:00:00,2025-01-24,4,4,0,winter,205,,,,
NYC,hour,2025-01-24 05:00:00,2025-01-24,5,4,0,winter,674,,,,
NYC,hour,2025-01-24 06:00:00,2025-01-24,6,4,0,winter,1797,,,,
NYC,hour,2025-01-24 07:00:00,2025-01-24,7,4,0,winter,3715,,,,
NYC,hour,2025-01-24 08:00:00,2025-01-24,8,4,0,winter,5338,,,,
NYC,hour,2025-01-24 09:00:00,2025-01-24,9,4,0,winter,4134,,,,
NYC,hour,2025-01-24 10:00:00,2025-01-24,10,4,0,winter,3006,,,,
NYC,hour,2025-01-24 11:00:00,2025-01-24,11,4,0,winter,3204,,,,
NYC,hour,2025-01-24 12:00:00,2025-01-24,12,4,0,winter,3714,,,,
NYC,hour,2025-01-24 13:00:00,2025-01-24,13,4,0,winter,4097,,,,
NYC,hour,2025-01-24 14:00:00,2025-01-24,14,4,0,winter,4289,,,,
NYC,hour,2025-01-24 15:00:00,2025-01-24,15,4,0,winter,4956,,,,
NYC,hour,2025-01-24 16:00:00,2025-01-24,16,4,0,winter,5745,,,,
NYC,hour,2025-01-24 17:00:00,2025-01-24,17,4,0,winter,6668,,,,
NYC,hour,2025-01-24 18:00:00,2025-01-24,18,4,0,winter,5864,,,,
NYC,hour,2025-01-24 19:00:00,2025-01-24,19,4,0,winter,4385,,,,
NYC,hour,2025-01-24 20:00:00,2025-01-24,20,4,0,winter,3110,,,,
NYC,hour,2025-01-24 21:00:00,2025-01-24,21,4,0,winter,2229,,,,
NYC,hour,2025-01-24 22:00:00,2025-01-24,22,4,0,winter,1789,,,,
NYC,hour,2025-01-24 23:00:00,2025-01-24,23,4,0,winter,1581,,,,
NYC,hour,2025-01-25 00:00:00,2025-01-25,0,5,1,winter,1229,,,,
NYC,hour,2025-01-25 01:00:00,2025-01-25,1,5,1,winter,806,,,,
NYC,hour,2025-01-25 02:00:00,2025-01-25,2,5,1,winter,545,,,,
NYC,hour,2025-01-25 03:00:00,2025-01-25,3,5,1,winter,327,,,,
NYC,hour,2025-01-25 04:00:00,2025-01-25,4,5,1,winter,266,,,,
NYC,hour,2025-01-25 05:00:00,2025-01-25,5,5,1,winter,284,,,,
NYC,hour,2025-01-25 06:00:00,2025-01-25,6,5,1,winter,558,,,,
NYC,hour,2025-01-25 07:00:00,2025-01-25,7,5,1,winter,1066,,,,
NYC,hour,2025-01-25 08:00:00,2025-01-25,8,5,1,winter,2074,,,,
NYC,hour,2025-01-25 09:00:00,2025-01-25,9,5,1,winter,3071,,,,
NYC,hour,2025-01-25 10:00:00,2025-01-25,10,5,1,winter,3827,,,,
NYC,hour,2025-01-25 11:00:00,2025-01-25,11,5,1,winter,4448,,,,
NYC,hour,2025-01-25 12:00:00,2025-01-25,12,5,1,winter,4747,,,,
NYC,hour,2025-01-25 13:00:00,2025-01-25,13,5,1,winter,4793,,,,
NYC,hour,2025-01-25 14:00:00,2025-01-25,14,5,1,winter,4791,,,,
NYC,hour,2025-01-25 15:00:00,2025-01-25,15,5,1,winter,4705,,,,
NYC,hour,2025-01-25 16:00:00,2025-01-25,16,5,1,winter,4630,,,,
NYC,hour,2025-01-25 17:00:00,2025-01-25,17,5,1,winter,4180,,,,
NYC,hour,2025-01-25 18:00:00,2025-01-25,18,5,1,winter,3854,,,,
NYC,hour,2025-01-25 19:00:00,2025-01-25,19,5,1,winter,3257,,,,
NYC,hour,2025-01-25 20:00:00,2025-01-25,20,5,1,winter,2383,,,,
NYC,hour,2025-01-25 21:00:00,2025-01-25,21,5,1,winter,2061,,,,
NYC,hour,2025-01-25 22:00:00,2025-01-25,22,5,1,winter,1667,,,,
NYC,hour,2025-01-25 23:00:00,2025-01-25,23,5,1,winter,1698,,,,
NYC,hour,2025-01-26 00:00:00,2025-01-26,0,6,1,winter,1338,,,,
NYC,hour,2025-01-26 01:00:00,2025-01-26,1,6,1,winter,866,,,,
NYC,hour,2025-01-26 02:00:00,2025-01-26,2,6,1,winter,615,,,,
NYC,hour,2025-01-26 03:00:00,2025-01-26,3,6,1,winter,390,,,,
NYC,hour,2025-01-26 04:00:00,2025-01-26,4,6,1,winter,253,,,,
NYC,hour,2025-01-26 05:00:00,2025-01-26,5,6,1,winter,228,,,,
NYC,hour,2025-01-26 06:00:00,2025-01-26,6,6,1,winter,545,,,,
NYC,hour,2025-01-26 07:00:00,2025-01-26,7,6,1,winter,1097,,,,
NYC,hour,2025-01-26 08:00:00,2025-01-26,8,6,1,winter,1686,,,,
NYC,hour,2025-01-26 09:00:00,2025-01-26,9,6,1,winter,2855,,,,
NYC,hour,2025-01-26 10:00:00,2025-01-26,10,6,1,winter,3900,,,,
NYC,hour,2025-01-26 11:00:00,2025-01-26,11,6,1,winter,4711,,,,
NYC,hour,2025-01-26 12:00:00,2025-01-26,12,6,1,winter,5259,,,,
NYC,hour,2025-01-26 13:00:00,2025-01-26,13,6,1,winter,5580,,,,
NYC,hour,2025-01-26 14:00:00,2025-01-26,14,6,1,winter,6554,,,,
NYC,hour,2025-01-26 15:00:00,2025-01-26,15,6,1,winter,6124,,,,
NYC,hour,2025-01-26 16:00:00,2025-01-26,16,6,1,winter,5233,,,,
NYC,hour,2025-01-26 17:00:00,2025-01-26,17,6,1,winter,4637,,,,
NYC,hour,2025-01-26 18:00:00,2025-01-26,18,6,1,winter,4440,,,,
NYC,hour,2025-01-26 19:00:00,2025-01-26,19,6,1,winter,3140,,,,
NYC,hour,2025-01-26 20:00:00,2025-01-26,20,6,1,winter,2375,,,,
NYC,hour,2025-01-26 21:00:00,2025-01-26,21,6,1,winter,1818,,,,
NYC,hour,2025-01-26 22:00:00,2025-01-26,22,6,1,winter,1889,,,,
NYC,hour,2025-01-26 23:00:00,2025-01-26,23,6,1,winter,1021,,,,
NYC,hour,2025-01-27 00:00:00,2025-01-27,0,0,0,winter,542,,,,
NYC,hour,2025-01-27 01:00:00,2025-01-27,1,0,0,winter,265,,,,
NYC,hour,2025-01-27 02:00:00,2025-01-27,2,0,0,winter,130,,,,
NYC,hour,2025-01-27 03:00:00,2025-01-27,3,0,0,winter,142,,,,
NYC,hour,2025-01-27 04:00:00,2025-01-27,4,0,0,winter,189,,,,
NYC,hour,2025-01-27 05:00:00,2025-01-27,5,0,0,winter,831,,,,
NYC,hour,2025-01-27 06:00:00,2025-01-27,6,0,0,winter,2405,,,,
NYC,hour,2025-01-27 07:00:00,2025-01-27,7,0,0,winter,4753,,,,
NYC,hour,2025-01-27 08:00:00,2025-01-27,8,0,0,winter,7303,,,,
NYC,hour,2025-01-27 09:00:00,2025-01-27,9,0,0,winter,4909,,,,
NYC,hour,2025-01-27 10:00:00,2025-01-27,10,0,0,winter,3027,,,,
NYC,hour,2025-01-27 11:00:00,2025-01-27,11,0,0,winter,3118,,,,
NYC,hour,2025-01-27 12:00:00,2025-01-27,12,0,0,winter,3434,,,,
NYC,hour,2025-01-27 13:00:00,2025-01-27,13,0,0,winter,3852,,,,
NYC,hour,2025-01-27 14:00:00,2025-01-27,14,0,0,winter,4272,,,,
NYC,hour,2025-01-27 15:00:00,2025-01-27,15,0,0,winter,4665,,,,
NYC,hour,2025-01-27 16:00:00,2025-01-27,16,0,0,winter,5964,,,,
NYC,hour,2025-01-27 17:00:00,2025-01-27,17,0,0,winter,8100,,,,
NYC,hour,2025-01-27 18:00:00,2025-01-27,18,0,0,winter,7678,,,,
NYC,hour,2025-01-27 19:00:00,2025-01-27,19,0,0,winter,5265,,,,
NYC,hour,2025-01-27 20:00:00,2025-01-27,20,0,0,winter,3743,,,,
NYC,hour,2025-01-27 21:00:00,2025-01-27,21,0,0,winter,2645,,,,
NYC,hour,2025-01-27 22:00:00,2025-01-27,22,0,0,winter,1790,,,,
NYC,hour,2025-01-27 23:00:00,2025-01-27,23,0,0,winter,1047,,,,
NYC,hour,2025-01-28 00:00:00,2025-01-28,0,1,0,winter,578,,,,
NYC,hour,2025-01-28 01:00:00,2025-01-28,1,1,0,winter,262,,,,
NYC,hour,2025-01-28 02:00:00,2025-01-28,2,1,0,winter,154,,,,
NYC,hour,2025-01-28 03:00:00,2025-01-28,3,1,0,winter,118,,,,
NYC,hour,2025-01-28 04:00:00,2025-01-28,4,1,0,winter,219,,,,
NYC,hour,2025-01-28 05:00:00,2025-01-28,5,1,0,winter,949,,,,
NYC,hour,2025-01-28 06:00:00,2025-01-28,6,1,0,winter,2665,,,,
NYC,hour,2025-01-28 07:00:00,2025-01-28,7,1,0,winter,5710,,,,
NYC,hour,2025-01-28 08:00:00,2025-01-28,8,1,0,winter,9125,,,,
NYC,hour,2025-01-28 09:00:00,2025-01-28,9,1,0,winter,5873,,,,
NYC,hour,2025-01-28 10:00:00,2025-01-28,10,1,0,winter,3618,,,,
NYC,hour,2025-01-28 11:00:00,2025-01-28,11,1,0,winter,3364,,,,
NYC,hour,2025-01-28 12:00:00,2025-01-28,12,1,0,winter,3612,,,,
NYC,hour,2025-01-28 13:00:00,2025-01-28,13,1,0,winter,3867,,,,
NYC,hour,2025-01-28 14:00:00,2025-01-28,14,1,0,winter,4479,,,,
NYC,hour,2025-01-28 15:00:00,2025-01-28,15,1,0,winter,5198,,,,
NYC,hour,2025-01-28 16:00:00,2025-01-28,16,1,0,winter,6436,,,,
NYC,hour,2025-01-28 17:00:00,2025-01-28,17,1,0,winter,9116,,,,
NYC,hour,2025-01-28 18:00:00,2025-01-28,18,1,0,winter,8232,,,,
NYC,hour,2025-01-28 19:00:00,2025-01-28,19,1,0,winter,5883,,,,
NYC,hour,2025-01-28 20:00:00,2025-01-28,20,1,0,winter,4083,,,,
NYC,hour,2025-01-28 21:00:00,2025-01-28,21,1,0,winter,3017,,,,
NYC,hour,2025-01-28 22:00:00,2025-01-28,22,1,0,winter,2156,,,,
NYC,hour,2025-01-28 23:00:00,2025-01-28,23,1,0,winter,1390,,,,
NYC,hour,2025-01-29 00:00:00,2025-01-29,0,2,0,winter,777,,,,
NYC,hour,2025-01-29 01:00:00,2025-01-29,1,2,0,winter,351,,,,
NYC,hour,2025-01-29 02:00:00,2025-01-29,2,2,0,winter,218,,,,
NYC,hour,2025-01-29 03:00:00,2025-01-29,3,2,0,winter,124,,,,
NYC,hour,2025-01-29 04:00:00,2025-01-29,4,2,0,winter,251,,,,
NYC,hour,2025-01-29 05:00:00,2025-01-29,5,2,0,winter,916,,,,
NYC,hour,2025-01-29 06:00:00,2025-01-29,6,2,0,winter,2649,,,,
NYC,hour,2025-01-29 07:00:00,2025-01-29,7,2,0,winter,5001,,,,
NYC,hour,2025-01-29 08:00:00,2025-01-29,8,2,0,winter,8147,,,,
NYC,hour,2025-01-29 09:00:00,2025-01-29,9,2,0,winter,6265,,,,
NYC,hour,2025-01-29 10:00:00,2025-01-29,10,2,0,winter,4095,,,,
NYC,hour,2025-01-29 11:00:00,2025-01-29,11,2,0,winter,3927,,,,
NYC,hour,2025-01-29 12:00:00,2025-01-29,12,2,0,winter,4319,,,,
NYC,hour,2025-01-29 13:00:00,2025-01-29,13,2,0,winter,4682,,,,
NYC,hour,2025-01-29 14:00:00,2025-01-29,14,2,0,winter,4799,,,,
NYC,hour,2025-01-29 15:00:00,2025-01-29,15,2,0,winter,5236,,,,
NYC,hour,2025-01-29 16:00:00,2025-01-29,16,2,0,winter,6457,,,,
NYC,hour,2025-01-29 17:00:00,2025-01-29,17,2,0,winter,9361,,,,
NYC,hour,2025-01-29 18:00:00,2025-01-29,18,2,0,winter,8593,,,,
NYC,hour,2025-01-29 19:00:00,2025-01-29,19,2,0,winter,5981,,,,
NYC,hour,2025-01-29 20:00:00,2025-01-29,20,2,0,winter,3874,,,,
NYC,hour,2025-01-29 21:00:00,2025-01-29,21,2,0,winter,2886,,,,
NYC,hour,2025-01-29 22:00:00,2025-01-29,22,2,0,winter,2136,,,,
NYC,hour,2025-01-29 23:00:00,2025-01-29,23,2,0,winter,1243,,,,
NYC,hour,2025-01-30 00:00:00,2025-01-30,0,3,0,winter,625,,,,
NYC,hour,2025-01-30 01:00:00,2025-01-30,1,3,0,winter,269,,,,
NYC,hour,2025-01-30 02:00:00,2025-01-30,2,3,0,winter,196,,,,
NYC,hour,2025-01-30 03:00:00,2025-01-30,3,3,0,winter,153,,,,
NYC,hour,2025-01-30 04:00:00,2025-01-30,4,3,0,winter,240,,,,
NYC,hour,2025-01-30 05:00:00,2025-01-30,5,3,0,winter,838,,,,
NYC,hour,2025-01-30 06:00:00,2025-01-30,6,3,0,winter,2512,,,,
NYC,hour,2025-01-30 07:00:00,2025-01-30,7,3,0,winter,5384,,,,
NYC,hour,2025-01-30 08:00:00,2025-01-30,8,3,0,winter,8270,,,,
NYC,hour,2025-01-30 09:00:00,2025-01-30,9,3,0,winter,5676,,,,
NYC,hour,2025-01-30 10:00:00,2025-01-30,10,3,0,winter,3641,,,,
NYC,hour,2025-01-30 11:00:00,2025-01-30,11,3,0,winter,3177,,,,
NYC,hour,2025-01-30 12:00:00,2025-01-30,12,3,0,winter,3686,,,,
NYC,hour,2025-01-30 13:00:00,2025-01-30,13,3,0,winter,3881,,,,
NYC,hour,2025-01-30 14:00:00,2025-01-30,14,3,0,winter,4586,,,,
NYC,hour,2025-01-30 15:00:00,2025-01-30,15,3,0,winter,5253,,,,
NYC,hour,2025-01-30 16:00:00,2025-01-30,16,3,0,winter,6210,,,,
NYC,hour,2025-01-30 17:00:00,2025-01-30,17,3,0,winter,8510,,,,
NYC,hour,2025-01-30 18:00:00,2025-01-30,18,3,0,winter,7940,,,,
NYC,hour,2025-01-30 19:00:00,2025-01-30,19,3,0,winter,5657,,,,
NYC,hour,2025-01-30 20:00:00,2025-01-30,20,3,0,winter,4035,,,,
NYC,hour,2025-01-30 21:00:00,2025-01-30,21,3,0,winter,2894,,,,
NYC,hour,2025-01-30 22:00:00,2025-01-30,22,3,0,winter,2362,,,,
NYC,hour,2025-01-30 23:00:00,2025-01-30,23,3,0,winter,1633,,,,
NYC,hour,2025-01-31 00:00:00,2025-01-31,0,4,0,winter,912,,,,
NYC,hour,2025-01-31 01:00:00,2025-01-31,1,4,0,winter,537,,,,
NYC,hour,2025-01-31 02:00:00,2025-01-31,2,4,0,winter,340,,,,
NYC,hour,2025-01-31 03:00:00,2025-01-31,3,4,0,winter,222,,,,
NYC,hour,2025-01-31 04:00:00,2025-01-31,4,4,0,winter,251,,,,
NYC,hour,2025-01-31 05:00:00,2025-01-31,5,4,0,winter,644,,,,
NYC,hour,2025-01-31 06:00:00,2025-01-31,6,4,0,winter,1858,,,,
NYC,hour,2025-01-31 07:00:00,2025-01-31,7,4,0,winter,4442,,,,
NYC,hour,2025-01-31 08:00:00,2025-01-31,8,4,0,winter,5153,,,,
NYC,hour,2025-01-31 09:00:00,2025-01-31,9,4,0,winter,4620,,,,
NYC,hour,2025-01-31 10:00:00,2025-01-31,10,4,0,winter,3554,,,,
NYC,hour,2025-01-31 11:00:00,2025-01-31,11,4,0,winter,3724,,,,
NYC,hour,2025-01-31 12:00:00,2025-01-31,12,4,0,winter,4319,,,,
NYC,hour,2025-01-31 13:00:00,2025-01-31,13,4,0,winter,4541,,,,
NYC,hour,2025-01-31 14:00:00,2025-01-31,14,4,0,winter,4939,,,,
NYC,hour,2025-01-31 15:00:00,2025-01-31,15,4,0,winter,4872,,,,
NYC,hour,2025-01-31 16:00:00,2025-01-31,16,4,0,winter,5541,,,,
NYC,hour,2025-01-31 17:00:00,2025-01-31,17,4,0,winter,3971,,,,
NYC,hour,2025-01-31 18:00:00,2025-01-31,18,4,0,winter,3789,,,,
NYC,hour,2025-01-31 19:00:00,2025-01-31,19,4,0,winter,3355,,,,
NYC,hour,2025-01-31 20:00:00,2025-01-31,20,4,0,winter,2756,,,,
NYC,hour,2025-01-31 21:00:00,2025-01-31,21,4,0,winter,1908,,,,
NYC,hour,2025-01-31 22:00:00,2025-01-31,22,4,0,winter,1480,,,,
NYC,hour,2025-01-31 23:00:00,2025-01-31,23,4,0,winter,1654,,,,
NYC,hour,2025-02-01 00:00:00,2025-02-01,0,5,1,winter,1535,,,,
NYC,hour,2025-02-01 01:00:00,2025-02-01,1,5,1,winter,1071,,,,
NYC,hour,2025-02-01 02:00:00,2025-02-01,2,5,1,winter,765,,,,
NYC,hour,2025-02-01 03:00:00,2025-02-01,3,5,1,winter,491,,,,
NYC,hour,2025-02-01 04:00:00,2025-02-01,4,5,1,winter,335,,,,
NYC,hour,2025-02-01 05:00:00,2025-02-01,5,5,1,winter,366,,,,
NYC,hour,2025-02-01 06:00:00,2025-02-01,6,5,1,winter,661,,,,
NYC,hour,2025-02-01 07:00:00,2025-02-01,7,5,1,winter,1321,,,,
NYC,hour,2025-02-01 08:00:00,2025-02-01,8,5,1,winter,2451,,,,
NYC,hour,2025-02-01 09:00:00,2025-02-01,9,5,1,winter,3666,,,,
NYC,hour,2025-02-01 10:00:00,2025-02-01,10,5,1,winter,4629,,,,
NYC,hour,2025-02-01 11:00:00,2025-02-01,11,5,1,winter,5371,,,,
NYC,hour,2025-02-01 12:00:00,2025-02-01,12,5,1,winter,5899,,,,
NYC,hour,2025-02-01 13:00:00,2025-02-01,13,5,1,winter,6098,,,,
NYC,hour,2025-02-01 14:00:00,2025-02-01,14,5,1,winter,5995,,,,
NYC,hour,2025-02-01 15:00:00,2025-02-01,15,5,1,winter,5828,,,,
NYC,hour,2025-02-01 16:00:00,2025-02-01,16,5,1,winter,5473,,,,
NYC,hour,2025-02-01 17:00:00,2025-02-01,17,5,1,winter,4779,,,,
NYC,hour,2025-02-01 18:00:00,2025-02-01,18,5,1,winter,4237,,,,
NYC,hour,2025-02-01 19:00:00,2025-02-01,19,5,1,winter,3601,,,,
NYC,hour,2025-02-01 20:00:00,2025-02-01,20,5,1,winter,2450,,,,
NYC,hour,2025-02-01 21:00:00,2025-02-01,21,5,1,winter,1926,,,,
NYC,hour,2025-02-01 22:00:00,2025-02-01,22,5,1,winter,1639,,,,
NYC,hour,2025-02-01 23:00:00,2025-02-01,23,5,1,winter,1617,,,,
NYC,hour,2025-02-02 00:00:00,2025-02-02,0,6,1,winter,1189,,,,
NYC,hour,2025-02-02 01:00:00,2025-02-02,1,6,1,winter,723,,,,
NYC,hour,2025-02-02 02:00:00,2025-02-02,2,6,1,winter,499,,,,
NYC,hour,2025-02-02 03:00:00,2025-02-02,3,6,1,winter,290,,,,
NYC,hour,2025-02-02 04:00:00,2025-02-02,4,6,1,winter,206,,,,
NYC,hour,2025-02-02 05:00:00,2025-02-02,5,6,1,winter,220,,,,
NYC,hour,2025-02-02 06:00:00,2025-02-02,6,6,1,winter,505,,,,
NYC,hour,2025-02-02 07:00:00,2025-02-02,7,6,1,winter,987,,,,
NYC,hour,2025-02-02 08:00:00,2025-02-02,8,6,1,winter,1521,,,,
NYC,hour,2025-02-02 09:00:00,2025-02-02,9,6,1,winter,2588,,,,
NYC,hour,2025-02-02 10:00:00,2025-02-02,10,6,1,winter,3436,,,,
NYC,hour,2025-02-02 11:00:00,2025-02-02,11,6,1,winter,4170,,,,
NYC,hour,2025-02-02 12:00:00,2025-02-02,12,6,1,winter,4384,,,,
NYC,hour,2025-02-02 13:00:00,2025-02-02,13,6,1,winter,4491,,,,
NYC,hour,2025-02-02 14:00:00,2025-02-02,14,6,1,winter,4647,,,,
NYC,hour,2025-02-02 15:00:00,2025-02-02,15,6,1,winter,4485,,,,
NYC,hour,2025-02-02 16:00:00,2025-02-02,16,6,1,winter,4467,,,,
NYC,hour,2025-02-02 17:00:00,2025-02-02,17,6,1,winter,3834,,,,
NYC,hour,2025-02-02 18:00:00,2025-02-02,18,6,1,winter,3215,,,,
NYC,hour,2025-02-02 19:00:00,2025-02-02,19,6,1,winter,2039,,,,
NYC,hour,2025-02-02 20:00:00,2025-02-02,20,6,1,winter,1273,,,,
NYC,hour,2025-02-02 21:00:00,2025-02-02,21,6,1,winter,892,,,,
NYC,hour,2025-02-02 22:00:00,2025-02-02,22,6,1,winter,659,,,,
NYC,hour,2025-02-02 23:00:00,2025-02-02,23,6,1,winter,553,,,,
NYC,hour,2025-02-03 00:00:00,2025-02-03,0,0,0,winter,401,,,,
NYC,hour,2025-02-03 01:00:00,2025-02-03,1,0,0,winter,179,,,,
NYC,hour,2025-02-03 02:00:00,2025-02-03,2,0,0,winter,138,,,,
NYC,hour,2025-02-03 03:00:00,2025-02-03,3,0,0,winter,89,,,,
NYC,hour,2025-02-03 04:00:00,2025-02-03,4,0,0,winter,205,,,,
NYC,hour,2025-02-03 05:00:00,2025-02-03,5,0,0,winter,772,,,,
NYC,hour,2025-02-03 06:00:00,2025-02-03,6,0,0,winter,2138,,,,
NYC,hour,2025-02-03 07:00:00,2025-02-03,7,0,0,winter,4643,,,,
NYC,hour,2025-02-03 08:00:00,2025-02-03,8,0,0,winter,7060,,,,
NYC,hour,2025-02-03 09:00:00,2025-02-03,9,0,0,winter,4983,,,,
NYC,hour,2025-02-03 10:00:00,2025-02-03,10,0,0,winter,3072,,,,
NYC,hour,2025-02-03 11:00:00,2025-02-03,11,0,0,winter,3045,,,,
NYC,hour,2025-02-03 12:00:00,2025-02-03,12,0,0,winter,3410,,,,
NYC,hour,2025-02-03 13:00:00,2025-02-03,13,0,0,winter,3900,,,,
NYC,hour,2025-02-03 14:00:00,2025-02-03,14,0,0,winter,4725,,,,
NYC,hour,2025-02-03 15:00:00,2025-02-03,15,0,0,winter,5835,,,,
NYC,hour,2025-02-03 16:00:00,2025-02-03,16,0,0,winter,6923,,,,
NYC,hour,2025-02-03 17:00:00,2025-02-03,17,0,0,winter,9219,,,,
NYC,hour,2025-02-03 18:00:00,2025-02-03,18,0,0,winter,8453,,,,
NYC,hour,2025-02-03 19:00:00,2025-02-03,19,0,0,winter,5962,,,,
NYC,hour,2025-02-03 20:00:00,2025-02-03,20,0,0,winter,4267,,,,
NYC,hour,2025-02-03 21:00:00,2025-02-03,21,0,0,winter,3029,,,,
NYC,hour,2025-02-03 22:00:00,2025-02-03,22,0,0,winter,2218,,,,
NYC,hour,2025-02-03 23:00:00,2025-02-03,23,0,0,winter,1338,,,,
NYC,hour,2025-02-04 00:00:00,2025-02-04,0,1,0,winter,679,,,,
NYC,hour,2025-02-04 01:00:00,2025-02-04,1,1,0,winter,297,,,,
NYC,hour,2025-02-04 02:00:00,2025-02-04,2,1,0,winter,212,,,,
NYC,hour,2025-02-04 03:00:00,2025-02-04,3,1,0,winter,138,,,,
NYC,hour,2025-02-04 04:00:00,2025-02-04,4,1,0,winter,248,,,,
NYC,hour,2025-02-04 05:00:00,2025-02-04,5,1,0,winter,1091,,,,
NYC,hour,2025-02-04 06:00:00,2025-02-04,6,1,0,winter,3080,,,,
NYC,hour,2025-02-04 07:00:00,2025-02-04,7,1,0,winter,6685,,,,
NYC,hour,2025-02-04 08:00:00,2025-02-04,8,1,0,winter,10027,,,,
NYC,hour,2025-02-04 09:00:00,2025-02-04,9,1,0,winter,6468,,,,
NYC,hour,2025-02-04 10:00:00,2025-02-04,10,1,0,winter,3965,,,,
NYC,hour,2025-02-04 11:00:00,2025-02-04,11,1,0,winter,3664,,,,
NYC,hour,2025-02-04 12:00:00,2025-02-04,12,1,0,winter,3850,,,,
NYC,hour,2025-02-04 13:00:00,2025-02-04,13,1,0,winter,4175,,,,
NYC,hour,2025-02-04 14:00:00,2025-02-04,14,1,0,winter,4647,,,,
NYC,hour,2025-02-04 15:00:00,2025-02-04,15,1,0,winter,5529,,,,
NYC,hour,2025-02-04 16:00:00,2025-02-04,16,1,0,winter,6552,,,,
NYC,hour,2025-02-04 17:00:00,2025-02-04,17,1,0,winter,9549,,,,
NYC,hour,2025-02-04 18:00:00,2025-02-04,18,1,0,winter,8253,,,,
NYC,hour,2025-02-04 19:00:00,2025-02-04,19,1,0,winter,5535,,,,
NYC,hour,2025-02-04 20:00:00,2025-02-04,20,1,0,winter,3897,,,,
NYC,hour,2025-02-04 21:00:00,2025-02-04,21,1,0,winter,2906,,,,
NYC,hour,2025-02-04 22:00:00,2025-02-04,22,1,0,winter,2074,,,,
NYC,hour,2025-02-04 23:00:00,2025-02-04,23,1,0,winter,1187,,,,
NYC,hour,2025-02-05 00:00:00,2025-02-05,0,2,0,winter,621,,,,
NYC,hour,2025-02-05 01:00:00,2025-02-05,1,2,0,winter,285,,,,
NYC,hour,2025-02-05 02:00:00,2025-02-05,2,2,0,winter,195,,,,
NYC,hour,2025-02-05 03:00:00,2025-02-05,3,2,0,winter,102,,,,
NYC,hour,2025-02-05 04:00:00,2025-02-05,4,2,0,winter,250,,,,
NYC,hour,2025-02-05 05:00:00,2025-02-05,5,2,0,winter,905,,,,
NYC,hour,2025-02-05 06:00:00,2025-02-05,6,2,0,winter,2562,,,,
NYC,hour,2025-02-05 07:00:00,2025-02-05,7,2,0,winter,5447,,,,
NYC,hour,2025-02-05 08:00:00,2025-02-05,8,2,0,winter,8665,,,,
NYC,hour,2025-02-05 09:00:00,2025-02-05,9,2,0,winter,5714,,,,
NYC,hour,2025-02-05 10:00:00,2025-02-05,10,2,0,winter,3463,,,,
NYC,hour,2025-02-05 11:00:00,2025-02-05,11,2,0,winter,3258,,,,
NYC,hour,2025-02-05 12:00:00,2025-02-05,12,2,0,winter,3722,,,,
NYC,hour,2025-02-05 13:00:00,2025-02-05,13,2,0,winter,3956,,,,
NYC,hour,2025-02-05 14:00:00,2025-02-05,14,2,0,winter,4555,,,,
NYC,hour,2025-02-05 15:00:00,2025-02-05,15,2,0,winter,5429,,,,
NYC,hour,2025-02-05 16:00:00,2025-02-05,16,2,0,winter,6527,,,,
NYC,hour,2025-02-05 17:00:00,2025-02-05,17,2,0,winter,8880,,,,
NYC,hour,2025-02-05 18:00:00,2025-02-05,18,2,0,winter,7957,,,,
NYC,hour,2025-02-05 19:00:00,2025-02-05,19,2,0,winter,5669,,,,
NYC,hour,2025-02-05 20:00:00,2025-02-05,20,2,0,winter,3991,,,,
NYC,hour,2025-02-05 21:00:00,2025-02-05,21,2,0,winter,2876,,,,
NYC,hour,2025-02-05 22:00:00,2025-02-05,22,2,0,winter,2275,,,,
NYC,hour,2025-02-05 23:00:00,2025-02-05,23,2,0,winter,1384,,,,
NYC,hour,2025-02-06 00:00:00,2025-02-06,0,3,0,winter,686,,,,
NYC,hour,2025-02-06 01:00:00,2025-02-06,1,3,0,winter,321,,,,
NYC,hour,2025-02-06 02:00:00,2025-02-06,2,3,0,winter,204,,,,
NYC,hour,2025-02-06 03:00:00,2025-02-06,3,3,0,winter,142,,,,
NYC,hour,2025-02-06 04:00:00,2025-02-06,4,3,0,winter,179,,,,
NYC,hour,2025-02-06 05:00:00,2025-02-06,5,3,0,winter,571,,,,
NYC,hour,2025-02-06 06:00:00,2025-02-06,6,3,0,winter,1138,,,,
NYC,hour,2025-02-06 07:00:00,2025-02-06,7,3,0,winter,2064,,,,
NYC,hour,2025-02-06 08:00:00,2025-02-06,8,3,0,winter,3060,,,,
NYC,hour,2025-02-06 09:00:00,2025-02-06,9,3,0,winter,2168,,,,
NYC,hour,2025-02-06 10:00:00,2025-02-06,10,3,0,winter,1462,,,,
NYC,hour,2025-02-06 11:00:00,2025-02-06,11,3,0,winter,1639,,,,
NYC,hour,2025-02-06 12:00:00,2025-02-06,12,3,0,winter,1587,,,,
NYC,hour,2025-02-06 13:00:00,2025-02-06,13,3,0,winter,2128,,,,
NYC,hour,2025-02-06 14:00:00,2025-02-06,14,3,0,winter,2997,,,,
NYC,hour,2025-02-06 15:00:00,2025-02-06,15,3,0,winter,3870,,,,
NYC,hour,2025-02-06 16:00:00,2025-02-06,16,3,0,winter,4914,,,,
NYC,hour,2025-02-06 17:00:00,2025-02-06,17,3,0,winter,6932,,,,
NYC,hour,2025-02-06 18:00:00,2025-02-06,18,3,0,winter,6574,,,,
NYC,hour,2025-02-06 19:00:00,2025-02-06,19,3,0,winter,4898,,,,
NYC,hour,2025-02-06 20:00:00,2025-02-06,20,3,0,winter,3648,,,,
NYC,hour,2025-02-06 21:00:00,2025-02-06,21,3,0,winter,2797,,,,
NYC,hour,2025-02-06 22:00:00,2025-02-06,22,3,0,winter,2119,,,,
NYC,hour,2025-02-06 23:00:00,2025-02-06,23,3,0,winter,1690,,,,
NYC,hour,2025-02-07 00:00:00,2025-02-07,0,4,0,winter,916,,,,
NYC,hour,2025-02-07 01:00:00,2025-02-07,1,4,0,winter,487,,,,
NYC,hour,2025-02-07 02:00:00,2025-02-07,2,4,0,winter,293,,,,
NYC,hour,2025-02-07 03:00:00,2025-02-07,3,4,0,winter,201,,,,
NYC,hour,2025-02-07 04:00:00,2025-02-07,4,4,0,winter,254,,,,
NYC,hour,2025-02-07 05:00:00,2025-02-07,5,4,0,winter,859,,,,
NYC,hour,2025-02-07 06:00:00,2025-02-07,6,4,0,winter,2209,,,,
NYC,hour,2025-02-07 07:00:00,2025-02-07,7,4,0,winter,5181,,,,
NYC,hour,2025-02-07 08:00:00,2025-02-07,8,4,0,winter,7365,,,,
NYC,hour,2025-02-07 09:00:00,2025-02-07,9,4,0,winter,5626,,,,
NYC,hour,2025-02-07 10:00:00,2025-02-07,10,4,0,winter,4134,,,,
NYC,hour,2025-02-07 11:00:00,2025-02-07,11,4,0,winter,4061,,,,
NYC,hour,2025-02-07 12:00:00,2025-02-07,12,4,0,winter,4512,,,,
NYC,hour,2025-02-07 13:00:00,2025-02-07,13,4,0,winter,4956,,,,
NYC,hour,2025-02-07 14:00:00,2025-02-07,14,4,0,winter,5296,,,,
NYC,hour,2025-02-07 15:00:00,2025-02-07,15,4,0,winter,5961,,,,
NYC,hour,2025-02-07 16:00:00,2025-02-07,16,4,0,winter,6818,,,,
NYC,hour,2025-02-07 17:00:00,2025-02-07,17,4,0,winter,7640,,,,
NYC,hour,2025-02-07 18:00:00,2025-02-07,18,4,0,winter,6630,,,,
NYC,hour,2025-02-07 19:00:00,2025-02-07,19,4,0,winter,5113,,,,
NYC,hour,2025-02-07 20:00:00,2025-02-07,20,4,0,winter,3496,,,,
NYC,hour,2025-02-07 21:00:00,2025-02-07,21,4,0,winter,2542,,,,
NYC,hour,2025-02-07 22:00:00,2025-02-07,22,4,0,winter,2347,,,,
NYC,hour,2025-02-07 23:00:00,2025-02-07,23,4,0,winter,1711,,,,
NYC,hour,2025-02-08 00:00:00,2025-02-08,0,5,1,winter,1387,,,,
NYC,hour,2025-02-08 01:00:00,2025-02-08,1,5,1,winter,925,,,,
NYC,hour,2025-02-08 02:00:00,2025-02-08,2,5,1,winter,597,,,,
NYC,hour,2025-02-08 03:00:00,2025-02-08,3,5,1,winter,343,,,,
NYC,hour,2025-02-08 04:00:00,2025-02-08,4,5,1,winter,265,,,,
NYC,hour,2025-02-08 05:00:00,2025-02-08,5,5,1,winter,288,,,,
NYC,hour,2025-02-08 06:00:00,2025-02-08,6,5,1,winter,625,,,,
NYC,hour,2025-02-08 07:00:00,2025-02-08,7,5,1,winter,1301,,,,
NYC,hour,2025-02-08 08:00:00,2025-02-08,8,5,1,winter,2450,,,,
NYC,hour,2025-02-08 09:00:00,2025-02-08,9,5,1,winter,3519,,,,
NYC,hour,2025-02-08 10:00:00,2025-02-08,10,5,1,winter,4589,,,,
NYC,hour,2025-02-08 11:00:00,2025-02-08,11,5,1,winter,5134,,,,
NYC,hour,2025-02-08 12:00:00,2025-02-08,12,5,1,winter,5637,,,,
NYC,hour,2025-02-08 13:00:00,2025-02-08,13,5,1,winter,5675,,,,
NYC,hour,2025-02-08 14:00:00,2025-02-08,14,5,1,winter,5721,,,,
NYC,hour,2025-02-08 15:00:00,2025-02-08,15,5,1,winter,5573,,,,
NYC,hour,2025-02-08 16:00:00,2025-02-08,16,5,1,winter,5265,,,,
NYC,hour,2025-02-08 17:00:00,2025-02-08,17,5,1,winter,4733,,,,
NYC,hour,2025-02-08 18:00:00,2025-02-08,18,5,1,winter,4349,,,,
NYC,hour,2025-02-08 19:00:00,2025-02-08,19,5,1,winter,3339,,,,
NYC,hour,2025-02-08 20:00:00,2025-02-08,20,5,1,winter,1140,,,,
NYC,hour,2025-02-08 21:00:00,2025-02-08,21,5,1,winter,511,,,,
NYC,hour,2025-02-08 22:00:00,2025-02-08,22,5,1,winter,486,,,,
NYC,hour,2025-02-08 23:00:00,2025-02-08,23,5,1,winter,377,,,,
NYC,hour,2025-02-09 00:00:00,2025-02-09,0,6,1,winter,307,,,,
NYC,hour,2025-02-09 01:00:00,2025-02-09,1,6,1,winter,289,,,,
NYC,hour,2025-02-09 02:00:00,2025-02-09,2,6,1,winter,179,,,,
NYC,hour,2025-02-09 03:00:00,2025-02-09,3,6,1,winter,144,,,,
NYC,hour,2025-02-09 04:00:00,2025-02-09,4,6,1,winter,140,,,,
NYC,hour,2025-02-09 05:00:00,2025-02-09,5,6,1,winter,116,,,,
NYC,hour,2025-02-09 06:00:00,2025-02-09,6,6,1,winter,253,,,,
NYC,hour,2025-02-09 07:00:00,2025-02-09,7,6,1,winter,405,,,,
NYC,hour,2025-02-09 08:00:00,2025-02-09,8,6,1,winter,699,,,,
NYC,hour,2025-02-09 09:00:00,2025-02-09,9,6,1,winter,1262,,,,
NYC,hour,2025-02-09 10:00:00,2025-02-09,10,6,1,winter,1682,,,,
NYC,hour,2025-02-09 11:00:00,2025-02-09,11,6,1,winter,2048,,,,
NYC,hour,2025-02-09 12:00:00,2025-02-09,12,6,1,winter,2311,,,,
NYC,hour,2025-02-09 13:00:00,2025-02-09,13,6,1,winter,2526,,,,
NYC,hour,2025-02-09 14:00:00,2025-02-09,14,6,1,winter,2593,,,,
NYC,hour,2025-02-09 15:00:00,2025-02-09,15,6,1,winter,2850,,,,
NYC,hour,2025-02-09 16:00:00,2025-02-09,16,6,1,winter,3108,,,,
NYC,hour,2025-02-09 17:00:00,2025-02-09,17,6,1,winter,3748,,,,
NYC,hour,2025-02-09 18:00:00,2025-02-09,18,6,1,winter,3486,,,,
NYC,hour,2025-02-09 19:00:00,2025-02-09,19,6,1,winter,1717,,,,
NYC,hour,2025-02-09 20:00:00,2025-02-09,20,6,1,winter,1197,,,,
NYC,hour,2025-02-09 21:00:00,2025-02-09,21,6,1,winter,1440,,,,
NYC,hour,2025-02-09 22:00:00,2025-02-09,22,6,1,winter,2435,,,,
NYC,hour,2025-02-09 23:00:00,2025-02-09,23,6,1,winter,1160,,,,
NYC,hour,2025-02-10 00:00:00,2025-02-10,0,0,0,winter,463,,,,
NYC,hour,2025-02-10 01:00:00,2025-02-10,1,0,0,winter,221,,,,
NYC,hour,2025-02-10 02:00:00,2025-02-10,2,0,0,winter,128,,,,
NYC,hour,2025-02-10 03:00:00,2025-02-10,3,0,0,winter,116,,,,
NYC,hour,2025-02-10 04:00:00,2025-02-10,4,0,0,winter,182,,,,
NYC,hour,2025-02-10 05:00:00,2025-02-10,5,0,0,winter,710,,,,
NYC,hour,2025-02-10 06:00:00,2025-02-10,6,0,0,winter,1915,,,,
NYC,hour,2025-02-10 07:00:00,2025-02-10,7,0,0,winter,4108,,,,
NYC,hour,2025-02-10 08:00:00,2025-02-10,8,0,0,winter,6247,,,,
NYC,hour,2025-02-10 09:00:00,2025-02-10,9,0,0,winter,4317,,,,
NYC,hour,2025-02-10 10:00:00,2025-02-10,10,0,0,winter,2648,,,,
NYC,hour,2025-02-10 11:00:00,2025-02-10,11,0,0,winter,2635,,,,
NYC,hour,2025-02-10 12:00:00,2025-02-10,12,0,0,winter,3032,,,,
NYC,hour,2025-02-10 13:00:00,2025-02-10,13,0,0,winter,3228,,,,
NYC,hour,2025-02-10 14:00:00,2025-02-10,14,0,0,winter,3691,,,,
NYC,hour,2025-02-10 15:00:00,2025-02-10,15,0,0,winter,4357,,,,
NYC,hour,2025-02-10 16:00:00,2025-02-10,16,0,0,winter,5606,,,,
NYC,hour,2025-02-10 17:00:00,2025-02-10,17,0,0,winter,7519,,,,
NYC,hour,2025-02-10 18:00:00,2025-02-10,18,0,0,winter,6570,,,,
NYC,hour,2025-02-10 19:00:00,2025-02-10,19,0,0,winter,4494,,,,
NYC,hour,2025-02-10 20:00:00,2025-02-10,20,0,0,winter,3149,,,,
NYC,hour,2025-02-10 21:00:00,2025-02-10,21,0,0,winter,2106,,,,
NYC,hour,2025-02-10 22:00:00,2025-02-10,22,0,0,winter,1471,,,,
NYC,hour,2025-02-10 23:00:00,2025-02-10,23,0,0,winter,896,,,,
NYC,hour,2025-02-11 00:00:00,2025-02-11,0,1,0,winter,492,,,,
NYC,hour,2025-02-11 01:00:00,2025-02-11,1,1,0,winter,202,,,,
NYC,hour,2025-02-11 02:00:00,2025-02-11,2,1,0,winter,157,,,,
NYC,hour,2025-02-11 03:00:00,2025-02-11,3,1,0,winter,96,,,,
NYC,hour,2025-02-11 04:00:00,2025-02-11,4,1,0,winter,221,,,,
NYC,hour,2025-02-11 05:00:00,2025-02-11,5,1,0,winter,876,,,,
NYC,hour,2025-02-11 06:00:00,2025-02-11,6,1,0,winter,2405,,,,
NYC,hour,2025-02-11 07:00:00,2025-02-11,7,1,0,winter,5101,,,,
NYC,hour,2025-02-11 08:00:00,2025-02-11,8,1,0,winter,7737,,,,
NYC,hour,2025-02-11 09:00:00,2025-02-11,9,1,0,winter,5138,,,,
NYC,hour,2025-02-11 10:00:00,2025-02-11,10,1,0,winter,3247,,,,
NYC,hour,2025-02-11 11:00:00,2025-02-11,11,1,0,winter,2880,,,,
NYC,hour,2025-02-11 12:00:00,2025-02-11,12,1,0,winter,3386,,,,
NYC,hour,2025-02-11 13:00:00,2025-02-11,13,1,0,winter,3386,,,,
NYC,hour,2025-02-11 14:00:00,2025-02-11,14,1,0,winter,3853,,,,
NYC,hour,2025-02-11 15:00:00,2025-02-11,15,1,0,winter,4700,,,,
NYC,hour,2025-02-11 16:00:00,2025-02-11,16,1,0,winter,5648,,,,
NYC,hour,2025-02-11 17:00:00,2025-02-11,17,1,0,winter,7956,,,,
NYC,hour,2025-02-11 18:00:00,2025-02-11,18,1,0,winter,7257,,,,
NYC,hour,2025-02-11 19:00:00,2025-02-11,19,1,0,winter,4896,,,,
NYC,hour,2025-02-11 20:00:00,2025-02-11,20,1,0,winter,2477,,,,
NYC,hour,2025-02-11 21:00:00,2025-02-11,21,1,0,winter,1556,,,,
NYC,hour,2025-02-11 22:00:00,2025-02-11,22,1,0,winter,879,,,,
NYC,hour,2025-02-11 23:00:00,2025-02-11,23,1,0,winter,487,,,,
NYC,hour,2025-02-12 00:00:00,2025-02-12,0,2,0,winter,250,,,,
NYC,hour,2025-02-12 01:00:00,2025-02-12,1,2,0,winter,142,,,,
NYC,hour,2025-02-12 02:00:00,2025-02-12,2,2,0,winter,86,,,,
NYC,hour,2025-02-12 03:00:00,2025-02-12,3,2,0,winter,65,,,,
NYC,hour,2025-02-12 04:00:00,2025-02-12,4,2,0,winter,159,,,,
NYC,hour,2025-02-12 05:00:00,2025-02-12,5,2,0,winter,604,,,,
NYC,hour,2025-02-12 06:00:00,2025-02-12,6,2,0,winter,1617,,,,
NYC,hour,2025-02-12 07:00:00,2025-02-12,7,2,0,winter,3515,,,,
NYC,hour,2025-02-12 08:00:00,2025-02-12,8,2,0,winter,5416,,,,
NYC,hour,2025-02-12 09:00:00,2025-02-12,9,2,0,winter,4063,,,,
NYC,hour,2025-02-12 10:00:00,2025-02-12,10,2,0,winter,2663,,,,
NYC,hour,2025-02-12 11:00:00,2025-02-12,11,2,0,winter,2477,,,,
NYC,hour,2025-02-12 12:00:00,2025-02-12,12,2,0,winter,2798,,,,
NYC,hour,2025-02-12 13:00:00,2025-02-12,13,2,0,winter,3092,,,,
NYC,hour,2025-02-12 14:00:00,2025-02-12,14,2,0,winter,3616,,,,
NYC,hour,2025-02-12 15:00:00,2025-02-12,15,2,0,winter,4189,,,,
NYC,hour,2025-02-12 16:00:00,2025-02-12,16,2,0,winter,5039,,,,
NYC,hour,2025-02-12 17:00:00,2025-02-12,17,2,0,winter,7319,,,,
NYC,hour,2025-02-12 18:00:00,2025-02-12,18,2,0,winter,6913,,,,
NYC,hour,2025-02-12 19:00:00,2025-02-12,19,2,0,winter,4740,,,,
NYC,hour,2025-02-12 20:00:00,2025-02-12,20,2,0,winter,3092,,,,
NYC,hour,2025-02-12 21:00:00,2025-02-12,21,2,0,winter,1834,,,,
NYC,hour,2025-02-12 22:00:00,2025-02-12,22,2,0,winter,1371,,,,
NYC,hour,2025-02-12 23:00:00,2025-02-12,23,2,0,winter,802,,,,
NYC,hour,2025-02-13 00:00:00,2025-02-13,0,3,0,winter,411,,,,
NYC,hour,2025-02-13 01:00:00,2025-02-13,1,3,0,winter,164,,,,
NYC,hour,2025-02-13 02:00:00,2025-02-13,2,3,0,winter,80,,,,
NYC,hour,2025-02-13 03:00:00,2025-02-13,3,3,0,winter,78,,,,
NYC,hour,2025-02-13 04:00:00,2025-02-13,4,3,0,winter,127,,,,
NYC,hour,2025-02-13 05:00:00,2025-02-13,5,3,0,winter,536,,,,
NYC,hour,2025-02-13 06:00:00,2025-02-13,6,3,0,winter,1548,,,,
NYC,hour,2025-02-13 07:00:00,2025-02-13,7,3,0,winter,3605,,,,
NYC,hour,2025-02-13 08:00:00,2025-02-13,8,3,0,winter,5596,,,,
NYC,hour,2025-02-13 09:00:00,2025-02-13,9,3,0,winter,4090,,,,
NYC,hour,2025-02-13 10:00:00,2025-02-13,10,3,0,winter,2602,,,,
NYC,hour,2025-02-13 11:00:00,2025-02-13,11,3,0,winter,2499,,,,
NYC,hour,2025-02-13 12:00:00,2025-02-13,12,3,0,winter,3106,,,,
NYC,hour,2025-02-13 13:00:00,2025-02-13,13,3,0,winter,3509,,,,
NYC,hour,2025-02-13 14:00:00,2025-02-13,14,3,0,winter,4064,,,,
NYC,hour,2025-02-13 15:00:00,2025-02-13,15,3,0,winter,4946,,,,
NYC,hour,2025-02-13 16:00:00,2025-02-13,16,3,0,winter,6269,,,,
NYC,hour,2025-02-13 17:00:00,2025-02-13,17,3,0,winter,8683,,,,
NYC,hour,2025-02-13 18:00:00,2025-02-13,18,3,0,winter,7980,,,,
NYC,hour,2025-02-13 19:00:00,2025-02-13,19,3,0,winter,5586,,,,
NYC,hour,2025-02-13 20:00:00,2025-02-13,20,3,0,winter,3898,,,,
NYC,hour,2025-02-13 21:00:00,2025-02-13,21,3,0,winter,2714,,,,
NYC,hour,2025-02-13 22:00:00,2025-02-13,22,3,0,winter,2029,,,,
NYC,hour,2025-02-13 23:00:00,2025-02-13,23,3,0,winter,1357,,,,
NYC,hour,2025-02-14 00:00:00,2025-02-14,0,4,0,winter,806,,,,
NYC,hour,2025-02-14 01:00:00,2025-02-14,1,4,0,winter,407,,,,
NYC,hour,2025-02-14 02:00:00,2025-02-14,2,4,0,winter,207,,,,
NYC,hour,2025-02-14 03:00:00,2025-02-14,3,4,0,winter,142,,,,
NYC,hour,2025-02-14 04:00:00,2025-02-14,4,4,0,winter,223,,,,
NYC,hour,2025-02-14 05:00:00,2025-02-14,5,4,0,winter,752,,,,
NYC,hour,2025-02-14 06:00:00,2025-02-14,6,4,0,winter,1901,,,,
NYC,hour,2025-02-14 07:00:00,2025-02-14,7,4,0,winter,4395,,,,
NYC,hour,2025-02-14 08:00:00,2025-02-14,8,4,0,winter,5948,,,,
NYC,hour,2025-02-14 09:00:00,2025-02-14,9,4,0,winter,4768,,,,
NYC,hour,2025-02-14 10:00:00,2025-02-14,10,4,0,winter,3547,,,,
NYC,hour,2025-02-14 11:00:00,2025-02-14,11,4,0,winter,3627,,,,
NYC,hour,2025-02-14 12:00:00,2025-02-14,12,4,0,winter,4403,,,,
NYC,hour,2025-02-14 13:00:00,2025-02-14,13,4,0,winter,4679,,,,
NYC,hour,2025-02-14 14:00:00,2025-02-14,14,4,0,winter,5358,,,,
NYC,hour,2025-02-14 15:00:00,2025-02-14,15,4,0,winter,5864,,,,
NYC,hour,2025-02-14 16:00:00,2025-02-14,16,4,0,winter,6359,,,,
NYC,hour,2025-02-14 17:00:00,2025-02-14,17,4,0,winter,7059,,,,
NYC,hour,2025-02-14 18:00:00,2025-02-14,18,4,0,winter,5524,,,,
NYC,hour,2025-02-14 19:00:00,2025-02-14,19,4,0,winter,3913,,,,
NYC,hour,2025-02-14 20:00:00,2025-02-14,20,4,0,winter,2599,,,,
NYC,hour,2025-02-14 21:00:00,2025-02-14,21,4,0,winter,1782,,,,
NYC,hour,2025-02-14 22:00:00,2025-02-14,22,4,0,winter,1577,,,,
NYC,hour,2025-02-14 23:00:00,2025-02-14,23,4,0,winter,1313,,,,
NYC,hour,2025-02-15 00:00:00,2025-02-15,0,5,1,winter,1052,,,,
NYC,hour,2025-02-15 01:00:00,2025-02-15,1,5,1,winter,739,,,,
NYC,hour,2025-02-15 02:00:00,2025-02-15,2,5,1,winter,525,,,,
NYC,hour,2025-02-15 03:00:00,2025-02-15,3,5,1,winter,340,,,,
NYC,hour,2025-02-15 04:00:00,2025-02-15,4,5,1,winter,278,,,,
NYC,hour,2025-02-15 05:00:00,2025-02-15,5,5,1,winter,301,,,,
NYC,hour,2025-02-15 06:00:00,2025-02-15,6,5,1,winter,586,,,,
NYC,hour,2025-02-15 07:00:00,2025-02-15,7,5,1,winter,1129,,,,
NYC,hour,2025-02-15 08:00:00,2025-02-15,8,5,1,winter,2004,,,,
NYC,hour,2025-02-15 09:00:00,2025-02-15,9,5,1,winter,3010,,,,
NYC,hour,2025-02-15 10:00:00,2025-02-15,10,5,1,winter,3884,,,,
NYC,hour,2025-02-15 11:00:00,2025-02-15,11,5,1,winter,4214,,,,
NYC,hour,2025-02-15 12:00:00,2025-02-15,12,5,1,winter,4781,,,,
NYC,hour,2025-02-15 13:00:00,2025-02-15,13,5,1,winter,4668,,,,
NYC,hour,2025-02-15 14:00:00,2025-02-15,14,5,1,winter,3553,,,,
NYC,hour,2025-02-15 15:00:00,2025-02-15,15,5,1,winter,2135,,,,
NYC,hour,2025-02-15 16:00:00,2025-02-15,16,5,1,winter,1649,,,,
NYC,hour,2025-02-15 17:00:00,2025-02-15,17,5,1,winter,1526,,,,
NYC,hour,2025-02-15 18:00:00,2025-02-15,18,5,1,winter,1396,,,,
NYC,hour,2025-02-15 19:00:00,2025-02-15,19,5,1,winter,1161,,,,
NYC,hour,2025-02-15 20:00:00,2025-02-15,20,5,1,winter,838,,,,
NYC,hour,2025-02-15 21:00:00,2025-02-15,21,5,1,winter,671,,,,
NYC,hour,2025-02-15 22:00:00,2025-02-15,22,5,1,winter,595,,,,
NYC,hour,2025-02-15 23:00:00,2025-02-15,23,5,1,winter,635,,,,
NYC,hour,2025-02-16 00:00:00,2025-02-16,0,6,1,winter,506,,,,
NYC,hour,2025-02-16 01:00:00,2025-02-16,1,6,1,winter,422,,,,
NYC,hour,2025-02-16 02:00:00,2025-02-16,2,6,1,winter,268,,,,
NYC,hour,2025-02-16 03:00:00,2025-02-16,3,6,1,winter,207,,,,
NYC,hour,2025-02-16 04:00:00,2025-02-16,4,6,1,winter,184,,,,
NYC,hour,2025-02-16 05:00:00,2025-02-16,5,6,1,winter,126,,,,
NYC,hour,2025-02-16 06:00:00,2025-02-16,6,6,1,winter,192,,,,
NYC,hour,2025-02-16 07:00:00,2025-02-16,7,6,1,winter,402,,,,
NYC,hour,2025-02-16 08:00:00,2025-02-16,8,6,1,winter,893,,,,
NYC,hour,2025-02-16 09:00:00,2025-02-16,9,6,1,winter,1427,,,,
NYC,hour,2025-02-16 10:00:00,2025-02-16,10,6,1,winter,1205,,,,
NYC,hour,2025-02-16 11:00:00,2025-02-16,11,6,1,winter,1754,,,,
NYC,hour,2025-02-16 12:00:00,2025-02-16,12,6,1,winter,1003,,,,
NYC,hour,2025-02-16 13:00:00,2025-02-16,13,6,1,winter,1229,,,,
NYC,hour,2025-02-16 14:00:00,2025-02-16,14,6,1,winter,2214,,,,
NYC,hour,2025-02-16 15:00:00,2025-02-16,15,6,1,winter,2738,,,,
NYC,hour,2025-02-16 16:00:00,2025-02-16,16,6,1,winter,2978,,,,
NYC,hour,2025-02-16 17:00:00,2025-02-16,17,6,1,winter,2185,,,,
NYC,hour,2025-02-16 18:00:00,2025-02-16,18,6,1,winter,2212,,,,
NYC,hour,2025-02-16 19:00:00,2025-02-16,19,6,1,winter,2222,,,,
NYC,hour,2025-02-16 20:00:00,2025-02-16,20,6,1,winter,1818,,,,
NYC,hour,2025-02-16 21:00:00,2025-02-16,21,6,1,winter,1385,,,,
NYC,hour,2025-02-16 22:00:00,2025-02-16,22,6,1,winter,1201,,,,
NYC,hour,2025-02-16 23:00:00,2025-02-16,23,6,1,winter,1042,,,,
NYC,hour,2025-02-17 00:00:00,2025-02-17,0,0,0,winter,600,,,,
NYC,hour,2025-02-17 01:00:00,2025-02-17,1,0,0,winter,368,,,,
NYC,hour,2025-02-17 02:00:00,2025-02-17,2,0,0,winter,234,,,,
NYC,hour,2025-02-17 03:00:00,2025-02-17,3,0,0,winter,140,,,,
NYC,hour,2025-02-17 04:00:00,2025-02-17,4,0,0,winter,167,,,,
NYC,hour,2025-02-17 05:00:00,2025-02-17,5,0,0,winter,343,,,,
NYC,hour,2025-02-17 06:00:00,2025-02-17,6,0,0,winter,828,,,,
NYC,hour,2025-02-17 07:00:00,2025-02-17,7,0,0,winter,1462,,,,
NYC,hour,2025-02-17 08:00:00,2025-02-17,8,0,0,winter,2396,,,,
NYC,hour,2025-02-17 09:00:00,2025-02-17,9,0,0,winter,2726,,,,
NYC,hour,2025-02-17 10:00:00,2025-02-17,10,0,0,winter,2777,,,,
NYC,hour,2025-02-17 11:00:00,2025-02-17,11,0,0,winter,3196,,,,
NYC,hour,2025-02-17 12:00:00,2025-02-17,12,0,0,winter,3443,,,,
NYC,hour,2025-02-17 13:00:00,2025-02-17,13,0,0,winter,3622,,,,
NYC,hour,2025-02-17 14:00:00,2025-02-17,14,0,0,winter,4029,,,,
NYC,hour,2025-02-17 15:00:00,2025-02-17,15,0,0,winter,4025,,,,
NYC,hour,2025-02-17 16:00:00,2025-02-17,16,0,0,winter,4332,,,,
NYC,hour,2025-02-17 17:00:00,2025-02-17,17,0,0,winter,4704,,,,
NYC,hour,2025-02-17 18:00:00,2025-02-17,18,0,0,winter,4252,,,,
NYC,hour,2025-02-17 19:00:00,2025-02-17,19,0,0,winter,3209,,,,
NYC,hour,2025-02-17 20:00:00,2025-02-17,20,0,0,winter,2243,,,,
NYC,hour,2025-02-17 21:00:00,2025-02-17,21,0,0,winter,1838,,,,
NYC,hour,2025-02-17 22:00:00,2025-02-17,22,0,0,winter,1304,,,,
NYC,hour,2025-02-17 23:00:00,2025-02-17,23,0,0,winter,887,,,,
NYC,hour,2025-02-18 00:00:00,2025-02-18,0,1,0,winter,416,,,,
NYC,hour,2025-02-18 01:00:00,2025-02-18,1,1,0,winter,200,,,,
NYC,hour,2025-02-18 02:00:00,2025-02-18,2,1,0,winter,126,,,,
NYC,hour,2025-02-18 03:00:00,2025-02-18,3,1,0,winter,99,,,,
NYC,hour,2025-02-18 04:00:00,2025-02-18,4,1,0,winter,169,,,,
NYC,hour,2025-02-18 05:00:00,2025-02-18,5,1,0,winter,758,,,,
NYC,hour,2025-02-18 06:00:00,2025-02-18,6,1,0,winter,1902,,,,
NYC,hour,2025-02-18 07:00:00,2025-02-18,7,1,0,winter,3348,,,,
NYC,hour,2025-02-18 08:00:00,2025-02-18,8,1,0,winter,5238,,,,
NYC,hour,2025-02-18 09:00:00,2025-02-18,9,1,0,winter,3931,,,,
NYC,hour,2025-02-18 10:00:00,2025-02-18,10,1,0,winter,2464,,,,
NYC,hour,2025-02-18 11:00:00,2025-02-18,11,1,0,winter,2308,,,,
NYC,hour,2025-02-18 12:00:00,2025-02-18,12,1,0,winter,2532,,,,
NYC,hour,2025-02-18 13:00:00,2025-02-18,13,1,0,winter,2680,,,,
NYC,hour,2025-02-18 14:00:00,2025-02-18,14,1,0,winter,2798,,,,
NYC,hour,2025-02-18 15:00:00,2025-02-18,15,1,0,winter,3249,,,,
NYC,hour,2025-02-18 16:00:00,2025-02-18,16,1,0,winter,4135,,,,
NYC,hour,2025-02-18 17:00:00,2025-02-18,17,1,0,winter,6007,,,,
NYC,hour,2025-02-18 18:00:00,2025-02-18,18,1,0,winter,5595,,,,
NYC,hour,2025-02-18 19:00:00,2025-02-18,19,1,0,winter,3995,,,,
NYC,hour,2025-02-18 20:00:00,2025-02-18,20,1,0,winter,2660,,,,
NYC,hour,2025-02-18 21:00:00,2025-02-18,21,1,0,winter,1846,,,,
NYC,hour,2025-02-18 22:00:00,2025-02-18,22,1,0,winter,1290,,,,
NYC,hour,2025-02-18 23:00:00,2025-02-18,23,1,0,winter,795,,,,
NYC,hour,2025-02-19 00:00:00,2025-02-19,0,2,0,winter,393,,,,
NYC,hour,2025-02-19 01:00:00,2025-02-19,1,2,0,winter,206,,,,
NYC,hour,2025-02-19 02:00:00,2025-02-19,2,2,0,winter,131,,,,
NYC,hour,2025-02-19 03:00:00,2025-02-19,3,2,0,winter,100,,,,
NYC,hour,2025-02-19 04:00:00,2025-02-19,4,2,0,winter,190,,,,
NYC,hour,2025-02-19 05:00:00,2025-02-19,5,2,0,winter,769,,,,
NYC,hour,2025-02-19 06:00:00,2025-02-19,6,2,0,winter,1954,,,,
NYC,hour,2025-02-19 07:00:00,2025-02-19,7,2,0,winter,3694,,,,
NYC,hour,2025-02-19 08:00:00,2025-02-19,8,2,0,winter,5733,,,,
NYC,hour,2025-02-19 09:00:00,2025-02-19,9,2,0,winter,4340,,,,
NYC,hour,2025-02-19 10:00:00,2025-02-19,10,2,0,winter,2775,,,,
NYC,hour,2025-02-19 11:00:00,2025-02-19,11,2,0,winter,2626,,,,
NYC,hour,2025-02-19 12:00:00,2025-02-19,12,2,0,winter,2880,,,,
NYC,hour,2025-02-19 13:00:00,2025-02-19,13,2,0,winter,3102,,,,
NYC,hour,2025-02-19 14:00:00,2025-02-19,14,2,0,winter,3301,,,,
NYC,hour,2025-02-19 15:00:00,2025-02-19,15,2,0,winter,3732,,,,
NYC,hour,2025-02-19 16:00:00,2025-02-19,16,2,0,winter,4610,,,,
NYC,hour,2025-02-19 17:00:00,2025-02-19,17,2,0,winter,6815,,,,
NYC,hour,2025-02-19 18:00:00,2025-02-19,18,2,0,winter,5977,,,,
NYC,hour,2025-02-19 19:00:00,2025-02-19,19,2,0,winter,4402,,,,
NYC,hour,2025-02-19 20:00:00,2025-02-19,20,2,0,winter,3151,,,,
NYC,hour,2025-02-19 21:00:00,2025-02-19,21,2,0,winter,2173,,,,
NYC,hour,2025-02-19 22:00:00,2025-02-19,22,2,0,winter,1515,,,,
NYC,hour,2025-02-19 23:00:00,2025-02-19,23,2,0,winter,955,,,,
NYC,hour,2025-02-20 00:00:00,2025-02-20,0,3,0,winter,500,,,,
NYC,hour,2025-02-20 01:00:00,2025-02-20,1,3,0,winter,241,,,,
NYC,hour,2025-02-20 02:00:00,2025-02-20,2,3,0,winter,150,,,,
NYC,hour,2025-02-20 03:00:00,2025-02-20,3,3,0,winter,112,,,,
NYC,hour,2025-02-20 04:00:00,2025-02-20,4,3,0,winter,201,,,,
NYC,hour,2025-02-20 05:00:00,2025-02-20,5,3,0,winter,724,,,,
NYC,hour,2025-02-20 06:00:00,2025-02-20,6,3,0,winter,1947,,,,
NYC,hour,2025-02-20 07:00:00,2025-02-20,7,3,0,winter,3682,,,,
NYC,hour,2025-02-20 08:00:00,2025-02-20,8,3,0,winter,5856,,,,
NYC,hour,2025-02-20 09:00:00,2025-02-20,9,3,0,winter,4529,,,,
NYC,hour,2025-02-20 10:00:00,2025-02-20,10,3,0,winter,2990,,,,
NYC,hour,2025-02-20 11:00:00,2025-02-20,11,3,0,winter,2698,,,,
NYC,hour,2025-02-20 12:00:00,2025-02-20,12,3,0,winter,3016,,,,
NYC,hour,2025-02-20 13:00:00,2025-02-20,13,3,0,winter,3113,,,,
NYC,hour,2025-02-20 14:00:00,2025-02-20,14,3,0,winter,3247,,,,
NYC,hour,2025-02-20 15:00:00,2025-02-20,15,3,0,winter,3714,,,,
NYC,hour,2025-02-20 16:00:00,2025-02-20,16,3,0,winter,4298,,,,
NYC,hour,2025-02-20 17:00:00,2025-02-20,17,3,0,winter,5387,,,,
NYC,hour,2025-02-20 18:00:00,2025-02-20,18,3,0,winter,4011,,,,
NYC,hour,2025-02-20 19:00:00,2025-02-20,19,3,0,winter,2620,,,,
NYC,hour,2025-02-20 20:00:00,2025-02-20,20,3,0,winter,1823,,,,
NYC,hour,2025-02-20 21:00:00,2025-02-20,21,3,0,winter,1356,,,,
NYC,hour,2025-02-20 22:00:00,2025-02-20,22,3,0,winter,1235,,,,
NYC,hour,2025-02-20 23:00:00,2025-02-20,23,3,0,winter,930,,,,
NYC,hour,2025-02-21 00:00:00,2025-02-21,0,4,0,winter,512,,,,
NYC,hour,2025-02-21 01:00:00,2025-02-21,1,4,0,winter,294,,,,
NYC,hour,2025-02-21 02:00:00,2025-02-21,2,4,0,winter,179,,,,
NYC,hour,2025-02-21 03:00:00,2025-02-21,3,4,0,winter,142,,,,
NYC,hour,2025-02-21 04:00:00,2025-02-21,4,4,0,winter,197,,,,
NYC,hour,2025-02-21 05:00:00,2025-02-21,5,4,0,winter,607,,,,
NYC,hour,2025-02-21 06:00:00,2025-02-21,6,4,0,winter,1513,,,,
NYC,hour,2025-02-21 07:00:00,2025-02-21,7,4,0,winter,2810,,,,
NYC,hour,2025-02-21 08:00:00,2025-02-21,8,4,0,winter,4247,,,,
NYC,hour,2025-02-21 09:00:00,2025-02-21,9,4,0,winter,3489,,,,
NYC,hour,2025-02-21 10:00:00,2025-02-21,10,4,0,winter,2666,,,,
NYC,hour,2025-02-21 11:00:00,2025-02-21,11,4,0,winter,2809,,,,
NYC,hour,2025-02-21 12:00:00,2025-02-21,12,4,0,winter,3304,,,,
NYC,hour,2025-02-21 13:00:00,2025-02-21,13,4,0,winter,3652,,,,
NYC,hour,2025-02-21 14:00:00,2025-02-21,14,4,0,winter,3729,,,,
NYC,hour,2025-02-21 15:00:00,2025-02-21,15,4,0,winter,4229,,,,
NYC,hour,2025-02-21 16:00:00,2025-02-21,16,4,0,winter,4997,,,,
NYC,hour,2025-02-21 17:00:00,2025-02-21,17,4,0,winter,5741,,,,
NYC,hour,2025-02-21 18:00:00,2025-02-21,18,4,0,winter,5089,,,,
NYC,hour,2025-02-21 19:00:00,2025-02-21,19,4,0,winter,3852,,,,
NYC,hour,2025-02-21 20:00:00,2025-02-21,20,4,0,winter,2536,,,,
NYC,hour,2025-02-21 21:00:00,2025-02-21,21,4,0,winter,1962,,,,
NYC,hour,2025-02-21 22:00:00,2025-02-21,22,4,0,winter,1580,,,,
NYC,hour,2025-02-21 23:00:00,2025-02-21,23,4,0,winter,1301,,,,
NYC,hour,2025-02-22 00:00:00,2025-02-22,0,5,1,winter,882,,,,
NYC,hour,2025-02-22 01:00:00,2025-02-22,1,5,1,winter,604,,,,
NYC,hour,2025-02-22 02:00:00,2025-02-22,2,5,1,winter,419,,,,
NYC,hour,2025-02-22 03:00:00,2025-02-22,3,5,1,winter,326,,,,
NYC,hour,2025-02-22 04:00:00,2025-02-22,4,5,1,winter,213,,,,
NYC,hour,2025-02-22 05:00:00,2025-02-22,5,5,1,winter,281,,,,
NYC,hour,2025-02-22 06:00:00,2025-02-22,6,5,1,winter,524,,,,
NYC,hour,2025-02-22 07:00:00,2025-02-22,7,5,1,winter,1171,,,,
NYC,hour,2025-02-22 08:00:00,2025-02-22,8,5,1,winter,2011,,,,
NYC,hour,2025-02-22 09:00:00,2025-02-22,9,5,1,winter,3107,,,,
NYC,hour,2025-02-22 10:00:00,2025-02-22,10,5,1,winter,3739,,,,
NYC,hour,2025-02-22 11:00:00,2025-02-22,11,5,1,winter,4350,,,,
NYC,hour,2025-02-22 12:00:00,2025-02-22,12,5,1,winter,5030,,,,
NYC,hour,2025-02-22 13:00:00,2025-02-22,13,5,1,winter,5324,,,,
NYC,hour,2025-02-22 14:00:00,2025-02-22,14,5,1,winter,5308,,,,
NYC,hour,2025-02-22 15:00:00,2025-02-22,15,5,1,winter,5424,,,,
NYC,hour,2025-02-22 16:00:00,2025-02-22,16,5,1,winter,5114,,,,
NYC,hour,2025-02-22 17:00:00,2025-02-22,17,5,1,winter,4666,,,,
NYC,hour,2025-02-22 18:00:00,2025-02-22,18,5,1,winter,4034,,,,
NYC,hour,2025-02-22 19:00:00,2025-02-22,19,5,1,winter,3441,,,,
NYC,hour,2025-02-22 20:00:00,2025-02-22,20,5,1,winter,2584,,,,
NYC,hour,2025-02-22 21:00:00,2025-02-22,21,5,1,winter,2019,,,,
NYC,hour,2025-02-22 22:00:00,2025-02-22,22,5,1,winter,1826,,,,
NYC,hour,2025-02-22 23:00:00,2025-02-22,23,5,1,winter,1694,,,,
NYC,hour,2025-02-23 00:00:00,2025-02-23,0,6,1,winter,1348,,,,
NYC,hour,2025-02-23 01:00:00,2025-02-23,1,6,1,winter,860,,,,
NYC,hour,2025-02-23 02:00:00,2025-02-23,2,6,1,winter,564,,,,
NYC,hour,2025-02-23 03:00:00,2025-02-23,3,6,1,winter,381,,,,
NYC,hour,2025-02-23 04:00:00,2025-02-23,4,6,1,winter,284,,,,
NYC,hour,2025-02-23 05:00:00,2025-02-23,5,6,1,winter,248,,,,
NYC,hour,2025-02-23 06:00:00,2025-02-23,6,6,1,winter,517,,,,
NYC,hour,2025-02-23 07:00:00,2025-02-23,7,6,1,winter,934,,,,
NYC,hour,2025-02-23 08:00:00,2025-02-23,8,6,1,winter,1770,,,,
NYC,hour,2025-02-23 09:00:00,2025-02-23,9,6,1,winter,2896,,,,
NYC,hour,2025-02-23 10:00:00,2025-02-23,10,6,1,winter,4061,,,,
NYC,hour,2025-02-23 11:00:00,2025-02-23,11,6,1,winter,5082,,,,
NYC,hour,2025-02-23 12:00:00,2025-02-23,12,6,1,winter,5466,,,,
NYC,hour,2025-02-23 13:00:00,2025-02-23,13,6,1,winter,6273,,,,
NYC,hour,2025-02-23 14:00:00,2025-02-23,14,6,1,winter,6476,,,,
NYC,hour,2025-02-23 15:00:00,2025-02-23,15,6,1,winter,6233,,,,
NYC,hour,2025-02-23 16:00:00,2025-02-23,16,6,1,winter,5908,,,,
NYC,hour,2025-02-23 17:00:00,2025-02-23,17,6,1,winter,5538,,,,
NYC,hour,2025-02-23 18:00:00,2025-02-23,18,6,1,winter,4681,,,,
NYC,hour,2025-02-23 19:00:00,2025-02-23,19,6,1,winter,3379,,,,
NYC,hour,2025-02-23 20:00:00,2025-02-23,20,6,1,winter,2522,,,,
NYC,hour,2025-02-23 21:00:00,2025-02-23,21,6,1,winter,2034,,,,
NYC,hour,2025-02-23 22:00:00,2025-02-23,22,6,1,winter,1667,,,,
NYC,hour,2025-02-23 23:00:00,2025-02-23,23,6,1,winter,1059,,,,
NYC,hour,2025-02-24 00:00:00,2025-02-24,0,0,0,winter,608,,,,
NYC,hour,2025-02-24 01:00:00,2025-02-24,1,0,0,winter,277,,,,
NYC,hour,2025-02-24 02:00:00,2025-02-24,2,0,0,winter,181,,,,
NYC,hour,2025-02-24 03:00:00,2025-02-24,3,0,0,winter,125,,,,
NYC,hour,2025-02-24 04:00:00,2025-02-24,4,0,0,winter,226,,,,
NYC,hour,2025-02-24 05:00:00,2025-02-24,5,0,0,winter,944,,,,
NYC,hour,2025-02-24 06:00:00,2025-02-24,6,0,0,winter,2549,,,,
NYC,hour,2025-02-24 07:00:00,2025-02-24,7,0,0,winter,5580,,,,
NYC,hour,2025-02-24 08:00:00,2025-02-24,8,0,0,winter,8149,,,,
NYC,hour,2025-02-24 09:00:00,2025-02-24,9,0,0,winter,5319,,,,
NYC,hour,2025-02-24 10:00:00,2025-02-24,10,0,0,winter,3548,,,,
NYC,hour,2025-02-24 11:00:00,2025-02-24,11,0,0,winter,3318,,,,
NYC,hour,2025-02-24 12:00:00,2025-02-24,12,0,0,winter,3955,,,,
NYC,hour,2025-02-24 13:00:00,2025-02-24,13,0,0,winter,4237,,,,
NYC,hour,2025-02-24 14:00:00,2025-02-24,14,0,0,winter,4910,,,,
NYC,hour,2025-02-24 15:00:00,2025-02-24,15,0,0,winter,5893,,,,
NYC,hour,2025-02-24 16:00:00,2025-02-24,16,0,0,winter,7250,,,,
NYC,hour,2025-02-24 17:00:00,2025-02-24,17,0,0,winter,9409,,,,
NYC,hour,2025-02-24 18:00:00,2025-02-24,18,0,0,winter,8284,,,,
NYC,hour,2025-02-24 19:00:00,2025-02-24,19,0,0,winter,5815,,,,
NYC,hour,2025-02-24 20:00:00,2025-02-24,20,0,0,winter,3982,,,,
NYC,hour,2025-02-24 21:00:00,2025-02-24,21,0,0,winter,2787,,,,
NYC,hour,2025-02-24 22:00:00,2025-02-24,22,0,0,winter,1951,,,,
NYC,hour,2025-02-24 23:00:00,2025-02-24,23,0,0,winter,1170,,,,
NYC,hour,2025-02-25 00:00:00,2025-02-25,0,1,0,winter,651,,,,
NYC,hour,2025-02-25 01:00:00,2025-02-25,1,1,0,winter,290,,,,
NYC,hour,2025-02-25 02:00:00,2025-02-25,2,1,0,winter,171,,,,
NYC,hour,2025-02-25 03:00:00,2025-02-25,3,1,0,winter,136,,,,
NYC,hour,2025-02-25 04:00:00,2025-02-25,4,1,0,winter,245,,,,
NYC,hour,2025-02-25 05:00:00,2025-02-25,5,1,0,winter,1024,,,,
NYC,hour,2025-02-25 06:00:00,2025-02-25,6,1,0,winter,2947,,,,
NYC,hour,2025-02-25 07:00:00,2025-02-25,7,1,0,winter,6578,,,,
NYC,hour,2025-02-25 08:00:00,2025-02-25,8,1,0,winter,10163,,,,
NYC,hour,2025-02-25 09:00:00,2025-02-25,9,1,0,winter,6623,,,,
NYC,hour,2025-02-25 10:00:00,2025-02-25,10,1,0,winter,4242,,,,
NYC,hour,2025-02-25 11:00:00,2025-02-25,11,1,0,winter,3832,,,,
NYC,hour,2025-02-25 12:00:00,2025-02-25,12,1,0,winter,4518,,,,
NYC,hour,2025-02-25 13:00:00,2025-02-25,13,1,0,winter,4850,,,,
NYC,hour,2025-02-25 14:00:00,2025-02-25,14,1,0,winter,5343,,,,
NYC,hour,2025-02-25 15:00:00,2025-02-25,15,1,0,winter,6278,,,,
NYC,hour,2025-02-25 16:00:00,2025-02-25,16,1,0,winter,7984,,,,
NYC,hour,2025-02-25 17:00:00,2025-02-25,17,1,0,winter,11620,,,,
NYC,hour,2025-02-25 18:00:00,2025-02-25,18,1,0,winter,10088,,,,
NYC,hour,2025-02-25 19:00:00,2025-02-25,19,1,0,winter,6974,,,,
NYC,hour,2025-02-25 20:00:00,2025-02-25,20,1,0,winter,4921,,,,
NYC,hour,2025-02-25 21:00:00,2025-02-25,21,1,0,winter,3715,,,,
NYC,hour,2025-02-25 22:00:00,2025-02-25,22,1,0,winter,2550,,,,
NYC,hour,2025-02-25 23:00:00,2025-02-25,23,1,0,winter,1580,,,,
NYC,hour,2025-02-26 00:00:00,2025-02-26,0,2,0,winter,758,,,,
NYC,hour,2025-02-26 01:00:00,2025-02-26,1,2,0,winter,358,,,,
NYC,hour,2025-02-26 02:00:00,2025-02-26,2,2,0,winter,179,,,,
NYC,hour,2025-02-26 03:00:00,2025-02-26,3,2,0,winter,129,,,,
NYC,hour,2025-02-26 04:00:00,2025-02-26,4,2,0,winter,253,,,,
NYC,hour,2025-02-26 05:00:00,2025-02-26,5,2,0,winter,978,,,,
NYC,hour,2025-02-26 06:00:00,2025-02-26,6,2,0,winter,2978,,,,
NYC,hour,2025-02-26 07:00:00,2025-02-26,7,2,0,winter,6770,,,,
NYC,hour,2025-02-26 08:00:00,2025-02-26,8,2,0,winter,10717,,,,
NYC,hour,2025-02-26 09:00:00,2025-02-26,9,2,0,winter,7222,,,,
NYC,hour,2025-02-26 10:00:00,2025-02-26,10,2,0,winter,4703,,,,
NYC,hour,2025-02-26 11:00:00,2025-02-26,11,2,0,winter,4372,,,,
NYC,hour,2025-02-26 12:00:00,2025-02-26,12,2,0,winter,5170,,,,
NYC,hour,2025-02-26 13:00:00,2025-02-26,13,2,0,winter,5424,,,,
NYC,hour,2025-02-26 14:00:00,2025-02-26,14,2,0,winter,6139,,,,
NYC,hour,2025-02-26 15:00:00,2025-02-26,15,2,0,winter,6944,,,,
NYC,hour,2025-02-26 16:00:00,2025-02-26,16,2,0,winter,8585,,,,
NYC,hour,2025-02-26 17:00:00,2025-02-26,17,2,0,winter,12116,,,,
NYC,hour,2025-02-26 18:00:00,2025-02-26,18,2,0,winter,10501,,,,
NYC,hour,2025-02-26 19:00:00,2025-02-26,19,2,0,winter,7442,,,,
NYC,hour,2025-02-26 20:00:00,2025-02-26,20,2,0,winter,5206,,,,
NYC,hour,2025-02-26 21:00:00,2025-02-26,21,2,0,winter,4154,,,,
NYC,hour,2025-02-26 22:00:00,2025-02-26,22,2,0,winter,2834,,,,
NYC,hour,2025-02-26 23:00:00,2025-02-26,23,2,0,winter,1605,,,,
NYC,hour,2025-02-27 00:00:00,2025-02-27,0,3,0,winter,896,,,,
NYC,hour,2025-02-27 01:00:00,2025-02-27,1,3,0,winter,439,,,,
NYC,hour,2025-02-27 02:00:00,2025-02-27,2,3,0,winter,230,,,,
NYC,hour,2025-02-27 03:00:00,2025-02-27,3,3,0,winter,192,,,,
NYC,hour,2025-02-27 04:00:00,2025-02-27,4,3,0,winter,274,,,,
NYC,hour,2025-02-27 05:00:00,2025-02-27,5,3,0,winter,948,,,,
NYC,hour,2025-02-27 06:00:00,2025-02-27,6,3,0,winter,2887,,,,
NYC,hour,2025-02-27 07:00:00,2025-02-27,7,3,0,winter,6203,,,,
NYC,hour,2025-02-27 08:00:00,2025-02-27,8,3,0,winter,8660,,,,
NYC,hour,2025-02-27 09:00:00,2025-02-27,9,3,0,winter,6405,,,,
NYC,hour,2025-02-27 10:00:00,2025-02-27,10,3,0,winter,4242,,,,
NYC,hour,2025-02-27 11:00:00,2025-02-27,11,3,0,winter,3319,,,,
NYC,hour,2025-02-27 12:00:00,2025-02-27,12,3,0,winter,3467,,,,
NYC,hour,2025-02-27 13:00:00,2025-02-27,13,3,0,winter,3996,,,,
NYC,hour,2025-02-27 14:00:00,2025-02-27,14,3,0,winter,4831,,,,
NYC,hour,2025-02-27 15:00:00,2025-02-27,15,3,0,winter,5913,,,,
NYC,hour,2025-02-27 16:00:00,2025-02-27,16,3,0,winter,7062,,,,
NYC,hour,2025-02-27 17:00:00,2025-02-27,17,3,0,winter,10680,,,,
NYC,hour,2025-02-27 18:00:00,2025-02-27,18,3,0,winter,9838,,,,
NYC,hour,2025-02-27 19:00:00,2025-02-27,19,3,0,winter,7133,,,,
NYC,hour,2025-02-27 20:00:00,2025-02-27,20,3,0,winter,5175,,,,
NYC,hour,2025-02-27 21:00:00,2025-02-27,21,3,0,winter,3938,,,,
NYC,hour,2025-02-27 22:00:00,2025-02-27,22,3,0,winter,2947,,,,
NYC,hour,2025-02-27 23:00:00,2025-02-27,23,3,0,winter,2097,,,,
NYC,hour,2025-02-28 00:00:00,2025-02-28,0,4,0,winter,1201,,,,
NYC,hour,2025-02-28 01:00:00,2025-02-28,1,4,0,winter,620,,,,
NYC,hour,2025-02-28 02:00:00,2025-02-28,2,4,0,winter,374,,,,
NYC,hour,2025-02-28 03:00:00,2025-02-28,3,4,0,winter,219,,,,
NYC,hour,2025-02-28 04:00:00,2025-02-28,4,4,0,winter,258,,,,
NYC,hour,2025-02-28 05:00:00,2025-02-28,5,4,0,winter,919,,,,
NYC,hour,2025-02-28 06:00:00,2025-02-28,6,4,0,winter,2627,,,,
NYC,hour,2025-02-28 07:00:00,2025-02-28,7,4,0,winter,5681,,,,
NYC,hour,2025-02-28 08:00:00,2025-02-28,8,4,0,winter,8251,,,,
NYC,hour,2025-02-28 09:00:00,2025-02-28,9,4,0,winter,5980,,,,
NYC,hour,2025-02-28 10:00:00,2025-02-28,10,4,0,winter,4620,,,,
NYC,hour,2025-02-28 11:00:00,2025-02-28,11,4,0,winter,4899,,,,
NYC,hour,2025-02-28 12:00:00,2025-02-28,12,4,0,winter,5661,,,,
NYC,hour,2025-02-28 13:00:00,2025-02-28,13,4,0,winter,6116,,,,
NYC,hour,2025-02-28 14:00:00,2025-02-28,14,4,0,winter,6851,,,,
NYC,hour,2025-02-28 15:00:00,2025-02-28,15,4,0,winter,7806,,,,
NYC,hour,2025-02-28 16:00:00,2025-02-28,16,4,0,winter,8681,,,,
NYC,hour,2025-02-28 17:00:00,2025-02-28,17,4,0,winter,10227,,,,
NYC,hour,2025-02-28 18:00:00,2025-02-28,18,4,0,winter,8806,,,,
NYC,hour,2025-02-28 19:00:00,2025-02-28,19,4,0,winter,6669,,,,
NYC,hour,2025-02-28 20:00:00,2025-02-28,20,4,0,winter,4684,,,,
NYC,hour,2025-02-28 21:00:00,2025-02-28,21,4,0,winter,3598,,,,
NYC,hour,2025-02-28 22:00:00,2025-02-28,22,4,0,winter,3221,,,,
NYC,hour,2025-02-28 23:00:00,2025-02-28,23,4,0,winter,2633,,,,
NYC,hour,2025-03-01 00:00:00,2025-03-01,0,5,1,spring,1900,,,,
NYC,hour,2025-03-01 01:00:00,2025-03-01,1,5,1,spring,1294,,,,
NYC,hour,2025-03-01 02:00:00,2025-03-01,2,5,1,spring,943,,,,
NYC,hour,2025-03-01 03:00:00,2025-03-01,3,5,1,spring,662,,,,
NYC,hour,2025-03-01 04:00:00,2025-03-01,4,5,1,spring,615,,,,
NYC,hour,2025-03-01 05:00:00,2025-03-01,5,5,1,spring,411,,,,
NYC,hour,2025-03-01 06:00:00,2025-03-01,6,5,1,spring,809,,,,
NYC,hour,2025-03-01 07:00:00,2025-03-01,7,5,1,spring,1615,,,,
NYC,hour,2025-03-01 08:00:00,2025-03-01,8,5,1,spring,3148,,,,
NYC,hour,2025-03-01 09:00:00,2025-03-01,9,5,1,spring,4721,,,,
NYC,hour,2025-03-01 10:00:00,2025-03-01,10,5,1,spring,6557,,,,
NYC,hour,2025-03-01 11:00:00,2025-03-01,11,5,1,spring,7869,,,,
NYC,hour,2025-03-01 12:00:00,2025-03-01,12,5,1,spring,9573,,,,
NYC,hour,2025-03-01 13:00:00,2025-03-01,13,5,1,spring,10373,,,,
NYC,hour,2025-03-01 14:00:00,2025-03-01,14,5,1,spring,9446,,,,
NYC,hour,2025-03-01 15:00:00,2025-03-01,15,5,1,spring,8007,,,,
NYC,hour,2025-03-01 16:00:00,2025-03-01,16,5,1,spring,7018,,,,
NYC,hour,2025-03-01 17:00:00,2025-03-01,17,5,1,spring,6138,,,,
NYC,hour,2025-03-01 18:00:00,2025-03-01,18,5,1,spring,4922,,,,
NYC,hour,2025-03-01 19:00:00,2025-03-01,19,5,1,spring,3824,,,,
NYC,hour,2025-03-01 20:00:00,2025-03-01,20,5,1,spring,2576,,,,
NYC,hour,2025-03-01 21:00:00,2025-03-01,21,5,1,spring,2005,,,,
NYC,hour,2025-03-01 22:00:00,2025-03-01,22,5,1,spring,1739,,,,
NYC,hour,2025-03-01 23:00:00,2025-03-01,23,5,1,spring,1502,,,,
NYC,hour,2025-03-02 00:00:00,2025-03-02,0,6,1,spring,1117,,,,
NYC,hour,2025-03-02 01:00:00,2025-03-02,1,6,1,spring,800,,,,
NYC,hour,2025-03-02 02:00:00,2025-03-02,2,6,1,spring,488,,,,
NYC,hour,2025-03-02 03:00:00,2025-03-02,3,6,1,spring,337,,,,
NYC,hour,2025-03-02 04:00:00,2025-03-02,4,6,1,spring,272,,,,
NYC,hour,2025-03-02 05:00:00,2025-03-02,5,6,1,spring,245,,,,
NYC,hour,2025-03-02 06:00:00,2025-03-02,6,6,1,spring,474,,,,
NYC,hour,2025-03-02 07:00:00,2025-03-02,7,6,1,spring,886,,,,
NYC,hour,2025-03-02 08:00:00,2025-03-02,8,6,1,spring,1577,,,,
NYC,hour,2025-03-02 09:00:00,2025-03-02,9,6,1,spring,2545,,,,
NYC,hour,2025-03-02 10:00:00,2025-03-02,10,6,1,spring,3418,,,,
NYC,hour,2025-03-02 11:00:00,2025-03-02,11,6,1,spring,3959,,,,
NYC,hour,2025-03-02 12:00:00,2025-03-02,12,6,1,spring,4326,,,,
NYC,hour,2025-03-02 13:00:00,2025-03-02,13,6,1,spring,4512,,,,
NYC,hour,2025-03-02 14:00:00,2025-03-02,14,6,1,spring,4621,,,,
NYC,hour,2025-03-02 15:00:00,2025-03-02,15,6,1,spring,4560,,,,
NYC,hour,2025-03-02 16:00:00,2025-03-02,16,6,1,spring,4343,,,,
NYC,hour,2025-03-02 17:00:00,2025-03-02,17,6,1,spring,4557,,,,
NYC,hour,2025-03-02 18:00:00,2025-03-02,18,6,1,spring,3983,,,,
NYC,hour,2025-03-02 19:00:00,2025-03-02,19,6,1,spring,2803,,,,
NYC,hour,2025-03-02 20:00:00,2025-03-02,20,6,1,spring,1825,,,,
NYC,hour,2025-03-02 21:00:00,2025-03-02,21,6,1,spring,1375,,,,
NYC,hour,2025-03-02 22:00:00,2025-03-02,22,6,1,spring,1126,,,,
NYC,hour,2025-03-02 23:00:00,2025-03-02,23,6,1,spring,884,,,,
NYC,hour,2025-03-03 00:00:00,2025-03-03,0,0,0,spring,462,,,,
NYC,hour,2025-03-03 01:00:00,2025-03-03,1,0,0,spring,180,,,,
NYC,hour,2025-03-03 02:00:00,2025-03-03,2,0,0,spring,127,,,,
NYC,hour,2025-03-03 03:00:00,2025-03-03,3,0,0,spring,91,,,,
NYC,hour,2025-03-03 04:00:00,2025-03-03,4,0,0,spring,208,,,,
NYC,hour,2025-03-03 05:00:00,2025-03-03,5,0,0,spring,847,,,,
NYC,hour,2025-03-03 06:00:00,2025-03-03,6,0,0,spring,2233,,,,
NYC,hour,2025-03-03 07:00:00,2025-03-03,7,0,0,spring,4846,,,,
NYC,hour,2025-03-03 08:00:00,2025-03-03,8,0,0,spring,7105,,,,
NYC,hour,2025-03-03 09:00:00,2025-03-03,9,0,0,spring,4713,,,,
NYC,hour,2025-03-03 10:00:00,2025-03-03,10,0,0,spring,3026,,,,
NYC,hour,2025-03-03 11:00:00,2025-03-03,11,0,0,spring,2941,,,,
NYC,hour,2025-03-03 12:00:00,2025-03-03,12,0,0,spring,3353,,,,
NYC,hour,2025-03-03 13:00:00,2025-03-03,13,0,0,spring,3611,,,,
NYC,hour,2025-03-03 14:00:00,2025-03-03,14,0,0,spring,4278,,,,
NYC,hour,2025-03-03 15:00:00,2025-03-03,15,0,0,spring,5054,,,,
NYC,hour,2025-03-03 16:00:00,2025-03-03,16,0,0,spring,6168,,,,
NYC,hour,2025-03-03 17:00:00,2025-03-03,17,0,0,spring,8664,,,,
NYC,hour,2025-03-03 18:00:00,2025-03-03,18,0,0,spring,7396,,,,
NYC,hour,2025-03-03 19:00:00,2025-03-03,19,0,0,spring,5237,,,,
NYC,hour,2025-03-03 20:00:00,2025-03-03,20,0,0,spring,3439,,,,
NYC,hour,2025-03-03 21:00:00,2025-03-03,21,0,0,spring,2594,,,,
NYC,hour,2025-03-03 22:00:00,2025-03-03,22,0,0,spring,1682,,,,
NYC,hour,2025-03-03 23:00:00,2025-03-03,23,0,0,spring,1087,,,,
NYC,hour,2025-03-04 00:00:00,2025-03-04,0,1,0,spring,579,,,,
NYC,hour,2025-03-04 01:00:00,2025-03-04,1,1,0,spring,246,,,,
NYC,hour,2025-03-04 02:00:00,2025-03-04,2,1,0,spring,204,,,,
NYC,hour,2025-03-04 03:00:00,2025-03-04,3,1,0,spring,125,,,,
NYC,hour,2025-03-04 04:00:00,2025-03-04,4,1,0,spring,253,,,,
NYC,hour,2025-03-04 05:00:00,2025-03-04,5,1,0,spring,998,,,,
NYC,hour,2025-03-04 06:00:00,2025-03-04,6,1,0,spring,2861,,,,
NYC,hour,2025-03-04 07:00:00,2025-03-04,7,1,0,spring,6215,,,,
NYC,hour,2025-03-04 08:00:00,2025-03-04,8,1,0,spring,9401,,,,
NYC,hour,2025-03-04 09:00:00,2025-03-04,9,1,0,spring,6210,,,,
NYC,hour,2025-03-04 10:00:00,2025-03-04,10,1,0,spring,3990,,,,
NYC,hour,2025-03-04 11:00:00,2025-03-04,11,1,0,spring,3788,,,,
NYC,hour,2025-03-04 12:00:00,2025-03-04,12,1,0,spring,4463,,,,
NYC,hour,2025-03-04 13:00:00,2025-03-04,13,1,0,spring,4790,,,,
NYC,hour,2025-03-04 14:00:00,2025-03-04,14,1,0,spring,5489,,,,
NYC,hour,2025-03-04 15:00:00,2025-03-04,15,1,0,spring,6641,,,,
NYC,hour,2025-03-04 16:00:00,2025-03-04,16,1,0,spring,7788,,,,
NYC,hour,2025-03-04 17:00:00,2025-03-04,17,1,0,spring,11706,,,,
NYC,hour,2025-03-04 18:00:00,2025-03-04,18,1,0,spring,10025,,,,
NYC,hour,2025-03-04 19:00:00,2025-03-04,19,1,0,spring,6799,,,,
NYC,hour,2025-03-04 20:00:00,2025-03-04,20,1,0,spring,4694,,,,
NYC,hour,2025-03-04 21:00:00,2025-03-04,21,1,0,spring,3648,,,,
NYC,hour,2025-03-04 22:00:00,2025-03-04,22,1,0,spring,2676,,,,
NYC,hour,2025-03-04 23:00:00,2025-03-04,23,1,0,spring,1516,,,,
NYC,hour,2025-03-05 00:00:00,2025-03-05,0,2,0,spring,834,,,,
NYC,hour,2025-03-05 01:00:00,2025-03-05,1,2,0,spring,408,,,,
NYC,hour,2025-03-05 02:00:00,2025-03-05,2,2,0,spring,241,,,,
NYC,hour,2025-03-05 03:00:00,2025-03-05,3,2,0,spring,149,,,,
NYC,hour,2025-03-05 04:00:00,2025-03-05,4,2,0,spring,276,,,,
NYC,hour,2025-03-05 05:00:00,2025-03-05,5,2,0,spring,1101,,,,
NYC,hour,2025-03-05 06:00:00,2025-03-05,6,2,0,spring,3125,,,,
NYC,hour,2025-03-05 07:00:00,2025-03-05,7,2,0,spring,6794,,,,
NYC,hour,2025-03-05 08:00:00,2025-03-05,8,2,0,spring,10640,,,,
NYC,hour,2025-03-05 09:00:00,2025-03-05,9,2,0,spring,7176,,,,
NYC,hour,2025-03-05 10:00:00,2025-03-05,10,2,0,spring,4474,,,,
NYC,hour,2025-03-05 11:00:00,2025-03-05,11,2,0,spring,4219,,,,
NYC,hour,2025-03-05 12:00:00,2025-03-05,12,2,0,spring,4759,,,,
NYC,hour,2025-03-05 13:00:00,2025-03-05,13,2,0,spring,4887,,,,
NYC,hour,2025-03-05 14:00:00,2025-03-05,14,2,0,spring,5566,,,,
NYC,hour,2025-03-05 15:00:00,2025-03-05,15,2,0,spring,5248,,,,
NYC,hour,2025-03-05 16:00:00,2025-03-05,16,2,0,spring,2532,,,,
NYC,hour,2025-03-05 17:00:00,2025-03-05,17,2,0,spring,2481,,,,
NYC,hour,2025-03-05 18:00:00,2025-03-05,18,2,0,spring,1528,,,,
NYC,hour,2025-03-05 19:00:00,2025-03-05,19,2,0,spring,2235,,,,
NYC,hour,2025-03-05 20:00:00,2025-03-05,20,2,0,spring,911,,,,
NYC,hour,2025-03-05 21:00:00,2025-03-05,21,2,0,spring,1235,,,,
NYC,hour,2025-03-05 22:00:00,2025-03-05,22,2,0,spring,486,,,,
NYC,hour,2025-03-05 23:00:00,2025-03-05,23,2,0,spring,553,,,,
NYC,hour,2025-03-06 00:00:00,2025-03-06,0,3,0,spring,605,,,,
NYC,hour,2025-03-06 01:00:00,2025-03-06,1,3,0,spring,356,,,,
NYC,hour,2025-03-06 02:00:00,2025-03-06,2,3,0,spring,216,,,,
NYC,hour,2025-03-06 03:00:00,2025-03-06,3,3,0,spring,162,,,,
NYC,hour,2025-03-06 04:00:00,2025-03-06,4,3,0,spring,281,,,,
NYC,hour,2025-03-06 05:00:00,2025-03-06,5,3,0,spring,997,,,,
NYC,hour,2025-03-06 06:00:00,2025-03-06,6,3,0,spring,3054,,,,
NYC,hour,2025-03-06 07:00:00,2025-03-06,7,3,0,spring,6466,,,,
NYC,hour,2025-03-06 08:00:00,2025-03-06,8,3,0,spring,9395,,,,
NYC,hour,2025-03-06 09:00:00,2025-03-06,9,3,0,spring,6467,,,,
NYC,hour,2025-03-06 10:00:00,2025-03-06,10,3,0,spring,4388,,,,
NYC,hour,2025-03-06 11:00:00,2025-03-06,11,3,0,spring,4424,,,,
NYC,hour,2025-03-06 12:00:00,2025-03-06,12,3,0,spring,4772,,,,
NYC,hour,2025-03-06 13:00:00,2025-03-06,13,3,0,spring,4980,,,,
NYC,hour,2025-03-06 14:00:00,2025-03-06,14,3,0,spring,5434,,,,
NYC,hour,2025-03-06 15:00:00,2025-03-06,15,3,0,spring,6423,,,,
NYC,hour,2025-03-06 16:00:00,2025-03-06,16,3,0,spring,7425,,,,
NYC,hour,2025-03-06 17:00:00,2025-03-06,17,3,0,spring,10367,,,,
NYC,hour,2025-03-06 18:00:00,2025-03-06,18,3,0,spring,8736,,,,
NYC,hour,2025-03-06 19:00:00,2025-03-06,19,3,0,spring,6091,,,,
NYC,hour,2025-03-06 20:00:00,2025-03-06,20,3,0,spring,4176,,,,
NYC,hour,2025-03-06 21:00:00,2025-03-06,21,3,0,spring,2892,,,,
NYC,hour,2025-03-06 22:00:00,2025-03-06,22,3,0,spring,2120,,,,
NYC,hour,2025-03-06 23:00:00,2025-03-06,23,3,0,spring,1425,,,,
NYC,hour,2025-03-07 00:00:00,2025-03-07,0,4,0,spring,743,,,,
NYC,hour,2025-03-07 01:00:00,2025-03-07,1,4,0,spring,475,,,,
NYC,hour,2025-03-07 02:00:00,2025-03-07,2,4,0,spring,239,,,,
NYC,hour,2025-03-07 03:00:00,2025-03-07,3,4,0,spring,158,,,,
NYC,hour,2025-03-07 04:00:00,2025-03-07,4,4,0,spring,261,,,,
NYC,hour,2025-03-07 05:00:00,2025-03-07,5,4,0,spring,817,,,,
NYC,hour,2025-03-07 06:00:00,2025-03-07,6,4,0,spring,2301,,,,
NYC,hour,2025-03-07 07:00:00,2025-03-07,7,4,0,spring,4970,,,,
NYC,hour,2025-03-07 08:00:00,2025-03-07,8,4,0,spring,7187,,,,
NYC,hour,2025-03-07 09:00:00,2025-03-07,9,4,0,spring,5300,,,,
NYC,hour,2025-03-07 10:00:00,2025-03-07,10,4,0,spring,3871,,,,
NYC,hour,2025-03-07 11:00:00,2025-03-07,11,4,0,spring,4152,,,,
NYC,hour,2025-03-07 12:00:00,2025-03-07,12,4,0,spring,5029,,,,
NYC,hour,2025-03-07 13:00:00,2025-03-07,13,4,0,spring,5388,,,,
NYC,hour,2025-03-07 14:00:00,2025-03-07,14,4,0,spring,6067,,,,
NYC,hour,2025-03-07 15:00:00,2025-03-07,15,4,0,spring,6894,,,,
NYC,hour,2025-03-07 16:00:00,2025-03-07,16,4,0,spring,7864,,,,
NYC,hour,2025-03-07 17:00:00,2025-03-07,17,4,0,spring,9421,,,,
NYC,hour,2025-03-07 18:00:00,2025-03-07,18,4,0,spring,7990,,,,
NYC,hour,2025-03-07 19:00:00,2025-03-07,19,4,0,spring,6172,,,,
NYC,hour,2025-03-07 20:00:00,2025-03-07,20,4,0,spring,4123,,,,
NYC,hour,2025-03-07 21:00:00,2025-03-07,21,4,0,spring,3403,,,,
NYC,hour,2025-03-07 22:00:00,2025-03-07,22,4,0,spring,2698,,,,
NYC,hour,2025-03-07 23:00:00,2025-03-07,23,4,0,spring,2212,,,,
NYC,hour,2025-03-08 00:00:00,2025-03-08,0,5,1,spring,1897,,,,
NYC,hour,2025-03-08 01:00:00,2025-03-08,1,5,1,spring,1197,,,,
NYC,hour,2025-03-08 02:00:00,2025-03-08,2,5,1,spring,890,,,,
NYC,hour,2025-03-08 03:00:00,2025-03-08,3,5,1,spring,553,,,,
NYC,hour,2025-03-08 04:00:00,2025-03-08,4,5,1,spring,497,,,,
NYC,hour,2025-03-08 05:00:00,2025-03-08,5,5,1,spring,388,,,,
NYC,hour,2025-03-08 06:00:00,2025-03-08,6,5,1,spring,731,,,,
NYC,hour,2025-03-08 07:00:00,2025-03-08,7,5,1,spring,1635,,,,
NYC,hour,2025-03-08 08:00:00,2025-03-08,8,5,1,spring,2975,,,,
NYC,hour,2025-03-08 09:00:00,2025-03-08,9,5,1,spring,4179,,,,
NYC,hour,2025-03-08 10:00:00,2025-03-08,10,5,1,spring,5130,,,,
NYC,hour,2025-03-08 11:00:00,2025-03-08,11,5,1,spring,5935,,,,
NYC,hour,2025-03-08 12:00:00,2025-03-08,12,5,1,spring,6554,,,,
NYC,hour,2025-03-08 13:00:00,2025-03-08,13,5,1,spring,6651,,,,
NYC,hour,2025-03-08 14:00:00,2025-03-08,14,5,1,spring,6643,,,,
NYC,hour,2025-03-08 15:00:00,2025-03-08,15,5,1,spring,6374,,,,
NYC,hour,2025-03-08 16:00:00,2025-03-08,16,5,1,spring,6160,,,,
NYC,hour,2025-03-08 17:00:00,2025-03-08,17,5,1,spring,5708,,,,
NYC,hour,2025-03-08 18:00:00,2025-03-08,18,5,1,spring,5080,,,,
NYC,hour,2025-03-08 19:00:00,2025-03-08,19,5,1,spring,4185,,,,
NYC,hour,2025-03-08 20:00:00,2025-03-08,20,5,1,spring,3185,,,,
NYC,hour,2025-03-08 21:00:00,2025-03-08,21,5,1,spring,2431,,,,
NYC,hour,2025-03-08 22:00:00,2025-03-08,22,5,1,spring,2218,,,,
NYC,hour,2025-03-08 23:00:00,2025-03-08,23,5,1,spring,1917,,,,
NYC,hour,2025-03-09 00:00:00,2025-03-09,0,6,1,spring,1482,,,,
NYC,hour,2025-03-09 01:00:00,2025-03-09,1,6,1,spring,1199,,,,
NYC,hour,2025-03-09 03:00:00,2025-03-09,3,6,1,spring,837,,,,
NYC,hour,2025-03-09 04:00:00,2025-03-09,4,6,1,spring,603,,,,
NYC,hour,2025-03-09 05:00:00,2025-03-09,5,6,1,spring,445,,,,
NYC,hour,2025-03-09 06:00:00,2025-03-09,6,6,1,spring,557,,,,
NYC,hour,2025-03-09 07:00:00,2025-03-09,7,6,1,spring,896,,,,
NYC,hour,2025-03-09 08:00:00,2025-03-09,8,6,1,spring,1588,,,,
NYC,hour,2025-03-09 09:00:00,2025-03-09,9,6,1,spring,2673,,,,
NYC,hour,2025-03-09 10:00:00,2025-03-09,10,6,1,spring,3984,,,,
NYC,hour,2025-03-09 11:00:00,2025-03-09,11,6,1,spring,4911,,,,
NYC,hour,2025-03-09 12:00:00,2025-03-09,12,6,1,spring,5767,,,,
NYC,hour,2025-03-09 13:00:00,2025-03-09,13,6,1,spring,6349,,,,
NYC,hour,2025-03-09 14:00:00,2025-03-09,14,6,1,spring,6885,,,,
NYC,hour,2025-03-09 15:00:00,2025-03-09,15,6,1,spring,7291,,,,
NYC,hour,2025-03-09 16:00:00,2025-03-09,16,6,1,spring,6977,,,,
NYC,hour,2025-03-09 17:00:00,2025-03-09,17,6,1,spring,7033,,,,
NYC,hour,2025-03-09 18:00:00,2025-03-09,18,6,1,spring,6487,,,,
NYC,hour,2025-03-09 19:00:00,2025-03-09,19,6,1,spring,4895,,,,
NYC,hour,2025-03-09 20:00:00,2025-03-09,20,6,1,spring,3509,,,,
NYC,hour,2025-03-09 21:00:00,2025-03-09,21,6,1,spring,2666,,,,
NYC,hour,2025-03-09 22:00:00,2025-03-09,22,6,1,spring,2146,,,,
NYC,hour,2025-03-09 23:00:00,2025-03-09,23,6,1,spring,1478,,,,
NYC,hour,2025-03-10 00:00:00,2025-03-10,0,0,0,spring,829,,,,
NYC,hour,2025-03-10 01:00:00,2025-03-10,1,0,0,spring,386,,,,
NYC,hour,2025-03-10 02:00:00,2025-03-10,2,0,0,spring,282,,,,
NYC,hour,2025-03-10 03:00:00,2025-03-10,3,0,0,spring,169,,,,
NYC,hour,2025-03-10 04:00:00,2025-03-10,4,0,0,spring,266,,,,
NYC,hour,2025-03-10 05:00:00,2025-03-10,5,0,0,spring,985,,,,
NYC,hour,2025-03-10 06:00:00,2025-03-10,6,0,0,spring,2568,,,,
NYC,hour,2025-03-10 07:00:00,2025-03-10,7,0,0,spring,5918,,,,
NYC,hour,2025-03-10 08:00:00,2025-03-10,8,0,0,spring,9074,,,,
NYC,hour,2025-03-10 09:00:00,2025-03-10,9,0,0,spring,6033,,,,
NYC,hour,2025-03-10 10:00:00,2025-03-10,10,0,0,spring,4187,,,,
NYC,hour,2025-03-10 11:00:00,2025-03-10,11,0,0,spring,4125,,,,
NYC,hour,2025-03-10 12:00:00,2025-03-10,12,0,0,spring,4929,,,,
NYC,hour,2025-03-10 13:00:00,2025-03-10,13,0,0,spring,5512,,,,
NYC,hour,2025-03-10 14:00:00,2025-03-10,14,0,0,spring,6592,,,,
NYC,hour,2025-03-10 15:00:00,2025-03-10,15,0,0,spring,7992,,,,
NYC,hour,2025-03-10 16:00:00,2025-03-10,16,0,0,spring,9781,,,,
NYC,hour,2025-03-10 17:00:00,2025-03-10,17,0,0,spring,13420,,,,
NYC,hour,2025-03-10 18:00:00,2025-03-10,18,0,0,spring,12504,,,,
NYC,hour,2025-03-10 19:00:00,2025-03-10,19,0,0,spring,8442,,,,
NYC,hour,2025-03-10 20:00:00,2025-03-10,20,0,0,spring,5565,,,,
NYC,hour,2025-03-10 21:00:00,2025-03-10,21,0,0,spring,4033,,,,
NYC,hour,2025-03-10 22:00:00,2025-03-10,22,0,0,spring,2996,,,,
NYC,hour,2025-03-10 23:00:00,2025-03-10,23,0,0,spring,1837,,,,
NYC,hour,2025-03-11 00:00:00,2025-03-11,0,1,0,spring,904,,,,
NYC,hour,2025-03-11 01:00:00,2025-03-11,1,1,0,spring,472,,,,
NYC,hour,2025-03-11 02:00:00,2025-03-11,2,1,0,spring,268,,,,
NYC,hour,2025-03-11 03:00:00,2025-03-11,3,1,0,spring,168,,,,
NYC,hour,2025-03-11 04:00:00,2025-03-11,4,1,0,spring,294,,,,
NYC,hour,2025-03-11 05:00:00,2025-03-11,5,1,0,spring,1119,,,,
NYC,hour,2025-03-11 06:00:00,2025-03-11,6,1,0,spring,3081,,,,
NYC,hour,2025-03-11 07:00:00,2025-03-11,7,1,0,spring,7110,,,,
NYC,hour,2025-03-11 08:00:00,2025-03-11,8,1,0,spring,11239,,,,
NYC,hour,2025-03-11 09:00:00,2025-03-11,9,1,0,spring,7923,,,,
NYC,hour,2025-03-11 10:00:00,2025-03-11,10,1,0,spring,4961,,,,
NYC,hour,2025-03-11 11:00:00,2025-03-11,11,1,0,spring,4854,,,,
NYC,hour,2025-03-11 12:00:00,2025-03-11,12,1,0,spring,5768,,,,
NYC,hour,2025-03-11 13:00:00,2025-03-11,13,1,0,spring,6187,,,,
NYC,hour,2025-03-11 14:00:00,2025-03-11,14,1,0,spring,7039,,,,
NYC,hour,2025-03-11 15:00:00,2025-03-11,15,1,0,spring,8499,,,,
NYC,hour,2025-03-11 16:00:00,2025-03-11,16,1,0,spring,10153,,,,
NYC,hour,2025-03-11 17:00:00,2025-03-11,17,1,0,spring,14543,,,,
NYC,hour,2025-03-11 18:00:00,2025-03-11,18,1,0,spring,13975,,,,
NYC,hour,2025-03-11 19:00:00,2025-03-11,19,1,0,spring,8934,,,,
NYC,hour,2025-03-11 20:00:00,2025-03-11,20,1,0,spring,6099,,,,
NYC,hour,2025-03-11 21:00:00,2025-03-11,21,1,0,spring,4482,,,,
NYC,hour,2025-03-11 22:00:00,2025-03-11,22,1,0,spring,3360,,,,
NYC,hour,2025-03-11 23:00:00,2025-03-11,23,1,0,spring,2042,,,,
NYC,hour,2025-03-12 00:00:00,2025-03-12,0,2,0,spring,1053,,,,
NYC,hour,2025-03-12 01:00:00,2025-03-12,1,2,0,spring,508,,,,
NYC,hour,2025-03-12 02:00:00,2025-03-12,2,2,0,spring,291,,,,
NYC,hour,2025-03-12 03:00:00,2025-03-12,3,2,0,spring,199,,,,
NYC,hour,2025-03-12 04:00:00,2025-03-12,4,2,0,spring,281,,,,
NYC,hour,2025-03-12 05:00:00,2025-03-12,5,2,0,spring,1038,,,,
NYC,hour,2025-03-12 06:00:00,2025-03-12,6,2,0,spring,2994,,,,
NYC,hour,2025-03-12 07:00:00,2025-03-12,7,2,0,spring,6840,,,,
NYC,hour,2025-03-12 08:00:00,2025-03-12,8,2,0,spring,10797,,,,
NYC,hour,2025-03-12 09:00:00,2025-03-12,9,2,0,spring,7518,,,,
NYC,hour,2025-03-12 10:00:00,2025-03-12,10,2,0,spring,4774,,,,
NYC,hour,2025-03-12 11:00:00,2025-03-12,11,2,0,spring,4475,,,,
NYC,hour,2025-03-12 12:00:00,2025-03-12,12,2,0,spring,5232,,,,
NYC,hour,2025-03-12 13:00:00,2025-03-12,13,2,0,spring,5456,,,,
NYC,hour,2025-03-12 14:00:00,2025-03-12,14,2,0,spring,6224,,,,
NYC,hour,2025-03-12 15:00:00,2025-03-12,15,2,0,spring,7339,,,,
NYC,hour,2025-03-12 16:00:00,2025-03-12,16,2,0,spring,8837,,,,
NYC,hour,2025-03-12 17:00:00,2025-03-12,17,2,0,spring,12921,,,,
NYC,hour,2025-03-12 18:00:00,2025-03-12,18,2,0,spring,12128,,,,
NYC,hour,2025-03-12 19:00:00,2025-03-12,19,2,0,spring,8207,,,,
NYC,hour,2025-03-12 20:00:00,2025-03-12,20,2,0,spring,5423,,,,
NYC,hour,2025-03-12 21:00:00,2025-03-12,21,2,0,spring,3883,,,,
NYC,hour,2025-03-12 22:00:00,2025-03-12,22,2,0,spring,3099,,,,
NYC,hour,2025-03-12 23:00:00,2025-03-12,23,2,0,spring,1892,,,,
NYC,hour,2025-03-13 00:00:00,2025-03-13,0,3,0,spring,983,,,,
NYC,hour,2025-03-13 01:00:00,2025-03-13,1,3,0,spring,479,,,,
NYC,hour,2025-03-13 02:00:00,2025-03-13,2,3,0,spring,265,,,,
NYC,hour,2025-03-13 03:00:00,2025-03-13,3,3,0,spring,194,,,,
NYC,hour,2025-03-13 04:00:00,2025-03-13,4,3,0,spring,317,,,,
NYC,hour,2025-03-13 05:00:00,2025-03-13,5,3,0,spring,983,,,,
NYC,hour,2025-03-13 06:00:00,2025-03-13,6,3,0,spring,2855,,,,
NYC,hour,2025-03-13 07:00:00,2025-03-13,7,3,0,spring,6485,,,,
NYC,hour,2025-03-13 08:00:00,2025-03-13,8,3,0,spring,9970,,,,
NYC,hour,2025-03-13 09:00:00,2025-03-13,9,3,0,spring,7312,,,,
NYC,hour,2025-03-13 10:00:00,2025-03-13,10,3,0,spring,4770,,,,
NYC,hour,2025-03-13 11:00:00,2025-03-13,11,3,0,spring,4626,,,,
NYC,hour,2025-03-13 12:00:00,2025-03-13,12,3,0,spring,5212,,,,
NYC,hour,2025-03-13 13:00:00,2025-03-13,13,3,0,spring,5353,,,,
NYC,hour,2025-03-13 14:00:00,2025-03-13,14,3,0,spring,6270,,,,
NYC,hour,2025-03-13 15:00:00,2025-03-13,15,3,0,spring,7387,,,,
NYC,hour,2025-03-13 16:00:00,2025-03-13,16,3,0,spring,8843,,,,
NYC,hour,2025-03-13 17:00:00,2025-03-13,17,3,0,spring,11977,,,,
NYC,hour,2025-03-13 18:00:00,2025-03-13,18,3,0,spring,11293,,,,
NYC,hour,2025-03-13 19:00:00,2025-03-13,19,3,0,spring,7863,,,,
NYC,hour,2025-03-13 20:00:00,2025-03-13,20,3,0,spring,5099,,,,
NYC,hour,2025-03-13 21:00:00,2025-03-13,21,3,0,spring,3976,,,,
NYC,hour,2025-03-13 22:00:00,2025-03-13,22,3,0,spring,3180,,,,
NYC,hour,2025-03-13 23:00:00,2025-03-13,23,3,0,spring,2140,,,,
NYC,hour,2025-03-14 00:00:00,2025-03-14,0,4,0,spring,1298,,,,
NYC,hour,2025-03-14 01:00:00,2025-03-14,1,4,0,spring,649,,,,
NYC,hour,2025-03-14 02:00:00,2025-03-14,2,4,0,spring,404,,,,
NYC,hour,2025-03-14 03:00:00,2025-03-14,3,4,0,spring,258,,,,
NYC,hour,2025-03-14 04:00:00,2025-03-14,4,4,0,spring,331,,,,
NYC,hour,2025-03-14 05:00:00,2025-03-14,5,4,0,spring,919,,,,
NYC,hour,2025-03-14 06:00:00,2025-03-14,6,4,0,spring,2447,,,,
NYC,hour,2025-03-14 07:00:00,2025-03-14,7,4,0,spring,5571,,,,
NYC,hour,2025-03-14 08:00:00,2025-03-14,8,4,0,spring,8319,,,,
NYC,hour,2025-03-14 09:00:00,2025-03-14,9,4,0,spring,6350,,,,
NYC,hour,2025-03-14 10:00:00,2025-03-14,10,4,0,spring,4938,,,,
NYC,hour,2025-03-14 11:00:00,2025-03-14,11,4,0,spring,5481,,,,
NYC,hour,2025-03-14 12:00:00,2025-03-14,12,4,0,spring,6150,,,,
NYC,hour,2025-03-14 13:00:00,2025-03-14,13,4,0,spring,6855,,,,
NYC,hour,2025-03-14 14:00:00,2025-03-14,14,4,0,spring,7693,,,,
NYC,hour,2025-03-14 15:00:00,2025-03-14,15,4,0,spring,8749,,,,
NYC,hour,2025-03-14 16:00:00,2025-03-14,16,4,0,spring,9757,,,,
NYC,hour,2025-03-14 17:00:00,2025-03-14,17,4,0,spring,11612,,,,
NYC,hour,2025-03-14 18:00:00,2025-03-14,18,4,0,spring,10762,,,,
NYC,hour,2025-03-14 19:00:00,2025-03-14,19,4,0,spring,7731,,,,
NYC,hour,2025-03-14 20:00:00,2025-03-14,20,4,0,spring,5166,,,,
NYC,hour,2025-03-14 21:00:00,2025-03-14,21,4,0,spring,3836,,,,
NYC,hour,2025-03-14 22:00:00,2025-03-14,22,4,0,spring,3203,,,,
NYC,hour,2025-03-14 23:00:00,2025-03-14,23,4,0,spring,2725,,,,
NYC,hour,2025-03-15 00:00:00,2025-03-15,0,5,1,spring,1971,,,,
NYC,hour,2025-03-15 01:00:00,2025-03-15,1,5,1,spring,1205,,,,
NYC,hour,2025-03-15 02:00:00,2025-03-15,2,5,1,spring,867,,,,
NYC,hour,2025-03-15 03:00:00,2025-03-15,3,5,1,spring,581,,,,
NYC,hour,2025-03-15 04:00:00,2025-03-15,4,5,1,spring,364,,,,
NYC,hour,2025-03-15 05:00:00,2025-03-15,5,5,1,spring,340,,,,
NYC,hour,2025-03-15 06:00:00,2025-03-15,6,5,1,spring,749,,,,
NYC,hour,2025-03-15 07:00:00,2025-03-15,7,5,1,spring,1485,,,,
NYC,hour,2025-03-15 08:00:00,2025-03-15,8,5,1,spring,2794,,,,
NYC,hour,2025-03-15 09:00:00,2025-03-15,9,5,1,spring,4183,,,,
NYC,hour,2025-03-15 10:00:00,2025-03-15,10,5,1,spring,5399,,,,
NYC,hour,2025-03-15 11:00:00,2025-03-15,11,5,1,spring,6254,,,,
NYC,hour,2025-03-15 12:00:00,2025-03-15,12,5,1,spring,6996,,,,
NYC,hour,2025-03-15 13:00:00,2025-03-15,13,5,1,spring,7484,,,,
NYC,hour,2025-03-15 14:00:00,2025-03-15,14,5,1,spring,7474,,,,
NYC,hour,2025-03-15 15:00:00,2025-03-15,15,5,1,spring,7310,,,,
NYC,hour,2025-03-15 16:00:00,2025-03-15,16,5,1,spring,7177,,,,
NYC,hour,2025-03-15 17:00:00,2025-03-15,17,5,1,spring,6880,,,,
NYC,hour,2025-03-15 18:00:00,2025-03-15,18,5,1,spring,6188,,,,
NYC,hour,2025-03-15 19:00:00,2025-03-15,19,5,1,spring,5060,,,,
NYC,hour,2025-03-15 20:00:00,2025-03-15,20,5,1,spring,3863,,,,
NYC,hour,2025-03-15 21:00:00,2025-03-15,21,5,1,spring,3166,,,,
NYC,hour,2025-03-15 22:00:00,2025-03-15,22,5,1,spring,2676,,,,
NYC,hour,2025-03-15 23:00:00,2025-03-15,23,5,1,spring,2294,,,,
NYC,hour,2025-03-16 00:00:00,2025-03-16,0,6,1,spring,1949,,,,
NYC,hour,2025-03-16 01:00:00,2025-03-16,1,6,1,spring,1400,,,,
NYC,hour,2025-03-16 02:00:00,2025-03-16,2,6,1,spring,928,,,,
NYC,hour,2025-03-16 03:00:00,2025-03-16,3,6,1,spring,659,,,,
NYC,hour,2025-03-16 04:00:00,2025-03-16,4,6,1,spring,500,,,,
NYC,hour,2025-03-16 05:00:00,2025-03-16,5,6,1,spring,522,,,,
NYC,hour,2025-03-16 06:00:00,2025-03-16,6,6,1,spring,961,,,,
NYC,hour,2025-03-16 07:00:00,2025-03-16,7,6,1,spring,1416,,,,
NYC,hour,2025-03-16 08:00:00,2025-03-16,8,6,1,spring,2392,,,,
NYC,hour,2025-03-16 09:00:00,2025-03-16,9,6,1,spring,3726,,,,
NYC,hour,2025-03-16 10:00:00,2025-03-16,10,6,1,spring,5137,,,,
NYC,hour,2025-03-16 11:00:00,2025-03-16,11,6,1,spring,6549,,,,
NYC,hour,2025-03-16 12:00:00,2025-03-16,12,6,1,spring,7152,,,,
NYC,hour,2025-03-16 13:00:00,2025-03-16,13,6,1,spring,7634,,,,
NYC,hour,2025-03-16 14:00:00,2025-03-16,14,6,1,spring,7992,,,,
NYC,hour,2025-03-16 15:00:00,2025-03-16,15,6,1,spring,7946,,,,
NYC,hour,2025-03-16 16:00:00,2025-03-16,16,6,1,spring,7547,,,,
NYC,hour,2025-03-16 17:00:00,2025-03-16,17,6,1,spring,6944,,,,
NYC,hour,2025-03-16 18:00:00,2025-03-16,18,6,1,spring,6031,,,,
NYC,hour,2025-03-16 19:00:00,2025-03-16,19,6,1,spring,4224,,,,
NYC,hour,2025-03-16 20:00:00,2025-03-16,20,6,1,spring,3323,,,,
NYC,hour,2025-03-16 21:00:00,2025-03-16,21,6,1,spring,2383,,,,
NYC,hour,2025-03-16 22:00:00,2025-03-16,22,6,1,spring,1659,,,,
NYC,hour,2025-03-16 23:00:00,2025-03-16,23,6,1,spring,1252,,,,
NYC,hour,2025-03-17 00:00:00,2025-03-17,0,0,0,spring,829,,,,
NYC,hour,2025-03-17 01:00:00,2025-03-17,1,0,0,spring,265,,,,
NYC,hour,2025-03-17 02:00:00,2025-03-17,2,0,0,spring,52,,,,
NYC,hour,2025-03-17 03:00:00,2025-03-17,3,0,0,spring,67,,,,
NYC,hour,2025-03-17 04:00:00,2025-03-17,4,0,0,spring,135,,,,
NYC,hour,2025-03-17 05:00:00,2025-03-17,5,0,0,spring,369,,,,
NYC,hour,2025-03-17 06:00:00,2025-03-17,6,0,0,spring,1104,,,,
NYC,hour,2025-03-17 07:00:00,2025-03-17,7,0,0,spring,3712,,,,
NYC,hour,2025-03-17 08:00:00,2025-03-17,8,0,0,spring,5890,,,,
NYC,hour,2025-03-17 09:00:00,2025-03-17,9,0,0,spring,4593,,,,
NYC,hour,2025-03-17 10:00:00,2025-03-17,10,0,0,spring,3473,,,,
NYC,hour,2025-03-17 11:00:00,2025-03-17,11,0,0,spring,2662,,,,
NYC,hour,2025-03-17 12:00:00,2025-03-17,12,0,0,spring,3057,,,,
NYC,hour,2025-03-17 13:00:00,2025-03-17,13,0,0,spring,3771,,,,
NYC,hour,2025-03-17 14:00:00,2025-03-17,14,0,0,spring,4749,,,,
NYC,hour,2025-03-17 15:00:00,2025-03-17,15,0,0,spring,5900,,,,
NYC,hour,2025-03-17 16:00:00,2025-03-17,16,0,0,spring,7367,,,,
NYC,hour,2025-03-17 17:00:00,2025-03-17,17,0,0,spring,9891,,,,
NYC,hour,2025-03-17 18:00:00,2025-03-17,18,0,0,spring,9737,,,,
NYC,hour,2025-03-17 19:00:00,2025-03-17,19,0,0,spring,6803,,,,
NYC,hour,2025-03-17 20:00:00,2025-03-17,20,0,0,spring,4512,,,,
NYC,hour,2025-03-17 21:00:00,2025-03-17,21,0,0,spring,3368,,,,
NYC,hour,2025-03-17 22:00:00,2025-03-17,22,0,0,spring,2391,,,,
NYC,hour,2025-03-17 23:00:00,2025-03-17,23,0,0,spring,1355,,,,
NYC,hour,2025-03-18 00:00:00,2025-03-18,0,1,0,spring,670,,,,
NYC,hour,2025-03-18 01:00:00,2025-03-18,1,1,0,spring,360,,,,
NYC,hour,2025-03-18 02:00:00,2025-03-18,2,1,0,spring,201,,,,
NYC,hour,2025-03-18 03:00:00,2025-03-18,3,1,0,spring,161,,,,
NYC,hour,2025-03-18 04:00:00,2025-03-18,4,1,0,spring,270,,,,
NYC,hour,2025-03-18 05:00:00,2025-03-18,5,1,0,spring,970,,,,
NYC,hour,2025-03-18 06:00:00,2025-03-18,6,1,0,spring,2772,,,,
NYC,hour,2025-03-18 07:00:00,2025-03-18,7,1,0,spring,5887,,,,
NYC,hour,2025-03-18 08:00:00,2025-03-18,8,1,0,spring,9400,,,,
NYC,hour,2025-03-18 09:00:00,2025-03-18,9,1,0,spring,6785,,,,
NYC,hour,2025-03-18 10:00:00,2025-03-18,10,1,0,spring,4438,,,,
NYC,hour,2025-03-18 11:00:00,2025-03-18,11,1,0,spring,4264,,,,
NYC,hour,2025-03-18 12:00:00,2025-03-18,12,1,0,spring,4989,,,,
NYC,hour,2025-03-18 13:00:00,2025-03-18,13,1,0,spring,5456,,,,
NYC,hour,2025-03-18 14:00:00,2025-03-18,14,1,0,spring,6339,,,,
NYC,hour,2025-03-18 15:00:00,2025-03-18,15,1,0,spring,7693,,,,
NYC,hour,2025-03-18 16:00:00,2025-03-18,16,1,0,spring,9511,,,,
NYC,hour,2025-03-18 17:00:00,2025-03-18,17,1,0,spring,14266,,,,
NYC,hour,2025-03-18 18:00:00,2025-03-18,18,1,0,spring,13376,,,,
NYC,hour,2025-03-18 19:00:00,2025-03-18,19,1,0,spring,8871,,,,
NYC,hour,2025-03-18 20:00:00,2025-03-18,20,1,0,spring,6179,,,,
NYC,hour,2025-03-18 21:00:00,2025-03-18,21,1,0,spring,4649,,,,
NYC,hour,2025-03-18 22:00:00,2025-03-18,22,1,0,spring,3421,,,,
NYC,hour,2025-03-18 23:00:00,2025-03-18,23,1,0,spring,2030,,,,
NYC,hour,2025-03-19 00:00:00,2025-03-19,0,2,0,spring,1090,,,,
NYC,hour,2025-03-19 01:00:00,2025-03-19,1,2,0,spring,474,,,,
NYC,hour,2025-03-19 02:00:00,2025-03-19,2,2,0,spring,271,,,,
NYC,hour,2025-03-19 03:00:00,2025-03-19,3,2,0,spring,187,,,,
NYC,hour,2025-03-19 04:00:00,2025-03-19,4,2,0,spring,308,,,,
NYC,hour,2025-03-19 05:00:00,2025-03-19,5,2,0,spring,996,,,,
NYC,hour,2025-03-19 06:00:00,2025-03-19,6,2,0,spring,3062,,,,
NYC,hour,2025-03-19 07:00:00,2025-03-19,7,2,0,spring,6692,,,,
NYC,hour,2025-03-19 08:00:00,2025-03-19,8,2,0,spring,10838,,,,
NYC,hour,2025-03-19 09:00:00,2025-03-19,9,2,0,spring,8076,,,,
NYC,hour,2025-03-19 10:00:00,2025-03-19,10,2,0,spring,5178,,,,
NYC,hour,2025-03-19 11:00:00,2025-03-19,11,2,0,spring,5076,,,,
NYC,hour,2025-03-19 12:00:00,2025-03-19,12,2,0,spring,5991,,,,
NYC,hour,2025-03-19 13:00:00,2025-03-19,13,2,0,spring,6459,,,,
NYC,hour,2025-03-19 14:00:00,2025-03-19,14,2,0,spring,7358,,,,
NYC,hour,2025-03-19 15:00:00,2025-03-19,15,2,0,spring,8368,,,,
NYC,hour,2025-03-19 16:00:00,2025-03-19,16,2,0,spring,10159,,,,
NYC,hour,2025-03-19 17:00:00,2025-03-19,17,2,0,spring,14196,,,,
NYC,hour,2025-03-19 18:00:00,2025-03-19,18,2,0,spring,12825,,,,
NYC,hour,2025-03-19 19:00:00,2025-03-19,19,2,0,spring,8587,,,,
NYC,hour,2025-03-19 20:00:00,2025-03-19,20,2,0,spring,5729,,,,
NYC,hour,2025-03-19 21:00:00,2025-03-19,21,2,0,spring,4174,,,,
NYC,hour,2025-03-19 22:00:00,2025-03-19,22,2,0,spring,3412,,,,
NYC,hour,2025-03-19 23:00:00,2025-03-19,23,2,0,spring,2070,,,,
NYC,hour,2025-03-20 00:00:00,2025-03-20,0,3,0,spring,1095,,,,
NYC,hour,2025-03-20 01:00:00,2025-03-20,1,3,0,spring,479,,,,
NYC,hour,2025-03-20 02:00:00,2025-03-20,2,3,0,spring,290,,,,
NYC,hour,2025-03-20 03:00:00,2025-03-20,3,3,0,spring,184,,,,
NYC,hour,2025-03-20 04:00:00,2025-03-20,4,3,0,spring,272,,,,
NYC,hour,2025-03-20 05:00:00,2025-03-20,5,3,0,spring,927,,,,
NYC,hour,2025-03-20 06:00:00,2025-03-20,6,3,0,spring,2590,,,,
NYC,hour,2025-03-20 07:00:00,2025-03-20,7,3,0,spring,5244,,,,
NYC,hour,2025-03-20 08:00:00,2025-03-20,8,3,0,spring,8493,,,,
NYC,hour,2025-03-20 09:00:00,2025-03-20,9,3,0,spring,6058,,,,
NYC,hour,2025-03-20 10:00:00,2025-03-20,10,3,0,spring,4218,,,,
NYC,hour,2025-03-20 11:00:00,2025-03-20,11,3,0,spring,4113,,,,
NYC,hour,2025-03-20 12:00:00,2025-03-20,12,3,0,spring,4793,,,,
NYC,hour,2025-03-20 13:00:00,2025-03-20,13,3,0,spring,4987,,,,
NYC,hour,2025-03-20 14:00:00,2025-03-20,14,3,0,spring,5645,,,,
NYC,hour,2025-03-20 15:00:00,2025-03-20,15,3,0,spring,6809,,,,
NYC,hour,2025-03-20 16:00:00,2025-03-20,16,3,0,spring,8094,,,,
NYC,hour,2025-03-20 17:00:00,2025-03-20,17,3,0,spring,10780,,,,
NYC,hour,2025-03-20 18:00:00,2025-03-20,18,3,0,spring,10358,,,,
NYC,hour,2025-03-20 19:00:00,2025-03-20,19,3,0,spring,7365,,,,
NYC,hour,2025-03-20 20:00:00,2025-03-20,20,3,0,spring,3489,,,,
NYC,hour,2025-03-20 21:00:00,2025-03-20,21,3,0,spring,907,,,,
NYC,hour,2025-03-20 22:00:00,2025-03-20,22,3,0,spring,565,,,,
NYC,hour,2025-03-20 23:00:00,2025-03-20,23,3,0,spring,365,,,,
NYC,hour,2025-03-21 00:00:00,2025-03-21,0,4,0,spring,319,,,,
NYC,hour,2025-03-21 01:00:00,2025-03-21,1,4,0,spring,285,,,,
NYC,hour,2025-03-21 02:00:00,2025-03-21,2,4,0,spring,281,,,,
NYC,hour,2025-03-21 03:00:00,2025-03-21,3,4,0,spring,184,,,,
NYC,hour,2025-03-21 04:00:00,2025-03-21,4,4,0,spring,319,,,,
NYC,hour,2025-03-21 05:00:00,2025-03-21,5,4,0,spring,837,,,,
NYC,hour,2025-03-21 06:00:00,2025-03-21,6,4,0,spring,2131,,,,
NYC,hour,2025-03-21 07:00:00,2025-03-21,7,4,0,spring,4606,,,,
NYC,hour,2025-03-21 08:00:00,2025-03-21,8,4,0,spring,6809,,,,
NYC,hour,2025-03-21 09:00:00,2025-03-21,9,4,0,spring,5555,,,,
NYC,hour,2025-03-21 10:00:00,2025-03-21,10,4,0,spring,4189,,,,
NYC,hour,2025-03-21 11:00:00,2025-03-21,11,4,0,spring,4559,,,,
NYC,hour,2025-03-21 12:00:00,2025-03-21,12,4,0,spring,5284,,,,
NYC,hour,2025-03-21 13:00:00,2025-03-21,13,4,0,spring,5854,,,,
NYC,hour,2025-03-21 14:00:00,2025-03-21,14,4,0,spring,6435,,,,
NYC,hour,2025-03-21 15:00:00,2025-03-21,15,4,0,spring,7204,,,,
NYC,hour,2025-03-21 16:00:00,2025-03-21,16,4,0,spring,8472,,,,
NYC,hour,2025-03-21 17:00:00,2025-03-21,17,4,0,spring,9855,,,,
NYC,hour,2025-03-21 18:00:00,2025-03-21,18,4,0,spring,9495,,,,
NYC,hour,2025-03-21 19:00:00,2025-03-21,19,4,0,spring,7089,,,,
NYC,hour,2025-03-21 20:00:00,2025-03-21,20,4,0,spring,4623,,,,
NYC,hour,2025-03-21 21:00:00,2025-03-21,21,4,0,spring,3663,,,,
NYC,hour,2025-03-21 22:00:00,2025-03-21,22,4,0,spring,3174,,,,
NYC,hour,2025-03-21 23:00:00,2025-03-21,23,4,0,spring,2649,,,,
NYC,hour,2025-03-22 00:00:00,2025-03-22,0,5,1,spring,2059,,,,
NYC,hour,2025-03-22 01:00:00,2025-03-22,1,5,1,spring,1359,,,,
NYC,hour,2025-03-22 02:00:00,2025-03-22,2,5,1,spring,949,,,,
NYC,hour,2025-03-22 03:00:00,2025-03-22,3,5,1,spring,674,,,,
NYC,hour,2025-03-22 04:00:00,2025-03-22,4,5,1,spring,553,,,,
NYC,hour,2025-03-22 05:00:00,2025-03-22,5,5,1,spring,432,,,,
NYC,hour,2025-03-22 06:00:00,2025-03-22,6,5,1,spring,729,,,,
NYC,hour,2025-03-22 07:00:00,2025-03-22,7,5,1,spring,1465,,,,
NYC,hour,2025-03-22 08:00:00,2025-03-22,8,5,1,spring,2916,,,,
NYC,hour,2025-03-22 09:00:00,2025-03-22,9,5,1,spring,4714,,,,
NYC,hour,2025-03-22 10:00:00,2025-03-22,10,5,1,spring,6257,,,,
NYC,hour,2025-03-22 11:00:00,2025-03-22,11,5,1,spring,7506,,,,
NYC,hour,2025-03-22 12:00:00,2025-03-22,12,5,1,spring,8730,,,,
NYC,hour,2025-03-22 13:00:00,2025-03-22,13,5,1,spring,9324,,,,
NYC,hour,2025-03-22 14:00:00,2025-03-22,14,5,1,spring,9787,,,,
NYC,hour,2025-03-22 15:00:00,2025-03-22,15,5,1,spring,8993,,,,
NYC,hour,2025-03-22 16:00:00,2025-03-22,16,5,1,spring,8790,,,,
NYC,hour,2025-03-22 17:00:00,2025-03-22,17,5,1,spring,8644,,,,
NYC,hour,2025-03-22 18:00:00,2025-03-22,18,5,1,spring,8117,,,,
NYC,hour,2025-03-22 19:00:00,2025-03-22,19,5,1,spring,6345,,,,
NYC,hour,2025-03-22 20:00:00,2025-03-22,20,5,1,spring,4026,,,,
NYC,hour,2025-03-22 21:00:00,2025-03-22,21,5,1,spring,3291,,,,
NYC,hour,2025-03-22 22:00:00,2025-03-22,22,5,1,spring,2852,,,,
NYC,hour,2025-03-22 23:00:00,2025-03-22,23,5,1,spring,2595,,,,
NYC,hour,2025-03-23 00:00:00,2025-03-23,0,6,1,spring,1834,,,,
NYC,hour,2025-03-23 01:00:00,2025-03-23,1,6,1,spring,1092,,,,
NYC,hour,2025-03-23 02:00:00,2025-03-23,2,6,1,spring,787,,,,
NYC,hour,2025-03-23 03:00:00,2025-03-23,3,6,1,spring,476,,,,
NYC,hour,2025-03-23 04:00:00,2025-03-23,4,6,1,spring,332,,,,
NYC,hour,2025-03-23 05:00:00,2025-03-23,5,6,1,spring,294,,,,
NYC,hour,2025-03-23 06:00:00,2025-03-23,6,6,1,spring,579,,,,
NYC,hour,2025-03-23 07:00:00,2025-03-23,7,6,1,spring,1074,,,,
NYC,hour,2025-03-23 08:00:00,2025-03-23,8,6,1,spring,1858,,,,
NYC,hour,2025-03-23 09:00:00,2025-03-23,9,6,1,spring,3135,,,,
NYC,hour,2025-03-23 10:00:00,2025-03-23,10,6,1,spring,4517,,,,
NYC,hour,2025-03-23 11:00:00,2025-03-23,11,6,1,spring,5567,,,,
NYC,hour,2025-03-23 12:00:00,2025-03-23,12,6,1,spring,6412,,,,
NYC,hour,2025-03-23 13:00:00,2025-03-23,13,6,1,spring,6649,,,,
NYC,hour,2025-03-23 14:00:00,2025-03-23,14,6,1,spring,6956,,,,
NYC,hour,2025-03-23 15:00:00,2025-03-23,15,6,1,spring,7461,,,,
NYC,hour,2025-03-23 16:00:00,2025-03-23,16,6,1,spring,7223,,,,
NYC,hour,2025-03-23 17:00:00,2025-03-23,17,6,1,spring,7110,,,,
NYC,hour,2025-03-23 18:00:00,2025-03-23,18,6,1,spring,6223,,,,
NYC,hour,2025-03-23 19:00:00,2025-03-23,19,6,1,spring,4413,,,,
NYC,hour,2025-03-23 20:00:00,2025-03-23,20,6,1,spring,3249,,,,
NYC,hour,2025-03-23 21:00:00,2025-03-23,21,6,1,spring,2320,,,,
NYC,hour,2025-03-23 22:00:00,2025-03-23,22,6,1,spring,1923,,,,
NYC,hour,2025-03-23 23:00:00,2025-03-23,23,6,1,spring,1225,,,,
NYC,hour,2025-03-24 00:00:00,2025-03-24,0,0,0,spring,706,,,,
NYC,hour,2025-03-24 01:00:00,2025-03-24,1,0,0,spring,346,,,,
NYC,hour,2025-03-24 02:00:00,2025-03-24,2,0,0,spring,243,,,,
NYC,hour,2025-03-24 03:00:00,2025-03-24,3,0,0,spring,139,,,,
NYC,hour,2025-03-24 04:00:00,2025-03-24,4,0,0,spring,201,,,,
NYC,hour,2025-03-24 05:00:00,2025-03-24,5,0,0,spring,550,,,,
NYC,hour,2025-03-24 06:00:00,2025-03-24,6,0,0,spring,1170,,,,
NYC,hour,2025-03-24 07:00:00,2025-03-24,7,0,0,spring,3305,,,,
NYC,hour,2025-03-24 08:00:00,2025-03-24,8,0,0,spring,4579,,,,
NYC,hour,2025-03-24 09:00:00,2025-03-24,9,0,0,spring,2615,,,,
NYC,hour,2025-03-24 10:00:00,2025-03-24,10,0,0,spring,1189,,,,
NYC,hour,2025-03-24 11:00:00,2025-03-24,11,0,0,spring,1265,,,,
NYC,hour,2025-03-24 12:00:00,2025-03-24,12,0,0,spring,1682,,,,
NYC,hour,2025-03-24 13:00:00,2025-03-24,13,0,0,spring,1286,,,,
NYC,hour,2025-03-24 14:00:00,2025-03-24,14,0,0,spring,1531,,,,
NYC,hour,2025-03-24 15:00:00,2025-03-24,15,0,0,spring,1942,,,,
NYC,hour,2025-03-24 16:00:00,2025-03-24,16,0,0,spring,2746,,,,
NYC,hour,2025-03-24 17:00:00,2025-03-24,17,0,0,spring,6982,,,,
NYC,hour,2025-03-24 18:00:00,2025-03-24,18,0,0,spring,8030,,,,
NYC,hour,2025-03-24 19:00:00,2025-03-24,19,0,0,spring,5963,,,,
NYC,hour,2025-03-24 20:00:00,2025-03-24,20,0,0,spring,4259,,,,
NYC,hour,2025-03-24 21:00:00,2025-03-24,21,0,0,spring,3161,,,,
NYC,hour,2025-03-24 22:00:00,2025-03-24,22,0,0,spring,2245,,,,
NYC,hour,2025-03-24 23:00:00,2025-03-24,23,0,0,spring,1522,,,,
NYC,hour,2025-03-25 00:00:00,2025-03-25,0,1,0,spring,726,,,,
NYC,hour,2025-03-25 01:00:00,2025-03-25,1,1,0,spring,381,,,,
NYC,hour,2025-03-25 02:00:00,2025-03-25,2,1,0,spring,252,,,,
NYC,hour,2025-03-25 03:00:00,2025-03-25,3,1,0,spring,199,,,,
NYC,hour,2025-03-25 04:00:00,2025-03-25,4,1,0,spring,305,,,,
NYC,hour,2025-03-25 05:00:00,2025-03-25,5,1,0,spring,1040,,,,
NYC,hour,2025-03-25 06:00:00,2025-03-25,6,1,0,spring,3056,,,,
NYC,hour,2025-03-25 07:00:00,2025-03-25,7,1,0,spring,6622,,,,
NYC,hour,2025-03-25 08:00:00,2025-03-25,8,1,0,spring,10466,,,,
NYC,hour,2025-03-25 09:00:00,2025-03-25,9,1,0,spring,7261,,,,
NYC,hour,2025-03-25 10:00:00,2025-03-25,10,1,0,spring,4705,,,,
NYC,hour,2025-03-25 11:00:00,2025-03-25,11,1,0,spring,4564,,,,
NYC,hour,2025-03-25 12:00:00,2025-03-25,12,1,0,spring,5004,,,,
NYC,hour,2025-03-25 13:00:00,2025-03-25,13,1,0,spring,5231,,,,
NYC,hour,2025-03-25 14:00:00,2025-03-25,14,1,0,spring,6214,,,,
NYC,hour,2025-03-25 15:00:00,2025-03-25,15,1,0,spring,7442,,,,
NYC,hour,2025-03-25 16:00:00,2025-03-25,16,1,0,spring,9355,,,,
NYC,hour,2025-03-25 17:00:00,2025-03-25,17,1,0,spring,13424,,,,
NYC,hour,2025-03-25 18:00:00,2025-03-25,18,1,0,spring,12662,,,,
NYC,hour,2025-03-25 19:00:00,2025-03-25,19,1,0,spring,8854,,,,
NYC,hour,2025-03-25 20:00:00,2025-03-25,20,1,0,spring,5984,,,,
NYC,hour,2025-03-25 21:00:00,2025-03-25,21,1,0,spring,4479,,,,
NYC,hour,2025-03-25 22:00:00,2025-03-25,22,1,0,spring,3480,,,,
NYC,hour,2025-03-25 23:00:00,2025-03-25,23,1,0,spring,2007,,,,
NYC,hour,2025-03-26 00:00:00,2025-03-26,0,2,0,spring,1056,,,,
NYC,hour,2025-03-26 01:00:00,2025-03-26,1,2,0,spring,479,,,,
NYC,hour,2025-03-26 02:00:00,2025-03-26,2,2,0,spring,309,,,,
NYC,hour,2025-03-26 03:00:00,2025-03-26,3,2,0,spring,180,,,,
NYC,hour,2025-03-26 04:00:00,2025-03-26,4,2,0,spring,311,,,,
NYC,hour,2025-03-26 05:00:00,2025-03-26,5,2,0,spring,974,,,,
NYC,hour,2025-03-26 06:00:00,2025-03-26,6,2,0,spring,2929,,,,
NYC,hour,2025-03-26 07:00:00,2025-03-26,7,2,0,spring,6557,,,,
NYC,hour,2025-03-26 08:00:00,2025-03-26,8,2,0,spring,10261,,,,
NYC,hour,2025-03-26 09:00:00,2025-03-26,9,2,0,spring,7386,,,,
NYC,hour,2025-03-26 10:00:00,2025-03-26,10,2,0,spring,4737,,,,
NYC,hour,2025-03-26 11:00:00,2025-03-26,11,2,0,spring,4426,,,,
NYC,hour,2025-03-26 12:00:00,2025-03-26,12,2,0,spring,5123,,,,
NYC,hour,2025-03-26 13:00:00,2025-03-26,13,2,0,spring,5022,,,,
NYC,hour,2025-03-26 14:00:00,2025-03-26,14,2,0,spring,5443,,,,
NYC,hour,2025-03-26 15:00:00,2025-03-26,15,2,0,spring,6239,,,,
NYC,hour,2025-03-26 16:00:00,2025-03-26,16,2,0,spring,7539,,,,
NYC,hour,2025-03-26 17:00:00,2025-03-26,17,2,0,spring,11268,,,,
NYC,hour,2025-03-26 18:00:00,2025-03-26,18,2,0,spring,10753,,,,
NYC,hour,2025-03-26 19:00:00,2025-03-26,19,2,0,spring,7494,,,,
NYC,hour,2025-03-26 20:00:00,2025-03-26,20,2,0,spring,4807,,,,
NYC,hour,2025-03-26 21:00:00,2025-03-26,21,2,0,spring,3635,,,,
NYC,hour,2025-03-26 22:00:00,2025-03-26,22,2,0,spring,2931,,,,
NYC,hour,2025-03-26 23:00:00,2025-03-26,23,2,0,spring,1735,,,,
NYC,hour,2025-03-27 00:00:00,2025-03-27,0,3,0,spring,962,,,,
NYC,hour,2025-03-27 01:00:00,2025-03-27,1,3,0,spring,468,,,,
NYC,hour,2025-03-27 02:00:00,2025-03-27,2,3,0,spring,273,,,,
NYC,hour,2025-03-27 03:00:00,2025-03-27,3,3,0,spring,196,,,,
NYC,hour,2025-03-27 04:00:00,2025-03-27,4,3,0,spring,309,,,,
NYC,hour,2025-03-27 05:00:00,2025-03-27,5,3,0,spring,971,,,,
NYC,hour,2025-03-27 06:00:00,2025-03-27,6,3,0,spring,2709,,,,
NYC,hour,2025-03-27 07:00:00,2025-03-27,7,3,0,spring,6053,,,,
NYC,hour,2025-03-27 08:00:00,2025-03-27,8,3,0,spring,9330,,,,
NYC,hour,2025-03-27 09:00:00,2025-03-27,9,3,0,spring,6819,,,,
NYC,hour,2025-03-27 10:00:00,2025-03-27,10,3,0,spring,4351,,,,
NYC,hour,2025-03-27 11:00:00,2025-03-27,11,3,0,spring,4278,,,,
NYC,hour,2025-03-27 12:00:00,2025-03-27,12,3,0,spring,4907,,,,
NYC,hour,2025-03-27 13:00:00,2025-03-27,13,3,0,spring,5189,,,,
NYC,hour,2025-03-27 14:00:00,2025-03-27,14,3,0,spring,6221,,,,
NYC,hour,2025-03-27 15:00:00,2025-03-27,15,3,0,spring,7040,,,,
NYC,hour,2025-03-27 16:00:00,2025-03-27,16,3,0,spring,8363,,,,
NYC,hour,2025-03-27 17:00:00,2025-03-27,17,3,0,spring,12022,,,,
NYC,hour,2025-03-27 18:00:00,2025-03-27,18,3,0,spring,11683,,,,
NYC,hour,2025-03-27 19:00:00,2025-03-27,19,3,0,spring,8483,,,,
NYC,hour,2025-03-27 20:00:00,2025-03-27,20,3,0,spring,5422,,,,
NYC,hour,2025-03-27 21:00:00,2025-03-27,21,3,0,spring,4210,,,,
NYC,hour,2025-03-27 22:00:00,2025-03-27,22,3,0,spring,3323,,,,
NYC,hour,2025-03-27 23:00:00,2025-03-27,23,3,0,spring,2276,,,,
NYC,hour,2025-03-28 00:00:00,2025-03-28,0,4,0,spring,1261,,,,
NYC,hour,2025-03-28 01:00:00,2025-03-28,1,4,0,spring,741,,,,
NYC,hour,2025-03-28 02:00:00,2025-03-28,2,4,0,spring,424,,,,
NYC,hour,2025-03-28 03:00:00,2025-03-28,3,4,0,spring,290,,,,
NYC,hour,2025-03-28 04:00:00,2025-03-28,4,4,0,spring,323,,,,
NYC,hour,2025-03-28 05:00:00,2025-03-28,5,4,0,spring,944,,,,
NYC,hour,2025-03-28 06:00:00,2025-03-28,6,4,0,spring,2508,,,,
NYC,hour,2025-03-28 07:00:00,2025-03-28,7,4,0,spring,5441,,,,
NYC,hour,2025-03-28 08:00:00,2025-03-28,8,4,0,spring,8139,,,,
NYC,hour,2025-03-28 09:00:00,2025-03-28,9,4,0,spring,6758,,,,
NYC,hour,2025-03-28 10:00:00,2025-03-28,10,4,0,spring,5285,,,,
NYC,hour,2025-03-28 11:00:00,2025-03-28,11,4,0,spring,5821,,,,
NYC,hour,2025-03-28 12:00:00,2025-03-28,12,4,0,spring,6496,,,,
NYC,hour,2025-03-28 13:00:00,2025-03-28,13,4,0,spring,7096,,,,
NYC,hour,2025-03-28 14:00:00,2025-03-28,14,4,0,spring,8108,,,,
NYC,hour,2025-03-28 15:00:00,2025-03-28,15,4,0,spring,8794,,,,
NYC,hour,2025-03-28 16:00:00,2025-03-28,16,4,0,spring,10110,,,,
NYC,hour,2025-03-28 17:00:00,2025-03-28,17,4,0,spring,11643,,,,
NYC,hour,2025-03-28 18:00:00,2025-03-28,18,4,0,spring,10902,,,,
NYC,hour,2025-03-28 19:00:00,2025-03-28,19,4,0,spring,8149,,,,
NYC,hour,2025-03-28 20:00:00,2025-03-28,20,4,0,spring,3201,,,,
NYC,hour,2025-03-28 21:00:00,2025-03-28,21,4,0,spring,3057,,,,
NYC,hour,2025-03-28 22:00:00,2025-03-28,22,4,0,spring,3316,,,,
NYC,hour,2025-03-28 23:00:00,2025-03-28,23,4,0,spring,2716,,,,
NYC,hour,2025-03-29 00:00:00,2025-03-29,0,5,1,spring,2210,,,,
NYC,hour,2025-03-29 01:00:00,2025-03-29,1,5,1,spring,1547,,,,
NYC,hour,2025-03-29 02:00:00,2025-03-29,2,5,1,spring,1056,,,,
NYC,hour,2025-03-29 03:00:00,2025-03-29,3,5,1,spring,711,,,,
NYC,hour,2025-03-29 04:00:00,2025-03-29,4,5,1,spring,506,,,,
NYC,hour,2025-03-29 05:00:00,2025-03-29,5,5,1,spring,461,,,,
NYC,hour,2025-03-29 06:00:00,2025-03-29,6,5,1,spring,1027,,,,
NYC,hour,2025-03-29 07:00:00,2025-03-29,7,5,1,spring,2034,,,,
NYC,hour,2025-03-29 08:00:00,2025-03-29,8,5,1,spring,3759,,,,
NYC,hour,2025-03-29 09:00:00,2025-03-29,9,5,1,spring,6111,,,,
NYC,hour,2025-03-29 10:00:00,2025-03-29,10,5,1,spring,8518,,,,
NYC,hour,2025-03-29 11:00:00,2025-03-29,11,5,1,spring,10854,,,,
NYC,hour,2025-03-29 12:00:00,2025-03-29,12,5,1,spring,13287,,,,
NYC,hour,2025-03-29 13:00:00,2025-03-29,13,5,1,spring,14391,,,,
NYC,hour,2025-03-29 14:00:00,2025-03-29,14,5,1,spring,13920,,,,
NYC,hour,2025-03-29 15:00:00,2025-03-29,15,5,1,spring,13213,,,,
NYC,hour,2025-03-29 16:00:00,2025-03-29,16,5,1,spring,12525,,,,
NYC,hour,2025-03-29 17:00:00,2025-03-29,17,5,1,spring,11151,,,,
NYC,hour,2025-03-29 18:00:00,2025-03-29,18,5,1,spring,7898,,,,
NYC,hour,2025-03-29 19:00:00,2025-03-29,19,5,1,spring,5387,,,,
NYC,hour,2025-03-29 20:00:00,2025-03-29,20,5,1,spring,3798,,,,
NYC,hour,2025-03-29 21:00:00,2025-03-29,21,5,1,spring,3280,,,,
NYC,hour,2025-03-29 22:00:00,2025-03-29,22,5,1,spring,2998,,,,
NYC,hour,2025-03-29 23:00:00,2025-03-29,23,5,1,spring,2998,,,,
NYC,hour,2025-03-30 00:00:00,2025-03-30,0,6,1,spring,2231,,,,
NYC,hour,2025-03-30 01:00:00,2025-03-30,1,6,1,spring,1475,,,,
NYC,hour,2025-03-30 02:00:00,2025-03-30,2,6,1,spring,987,,,,
NYC,hour,2025-03-30 03:00:00,2025-03-30,3,6,1,spring,695,,,,
NYC,hour,2025-03-30 04:00:00,2025-03-30,4,6,1,spring,546,,,,
NYC,hour,2025-03-30 05:00:00,2025-03-30,5,6,1,spring,376,,,,
NYC,hour,2025-03-30 06:00:00,2025-03-30,6,6,1,spring,731,,,,
NYC,hour,2025-03-30 07:00:00,2025-03-30,7,6,1,spring,1372,,,,
NYC,hour,2025-03-30 08:00:00,2025-03-30,8,6,1,spring,2371,,,,
NYC,hour,2025-03-30 09:00:00,2025-03-30,9,6,1,spring,3855,,,,
NYC,hour,2025-03-30 10:00:00,2025-03-30,10,6,1,spring,5116,,,,
NYC,hour,2025-03-30 11:00:00,2025-03-30,11,6,1,spring,6101,,,,
NYC,hour,2025-03-30 12:00:00,2025-03-30,12,6,1,spring,6768,,,,
NYC,hour,2025-03-30 13:00:00,2025-03-30,13,6,1,spring,6907,,,,
NYC,hour,2025-03-30 14:00:00,2025-03-30,14,6,1,spring,6947,,,,
NYC,hour,2025-03-30 15:00:00,2025-03-30,15,6,1,spring,7127,,,,
NYC,hour,2025-03-30 16:00:00,2025-03-30,16,6,1,spring,6949,,,,
NYC,hour,2025-03-30 17:00:00,2025-03-30,17,6,1,spring,6922,,,,
NYC,hour,2025-03-30 18:00:00,2025-03-30,18,6,1,spring,6215,,,,
NYC,hour,2025-03-30 19:00:00,2025-03-30,19,6,1,spring,4967,,,,
NYC,hour,2025-03-30 20:00:00,2025-03-30,20,6,1,spring,3705,,,,
NYC,hour,2025-03-30 21:00:00,2025-03-30,21,6,1,spring,2646,,,,
NYC,hour,2025-03-30 22:00:00,2025-03-30,22,6,1,spring,1161,,,,
NYC,hour,2025-03-30 23:00:00,2025-03-30,23,6,1,spring,1030,,,,
NYC,hour,2025-03-31 00:00:00,2025-03-31,0,0,0,spring,724,,,,
NYC,hour,2025-03-31 01:00:00,2025-03-31,1,0,0,spring,411,,,,
NYC,hour,2025-03-31 02:00:00,2025-03-31,2,0,0,spring,236,,,,
NYC,hour,2025-03-31 03:00:00,2025-03-31,3,0,0,spring,188,,,,
NYC,hour,2025-03-31 04:00:00,2025-03-31,4,0,0,spring,299,,,,
NYC,hour,2025-03-31 05:00:00,2025-03-31,5,0,0,spring,958,,,,
NYC,hour,2025-03-31 06:00:00,2025-03-31,6,0,0,spring,2641,,,,
NYC,hour,2025-03-31 07:00:00,2025-03-31,7,0,0,spring,5044,,,,
NYC,hour,2025-03-31 08:00:00,2025-03-31,8,0,0,spring,7849,,,,
NYC,hour,2025-03-31 09:00:00,2025-03-31,9,0,0,spring,6117,,,,
NYC,hour,2025-03-31 10:00:00,2025-03-31,10,0,0,spring,4300,,,,
NYC,hour,2025-03-31 11:00:00,2025-03-31,11,0,0,spring,4603,,,,
NYC,hour,2025-03-31 12:00:00,2025-03-31,12,0,0,spring,5369,,,,
NYC,hour,2025-03-31 13:00:00,2025-03-31,13,0,0,spring,5931,,,,
NYC,hour,2025-03-31 14:00:00,2025-03-31,14,0,0,spring,6643,,,,
NYC,hour,2025-03-31 15:00:00,2025-03-31,15,0,0,spring,7871,,,,
NYC,hour,2025-03-31 16:00:00,2025-03-31,16,0,0,spring,9490,,,,
NYC,hour,2025-03-31 17:00:00,2025-03-31,17,0,0,spring,12541,,,,
NYC,hour,2025-03-31 18:00:00,2025-03-31,18,0,0,spring,8796,,,,
NYC,hour,2025-03-31 19:00:00,2025-03-31,19,0,0,spring,5991,,,,
NYC,hour,2025-03-31 20:00:00,2025-03-31,20,0,0,spring,4301,,,,
NYC,hour,2025-03-31 21:00:00,2025-03-31,21,0,0,spring,1586,,,,
NYC,hour,2025-03-31 22:00:00,2025-03-31,22,0,0,spring,536,,,,
NYC,hour,2025-03-31 23:00:00,2025-03-31,23,0,0,spring,466,,,,
NYC,hour,2025-04-01 00:00:00,2025-04-01,0,1,0,spring,268,,,,
NYC,hour,2025-04-01 01:00:00,2025-04-01,1,1,0,spring,175,,,,
NYC,hour,2025-04-01 02:00:00,2025-04-01,2,1,0,spring,141,,,,
NYC,hour,2025-04-01 03:00:00,2025-04-01,3,1,0,spring,119,,,,
NYC,hour,2025-04-01 04:00:00,2025-04-01,4,1,0,spring,262,,,,
NYC,hour,2025-04-01 05:00:00,2025-04-01,5,1,0,spring,1055,,,,
NYC,hour,2025-04-01 06:00:00,2025-04-01,6,1,0,spring,3085,,,,
NYC,hour,2025-04-01 07:00:00,2025-04-01,7,1,0,spring,6893,,,,
NYC,hour,2025-04-01 08:00:00,2025-04-01,8,1,0,spring,10400,,,,
NYC,hour,2025-04-01 09:00:00,2025-04-01,9,1,0,spring,7289,,,,
NYC,hour,2025-04-01 10:00:00,2025-04-01,10,1,0,spring,4499,,,,
NYC,hour,2025-04-01 11:00:00,2025-04-01,11,1,0,spring,4455,,,,
NYC,hour,2025-04-01 12:00:00,2025-04-01,12,1,0,spring,4861,,,,
NYC,hour,2025-04-01 13:00:00,2025-04-01,13,1,0,spring,5375,,,,
NYC,hour,2025-04-01 14:00:00,2025-04-01,14,1,0,spring,6186,,,,
NYC,hour,2025-04-01 15:00:00,2025-04-01,15,1,0,spring,7363,,,,
NYC,hour,2025-04-01 16:00:00,2025-04-01,16,1,0,spring,9066,,,,
NYC,hour,2025-04-01 17:00:00,2025-04-01,17,1,0,spring,13392,,,,
NYC,hour,2025-04-01 18:00:00,2025-04-01,18,1,0,spring,12569,,,,
NYC,hour,2025-04-01 19:00:00,2025-04-01,19,1,0,spring,8489,,,,
NYC,hour,2025-04-01 20:00:00,2025-04-01,20,1,0,spring,5743,,,,
NYC,hour,2025-04-01 21:00:00,2025-04-01,21,1,0,spring,4266,,,,
NYC,hour,2025-04-01 22:00:00,2025-04-01,22,1,0,spring,3171,,,,
NYC,hour,2025-04-01 23:00:00,2025-04-01,23,1,0,spring,1840,,,,
NYC,hour,2025-04-02 00:00:00,2025-04-02,0,2,0,spring,865,,,,
NYC,hour,2025-04-02 01:00:00,2025-04-02,1,2,0,spring,396,,,,
NYC,hour,2025-04-02 02:00:00,2025-04-02,2,2,0,spring,219,,,,
NYC,hour,2025-04-02 03:00:00,2025-04-02,3,2,0,spring,155,,,,
NYC,hour,2025-04-02 04:00:00,2025-04-02,4,2,0,spring,266,,,,
NYC,hour,2025-04-02 05:00:00,2025-04-02,5,2,0,spring,980,,,,
NYC,hour,2025-04-02 06:00:00,2025-04-02,6,2,0,spring,3007,,,,
NYC,hour,2025-04-02 07:00:00,2025-04-02,7,2,0,spring,6815,,,,
NYC,hour,2025-04-02 08:00:00,2025-04-02,8,2,0,spring,10483,,,,
NYC,hour,2025-04-02 09:00:00,2025-04-02,9,2,0,spring,7391,,,,
NYC,hour,2025-04-02 10:00:00,2025-04-02,10,2,0,spring,4886,,,,
NYC,hour,2025-04-02 11:00:00,2025-04-02,11,2,0,spring,4751,,,,
NYC,hour,2025-04-02 12:00:00,2025-04-02,12,2,0,spring,5370,,,,
NYC,hour,2025-04-02 13:00:00,2025-04-02,13,2,0,spring,5725,,,,
NYC,hour,2025-04-02 14:00:00,2025-04-02,14,2,0,spring,6153,,,,
NYC,hour,2025-04-02 15:00:00,2025-04-02,15,2,0,spring,6948,,,,
NYC,hour,2025-04-02 16:00:00,2025-04-02,16,2,0,spring,7966,,,,
NYC,hour,2025-04-02 17:00:00,2025-04-02,17,2,0,spring,11559,,,,
NYC,hour,2025-04-02 18:00:00,2025-04-02,18,2,0,spring,10702,,,,
NYC,hour,2025-04-02 19:00:00,2025-04-02,19,2,0,spring,5644,,,,
NYC,hour,2025-04-02 20:00:00,2025-04-02,20,2,0,spring,4295,,,,
NYC,hour,2025-04-02 21:00:00,2025-04-02,21,2,0,spring,3663,,,,
NYC,hour,2025-04-02 22:00:00,2025-04-02,22,2,0,spring,2889,,,,
NYC,hour,2025-04-02 23:00:00,2025-04-02,23,2,0,spring,1789,,,,
NYC,hour,2025-04-03 00:00:00,2025-04-03,0,3,0,spring,976,,,,
NYC,hour,2025-04-03 01:00:00,2025-04-03,1,3,0,spring,473,,,,
NYC,hour,2025-04-03 02:00:00,2025-04-03,2,3,0,spring,237,,,,
NYC,hour,2025-04-03 03:00:00,2025-04-03,3,3,0,spring,169,,,,
NYC,hour,2025-04-03 04:00:00,2025-04-03,4,3,0,spring,232,,,,
NYC,hour,2025-04-03 05:00:00,2025-04-03,5,3,0,spring,753,,,,
NYC,hour,2025-04-03 06:00:00,2025-04-03,6,3,0,spring,2558,,,,
NYC,hour,2025-04-03 07:00:00,2025-04-03,7,3,0,spring,5868,,,,
NYC,hour,2025-04-03 08:00:00,2025-04-03,8,3,0,spring,9463,,,,
NYC,hour,2025-04-03 09:00:00,2025-04-03,9,3,0,spring,6926,,,,
NYC,hour,2025-04-03 10:00:00,2025-04-03,10,3,0,spring,3938,,,,
NYC,hour,2025-04-03 11:00:00,2025-04-03,11,3,0,spring,4072,,,,
NYC,hour,2025-04-03 12:00:00,2025-04-03,12,3,0,spring,4743,,,,
NYC,hour,2025-04-03 13:00:00,2025-04-03,13,3,0,spring,5509,,,,
NYC,hour,2025-04-03 14:00:00,2025-04-03,14,3,0,spring,6700,,,,
NYC,hour,2025-04-03 15:00:00,2025-04-03,15,3,0,spring,8257,,,,
NYC,hour,2025-04-03 16:00:00,2025-04-03,16,3,0,spring,9796,,,,
NYC,hour,2025-04-03 17:00:00,2025-04-03,17,3,0,spring,14306,,,,
NYC,hour,2025-04-03 18:00:00,2025-04-03,18,3,0,spring,13626,,,,
NYC,hour,2025-04-03 19:00:00,2025-04-03,19,3,0,spring,10023,,,,
NYC,hour,2025-04-03 20:00:00,2025-04-03,20,3,0,spring,6938,,,,
NYC,hour,2025-04-03 21:00:00,2025-04-03,21,3,0,spring,5508,,,,
NYC,hour,2025-04-03 22:00:00,2025-04-03,22,3,0,spring,4645,,,,
NYC,hour,2025-04-03 23:00:00,2025-04-03,23,3,0,spring,3273,,,,
NYC,hour,2025-04-04 00:00:00,2025-04-04,0,4,0,spring,1890,,,,
NYC,hour,2025-04-04 01:00:00,2025-04-04,1,4,0,spring,1044,,,,
NYC,hour,2025-04-04 02:00:00,2025-04-04,2,4,0,spring,656,,,,
NYC,hour,2025-04-04 03:00:00,2025-04-04,3,4,0,spring,394,,,,
NYC,hour,2025-04-04 04:00:00,2025-04-04,4,4,0,spring,398,,,,
NYC,hour,2025-04-04 05:00:00,2025-04-04,5,4,0,spring,632,,,,
NYC,hour,2025-04-04 06:00:00,2025-04-04,6,4,0,spring,1843,,,,
NYC,hour,2025-04-04 07:00:00,2025-04-04,7,4,0,spring,5134,,,,
NYC,hour,2025-04-04 08:00:00,2025-04-04,8,4,0,spring,8319,,,,
NYC,hour,2025-04-04 09:00:00,2025-04-04,9,4,0,spring,7245,,,,
NYC,hour,2025-04-04 10:00:00,2025-04-04,10,4,0,spring,6009,,,,
NYC,hour,2025-04-04 11:00:00,2025-04-04,11,4,0,spring,6164,,,,
NYC,hour,2025-04-04 12:00:00,2025-04-04,12,4,0,spring,7207,,,,
NYC,hour,2025-04-04 13:00:00,2025-04-04,13,4,0,spring,8065,,,,
NYC,hour,2025-04-04 14:00:00,2025-04-04,14,4,0,spring,9199,,,,
NYC,hour,2025-04-04 15:00:00,2025-04-04,15,4,0,spring,9910,,,,
NYC,hour,2025-04-04 16:00:00,2025-04-04,16,4,0,spring,11480,,,,
NYC,hour,2025-04-04 17:00:00,2025-04-04,17,4,0,spring,13937,,,,
NYC,hour,2025-04-04 18:00:00,2025-04-04,18,4,0,spring,12964,,,,
NYC,hour,2025-04-04 19:00:00,2025-04-04,19,4,0,spring,10233,,,,
NYC,hour,2025-04-04 20:00:00,2025-04-04,20,4,0,spring,6865,,,,
NYC,hour,2025-04-04 21:00:00,2025-04-04,21,4,0,spring,5405,,,,
NYC,hour,2025-04-04 22:00:00,2025-04-04,22,4,0,spring,4778,,,,
NYC,hour,2025-04-04 23:00:00,2025-04-04,23,4,0,spring,4201,,,,
NYC,hour,2025-04-05 00:00:00,2025-04-05,0,5,1,spring,2999,,,,
NYC,hour,2025-04-05 01:00:00,2025-04-05,1,5,1,spring,1938,,,,
NYC,hour,2025-04-05 02:00:00,2025-04-05,2,5,1,spring,1311,,,,
NYC,hour,2025-04-05 03:00:00,2025-04-05,3,5,1,spring,884,,,,
NYC,hour,2025-04-05 04:00:00,2025-04-05,4,5,1,spring,522,,,,
NYC,hour,2025-04-05 05:00:00,2025-04-05,5,5,1,spring,448,,,,
NYC,hour,2025-04-05 06:00:00,2025-04-05,6,5,1,spring,971,,,,
NYC,hour,2025-04-05 07:00:00,2025-04-05,7,5,1,spring,1922,,,,
NYC,hour,2025-04-05 08:00:00,2025-04-05,8,5,1,spring,3458,,,,
NYC,hour,2025-04-05 09:00:00,2025-04-05,9,5,1,spring,5023,,,,
NYC,hour,2025-04-05 10:00:00,2025-04-05,10,5,1,spring,6197,,,,
NYC,hour,2025-04-05 11:00:00,2025-04-05,11,5,1,spring,5157,,,,
NYC,hour,2025-04-05 12:00:00,2025-04-05,12,5,1,spring,3739,,,,
NYC,hour,2025-04-05 13:00:00,2025-04-05,13,5,1,spring,4068,,,,
NYC,hour,2025-04-05 14:00:00,2025-04-05,14,5,1,spring,5319,,,,
NYC,hour,2025-04-05 15:00:00,2025-04-05,15,5,1,spring,5799,,,,
NYC,hour,2025-04-05 16:00:00,2025-04-05,16,5,1,spring,5298,,,,
NYC,hour,2025-04-05 17:00:00,2025-04-05,17,5,1,spring,3480,,,,
NYC,hour,2025-04-05 18:00:00,2025-04-05,18,5,1,spring,3648,,,,
NYC,hour,2025-04-05 19:00:00,2025-04-05,19,5,1,spring,3779,,,,
NYC,hour,2025-04-05 20:00:00,2025-04-05,20,5,1,spring,3134,,,,
NYC,hour,2025-04-05 21:00:00,2025-04-05,21,5,1,spring,2923,,,,
NYC,hour,2025-04-05 22:00:00,2025-04-05,22,5,1,spring,2728,,,,
NYC,hour,2025-04-05 23:00:00,2025-04-05,23,5,1,spring,2499,,,,
NYC,hour,2025-04-06 00:00:00,2025-04-06,0,6,1,spring,953,,,,
NYC,hour,2025-04-06 01:00:00,2025-04-06,1,6,1,spring,539,,,,
NYC,hour,2025-04-06 02:00:00,2025-04-06,2,6,1,spring,459,,,,
NYC,hour,2025-04-06 03:00:00,2025-04-06,3,6,1,spring,486,,,,
NYC,hour,2025-04-06 04:00:00,2025-04-06,4,6,1,spring,395,,,,
NYC,hour,2025-04-06 05:00:00,2025-04-06,5,6,1,spring,323,,,,
NYC,hour,2025-04-06 06:00:00,2025-04-06,6,6,1,spring,649,,,,
NYC,hour,2025-04-06 07:00:00,2025-04-06,7,6,1,spring,1299,,,,
NYC,hour,2025-04-06 08:00:00,2025-04-06,8,6,1,spring,1811,,,,
NYC,hour,2025-04-06 09:00:00,2025-04-06,9,6,1,spring,3269,,,,
NYC,hour,2025-04-06 10:00:00,2025-04-06,10,6,1,spring,4589,,,,
NYC,hour,2025-04-06 11:00:00,2025-04-06,11,6,1,spring,5290,,,,
NYC,hour,2025-04-06 12:00:00,2025-04-06,12,6,1,spring,6595,,,,
NYC,hour,2025-04-06 13:00:00,2025-04-06,13,6,1,spring,6793,,,,
NYC,hour,2025-04-06 14:00:00,2025-04-06,14,6,1,spring,8061,,,,
NYC,hour,2025-04-06 15:00:00,2025-04-06,15,6,1,spring,7770,,,,
NYC,hour,2025-04-06 16:00:00,2025-04-06,16,6,1,spring,8116,,,,
NYC,hour,2025-04-06 17:00:00,2025-04-06,17,6,1,spring,8519,,,,
NYC,hour,2025-04-06 18:00:00,2025-04-06,18,6,1,spring,7731,,,,
NYC,hour,2025-04-06 19:00:00,2025-04-06,19,6,1,spring,6223,,,,
NYC,hour,2025-04-06 20:00:00,2025-04-06,20,6,1,spring,4646,,,,
NYC,hour,2025-04-06 21:00:00,2025-04-06,21,6,1,spring,3132,,,,
NYC,hour,2025-04-06 22:00:00,2025-04-06,22,6,1,spring,2280,,,,
NYC,hour,2025-04-06 23:00:00,2025-04-06,23,6,1,spring,1761,,,,
NYC,hour,2025-04-07 00:00:00,2025-04-07,0,0,0,spring,917,,,,
NYC,hour,2025-04-07 01:00:00,2025-04-07,1,0,0,spring,487,,,,
NYC,hour,2025-04-07 02:00:00,2025-04-07,2,0,0,spring,263,,,,
NYC,hour,2025-04-07 03:00:00,2025-04-07,3,0,0,spring,154,,,,
NYC,hour,2025-04-07 04:00:00,2025-04-07,4,0,0,spring,206,,,,
NYC,hour,2025-04-07 05:00:00,2025-04-07,5,0,0,spring,756,,,,
NYC,hour,2025-04-07 06:00:00,2025-04-07,6,0,0,spring,2140,,,,
NYC,hour,2025-04-07 07:00:00,2025-04-07,7,0,0,spring,4694,,,,
NYC,hour,2025-04-07 08:00:00,2025-04-07,8,0,0,spring,5792,,,,
NYC,hour,2025-04-07 09:00:00,2025-04-07,9,0,0,spring,3373,,,,
NYC,hour,2025-04-07 10:00:00,2025-04-07,10,0,0,spring,1960,,,,
NYC,hour,2025-04-07 11:00:00,2025-04-07,11,0,0,spring,1657,,,,
NYC,hour,2025-04-07 12:00:00,2025-04-07,12,0,0,spring,1837,,,,
NYC,hour,2025-04-07 13:00:00,2025-04-07,13,0,0,spring,2453,,,,
NYC,hour,2025-04-07 14:00:00,2025-04-07,14,0,0,spring,3678,,,,
NYC,hour,2025-04-07 15:00:00,2025-04-07,15,0,0,spring,4451,,,,
NYC,hour,2025-04-07 16:00:00,2025-04-07,16,0,0,spring,5120,,,,
NYC,hour,2025-04-07 17:00:00,2025-04-07,17,0,0,spring,6837,,,,
NYC,hour,2025-04-07 18:00:00,2025-04-07,18,0,0,spring,7306,,,,
NYC,hour,2025-04-07 19:00:00,2025-04-07,19,0,0,spring,5841,,,,
NYC,hour,2025-04-07 20:00:00,2025-04-07,20,0,0,spring,4553,,,,
NYC,hour,2025-04-07 21:00:00,2025-04-07,21,0,0,spring,3173,,,,
NYC,hour,2025-04-07 22:00:00,2025-04-07,22,0,0,spring,2214,,,,
NYC,hour,2025-04-07 23:00:00,2025-04-07,23,0,0,spring,1700,,,,
NYC,hour,2025-04-08 00:00:00,2025-04-08,0,1,0,spring,808,,,,
NYC,hour,2025-04-08 01:00:00,2025-04-08,1,1,0,spring,400,,,,
NYC,hour,2025-04-08 02:00:00,2025-04-08,2,1,0,spring,239,,,,
NYC,hour,2025-04-08 03:00:00,2025-04-08,3,1,0,spring,185,,,,
NYC,hour,2025-04-08 04:00:00,2025-04-08,4,1,0,spring,333,,,,
NYC,hour,2025-04-08 05:00:00,2025-04-08,5,1,0,spring,1094,,,,
NYC,hour,2025-04-08 06:00:00,2025-04-08,6,1,0,spring,3094,,,,
NYC,hour,2025-04-08 07:00:00,2025-04-08,7,1,0,spring,6395,,,,
NYC,hour,2025-04-08 08:00:00,2025-04-08,8,1,0,spring,9718,,,,
NYC,hour,2025-04-08 09:00:00,2025-04-08,9,1,0,spring,6527,,,,
NYC,hour,2025-04-08 10:00:00,2025-04-08,10,1,0,spring,4277,,,,
NYC,hour,2025-04-08 11:00:00,2025-04-08,11,1,0,spring,4057,,,,
NYC,hour,2025-04-08 12:00:00,2025-04-08,12,1,0,spring,4371,,,,
NYC,hour,2025-04-08 13:00:00,2025-04-08,13,1,0,spring,4680,,,,
NYC,hour,2025-04-08 14:00:00,2025-04-08,14,1,0,spring,5485,,,,
NYC,hour,2025-04-08 15:00:00,2025-04-08,15,1,0,spring,6192,,,,
NYC,hour,2025-04-08 16:00:00,2025-04-08,16,1,0,spring,7411,,,,
NYC,hour,2025-04-08 17:00:00,2025-04-08,17,1,0,spring,11120,,,,
NYC,hour,2025-04-08 18:00:00,2025-04-08,18,1,0,spring,10276,,,,
NYC,hour,2025-04-08 19:00:00,2025-04-08,19,1,0,spring,7056,,,,
NYC,hour,2025-04-08 20:00:00,2025-04-08,20,1,0,spring,4580,,,,
NYC,hour,2025-04-08 21:00:00,2025-04-08,21,1,0,spring,3388,,,,
NYC,hour,2025-04-08 22:00:00,2025-04-08,22,1,0,spring,2582,,,,
NYC,hour,2025-04-08 23:00:00,2025-04-08,23,1,0,spring,1486,,,,
NYC,hour,2025-04-09 00:00:00,2025-04-09,0,2,0,spring,706,,,,
NYC,hour,2025-04-09 01:00:00,2025-04-09,1,2,0,spring,321,,,,
NYC,hour,2025-04-09 02:00:00,2025-04-09,2,2,0,spring,171,,,,
NYC,hour,2025-04-09 03:00:00,2025-04-09,3,2,0,spring,154,,,,
NYC,hour,2025-04-09 04:00:00,2025-04-09,4,2,0,spring,267,,,,
NYC,hour,2025-04-09 05:00:00,2025-04-09,5,2,0,spring,964,,,,
NYC,hour,2025-04-09 06:00:00,2025-04-09,6,2,0,spring,2745,,,,
NYC,hour,2025-04-09 07:00:00,2025-04-09,7,2,0,spring,6160,,,,
NYC,hour,2025-04-09 08:00:00,2025-04-09,8,2,0,spring,9797,,,,
NYC,hour,2025-04-09 09:00:00,2025-04-09,9,2,0,spring,6852,,,,
NYC,hour,2025-04-09 10:00:00,2025-04-09,10,2,0,spring,4397,,,,
NYC,hour,2025-04-09 11:00:00,2025-04-09,11,2,0,spring,4244,,,,
NYC,hour,2025-04-09 12:00:00,2025-04-09,12,2,0,spring,4888,,,,
NYC,hour,2025-04-09 13:00:00,2025-04-09,13,2,0,spring,5242,,,,
NYC,hour,2025-04-09 14:00:00,2025-04-09,14,2,0,spring,5946,,,,
NYC,hour,2025-04-09 15:00:00,2025-04-09,15,2,0,spring,6866,,,,
NYC,hour,2025-04-09 16:00:00,2025-04-09,16,2,0,spring,8435,,,,
NYC,hour,2025-04-09 17:00:00,2025-04-09,17,2,0,spring,11993,,,,
NYC,hour,2025-04-09 18:00:00,2025-04-09,18,2,0,spring,11357,,,,
NYC,hour,2025-04-09 19:00:00,2025-04-09,19,2,0,spring,7857,,,,
NYC,hour,2025-04-09 20:00:00,2025-04-09,20,2,0,spring,5087,,,,
NYC,hour,2025-04-09 21:00:00,2025-04-09,21,2,0,spring,3866,,,,
NYC,hour,2025-04-09 22:00:00,2025-04-09,22,2,0,spring,2916,,,,
NYC,hour,2025-04-09 23:00:00,2025-04-09,23,2,0,spring,1814,,,,
NYC,hour,2025-04-10 00:00:00,2025-04-10,0,3,0,spring,968,,,,
NYC,hour,2025-04-10 01:00:00,2025-04-10,1,3,0,spring,506,,,,
NYC,hour,2025-04-10 02:00:00,2025-04-10,2,3,0,spring,265,,,,
NYC,hour,2025-04-10 03:00:00,2025-04-10,3,3,0,spring,174,,,,
NYC,hour,2025-04-10 04:00:00,2025-04-10,4,3,0,spring,320,,,,
NYC,hour,2025-04-10 05:00:00,2025-04-10,5,3,0,spring,982,,,,
NYC,hour,2025-04-10 06:00:00,2025-04-10,6,3,0,spring,3074,,,,
NYC,hour,2025-04-10 07:00:00,2025-04-10,7,3,0,spring,6749,,,,
NYC,hour,2025-04-10 08:00:00,2025-04-10,8,3,0,spring,10432,,,,
NYC,hour,2025-04-10 09:00:00,2025-04-10,9,3,0,spring,7344,,,,
NYC,hour,2025-04-10 10:00:00,2025-04-10,10,3,0,spring,4964,,,,
NYC,hour,2025-04-10 11:00:00,2025-04-10,11,3,0,spring,4809,,,,
NYC,hour,2025-04-10 12:00:00,2025-04-10,12,3,0,spring,5315,,,,
NYC,hour,2025-04-10 13:00:00,2025-04-10,13,3,0,spring,5532,,,,
NYC,hour,2025-04-10 14:00:00,2025-04-10,14,3,0,spring,6068,,,,
NYC,hour,2025-04-10 15:00:00,2025-04-10,15,3,0,spring,6831,,,,
NYC,hour,2025-04-10 16:00:00,2025-04-10,16,3,0,spring,6590,,,,
NYC,hour,2025-04-10 17:00:00,2025-04-10,17,3,0,spring,8057,,,,
NYC,hour,2025-04-10 18:00:00,2025-04-10,18,3,0,spring,9133,,,,
NYC,hour,2025-04-10 19:00:00,2025-04-10,19,3,0,spring,6806,,,,
NYC,hour,2025-04-10 20:00:00,2025-04-10,20,3,0,spring,4931,,,,
NYC,hour,2025-04-10 21:00:00,2025-04-10,21,3,0,spring,3711,,,,
NYC,hour,2025-04-10 22:00:00,2025-04-10,22,3,0,spring,3010,,,,
NYC,hour,2025-04-10 23:00:00,2025-04-10,23,3,0,spring,2090,,,,
NYC,hour,2025-04-11 00:00:00,2025-04-11,0,4,0,spring,1245,,,,
NYC,hour,2025-04-11 01:00:00,2025-04-11,1,4,0,spring,713,,,,
NYC,hour,2025-04-11 02:00:00,2025-04-11,2,4,0,spring,375,,,,
NYC,hour,2025-04-11 03:00:00,2025-04-11,3,4,0,spring,263,,,,
NYC,hour,2025-04-11 04:00:00,2025-04-11,4,4,0,spring,308,,,,
NYC,hour,2025-04-11 05:00:00,2025-04-11,5,4,0,spring,866,,,,
NYC,hour,2025-04-11 06:00:00,2025-04-11,6,4,0,spring,2364,,,,
NYC,hour,2025-04-11 07:00:00,2025-04-11,7,4,0,spring,5281,,,,
NYC,hour,2025-04-11 08:00:00,2025-04-11,8,4,0,spring,7633,,,,
NYC,hour,2025-04-11 09:00:00,2025-04-11,9,4,0,spring,5651,,,,
NYC,hour,2025-04-11 10:00:00,2025-04-11,10,4,0,spring,2651,,,,
NYC,hour,2025-04-11 11:00:00,2025-04-11,11,4,0,spring,3481,,,,
NYC,hour,2025-04-11 12:00:00,2025-04-11,12,4,0,spring,2947,,,,
NYC,hour,2025-04-11 13:00:00,2025-04-11,13,4,0,spring,3075,,,,
NYC,hour,2025-04-11 14:00:00,2025-04-11,14,4,0,spring,3762,,,,
NYC,hour,2025-04-11 15:00:00,2025-04-11,15,4,0,spring,4322,,,,
NYC,hour,2025-04-11 16:00:00,2025-04-11,16,4,0,spring,6125,,,,
NYC,hour,2025-04-11 17:00:00,2025-04-11,17,4,0,spring,8226,,,,
NYC,hour,2025-04-11 18:00:00,2025-04-11,18,4,0,spring,4992,,,,
NYC,hour,2025-04-11 19:00:00,2025-04-11,19,4,0,spring,2987,,,,
NYC,hour,2025-04-11 20:00:00,2025-04-11,20,4,0,spring,1900,,,,
NYC,hour,2025-04-11 21:00:00,2025-04-11,21,4,0,spring,1179,,,,
NYC,hour,2025-04-11 22:00:00,2025-04-11,22,4,0,spring,905,,,,
NYC,hour,2025-04-11 23:00:00,2025-04-11,23,4,0,spring,599,,,,
NYC,hour,2025-04-12 00:00:00,2025-04-12,0,5,1,spring,453,,,,
NYC,hour,2025-04-12 01:00:00,2025-04-12,1,5,1,spring,323,,,,
NYC,hour,2025-04-12 02:00:00,2025-04-12,2,5,1,spring,219,,,,
NYC,hour,2025-04-12 03:00:00,2025-04-12,3,5,1,spring,173,,,,
NYC,hour,2025-04-12 04:00:00,2025-04-12,4,5,1,spring,138,,,,
NYC,hour,2025-04-12 05:00:00,2025-04-12,5,5,1,spring,169,,,,
NYC,hour,2025-04-12 06:00:00,2025-04-12,6,5,1,spring,464,,,,
NYC,hour,2025-04-12 07:00:00,2025-04-12,7,5,1,spring,633,,,,
NYC,hour,2025-04-12 08:00:00,2025-04-12,8,5,1,spring,1237,,,,
NYC,hour,2025-04-12 09:00:00,2025-04-12,9,5,1,spring,2146,,,,
NYC,hour,2025-04-12 10:00:00,2025-04-12,10,5,1,spring,2747,,,,
NYC,hour,2025-04-12 11:00:00,2025-04-12,11,5,1,spring,3658,,,,
NYC,hour,2025-04-12 12:00:00,2025-04-12,12,5,1,spring,4221,,,,
NYC,hour,2025-04-12 13:00:00,2025-04-12,13,5,1,spring,3756,,,,
NYC,hour,2025-04-12 14:00:00,2025-04-12,14,5,1,spring,2953,,,,
NYC,hour,2025-04-12 15:00:00,2025-04-12,15,5,1,spring,2462,,,,
NYC,hour,2025-04-12 16:00:00,2025-04-12,16,5,1,spring,2372,,,,
NYC,hour,2025-04-12 17:00:00,2025-04-12,17,5,1,spring,3039,,,,
NYC,hour,2025-04-12 18:00:00,2025-04-12,18,5,1,spring,2944,,,,
NYC,hour,2025-04-12 19:00:00,2025-04-12,19,5,1,spring,2668,,,,
NYC,hour,2025-04-12 20:00:00,2025-04-12,20,5,1,spring,2055,,,,
NYC,hour,2025-04-12 21:00:00,2025-04-12,21,5,1,spring,1867,,,,
NYC,hour,2025-04-12 22:00:00,2025-04-12,22,5,1,spring,1569,,,,
NYC,hour,2025-04-12 23:00:00,2025-04-12,23,5,1,spring,1333,,,,
NYC,hour,2025-04-13 00:00:00,2025-04-13,0,6,1,spring,1269,,,,
NYC,hour,2025-04-13 01:00:00,2025-04-13,1,6,1,spring,940,,,,
NYC,hour,2025-04-13 02:00:00,2025-04-13,2,6,1,spring,675,,,,
NYC,hour,2025-04-13 03:00:00,2025-04-13,3,6,1,spring,476,,,,
NYC,hour,2025-04-13 04:00:00,2025-04-13,4,6,1,spring,319,,,,
NYC,hour,2025-04-13 05:00:00,2025-04-13,5,6,1,spring,333,,,,
NYC,hour,2025-04-13 06:00:00,2025-04-13,6,6,1,spring,721,,,,
NYC,hour,2025-04-13 07:00:00,2025-04-13,7,6,1,spring,1340,,,,
NYC,hour,2025-04-13 08:00:00,2025-04-13,8,6,1,spring,2048,,,,
NYC,hour,2025-04-13 09:00:00,2025-04-13,9,6,1,spring,3553,,,,
NYC,hour,2025-04-13 10:00:00,2025-04-13,10,6,1,spring,4987,,,,
NYC,hour,2025-04-13 11:00:00,2025-04-13,11,6,1,spring,6400,,,,
NYC,hour,2025-04-13 12:00:00,2025-04-13,12,6,1,spring,7398,,,,
NYC,hour,2025-04-13 13:00:00,2025-04-13,13,6,1,spring,7933,,,,
NYC,hour,2025-04-13 14:00:00,2025-04-13,14,6,1,spring,8153,,,,
NYC,hour,2025-04-13 15:00:00,2025-04-13,15,6,1,spring,8256,,,,
NYC,hour,2025-04-13 16:00:00,2025-04-13,16,6,1,spring,8301,,,,
NYC,hour,2025-04-13 17:00:00,2025-04-13,17,6,1,spring,7832,,,,
NYC,hour,2025-04-13 18:00:00,2025-04-13,18,6,1,spring,7295,,,,
NYC,hour,2025-04-13 19:00:00,2025-04-13,19,6,1,spring,6299,,,,
NYC,hour,2025-04-13 20:00:00,2025-04-13,20,6,1,spring,4393,,,,
NYC,hour,2025-04-13 21:00:00,2025-04-13,21,6,1,spring,3344,,,,
NYC,hour,2025-04-13 22:00:00,2025-04-13,22,6,1,spring,2594,,,,
NYC,hour,2025-04-13 23:00:00,2025-04-13,23,6,1,spring,1580,,,,
NYC,hour,2025-04-14 00:00:00,2025-04-14,0,0,0,spring,987,,,,
NYC,hour,2025-04-14 01:00:00,2025-04-14,1,0,0,spring,460,,,,
NYC,hour,2025-04-14 02:00:00,2025-04-14,2,0,0,spring,291,,,,
NYC,hour,2025-04-14 03:00:00,2025-04-14,3,0,0,spring,246,,,,
NYC,hour,2025-04-14 04:00:00,2025-04-14,4,0,0,spring,289,,,,
NYC,hour,2025-04-14 05:00:00,2025-04-14,5,0,0,spring,1014,,,,
NYC,hour,2025-04-14 06:00:00,2025-04-14,6,0,0,spring,2757,,,,
NYC,hour,2025-04-14 07:00:00,2025-04-14,7,0,0,spring,5555,,,,
NYC,hour,2025-04-14 08:00:00,2025-04-14,8,0,0,spring,8534,,,,
NYC,hour,2025-04-14 09:00:00,2025-04-14,9,0,0,spring,6328,,,,
NYC,hour,2025-04-14 10:00:00,2025-04-14,10,0,0,spring,4493,,,,
NYC,hour,2025-04-14 11:00:00,2025-04-14,11,0,0,spring,4407,,,,
NYC,hour,2025-04-14 12:00:00,2025-04-14,12,0,0,spring,5040,,,,
NYC,hour,2025-04-14 13:00:00,2025-04-14,13,0,0,spring,5584,,,,
NYC,hour,2025-04-14 14:00:00,2025-04-14,14,0,0,spring,6270,,,,
NYC,hour,2025-04-14 15:00:00,2025-04-14,15,0,0,spring,7318,,,,
NYC,hour,2025-04-14 16:00:00,2025-04-14,16,0,0,spring,9211,,,,
NYC,hour,2025-04-14 17:00:00,2025-04-14,17,0,0,spring,13198,,,,
NYC,hour,2025-04-14 18:00:00,2025-04-14,18,0,0,spring,12282,,,,
NYC,hour,2025-04-14 19:00:00,2025-04-14,19,0,0,spring,8994,,,,
NYC,hour,2025-04-14 20:00:00,2025-04-14,20,0,0,spring,5950,,,,
NYC,hour,2025-04-14 21:00:00,2025-04-14,21,0,0,spring,4314,,,,
NYC,hour,2025-04-14 22:00:00,2025-04-14,22,0,0,spring,2969,,,,
NYC,hour,2025-04-14 23:00:00,2025-04-14,23,0,0,spring,2003,,,,
NYC,hour,2025-04-15 00:00:00,2025-04-15,0,1,0,spring,660,,,,
NYC,hour,2025-04-15 01:00:00,2025-04-15,1,1,0,spring,367,,,,
NYC,hour,2025-04-15 02:00:00,2025-04-15,2,1,0,spring,242,,,,
NYC,hour,2025-04-15 03:00:00,2025-04-15,3,1,0,spring,185,,,,
NYC,hour,2025-04-15 04:00:00,2025-04-15,4,1,0,spring,305,,,,
NYC,hour,2025-04-15 05:00:00,2025-04-15,5,1,0,spring,1125,,,,
NYC,hour,2025-04-15 06:00:00,2025-04-15,6,1,0,spring,3333,,,,
NYC,hour,2025-04-15 07:00:00,2025-04-15,7,1,0,spring,6441,,,,
NYC,hour,2025-04-15 08:00:00,2025-04-15,8,1,0,spring,10738,,,,
NYC,hour,2025-04-15 09:00:00,2025-04-15,9,1,0,spring,7730,,,,
NYC,hour,2025-04-15 10:00:00,2025-04-15,10,1,0,spring,4997,,,,
NYC,hour,2025-04-15 11:00:00,2025-04-15,11,1,0,spring,5026,,,,
NYC,hour,2025-04-15 12:00:00,2025-04-15,12,1,0,spring,5678,,,,
NYC,hour,2025-04-15 13:00:00,2025-04-15,13,1,0,spring,6239,,,,
NYC,hour,2025-04-15 14:00:00,2025-04-15,14,1,0,spring,7033,,,,
NYC,hour,2025-04-15 15:00:00,2025-04-15,15,1,0,spring,8073,,,,
NYC,hour,2025-04-15 16:00:00,2025-04-15,16,1,0,spring,9715,,,,
NYC,hour,2025-04-15 17:00:00,2025-04-15,17,1,0,spring,14588,,,,
NYC,hour,2025-04-15 18:00:00,2025-04-15,18,1,0,spring,13526,,,,
NYC,hour,2025-04-15 19:00:00,2025-04-15,19,1,0,spring,10008,,,,
NYC,hour,2025-04-15 20:00:00,2025-04-15,20,1,0,spring,6507,,,,
NYC,hour,2025-04-15 21:00:00,2025-04-15,21,1,0,spring,4895,,,,
NYC,hour,2025-04-15 22:00:00,2025-04-15,22,1,0,spring,3221,,,,
NYC,hour,2025-04-15 23:00:00,2025-04-15,23,1,0,spring,2036,,,,
NYC,hour,2025-04-16 00:00:00,2025-04-16,0,2,0,spring,1097,,,,
NYC,hour,2025-04-16 01:00:00,2025-04-16,1,2,0,spring,568,,,,
NYC,hour,2025-04-16 02:00:00,2025-04-16,2,2,0,spring,268,,,,
NYC,hour,2025-04-16 03:00:00,2025-04-16,3,2,0,spring,199,,,,
NYC,hour,2025-04-16 04:00:00,2025-04-16,4,2,0,spring,290,,,,
NYC,hour,2025-04-16 05:00:00,2025-04-16,5,2,0,spring,998,,,,
NYC,hour,2025-04-16 06:00:00,2025-04-16,6,2,0,spring,3056,,,,
NYC,hour,2025-04-16 07:00:00,2025-04-16,7,2,0,spring,5938,,,,
NYC,hour,2025-04-16 08:00:00,2025-04-16,8,2,0,spring,9578,,,,
NYC,hour,2025-04-16 09:00:00,2025-04-16,9,2,0,spring,7133,,,,
NYC,hour,2025-04-16 10:00:00,2025-04-16,10,2,0,spring,4612,,,,
NYC,hour,2025-04-16 11:00:00,2025-04-16,11,2,0,spring,4432,,,,
NYC,hour,2025-04-16 12:00:00,2025-04-16,12,2,0,spring,4960,,,,
NYC,hour,2025-04-16 13:00:00,2025-04-16,13,2,0,spring,4987,,,,
NYC,hour,2025-04-16 14:00:00,2025-04-16,14,2,0,spring,5402,,,,
NYC,hour,2025-04-16 15:00:00,2025-04-16,15,2,0,spring,6082,,,,
NYC,hour,2025-04-16 16:00:00,2025-04-16,16,2,0,spring,7506,,,,
NYC,hour,2025-04-16 17:00:00,2025-04-16,17,2,0,spring,11499,,,,
NYC,hour,2025-04-16 18:00:00,2025-04-16,18,2,0,spring,11290,,,,
NYC,hour,2025-04-16 19:00:00,2025-04-16,19,2,0,spring,7930,,,,
NYC,hour,2025-04-16 20:00:00,2025-04-16,20,2,0,spring,5203,,,,
NYC,hour,2025-04-16 21:00:00,2025-04-16,21,2,0,spring,4080,,,,
NYC,hour,2025-04-16 22:00:00,2025-04-16,22,2,0,spring,3080,,,,
NYC,hour,2025-04-16 23:00:00,2025-04-16,23,2,0,spring,2012,,,,
NYC,hour,2025-04-17 00:00:00,2025-04-17,0,3,0,spring,1045,,,,
NYC,hour,2025-04-17 01:00:00,2025-04-17,1,3,0,spring,496,,,,
NYC,hour,2025-04-17 02:00:00,2025-04-17,2,3,0,spring,283,,,,
NYC,hour,2025-04-17 03:00:00,2025-04-17,3,3,0,spring,200,,,,
NYC,hour,2025-04-17 04:00:00,2025-04-17,4,3,0,spring,297,,,,
NYC,hour,2025-04-17 05:00:00,2025-04-17,5,3,0,spring,942,,,,
NYC,hour,2025-04-17 06:00:00,2025-04-17,6,3,0,spring,2801,,,,
NYC,hour,2025-04-17 07:00:00,2025-04-17,7,3,0,spring,5546,,,,
NYC,hour,2025-04-17 08:00:00,2025-04-17,8,3,0,spring,9121,,,,
NYC,hour,2025-04-17 09:00:00,2025-04-17,9,3,0,spring,7450,,,,
NYC,hour,2025-04-17 10:00:00,2025-04-17,10,3,0,spring,5240,,,,
NYC,hour,2025-04-17 11:00:00,2025-04-17,11,3,0,spring,5403,,,,
NYC,hour,2025-04-17 12:00:00,2025-04-17,12,3,0,spring,6096,,,,
NYC,hour,2025-04-17 13:00:00,2025-04-17,13,3,0,spring,6553,,,,
NYC,hour,2025-04-17 14:00:00,2025-04-17,14,3,0,spring,7205,,,,
NYC,hour,2025-04-17 15:00:00,2025-04-17,15,3,0,spring,8741,,,,
NYC,hour,2025-04-17 16:00:00,2025-04-17,16,3,0,spring,10664,,,,
NYC,hour,2025-04-17 17:00:00,2025-04-17,17,3,0,spring,14948,,,,
NYC,hour,2025-04-17 18:00:00,2025-04-17,18,3,0,spring,14449,,,,
NYC,hour,2025-04-17 19:00:00,2025-04-17,19,3,0,spring,10382,,,,
NYC,hour,2025-04-17 20:00:00,2025-04-17,20,3,0,spring,6871,,,,
NYC,hour,2025-04-17 21:00:00,2025-04-17,21,3,0,spring,5266,,,,
NYC,hour,2025-04-17 22:00:00,2025-04-17,22,3,0,spring,4236,,,,
NYC,hour,2025-04-17 23:00:00,2025-04-17,23,3,0,spring,3191,,,,
NYC,hour,2025-04-18 00:00:00,2025-04-18,0,4,0,spring,1929,,,,
NYC,hour,2025-04-18 01:00:00,2025-04-18,1,4,0,spring,1130,,,,
NYC,hour,2025-04-18 02:00:00,2025-04-18,2,4,0,spring,650,,,,
NYC,hour,2025-04-18 03:00:00,2025-04-18,3,4,0,spring,412,,,,
NYC,hour,2025-04-18 04:00:00,2025-04-18,4,4,0,spring,340,,,,
NYC,hour,2025-04-18 05:00:00,2025-04-18,5,4,0,spring,834,,,,
NYC,hour,2025-04-18 06:00:00,2025-04-18,6,4,0,spring,2125,,,,
NYC,hour,2025-04-18 07:00:00,2025-04-18,7,4,0,spring,3787,,,,
NYC,hour,2025-04-18 08:00:00,2025-04-18,8,4,0,spring,6260,,,,
NYC,hour,2025-04-18 09:00:00,2025-04-18,9,4,0,spring,6844,,,,
NYC,hour,2025-04-18 10:00:00,2025-04-18,10,4,0,spring,6533,,,,
NYC,hour,2025-04-18 11:00:00,2025-04-18,11,4,0,spring,7379,,,,
NYC,hour,2025-04-18 12:00:00,2025-04-18,12,4,0,spring,8365,,,,
NYC,hour,2025-04-18 13:00:00,2025-04-18,13,4,0,spring,9282,,,,
NYC,hour,2025-04-18 14:00:00,2025-04-18,14,4,0,spring,9885,,,,
NYC,hour,2025-04-18 15:00:00,2025-04-18,15,4,0,spring,10532,,,,
NYC,hour,2025-04-18 16:00:00,2025-04-18,16,4,0,spring,10699,,,,
NYC,hour,2025-04-18 17:00:00,2025-04-18,17,4,0,spring,11368,,,,
NYC,hour,2025-04-18 18:00:00,2025-04-18,18,4,0,spring,10541,,,,
NYC,hour,2025-04-18 19:00:00,2025-04-18,19,4,0,spring,8510,,,,
NYC,hour,2025-04-18 20:00:00,2025-04-18,20,4,0,spring,5657,,,,
NYC,hour,2025-04-18 21:00:00,2025-04-18,21,4,0,spring,4474,,,,
NYC,hour,2025-04-18 22:00:00,2025-04-18,22,4,0,spring,3909,,,,
NYC,hour,2025-04-18 23:00:00,2025-04-18,23,4,0,spring,3381,,,,
NYC,hour,2025-04-19 00:00:00,2025-04-19,0,5,1,spring,2463,,,,
NYC,hour,2025-04-19 01:00:00,2025-04-19,1,5,1,spring,1738,,,,
NYC,hour,2025-04-19 02:00:00,2025-04-19,2,5,1,spring,1164,,,,
NYC,hour,2025-04-19 03:00:00,2025-04-19,3,5,1,spring,794,,,,
NYC,hour,2025-04-19 04:00:00,2025-04-19,4,5,1,spring,517,,,,
NYC,hour,2025-04-19 05:00:00,2025-04-19,5,5,1,spring,423,,,,
NYC,hour,2025-04-19 06:00:00,2025-04-19,6,5,1,spring,1003,,,,
NYC,hour,2025-04-19 07:00:00,2025-04-19,7,5,1,spring,1943,,,,
NYC,hour,2025-04-19 08:00:00,2025-04-19,8,5,1,spring,3515,,,,
NYC,hour,2025-04-19 09:00:00,2025-04-19,9,5,1,spring,5793,,,,
NYC,hour,2025-04-19 10:00:00,2025-04-19,10,5,1,spring,7565,,,,
NYC,hour,2025-04-19 11:00:00,2025-04-19,11,5,1,spring,9642,,,,
NYC,hour,2025-04-19 12:00:00,2025-04-19,12,5,1,spring,11378,,,,
NYC,hour,2025-04-19 13:00:00,2025-04-19,13,5,1,spring,12793,,,,
NYC,hour,2025-04-19 14:00:00,2025-04-19,14,5,1,spring,13004,,,,
NYC,hour,2025-04-19 15:00:00,2025-04-19,15,5,1,spring,13181,,,,
NYC,hour,2025-04-19 16:00:00,2025-04-19,16,5,1,spring,13165,,,,
NYC,hour,2025-04-19 17:00:00,2025-04-19,17,5,1,spring,12727,,,,
NYC,hour,2025-04-19 18:00:00,2025-04-19,18,5,1,spring,11135,,,,
NYC,hour,2025-04-19 19:00:00,2025-04-19,19,5,1,spring,9671,,,,
NYC,hour,2025-04-19 20:00:00,2025-04-19,20,5,1,spring,6868,,,,
NYC,hour,2025-04-19 21:00:00,2025-04-19,21,5,1,spring,5801,,,,
NYC,hour,2025-04-19 22:00:00,2025-04-19,22,5,1,spring,5039,,,,
NYC,hour,2025-04-19 23:00:00,2025-04-19,23,5,1,spring,4509,,,,
NYC,hour,2025-04-20 00:00:00,2025-04-20,0,6,1,spring,3281,,,,
NYC,hour,2025-04-20 01:00:00,2025-04-20,1,6,1,spring,2228,,,,
NYC,hour,2025-04-20 02:00:00,2025-04-20,2,6,1,spring,1613,,,,
NYC,hour,2025-04-20 03:00:00,2025-04-20,3,6,1,spring,1076,,,,
NYC,hour,2025-04-20 04:00:00,2025-04-20,4,6,1,spring,705,,,,
NYC,hour,2025-04-20 05:00:00,2025-04-20,5,6,1,spring,446,,,,
NYC,hour,2025-04-20 06:00:00,2025-04-20,6,6,1,spring,817,,,,
NYC,hour,2025-04-20 07:00:00,2025-04-20,7,6,1,spring,1460,,,,
NYC,hour,2025-04-20 08:00:00,2025-04-20,8,6,1,spring,2487,,,,
NYC,hour,2025-04-20 09:00:00,2025-04-20,9,6,1,spring,4001,,,,
NYC,hour,2025-04-20 10:00:00,2025-04-20,10,6,1,spring,5809,,,,
NYC,hour,2025-04-20 11:00:00,2025-04-20,11,6,1,spring,7482,,,,
NYC,hour,2025-04-20 12:00:00,2025-04-20,12,6,1,spring,8482,,,,
NYC,hour,2025-04-20 13:00:00,2025-04-20,13,6,1,spring,9198,,,,
NYC,hour,2025-04-20 14:00:00,2025-04-20,14,6,1,spring,9870,,,,
NYC,hour,2025-04-20 15:00:00,2025-04-20,15,6,1,spring,9883,,,,
NYC,hour,2025-04-20 16:00:00,2025-04-20,16,6,1,spring,9859,,,,
NYC,hour,2025-04-20 17:00:00,2025-04-20,17,6,1,spring,9394,,,,
NYC,hour,2025-04-20 18:00:00,2025-04-20,18,6,1,spring,9019,,,,
NYC,hour,2025-04-20 19:00:00,2025-04-20,19,6,1,spring,7275,,,,
NYC,hour,2025-04-20 20:00:00,2025-04-20,20,6,1,spring,5090,,,,
NYC,hour,2025-04-20 21:00:00,2025-04-20,21,6,1,spring,3700,,,,
NYC,hour,2025-04-20 22:00:00,2025-04-20,22,6,1,spring,2759,,,,
NYC,hour,2025-04-20 23:00:00,2025-04-20,23,6,1,spring,1816,,,,
NYC,hour,2025-04-21 00:00:00,2025-04-21,0,0,0,spring,1075,,,,
NYC,hour,2025-04-21 01:00:00,2025-04-21,1,0,0,spring,545,,,,
NYC,hour,2025-04-21 02:00:00,2025-04-21,2,0,0,spring,333,,,,
NYC,hour,2025-04-21 03:00:00,2025-04-21,3,0,0,spring,195,,,,
NYC,hour,2025-04-21 04:00:00,2025-04-21,4,0,0,spring,321,,,,
NYC,hour,2025-04-21 05:00:00,2025-04-21,5,0,0,spring,965,,,,
NYC,hour,2025-04-21 06:00:00,2025-04-21,6,0,0,spring,2935,,,,
NYC,hour,2025-04-21 07:00:00,2025-04-21,7,0,0,spring,6552,,,,
NYC,hour,2025-04-21 08:00:00,2025-04-21,8,0,0,spring,9576,,,,
NYC,hour,2025-04-21 09:00:00,2025-04-21,9,0,0,spring,6768,,,,
NYC,hour,2025-04-21 10:00:00,2025-04-21,10,0,0,spring,4707,,,,
NYC,hour,2025-04-21 11:00:00,2025-04-21,11,0,0,spring,4571,,,,
NYC,hour,2025-04-21 12:00:00,2025-04-21,12,0,0,spring,5319,,,,
NYC,hour,2025-04-21 13:00:00,2025-04-21,13,0,0,spring,5664,,,,
NYC,hour,2025-04-21 14:00:00,2025-04-21,14,0,0,spring,6315,,,,
NYC,hour,2025-04-21 15:00:00,2025-04-21,15,0,0,spring,7155,,,,
NYC,hour,2025-04-21 16:00:00,2025-04-21,16,0,0,spring,8699,,,,
NYC,hour,2025-04-21 17:00:00,2025-04-21,17,0,0,spring,12390,,,,
NYC,hour,2025-04-21 18:00:00,2025-04-21,18,0,0,spring,10982,,,,
NYC,hour,2025-04-21 19:00:00,2025-04-21,19,0,0,spring,7760,,,,
NYC,hour,2025-04-21 20:00:00,2025-04-21,20,0,0,spring,5303,,,,
NYC,hour,2025-04-21 21:00:00,2025-04-21,21,0,0,spring,3748,,,,
NYC,hour,2025-04-21 22:00:00,2025-04-21,22,0,0,spring,3064,,,,
NYC,hour,2025-04-21 23:00:00,2025-04-21,23,0,0,spring,1414,,,,
NYC,hour,2025-04-22 00:00:00,2025-04-22,0,1,0,spring,872,,,,
NYC,hour,2025-04-22 01:00:00,2025-04-22,1,1,0,spring,478,,,,
NYC,hour,2025-04-22 02:00:00,2025-04-22,2,1,0,spring,287,,,,
NYC,hour,2025-04-22 03:00:00,2025-04-22,3,1,0,spring,190,,,,
NYC,hour,2025-04-22 04:00:00,2025-04-22,4,1,0,spring,331,,,,
NYC,hour,2025-04-22 05:00:00,2025-04-22,5,1,0,spring,1161,,,,
NYC,hour,2025-04-22 06:00:00,2025-04-22,6,1,0,spring,3738,,,,
NYC,hour,2025-04-22 07:00:00,2025-04-22,7,1,0,spring,8127,,,,
NYC,hour,2025-04-22 08:00:00,2025-04-22,8,1,0,spring,12560,,,,
NYC,hour,2025-04-22 09:00:00,2025-04-22,9,1,0,spring,8317,,,,
NYC,hour,2025-04-22 10:00:00,2025-04-22,10,1,0,spring,5753,,,,
NYC,hour,2025-04-22 11:00:00,2025-04-22,11,1,0,spring,5884,,,,
NYC,hour,2025-04-22 12:00:00,2025-04-22,12,1,0,spring,6740,,,,
NYC,hour,2025-04-22 13:00:00,2025-04-22,13,1,0,spring,7191,,,,
NYC,hour,2025-04-22 14:00:00,2025-04-22,14,1,0,spring,8354,,,,
NYC,hour,2025-04-22 15:00:00,2025-04-22,15,1,0,spring,9825,,,,
NYC,hour,2025-04-22 16:00:00,2025-04-22,16,1,0,spring,12100,,,,
NYC,hour,2025-04-22 17:00:00,2025-04-22,17,1,0,spring,17552,,,,
NYC,hour,2025-04-22 18:00:00,2025-04-22,18,1,0,spring,16290,,,,
NYC,hour,2025-04-22 19:00:00,2025-04-22,19,1,0,spring,11744,,,,
NYC,hour,2025-04-22 20:00:00,2025-04-22,20,1,0,spring,8038,,,,
NYC,hour,2025-04-22 21:00:00,2025-04-22,21,1,0,spring,5977,,,,
NYC,hour,2025-04-22 22:00:00,2025-04-22,22,1,0,spring,4545,,,,
NYC,hour,2025-04-22 23:00:00,2025-04-22,23,1,0,spring,2681,,,,
NYC,hour,2025-04-23 00:00:00,2025-04-23,0,2,0,spring,1425,,,,
NYC,hour,2025-04-23 01:00:00,2025-04-23,1,2,0,spring,663,,,,
NYC,hour,2025-04-23 02:00:00,2025-04-23,2,2,0,spring,376,,,,
NYC,hour,2025-04-23 03:00:00,2025-04-23,3,2,0,spring,236,,,,
NYC,hour,2025-04-23 04:00:00,2025-04-23,4,2,0,spring,362,,,,
NYC,hour,2025-04-23 05:00:00,2025-04-23,5,2,0,spring,1207,,,,
NYC,hour,2025-04-23 06:00:00,2025-04-23,6,2,0,spring,3785,,,,
NYC,hour,2025-04-23 07:00:00,2025-04-23,7,2,0,spring,8556,,,,
NYC,hour,2025-04-23 08:00:00,2025-04-23,8,2,0,spring,13287,,,,
NYC,hour,2025-04-23 09:00:00,2025-04-23,9,2,0,spring,9270,,,,
NYC,hour,2025-04-23 10:00:00,2025-04-23,10,2,0,spring,6288,,,,
NYC,hour,2025-04-23 11:00:00,2025-04-23,11,2,0,spring,6260,,,,
NYC,hour,2025-04-23 12:00:00,2025-04-23,12,2,0,spring,7226,,,,
NYC,hour,2025-04-23 13:00:00,2025-04-23,13,2,0,spring,7636,,,,
NYC,hour,2025-04-23 14:00:00,2025-04-23,14,2,0,spring,8627,,,,
NYC,hour,2025-04-23 15:00:00,2025-04-23,15,2,0,spring,9969,,,,
NYC,hour,2025-04-23 16:00:00,2025-04-23,16,2,0,spring,12014,,,,
NYC,hour,2025-04-23 17:00:00,2025-04-23,17,2,0,spring,17764,,,,
NYC,hour,2025-04-23 18:00:00,2025-04-23,18,2,0,spring,16410,,,,
NYC,hour,2025-04-23 19:00:00,2025-04-23,19,2,0,spring,11937,,,,
NYC,hour,2025-04-23 20:00:00,2025-04-23,20,2,0,spring,8023,,,,
NYC,hour,2025-04-23 21:00:00,2025-04-23,21,2,0,spring,5882,,,,
NYC,hour,2025-04-23 22:00:00,2025-04-23,22,2,0,spring,4483,,,,
NYC,hour,2025-04-23 23:00:00,2025-04-23,23,2,0,spring,2801,,,,
NYC,hour,2025-04-24 00:00:00,2025-04-24,0,3,0,spring,1449,,,,
NYC,hour,2025-04-24 01:00:00,2025-04-24,1,3,0,spring,721,,,,
NYC,hour,2025-04-24 02:00:00,2025-04-24,2,3,0,spring,431,,,,
NYC,hour,2025-04-24 03:00:00,2025-04-24,3,3,0,spring,239,,,,
NYC,hour,2025-04-24 04:00:00,2025-04-24,4,3,0,spring,368,,,,
NYC,hour,2025-04-24 05:00:00,2025-04-24,5,3,0,spring,1189,,,,
NYC,hour,2025-04-24 06:00:00,2025-04-24,6,3,0,spring,3842,,,,
NYC,hour,2025-04-24 07:00:00,2025-04-24,7,3,0,spring,8396,,,,
NYC,hour,2025-04-24 08:00:00,2025-04-24,8,3,0,spring,12987,,,,
NYC,hour,2025-04-24 09:00:00,2025-04-24,9,3,0,spring,9310,,,,
NYC,hour,2025-04-24 10:00:00,2025-04-24,10,3,0,spring,6627,,,,
NYC,hour,2025-04-24 11:00:00,2025-04-24,11,3,0,spring,6729,,,,
NYC,hour,2025-04-24 12:00:00,2025-04-24,12,3,0,spring,7547,,,,
NYC,hour,2025-04-24 13:00:00,2025-04-24,13,3,0,spring,7921,,,,
NYC,hour,2025-04-24 14:00:00,2025-04-24,14,3,0,spring,8784,,,,
NYC,hour,2025-04-24 15:00:00,2025-04-24,15,3,0,spring,10205,,,,
NYC,hour,2025-04-24 16:00:00,2025-04-24,16,3,0,spring,12463,,,,
NYC,hour,2025-04-24 17:00:00,2025-04-24,17,3,0,spring,17579,,,,
NYC,hour,2025-04-24 18:00:00,2025-04-24,18,3,0,spring,17927,,,,
NYC,hour,2025-04-24 19:00:00,2025-04-24,19,3,0,spring,12595,,,,
NYC,hour,2025-04-24 20:00:00,2025-04-24,20,3,0,spring,8589,,,,
NYC,hour,2025-04-24 21:00:00,2025-04-24,21,3,0,spring,6387,,,,
NYC,hour,2025-04-24 22:00:00,2025-04-24,22,3,0,spring,5578,,,,
NYC,hour,2025-04-24 23:00:00,2025-04-24,23,3,0,spring,3639,,,,
NYC,hour,2025-04-25 00:00:00,2025-04-25,0,4,0,spring,2120,,,,
NYC,hour,2025-04-25 01:00:00,2025-04-25,1,4,0,spring,1135,,,,
NYC,hour,2025-04-25 02:00:00,2025-04-25,2,4,0,spring,652,,,,
NYC,hour,2025-04-25 03:00:00,2025-04-25,3,4,0,spring,416,,,,
NYC,hour,2025-04-25 04:00:00,2025-04-25,4,4,0,spring,447,,,,
NYC,hour,2025-04-25 05:00:00,2025-04-25,5,4,0,spring,1192,,,,
NYC,hour,2025-04-25 06:00:00,2025-04-25,6,4,0,spring,3296,,,,
NYC,hour,2025-04-25 07:00:00,2025-04-25,7,4,0,spring,7145,,,,
NYC,hour,2025-04-25 08:00:00,2025-04-25,8,4,0,spring,10633,,,,
NYC,hour,2025-04-25 09:00:00,2025-04-25,9,4,0,spring,8481,,,,
NYC,hour,2025-04-25 10:00:00,2025-04-25,10,4,0,spring,6759,,,,
NYC,hour,2025-04-25 11:00:00,2025-04-25,11,4,0,spring,7338,,,,
NYC,hour,2025-04-25 12:00:00,2025-04-25,12,4,0,spring,8281,,,,
NYC,hour,2025-04-25 13:00:00,2025-04-25,13,4,0,spring,9257,,,,
NYC,hour,2025-04-25 14:00:00,2025-04-25,14,4,0,spring,10581,,,,
NYC,hour,2025-04-25 15:00:00,2025-04-25,15,4,0,spring,11871,,,,
NYC,hour,2025-04-25 16:00:00,2025-04-25,16,4,0,spring,13714,,,,
NYC,hour,2025-04-25 17:00:00,2025-04-25,17,4,0,spring,16114,,,,
NYC,hour,2025-04-25 18:00:00,2025-04-25,18,4,0,spring,15048,,,,
NYC,hour,2025-04-25 19:00:00,2025-04-25,19,4,0,spring,11379,,,,
NYC,hour,2025-04-25 20:00:00,2025-04-25,20,4,0,spring,7548,,,,
NYC,hour,2025-04-25 21:00:00,2025-04-25,21,4,0,spring,5903,,,,
NYC,hour,2025-04-25 22:00:00,2025-04-25,22,4,0,spring,5314,,,,
NYC,hour,2025-04-25 23:00:00,2025-04-25,23,4,0,spring,4396,,,,
NYC,hour,2025-04-26 00:00:00,2025-04-26,0,5,1,spring,3485,,,,
NYC,hour,2025-04-26 01:00:00,2025-04-26,1,5,1,spring,2393,,,,
NYC,hour,2025-04-26 02:00:00,2025-04-26,2,5,1,spring,1227,,,,
NYC,hour,2025-04-26 03:00:00,2025-04-26,3,5,1,spring,455,,,,
NYC,hour,2025-04-26 04:00:00,2025-04-26,4,5,1,spring,298,,,,
NYC,hour,2025-04-26 05:00:00,2025-04-26,5,5,1,spring,312,,,,
NYC,hour,2025-04-26 06:00:00,2025-04-26,6,5,1,spring,823,,,,
NYC,hour,2025-04-26 07:00:00,2025-04-26,7,5,1,spring,1889,,,,
NYC,hour,2025-04-26 08:00:00,2025-04-26,8,5,1,spring,3282,,,,
NYC,hour,2025-04-26 09:00:00,2025-04-26,9,5,1,spring,5243,,,,
NYC,hour,2025-04-26 10:00:00,2025-04-26,10,5,1,spring,7343,,,,
NYC,hour,2025-04-26 11:00:00,2025-04-26,11,5,1,spring,9201,,,,
NYC,hour,2025-04-26 12:00:00,2025-04-26,12,5,1,spring,9588,,,,
NYC,hour,2025-04-26 13:00:00,2025-04-26,13,5,1,spring,8165,,,,
NYC,hour,2025-04-26 14:00:00,2025-04-26,14,5,1,spring,10088,,,,
NYC,hour,2025-04-26 15:00:00,2025-04-26,15,5,1,spring,11549,,,,
NYC,hour,2025-04-26 16:00:00,2025-04-26,16,5,1,spring,10920,,,,
NYC,hour,2025-04-26 17:00:00,2025-04-26,17,5,1,spring,10780,,,,
NYC,hour,2025-04-26 18:00:00,2025-04-26,18,5,1,spring,11532,,,,
NYC,hour,2025-04-26 19:00:00,2025-04-26,19,5,1,spring,4308,,,,
NYC,hour,2025-04-26 20:00:00,2025-04-26,20,5,1,spring,4863,,,,
NYC,hour,2025-04-26 21:00:00,2025-04-26,21,5,1,spring,4539,,,,
NYC,hour,2025-04-26 22:00:00,2025-04-26,22,5,1,spring,3992,,,,
NYC,hour,2025-04-26 23:00:00,2025-04-26,23,5,1,spring,3384,,,,
NYC,hour,2025-04-27 00:00:00,2025-04-27,0,6,1,spring,2457,,,,
NYC,hour,2025-04-27 01:00:00,2025-04-27,1,6,1,spring,1656,,,,
NYC,hour,2025-04-27 02:00:00,2025-04-27,2,6,1,spring,1038,,,,
NYC,hour,2025-04-27 03:00:00,2025-04-27,3,6,1,spring,676,,,,
NYC,hour,2025-04-27 04:00:00,2025-04-27,4,6,1,spring,458,,,,
NYC,hour,2025-04-27 05:00:00,2025-04-27,5,6,1,spring,712,,,,
NYC,hour,2025-04-27 06:00:00,2025-04-27,6,6,1,spring,1445,,,,
NYC,hour,2025-04-27 07:00:00,2025-04-27,7,6,1,spring,2533,,,,
NYC,hour,2025-04-27 08:00:00,2025-04-27,8,6,1,spring,3790,,,,
NYC,hour,2025-04-27 09:00:00,2025-04-27,9,6,1,spring,5754,,,,
NYC,hour,2025-04-27 10:00:00,2025-04-27,10,6,1,spring,7448,,,,
NYC,hour,2025-04-27 11:00:00,2025-04-27,11,6,1,spring,8987,,,,
NYC,hour,2025-04-27 12:00:00,2025-04-27,12,6,1,spring,10163,,,,
NYC,hour,2025-04-27 13:00:00,2025-04-27,13,6,1,spring,9851,,,,
NYC,hour,2025-04-27 14:00:00,2025-04-27,14,6,1,spring,9455,,,,
NYC,hour,2025-04-27 15:00:00,2025-04-27,15,6,1,spring,9292,,,,
NYC,hour,2025-04-27 16:00:00,2025-04-27,16,6,1,spring,9256,,,,
NYC,hour,2025-04-27 17:00:00,2025-04-27,17,6,1,spring,8875,,,,
NYC,hour,2025-04-27 18:00:00,2025-04-27,18,6,1,spring,8195,,,,
NYC,hour,2025-04-27 19:00:00,2025-04-27,19,6,1,spring,6820,,,,
NYC,hour,2025-04-27 20:00:00,2025-04-27,20,6,1,spring,4866,,,,
NYC,hour,2025-04-27 21:00:00,2025-04-27,21,6,1,spring,3609,,,,
NYC,hour,2025-04-27 22:00:00,2025-04-27,22,6,1,spring,2667,,,,
NYC,hour,2025-04-27 23:00:00,2025-04-27,23,6,1,spring,1777,,,,
NYC,hour,2025-04-28 00:00:00,2025-04-28,0,0,0,spring,1148,,,,
NYC,hour,2025-04-28 01:00:00,2025-04-28,1,0,0,spring,541,,,,
NYC,hour,2025-04-28 02:00:00,2025-04-28,2,0,0,spring,338,,,,
NYC,hour,2025-04-28 03:00:00,2025-04-28,3,0,0,spring,202,,,,
NYC,hour,2025-04-28 04:00:00,2025-04-28,4,0,0,spring,301,,,,
NYC,hour,2025-04-28 05:00:00,2025-04-28,5,0,0,spring,1075,,,,
NYC,hour,2025-04-28 06:00:00,2025-04-28,6,0,0,spring,3378,,,,
NYC,hour,2025-04-28 07:00:00,2025-04-28,7,0,0,spring,7809,,,,
NYC,hour,2025-04-28 08:00:00,2025-04-28,8,0,0,spring,11495,,,,
NYC,hour,2025-04-28 09:00:00,2025-04-28,9,0,0,spring,8023,,,,
NYC,hour,2025-04-28 10:00:00,2025-04-28,10,0,0,spring,5818,,,,
NYC,hour,2025-04-28 11:00:00,2025-04-28,11,0,0,spring,5982,,,,
NYC,hour,2025-04-28 12:00:00,2025-04-28,12,0,0,spring,6838,,,,
NYC,hour,2025-04-28 13:00:00,2025-04-28,13,0,0,spring,7404,,,,
NYC,hour,2025-04-28 14:00:00,2025-04-28,14,0,0,spring,8485,,,,
NYC,hour,2025-04-28 15:00:00,2025-04-28,15,0,0,spring,9923,,,,
NYC,hour,2025-04-28 16:00:00,2025-04-28,16,0,0,spring,12017,,,,
NYC,hour,2025-04-28 17:00:00,2025-04-28,17,0,0,spring,16633,,,,
NYC,hour,2025-04-28 18:00:00,2025-04-28,18,0,0,spring,15583,,,,
NYC,hour,2025-04-28 19:00:00,2025-04-28,19,0,0,spring,11450,,,,
NYC,hour,2025-04-28 20:00:00,2025-04-28,20,0,0,spring,7556,,,,
NYC,hour,2025-04-28 21:00:00,2025-04-28,21,0,0,spring,5213,,,,
NYC,hour,2025-04-28 22:00:00,2025-04-28,22,0,0,spring,3697,,,,
NYC,hour,2025-04-28 23:00:00,2025-04-28,23,0,0,spring,2131,,,,
NYC,hour,2025-04-29 00:00:00,2025-04-29,0,1,0,spring,1138,,,,
NYC,hour,2025-04-29 01:00:00,2025-04-29,1,1,0,spring,634,,,,
NYC,hour,2025-04-29 02:00:00,2025-04-29,2,1,0,spring,357,,,,
NYC,hour,2025-04-29 03:00:00,2025-04-29,3,1,0,spring,223,,,,
NYC,hour,2025-04-29 04:00:00,2025-04-29,4,1,0,spring,331,,,,
NYC,hour,2025-04-29 05:00:00,2025-04-29,5,1,0,spring,1312,,,,
NYC,hour,2025-04-29 06:00:00,2025-04-29,6,1,0,spring,4049,,,,
NYC,hour,2025-04-29 07:00:00,2025-04-29,7,1,0,spring,8990,,,,
NYC,hour,2025-04-29 08:00:00,2025-04-29,8,1,0,spring,13673,,,,
NYC,hour,2025-04-29 09:00:00,2025-04-29,9,1,0,spring,9248,,,,
NYC,hour,2025-04-29 10:00:00,2025-04-29,10,1,0,spring,6302,,,,
NYC,hour,2025-04-29 11:00:00,2025-04-29,11,1,0,spring,6368,,,,
NYC,hour,2025-04-29 12:00:00,2025-04-29,12,1,0,spring,7098,,,,
NYC,hour,2025-04-29 13:00:00,2025-04-29,13,1,0,spring,7728,,,,
NYC,hour,2025-04-29 14:00:00,2025-04-29,14,1,0,spring,8911,,,,
NYC,hour,2025-04-29 15:00:00,2025-04-29,15,1,0,spring,10016,,,,
NYC,hour,2025-04-29 16:00:00,2025-04-29,16,1,0,spring,12258,,,,
NYC,hour,2025-04-29 17:00:00,2025-04-29,17,1,0,spring,18557,,,,
NYC,hour,2025-04-29 18:00:00,2025-04-29,18,1,0,spring,17527,,,,
NYC,hour,2025-04-29 19:00:00,2025-04-29,19,1,0,spring,12742,,,,
NYC,hour,2025-04-29 20:00:00,2025-04-29,20,1,0,spring,8222,,,,
NYC,hour,2025-04-29 21:00:00,2025-04-29,21,1,0,spring,6075,,,,
NYC,hour,2025-04-29 22:00:00,2025-04-29,22,1,0,spring,5067,,,,
NYC,hour,2025-04-29 23:00:00,2025-04-29,23,1,0,spring,2950,,,,
NYC,hour,2025-04-30 00:00:00,2025-04-30,0,2,0,spring,1468,,,,
NYC,hour,2025-04-30 01:00:00,2025-04-30,1,2,0,spring,794,,,,
NYC,hour,2025-04-30 02:00:00,2025-04-30,2,2,0,spring,410,,,,
NYC,hour,2025-04-30 03:00:00,2025-04-30,3,2,0,spring,257,,,,
NYC,hour,2025-04-30 04:00:00,2025-04-30,4,2,0,spring,409,,,,
NYC,hour,2025-04-30 05:00:00,2025-04-30,5,2,0,spring,1314,,,,
NYC,hour,2025-04-30 06:00:00,2025-04-30,6,2,0,spring,3938,,,,
NYC,hour,2025-04-30 07:00:00,2025-04-30,7,2,0,spring,8805,,,,
NYC,hour,2025-04-30 08:00:00,2025-04-30,8,2,0,spring,13818,,,,
NYC,hour,2025-04-30 09:00:00,2025-04-30,9,2,0,spring,10093,,,,
NYC,hour,2025-04-30 10:00:00,2025-04-30,10,2,0,spring,7006,,,,
NYC,hour,2025-04-30 11:00:00,2025-04-30,11,2,0,spring,6699,,,,
NYC,hour,2025-04-30 12:00:00,2025-04-30,12,2,0,spring,7670,,,,
NYC,hour,2025-04-30 13:00:00,2025-04-30,13,2,0,spring,8179,,,,
NYC,hour,2025-04-30 14:00:00,2025-04-30,14,2,0,spring,9244,,,,
NYC,hour,2025-04-30 15:00:00,2025-04-30,15,2,0,spring,10247,,,,
NYC,hour,2025-04-30 16:00:00,2025-04-30,16,2,0,spring,12562,,,,
NYC,hour,2025-04-30 17:00:00,2025-04-30,17,2,0,spring,18731,,,,
NYC,hour,2025-04-30 18:00:00,2025-04-30,18,2,0,spring,17374,,,,
NYC,hour,2025-04-30 19:00:00,2025-04-30,19,2,0,spring,12668,,,,
NYC,hour,2025-04-30 20:00:00,2025-04-30,20,2,0,spring,8642,,,,
NYC,hour,2025-04-30 21:00:00,2025-04-30,21,2,0,spring,6499,,,,
NYC,hour,2025-04-30 22:00:00,2025-04-30,22,2,0,spring,4849,,,,
NYC,hour,2025-04-30 23:00:00,2025-04-30,23,2,0,spring,3128,,,,
NYC,hour,2025-05-01 00:00:00,2025-05-01,0,3,0,spring,1552,,,,
NYC,hour,2025-05-01 01:00:00,2025-05-01,1,3,0,spring,777,,,,
NYC,hour,2025-05-01 02:00:00,2025-05-01,2,3,0,spring,412,,,,
NYC,hour,2025-05-01 03:00:00,2025-05-01,3,3,0,spring,318,,,,
NYC,hour,2025-05-01 04:00:00,2025-05-01,4,3,0,spring,351,,,,
NYC,hour,2025-05-01 05:00:00,2025-05-01,5,3,0,spring,1229,,,,
NYC,hour,2025-05-01 06:00:00,2025-05-01,6,3,0,spring,3823,,,,
NYC,hour,2025-05-01 07:00:00,2025-05-01,7,3,0,spring,8640,,,,
NYC,hour,2025-05-01 08:00:00,2025-05-01,8,3,0,spring,13741,,,,
NYC,hour,2025-05-01 09:00:00,2025-05-01,9,3,0,spring,9937,,,,
NYC,hour,2025-05-01 10:00:00,2025-05-01,10,3,0,spring,7078,,,,
NYC,hour,2025-05-01 11:00:00,2025-05-01,11,3,0,spring,6850,,,,
NYC,hour,2025-05-01 12:00:00,2025-05-01,12,3,0,spring,7495,,,,
NYC,hour,2025-05-01 13:00:00,2025-05-01,13,3,0,spring,8007,,,,
NYC,hour,2025-05-01 14:00:00,2025-05-01,14,3,0,spring,9079,,,,
NYC,hour,2025-05-01 15:00:00,2025-05-01,15,3,0,spring,10239,,,,
NYC,hour,2025-05-01 16:00:00,2025-05-01,16,3,0,spring,12335,,,,
NYC,hour,2025-05-01 17:00:00,2025-05-01,17,3,0,spring,17307,,,,
NYC,hour,2025-05-01 18:00:00,2025-05-01,18,3,0,spring,16354,,,,
NYC,hour,2025-05-01 19:00:00,2025-05-01,19,3,0,spring,11966,,,,
NYC,hour,2025-05-01 20:00:00,2025-05-01,20,3,0,spring,7816,,,,
NYC,hour,2025-05-01 21:00:00,2025-05-01,21,3,0,spring,5762,,,,
NYC,hour,2025-05-01 22:00:00,2025-05-01,22,3,0,spring,4956,,,,
NYC,hour,2025-05-01 23:00:00,2025-05-01,23,3,0,spring,3355,,,,
NYC,hour,2025-05-02 00:00:00,2025-05-02,0,4,0,spring,1891,,,,
NYC,hour,2025-05-02 01:00:00,2025-05-02,1,4,0,spring,1038,,,,
NYC,hour,2025-05-02 02:00:00,2025-05-02,2,4,0,spring,579,,,,
NYC,hour,2025-05-02 03:00:00,2025-05-02,3,4,0,spring,458,,,,
NYC,hour,2025-05-02 04:00:00,2025-05-02,4,4,0,spring,426,,,,
NYC,hour,2025-05-02 05:00:00,2025-05-02,5,4,0,spring,1171,,,,
NYC,hour,2025-05-02 06:00:00,2025-05-02,6,4,0,spring,3364,,,,
NYC,hour,2025-05-02 07:00:00,2025-05-02,7,4,0,spring,7423,,,,
NYC,hour,2025-05-02 08:00:00,2025-05-02,8,4,0,spring,10810,,,,
NYC,hour,2025-05-02 09:00:00,2025-05-02,9,4,0,spring,8672,,,,
NYC,hour,2025-05-02 10:00:00,2025-05-02,10,4,0,spring,7104,,,,
NYC,hour,2025-05-02 11:00:00,2025-05-02,11,4,0,spring,7650,,,,
NYC,hour,2025-05-02 12:00:00,2025-05-02,12,4,0,spring,8490,,,,
NYC,hour,2025-05-02 13:00:00,2025-05-02,13,4,0,spring,9542,,,,
NYC,hour,2025-05-02 14:00:00,2025-05-02,14,4,0,spring,10909,,,,
NYC,hour,2025-05-02 15:00:00,2025-05-02,15,4,0,spring,12176,,,,
NYC,hour,2025-05-02 16:00:00,2025-05-02,16,4,0,spring,14130,,,,
NYC,hour,2025-05-02 17:00:00,2025-05-02,17,4,0,spring,17345,,,,
NYC,hour,2025-05-02 18:00:00,2025-05-02,18,4,0,spring,16102,,,,
NYC,hour,2025-05-02 19:00:00,2025-05-02,19,4,0,spring,12647,,,,
NYC,hour,2025-05-02 20:00:00,2025-05-02,20,4,0,spring,9050,,,,
NYC,hour,2025-05-02 21:00:00,2025-05-02,21,4,0,spring,6898,,,,
NYC,hour,2025-05-02 22:00:00,2025-05-02,22,4,0,spring,6298,,,,
NYC,hour,2025-05-02 23:00:00,2025-05-02,23,4,0,spring,5396,,,,
NYC,hour,2025-05-03 00:00:00,2025-05-03,0,5,1,spring,4061,,,,
NYC,hour,2025-05-03 01:00:00,2025-05-03,1,5,1,spring,2555,,,,
NYC,hour,2025-05-03 02:00:00,2025-05-03,2,5,1,spring,1854,,,,
NYC,hour,2025-05-03 03:00:00,2025-05-03,3,5,1,spring,1098,,,,
NYC,hour,2025-05-03 04:00:00,2025-05-03,4,5,1,spring,670,,,,
NYC,hour,2025-05-03 05:00:00,2025-05-03,5,5,1,spring,582,,,,
NYC,hour,2025-05-03 06:00:00,2025-05-03,6,5,1,spring,1378,,,,
NYC,hour,2025-05-03 07:00:00,2025-05-03,7,5,1,spring,2552,,,,
NYC,hour,2025-05-03 08:00:00,2025-05-03,8,5,1,spring,4755,,,,
NYC,hour,2025-05-03 09:00:00,2025-05-03,9,5,1,spring,7480,,,,
NYC,hour,2025-05-03 10:00:00,2025-05-03,10,5,1,spring,10054,,,,
NYC,hour,2025-05-03 11:00:00,2025-05-03,11,5,1,spring,12087,,,,
NYC,hour,2025-05-03 12:00:00,2025-05-03,12,5,1,spring,13479,,,,
NYC,hour,2025-05-03 13:00:00,2025-05-03,13,5,1,spring,13638,,,,
NYC,hour,2025-05-03 14:00:00,2025-05-03,14,5,1,spring,13735,,,,
NYC,hour,2025-05-03 15:00:00,2025-05-03,15,5,1,spring,14201,,,,
NYC,hour,2025-05-03 16:00:00,2025-05-03,16,5,1,spring,13713,,,,
NYC,hour,2025-05-03 17:00:00,2025-05-03,17,5,1,spring,13298,,,,
NYC,hour,2025-05-03 18:00:00,2025-05-03,18,5,1,spring,13202,,,,
NYC,hour,2025-05-03 19:00:00,2025-05-03,19,5,1,spring,11510,,,,
NYC,hour,2025-05-03 20:00:00,2025-05-03,20,5,1,spring,8251,,,,
NYC,hour,2025-05-03 21:00:00,2025-05-03,21,5,1,spring,6696,,,,
NYC,hour,2025-05-03 22:00:00,2025-05-03,22,5,1,spring,5131,,,,
NYC,hour,2025-05-03 23:00:00,2025-05-03,23,5,1,spring,4156,,,,
NYC,hour,2025-05-04 00:00:00,2025-05-04,0,6,1,spring,3468,,,,
NYC,hour,2025-05-04 01:00:00,2025-05-04,1,6,1,spring,2545,,,,
NYC,hour,2025-05-04 02:00:00,2025-05-04,2,6,1,spring,1725,,,,
NYC,hour,2025-05-04 03:00:00,2025-05-04,3,6,1,spring,1102,,,,
NYC,hour,2025-05-04 04:00:00,2025-05-04,4,6,1,spring,739,,,,
NYC,hour,2025-05-04 05:00:00,2025-05-04,5,6,1,spring,548,,,,
NYC,hour,2025-05-04 06:00:00,2025-05-04,6,6,1,spring,1008,,,,
NYC,hour,2025-05-04 07:00:00,2025-05-04,7,6,1,spring,1989,,,,
NYC,hour,2025-05-04 08:00:00,2025-05-04,8,6,1,spring,3420,,,,
NYC,hour,2025-05-04 09:00:00,2025-05-04,9,6,1,spring,5709,,,,
NYC,hour,2025-05-04 10:00:00,2025-05-04,10,6,1,spring,8230,,,,
NYC,hour,2025-05-04 11:00:00,2025-05-04,11,6,1,spring,10102,,,,
NYC,hour,2025-05-04 12:00:00,2025-05-04,12,6,1,spring,6562,,,,
NYC,hour,2025-05-04 13:00:00,2025-05-04,13,6,1,spring,5531,,,,
NYC,hour,2025-05-04 14:00:00,2025-05-04,14,6,1,spring,7540,,,,
NYC,hour,2025-05-04 15:00:00,2025-05-04,15,6,1,spring,6268,,,,
NYC,hour,2025-05-04 16:00:00,2025-05-04,16,6,1,spring,6480,,,,
NYC,hour,2025-05-04 17:00:00,2025-05-04,17,6,1,spring,3197,,,,
NYC,hour,2025-05-04 18:00:00,2025-05-04,18,6,1,spring,3439,,,,
NYC,hour,2025-05-04 19:00:00,2025-05-04,19,6,1,spring,2862,,,,
NYC,hour,2025-05-04 20:00:00,2025-05-04,20,6,1,spring,2212,,,,
NYC,hour,2025-05-04 21:00:00,2025-05-04,21,6,1,spring,2284,,,,
NYC,hour,2025-05-04 22:00:00,2025-05-04,22,6,1,spring,2205,,,,
NYC,hour,2025-05-04 23:00:00,2025-05-04,23,6,1,spring,1778,,,,
NYC,hour,2025-05-05 00:00:00,2025-05-05,0,0,0,spring,1051,,,,
NYC,hour,2025-05-05 01:00:00,2025-05-05,1,0,0,spring,557,,,,
NYC,hour,2025-05-05 02:00:00,2025-05-05,2,0,0,spring,297,,,,
NYC,hour,2025-05-05 03:00:00,2025-05-05,3,0,0,spring,214,,,,
NYC,hour,2025-05-05 04:00:00,2025-05-05,4,0,0,spring,334,,,,
NYC,hour,2025-05-05 05:00:00,2025-05-05,5,0,0,spring,1099,,,,
NYC,hour,2025-05-05 06:00:00,2025-05-05,6,0,0,spring,3171,,,,
NYC,hour,2025-05-05 07:00:00,2025-05-05,7,0,0,spring,6977,,,,
NYC,hour,2025-05-05 08:00:00,2025-05-05,8,0,0,spring,10090,,,,
NYC,hour,2025-05-05 09:00:00,2025-05-05,9,0,0,spring,7224,,,,
NYC,hour,2025-05-05 10:00:00,2025-05-05,10,0,0,spring,4735,,,,
NYC,hour,2025-05-05 11:00:00,2025-05-05,11,0,0,spring,4281,,,,
NYC,hour,2025-05-05 12:00:00,2025-05-05,12,0,0,spring,1569,,,,
NYC,hour,2025-05-05 13:00:00,2025-05-05,13,0,0,spring,1893,,,,
NYC,hour,2025-05-05 14:00:00,2025-05-05,14,0,0,spring,1970,,,,
NYC,hour,2025-05-05 15:00:00,2025-05-05,15,0,0,spring,3612,,,,
NYC,hour,2025-05-05 16:00:00,2025-05-05,16,0,0,spring,3460,,,,
NYC,hour,2025-05-05 17:00:00,2025-05-05,17,0,0,spring,4166,,,,
NYC,hour,2025-05-05 18:00:00,2025-05-05,18,0,0,spring,4233,,,,
NYC,hour,2025-05-05 19:00:00,2025-05-05,19,0,0,spring,4670,,,,
NYC,hour,2025-05-05 20:00:00,2025-05-05,20,0,0,spring,3336,,,,
NYC,hour,2025-05-05 21:00:00,2025-05-05,21,0,0,spring,2611,,,,
NYC,hour,2025-05-05 22:00:00,2025-05-05,22,0,0,spring,2344,,,,
NYC,hour,2025-05-05 23:00:00,2025-05-05,23,0,0,spring,1506,,,,
NYC,hour,2025-05-06 00:00:00,2025-05-06,0,1,0,spring,661,,,,
NYC,hour,2025-05-06 01:00:00,2025-05-06,1,1,0,spring,313,,,,
NYC,hour,2025-05-06 02:00:00,2025-05-06,2,1,0,spring,254,,,,
NYC,hour,2025-05-06 03:00:00,2025-05-06,3,1,0,spring,161,,,,
NYC,hour,2025-05-06 04:00:00,2025-05-06,4,1,0,spring,330,,,,
NYC,hour,2025-05-06 05:00:00,2025-05-06,5,1,0,spring,1081,,,,
NYC,hour,2025-05-06 06:00:00,2025-05-06,6,1,0,spring,3212,,,,
NYC,hour,2025-05-06 07:00:00,2025-05-06,7,1,0,spring,6813,,,,
NYC,hour,2025-05-06 08:00:00,2025-05-06,8,1,0,spring,9938,,,,
NYC,hour,2025-05-06 09:00:00,2025-05-06,9,1,0,spring,3409,,,,
NYC,hour,2025-05-06 10:00:00,2025-05-06,10,1,0,spring,3098,,,,
NYC,hour,2025-05-06 11:00:00,2025-05-06,11,1,0,spring,3419,,,,
NYC,hour,2025-05-06 12:00:00,2025-05-06,12,1,0,spring,4046,,,,
NYC,hour,2025-05-06 13:00:00,2025-05-06,13,1,0,spring,5328,,,,
NYC,hour,2025-05-06 14:00:00,2025-05-06,14,1,0,spring,6699,,,,
NYC,hour,2025-05-06 15:00:00,2025-05-06,15,1,0,spring,8023,,,,
NYC,hour,2025-05-06 16:00:00,2025-05-06,16,1,0,spring,9001,,,,
NYC,hour,2025-05-06 17:00:00,2025-05-06,17,1,0,spring,12585,,,,
NYC,hour,2025-05-06 18:00:00,2025-05-06,18,1,0,spring,12614,,,,
NYC,hour,2025-05-06 19:00:00,2025-05-06,19,1,0,spring,9075,,,,
NYC,hour,2025-05-06 20:00:00,2025-05-06,20,1,0,spring,6742,,,,
NYC,hour,2025-05-06 21:00:00,2025-05-06,21,1,0,spring,5252,,,,
NYC,hour,2025-05-06 22:00:00,2025-05-06,22,1,0,spring,4179,,,,
NYC,hour,2025-05-06 23:00:00,2025-05-06,23,1,0,spring,2368,,,,
NYC,hour,2025-05-07 00:00:00,2025-05-07,0,2,0,spring,1408,,,,
NYC,hour,2025-05-07 01:00:00,2025-05-07,1,2,0,spring,753,,,,
NYC,hour,2025-05-07 02:00:00,2025-05-07,2,2,0,spring,419,,,,
NYC,hour,2025-05-07 03:00:00,2025-05-07,3,2,0,spring,272,,,,
NYC,hour,2025-05-07 04:00:00,2025-05-07,4,2,0,spring,327,,,,
NYC,hour,2025-05-07 05:00:00,2025-05-07,5,2,0,spring,1144,,,,
NYC,hour,2025-05-07 06:00:00,2025-05-07,6,2,0,spring,3995,,,,
NYC,hour,2025-05-07 07:00:00,2025-05-07,7,2,0,spring,8999,,,,
NYC,hour,2025-05-07 08:00:00,2025-05-07,8,2,0,spring,13788,,,,
NYC,hour,2025-05-07 09:00:00,2025-05-07,9,2,0,spring,9519,,,,
NYC,hour,2025-05-07 10:00:00,2025-05-07,10,2,0,spring,6719,,,,
NYC,hour,2025-05-07 11:00:00,2025-05-07,11,2,0,spring,6834,,,,
NYC,hour,2025-05-07 12:00:00,2025-05-07,12,2,0,spring,7767,,,,
NYC,hour,2025-05-07 13:00:00,2025-05-07,13,2,0,spring,8135,,,,
NYC,hour,2025-05-07 14:00:00,2025-05-07,14,2,0,spring,9430,,,,
NYC,hour,2025-05-07 15:00:00,2025-05-07,15,2,0,spring,10596,,,,
NYC,hour,2025-05-07 16:00:00,2025-05-07,16,2,0,spring,12567,,,,
NYC,hour,2025-05-07 17:00:00,2025-05-07,17,2,0,spring,18177,,,,
NYC,hour,2025-05-07 18:00:00,2025-05-07,18,2,0,spring,16799,,,,
NYC,hour,2025-05-07 19:00:00,2025-05-07,19,2,0,spring,12236,,,,
NYC,hour,2025-05-07 20:00:00,2025-05-07,20,2,0,spring,8730,,,,
NYC,hour,2025-05-07 21:00:00,2025-05-07,21,2,0,spring,6905,,,,
NYC,hour,2025-05-07 22:00:00,2025-05-07,22,2,0,spring,5443,,,,
NYC,hour,2025-05-07 23:00:00,2025-05-07,23,2,0,spring,3416,,,,
NYC,hour,2025-05-08 00:00:00,2025-05-08,0,3,0,spring,1840,,,,
NYC,hour,2025-05-08 01:00:00,2025-05-08,1,3,0,spring,980,,,,
NYC,hour,2025-05-08 02:00:00,2025-05-08,2,3,0,spring,507,,,,
NYC,hour,2025-05-08 03:00:00,2025-05-08,3,3,0,spring,377,,,,
NYC,hour,2025-05-08 04:00:00,2025-05-08,4,3,0,spring,411,,,,
NYC,hour,2025-05-08 05:00:00,2025-05-08,5,3,0,spring,1342,,,,
NYC,hour,2025-05-08 06:00:00,2025-05-08,6,3,0,spring,4148,,,,
NYC,hour,2025-05-08 07:00:00,2025-05-08,7,3,0,spring,8966,,,,
NYC,hour,2025-05-08 08:00:00,2025-05-08,8,3,0,spring,14078,,,,
NYC,hour,2025-05-08 09:00:00,2025-05-08,9,3,0,spring,10165,,,,
NYC,hour,2025-05-08 10:00:00,2025-05-08,10,3,0,spring,7170,,,,
NYC,hour,2025-05-08 11:00:00,2025-05-08,11,3,0,spring,7121,,,,
NYC,hour,2025-05-08 12:00:00,2025-05-08,12,3,0,spring,7582,,,,
NYC,hour,2025-05-08 13:00:00,2025-05-08,13,3,0,spring,8118,,,,
NYC,hour,2025-05-08 14:00:00,2025-05-08,14,3,0,spring,9382,,,,
NYC,hour,2025-05-08 15:00:00,2025-05-08,15,3,0,spring,10665,,,,
NYC,hour,2025-05-08 16:00:00,2025-05-08,16,3,0,spring,13069,,,,
NYC,hour,2025-05-08 17:00:00,2025-05-08,17,3,0,spring,18307,,,,
NYC,hour,2025-05-08 18:00:00,2025-05-08,18,3,0,spring,16357,,,,
NYC,hour,2025-05-08 19:00:00,2025-05-08,19,3,0,spring,9797,,,,
NYC,hour,2025-05-08 20:00:00,2025-05-08,20,3,0,spring,7213,,,,
NYC,hour,2025-05-08 21:00:00,2025-05-08,21,3,0,spring,5784,,,,
NYC,hour,2025-05-08 22:00:00,2025-05-08,22,3,0,spring,4718,,,,
NYC,hour,2025-05-08 23:00:00,2025-05-08,23,3,0,spring,3441,,,,
NYC,hour,2025-05-09 00:00:00,2025-05-09,0,4,0,spring,2063,,,,
NYC,hour,2025-05-09 01:00:00,2025-05-09,1,4,0,spring,957,,,,
NYC,hour,2025-05-09 02:00:00,2025-05-09,2,4,0,spring,543,,,,
NYC,hour,2025-05-09 03:00:00,2025-05-09,3,4,0,spring,352,,,,
NYC,hour,2025-05-09 04:00:00,2025-05-09,4,4,0,spring,422,,,,
NYC,hour,2025-05-09 05:00:00,2025-05-09,5,4,0,spring,1071,,,,
NYC,hour,2025-05-09 06:00:00,2025-05-09,6,4,0,spring,2776,,,,
NYC,hour,2025-05-09 07:00:00,2025-05-09,7,4,0,spring,5850,,,,
NYC,hour,2025-05-09 08:00:00,2025-05-09,8,4,0,spring,4067,,,,
NYC,hour,2025-05-09 09:00:00,2025-05-09,9,4,0,spring,2727,,,,
NYC,hour,2025-05-09 10:00:00,2025-05-09,10,4,0,spring,1470,,,,
NYC,hour,2025-05-09 11:00:00,2025-05-09,11,4,0,spring,1679,,,,
NYC,hour,2025-05-09 12:00:00,2025-05-09,12,4,0,spring,2927,,,,
NYC,hour,2025-05-09 13:00:00,2025-05-09,13,4,0,spring,4820,,,,
NYC,hour,2025-05-09 14:00:00,2025-05-09,14,4,0,spring,6204,,,,
NYC,hour,2025-05-09 15:00:00,2025-05-09,15,4,0,spring,7419,,,,
NYC,hour,2025-05-09 16:00:00,2025-05-09,16,4,0,spring,6146,,,,
NYC,hour,2025-05-09 17:00:00,2025-05-09,17,4,0,spring,6542,,,,
NYC,hour,2025-05-09 18:00:00,2025-05-09,18,4,0,spring,6493,,,,
NYC,hour,2025-05-09 19:00:00,2025-05-09,19,4,0,spring,6651,,,,
NYC,hour,2025-05-09 20:00:00,2025-05-09,20,4,0,spring,5309,,,,
NYC,hour,2025-05-09 21:00:00,2025-05-09,21,4,0,spring,4564,,,,
NYC,hour,2025-05-09 22:00:00,2025-05-09,22,4,0,spring,4054,,,,
NYC,hour,2025-05-09 23:00:00,2025-05-09,23,4,0,spring,3552,,,,
NYC,hour,2025-05-10 00:00:00,2025-05-10,0,5,1,spring,2737,,,,
NYC,hour,2025-05-10 01:00:00,2025-05-10,1,5,1,spring,1808,,,,
NYC,hour,2025-05-10 02:00:00,2025-05-10,2,5,1,spring,1304,,,,
NYC,hour,2025-05-10 03:00:00,2025-05-10,3,5,1,spring,865,,,,
NYC,hour,2025-05-10 04:00:00,2025-05-10,4,5,1,spring,580,,,,
NYC,hour,2025-05-10 05:00:00,2025-05-10,5,5,1,spring,529,,,,
NYC,hour,2025-05-10 06:00:00,2025-05-10,6,5,1,spring,1090,,,,
NYC,hour,2025-05-10 07:00:00,2025-05-10,7,5,1,spring,2290,,,,
NYC,hour,2025-05-10 08:00:00,2025-05-10,8,5,1,spring,4300,,,,
NYC,hour,2025-05-10 09:00:00,2025-05-10,9,5,1,spring,6827,,,,
NYC,hour,2025-05-10 10:00:00,2025-05-10,10,5,1,spring,9236,,,,
NYC,hour,2025-05-10 11:00:00,2025-05-10,11,5,1,spring,10928,,,,
NYC,hour,2025-05-10 12:00:00,2025-05-10,12,5,1,spring,12476,,,,
NYC,hour,2025-05-10 13:00:00,2025-05-10,13,5,1,spring,13466,,,,
NYC,hour,2025-05-10 14:00:00,2025-05-10,14,5,1,spring,14189,,,,
NYC,hour,2025-05-10 15:00:00,2025-05-10,15,5,1,spring,14667,,,,
NYC,hour,2025-05-10 16:00:00,2025-05-10,16,5,1,spring,12627,,,,
NYC,hour,2025-05-10 17:00:00,2025-05-10,17,5,1,spring,12588,,,,
NYC,hour,2025-05-10 18:00:00,2025-05-10,18,5,1,spring,13308,,,,
NYC,hour,2025-05-10 19:00:00,2025-05-10,19,5,1,spring,11256,,,,
NYC,hour,2025-05-10 20:00:00,2025-05-10,20,5,1,spring,8143,,,,
NYC,hour,2025-05-10 21:00:00,2025-05-10,21,5,1,spring,6370,,,,
NYC,hour,2025-05-10 22:00:00,2025-05-10,22,5,1,spring,5705,,,,
NYC,hour,2025-05-10 23:00:00,2025-05-10,23,5,1,spring,5078,,,,
NYC,hour,2025-05-11 00:00:00,2025-05-11,0,6,1,spring,3685,,,,
NYC,hour,2025-05-11 01:00:00,2025-05-11,1,6,1,spring,2536,,,,
NYC,hour,2025-05-11 02:00:00,2025-05-11,2,6,1,spring,1660,,,,
NYC,hour,2025-05-11 03:00:00,2025-05-11,3,6,1,spring,1040,,,,
NYC,hour,2025-05-11 04:00:00,2025-05-11,4,6,1,spring,647,,,,
NYC,hour,2025-05-11 05:00:00,2025-05-11,5,6,1,spring,523,,,,
NYC,hour,2025-05-11 06:00:00,2025-05-11,6,6,1,spring,1021,,,,
NYC,hour,2025-05-11 07:00:00,2025-05-11,7,6,1,spring,2031,,,,
NYC,hour,2025-05-11 08:00:00,2025-05-11,8,6,1,spring,3617,,,,
NYC,hour,2025-05-11 09:00:00,2025-05-11,9,6,1,spring,5827,,,,
NYC,hour,2025-05-11 10:00:00,2025-05-11,10,6,1,spring,8187,,,,
NYC,hour,2025-05-11 11:00:00,2025-05-11,11,6,1,spring,9871,,,,
NYC,hour,2025-05-11 12:00:00,2025-05-11,12,6,1,spring,11169,,,,
NYC,hour,2025-05-11 13:00:00,2025-05-11,13,6,1,spring,11709,,,,
NYC,hour,2025-05-11 14:00:00,2025-05-11,14,6,1,spring,12326,,,,
NYC,hour,2025-05-11 15:00:00,2025-05-11,15,6,1,spring,12375,,,,
NYC,hour,2025-05-11 16:00:00,2025-05-11,16,6,1,spring,12548,,,,
NYC,hour,2025-05-11 17:00:00,2025-05-11,17,6,1,spring,12126,,,,
NYC,hour,2025-05-11 18:00:00,2025-05-11,18,6,1,spring,11629,,,,
NYC,hour,2025-05-11 19:00:00,2025-05-11,19,6,1,spring,9325,,,,
NYC,hour,2025-05-11 20:00:00,2025-05-11,20,6,1,spring,7246,,,,
NYC,hour,2025-05-11 21:00:00,2025-05-11,21,6,1,spring,4888,,,,
NYC,hour,2025-05-11 22:00:00,2025-05-11,22,6,1,spring,3694,,,,
NYC,hour,2025-05-11 23:00:00,2025-05-11,23,6,1,spring,2404,,,,
NYC,hour,2025-05-12 00:00:00,2025-05-12,0,0,0,spring,1322,,,,
NYC,hour,2025-05-12 01:00:00,2025-05-12,1,0,0,spring,741,,,,
NYC,hour,2025-05-12 02:00:00,2025-05-12,2,0,0,spring,425,,,,
NYC,hour,2025-05-12 03:00:00,2025-05-12,3,0,0,spring,258,,,,
NYC,hour,2025-05-12 04:00:00,2025-05-12,4,0,0,spring,399,,,,
NYC,hour,2025-05-12 05:00:00,2025-05-12,5,0,0,spring,1245,,,,
NYC,hour,2025-05-12 06:00:00,2025-05-12,6,0,0,spring,3775,,,,
NYC,hour,2025-05-12 07:00:00,2025-05-12,7,0,0,spring,8439,,,,
NYC,hour,2025-05-12 08:00:00,2025-05-12,8,0,0,spring,12031,,,,
NYC,hour,2025-05-12 09:00:00,2025-05-12,9,0,0,spring,8423,,,,
NYC,hour,2025-05-12 10:00:00,2025-05-12,10,0,0,spring,6138,,,,
NYC,hour,2025-05-12 11:00:00,2025-05-12,11,0,0,spring,6181,,,,
NYC,hour,2025-05-12 12:00:00,2025-05-12,12,0,0,spring,7051,,,,
NYC,hour,2025-05-12 13:00:00,2025-05-12,13,0,0,spring,7453,,,,
NYC,hour,2025-05-12 14:00:00,2025-05-12,14,0,0,spring,8557,,,,
NYC,hour,2025-05-12 15:00:00,2025-05-12,15,0,0,spring,10006,,,,
NYC,hour,2025-05-12 16:00:00,2025-05-12,16,0,0,spring,12259,,,,
NYC,hour,2025-05-12 17:00:00,2025-05-12,17,0,0,spring,17222,,,,
NYC,hour,2025-05-12 18:00:00,2025-05-12,18,0,0,spring,16148,,,,
NYC,hour,2025-05-12 19:00:00,2025-05-12,19,0,0,spring,11841,,,,
NYC,hour,2025-05-12 20:00:00,2025-05-12,20,0,0,spring,8022,,,,
NYC,hour,2025-05-12 21:00:00,2025-05-12,21,0,0,spring,5210,,,,
NYC,hour,2025-05-12 22:00:00,2025-05-12,22,0,0,spring,4978,,,,
NYC,hour,2025-05-12 23:00:00,2025-05-12,23,0,0,spring,2869,,,,
NYC,hour,2025-05-13 00:00:00,2025-05-13,0,1,0,spring,1492,,,,
NYC,hour,2025-05-13 01:00:00,2025-05-13,1,1,0,spring,768,,,,
NYC,hour,2025-05-13 02:00:00,2025-05-13,2,1,0,spring,453,,,,
NYC,hour,2025-05-13 03:00:00,2025-05-13,3,1,0,spring,299,,,,
NYC,hour,2025-05-13 04:00:00,2025-05-13,4,1,0,spring,418,,,,
NYC,hour,2025-05-13 05:00:00,2025-05-13,5,1,0,spring,1404,,,,
NYC,hour,2025-05-13 06:00:00,2025-05-13,6,1,0,spring,4296,,,,
NYC,hour,2025-05-13 07:00:00,2025-05-13,7,1,0,spring,9015,,,,
NYC,hour,2025-05-13 08:00:00,2025-05-13,8,1,0,spring,13075,,,,
NYC,hour,2025-05-13 09:00:00,2025-05-13,9,1,0,spring,8377,,,,
NYC,hour,2025-05-13 10:00:00,2025-05-13,10,1,0,spring,5834,,,,
NYC,hour,2025-05-13 11:00:00,2025-05-13,11,1,0,spring,5879,,,,
NYC,hour,2025-05-13 12:00:00,2025-05-13,12,1,0,spring,6074,,,,
NYC,hour,2025-05-13 13:00:00,2025-05-13,13,1,0,spring,6390,,,,
NYC,hour,2025-05-13 14:00:00,2025-05-13,14,1,0,spring,6020,,,,
NYC,hour,2025-05-13 15:00:00,2025-05-13,15,1,0,spring,6299,,,,
NYC,hour,2025-05-13 16:00:00,2025-05-13,16,1,0,spring,7706,,,,
NYC,hour,2025-05-13 17:00:00,2025-05-13,17,1,0,spring,12947,,,,
NYC,hour,2025-05-13 18:00:00,2025-05-13,18,1,0,spring,13307,,,,
NYC,hour,2025-05-13 19:00:00,2025-05-13,19,1,0,spring,9868,,,,
NYC,hour,2025-05-13 20:00:00,2025-05-13,20,1,0,spring,6654,,,,
NYC,hour,2025-05-13 21:00:00,2025-05-13,21,1,0,spring,4162,,,,
NYC,hour,2025-05-13 22:00:00,2025-05-13,22,1,0,spring,1661,,,,
NYC,hour,2025-05-13 23:00:00,2025-05-13,23,1,0,spring,850,,,,
NYC,hour,2025-05-14 00:00:00,2025-05-14,0,2,0,spring,694,,,,
NYC,hour,2025-05-14 01:00:00,2025-05-14,1,2,0,spring,306,,,,
NYC,hour,2025-05-14 02:00:00,2025-05-14,2,2,0,spring,212,,,,
NYC,hour,2025-05-14 03:00:00,2025-05-14,3,2,0,spring,156,,,,
NYC,hour,2025-05-14 04:00:00,2025-05-14,4,2,0,spring,334,,,,
NYC,hour,2025-05-14 05:00:00,2025-05-14,5,2,0,spring,1189,,,,
NYC,hour,2025-05-14 06:00:00,2025-05-14,6,2,0,spring,3463,,,,
NYC,hour,2025-05-14 07:00:00,2025-05-14,7,2,0,spring,5207,,,,
NYC,hour,2025-05-14 08:00:00,2025-05-14,8,2,0,spring,3645,,,,
NYC,hour,2025-05-14 09:00:00,2025-05-14,9,2,0,spring,1858,,,,
NYC,hour,2025-05-14 10:00:00,2025-05-14,10,2,0,spring,1444,,,,
NYC,hour,2025-05-14 11:00:00,2025-05-14,11,2,0,spring,2081,,,,
NYC,hour,2025-05-14 12:00:00,2025-05-14,12,2,0,spring,4058,,,,
NYC,hour,2025-05-14 13:00:00,2025-05-14,13,2,0,spring,3216,,,,
NYC,hour,2025-05-14 14:00:00,2025-05-14,14,2,0,spring,1813,,,,
NYC,hour,2025-05-14 15:00:00,2025-05-14,15,2,0,spring,2670,,,,
NYC,hour,2025-05-14 16:00:00,2025-05-14,16,2,0,spring,5484,,,,
NYC,hour,2025-05-14 17:00:00,2025-05-14,17,2,0,spring,7422,,,,
NYC,hour,2025-05-14 18:00:00,2025-05-14,18,2,0,spring,6145,,,,
NYC,hour,2025-05-14 19:00:00,2025-05-14,19,2,0,spring,4616,,,,
NYC,hour,2025-05-14 20:00:00,2025-05-14,20,2,0,spring,3177,,,,
NYC,hour,2025-05-14 21:00:00,2025-05-14,21,2,0,spring,3611,,,,
NYC,hour,2025-05-14 22:00:00,2025-05-14,22,2,0,spring,2631,,,,
NYC,hour,2025-05-14 23:00:00,2025-05-14,23,2,0,spring,1904,,,,
NYC,hour,2025-05-15 00:00:00,2025-05-15,0,3,0,spring,1089,,,,
NYC,hour,2025-05-15 01:00:00,2025-05-15,1,3,0,spring,569,,,,
NYC,hour,2025-05-15 02:00:00,2025-05-15,2,3,0,spring,414,,,,
NYC,hour,2025-05-15 03:00:00,2025-05-15,3,3,0,spring,262,,,,
NYC,hour,2025-05-15 04:00:00,2025-05-15,4,3,0,spring,349,,,,
NYC,hour,2025-05-15 05:00:00,2025-05-15,5,3,0,spring,1111,,,,
NYC,hour,2025-05-15 06:00:00,2025-05-15,6,3,0,spring,3396,,,,
NYC,hour,2025-05-15 07:00:00,2025-05-15,7,3,0,spring,7493,,,,
NYC,hour,2025-05-15 08:00:00,2025-05-15,8,3,0,spring,11921,,,,
NYC,hour,2025-05-15 09:00:00,2025-05-15,9,3,0,spring,8538,,,,
NYC,hour,2025-05-15 10:00:00,2025-05-15,10,3,0,spring,6116,,,,
NYC,hour,2025-05-15 11:00:00,2025-05-15,11,3,0,spring,6303,,,,
NYC,hour,2025-05-15 12:00:00,2025-05-15,12,3,0,spring,6838,,,,
NYC,hour,2025-05-15 13:00:00,2025-05-15,13,3,0,spring,7284,,,,
NYC,hour,2025-05-15 14:00:00,2025-05-15,14,3,0,spring,8552,,,,
NYC,hour,2025-05-15 15:00:00,2025-05-15,15,3,0,spring,10095,,,,
NYC,hour,2025-05-15 16:00:00,2025-05-15,16,3,0,spring,11743,,,,
NYC,hour,2025-05-15 17:00:00,2025-05-15,17,3,0,spring,16864,,,,
NYC,hour,2025-05-15 18:00:00,2025-05-15,18,3,0,spring,16439,,,,
NYC,hour,2025-05-15 19:00:00,2025-05-15,19,3,0,spring,12434,,,,
NYC,hour,2025-05-15 20:00:00,2025-05-15,20,3,0,spring,9077,,,,
NYC,hour,2025-05-15 21:00:00,2025-05-15,21,3,0,spring,6808,,,,
NYC,hour,2025-05-15 22:00:00,2025-05-15,22,3,0,spring,5405,,,,
NYC,hour,2025-05-15 23:00:00,2025-05-15,23,3,0,spring,3787,,,,
NYC,hour,2025-05-16 00:00:00,2025-05-16,0,4,0,spring,2329,,,,
NYC,hour,2025-05-16 01:00:00,2025-05-16,1,4,0,spring,1309,,,,
NYC,hour,2025-05-16 02:00:00,2025-05-16,2,4,0,spring,849,,,,
NYC,hour,2025-05-16 03:00:00,2025-05-16,3,4,0,spring,539,,,,
NYC,hour,2025-05-16 04:00:00,2025-05-16,4,4,0,spring,549,,,,
NYC,hour,2025-05-16 05:00:00,2025-05-16,5,4,0,spring,1215,,,,
NYC,hour,2025-05-16 06:00:00,2025-05-16,6,4,0,spring,3524,,,,
NYC,hour,2025-05-16 07:00:00,2025-05-16,7,4,0,spring,7319,,,,
NYC,hour,2025-05-16 08:00:00,2025-05-16,8,4,0,spring,10901,,,,
NYC,hour,2025-05-16 09:00:00,2025-05-16,9,4,0,spring,8694,,,,
NYC,hour,2025-05-16 10:00:00,2025-05-16,10,4,0,spring,7117,,,,
NYC,hour,2025-05-16 11:00:00,2025-05-16,11,4,0,spring,7012,,,,
NYC,hour,2025-05-16 12:00:00,2025-05-16,12,4,0,spring,3737,,,,
NYC,hour,2025-05-16 13:00:00,2025-05-16,13,4,0,spring,2340,,,,
NYC,hour,2025-05-16 14:00:00,2025-05-16,14,4,0,spring,6529,,,,
NYC,hour,2025-05-16 15:00:00,2025-05-16,15,4,0,spring,9503,,,,
NYC,hour,2025-05-16 16:00:00,2025-05-16,16,4,0,spring,11835,,,,
NYC,hour,2025-05-16 17:00:00,2025-05-16,17,4,0,spring,14922,,,,
NYC,hour,2025-05-16 18:00:00,2025-05-16,18,4,0,spring,14406,,,,
NYC,hour,2025-05-16 19:00:00,2025-05-16,19,4,0,spring,12573,,,,
NYC,hour,2025-05-16 20:00:00,2025-05-16,20,4,0,spring,8414,,,,
NYC,hour,2025-05-16 21:00:00,2025-05-16,21,4,0,spring,6190,,,,
NYC,hour,2025-05-16 22:00:00,2025-05-16,22,4,0,spring,6558,,,,
NYC,hour,2025-05-16 23:00:00,2025-05-16,23,4,0,spring,6498,,,,
NYC,hour,2025-05-17 00:00:00,2025-05-17,0,5,1,spring,4399,,,,
NYC,hour,2025-05-17 01:00:00,2025-05-17,1,5,1,spring,2986,,,,
NYC,hour,2025-05-17 02:00:00,2025-05-17,2,5,1,spring,1942,,,,
NYC,hour,2025-05-17 03:00:00,2025-05-17,3,5,1,spring,1169,,,,
NYC,hour,2025-05-17 04:00:00,2025-05-17,4,5,1,spring,787,,,,
NYC,hour,2025-05-17 05:00:00,2025-05-17,5,5,1,spring,1107,,,,
NYC,hour,2025-05-17 06:00:00,2025-05-17,6,5,1,spring,2029,,,,
NYC,hour,2025-05-17 07:00:00,2025-05-17,7,5,1,spring,2942,,,,
NYC,hour,2025-05-17 08:00:00,2025-05-17,8,5,1,spring,4858,,,,
NYC,hour,2025-05-17 09:00:00,2025-05-17,9,5,1,spring,7241,,,,
NYC,hour,2025-05-17 10:00:00,2025-05-17,10,5,1,spring,8740,,,,
NYC,hour,2025-05-17 11:00:00,2025-05-17,11,5,1,spring,10067,,,,
NYC,hour,2025-05-17 12:00:00,2025-05-17,12,5,1,spring,12232,,,,
NYC,hour,2025-05-17 13:00:00,2025-05-17,13,5,1,spring,14018,,,,
NYC,hour,2025-05-17 14:00:00,2025-05-17,14,5,1,spring,14821,,,,
NYC,hour,2025-05-17 15:00:00,2025-05-17,15,5,1,spring,15253,,,,
NYC,hour,2025-05-17 16:00:00,2025-05-17,16,5,1,spring,14829,,,,
NYC,hour,2025-05-17 17:00:00,2025-05-17,17,5,1,spring,14005,,,,
NYC,hour,2025-05-17 18:00:00,2025-05-17,18,5,1,spring,13566,,,,
NYC,hour,2025-05-17 19:00:00,2025-05-17,19,5,1,spring,13737,,,,
NYC,hour,2025-05-17 20:00:00,2025-05-17,20,5,1,spring,9920,,,,
NYC,hour,2025-05-17 21:00:00,2025-05-17,21,5,1,spring,7408,,,,
NYC,hour,2025-05-17 22:00:00,2025-05-17,22,5,1,spring,6948,,,,
NYC,hour,2025-05-17 23:00:00,2025-05-17,23,5,1,spring,5872,,,,
NYC,hour,2025-05-18 00:00:00,2025-05-18,0,6,1,spring,4354,,,,
NYC,hour,2025-05-18 01:00:00,2025-05-18,1,6,1,spring,2802,,,,
NYC,hour,2025-05-18 02:00:00,2025-05-18,2,6,1,spring,1851,,,,
NYC,hour,2025-05-18 03:00:00,2025-05-18,3,6,1,spring,1213,,,,
NYC,hour,2025-05-18 04:00:00,2025-05-18,4,6,1,spring,847,,,,
NYC,hour,2025-05-18 05:00:00,2025-05-18,5,6,1,spring,594,,,,
NYC,hour,2025-05-18 06:00:00,2025-05-18,6,6,1,spring,1085,,,,
NYC,hour,2025-05-18 07:00:00,2025-05-18,7,6,1,spring,2075,,,,
NYC,hour,2025-05-18 08:00:00,2025-05-18,8,6,1,spring,3706,,,,
NYC,hour,2025-05-18 09:00:00,2025-05-18,9,6,1,spring,5999,,,,
NYC,hour,2025-05-18 10:00:00,2025-05-18,10,6,1,spring,8411,,,,
NYC,hour,2025-05-18 11:00:00,2025-05-18,11,6,1,spring,10389,,,,
NYC,hour,2025-05-18 12:00:00,2025-05-18,12,6,1,spring,11731,,,,
NYC,hour,2025-05-18 13:00:00,2025-05-18,13,6,1,spring,12652,,,,
NYC,hour,2025-05-18 14:00:00,2025-05-18,14,6,1,spring,13034,,,,
NYC,hour,2025-05-18 15:00:00,2025-05-18,15,6,1,spring,13288,,,,
NYC,hour,2025-05-18 16:00:00,2025-05-18,16,6,1,spring,12435,,,,
NYC,hour,2025-05-18 17:00:00,2025-05-18,17,6,1,spring,11909,,,,
NYC,hour,2025-05-18 18:00:00,2025-05-18,18,6,1,spring,11114,,,,
NYC,hour,2025-05-18 19:00:00,2025-05-18,19,6,1,spring,9430,,,,
NYC,hour,2025-05-18 20:00:00,2025-05-18,20,6,1,spring,7087,,,,
NYC,hour,2025-05-18 21:00:00,2025-05-18,21,6,1,spring,4966,,,,
NYC,hour,2025-05-18 22:00:00,2025-05-18,22,6,1,spring,4091,,,,
NYC,hour,2025-05-18 23:00:00,2025-05-18,23,6,1,spring,2484,,,,
NYC,hour,2025-05-19 00:00:00,2025-05-19,0,0,0,spring,1309,,,,
NYC,hour,2025-05-19 01:00:00,2025-05-19,1,0,0,spring,685,,,,
NYC,hour,2025-05-19 02:00:00,2025-05-19,2,0,0,spring,400,,,,
NYC,hour,2025-05-19 03:00:00,2025-05-19,3,0,0,spring,290,,,,
NYC,hour,2025-05-19 04:00:00,2025-05-19,4,0,0,spring,383,,,,
NYC,hour,2025-05-19 05:00:00,2025-05-19,5,0,0,spring,1274,,,,
NYC,hour,2025-05-19 06:00:00,2025-05-19,6,0,0,spring,3648,,,,
NYC,hour,2025-05-19 07:00:00,2025-05-19,7,0,0,spring,7878,,,,
NYC,hour,2025-05-19 08:00:00,2025-05-19,8,0,0,spring,11038,,,,
NYC,hour,2025-05-19 09:00:00,2025-05-19,9,0,0,spring,7833,,,,
NYC,hour,2025-05-19 10:00:00,2025-05-19,10,0,0,spring,5776,,,,
NYC,hour,2025-05-19 11:00:00,2025-05-19,11,0,0,spring,6018,,,,
NYC,hour,2025-05-19 12:00:00,2025-05-19,12,0,0,spring,7081,,,,
NYC,hour,2025-05-19 13:00:00,2025-05-19,13,0,0,spring,7568,,,,
NYC,hour,2025-05-19 14:00:00,2025-05-19,14,0,0,spring,8608,,,,
NYC,hour,2025-05-19 15:00:00,2025-05-19,15,0,0,spring,9973,,,,
NYC,hour,2025-05-19 16:00:00,2025-05-19,16,0,0,spring,11640,,,,
NYC,hour,2025-05-19 17:00:00,2025-05-19,17,0,0,spring,16256,,,,
NYC,hour,2025-05-19 18:00:00,2025-05-19,18,0,0,spring,15176,,,,
NYC,hour,2025-05-19 19:00:00,2025-05-19,19,0,0,spring,11098,,,,
NYC,hour,2025-05-19 20:00:00,2025-05-19,20,0,0,spring,7675,,,,
NYC,hour,2025-05-19 21:00:00,2025-05-19,21,0,0,spring,5199,,,,
NYC,hour,2025-05-19 22:00:00,2025-05-19,22,0,0,spring,3527,,,,
NYC,hour,2025-05-19 23:00:00,2025-05-19,23,0,0,spring,1983,,,,
NYC,hour,2025-05-20 00:00:00,2025-05-20,0,1,0,spring,1059,,,,
NYC,hour,2025-05-20 01:00:00,2025-05-20,1,1,0,spring,511,,,,
NYC,hour,2025-05-20 02:00:00,2025-05-20,2,1,0,spring,320,,,,
NYC,hour,2025-05-20 03:00:00,2025-05-20,3,1,0,spring,219,,,,
NYC,hour,2025-05-20 04:00:00,2025-05-20,4,1,0,spring,352,,,,
NYC,hour,2025-05-20 05:00:00,2025-05-20,5,1,0,spring,1391,,,,
NYC,hour,2025-05-20 06:00:00,2025-05-20,6,1,0,spring,4022,,,,
NYC,hour,2025-05-20 07:00:00,2025-05-20,7,1,0,spring,8833,,,,
NYC,hour,2025-05-20 08:00:00,2025-05-20,8,1,0,spring,13020,,,,
NYC,hour,2025-05-20 09:00:00,2025-05-20,9,1,0,spring,9154,,,,
NYC,hour,2025-05-20 10:00:00,2025-05-20,10,1,0,spring,6480,,,,
NYC,hour,2025-05-20 11:00:00,2025-05-20,11,1,0,spring,6075,,,,
NYC,hour,2025-05-20 12:00:00,2025-05-20,12,1,0,spring,6965,,,,
NYC,hour,2025-05-20 13:00:00,2025-05-20,13,1,0,spring,7321,,,,
NYC,hour,2025-05-20 14:00:00,2025-05-20,14,1,0,spring,8642,,,,
NYC,hour,2025-05-20 15:00:00,2025-05-20,15,1,0,spring,10123,,,,
NYC,hour,2025-05-20 16:00:00,2025-05-20,16,1,0,spring,12528,,,,
NYC,hour,2025-05-20 17:00:00,2025-05-20,17,1,0,spring,17998,,,,
NYC,hour,2025-05-20 18:00:00,2025-05-20,18,1,0,spring,16692,,,,
NYC,hour,2025-05-20 19:00:00,2025-05-20,19,1,0,spring,12123,,,,
NYC,hour,2025-05-20 20:00:00,2025-05-20,20,1,0,spring,8605,,,,
NYC,hour,2025-05-20 21:00:00,2025-05-20,21,1,0,spring,6147,,,,
NYC,hour,2025-05-20 22:00:00,2025-05-20,22,1,0,spring,4745,,,,
NYC,hour,2025-05-20 23:00:00,2025-05-20,23,1,0,spring,2981,,,,
NYC,hour,2025-05-21 00:00:00,2025-05-21,0,2,0,spring,1524,,,,
NYC,hour,2025-05-21 01:00:00,2025-05-21,1,2,0,spring,826,,,,
NYC,hour,2025-05-21 02:00:00,2025-05-21,2,2,0,spring,433,,,,
NYC,hour,2025-05-21 03:00:00,2025-05-21,3,2,0,spring,297,,,,
NYC,hour,2025-05-21 04:00:00,2025-05-21,4,2,0,spring,344,,,,
NYC,hour,2025-05-21 05:00:00,2025-05-21,5,2,0,spring,1278,,,,
NYC,hour,2025-05-21 06:00:00,2025-05-21,6,2,0,spring,3834,,,,
NYC,hour,2025-05-21 07:00:00,2025-05-21,7,2,0,spring,7867,,,,
NYC,hour,2025-05-21 08:00:00,2025-05-21,8,2,0,spring,11806,,,,
NYC,hour,2025-05-21 09:00:00,2025-05-21,9,2,0,spring,7470,,,,
NYC,hour,2025-05-21 10:00:00,2025-05-21,10,2,0,spring,2510,,,,
NYC,hour,2025-05-21 11:00:00,2025-05-21,11,2,0,spring,2401,,,,
NYC,hour,2025-05-21 12:00:00,2025-05-21,12,2,0,spring,3805,,,,
NYC,hour,2025-05-21 13:00:00,2025-05-21,13,2,0,spring,3274,,,,
NYC,hour,2025-05-21 14:00:00,2025-05-21,14,2,0,spring,5392,,,,
NYC,hour,2025-05-21 15:00:00,2025-05-21,15,2,0,spring,6701,,,,
NYC,hour,2025-05-21 16:00:00,2025-05-21,16,2,0,spring,8295,,,,
NYC,hour,2025-05-21 17:00:00,2025-05-21,17,2,0,spring,10682,,,,
NYC,hour,2025-05-21 18:00:00,2025-05-21,18,2,0,spring,9958,,,,
NYC,hour,2025-05-21 19:00:00,2025-05-21,19,2,0,spring,6556,,,,
NYC,hour,2025-05-21 20:00:00,2025-05-21,20,2,0,spring,3738,,,,
NYC,hour,2025-05-21 21:00:00,2025-05-21,21,2,0,spring,3207,,,,
NYC,hour,2025-05-21 22:00:00,2025-05-21,22,2,0,spring,2743,,,,
NYC,hour,2025-05-21 23:00:00,2025-05-21,23,2,0,spring,3327,,,,
NYC,hour,2025-05-22 00:00:00,2025-05-22,0,3,0,spring,1077,,,,
NYC,hour,2025-05-22 01:00:00,2025-05-22,1,3,0,spring,307,,,,
NYC,hour,2025-05-22 02:00:00,2025-05-22,2,3,0,spring,125,,,,
NYC,hour,2025-05-22 03:00:00,2025-05-22,3,3,0,spring,84,,,,
NYC,hour,2025-05-22 04:00:00,2025-05-22,4,3,0,spring,119,,,,
NYC,hour,2025-05-22 05:00:00,2025-05-22,5,3,0,spring,450,,,,
NYC,hour,2025-05-22 06:00:00,2025-05-22,6,3,0,spring,1374,,,,
NYC,hour,2025-05-22 07:00:00,2025-05-22,7,3,0,spring,2353,,,,
NYC,hour,2025-05-22 08:00:00,2025-05-22,8,3,0,spring,3727,,,,
NYC,hour,2025-05-22 09:00:00,2025-05-22,9,3,0,spring,3931,,,,
NYC,hour,2025-05-22 10:00:00,2025-05-22,10,3,0,spring,3456,,,,
NYC,hour,2025-05-22 11:00:00,2025-05-22,11,3,0,spring,3545,,,,
NYC,hour,2025-05-22 12:00:00,2025-05-22,12,3,0,spring,4513,,,,
NYC,hour,2025-05-22 13:00:00,2025-05-22,13,3,0,spring,5107,,,,
NYC,hour,2025-05-22 14:00:00,2025-05-22,14,3,0,spring,6037,,,,
NYC,hour,2025-05-22 15:00:00,2025-05-22,15,3,0,spring,5202,,,,
NYC,hour,2025-05-22 16:00:00,2025-05-22,16,3,0,spring,3576,,,,
NYC,hour,2025-05-22 17:00:00,2025-05-22,17,3,0,spring,4176,,,,
NYC,hour,2025-05-22 18:00:00,2025-05-22,18,3,0,spring,3720,,,,
NYC,hour,2025-05-22 19:00:00,2025-05-22,19,3,0,spring,3573,,,,
NYC,hour,2025-05-22 20:00:00,2025-05-22,20,3,0,spring,2793,,,,
NYC,hour,2025-05-22 21:00:00,2025-05-22,21,3,0,spring,2830,,,,
NYC,hour,2025-05-22 22:00:00,2025-05-22,22,3,0,spring,2835,,,,
NYC,hour,2025-05-22 23:00:00,2025-05-22,23,3,0,spring,2253,,,,
NYC,hour,2025-05-23 00:00:00,2025-05-23,0,4,0,spring,1388,,,,
NYC,hour,2025-05-23 01:00:00,2025-05-23,1,4,0,spring,849,,,,
NYC,hour,2025-05-23 02:00:00,2025-05-23,2,4,0,spring,503,,,,
NYC,hour,2025-05-23 03:00:00,2025-05-23,3,4,0,spring,317,,,,
NYC,hour,2025-05-23 04:00:00,2025-05-23,4,4,0,spring,399,,,,
NYC,hour,2025-05-23 05:00:00,2025-05-23,5,4,0,spring,1014,,,,
NYC,hour,2025-05-23 06:00:00,2025-05-23,6,4,0,spring,2703,,,,
NYC,hour,2025-05-23 07:00:00,2025-05-23,7,4,0,spring,5520,,,,
NYC,hour,2025-05-23 08:00:00,2025-05-23,8,4,0,spring,7985,,,,
NYC,hour,2025-05-23 09:00:00,2025-05-23,9,4,0,spring,6291,,,,
NYC,hour,2025-05-23 10:00:00,2025-05-23,10,4,0,spring,4686,,,,
NYC,hour,2025-05-23 11:00:00,2025-05-23,11,4,0,spring,5731,,,,
NYC,hour,2025-05-23 12:00:00,2025-05-23,12,4,0,spring,6698,,,,
NYC,hour,2025-05-23 13:00:00,2025-05-23,13,4,0,spring,7570,,,,
NYC,hour,2025-05-23 14:00:00,2025-05-23,14,4,0,spring,8730,,,,
NYC,hour,2025-05-23 15:00:00,2025-05-23,15,4,0,spring,9964,,,,
NYC,hour,2025-05-23 16:00:00,2025-05-23,16,4,0,spring,10368,,,,
NYC,hour,2025-05-23 17:00:00,2025-05-23,17,4,0,spring,10323,,,,
NYC,hour,2025-05-23 18:00:00,2025-05-23,18,4,0,spring,9655,,,,
NYC,hour,2025-05-23 19:00:00,2025-05-23,19,4,0,spring,5135,,,,
NYC,hour,2025-05-23 20:00:00,2025-05-23,20,4,0,spring,3808,,,,
NYC,hour,2025-05-23 21:00:00,2025-05-23,21,4,0,spring,3295,,,,
NYC,hour,2025-05-23 22:00:00,2025-05-23,22,4,0,spring,3612,,,,
NYC,hour,2025-05-23 23:00:00,2025-05-23,23,4,0,spring,3055,,,,
NYC,hour,2025-05-24 00:00:00,2025-05-24,0,5,1,spring,2230,,,,
NYC,hour,2025-05-24 01:00:00,2025-05-24,1,5,1,spring,1620,,,,
NYC,hour,2025-05-24 02:00:00,2025-05-24,2,5,1,spring,1180,,,,
NYC,hour,2025-05-24 03:00:00,2025-05-24,3,5,1,spring,787,,,,
NYC,hour,2025-05-24 04:00:00,2025-05-24,4,5,1,spring,574,,,,
NYC,hour,2025-05-24 05:00:00,2025-05-24,5,5,1,spring,548,,,,
NYC,hour,2025-05-24 06:00:00,2025-05-24,6,5,1,spring,992,,,,
NYC,hour,2025-05-24 07:00:00,2025-05-24,7,5,1,spring,1862,,,,
NYC,hour,2025-05-24 08:00:00,2025-05-24,8,5,1,spring,3133,,,,
NYC,hour,2025-05-24 09:00:00,2025-05-24,9,5,1,spring,4938,,,,
NYC,hour,2025-05-24 10:00:00,2025-05-24,10,5,1,spring,6451,,,,
NYC,hour,2025-05-24 11:00:00,2025-05-24,11,5,1,spring,7595,,,,
NYC,hour,2025-05-24 12:00:00,2025-05-24,12,5,1,spring,8131,,,,
NYC,hour,2025-05-24 13:00:00,2025-05-24,13,5,1,spring,8837,,,,
NYC,hour,2025-05-24 14:00:00,2025-05-24,14,5,1,spring,8995,,,,
NYC,hour,2025-05-24 15:00:00,2025-05-24,15,5,1,spring,9497,,,,
NYC,hour,2025-05-24 16:00:00,2025-05-24,16,5,1,spring,9581,,,,
NYC,hour,2025-05-24 17:00:00,2025-05-24,17,5,1,spring,8524,,,,
NYC,hour,2025-05-24 18:00:00,2025-05-24,18,5,1,spring,8064,,,,
NYC,hour,2025-05-24 19:00:00,2025-05-24,19,5,1,spring,7228,,,,
NYC,hour,2025-05-24 20:00:00,2025-05-24,20,5,1,spring,5481,,,,
NYC,hour,2025-05-24 21:00:00,2025-05-24,21,5,1,spring,4323,,,,
NYC,hour,2025-05-24 22:00:00,2025-05-24,22,5,1,spring,3806,,,,
NYC,hour,2025-05-24 23:00:00,2025-05-24,23,5,1,spring,3572,,,,
NYC,hour,2025-05-25 00:00:00,2025-05-25,0,6,1,spring,2570,,,,
NYC,hour,2025-05-25 01:00:00,2025-05-25,1,6,1,spring,1706,,,,
NYC,hour,2025-05-25 02:00:00,2025-05-25,2,6,1,spring,1189,,,,
NYC,hour,2025-05-25 03:00:00,2025-05-25,3,6,1,spring,801,,,,
NYC,hour,2025-05-25 04:00:00,2025-05-25,4,6,1,spring,645,,,,
NYC,hour,2025-05-25 05:00:00,2025-05-25,5,6,1,spring,417,,,,
NYC,hour,2025-05-25 06:00:00,2025-05-25,6,6,1,spring,917,,,,
NYC,hour,2025-05-25 07:00:00,2025-05-25,7,6,1,spring,1576,,,,
NYC,hour,2025-05-25 08:00:00,2025-05-25,8,6,1,spring,2719,,,,
NYC,hour,2025-05-25 09:00:00,2025-05-25,9,6,1,spring,4439,,,,
NYC,hour,2025-05-25 10:00:00,2025-05-25,10,6,1,spring,6252,,,,
NYC,hour,2025-05-25 11:00:00,2025-05-25,11,6,1,spring,7096,,,,
NYC,hour,2025-05-25 12:00:00,2025-05-25,12,6,1,spring,8051,,,,
NYC,hour,2025-05-25 13:00:00,2025-05-25,13,6,1,spring,9006,,,,
NYC,hour,2025-05-25 14:00:00,2025-05-25,14,6,1,spring,9614,,,,
NYC,hour,2025-05-25 15:00:00,2025-05-25,15,6,1,spring,9691,,,,
NYC,hour,2025-05-25 16:00:00,2025-05-25,16,6,1,spring,9495,,,,
NYC,hour,2025-05-25 17:00:00,2025-05-25,17,6,1,spring,9004,,,,
NYC,hour,2025-05-25 18:00:00,2025-05-25,18,6,1,spring,8890,,,,
NYC,hour,2025-05-25 19:00:00,2025-05-25,19,6,1,spring,8173,,,,
NYC,hour,2025-05-25 20:00:00,2025-05-25,20,6,1,spring,5864,,,,
NYC,hour,2025-05-25 21:00:00,2025-05-25,21,6,1,spring,4446,,,,
NYC,hour,2025-05-25 22:00:00,2025-05-25,22,6,1,spring,3909,,,,
NYC,hour,2025-05-25 23:00:00,2025-05-25,23,6,1,spring,3913,,,,
NYC,hour,2025-05-26 00:00:00,2025-05-26,0,0,0,spring,2411,,,,
NYC,hour,2025-05-26 01:00:00,2025-05-26,1,0,0,spring,1445,,,,
NYC,hour,2025-05-26 02:00:00,2025-05-26,2,0,0,spring,834,,,,
NYC,hour,2025-05-26 03:00:00,2025-05-26,3,0,0,spring,522,,,,
NYC,hour,2025-05-26 04:00:00,2025-05-26,4,0,0,spring,482,,,,
NYC,hour,2025-05-26 05:00:00,2025-05-26,5,0,0,spring,453,,,,
NYC,hour,2025-05-26 06:00:00,2025-05-26,6,0,0,spring,1067,,,,
NYC,hour,2025-05-26 07:00:00,2025-05-26,7,0,0,spring,1874,,,,
NYC,hour,2025-05-26 08:00:00,2025-05-26,8,0,0,spring,2912,,,,
NYC,hour,2025-05-26 09:00:00,2025-05-26,9,0,0,spring,4716,,,,
NYC,hour,2025-05-26 10:00:00,2025-05-26,10,0,0,spring,6600,,,,
NYC,hour,2025-05-26 11:00:00,2025-05-26,11,0,0,spring,8575,,,,
NYC,hour,2025-05-26 12:00:00,2025-05-26,12,0,0,spring,10235,,,,
NYC,hour,2025-05-26 13:00:00,2025-05-26,13,0,0,spring,11660,,,,
NYC,hour,2025-05-26 14:00:00,2025-05-26,14,0,0,spring,11967,,,,
NYC,hour,2025-05-26 15:00:00,2025-05-26,15,0,0,spring,12114,,,,
NYC,hour,2025-05-26 16:00:00,2025-05-26,16,0,0,spring,12199,,,,
NYC,hour,2025-05-26 17:00:00,2025-05-26,17,0,0,spring,11879,,,,
NYC,hour,2025-05-26 18:00:00,2025-05-26,18,0,0,spring,11401,,,,
NYC,hour,2025-05-26 19:00:00,2025-05-26,19,0,0,spring,9526,,,,
NYC,hour,2025-05-26 20:00:00,2025-05-26,20,0,0,spring,7305,,,,
NYC,hour,2025-05-26 21:00:00,2025-05-26,21,0,0,spring,4730,,,,
NYC,hour,2025-05-26 22:00:00,2025-05-26,22,0,0,spring,3517,,,,
NYC,hour,2025-05-26 23:00:00,2025-05-26,23,0,0,spring,2528,,,,
NYC,hour,2025-05-27 00:00:00,2025-05-27,0,1,0,spring,1370,,,,
NYC,hour,2025-05-27 01:00:00,2025-05-27,1,1,0,spring,739,,,,
NYC,hour,2025-05-27 02:00:00,2025-05-27,2,1,0,spring,425,,,,
NYC,hour,2025-05-27 03:00:00,2025-05-27,3,1,0,spring,258,,,,
NYC,hour,2025-05-27 04:00:00,2025-05-27,4,1,0,spring,344,,,,
NYC,hour,2025-05-27 05:00:00,2025-05-27,5,1,0,spring,1263,,,,
NYC,hour,2025-05-27 06:00:00,2025-05-27,6,1,0,spring,4006,,,,
NYC,hour,2025-05-27 07:00:00,2025-05-27,7,1,0,spring,8683,,,,
NYC,hour,2025-05-27 08:00:00,2025-05-27,8,1,0,spring,12905,,,,
NYC,hour,2025-05-27 09:00:00,2025-05-27,9,1,0,spring,8736,,,,
NYC,hour,2025-05-27 10:00:00,2025-05-27,10,1,0,spring,5979,,,,
NYC,hour,2025-05-27 11:00:00,2025-05-27,11,1,0,spring,6020,,,,
NYC,hour,2025-05-27 12:00:00,2025-05-27,12,1,0,spring,6796,,,,
NYC,hour,2025-05-27 13:00:00,2025-05-27,13,1,0,spring,7221,,,,
NYC,hour,2025-05-27 14:00:00,2025-05-27,14,1,0,spring,8509,,,,
NYC,hour,2025-05-27 15:00:00,2025-05-27,15,1,0,spring,10084,,,,
NYC,hour,2025-05-27 16:00:00,2025-05-27,16,1,0,spring,12028,,,,
NYC,hour,2025-05-27 17:00:00,2025-05-27,17,1,0,spring,17228,,,,
NYC,hour,2025-05-27 18:00:00,2025-05-27,18,1,0,spring,15735,,,,
NYC,hour,2025-05-27 19:00:00,2025-05-27,19,1,0,spring,11404,,,,
NYC,hour,2025-05-27 20:00:00,2025-05-27,20,1,0,spring,8042,,,,
NYC,hour,2025-05-27 21:00:00,2025-05-27,21,1,0,spring,5695,,,,
NYC,hour,2025-05-27 22:00:00,2025-05-27,22,1,0,spring,4559,,,,
NYC,hour,2025-05-27 23:00:00,2025-05-27,23,1,0,spring,3444,,,,
NYC,hour,2025-05-28 00:00:00,2025-05-28,0,2,0,spring,1625,,,,
NYC,hour,2025-05-28 01:00:00,2025-05-28,1,2,0,spring,805,,,,
NYC,hour,2025-05-28 02:00:00,2025-05-28,2,2,0,spring,489,,,,
NYC,hour,2025-05-28 03:00:00,2025-05-28,3,2,0,spring,280,,,,
NYC,hour,2025-05-28 04:00:00,2025-05-28,4,2,0,spring,362,,,,
NYC,hour,2025-05-28 05:00:00,2025-05-28,5,2,0,spring,1296,,,,
NYC,hour,2025-05-28 06:00:00,2025-05-28,6,2,0,spring,3997,,,,
NYC,hour,2025-05-28 07:00:00,2025-05-28,7,2,0,spring,8943,,,,
NYC,hour,2025-05-28 08:00:00,2025-05-28,8,2,0,spring,13497,,,,
NYC,hour,2025-05-28 09:00:00,2025-05-28,9,2,0,spring,9282,,,,
NYC,hour,2025-05-28 10:00:00,2025-05-28,10,2,0,spring,6240,,,,
NYC,hour,2025-05-28 11:00:00,2025-05-28,11,2,0,spring,6335,,,,
NYC,hour,2025-05-28 12:00:00,2025-05-28,12,2,0,spring,6216,,,,
NYC,hour,2025-05-28 13:00:00,2025-05-28,13,2,0,spring,5848,,,,
NYC,hour,2025-05-28 14:00:00,2025-05-28,14,2,0,spring,5744,,,,
NYC,hour,2025-05-28 15:00:00,2025-05-28,15,2,0,spring,5886,,,,
NYC,hour,2025-05-28 16:00:00,2025-05-28,16,2,0,spring,5453,,,,
NYC,hour,2025-05-28 17:00:00,2025-05-28,17,2,0,spring,6070,,,,
NYC,hour,2025-05-28 18:00:00,2025-05-28,18,2,0,spring,5360,,,,
NYC,hour,2025-05-28 19:00:00,2025-05-28,19,2,0,spring,2871,,,,
NYC,hour,2025-05-28 20:00:00,2025-05-28,20,2,0,spring,2196,,,,
NYC,hour,2025-05-28 21:00:00,2025-05-28,21,2,0,spring,1733,,,,
NYC,hour,2025-05-28 22:00:00,2025-05-28,22,2,0,spring,1040,,,,
NYC,hour,2025-05-28 23:00:00,2025-05-28,23,2,0,spring,1027,,,,
NYC,hour,2025-05-29 00:00:00,2025-05-29,0,3,0,spring,738,,,,
NYC,hour,2025-05-29 01:00:00,2025-05-29,1,3,0,spring,415,,,,
NYC,hour,2025-05-29 02:00:00,2025-05-29,2,3,0,spring,237,,,,
NYC,hour,2025-05-29 03:00:00,2025-05-29,3,3,0,spring,180,,,,
NYC,hour,2025-05-29 04:00:00,2025-05-29,4,3,0,spring,258,,,,
NYC,hour,2025-05-29 05:00:00,2025-05-29,5,3,0,spring,752,,,,
NYC,hour,2025-05-29 06:00:00,2025-05-29,6,3,0,spring,2259,,,,
NYC,hour,2025-05-29 07:00:00,2025-05-29,7,3,0,spring,5346,,,,
NYC,hour,2025-05-29 08:00:00,2025-05-29,8,3,0,spring,8485,,,,
NYC,hour,2025-05-29 09:00:00,2025-05-29,9,3,0,spring,7067,,,,
NYC,hour,2025-05-29 10:00:00,2025-05-29,10,3,0,spring,5248,,,,
NYC,hour,2025-05-29 11:00:00,2025-05-29,11,3,0,spring,5516,,,,
NYC,hour,2025-05-29 12:00:00,2025-05-29,12,3,0,spring,6203,,,,
NYC,hour,2025-05-29 13:00:00,2025-05-29,13,3,0,spring,6742,,,,
NYC,hour,2025-05-29 14:00:00,2025-05-29,14,3,0,spring,7870,,,,
NYC,hour,2025-05-29 15:00:00,2025-05-29,15,3,0,spring,9292,,,,
NYC,hour,2025-05-29 16:00:00,2025-05-29,16,3,0,spring,11243,,,,
NYC,hour,2025-05-29 17:00:00,2025-05-29,17,3,0,spring,16217,,,,
NYC,hour,2025-05-29 18:00:00,2025-05-29,18,3,0,spring,16158,,,,
NYC,hour,2025-05-29 19:00:00,2025-05-29,19,3,0,spring,12674,,,,
NYC,hour,2025-05-29 20:00:00,2025-05-29,20,3,0,spring,8888,,,,
NYC,hour,2025-05-29 21:00:00,2025-05-29,21,3,0,spring,6387,,,,
NYC,hour,2025-05-29 22:00:00,2025-05-29,22,3,0,spring,6043,,,,
NYC,hour,2025-05-29 23:00:00,2025-05-29,23,3,0,spring,4402,,,,
NYC,hour,2025-05-30 00:00:00,2025-05-30,0,4,0,spring,2495,,,,
NYC,hour,2025-05-30 01:00:00,2025-05-30,1,4,0,spring,1347,,,,
NYC,hour,2025-05-30 02:00:00,2025-05-30,2,4,0,spring,823,,,,
NYC,hour,2025-05-30 03:00:00,2025-05-30,3,4,0,spring,510,,,,
NYC,hour,2025-05-30 04:00:00,2025-05-30,4,4,0,spring,524,,,,
NYC,hour,2025-05-30 05:00:00,2025-05-30,5,4,0,spring,1231,,,,
NYC,hour,2025-05-30 06:00:00,2025-05-30,6,4,0,spring,3416,,,,
NYC,hour,2025-05-30 07:00:00,2025-05-30,7,4,0,spring,7059,,,,
NYC,hour,2025-05-30 08:00:00,2025-05-30,8,4,0,spring,10397,,,,
NYC,hour,2025-05-30 09:00:00,2025-05-30,9,4,0,spring,8172,,,,
NYC,hour,2025-05-30 10:00:00,2025-05-30,10,4,0,spring,6840,,,,
NYC,hour,2025-05-30 11:00:00,2025-05-30,11,4,0,spring,7406,,,,
NYC,hour,2025-05-30 12:00:00,2025-05-30,12,4,0,spring,8314,,,,
NYC,hour,2025-05-30 13:00:00,2025-05-30,13,4,0,spring,9477,,,,
NYC,hour,2025-05-30 14:00:00,2025-05-30,14,4,0,spring,10617,,,,
NYC,hour,2025-05-30 15:00:00,2025-05-30,15,4,0,spring,12386,,,,
NYC,hour,2025-05-30 16:00:00,2025-05-30,16,4,0,spring,13577,,,,
NYC,hour,2025-05-30 17:00:00,2025-05-30,17,4,0,spring,15512,,,,
NYC,hour,2025-05-30 18:00:00,2025-05-30,18,4,0,spring,14584,,,,
NYC,hour,2025-05-30 19:00:00,2025-05-30,19,4,0,spring,11506,,,,
NYC,hour,2025-05-30 20:00:00,2025-05-30,20,4,0,spring,8281,,,,
NYC,hour,2025-05-30 21:00:00,2025-05-30,21,4,0,spring,5906,,,,
NYC,hour,2025-05-30 22:00:00,2025-05-30,22,4,0,spring,5172,,,,
NYC,hour,2025-05-30 23:00:00,2025-05-30,23,4,0,spring,4017,,,,
NYC,hour,2025-05-31 00:00:00,2025-05-31,0,5,1,spring,2254,,,,
NYC,hour,2025-05-31 01:00:00,2025-05-31,1,5,1,spring,843,,,,
NYC,hour,2025-05-31 02:00:00,2025-05-31,2,5,1,spring,366,,,,
NYC,hour,2025-05-31 03:00:00,2025-05-31,3,5,1,spring,619,,,,
NYC,hour,2025-05-31 04:00:00,2025-05-31,4,5,1,spring,435,,,,
NYC,hour,2025-05-31 05:00:00,2025-05-31,5,5,1,spring,389,,,,
NYC,hour,2025-05-31 06:00:00,2025-05-31,6,5,1,spring,1028,,,,
NYC,hour,2025-05-31 07:00:00,2025-05-31,7,5,1,spring,2141,,,,
NYC,hour,2025-05-31 08:00:00,2025-05-31,8,5,1,spring,3803,,,,
NYC,hour,2025-05-31 09:00:00,2025-05-31,9,5,1,spring,5608,,,,
NYC,hour,2025-05-31 10:00:00,2025-05-31,10,5,1,spring,7271,,,,
NYC,hour,2025-05-31 11:00:00,2025-05-31,11,5,1,spring,9555,,,,
NYC,hour,2025-05-31 12:00:00,2025-05-31,12,5,1,spring,11103,,,,
NYC,hour,2025-05-31 13:00:00,2025-05-31,13,5,1,spring,12154,,,,
NYC,hour,2025-05-31 14:00:00,2025-05-31,14,5,1,spring,12907,,,,
NYC,hour,2025-05-31 15:00:00,2025-05-31,15,5,1,spring,11701,,,,
NYC,hour,2025-05-31 16:00:00,2025-05-31,16,5,1,spring,11228,,,,
NYC,hour,2025-05-31 17:00:00,2025-05-31,17,5,1,spring,11928,,,,
NYC,hour,2025-05-31 18:00:00,2025-05-31,18,5,1,spring,11543,,,,
NYC,hour,2025-05-31 19:00:00,2025-05-31,19,5,1,spring,10840,,,,
NYC,hour,2025-05-31 20:00:00,2025-05-31,20,5,1,spring,7369,,,,
NYC,hour,2025-05-31 21:00:00,2025-05-31,21,5,1,spring,4950,,,,
NYC,hour,2025-05-31 22:00:00,2025-05-31,22,5,1,spring,5117,,,,
NYC,hour,2025-05-31 23:00:00,2025-05-31,23,5,1,spring,4750,,,,
NYC,hour,2025-06-01 00:00:00,2025-06-01,0,6,1,summer,3312,,,,
NYC,hour,2025-06-01 01:00:00,2025-06-01,1,6,1,summer,2148,,,,
NYC,hour,2025-06-01 02:00:00,2025-06-01,2,6,1,summer,1427,,,,
NYC,hour,2025-06-01 03:00:00,2025-06-01,3,6,1,summer,911,,,,
NYC,hour,2025-06-01 04:00:00,2025-06-01,4,6,1,summer,661,,,,
NYC,hour,2025-06-01 05:00:00,2025-06-01,5,6,1,summer,536,,,,
NYC,hour,2025-06-01 06:00:00,2025-06-01,6,6,1,summer,977,,,,
NYC,hour,2025-06-01 07:00:00,2025-06-01,7,6,1,summer,1971,,,,
NYC,hour,2025-06-01 08:00:00,2025-06-01,8,6,1,summer,3359,,,,
NYC,hour,2025-06-01 09:00:00,2025-06-01,9,6,1,summer,5376,,,,
NYC,hour,2025-06-01 10:00:00,2025-06-01,10,6,1,summer,7333,,,,
NYC,hour,2025-06-01 11:00:00,2025-06-01,11,6,1,summer,8959,,,,
NYC,hour,2025-06-01 12:00:00,2025-06-01,12,6,1,summer,10570,,,,
NYC,hour,2025-06-01 13:00:00,2025-06-01,13,6,1,summer,11374,,,,
NYC,hour,2025-06-01 14:00:00,2025-06-01,14,6,1,summer,11882,,,,
NYC,hour,2025-06-01 15:00:00,2025-06-01,15,6,1,summer,11869,,,,
NYC,hour,2025-06-01 16:00:00,2025-06-01,16,6,1,summer,11237,,,,
NYC,hour,2025-06-01 17:00:00,2025-06-01,17,6,1,summer,10783,,,,
NYC,hour,2025-06-01 18:00:00,2025-06-01,18,6,1,summer,10150,,,,
NYC,hour,2025-06-01 19:00:00,2025-06-01,19,6,1,summer,8301,,,,
NYC,hour,2025-06-01 20:00:00,2025-06-01,20,6,1,summer,6568,,,,
NYC,hour,2025-06-01 21:00:00,2025-06-01,21,6,1,summer,4712,,,,
NYC,hour,2025-06-01 22:00:00,2025-06-01,22,6,1,summer,3581,,,,
NYC,hour,2025-06-01 23:00:00,2025-06-01,23,6,1,summer,2192,,,,
NYC,hour,2025-06-02 00:00:00,2025-06-02,0,0,0,summer,1339,,,,
NYC,hour,2025-06-02 01:00:00,2025-06-02,1,0,0,summer,714,,,,
NYC,hour,2025-06-02 02:00:00,2025-06-02,2,0,0,summer,395,,,,
NYC,hour,2025-06-02 03:00:00,2025-06-02,3,0,0,summer,264,,,,
NYC,hour,2025-06-02 04:00:00,2025-06-02,4,0,0,summer,394,,,,
NYC,hour,2025-06-02 05:00:00,2025-06-02,5,0,0,summer,1294,,,,
NYC,hour,2025-06-02 06:00:00,2025-06-02,6,0,0,summer,3689,,,,
NYC,hour,2025-06-02 07:00:00,2025-06-02,7,0,0,summer,8038,,,,
NYC,hour,2025-06-02 08:00:00,2025-06-02,8,0,0,summer,12200,,,,
NYC,hour,2025-06-02 09:00:00,2025-06-02,9,0,0,summer,8193,,,,
NYC,hour,2025-06-02 10:00:00,2025-06-02,10,0,0,summer,5759,,,,
NYC,hour,2025-06-02 11:00:00,2025-06-02,11,0,0,summer,5970,,,,
NYC,hour,2025-06-02 12:00:00,2025-06-02,12,0,0,summer,6846,,,,
NYC,hour,2025-06-02 13:00:00,2025-06-02,13,0,0,summer,7556,,,,
NYC,hour,2025-06-02 14:00:00,2025-06-02,14,0,0,summer,8541,,,,
NYC,hour,2025-06-02 15:00:00,2025-06-02,15,0,0,summer,10029,,,,
NYC,hour,2025-06-02 16:00:00,2025-06-02,16,0,0,summer,12113,,,,
NYC,hour,2025-06-02 17:00:00,2025-06-02,17,0,0,summer,17357,,,,
NYC,hour,2025-06-02 18:00:00,2025-06-02,18,0,0,summer,16145,,,,
NYC,hour,2025-06-02 19:00:00,2025-06-02,19,0,0,summer,11643,,,,
NYC,hour,2025-06-02 20:00:00,2025-06-02,20,0,0,summer,8504,,,,
NYC,hour,2025-06-02 21:00:00,2025-06-02,21,0,0,summer,5796,,,,
NYC,hour,2025-06-02 22:00:00,2025-06-02,22,0,0,summer,4070,,,,
NYC,hour,2025-06-02 23:00:00,2025-06-02,23,0,0,summer,2573,,,,
NYC,hour,2025-06-03 00:00:00,2025-06-03,0,1,0,summer,1445,,,,
NYC,hour,2025-06-03 01:00:00,2025-06-03,1,1,0,summer,759,,,,
NYC,hour,2025-06-03 02:00:00,2025-06-03,2,1,0,summer,398,,,,
NYC,hour,2025-06-03 03:00:00,2025-06-03,3,1,0,summer,281,,,,
NYC,hour,2025-06-03 04:00:00,2025-06-03,4,1,0,summer,354,,,,
NYC,hour,2025-06-03 05:00:00,2025-06-03,5,1,0,summer,1441,,,,
NYC,hour,2025-06-03 06:00:00,2025-06-03,6,1,0,summer,4326,,,,
NYC,hour,2025-06-03 07:00:00,2025-06-03,7,1,0,summer,9214,,,,
NYC,hour,2025-06-03 08:00:00,2025-06-03,8,1,0,summer,14446,,,,
NYC,hour,2025-06-03 09:00:00,2025-06-03,9,1,0,summer,9805,,,,
NYC,hour,2025-06-03 10:00:00,2025-06-03,10,1,0,summer,6694,,,,
NYC,hour,2025-06-03 11:00:00,2025-06-03,11,1,0,summer,6850,,,,
NYC,hour,2025-06-03 12:00:00,2025-06-03,12,1,0,summer,7475,,,,
NYC,hour,2025-06-03 13:00:00,2025-06-03,13,1,0,summer,8083,,,,
NYC,hour,2025-06-03 14:00:00,2025-06-03,14,1,0,summer,9133,,,,
NYC,hour,2025-06-03 15:00:00,2025-06-03,15,1,0,summer,10540,,,,
NYC,hour,2025-06-03 16:00:00,2025-06-03,16,1,0,summer,13083,,,,
NYC,hour,2025-06-03 17:00:00,2025-06-03,17,1,0,summer,19450,,,,
NYC,hour,2025-06-03 18:00:00,2025-06-03,18,1,0,summer,18075,,,,
NYC,hour,2025-06-03 19:00:00,2025-06-03,19,1,0,summer,12869,,,,
NYC,hour,2025-06-03 20:00:00,2025-06-03,20,1,0,summer,9603,,,,
NYC,hour,2025-06-03 21:00:00,2025-06-03,21,1,0,summer,6966,,,,
NYC,hour,2025-06-03 22:00:00,2025-06-03,22,1,0,summer,5348,,,,
NYC,hour,2025-06-03 23:00:00,2025-06-03,23,1,0,summer,3312,,,,
NYC,hour,2025-06-04 00:00:00,2025-06-04,0,2,0,summer,1805,,,,
NYC,hour,2025-06-04 01:00:00,2025-06-04,1,2,0,summer,843,,,,
NYC,hour,2025-06-04 02:00:00,2025-06-04,2,2,0,summer,512,,,,
NYC,hour,2025-06-04 03:00:00,2025-06-04,3,2,0,summer,303,,,,
NYC,hour,2025-06-04 04:00:00,2025-06-04,4,2,0,summer,380,,,,
NYC,hour,2025-06-04 05:00:00,2025-06-04,5,2,0,summer,1419,,,,
NYC,hour,2025-06-04 06:00:00,2025-06-04,6,2,0,summer,4399,,,,
NYC,hour,2025-06-04 07:00:00,2025-06-04,7,2,0,summer,9436,,,,
NYC,hour,2025-06-04 08:00:00,2025-06-04,8,2,0,summer,15008,,,,
NYC,hour,2025-06-04 09:00:00,2025-06-04,9,2,0,summer,10255,,,,
NYC,hour,2025-06-04 10:00:00,2025-06-04,10,2,0,summer,7393,,,,
NYC,hour,2025-06-04 11:00:00,2025-06-04,11,2,0,summer,7066,,,,
NYC,hour,2025-06-04 12:00:00,2025-06-04,12,2,0,summer,7968,,,,
NYC,hour,2025-06-04 13:00:00,2025-06-04,13,2,0,summer,8405,,,,
NYC,hour,2025-06-04 14:00:00,2025-06-04,14,2,0,summer,9577,,,,
NYC,hour,2025-06-04 15:00:00,2025-06-04,15,2,0,summer,10946,,,,
NYC,hour,2025-06-04 16:00:00,2025-06-04,16,2,0,summer,13370,,,,
NYC,hour,2025-06-04 17:00:00,2025-06-04,17,2,0,summer,20178,,,,
NYC,hour,2025-06-04 18:00:00,2025-06-04,18,2,0,summer,19202,,,,
NYC,hour,2025-06-04 19:00:00,2025-06-04,19,2,0,summer,14153,,,,
NYC,hour,2025-06-04 20:00:00,2025-06-04,20,2,0,summer,10468,,,,
NYC,hour,2025-06-04 21:00:00,2025-06-04,21,2,0,summer,8366,,,,
NYC,hour,2025-06-04 22:00:00,2025-06-04,22,2,0,summer,6633,,,,
NYC,hour,2025-06-04 23:00:00,2025-06-04,23,2,0,summer,4288,,,,
NYC,hour,2025-06-05 00:00:00,2025-06-05,0,3,0,summer,2342,,,,
NYC,hour,2025-06-05 01:00:00,2025-06-05,1,3,0,summer,1217,,,,
NYC,hour,2025-06-05 02:00:00,2025-06-05,2,3,0,summer,683,,,,
NYC,hour,2025-06-05 03:00:00,2025-06-05,3,3,0,summer,465,,,,
NYC,hour,2025-06-05 04:00:00,2025-06-05,4,3,0,summer,464,,,,
NYC,hour,2025-06-05 05:00:00,2025-06-05,5,3,0,summer,1425,,,,
NYC,hour,2025-06-05 06:00:00,2025-06-05,6,3,0,summer,4136,,,,
NYC,hour,2025-06-05 07:00:00,2025-06-05,7,3,0,summer,7904,,,,
NYC,hour,2025-06-05 08:00:00,2025-06-05,8,3,0,summer,13211,,,,
NYC,hour,2025-06-05 09:00:00,2025-06-05,9,3,0,summer,10320,,,,
NYC,hour,2025-06-05 10:00:00,2025-06-05,10,3,0,summer,7458,,,,
NYC,hour,2025-06-05 11:00:00,2025-06-05,11,3,0,summer,7388,,,,
NYC,hour,2025-06-05 12:00:00,2025-06-05,12,3,0,summer,8307,,,,
NYC,hour,2025-06-05 13:00:00,2025-06-05,13,3,0,summer,8555,,,,
NYC,hour,2025-06-05 14:00:00,2025-06-05,14,3,0,summer,9146,,,,
NYC,hour,2025-06-05 15:00:00,2025-06-05,15,3,0,summer,10229,,,,
NYC,hour,2025-06-05 16:00:00,2025-06-05,16,3,0,summer,12904,,,,
NYC,hour,2025-06-05 17:00:00,2025-06-05,17,3,0,summer,18670,,,,
NYC,hour,2025-06-05 18:00:00,2025-06-05,18,3,0,summer,18107,,,,
NYC,hour,2025-06-05 19:00:00,2025-06-05,19,3,0,summer,13732,,,,
NYC,hour,2025-06-05 20:00:00,2025-06-05,20,3,0,summer,10305,,,,
NYC,hour,2025-06-05 21:00:00,2025-06-05,21,3,0,summer,7982,,,,
NYC,hour,2025-06-05 22:00:00,2025-06-05,22,3,0,summer,6916,,,,
NYC,hour,2025-06-05 23:00:00,2025-06-05,23,3,0,summer,5310,,,,
NYC,hour,2025-06-06 00:00:00,2025-06-06,0,4,0,summer,3229,,,,
NYC,hour,2025-06-06 01:00:00,2025-06-06,1,4,0,summer,1701,,,,
NYC,hour,2025-06-06 02:00:00,2025-06-06,2,4,0,summer,972,,,,
NYC,hour,2025-06-06 03:00:00,2025-06-06,3,4,0,summer,571,,,,
NYC,hour,2025-06-06 04:00:00,2025-06-06,4,4,0,summer,578,,,,
NYC,hour,2025-06-06 05:00:00,2025-06-06,5,4,0,summer,1321,,,,
NYC,hour,2025-06-06 06:00:00,2025-06-06,6,4,0,summer,3766,,,,
NYC,hour,2025-06-06 07:00:00,2025-06-06,7,4,0,summer,7181,,,,
NYC,hour,2025-06-06 08:00:00,2025-06-06,8,4,0,summer,10937,,,,
NYC,hour,2025-06-06 09:00:00,2025-06-06,9,4,0,summer,9307,,,,
NYC,hour,2025-06-06 10:00:00,2025-06-06,10,4,0,summer,7582,,,,
NYC,hour,2025-06-06 11:00:00,2025-06-06,11,4,0,summer,8146,,,,
NYC,hour,2025-06-06 12:00:00,2025-06-06,12,4,0,summer,9379,,,,
NYC,hour,2025-06-06 13:00:00,2025-06-06,13,4,0,summer,9928,,,,
NYC,hour,2025-06-06 14:00:00,2025-06-06,14,4,0,summer,10673,,,,
NYC,hour,2025-06-06 15:00:00,2025-06-06,15,4,0,summer,12198,,,,
NYC,hour,2025-06-06 16:00:00,2025-06-06,16,4,0,summer,14041,,,,
NYC,hour,2025-06-06 17:00:00,2025-06-06,17,4,0,summer,15898,,,,
NYC,hour,2025-06-06 18:00:00,2025-06-06,18,4,0,summer,14126,,,,
NYC,hour,2025-06-06 19:00:00,2025-06-06,19,4,0,summer,12298,,,,
NYC,hour,2025-06-06 20:00:00,2025-06-06,20,4,0,summer,9374,,,,
NYC,hour,2025-06-06 21:00:00,2025-06-06,21,4,0,summer,7339,,,,
NYC,hour,2025-06-06 22:00:00,2025-06-06,22,4,0,summer,7341,,,,
NYC,hour,2025-06-06 23:00:00,2025-06-06,23,4,0,summer,6695,,,,
NYC,hour,2025-06-07 00:00:00,2025-06-07,0,5,1,summer,5281,,,,
NYC,hour,2025-06-07 01:00:00,2025-06-07,1,5,1,summer,3553,,,,
NYC,hour,2025-06-07 02:00:00,2025-06-07,2,5,1,summer,2624,,,,
NYC,hour,2025-06-07 03:00:00,2025-06-07,3,5,1,summer,1669,,,,
NYC,hour,2025-06-07 04:00:00,2025-06-07,4,5,1,summer,1014,,,,
NYC,hour,2025-06-07 05:00:00,2025-06-07,5,5,1,summer,766,,,,
NYC,hour,2025-06-07 06:00:00,2025-06-07,6,5,1,summer,1572,,,,
NYC,hour,2025-06-07 07:00:00,2025-06-07,7,5,1,summer,2988,,,,
NYC,hour,2025-06-07 08:00:00,2025-06-07,8,5,1,summer,4728,,,,
NYC,hour,2025-06-07 09:00:00,2025-06-07,9,5,1,summer,6648,,,,
NYC,hour,2025-06-07 10:00:00,2025-06-07,10,5,1,summer,6865,,,,
NYC,hour,2025-06-07 11:00:00,2025-06-07,11,5,1,summer,9175,,,,
NYC,hour,2025-06-07 12:00:00,2025-06-07,12,5,1,summer,9681,,,,
NYC,hour,2025-06-07 13:00:00,2025-06-07,13,5,1,summer,5236,,,,
NYC,hour,2025-06-07 14:00:00,2025-06-07,14,5,1,summer,2665,,,,
NYC,hour,2025-06-07 15:00:00,2025-06-07,15,5,1,summer,6184,,,,
NYC,hour,2025-06-07 16:00:00,2025-06-07,16,5,1,summer,8642,,,,
NYC,hour,2025-06-07 17:00:00,2025-06-07,17,5,1,summer,10056,,,,
NYC,hour,2025-06-07 18:00:00,2025-06-07,18,5,1,summer,7310,,,,
NYC,hour,2025-06-07 19:00:00,2025-06-07,19,5,1,summer,7611,,,,
NYC,hour,2025-06-07 20:00:00,2025-06-07,20,5,1,summer,7190,,,,
NYC,hour,2025-06-07 21:00:00,2025-06-07,21,5,1,summer,6046,,,,
NYC,hour,2025-06-07 22:00:00,2025-06-07,22,5,1,summer,5563,,,,
NYC,hour,2025-06-07 23:00:00,2025-06-07,23,5,1,summer,5250,,,,
NYC,hour,2025-06-08 00:00:00,2025-06-08,0,6,1,summer,4492,,,,
NYC,hour,2025-06-08 01:00:00,2025-06-08,1,6,1,summer,3226,,,,
NYC,hour,2025-06-08 02:00:00,2025-06-08,2,6,1,summer,2248,,,,
NYC,hour,2025-06-08 03:00:00,2025-06-08,3,6,1,summer,1499,,,,
NYC,hour,2025-06-08 04:00:00,2025-06-08,4,6,1,summer,871,,,,
NYC,hour,2025-06-08 05:00:00,2025-06-08,5,6,1,summer,616,,,,
NYC,hour,2025-06-08 06:00:00,2025-06-08,6,6,1,summer,1058,,,,
NYC,hour,2025-06-08 07:00:00,2025-06-08,7,6,1,summer,2013,,,,
NYC,hour,2025-06-08 08:00:00,2025-06-08,8,6,1,summer,3644,,,,
NYC,hour,2025-06-08 09:00:00,2025-06-08,9,6,1,summer,5976,,,,
NYC,hour,2025-06-08 10:00:00,2025-06-08,10,6,1,summer,8398,,,,
NYC,hour,2025-06-08 11:00:00,2025-06-08,11,6,1,summer,10247,,,,
NYC,hour,2025-06-08 12:00:00,2025-06-08,12,6,1,summer,11718,,,,
NYC,hour,2025-06-08 13:00:00,2025-06-08,13,6,1,summer,12706,,,,
NYC,hour,2025-06-08 14:00:00,2025-06-08,14,6,1,summer,12637,,,,
NYC,hour,2025-06-08 15:00:00,2025-06-08,15,6,1,summer,13867,,,,
NYC,hour,2025-06-08 16:00:00,2025-06-08,16,6,1,summer,12078,,,,
NYC,hour,2025-06-08 17:00:00,2025-06-08,17,6,1,summer,9165,,,,
NYC,hour,2025-06-08 18:00:00,2025-06-08,18,6,1,summer,8548,,,,
NYC,hour,2025-06-08 19:00:00,2025-06-08,19,6,1,summer,7950,,,,
NYC,hour,2025-06-08 20:00:00,2025-06-08,20,6,1,summer,6281,,,,
NYC,hour,2025-06-08 21:00:00,2025-06-08,21,6,1,summer,4679,,,,
NYC,hour,2025-06-08 22:00:00,2025-06-08,22,6,1,summer,3985,,,,
NYC,hour,2025-06-08 23:00:00,2025-06-08,23,6,1,summer,2857,,,,
NYC,hour,2025-06-09 00:00:00,2025-06-09,0,0,0,summer,1606,,,,
NYC,hour,2025-06-09 01:00:00,2025-06-09,1,0,0,summer,800,,,,
NYC,hour,2025-06-09 02:00:00,2025-06-09,2,0,0,summer,447,,,,
NYC,hour,2025-06-09 03:00:00,2025-06-09,3,0,0,summer,340,,,,
NYC,hour,2025-06-09 04:00:00,2025-06-09,4,0,0,summer,429,,,,
NYC,hour,2025-06-09 05:00:00,2025-06-09,5,0,0,summer,1338,,,,
NYC,hour,2025-06-09 06:00:00,2025-06-09,6,0,0,summer,3309,,,,
NYC,hour,2025-06-09 07:00:00,2025-06-09,7,0,0,summer,7170,,,,
NYC,hour,2025-06-09 08:00:00,2025-06-09,8,0,0,summer,10595,,,,
NYC,hour,2025-06-09 09:00:00,2025-06-09,9,0,0,summer,6110,,,,
NYC,hour,2025-06-09 10:00:00,2025-06-09,10,0,0,summer,3127,,,,
NYC,hour,2025-06-09 11:00:00,2025-06-09,11,0,0,summer,4370,,,,
NYC,hour,2025-06-09 12:00:00,2025-06-09,12,0,0,summer,5656,,,,
NYC,hour,2025-06-09 13:00:00,2025-06-09,13,0,0,summer,6035,,,,
NYC,hour,2025-06-09 14:00:00,2025-06-09,14,0,0,summer,7298,,,,
NYC,hour,2025-06-09 15:00:00,2025-06-09,15,0,0,summer,8683,,,,
NYC,hour,2025-06-09 16:00:00,2025-06-09,16,0,0,summer,5834,,,,
NYC,hour,2025-06-09 17:00:00,2025-06-09,17,0,0,summer,16177,,,,
NYC,hour,2025-06-09 18:00:00,2025-06-09,18,0,0,summer,14205,,,,
NYC,hour,2025-06-09 19:00:00,2025-06-09,19,0,0,summer,10640,,,,
NYC,hour,2025-06-09 20:00:00,2025-06-09,20,0,0,summer,7829,,,,
NYC,hour,2025-06-09 21:00:00,2025-06-09,21,0,0,summer,5464,,,,
NYC,hour,2025-06-09 22:00:00,2025-06-09,22,0,0,summer,4133,,,,
NYC,hour,2025-06-09 23:00:00,2025-06-09,23,0,0,summer,2625,,,,
NYC,hour,2025-06-10 00:00:00,2025-06-10,0,1,0,summer,1416,,,,
NYC,hour,2025-06-10 01:00:00,2025-06-10,1,1,0,summer,664,,,,
NYC,hour,2025-06-10 02:00:00,2025-06-10,2,1,0,summer,411,,,,
NYC,hour,2025-06-10 03:00:00,2025-06-10,3,1,0,summer,274,,,,
NYC,hour,2025-06-10 04:00:00,2025-06-10,4,1,0,summer,402,,,,
NYC,hour,2025-06-10 05:00:00,2025-06-10,5,1,0,summer,1424,,,,
NYC,hour,2025-06-10 06:00:00,2025-06-10,6,1,0,summer,3096,,,,
NYC,hour,2025-06-10 07:00:00,2025-06-10,7,1,0,summer,6219,,,,
NYC,hour,2025-06-10 08:00:00,2025-06-10,8,1,0,summer,7730,,,,
NYC,hour,2025-06-10 09:00:00,2025-06-10,9,1,0,summer,7455,,,,
NYC,hour,2025-06-10 10:00:00,2025-06-10,10,1,0,summer,3021,,,,
NYC,hour,2025-06-10 11:00:00,2025-06-10,11,1,0,summer,2862,,,,
NYC,hour,2025-06-10 12:00:00,2025-06-10,12,1,0,summer,2811,,,,
NYC,hour,2025-06-10 13:00:00,2025-06-10,13,1,0,summer,5591,,,,
NYC,hour,2025-06-10 14:00:00,2025-06-10,14,1,0,summer,7449,,,,
NYC,hour,2025-06-10 15:00:00,2025-06-10,15,1,0,summer,9002,,,,
NYC,hour,2025-06-10 16:00:00,2025-06-10,16,1,0,summer,11464,,,,
NYC,hour,2025-06-10 17:00:00,2025-06-10,17,1,0,summer,17853,,,,
NYC,hour,2025-06-10 18:00:00,2025-06-10,18,1,0,summer,16873,,,,
NYC,hour,2025-06-10 19:00:00,2025-06-10,19,1,0,summer,13311,,,,
NYC,hour,2025-06-10 20:00:00,2025-06-10,20,1,0,summer,9577,,,,
NYC,hour,2025-06-10 21:00:00,2025-06-10,21,1,0,summer,7214,,,,
NYC,hour,2025-06-10 22:00:00,2025-06-10,22,1,0,summer,5632,,,,
NYC,hour,2025-06-10 23:00:00,2025-06-10,23,1,0,summer,3412,,,,
NYC,hour,2025-06-11 00:00:00,2025-06-11,0,2,0,summer,1956,,,,
NYC,hour,2025-06-11 01:00:00,2025-06-11,1,2,0,summer,915,,,,
NYC,hour,2025-06-11 02:00:00,2025-06-11,2,2,0,summer,545,,,,
NYC,hour,2025-06-11 03:00:00,2025-06-11,3,2,0,summer,330,,,,
NYC,hour,2025-06-11 04:00:00,2025-06-11,4,2,0,summer,466,,,,
NYC,hour,2025-06-11 05:00:00,2025-06-11,5,2,0,summer,1480,,,,
NYC,hour,2025-06-11 06:00:00,2025-06-11,6,2,0,summer,4367,,,,
NYC,hour,2025-06-11 07:00:00,2025-06-11,7,2,0,summer,9234,,,,
NYC,hour,2025-06-11 08:00:00,2025-06-11,8,2,0,summer,14389,,,,
NYC,hour,2025-06-11 09:00:00,2025-06-11,9,2,0,summer,10308,,,,
NYC,hour,2025-06-11 10:00:00,2025-06-11,10,2,0,summer,7434,,,,
NYC,hour,2025-06-11 11:00:00,2025-06-11,11,2,0,summer,7638,,,,
NYC,hour,2025-06-11 12:00:00,2025-06-11,12,2,0,summer,8515,,,,
NYC,hour,2025-06-11 13:00:00,2025-06-11,13,2,0,summer,8820,,,,
NYC,hour,2025-06-11 14:00:00,2025-06-11,14,2,0,summer,9752,,,,
NYC,hour,2025-06-11 15:00:00,2025-06-11,15,2,0,summer,10872,,,,
NYC,hour,2025-06-11 16:00:00,2025-06-11,16,2,0,summer,13359,,,,
NYC,hour,2025-06-11 17:00:00,2025-06-11,17,2,0,summer,19930,,,,
NYC,hour,2025-06-11 18:00:00,2025-06-11,18,2,0,summer,18595,,,,
NYC,hour,2025-06-11 19:00:00,2025-06-11,19,2,0,summer,14193,,,,
NYC,hour,2025-06-11 20:00:00,2025-06-11,20,2,0,summer,11032,,,,
NYC,hour,2025-06-11 21:00:00,2025-06-11,21,2,0,summer,8153,,,,
NYC,hour,2025-06-11 22:00:00,2025-06-11,22,2,0,summer,6699,,,,
NYC,hour,2025-06-11 23:00:00,2025-06-11,23,2,0,summer,4297,,,,
NYC,hour,2025-06-12 00:00:00,2025-06-12,0,3,0,summer,2364,,,,
NYC,hour,2025-06-12 01:00:00,2025-06-12,1,3,0,summer,1221,,,,
NYC,hour,2025-06-12 02:00:00,2025-06-12,2,3,0,summer,648,,,,
NYC,hour,2025-06-12 03:00:00,2025-06-12,3,3,0,summer,388,,,,
NYC,hour,2025-06-12 04:00:00,2025-06-12,4,3,0,summer,465,,,,
NYC,hour,2025-06-12 05:00:00,2025-06-12,5,3,0,summer,1412,,,,
NYC,hour,2025-06-12 06:00:00,2025-06-12,6,3,0,summer,4293,,,,
NYC,hour,2025-06-12 07:00:00,2025-06-12,7,3,0,summer,8866,,,,
NYC,hour,2025-06-12 08:00:00,2025-06-12,8,3,0,summer,14145,,,,
NYC,hour,2025-06-12 09:00:00,2025-06-12,9,3,0,summer,10506,,,,
NYC,hour,2025-06-12 10:00:00,2025-06-12,10,3,0,summer,7292,,,,
NYC,hour,2025-06-12 11:00:00,2025-06-12,11,3,0,summer,7473,,,,
NYC,hour,2025-06-12 12:00:00,2025-06-12,12,3,0,summer,8348,,,,
NYC,hour,2025-06-12 13:00:00,2025-06-12,13,3,0,summer,8661,,,,
NYC,hour,2025-06-12 14:00:00,2025-06-12,14,3,0,summer,9816,,,,
NYC,hour,2025-06-12 15:00:00,2025-06-12,15,3,0,summer,11093,,,,
NYC,hour,2025-06-12 16:00:00,2025-06-12,16,3,0,summer,13520,,,,
NYC,hour,2025-06-12 17:00:00,2025-06-12,17,3,0,summer,19054,,,,
NYC,hour,2025-06-12 18:00:00,2025-06-12,18,3,0,summer,17917,,,,
NYC,hour,2025-06-12 19:00:00,2025-06-12,19,3,0,summer,14228,,,,
NYC,hour,2025-06-12 20:00:00,2025-06-12,20,3,0,summer,10601,,,,
NYC,hour,2025-06-12 21:00:00,2025-06-12,21,3,0,summer,8286,,,,
NYC,hour,2025-06-12 22:00:00,2025-06-12,22,3,0,summer,6920,,,,
NYC,hour,2025-06-12 23:00:00,2025-06-12,23,3,0,summer,4742,,,,
NYC,hour,2025-06-13 00:00:00,2025-06-13,0,4,0,summer,2896,,,,
NYC,hour,2025-06-13 01:00:00,2025-06-13,1,4,0,summer,1607,,,,
NYC,hour,2025-06-13 02:00:00,2025-06-13,2,4,0,summer,991,,,,
NYC,hour,2025-06-13 03:00:00,2025-06-13,3,4,0,summer,601,,,,
NYC,hour,2025-06-13 04:00:00,2025-06-13,4,4,0,summer,576,,,,
NYC,hour,2025-06-13 05:00:00,2025-06-13,5,4,0,summer,1351,,,,
NYC,hour,2025-06-13 06:00:00,2025-06-13,6,4,0,summer,3635,,,,
NYC,hour,2025-06-13 07:00:00,2025-06-13,7,4,0,summer,7395,,,,
NYC,hour,2025-06-13 08:00:00,2025-06-13,8,4,0,summer,11229,,,,
NYC,hour,2025-06-13 09:00:00,2025-06-13,9,4,0,summer,9182,,,,
NYC,hour,2025-06-13 10:00:00,2025-06-13,10,4,0,summer,7602,,,,
NYC,hour,2025-06-13 11:00:00,2025-06-13,11,4,0,summer,8117,,,,
NYC,hour,2025-06-13 12:00:00,2025-06-13,12,4,0,summer,9310,,,,
NYC,hour,2025-06-13 13:00:00,2025-06-13,13,4,0,summer,9982,,,,
NYC,hour,2025-06-13 14:00:00,2025-06-13,14,4,0,summer,11150,,,,
NYC,hour,2025-06-13 15:00:00,2025-06-13,15,4,0,summer,12272,,,,
NYC,hour,2025-06-13 16:00:00,2025-06-13,16,4,0,summer,13989,,,,
NYC,hour,2025-06-13 17:00:00,2025-06-13,17,4,0,summer,16889,,,,
NYC,hour,2025-06-13 18:00:00,2025-06-13,18,4,0,summer,15825,,,,
NYC,hour,2025-06-13 19:00:00,2025-06-13,19,4,0,summer,12750,,,,
NYC,hour,2025-06-13 20:00:00,2025-06-13,20,4,0,summer,9606,,,,
NYC,hour,2025-06-13 21:00:00,2025-06-13,21,4,0,summer,7344,,,,
NYC,hour,2025-06-13 22:00:00,2025-06-13,22,4,0,summer,6450,,,,
NYC,hour,2025-06-13 23:00:00,2025-06-13,23,4,0,summer,5750,,,,
NYC,hour,2025-06-14 00:00:00,2025-06-14,0,5,1,summer,4450,,,,
NYC,hour,2025-06-14 01:00:00,2025-06-14,1,5,1,summer,3124,,,,
NYC,hour,2025-06-14 02:00:00,2025-06-14,2,5,1,summer,2224,,,,
NYC,hour,2025-06-14 03:00:00,2025-06-14,3,5,1,summer,1397,,,,
NYC,hour,2025-06-14 04:00:00,2025-06-14,4,5,1,summer,849,,,,
NYC,hour,2025-06-14 05:00:00,2025-06-14,5,5,1,summer,581,,,,
NYC,hour,2025-06-14 06:00:00,2025-06-14,6,5,1,summer,1102,,,,
NYC,hour,2025-06-14 07:00:00,2025-06-14,7,5,1,summer,1263,,,,
NYC,hour,2025-06-14 08:00:00,2025-06-14,8,5,1,summer,2727,,,,
NYC,hour,2025-06-14 09:00:00,2025-06-14,9,5,1,summer,4995,,,,
NYC,hour,2025-06-14 10:00:00,2025-06-14,10,5,1,summer,5027,,,,
NYC,hour,2025-06-14 11:00:00,2025-06-14,11,5,1,summer,3602,,,,
NYC,hour,2025-06-14 12:00:00,2025-06-14,12,5,1,summer,3054,,,,
NYC,hour,2025-06-14 13:00:00,2025-06-14,13,5,1,summer,3279,,,,
NYC,hour,2025-06-14 14:00:00,2025-06-14,14,5,1,summer,3535,,,,
NYC,hour,2025-06-14 15:00:00,2025-06-14,15,5,1,summer,3382,,,,
NYC,hour,2025-06-14 16:00:00,2025-06-14,16,5,1,summer,4072,,,,
NYC,hour,2025-06-14 17:00:00,2025-06-14,17,5,1,summer,6451,,,,
NYC,hour,2025-06-14 18:00:00,2025-06-14,18,5,1,summer,7174,,,,
NYC,hour,2025-06-14 19:00:00,2025-06-14,19,5,1,summer,7003,,,,
NYC,hour,2025-06-14 20:00:00,2025-06-14,20,5,1,summer,5808,,,,
NYC,hour,2025-06-14 21:00:00,2025-06-14,21,5,1,summer,4752,,,,
NYC,hour,2025-06-14 22:00:00,2025-06-14,22,5,1,summer,4478,,,,
NYC,hour,2025-06-14 23:00:00,2025-06-14,23,5,1,summer,4129,,,,
NYC,hour,2025-06-15 00:00:00,2025-06-15,0,6,1,summer,3412,,,,
NYC,hour,2025-06-15 01:00:00,2025-06-15,1,6,1,summer,2315,,,,
NYC,hour,2025-06-15 02:00:00,2025-06-15,2,6,1,summer,1687,,,,
NYC,hour,2025-06-15 03:00:00,2025-06-15,3,6,1,summer,1073,,,,
NYC,hour,2025-06-15 04:00:00,2025-06-15,4,6,1,summer,704,,,,
NYC,hour,2025-06-15 05:00:00,2025-06-15,5,6,1,summer,477,,,,
NYC,hour,2025-06-15 06:00:00,2025-06-15,6,6,1,summer,929,,,,
NYC,hour,2025-06-15 07:00:00,2025-06-15,7,6,1,summer,1558,,,,
NYC,hour,2025-06-15 08:00:00,2025-06-15,8,6,1,summer,2206,,,,
NYC,hour,2025-06-15 09:00:00,2025-06-15,9,6,1,summer,3667,,,,
NYC,hour,2025-06-15 10:00:00,2025-06-15,10,6,1,summer,5968,,,,
NYC,hour,2025-06-15 11:00:00,2025-06-15,11,6,1,summer,6519,,,,
NYC,hour,2025-06-15 12:00:00,2025-06-15,12,6,1,summer,5463,,,,
NYC,hour,2025-06-15 13:00:00,2025-06-15,13,6,1,summer,6351,,,,
NYC,hour,2025-06-15 14:00:00,2025-06-15,14,6,1,summer,7676,,,,
NYC,hour,2025-06-15 15:00:00,2025-06-15,15,6,1,summer,8361,,,,
NYC,hour,2025-06-15 16:00:00,2025-06-15,16,6,1,summer,8663,,,,
NYC,hour,2025-06-15 17:00:00,2025-06-15,17,6,1,summer,8111,,,,
NYC,hour,2025-06-15 18:00:00,2025-06-15,18,6,1,summer,7713,,,,
NYC,hour,2025-06-15 19:00:00,2025-06-15,19,6,1,summer,5143,,,,
NYC,hour,2025-06-15 20:00:00,2025-06-15,20,6,1,summer,3549,,,,
NYC,hour,2025-06-15 21:00:00,2025-06-15,21,6,1,summer,3237,,,,
NYC,hour,2025-06-15 22:00:00,2025-06-15,22,6,1,summer,2714,,,,
NYC,hour,2025-06-15 23:00:00,2025-06-15,23,6,1,summer,2055,,,,
NYC,hour,2025-06-16 00:00:00,2025-06-16,0,0,0,summer,1255,,,,
NYC,hour,2025-06-16 01:00:00,2025-06-16,1,0,0,summer,685,,,,
NYC,hour,2025-06-16 02:00:00,2025-06-16,2,0,0,summer,389,,,,
NYC,hour,2025-06-16 03:00:00,2025-06-16,3,0,0,summer,293,,,,
NYC,hour,2025-06-16 04:00:00,2025-06-16,4,0,0,summer,408,,,,
NYC,hour,2025-06-16 05:00:00,2025-06-16,5,0,0,summer,1312,,,,
NYC,hour,2025-06-16 06:00:00,2025-06-16,6,0,0,summer,3565,,,,
NYC,hour,2025-06-16 07:00:00,2025-06-16,7,0,0,summer,7327,,,,
NYC,hour,2025-06-16 08:00:00,2025-06-16,8,0,0,summer,10531,,,,
NYC,hour,2025-06-16 09:00:00,2025-06-16,9,0,0,summer,6149,,,,
NYC,hour,2025-06-16 10:00:00,2025-06-16,10,0,0,summer,4582,,,,
NYC,hour,2025-06-16 11:00:00,2025-06-16,11,0,0,summer,4994,,,,
NYC,hour,2025-06-16 12:00:00,2025-06-16,12,0,0,summer,5381,,,,
NYC,hour,2025-06-16 13:00:00,2025-06-16,13,0,0,summer,5872,,,,
NYC,hour,2025-06-16 14:00:00,2025-06-16,14,0,0,summer,7559,,,,
NYC,hour,2025-06-16 15:00:00,2025-06-16,15,0,0,summer,8980,,,,
NYC,hour,2025-06-16 16:00:00,2025-06-16,16,0,0,summer,10837,,,,
NYC,hour,2025-06-16 17:00:00,2025-06-16,17,0,0,summer,15599,,,,
NYC,hour,2025-06-16 18:00:00,2025-06-16,18,0,0,summer,14930,,,,
NYC,hour,2025-06-16 19:00:00,2025-06-16,19,0,0,summer,11078,,,,
NYC,hour,2025-06-16 20:00:00,2025-06-16,20,0,0,summer,8332,,,,
NYC,hour,2025-06-16 21:00:00,2025-06-16,21,0,0,summer,5437,,,,
NYC,hour,2025-06-16 22:00:00,2025-06-16,22,0,0,summer,2655,,,,
NYC,hour,2025-06-16 23:00:00,2025-06-16,23,0,0,summer,1794,,,,
NYC,hour,2025-06-17 00:00:00,2025-06-17,0,1,0,summer,1087,,,,
NYC,hour,2025-06-17 01:00:00,2025-06-17,1,1,0,summer,623,,,,
NYC,hour,2025-06-17 02:00:00,2025-06-17,2,1,0,summer,375,,,,
NYC,hour,2025-06-17 03:00:00,2025-06-17,3,1,0,summer,236,,,,
NYC,hour,2025-06-17 04:00:00,2025-06-17,4,1,0,summer,360,,,,
NYC,hour,2025-06-17 05:00:00,2025-06-17,5,1,0,summer,1007,,,,
NYC,hour,2025-06-17 06:00:00,2025-06-17,6,1,0,summer,3021,,,,
NYC,hour,2025-06-17 07:00:00,2025-06-17,7,1,0,summer,6543,,,,
NYC,hour,2025-06-17 08:00:00,2025-06-17,8,1,0,summer,10855,,,,
NYC,hour,2025-06-17 09:00:00,2025-06-17,9,1,0,summer,7749,,,,
NYC,hour,2025-06-17 10:00:00,2025-06-17,10,1,0,summer,5390,,,,
NYC,hour,2025-06-17 11:00:00,2025-06-17,11,1,0,summer,5627,,,,
NYC,hour,2025-06-17 12:00:00,2025-06-17,12,1,0,summer,6388,,,,
NYC,hour,2025-06-17 13:00:00,2025-06-17,13,1,0,summer,6917,,,,
NYC,hour,2025-06-17 14:00:00,2025-06-17,14,1,0,summer,7634,,,,
NYC,hour,2025-06-17 15:00:00,2025-06-17,15,1,0,summer,7383,,,,
NYC,hour,2025-06-17 16:00:00,2025-06-17,16,1,0,summer,9761,,,,
NYC,hour,2025-06-17 17:00:00,2025-06-17,17,1,0,summer,15574,,,,
NYC,hour,2025-06-17 18:00:00,2025-06-17,18,1,0,summer,15072,,,,
NYC,hour,2025-06-17 19:00:00,2025-06-17,19,1,0,summer,11299,,,,
NYC,hour,2025-06-17 20:00:00,2025-06-17,20,1,0,summer,8795,,,,
NYC,hour,2025-06-17 21:00:00,2025-06-17,21,1,0,summer,6527,,,,
NYC,hour,2025-06-17 22:00:00,2025-06-17,22,1,0,summer,5117,,,,
NYC,hour,2025-06-17 23:00:00,2025-06-17,23,1,0,summer,3225,,,,
NYC,hour,2025-06-18 00:00:00,2025-06-18,0,2,0,summer,1671,,,,
NYC,hour,2025-06-18 01:00:00,2025-06-18,1,2,0,summer,765,,,,
NYC,hour,2025-06-18 02:00:00,2025-06-18,2,2,0,summer,527,,,,
NYC,hour,2025-06-18 03:00:00,2025-06-18,3,2,0,summer,312,,,,
NYC,hour,2025-06-18 04:00:00,2025-06-18,4,2,0,summer,412,,,,
NYC,hour,2025-06-18 05:00:00,2025-06-18,5,2,0,summer,1151,,,,
NYC,hour,2025-06-18 06:00:00,2025-06-18,6,2,0,summer,3455,,,,
NYC,hour,2025-06-18 07:00:00,2025-06-18,7,2,0,summer,7167,,,,
NYC,hour,2025-06-18 08:00:00,2025-06-18,8,2,0,summer,12265,,,,
NYC,hour,2025-06-18 09:00:00,2025-06-18,9,2,0,summer,9453,,,,
NYC,hour,2025-06-18 10:00:00,2025-06-18,10,2,0,summer,6803,,,,
NYC,hour,2025-06-18 11:00:00,2025-06-18,11,2,0,summer,7119,,,,
NYC,hour,2025-06-18 12:00:00,2025-06-18,12,2,0,summer,8088,,,,
NYC,hour,2025-06-18 13:00:00,2025-06-18,13,2,0,summer,8305,,,,
NYC,hour,2025-06-18 14:00:00,2025-06-18,14,2,0,summer,9620,,,,
NYC,hour,2025-06-18 15:00:00,2025-06-18,15,2,0,summer,10599,,,,
NYC,hour,2025-06-18 16:00:00,2025-06-18,16,2,0,summer,13054,,,,
NYC,hour,2025-06-18 17:00:00,2025-06-18,17,2,0,summer,18665,,,,
NYC,hour,2025-06-18 18:00:00,2025-06-18,18,2,0,summer,17772,,,,
NYC,hour,2025-06-18 19:00:00,2025-06-18,19,2,0,summer,13429,,,,
NYC,hour,2025-06-18 20:00:00,2025-06-18,20,2,0,summer,9215,,,,
NYC,hour,2025-06-18 21:00:00,2025-06-18,21,2,0,summer,7044,,,,
NYC,hour,2025-06-18 22:00:00,2025-06-18,22,2,0,summer,6276,,,,
NYC,hour,2025-06-18 23:00:00,2025-06-18,23,2,0,summer,4712,,,,
NYC,hour,2025-06-19 00:00:00,2025-06-19,0,3,0,summer,3113,,,,
NYC,hour,2025-06-19 01:00:00,2025-06-19,1,3,0,summer,1811,,,,
NYC,hour,2025-06-19 02:00:00,2025-06-19,2,3,0,summer,1061,,,,
NYC,hour,2025-06-19 03:00:00,2025-06-19,3,3,0,summer,639,,,,
NYC,hour,2025-06-19 04:00:00,2025-06-19,4,3,0,summer,693,,,,
NYC,hour,2025-06-19 05:00:00,2025-06-19,5,3,0,summer,1136,,,,
NYC,hour,2025-06-19 06:00:00,2025-06-19,6,3,0,summer,2567,,,,
NYC,hour,2025-06-19 07:00:00,2025-06-19,7,3,0,summer,4184,,,,
NYC,hour,2025-06-19 08:00:00,2025-06-19,8,3,0,summer,6804,,,,
NYC,hour,2025-06-19 09:00:00,2025-06-19,9,3,0,summer,8131,,,,
NYC,hour,2025-06-19 10:00:00,2025-06-19,10,3,0,summer,8773,,,,
NYC,hour,2025-06-19 11:00:00,2025-06-19,11,3,0,summer,10136,,,,
NYC,hour,2025-06-19 12:00:00,2025-06-19,12,3,0,summer,11225,,,,
NYC,hour,2025-06-19 13:00:00,2025-06-19,13,3,0,summer,9008,,,,
NYC,hour,2025-06-19 14:00:00,2025-06-19,14,3,0,summer,9542,,,,
NYC,hour,2025-06-19 15:00:00,2025-06-19,15,3,0,summer,11212,,,,
NYC,hour,2025-06-19 16:00:00,2025-06-19,16,3,0,summer,7861,,,,
NYC,hour,2025-06-19 17:00:00,2025-06-19,17,3,0,summer,10316,,,,
NYC,hour,2025-06-19 18:00:00,2025-06-19,18,3,0,summer,11986,,,,
NYC,hour,2025-06-19 19:00:00,2025-06-19,19,3,0,summer,5541,,,,
NYC,hour,2025-06-19 20:00:00,2025-06-19,20,3,0,summer,3263,,,,
NYC,hour,2025-06-19 21:00:00,2025-06-19,21,3,0,summer,4316,,,,
NYC,hour,2025-06-19 22:00:00,2025-06-19,22,3,0,summer,4419,,,,
NYC,hour,2025-06-19 23:00:00,2025-06-19,23,3,0,summer,3809,,,,
NYC,hour,2025-06-20 00:00:00,2025-06-20,0,4,0,summer,2427,,,,
NYC,hour,2025-06-20 01:00:00,2025-06-20,1,4,0,summer,1444,,,,
NYC,hour,2025-06-20 02:00:00,2025-06-20,2,4,0,summer,878,,,,
NYC,hour,2025-06-20 03:00:00,2025-06-20,3,4,0,summer,571,,,,
NYC,hour,2025-06-20 04:00:00,2025-06-20,4,4,0,summer,584,,,,
NYC,hour,2025-06-20 05:00:00,2025-06-20,5,4,0,summer,1265,,,,
NYC,hour,2025-06-20 06:00:00,2025-06-20,6,4,0,summer,3365,,,,
NYC,hour,2025-06-20 07:00:00,2025-06-20,7,4,0,summer,6120,,,,
NYC,hour,2025-06-20 08:00:00,2025-06-20,8,4,0,summer,9462,,,,
NYC,hour,2025-06-20 09:00:00,2025-06-20,9,4,0,summer,8233,,,,
NYC,hour,2025-06-20 10:00:00,2025-06-20,10,4,0,summer,7460,,,,
NYC,hour,2025-06-20 11:00:00,2025-06-20,11,4,0,summer,8341,,,,
NYC,hour,2025-06-20 12:00:00,2025-06-20,12,4,0,summer,9445,,,,
NYC,hour,2025-06-20 13:00:00,2025-06-20,13,4,0,summer,10148,,,,
NYC,hour,2025-06-20 14:00:00,2025-06-20,14,4,0,summer,11117,,,,
NYC,hour,2025-06-20 15:00:00,2025-06-20,15,4,0,summer,12056,,,,
NYC,hour,2025-06-20 16:00:00,2025-06-20,16,4,0,summer,13347,,,,
NYC,hour,2025-06-20 17:00:00,2025-06-20,17,4,0,summer,15426,,,,
NYC,hour,2025-06-20 18:00:00,2025-06-20,18,4,0,summer,14509,,,,
NYC,hour,2025-06-20 19:00:00,2025-06-20,19,4,0,summer,12330,,,,
NYC,hour,2025-06-20 20:00:00,2025-06-20,20,4,0,summer,9690,,,,
NYC,hour,2025-06-20 21:00:00,2025-06-20,21,4,0,summer,7383,,,,
NYC,hour,2025-06-20 22:00:00,2025-06-20,22,4,0,summer,6658,,,,
NYC,hour,2025-06-20 23:00:00,2025-06-20,23,4,0,summer,5822,,,,
NYC,hour,2025-06-21 00:00:00,2025-06-21,0,5,1,summer,4549,,,,
NYC,hour,2025-06-21 01:00:00,2025-06-21,1,5,1,summer,3222,,,,
NYC,hour,2025-06-21 02:00:00,2025-06-21,2,5,1,summer,2173,,,,
NYC,hour,2025-06-21 03:00:00,2025-06-21,3,5,1,summer,1392,,,,
NYC,hour,2025-06-21 04:00:00,2025-06-21,4,5,1,summer,1007,,,,
NYC,hour,2025-06-21 05:00:00,2025-06-21,5,5,1,summer,812,,,,
NYC,hour,2025-06-21 06:00:00,2025-06-21,6,5,1,summer,1516,,,,
NYC,hour,2025-06-21 07:00:00,2025-06-21,7,5,1,summer,2855,,,,
NYC,hour,2025-06-21 08:00:00,2025-06-21,8,5,1,summer,4759,,,,
NYC,hour,2025-06-21 09:00:00,2025-06-21,9,5,1,summer,7236,,,,
NYC,hour,2025-06-21 10:00:00,2025-06-21,10,5,1,summer,9346,,,,
NYC,hour,2025-06-21 11:00:00,2025-06-21,11,5,1,summer,11070,,,,
NYC,hour,2025-06-21 12:00:00,2025-06-21,12,5,1,summer,11877,,,,
NYC,hour,2025-06-21 13:00:00,2025-06-21,13,5,1,summer,12117,,,,
NYC,hour,2025-06-21 14:00:00,2025-06-21,14,5,1,summer,11741,,,,
NYC,hour,2025-06-21 15:00:00,2025-06-21,15,5,1,summer,11948,,,,
NYC,hour,2025-06-21 16:00:00,2025-06-21,16,5,1,summer,11996,,,,
NYC,hour,2025-06-21 17:00:00,2025-06-21,17,5,1,summer,11745,,,,
NYC,hour,2025-06-21 18:00:00,2025-06-21,18,5,1,summer,11625,,,,
NYC,hour,2025-06-21 19:00:00,2025-06-21,19,5,1,summer,10361,,,,
NYC,hour,2025-06-21 20:00:00,2025-06-21,20,5,1,summer,8674,,,,
NYC,hour,2025-06-21 21:00:00,2025-06-21,21,5,1,summer,6942,,,,
NYC,hour,2025-06-21 22:00:00,2025-06-21,22,5,1,summer,6739,,,,
NYC,hour,2025-06-21 23:00:00,2025-06-21,23,5,1,summer,6159,,,,
NYC,hour,2025-06-22 00:00:00,2025-06-22,0,6,1,summer,4431,,,,
NYC,hour,2025-06-22 01:00:00,2025-06-22,1,6,1,summer,2966,,,,
NYC,hour,2025-06-22 02:00:00,2025-06-22,2,6,1,summer,2211,,,,
NYC,hour,2025-06-22 03:00:00,2025-06-22,3,6,1,summer,1522,,,,
NYC,hour,2025-06-22 04:00:00,2025-06-22,4,6,1,summer,993,,,,
NYC,hour,2025-06-22 05:00:00,2025-06-22,5,6,1,summer,706,,,,
NYC,hour,2025-06-22 06:00:00,2025-06-22,6,6,1,summer,1245,,,,
NYC,hour,2025-06-22 07:00:00,2025-06-22,7,6,1,summer,1970,,,,
NYC,hour,2025-06-22 08:00:00,2025-06-22,8,6,1,summer,2389,,,,
NYC,hour,2025-06-22 09:00:00,2025-06-22,9,6,1,summer,2465,,,,
NYC,hour,2025-06-22 10:00:00,2025-06-22,10,6,1,summer,2079,,,,
NYC,hour,2025-06-22 11:00:00,2025-06-22,11,6,1,summer,5524,,,,
NYC,hour,2025-06-22 12:00:00,2025-06-22,12,6,1,summer,8043,,,,
NYC,hour,2025-06-22 13:00:00,2025-06-22,13,6,1,summer,9723,,,,
NYC,hour,2025-06-22 14:00:00,2025-06-22,14,6,1,summer,10577,,,,
NYC,hour,2025-06-22 15:00:00,2025-06-22,15,6,1,summer,11339,,,,
NYC,hour,2025-06-22 16:00:00,2025-06-22,16,6,1,summer,11163,,,,
NYC,hour,2025-06-22 17:00:00,2025-06-22,17,6,1,summer,11429,,,,
NYC,hour,2025-06-22 18:00:00,2025-06-22,18,6,1,summer,11084,,,,
NYC,hour,2025-06-22 19:00:00,2025-06-22,19,6,1,summer,10135,,,,
NYC,hour,2025-06-22 20:00:00,2025-06-22,20,6,1,summer,8361,,,,
NYC,hour,2025-06-22 21:00:00,2025-06-22,21,6,1,summer,6259,,,,
NYC,hour,2025-06-22 22:00:00,2025-06-22,22,6,1,summer,4899,,,,
NYC,hour,2025-06-22 23:00:00,2025-06-22,23,6,1,summer,3888,,,,
NYC,hour,2025-06-23 00:00:00,2025-06-23,0,0,0,summer,1963,,,,
NYC,hour,2025-06-23 01:00:00,2025-06-23,1,0,0,summer,1045,,,,
NYC,hour,2025-06-23 02:00:00,2025-06-23,2,0,0,summer,578,,,,
NYC,hour,2025-06-23 03:00:00,2025-06-23,3,0,0,summer,340,,,,
NYC,hour,2025-06-23 04:00:00,2025-06-23,4,0,0,summer,442,,,,
NYC,hour,2025-06-23 05:00:00,2025-06-23,5,0,0,summer,1398,,,,
NYC,hour,2025-06-23 06:00:00,2025-06-23,6,0,0,summer,3918,,,,
NYC,hour,2025-06-23 07:00:00,2025-06-23,7,0,0,summer,7679,,,,
NYC,hour,2025-06-23 08:00:00,2025-06-23,8,0,0,summer,11663,,,,
NYC,hour,2025-06-23 09:00:00,2025-06-23,9,0,0,summer,8606,,,,
NYC,hour,2025-06-23 10:00:00,2025-06-23,10,0,0,summer,5965,,,,
NYC,hour,2025-06-23 11:00:00,2025-06-23,11,0,0,summer,5958,,,,
NYC,hour,2025-06-23 12:00:00,2025-06-23,12,0,0,summer,6615,,,,
NYC,hour,2025-06-23 13:00:00,2025-06-23,13,0,0,summer,6812,,,,
NYC,hour,2025-06-23 14:00:00,2025-06-23,14,0,0,summer,7380,,,,
NYC,hour,2025-06-23 15:00:00,2025-06-23,15,0,0,summer,7960,,,,
NYC,hour,2025-06-23 16:00:00,2025-06-23,16,0,0,summer,10028,,,,
NYC,hour,2025-06-23 17:00:00,2025-06-23,17,0,0,summer,15042,,,,
NYC,hour,2025-06-23 18:00:00,2025-06-23,18,0,0,summer,15152,,,,
NYC,hour,2025-06-23 19:00:00,2025-06-23,19,0,0,summer,12089,,,,
NYC,hour,2025-06-23 20:00:00,2025-06-23,20,0,0,summer,9508,,,,
NYC,hour,2025-06-23 21:00:00,2025-06-23,21,0,0,summer,7108,,,,
NYC,hour,2025-06-23 22:00:00,2025-06-23,22,0,0,summer,5079,,,,
NYC,hour,2025-06-23 23:00:00,2025-06-23,23,0,0,summer,3343,,,,
NYC,hour,2025-06-24 00:00:00,2025-06-24,0,1,0,summer,1780,,,,
NYC,hour,2025-06-24 01:00:00,2025-06-24,1,1,0,summer,934,,,,
NYC,hour,2025-06-24 02:00:00,2025-06-24,2,1,0,summer,543,,,,
NYC,hour,2025-06-24 03:00:00,2025-06-24,3,1,0,summer,349,,,,
NYC,hour,2025-06-24 04:00:00,2025-06-24,4,1,0,summer,513,,,,
NYC,hour,2025-06-24 05:00:00,2025-06-24,5,1,0,summer,1631,,,,
NYC,hour,2025-06-24 06:00:00,2025-06-24,6,1,0,summer,4709,,,,
NYC,hour,2025-06-24 07:00:00,2025-06-24,7,1,0,summer,8804,,,,
NYC,hour,2025-06-24 08:00:00,2025-06-24,8,1,0,summer,13233,,,,
NYC,hour,2025-06-24 09:00:00,2025-06-24,9,1,0,summer,9242,,,,
NYC,hour,2025-06-24 10:00:00,2025-06-24,10,1,0,summer,6245,,,,
NYC,hour,2025-06-24 11:00:00,2025-06-24,11,1,0,summer,6221,,,,
NYC,hour,2025-06-24 12:00:00,2025-06-24,12,1,0,summer,6490,,,,
NYC,hour,2025-06-24 13:00:00,2025-06-24,13,1,0,summer,6690,,,,
NYC,hour,2025-06-24 14:00:00,2025-06-24,14,1,0,summer,7291,,,,
NYC,hour,2025-06-24 15:00:00,2025-06-24,15,1,0,summer,7995,,,,
NYC,hour,2025-06-24 16:00:00,2025-06-24,16,1,0,summer,10017,,,,
NYC,hour,2025-06-24 17:00:00,2025-06-24,17,1,0,summer,15595,,,,
NYC,hour,2025-06-24 18:00:00,2025-06-24,18,1,0,summer,15354,,,,
NYC,hour,2025-06-24 19:00:00,2025-06-24,19,1,0,summer,12386,,,,
NYC,hour,2025-06-24 20:00:00,2025-06-24,20,1,0,summer,10560,,,,
NYC,hour,2025-06-24 21:00:00,2025-06-24,21,1,0,summer,8007,,,,
NYC,hour,2025-06-24 22:00:00,2025-06-24,22,1,0,summer,6118,,,,
NYC,hour,2025-06-24 23:00:00,2025-06-24,23,1,0,summer,3758,,,,
NYC,hour,2025-06-25 00:00:00,2025-06-25,0,2,0,summer,2140,,,,
NYC,hour,2025-06-25 01:00:00,2025-06-25,1,2,0,summer,1132,,,,
NYC,hour,2025-06-25 02:00:00,2025-06-25,2,2,0,summer,651,,,,
NYC,hour,2025-06-25 03:00:00,2025-06-25,3,2,0,summer,369,,,,
NYC,hour,2025-06-25 04:00:00,2025-06-25,4,2,0,summer,495,,,,
NYC,hour,2025-06-25 05:00:00,2025-06-25,5,2,0,summer,1573,,,,
NYC,hour,2025-06-25 06:00:00,2025-06-25,6,2,0,summer,4294,,,,
NYC,hour,2025-06-25 07:00:00,2025-06-25,7,2,0,summer,8253,,,,
NYC,hour,2025-06-25 08:00:00,2025-06-25,8,2,0,summer,13184,,,,
NYC,hour,2025-06-25 09:00:00,2025-06-25,9,2,0,summer,9429,,,,
NYC,hour,2025-06-25 10:00:00,2025-06-25,10,2,0,summer,6428,,,,
NYC,hour,2025-06-25 11:00:00,2025-06-25,11,2,0,summer,6536,,,,
NYC,hour,2025-06-25 12:00:00,2025-06-25,12,2,0,summer,6921,,,,
NYC,hour,2025-06-25 13:00:00,2025-06-25,13,2,0,summer,7103,,,,
NYC,hour,2025-06-25 14:00:00,2025-06-25,14,2,0,summer,7655,,,,
NYC,hour,2025-06-25 15:00:00,2025-06-25,15,2,0,summer,8455,,,,
NYC,hour,2025-06-25 16:00:00,2025-06-25,16,2,0,summer,10679,,,,
NYC,hour,2025-06-25 17:00:00,2025-06-25,17,2,0,summer,16605,,,,
NYC,hour,2025-06-25 18:00:00,2025-06-25,18,2,0,summer,16698,,,,
NYC,hour,2025-06-25 19:00:00,2025-06-25,19,2,0,summer,13291,,,,
NYC,hour,2025-06-25 20:00:00,2025-06-25,20,2,0,summer,9947,,,,
NYC,hour,2025-06-25 21:00:00,2025-06-25,21,2,0,summer,8070,,,,
NYC,hour,2025-06-25 22:00:00,2025-06-25,22,2,0,summer,6603,,,,
NYC,hour,2025-06-25 23:00:00,2025-06-25,23,2,0,summer,4171,,,,
NYC,hour,2025-06-26 00:00:00,2025-06-26,0,3,0,summer,2326,,,,
NYC,hour,2025-06-26 01:00:00,2025-06-26,1,3,0,summer,1258,,,,
NYC,hour,2025-06-26 02:00:00,2025-06-26,2,3,0,summer,703,,,,
NYC,hour,2025-06-26 03:00:00,2025-06-26,3,3,0,summer,427,,,,
NYC,hour,2025-06-26 04:00:00,2025-06-26,4,3,0,summer,494,,,,
NYC,hour,2025-06-26 05:00:00,2025-06-26,5,3,0,summer,1450,,,,
NYC,hour,2025-06-26 06:00:00,2025-06-26,6,3,0,summer,4170,,,,
NYC,hour,2025-06-26 07:00:00,2025-06-26,7,3,0,summer,7991,,,,
NYC,hour,2025-06-26 08:00:00,2025-06-26,8,3,0,summer,13127,,,,
NYC,hour,2025-06-26 09:00:00,2025-06-26,9,3,0,summer,9687,,,,
NYC,hour,2025-06-26 10:00:00,2025-06-26,10,3,0,summer,6977,,,,
NYC,hour,2025-06-26 11:00:00,2025-06-26,11,3,0,summer,7329,,,,
NYC,hour,2025-06-26 12:00:00,2025-06-26,12,3,0,summer,8088,,,,
NYC,hour,2025-06-26 13:00:00,2025-06-26,13,3,0,summer,8607,,,,
NYC,hour,2025-06-26 14:00:00,2025-06-26,14,3,0,summer,9241,,,,
NYC,hour,2025-06-26 15:00:00,2025-06-26,15,3,0,summer,9687,,,,
NYC,hour,2025-06-26 16:00:00,2025-06-26,16,3,0,summer,12002,,,,
NYC,hour,2025-06-26 17:00:00,2025-06-26,17,3,0,summer,15732,,,,
NYC,hour,2025-06-26 18:00:00,2025-06-26,18,3,0,summer,15800,,,,
NYC,hour,2025-06-26 19:00:00,2025-06-26,19,3,0,summer,13322,,,,
NYC,hour,2025-06-26 20:00:00,2025-06-26,20,3,0,summer,9496,,,,
NYC,hour,2025-06-26 21:00:00,2025-06-26,21,3,0,summer,7379,,,,
NYC,hour,2025-06-26 22:00:00,2025-06-26,22,3,0,summer,6325,,,,
NYC,hour,2025-06-26 23:00:00,2025-06-26,23,3,0,summer,4611,,,,
NYC,hour,2025-06-27 00:00:00,2025-06-27,0,4,0,summer,2791,,,,
NYC,hour,2025-06-27 01:00:00,2025-06-27,1,4,0,summer,1683,,,,
NYC,hour,2025-06-27 02:00:00,2025-06-27,2,4,0,summer,952,,,,
NYC,hour,2025-06-27 03:00:00,2025-06-27,3,4,0,summer,536,,,,
NYC,hour,2025-06-27 04:00:00,2025-06-27,4,4,0,summer,481,,,,
NYC,hour,2025-06-27 05:00:00,2025-06-27,5,4,0,summer,1352,,,,
NYC,hour,2025-06-27 06:00:00,2025-06-27,6,4,0,summer,3368,,,,
NYC,hour,2025-06-27 07:00:00,2025-06-27,7,4,0,summer,5902,,,,
NYC,hour,2025-06-27 08:00:00,2025-06-27,8,4,0,summer,9013,,,,
NYC,hour,2025-06-27 09:00:00,2025-06-27,9,4,0,summer,8328,,,,
NYC,hour,2025-06-27 10:00:00,2025-06-27,10,4,0,summer,6836,,,,
NYC,hour,2025-06-27 11:00:00,2025-06-27,11,4,0,summer,7150,,,,
NYC,hour,2025-06-27 12:00:00,2025-06-27,12,4,0,summer,8473,,,,
NYC,hour,2025-06-27 13:00:00,2025-06-27,13,4,0,summer,9428,,,,
NYC,hour,2025-06-27 14:00:00,2025-06-27,14,4,0,summer,9855,,,,
NYC,hour,2025-06-27 15:00:00,2025-06-27,15,4,0,summer,10853,,,,
NYC,hour,2025-06-27 16:00:00,2025-06-27,16,4,0,summer,12481,,,,
NYC,hour,2025-06-27 17:00:00,2025-06-27,17,4,0,summer,14982,,,,
NYC,hour,2025-06-27 18:00:00,2025-06-27,18,4,0,summer,14146,,,,
NYC,hour,2025-06-27 19:00:00,2025-06-27,19,4,0,summer,11565,,,,
NYC,hour,2025-06-27 20:00:00,2025-06-27,20,4,0,summer,8677,,,,
NYC,hour,2025-06-27 21:00:00,2025-06-27,21,4,0,summer,6803,,,,
NYC,hour,2025-06-27 22:00:00,2025-06-27,22,4,0,summer,6140,,,,
NYC,hour,2025-06-27 23:00:00,2025-06-27,23,4,0,summer,5395,,,,
NYC,hour,2025-06-28 00:00:00,2025-06-28,0,5,1,summer,3969,,,,
NYC,hour,2025-06-28 01:00:00,2025-06-28,1,5,1,summer,2857,,,,
NYC,hour,2025-06-28 02:00:00,2025-06-28,2,5,1,summer,1940,,,,
NYC,hour,2025-06-28 03:00:00,2025-06-28,3,5,1,summer,1125,,,,
NYC,hour,2025-06-28 04:00:00,2025-06-28,4,5,1,summer,750,,,,
NYC,hour,2025-06-28 05:00:00,2025-06-28,5,5,1,summer,467,,,,
NYC,hour,2025-06-28 06:00:00,2025-06-28,6,5,1,summer,1091,,,,
NYC,hour,2025-06-28 07:00:00,2025-06-28,7,5,1,summer,2289,,,,
NYC,hour,2025-06-28 08:00:00,2025-06-28,8,5,1,summer,3494,,,,
NYC,hour,2025-06-28 09:00:00,2025-06-28,9,5,1,summer,5553,,,,
NYC,hour,2025-06-28 10:00:00,2025-06-28,10,5,1,summer,7622,,,,
NYC,hour,2025-06-28 11:00:00,2025-06-28,11,5,1,summer,9656,,,,
NYC,hour,2025-06-28 12:00:00,2025-06-28,12,5,1,summer,10807,,,,
NYC,hour,2025-06-28 13:00:00,2025-06-28,13,5,1,summer,11314,,,,
NYC,hour,2025-06-28 14:00:00,2025-06-28,14,5,1,summer,11946,,,,
NYC,hour,2025-06-28 15:00:00,2025-06-28,15,5,1,summer,12342,,,,
NYC,hour,2025-06-28 16:00:00,2025-06-28,16,5,1,summer,12162,,,,
NYC,hour,2025-06-28 17:00:00,2025-06-28,17,5,1,summer,12003,,,,
NYC,hour,2025-06-28 18:00:00,2025-06-28,18,5,1,summer,12232,,,,
NYC,hour,2025-06-28 19:00:00,2025-06-28,19,5,1,summer,10772,,,,
NYC,hour,2025-06-28 20:00:00,2025-06-28,20,5,1,summer,8982,,,,
NYC,hour,2025-06-28 21:00:00,2025-06-28,21,5,1,summer,7164,,,,
NYC,hour,2025-06-28 22:00:00,2025-06-28,22,5,1,summer,6504,,,,
NYC,hour,2025-06-28 23:00:00,2025-06-28,23,5,1,summer,5661,,,,
NYC,hour,2025-06-29 00:00:00,2025-06-29,0,6,1,summer,4393,,,,
NYC,hour,2025-06-29 01:00:00,2025-06-29,1,6,1,summer,3648,,,,
NYC,hour,2025-06-29 02:00:00,2025-06-29,2,6,1,summer,2743,,,,
NYC,hour,2025-06-29 03:00:00,2025-06-29,3,6,1,summer,1725,,,,
NYC,hour,2025-06-29 04:00:00,2025-06-29,4,6,1,summer,1110,,,,
NYC,hour,2025-06-29 05:00:00,2025-06-29,5,6,1,summer,845,,,,
NYC,hour,2025-06-29 06:00:00,2025-06-29,6,6,1,summer,1218,,,,
NYC,hour,2025-06-29 07:00:00,2025-06-29,7,6,1,summer,2356,,,,
NYC,hour,2025-06-29 08:00:00,2025-06-29,8,6,1,summer,3514,,,,
NYC,hour,2025-06-29 09:00:00,2025-06-29,9,6,1,summer,5535,,,,
NYC,hour,2025-06-29 10:00:00,2025-06-29,10,6,1,summer,7669,,,,
NYC,hour,2025-06-29 11:00:00,2025-06-29,11,6,1,summer,9310,,,,
NYC,hour,2025-06-29 12:00:00,2025-06-29,12,6,1,summer,10107,,,,
NYC,hour,2025-06-29 13:00:00,2025-06-29,13,6,1,summer,10493,,,,
NYC,hour,2025-06-29 14:00:00,2025-06-29,14,6,1,summer,11198,,,,
NYC,hour,2025-06-29 15:00:00,2025-06-29,15,6,1,summer,11235,,,,
NYC,hour,2025-06-29 16:00:00,2025-06-29,16,6,1,summer,11251,,,,
NYC,hour,2025-06-29 17:00:00,2025-06-29,17,6,1,summer,11544,,,,
NYC,hour,2025-06-29 18:00:00,2025-06-29,18,6,1,summer,11132,,,,
NYC,hour,2025-06-29 19:00:00,2025-06-29,19,6,1,summer,9912,,,,
NYC,hour,2025-06-29 20:00:00,2025-06-29,20,6,1,summer,8737,,,,
NYC,hour,2025-06-29 21:00:00,2025-06-29,21,6,1,summer,6715,,,,
NYC,hour,2025-06-29 22:00:00,2025-06-29,22,6,1,summer,5178,,,,
NYC,hour,2025-06-29 23:00:00,2025-06-29,23,6,1,summer,3519,,,,
NYC,hour,2025-06-30 00:00:00,2025-06-30,0,0,0,summer,2114,,,,
NYC,hour,2025-06-30 01:00:00,2025-06-30,1,0,0,summer,1224,,,,
NYC,hour,2025-06-30 02:00:00,2025-06-30,2,0,0,summer,762,,,,
NYC,hour,2025-06-30 03:00:00,2025-06-30,3,0,0,summer,522,,,,
NYC,hour,2025-06-30 04:00:00,2025-06-30,4,0,0,summer,606,,,,
NYC,hour,2025-06-30 05:00:00,2025-06-30,5,0,0,summer,1405,,,,
NYC,hour,2025-06-30 06:00:00,2025-06-30,6,0,0,summer,3633,,,,
NYC,hour,2025-06-30 07:00:00,2025-06-30,7,0,0,summer,6770,,,,
NYC,hour,2025-06-30 08:00:00,2025-06-30,8,0,0,summer,10286,,,,
NYC,hour,2025-06-30 09:00:00,2025-06-30,9,0,0,summer,8128,,,,
NYC,hour,2025-06-30 10:00:00,2025-06-30,10,0,0,summer,5989,,,,
NYC,hour,2025-06-30 11:00:00,2025-06-30,11,0,0,summer,6170,,,,
NYC,hour,2025-06-30 12:00:00,2025-06-30,12,0,0,summer,6892,,,,
NYC,hour,2025-06-30 13:00:00,2025-06-30,13,0,0,summer,7375,,,,
NYC,hour,2025-06-30 14:00:00,2025-06-30,14,0,0,summer,7961,,,,
NYC,hour,2025-06-30 15:00:00,2025-06-30,15,0,0,summer,8701,,,,
NYC,hour,2025-06-30 16:00:00,2025-06-30,16,0,0,summer,10952,,,,
NYC,hour,2025-06-30 17:00:00,2025-06-30,17,0,0,summer,16474,,,,
NYC,hour,2025-06-30 18:00:00,2025-06-30,18,0,0,summer,13440,,,,
NYC,hour,2025-06-30 19:00:00,2025-06-30,19,0,0,summer,10819,,,,
NYC,hour,2025-06-30 20:00:00,2025-06-30,20,0,0,summer,8853,,,,
NYC,hour,2025-06-30 21:00:00,2025-06-30,21,0,0,summer,6567,,,,
NYC,hour,2025-06-30 22:00:00,2025-06-30,22,0,0,summer,4865,,,,
NYC,hour,2025-06-30 23:00:00,2025-06-30,23,0,0,summer,3232,,,,
NYC,hour,2025-07-01 00:00:00,2025-07-01,0,1,0,summer,1757,,,,
NYC,hour,2025-07-01 01:00:00,2025-07-01,1,1,0,summer,843,,,,
NYC,hour,2025-07-01 02:00:00,2025-07-01,2,1,0,summer,301,,,,
NYC,hour,2025-07-01 03:00:00,2025-07-01,3,1,0,summer,143,,,,
NYC,hour,2025-07-01 04:00:00,2025-07-01,4,1,0,summer,254,,,,
NYC,hour,2025-07-01 05:00:00,2025-07-01,5,1,0,summer,1239,,,,
NYC,hour,2025-07-01 06:00:00,2025-07-01,6,1,0,summer,3673,,,,
NYC,hour,2025-07-01 07:00:00,2025-07-01,7,1,0,summer,7134,,,,
NYC,hour,2025-07-01 08:00:00,2025-07-01,8,1,0,summer,11887,,,,
NYC,hour,2025-07-01 09:00:00,2025-07-01,9,1,0,summer,9381,,,,
NYC,hour,2025-07-01 10:00:00,2025-07-01,10,1,0,summer,6403,,,,
NYC,hour,2025-07-01 11:00:00,2025-07-01,11,1,0,summer,6494,,,,
NYC,hour,2025-07-01 12:00:00,2025-07-01,12,1,0,summer,6955,,,,
NYC,hour,2025-07-01 13:00:00,2025-07-01,13,1,0,summer,7621,,,,
NYC,hour,2025-07-01 14:00:00,2025-07-01,14,1,0,summer,7804,,,,
NYC,hour,2025-07-01 15:00:00,2025-07-01,15,1,0,summer,8435,,,,
NYC,hour,2025-07-01 16:00:00,2025-07-01,16,1,0,summer,9420,,,,
NYC,hour,2025-07-01 17:00:00,2025-07-01,17,1,0,summer,9682,,,,
NYC,hour,2025-07-01 18:00:00,2025-07-01,18,1,0,summer,7264,,,,
NYC,hour,2025-07-01 19:00:00,2025-07-01,19,1,0,summer,4056,,,,
NYC,hour,2025-07-01 20:00:00,2025-07-01,20,1,0,summer,2683,,,,
NYC,hour,2025-07-01 21:00:00,2025-07-01,21,1,0,summer,2342,,,,
NYC,hour,2025-07-01 22:00:00,2025-07-01,22,1,0,summer,3296,,,,
NYC,hour,2025-07-01 23:00:00,2025-07-01,23,1,0,summer,2562,,,,
NYC,hour,2025-07-02 00:00:00,2025-07-02,0,2,0,summer,1493,,,,
NYC,hour,2025-07-02 01:00:00,2025-07-02,1,2,0,summer,745,,,,
NYC,hour,2025-07-02 02:00:00,2025-07-02,2,2,0,summer,388,,,,
NYC,hour,2025-07-02 03:00:00,2025-07-02,3,2,0,summer,293,,,,
NYC,hour,2025-07-02 04:00:00,2025-07-02,4,2,0,summer,380,,,,
NYC,hour,2025-07-02 05:00:00,2025-07-02,5,2,0,summer,1159,,,,
NYC,hour,2025-07-02 06:00:00,2025-07-02,6,2,0,summer,3144,,,,
NYC,hour,2025-07-02 07:00:00,2025-07-02,7,2,0,summer,5513,,,,
NYC,hour,2025-07-02 08:00:00,2025-07-02,8,2,0,summer,9478,,,,
NYC,hour,2025-07-02 09:00:00,2025-07-02,9,2,0,summer,8378,,,,
NYC,hour,2025-07-02 10:00:00,2025-07-02,10,2,0,summer,6061,,,,
NYC,hour,2025-07-02 11:00:00,2025-07-02,11,2,0,summer,6578,,,,
NYC,hour,2025-07-02 12:00:00,2025-07-02,12,2,0,summer,7489,,,,
NYC,hour,2025-07-02 13:00:00,2025-07-02,13,2,0,summer,7729,,,,
NYC,hour,2025-07-02 14:00:00,2025-07-02,14,2,0,summer,8201,,,,
NYC,hour,2025-07-02 15:00:00,2025-07-02,15,2,0,summer,9367,,,,
NYC,hour,2025-07-02 16:00:00,2025-07-02,16,2,0,summer,11635,,,,
NYC,hour,2025-07-02 17:00:00,2025-07-02,17,2,0,summer,16756,,,,
NYC,hour,2025-07-02 18:00:00,2025-07-02,18,2,0,summer,16333,,,,
NYC,hour,2025-07-02 19:00:00,2025-07-02,19,2,0,summer,12886,,,,
NYC,hour,2025-07-02 20:00:00,2025-07-02,20,2,0,summer,9752,,,,
NYC,hour,2025-07-02 21:00:00,2025-07-02,21,2,0,summer,7374,,,,
NYC,hour,2025-07-02 22:00:00,2025-07-02,22,2,0,summer,5683,,,,
NYC,hour,2025-07-02 23:00:00,2025-07-02,23,2,0,summer,3889,,,,
NYC,hour,2025-07-03 00:00:00,2025-07-03,0,3,0,summer,2368,,,,
NYC,hour,2025-07-03 01:00:00,2025-07-03,1,3,0,summer,1282,,,,
NYC,hour,2025-07-03 02:00:00,2025-07-03,2,3,0,summer,701,,,,
NYC,hour,2025-07-03 03:00:00,2025-07-03,3,3,0,summer,434,,,,
NYC,hour,2025-07-03 04:00:00,2025-07-03,4,3,0,summer,518,,,,
NYC,hour,2025-07-03 05:00:00,2025-07-03,5,3,0,summer,1262,,,,
NYC,hour,2025-07-03 06:00:00,2025-07-03,6,3,0,summer,3213,,,,
NYC,hour,2025-07-03 07:00:00,2025-07-03,7,3,0,summer,5798,,,,
NYC,hour,2025-07-03 08:00:00,2025-07-03,8,3,0,summer,8705,,,,
NYC,hour,2025-07-03 09:00:00,2025-07-03,9,3,0,summer,7743,,,,
NYC,hour,2025-07-03 10:00:00,2025-07-03,10,3,0,summer,6848,,,,
NYC,hour,2025-07-03 11:00:00,2025-07-03,11,3,0,summer,6992,,,,
NYC,hour,2025-07-03 12:00:00,2025-07-03,12,3,0,summer,8253,,,,
NYC,hour,2025-07-03 13:00:00,2025-07-03,13,3,0,summer,8974,,,,
NYC,hour,2025-07-03 14:00:00,2025-07-03,14,3,0,summer,9702,,,,
NYC,hour,2025-07-03 15:00:00,2025-07-03,15,3,0,summer,10590,,,,
NYC,hour,2025-07-03 16:00:00,2025-07-03,16,3,0,summer,11717,,,,
NYC,hour,2025-07-03 17:00:00,2025-07-03,17,3,0,summer,12563,,,,
NYC,hour,2025-07-03 18:00:00,2025-07-03,18,3,0,summer,8603,,,,
NYC,hour,2025-07-03 19:00:00,2025-07-03,19,3,0,summer,7811,,,,
NYC,hour,2025-07-03 20:00:00,2025-07-03,20,3,0,summer,6638,,,,
NYC,hour,2025-07-03 21:00:00,2025-07-03,21,3,0,summer,5670,,,,
NYC,hour,2025-07-03 22:00:00,2025-07-03,22,3,0,summer,4823,,,,
NYC,hour,2025-07-03 23:00:00,2025-07-03,23,3,0,summer,3784,,,,
NYC,hour,2025-07-04 00:00:00,2025-07-04,0,4,0,summer,2758,,,,
NYC,hour,2025-07-04 01:00:00,2025-07-04,1,4,0,summer,1867,,,,
NYC,hour,2025-07-04 02:00:00,2025-07-04,2,4,0,summer,1264,,,,
NYC,hour,2025-07-04 03:00:00,2025-07-04,3,4,0,summer,835,,,,
NYC,hour,2025-07-04 04:00:00,2025-07-04,4,4,0,summer,581,,,,
NYC,hour,2025-07-04 05:00:00,2025-07-04,5,4,0,summer,627,,,,
NYC,hour,2025-07-04 06:00:00,2025-07-04,6,4,0,summer,1280,,,,
NYC,hour,2025-07-04 07:00:00,2025-07-04,7,4,0,summer,2190,,,,
NYC,hour,2025-07-04 08:00:00,2025-07-04,8,4,0,summer,3366,,,,
NYC,hour,2025-07-04 09:00:00,2025-07-04,9,4,0,summer,4953,,,,
NYC,hour,2025-07-04 10:00:00,2025-07-04,10,4,0,summer,6308,,,,
NYC,hour,2025-07-04 11:00:00,2025-07-04,11,4,0,summer,7149,,,,
NYC,hour,2025-07-04 12:00:00,2025-07-04,12,4,0,summer,7833,,,,
NYC,hour,2025-07-04 13:00:00,2025-07-04,13,4,0,summer,8581,,,,
NYC,hour,2025-07-04 14:00:00,2025-07-04,14,4,0,summer,8736,,,,
NYC,hour,2025-07-04 15:00:00,2025-07-04,15,4,0,summer,8870,,,,
NYC,hour,2025-07-04 16:00:00,2025-07-04,16,4,0,summer,8441,,,,
NYC,hour,2025-07-04 17:00:00,2025-07-04,17,4,0,summer,8519,,,,
NYC,hour,2025-07-04 18:00:00,2025-07-04,18,4,0,summer,8294,,,,
NYC,hour,2025-07-04 19:00:00,2025-07-04,19,4,0,summer,7834,,,,
NYC,hour,2025-07-04 20:00:00,2025-07-04,20,4,0,summer,7574,,,,
NYC,hour,2025-07-04 21:00:00,2025-07-04,21,4,0,summer,6214,,,,
NYC,hour,2025-07-04 22:00:00,2025-07-04,22,4,0,summer,8043,,,,
NYC,hour,2025-07-04 23:00:00,2025-07-04,23,4,0,summer,5463,,,,
NYC,hour,2025-07-05 00:00:00,2025-07-05,0,5,1,summer,3909,,,,
NYC,hour,2025-07-05 01:00:00,2025-07-05,1,5,1,summer,2537,,,,
NYC,hour,2025-07-05 02:00:00,2025-07-05,2,5,1,summer,1618,,,,
NYC,hour,2025-07-05 03:00:00,2025-07-05,3,5,1,summer,1165,,,,
NYC,hour,2025-07-05 04:00:00,2025-07-05,4,5,1,summer,762,,,,
NYC,hour,2025-07-05 05:00:00,2025-07-05,5,5,1,summer,597,,,,
NYC,hour,2025-07-05 06:00:00,2025-07-05,6,5,1,summer,1073,,,,
NYC,hour,2025-07-05 07:00:00,2025-07-05,7,5,1,summer,1873,,,,
NYC,hour,2025-07-05 08:00:00,2025-07-05,8,5,1,summer,2882,,,,
NYC,hour,2025-07-05 09:00:00,2025-07-05,9,5,1,summer,4598,,,,
NYC,hour,2025-07-05 10:00:00,2025-07-05,10,5,1,summer,6026,,,,
NYC,hour,2025-07-05 11:00:00,2025-07-05,11,5,1,summer,7474,,,,
NYC,hour,2025-07-05 12:00:00,2025-07-05,12,5,1,summer,8413,,,,
NYC,hour,2025-07-05 13:00:00,2025-07-05,13,5,1,summer,8516,,,,
NYC,hour,2025-07-05 14:00:00,2025-07-05,14,5,1,summer,9002,,,,
NYC,hour,2025-07-05 15:00:00,2025-07-05,15,5,1,summer,9529,,,,
NYC,hour,2025-07-05 16:00:00,2025-07-05,16,5,1,summer,9290,,,,
NYC,hour,2025-07-05 17:00:00,2025-07-05,17,5,1,summer,9038,,,,
NYC,hour,2025-07-05 18:00:00,2025-07-05,18,5,1,summer,9319,,,,
NYC,hour,2025-07-05 19:00:00,2025-07-05,19,5,1,summer,8787,,,,
NYC,hour,2025-07-05 20:00:00,2025-07-05,20,5,1,summer,7384,,,,
NYC,hour,2025-07-05 21:00:00,2025-07-05,21,5,1,summer,5923,,,,
NYC,hour,2025-07-05 22:00:00,2025-07-05,22,5,1,summer,5049,,,,
NYC,hour,2025-07-05 23:00:00,2025-07-05,23,5,1,summer,4163,,,,
NYC,hour,2025-07-06 00:00:00,2025-07-06,0,6,1,summer,3078,,,,
NYC,hour,2025-07-06 01:00:00,2025-07-06,1,6,1,summer,2013,,,,
NYC,hour,2025-07-06 02:00:00,2025-07-06,2,6,1,summer,1366,,,,
NYC,hour,2025-07-06 03:00:00,2025-07-06,3,6,1,summer,998,,,,
NYC,hour,2025-07-06 04:00:00,2025-07-06,4,6,1,summer,743,,,,
NYC,hour,2025-07-06 05:00:00,2025-07-06,5,6,1,summer,607,,,,
NYC,hour,2025-07-06 06:00:00,2025-07-06,6,6,1,summer,1136,,,,
NYC,hour,2025-07-06 07:00:00,2025-07-06,7,6,1,summer,1858,,,,
NYC,hour,2025-07-06 08:00:00,2025-07-06,8,6,1,summer,2912,,,,
NYC,hour,2025-07-06 09:00:00,2025-07-06,9,6,1,summer,4670,,,,
NYC,hour,2025-07-06 10:00:00,2025-07-06,10,6,1,summer,6437,,,,
NYC,hour,2025-07-06 11:00:00,2025-07-06,11,6,1,summer,7585,,,,
NYC,hour,2025-07-06 12:00:00,2025-07-06,12,6,1,summer,8865,,,,
NYC,hour,2025-07-06 13:00:00,2025-07-06,13,6,1,summer,9312,,,,
NYC,hour,2025-07-06 14:00:00,2025-07-06,14,6,1,summer,9610,,,,
NYC,hour,2025-07-06 15:00:00,2025-07-06,15,6,1,summer,10054,,,,
NYC,hour,2025-07-06 16:00:00,2025-07-06,16,6,1,summer,10339,,,,
NYC,hour,2025-07-06 17:00:00,2025-07-06,17,6,1,summer,10416,,,,
NYC,hour,2025-07-06 18:00:00,2025-07-06,18,6,1,summer,10149,,,,
NYC,hour,2025-07-06 19:00:00,2025-07-06,19,6,1,summer,9024,,,,
NYC,hour,2025-07-06 20:00:00,2025-07-06,20,6,1,summer,7604,,,,
NYC,hour,2025-07-06 21:00:00,2025-07-06,21,6,1,summer,5889,,,,
NYC,hour,2025-07-06 22:00:00,2025-07-06,22,6,1,summer,4451,,,,
NYC,hour,2025-07-06 23:00:00,2025-07-06,23,6,1,summer,2860,,,,
NYC,hour,2025-07-07 00:00:00,2025-07-07,0,0,0,summer,1745,,,,
NYC,hour,2025-07-07 01:00:00,2025-07-07,1,0,0,summer,851,,,,
NYC,hour,2025-07-07 02:00:00,2025-07-07,2,0,0,summer,546,,,,
NYC,hour,2025-07-07 03:00:00,2025-07-07,3,0,0,summer,330,,,,
NYC,hour,2025-07-07 04:00:00,2025-07-07,4,0,0,summer,449,,,,
NYC,hour,2025-07-07 05:00:00,2025-07-07,5,0,0,summer,1351,,,,
NYC,hour,2025-07-07 06:00:00,2025-07-07,6,0,0,summer,3572,,,,
NYC,hour,2025-07-07 07:00:00,2025-07-07,7,0,0,summer,7035,,,,
NYC,hour,2025-07-07 08:00:00,2025-07-07,8,0,0,summer,10827,,,,
NYC,hour,2025-07-07 09:00:00,2025-07-07,9,0,0,summer,7405,,,,
NYC,hour,2025-07-07 10:00:00,2025-07-07,10,0,0,summer,5541,,,,
NYC,hour,2025-07-07 11:00:00,2025-07-07,11,0,0,summer,5829,,,,
NYC,hour,2025-07-07 12:00:00,2025-07-07,12,0,0,summer,6275,,,,
NYC,hour,2025-07-07 13:00:00,2025-07-07,13,0,0,summer,6783,,,,
NYC,hour,2025-07-07 14:00:00,2025-07-07,14,0,0,summer,7218,,,,
NYC,hour,2025-07-07 15:00:00,2025-07-07,15,0,0,summer,8285,,,,
NYC,hour,2025-07-07 16:00:00,2025-07-07,16,0,0,summer,10483,,,,
NYC,hour,2025-07-07 17:00:00,2025-07-07,17,0,0,summer,15388,,,,
NYC,hour,2025-07-07 18:00:00,2025-07-07,18,0,0,summer,14900,,,,
NYC,hour,2025-07-07 19:00:00,2025-07-07,19,0,0,summer,11582,,,,
NYC,hour,2025-07-07 20:00:00,2025-07-07,20,0,0,summer,8678,,,,
NYC,hour,2025-07-07 21:00:00,2025-07-07,21,0,0,summer,5960,,,,
NYC,hour,2025-07-07 22:00:00,2025-07-07,22,0,0,summer,4274,,,,
NYC,hour,2025-07-07 23:00:00,2025-07-07,23,0,0,summer,2803,,,,
NYC,hour,2025-07-08 00:00:00,2025-07-08,0,1,0,summer,1525,,,,
NYC,hour,2025-07-08 01:00:00,2025-07-08,1,1,0,summer,840,,,,
NYC,hour,2025-07-08 02:00:00,2025-07-08,2,1,0,summer,494,,,,
NYC,hour,2025-07-08 03:00:00,2025-07-08,3,1,0,summer,311,,,,
NYC,hour,2025-07-08 04:00:00,2025-07-08,4,1,0,summer,456,,,,
NYC,hour,2025-07-08 05:00:00,2025-07-08,5,1,0,summer,1523,,,,
NYC,hour,2025-07-08 06:00:00,2025-07-08,6,1,0,summer,4479,,,,
NYC,hour,2025-07-08 07:00:00,2025-07-08,7,1,0,summer,8447,,,,
NYC,hour,2025-07-08 08:00:00,2025-07-08,8,1,0,summer,13168,,,,
NYC,hour,2025-07-08 09:00:00,2025-07-08,9,1,0,summer,9719,,,,
NYC,hour,2025-07-08 10:00:00,2025-07-08,10,1,0,summer,6171,,,,
NYC,hour,2025-07-08 11:00:00,2025-07-08,11,1,0,summer,6185,,,,
NYC,hour,2025-07-08 12:00:00,2025-07-08,12,1,0,summer,6806,,,,
NYC,hour,2025-07-08 13:00:00,2025-07-08,13,1,0,summer,6969,,,,
NYC,hour,2025-07-08 14:00:00,2025-07-08,14,1,0,summer,7286,,,,
NYC,hour,2025-07-08 15:00:00,2025-07-08,15,1,0,summer,8191,,,,
NYC,hour,2025-07-08 16:00:00,2025-07-08,16,1,0,summer,10642,,,,
NYC,hour,2025-07-08 17:00:00,2025-07-08,17,1,0,summer,17476,,,,
NYC,hour,2025-07-08 18:00:00,2025-07-08,18,1,0,summer,16320,,,,
NYC,hour,2025-07-08 19:00:00,2025-07-08,19,1,0,summer,9900,,,,
NYC,hour,2025-07-08 20:00:00,2025-07-08,20,1,0,summer,3209,,,,
NYC,hour,2025-07-08 21:00:00,2025-07-08,21,1,0,summer,5103,,,,
NYC,hour,2025-07-08 22:00:00,2025-07-08,22,1,0,summer,4519,,,,
NYC,hour,2025-07-08 23:00:00,2025-07-08,23,1,0,summer,3018,,,,
NYC,hour,2025-07-09 00:00:00,2025-07-09,0,2,0,summer,1707,,,,
NYC,hour,2025-07-09 01:00:00,2025-07-09,1,2,0,summer,977,,,,
NYC,hour,2025-07-09 02:00:00,2025-07-09,2,2,0,summer,488,,,,
NYC,hour,2025-07-09 03:00:00,2025-07-09,3,2,0,summer,340,,,,
NYC,hour,2025-07-09 04:00:00,2025-07-09,4,2,0,summer,464,,,,
NYC,hour,2025-07-09 05:00:00,2025-07-09,5,2,0,summer,1509,,,,
NYC,hour,2025-07-09 06:00:00,2025-07-09,6,2,0,summer,4416,,,,
NYC,hour,2025-07-09 07:00:00,2025-07-09,7,2,0,summer,8491,,,,
NYC,hour,2025-07-09 08:00:00,2025-07-09,8,2,0,summer,13905,,,,
NYC,hour,2025-07-09 09:00:00,2025-07-09,9,2,0,summer,10267,,,,
NYC,hour,2025-07-09 10:00:00,2025-07-09,10,2,0,summer,6632,,,,
NYC,hour,2025-07-09 11:00:00,2025-07-09,11,2,0,summer,6697,,,,
NYC,hour,2025-07-09 12:00:00,2025-07-09,12,2,0,summer,7344,,,,
NYC,hour,2025-07-09 13:00:00,2025-07-09,13,2,0,summer,7661,,,,
NYC,hour,2025-07-09 14:00:00,2025-07-09,14,2,0,summer,7729,,,,
NYC,hour,2025-07-09 15:00:00,2025-07-09,15,2,0,summer,8708,,,,
NYC,hour,2025-07-09 16:00:00,2025-07-09,16,2,0,summer,11149,,,,
NYC,hour,2025-07-09 17:00:00,2025-07-09,17,2,0,summer,17836,,,,
NYC,hour,2025-07-09 18:00:00,2025-07-09,18,2,0,summer,17739,,,,
NYC,hour,2025-07-09 19:00:00,2025-07-09,19,2,0,summer,14029,,,,
NYC,hour,2025-07-09 20:00:00,2025-07-09,20,2,0,summer,9988,,,,
NYC,hour,2025-07-09 21:00:00,2025-07-09,21,2,0,summer,5606,,,,
NYC,hour,2025-07-09 22:00:00,2025-07-09,22,2,0,summer,4295,,,,
NYC,hour,2025-07-09 23:00:00,2025-07-09,23,2,0,summer,2305,,,,
NYC,hour,2025-07-10 00:00:00,2025-07-10,0,3,0,summer,1028,,,,
NYC,hour,2025-07-10 01:00:00,2025-07-10,1,3,0,summer,833,,,,
NYC,hour,2025-07-10 02:00:00,2025-07-10,2,3,0,summer,426,,,,
NYC,hour,2025-07-10 03:00:00,2025-07-10,3,3,0,summer,280,,,,
NYC,hour,2025-07-10 04:00:00,2025-07-10,4,3,0,summer,379,,,,
NYC,hour,2025-07-10 05:00:00,2025-07-10,5,3,0,summer,1335,,,,
NYC,hour,2025-07-10 06:00:00,2025-07-10,6,3,0,summer,3940,,,,
NYC,hour,2025-07-10 07:00:00,2025-07-10,7,3,0,summer,7524,,,,
NYC,hour,2025-07-10 08:00:00,2025-07-10,8,3,0,summer,12578,,,,
NYC,hour,2025-07-10 09:00:00,2025-07-10,9,3,0,summer,9104,,,,
NYC,hour,2025-07-10 10:00:00,2025-07-10,10,3,0,summer,6517,,,,
NYC,hour,2025-07-10 11:00:00,2025-07-10,11,3,0,summer,6624,,,,
NYC,hour,2025-07-10 12:00:00,2025-07-10,12,3,0,summer,7477,,,,
NYC,hour,2025-07-10 13:00:00,2025-07-10,13,3,0,summer,7733,,,,
NYC,hour,2025-07-10 14:00:00,2025-07-10,14,3,0,summer,8228,,,,
NYC,hour,2025-07-10 15:00:00,2025-07-10,15,3,0,summer,9353,,,,
NYC,hour,2025-07-10 16:00:00,2025-07-10,16,3,0,summer,11671,,,,
NYC,hour,2025-07-10 17:00:00,2025-07-10,17,3,0,summer,17300,,,,
NYC,hour,2025-07-10 18:00:00,2025-07-10,18,3,0,summer,17371,,,,
NYC,hour,2025-07-10 19:00:00,2025-07-10,19,3,0,summer,13602,,,,
NYC,hour,2025-07-10 20:00:00,2025-07-10,20,3,0,summer,10712,,,,
NYC,hour,2025-07-10 21:00:00,2025-07-10,21,3,0,summer,8290,,,,
NYC,hour,2025-07-10 22:00:00,2025-07-10,22,3,0,summer,6739,,,,
NYC,hour,2025-07-10 23:00:00,2025-07-10,23,3,0,summer,4672,,,,
NYC,hour,2025-07-11 00:00:00,2025-07-11,0,4,0,summer,2880,,,,
NYC,hour,2025-07-11 01:00:00,2025-07-11,1,4,0,summer,1535,,,,
NYC,hour,2025-07-11 02:00:00,2025-07-11,2,4,0,summer,901,,,,
NYC,hour,2025-07-11 03:00:00,2025-07-11,3,4,0,summer,517,,,,
NYC,hour,2025-07-11 04:00:00,2025-07-11,4,4,0,summer,530,,,,
NYC,hour,2025-07-11 05:00:00,2025-07-11,5,4,0,summer,1403,,,,
NYC,hour,2025-07-11 06:00:00,2025-07-11,6,4,0,summer,3692,,,,
NYC,hour,2025-07-11 07:00:00,2025-07-11,7,4,0,summer,6395,,,,
NYC,hour,2025-07-11 08:00:00,2025-07-11,8,4,0,summer,10049,,,,
NYC,hour,2025-07-11 09:00:00,2025-07-11,9,4,0,summer,8811,,,,
NYC,hour,2025-07-11 10:00:00,2025-07-11,10,4,0,summer,6991,,,,
NYC,hour,2025-07-11 11:00:00,2025-07-11,11,4,0,summer,7327,,,,
NYC,hour,2025-07-11 12:00:00,2025-07-11,12,4,0,summer,8406,,,,
NYC,hour,2025-07-11 13:00:00,2025-07-11,13,4,0,summer,9233,,,,
NYC,hour,2025-07-11 14:00:00,2025-07-11,14,4,0,summer,9652,,,,
NYC,hour,2025-07-11 15:00:00,2025-07-11,15,4,0,summer,11039,,,,
NYC,hour,2025-07-11 16:00:00,2025-07-11,16,4,0,summer,12860,,,,
NYC,hour,2025-07-11 17:00:00,2025-07-11,17,4,0,summer,15744,,,,
NYC,hour,2025-07-11 18:00:00,2025-07-11,18,4,0,summer,15170,,,,
NYC,hour,2025-07-11 19:00:00,2025-07-11,19,4,0,summer,12692,,,,
NYC,hour,2025-07-11 20:00:00,2025-07-11,20,4,0,summer,10007,,,,
NYC,hour,2025-07-11 21:00:00,2025-07-11,21,4,0,summer,7608,,,,
NYC,hour,2025-07-11 22:00:00,2025-07-11,22,4,0,summer,6687,,,,
NYC,hour,2025-07-11 23:00:00,2025-07-11,23,4,0,summer,5783,,,,
NYC,hour,2025-07-12 00:00:00,2025-07-12,0,5,1,summer,5239,,,,
NYC,hour,2025-07-12 01:00:00,2025-07-12,1,5,1,summer,3778,,,,
NYC,hour,2025-07-12 02:00:00,2025-07-12,2,5,1,summer,2315,,,,
NYC,hour,2025-07-12 03:00:00,2025-07-12,3,5,1,summer,1491,,,,
NYC,hour,2025-07-12 04:00:00,2025-07-12,4,5,1,summer,980,,,,
NYC,hour,2025-07-12 05:00:00,2025-07-12,5,5,1,summer,859,,,,
NYC,hour,2025-07-12 06:00:00,2025-07-12,6,5,1,summer,1565,,,,
NYC,hour,2025-07-12 07:00:00,2025-07-12,7,5,1,summer,2887,,,,
NYC,hour,2025-07-12 08:00:00,2025-07-12,8,5,1,summer,4468,,,,
NYC,hour,2025-07-12 09:00:00,2025-07-12,9,5,1,summer,6952,,,,
NYC,hour,2025-07-12 10:00:00,2025-07-12,10,5,1,summer,9152,,,,
NYC,hour,2025-07-12 11:00:00,2025-07-12,11,5,1,summer,10592,,,,
NYC,hour,2025-07-12 12:00:00,2025-07-12,12,5,1,summer,11517,,,,
NYC,hour,2025-07-12 13:00:00,2025-07-12,13,5,1,summer,12081,,,,
NYC,hour,2025-07-12 14:00:00,2025-07-12,14,5,1,summer,12146,,,,
NYC,hour,2025-07-12 15:00:00,2025-07-12,15,5,1,summer,12822,,,,
NYC,hour,2025-07-12 16:00:00,2025-07-12,16,5,1,summer,12859,,,,
NYC,hour,2025-07-12 17:00:00,2025-07-12,17,5,1,summer,12753,,,,
NYC,hour,2025-07-12 18:00:00,2025-07-12,18,5,1,summer,12511,,,,
NYC,hour,2025-07-12 19:00:00,2025-07-12,19,5,1,summer,11723,,,,
NYC,hour,2025-07-12 20:00:00,2025-07-12,20,5,1,summer,9401,,,,
NYC,hour,2025-07-12 21:00:00,2025-07-12,21,5,1,summer,7536,,,,
NYC,hour,2025-07-12 22:00:00,2025-07-12,22,5,1,summer,6802,,,,
NYC,hour,2025-07-12 23:00:00,2025-07-12,23,5,1,summer,5856,,,,
NYC,hour,2025-07-13 00:00:00,2025-07-13,0,6,1,summer,4629,,,,
NYC,hour,2025-07-13 01:00:00,2025-07-13,1,6,1,summer,3320,,,,
NYC,hour,2025-07-13 02:00:00,2025-07-13,2,6,1,summer,2263,,,,
NYC,hour,2025-07-13 03:00:00,2025-07-13,3,6,1,summer,1574,,,,
NYC,hour,2025-07-13 04:00:00,2025-07-13,4,6,1,summer,1036,,,,
NYC,hour,2025-07-13 05:00:00,2025-07-13,5,6,1,summer,760,,,,
NYC,hour,2025-07-13 06:00:00,2025-07-13,6,6,1,summer,1182,,,,
NYC,hour,2025-07-13 07:00:00,2025-07-13,7,6,1,summer,2066,,,,
NYC,hour,2025-07-13 08:00:00,2025-07-13,8,6,1,summer,3503,,,,
NYC,hour,2025-07-13 09:00:00,2025-07-13,9,6,1,summer,5673,,,,
NYC,hour,2025-07-13 10:00:00,2025-07-13,10,6,1,summer,8116,,,,
NYC,hour,2025-07-13 11:00:00,2025-07-13,11,6,1,summer,9533,,,,
NYC,hour,2025-07-13 12:00:00,2025-07-13,12,6,1,summer,10567,,,,
NYC,hour,2025-07-13 13:00:00,2025-07-13,13,6,1,summer,11476,,,,
NYC,hour,2025-07-13 14:00:00,2025-07-13,14,6,1,summer,11935,,,,
NYC,hour,2025-07-13 15:00:00,2025-07-13,15,6,1,summer,12436,,,,
NYC,hour,2025-07-13 16:00:00,2025-07-13,16,6,1,summer,12071,,,,
NYC,hour,2025-07-13 17:00:00,2025-07-13,17,6,1,summer,12555,,,,
NYC,hour,2025-07-13 18:00:00,2025-07-13,18,6,1,summer,12433,,,,
NYC,hour,2025-07-13 19:00:00,2025-07-13,19,6,1,summer,10989,,,,
NYC,hour,2025-07-13 20:00:00,2025-07-13,20,6,1,summer,9325,,,,
NYC,hour,2025-07-13 21:00:00,2025-07-13,21,6,1,summer,6448,,,,
NYC,hour,2025-07-13 22:00:00,2025-07-13,22,6,1,summer,5072,,,,
NYC,hour,2025-07-13 23:00:00,2025-07-13,23,6,1,summer,3551,,,,
NYC,hour,2025-07-14 00:00:00,2025-07-14,0,0,0,summer,1921,,,,
NYC,hour,2025-07-14 01:00:00,2025-07-14,1,0,0,summer,728,,,,
NYC,hour,2025-07-14 02:00:00,2025-07-14,2,0,0,summer,394,,,,
NYC,hour,2025-07-14 03:00:00,2025-07-14,3,0,0,summer,280,,,,
NYC,hour,2025-07-14 04:00:00,2025-07-14,4,0,0,summer,451,,,,
NYC,hour,2025-07-14 05:00:00,2025-07-14,5,0,0,summer,1350,,,,
NYC,hour,2025-07-14 06:00:00,2025-07-14,6,0,0,summer,3845,,,,
NYC,hour,2025-07-14 07:00:00,2025-07-14,7,0,0,summer,7516,,,,
NYC,hour,2025-07-14 08:00:00,2025-07-14,8,0,0,summer,11862,,,,
NYC,hour,2025-07-14 09:00:00,2025-07-14,9,0,0,summer,9130,,,,
NYC,hour,2025-07-14 10:00:00,2025-07-14,10,0,0,summer,6003,,,,
NYC,hour,2025-07-14 11:00:00,2025-07-14,11,0,0,summer,6287,,,,
NYC,hour,2025-07-14 12:00:00,2025-07-14,12,0,0,summer,7119,,,,
NYC,hour,2025-07-14 13:00:00,2025-07-14,13,0,0,summer,7310,,,,
NYC,hour,2025-07-14 14:00:00,2025-07-14,14,0,0,summer,7736,,,,
NYC,hour,2025-07-14 15:00:00,2025-07-14,15,0,0,summer,8739,,,,
NYC,hour,2025-07-14 16:00:00,2025-07-14,16,0,0,summer,10344,,,,
NYC,hour,2025-07-14 17:00:00,2025-07-14,17,0,0,summer,9402,,,,
NYC,hour,2025-07-14 18:00:00,2025-07-14,18,0,0,summer,5887,,,,
NYC,hour,2025-07-14 19:00:00,2025-07-14,19,0,0,summer,1719,,,,
NYC,hour,2025-07-14 20:00:00,2025-07-14,20,0,0,summer,1258,,,,
NYC,hour,2025-07-14 21:00:00,2025-07-14,21,0,0,summer,1730,,,,
NYC,hour,2025-07-14 22:00:00,2025-07-14,22,0,0,summer,1704,,,,
NYC,hour,2025-07-14 23:00:00,2025-07-14,23,0,0,summer,1488,,,,
NYC,hour,2025-07-15 00:00:00,2025-07-15,0,1,0,summer,1060,,,,
NYC,hour,2025-07-15 01:00:00,2025-07-15,1,1,0,summer,538,,,,
NYC,hour,2025-07-15 02:00:00,2025-07-15,2,1,0,summer,363,,,,
NYC,hour,2025-07-15 03:00:00,2025-07-15,3,1,0,summer,250,,,,
NYC,hour,2025-07-15 04:00:00,2025-07-15,4,1,0,summer,402,,,,
NYC,hour,2025-07-15 05:00:00,2025-07-15,5,1,0,summer,1449,,,,
NYC,hour,2025-07-15 06:00:00,2025-07-15,6,1,0,summer,4392,,,,
NYC,hour,2025-07-15 07:00:00,2025-07-15,7,1,0,summer,8333,,,,
NYC,hour,2025-07-15 08:00:00,2025-07-15,8,1,0,summer,13138,,,,
NYC,hour,2025-07-15 09:00:00,2025-07-15,9,1,0,summer,9425,,,,
NYC,hour,2025-07-15 10:00:00,2025-07-15,10,1,0,summer,6391,,,,
NYC,hour,2025-07-15 11:00:00,2025-07-15,11,1,0,summer,6261,,,,
NYC,hour,2025-07-15 12:00:00,2025-07-15,12,1,0,summer,7191,,,,
NYC,hour,2025-07-15 13:00:00,2025-07-15,13,1,0,summer,7485,,,,
NYC,hour,2025-07-15 14:00:00,2025-07-15,14,1,0,summer,8037,,,,
NYC,hour,2025-07-15 15:00:00,2025-07-15,15,1,0,summer,9238,,,,
NYC,hour,2025-07-15 16:00:00,2025-07-15,16,1,0,summer,11855,,,,
NYC,hour,2025-07-15 17:00:00,2025-07-15,17,1,0,summer,18510,,,,
NYC,hour,2025-07-15 18:00:00,2025-07-15,18,1,0,summer,18452,,,,
NYC,hour,2025-07-15 19:00:00,2025-07-15,19,1,0,summer,14314,,,,
NYC,hour,2025-07-15 20:00:00,2025-07-15,20,1,0,summer,11038,,,,
NYC,hour,2025-07-15 21:00:00,2025-07-15,21,1,0,summer,8303,,,,
NYC,hour,2025-07-15 22:00:00,2025-07-15,22,1,0,summer,6285,,,,
NYC,hour,2025-07-15 23:00:00,2025-07-15,23,1,0,summer,3790,,,,
NYC,hour,2025-07-16 00:00:00,2025-07-16,0,2,0,summer,2183,,,,
NYC,hour,2025-07-16 01:00:00,2025-07-16,1,2,0,summer,1103,,,,
NYC,hour,2025-07-16 02:00:00,2025-07-16,2,2,0,summer,630,,,,
NYC,hour,2025-07-16 03:00:00,2025-07-16,3,2,0,summer,353,,,,
NYC,hour,2025-07-16 04:00:00,2025-07-16,4,2,0,summer,490,,,,
NYC,hour,2025-07-16 05:00:00,2025-07-16,5,2,0,summer,1607,,,,
NYC,hour,2025-07-16 06:00:00,2025-07-16,6,2,0,summer,4608,,,,
NYC,hour,2025-07-16 07:00:00,2025-07-16,7,2,0,summer,8826,,,,
NYC,hour,2025-07-16 08:00:00,2025-07-16,8,2,0,summer,13964,,,,
NYC,hour,2025-07-16 09:00:00,2025-07-16,9,2,0,summer,10574,,,,
NYC,hour,2025-07-16 10:00:00,2025-07-16,10,2,0,summer,7104,,,,
NYC,hour,2025-07-16 11:00:00,2025-07-16,11,2,0,summer,6732,,,,
NYC,hour,2025-07-16 12:00:00,2025-07-16,12,2,0,summer,7526,,,,
NYC,hour,2025-07-16 13:00:00,2025-07-16,13,2,0,summer,7961,,,,
NYC,hour,2025-07-16 14:00:00,2025-07-16,14,2,0,summer,8026,,,,
NYC,hour,2025-07-16 15:00:00,2025-07-16,15,2,0,summer,9029,,,,
NYC,hour,2025-07-16 16:00:00,2025-07-16,16,2,0,summer,11778,,,,
NYC,hour,2025-07-16 17:00:00,2025-07-16,17,2,0,summer,18513,,,,
NYC,hour,2025-07-16 18:00:00,2025-07-16,18,2,0,summer,18257,,,,
NYC,hour,2025-07-16 19:00:00,2025-07-16,19,2,0,summer,14165,,,,
NYC,hour,2025-07-16 20:00:00,2025-07-16,20,2,0,summer,10460,,,,
NYC,hour,2025-07-16 21:00:00,2025-07-16,21,2,0,summer,8177,,,,
NYC,hour,2025-07-16 22:00:00,2025-07-16,22,2,0,summer,6325,,,,
NYC,hour,2025-07-16 23:00:00,2025-07-16,23,2,0,summer,3976,,,,
NYC,hour,2025-07-17 00:00:00,2025-07-17,0,3,0,summer,2163,,,,
NYC,hour,2025-07-17 01:00:00,2025-07-17,1,3,0,summer,1104,,,,
NYC,hour,2025-07-17 02:00:00,2025-07-17,2,3,0,summer,633,,,,
NYC,hour,2025-07-17 03:00:00,2025-07-17,3,3,0,summer,424,,,,
NYC,hour,2025-07-17 04:00:00,2025-07-17,4,3,0,summer,521,,,,
NYC,hour,2025-07-17 05:00:00,2025-07-17,5,3,0,summer,1404,,,,
NYC,hour,2025-07-17 06:00:00,2025-07-17,6,3,0,summer,4180,,,,
NYC,hour,2025-07-17 07:00:00,2025-07-17,7,3,0,summer,7662,,,,
NYC,hour,2025-07-17 08:00:00,2025-07-17,8,3,0,summer,12695,,,,
NYC,hour,2025-07-17 09:00:00,2025-07-17,9,3,0,summer,10388,,,,
NYC,hour,2025-07-17 10:00:00,2025-07-17,10,3,0,summer,7104,,,,
NYC,hour,2025-07-17 11:00:00,2025-07-17,11,3,0,summer,6824,,,,
NYC,hour,2025-07-17 12:00:00,2025-07-17,12,3,0,summer,7665,,,,
NYC,hour,2025-07-17 13:00:00,2025-07-17,13,3,0,summer,7868,,,,
NYC,hour,2025-07-17 14:00:00,2025-07-17,14,3,0,summer,8465,,,,
NYC,hour,2025-07-17 15:00:00,2025-07-17,15,3,0,summer,9141,,,,
NYC,hour,2025-07-17 16:00:00,2025-07-17,16,3,0,summer,11582,,,,
NYC,hour,2025-07-17 17:00:00,2025-07-17,17,3,0,summer,17615,,,,
NYC,hour,2025-07-17 18:00:00,2025-07-17,18,3,0,summer,17639,,,,
NYC,hour,2025-07-17 19:00:00,2025-07-17,19,3,0,summer,13764,,,,
NYC,hour,2025-07-17 20:00:00,2025-07-17,20,3,0,summer,10744,,,,
NYC,hour,2025-07-17 21:00:00,2025-07-17,21,3,0,summer,8169,,,,
NYC,hour,2025-07-17 22:00:00,2025-07-17,22,3,0,summer,6889,,,,
NYC,hour,2025-07-17 23:00:00,2025-07-17,23,3,0,summer,4729,,,,
NYC,hour,2025-07-18 00:00:00,2025-07-18,0,4,0,summer,2793,,,,
NYC,hour,2025-07-18 01:00:00,2025-07-18,1,4,0,summer,1599,,,,
NYC,hour,2025-07-18 02:00:00,2025-07-18,2,4,0,summer,967,,,,
NYC,hour,2025-07-18 03:00:00,2025-07-18,3,4,0,summer,587,,,,
NYC,hour,2025-07-18 04:00:00,2025-07-18,4,4,0,summer,587,,,,
NYC,hour,2025-07-18 05:00:00,2025-07-18,5,4,0,summer,1375,,,,
NYC,hour,2025-07-18 06:00:00,2025-07-18,6,4,0,summer,3732,,,,
NYC,hour,2025-07-18 07:00:00,2025-07-18,7,4,0,summer,6503,,,,
NYC,hour,2025-07-18 08:00:00,2025-07-18,8,4,0,summer,10073,,,,
NYC,hour,2025-07-18 09:00:00,2025-07-18,9,4,0,summer,8798,,,,
NYC,hour,2025-07-18 10:00:00,2025-07-18,10,4,0,summer,7241,,,,
NYC,hour,2025-07-18 11:00:00,2025-07-18,11,4,0,summer,7413,,,,
NYC,hour,2025-07-18 12:00:00,2025-07-18,12,4,0,summer,8746,,,,
NYC,hour,2025-07-18 13:00:00,2025-07-18,13,4,0,summer,9360,,,,
NYC,hour,2025-07-18 14:00:00,2025-07-18,14,4,0,summer,10239,,,,
NYC,hour,2025-07-18 15:00:00,2025-07-18,15,4,0,summer,11473,,,,
NYC,hour,2025-07-18 16:00:00,2025-07-18,16,4,0,summer,13512,,,,
NYC,hour,2025-07-18 17:00:00,2025-07-18,17,4,0,summer,16026,,,,
NYC,hour,2025-07-18 18:00:00,2025-07-18,18,4,0,summer,15249,,,,
NYC,hour,2025-07-18 19:00:00,2025-07-18,19,4,0,summer,13056,,,,
NYC,hour,2025-07-18 20:00:00,2025-07-18,20,4,0,summer,10074,,,,
NYC,hour,2025-07-18 21:00:00,2025-07-18,21,4,0,summer,7586,,,,
NYC,hour,2025-07-18 22:00:00,2025-07-18,22,4,0,summer,7009,,,,
NYC,hour,2025-07-18 23:00:00,2025-07-18,23,4,0,summer,5941,,,,
NYC,hour,2025-07-19 00:00:00,2025-07-19,0,5,1,summer,4534,,,,
NYC,hour,2025-07-19 01:00:00,2025-07-19,1,5,1,summer,3279,,,,
NYC,hour,2025-07-19 02:00:00,2025-07-19,2,5,1,summer,2242,,,,
NYC,hour,2025-07-19 03:00:00,2025-07-19,3,5,1,summer,1422,,,,
NYC,hour,2025-07-19 04:00:00,2025-07-19,4,5,1,summer,1034,,,,
NYC,hour,2025-07-19 05:00:00,2025-07-19,5,5,1,summer,818,,,,
NYC,hour,2025-07-19 06:00:00,2025-07-19,6,5,1,summer,1532,,,,
NYC,hour,2025-07-19 07:00:00,2025-07-19,7,5,1,summer,2817,,,,
NYC,hour,2025-07-19 08:00:00,2025-07-19,8,5,1,summer,4551,,,,
NYC,hour,2025-07-19 09:00:00,2025-07-19,9,5,1,summer,7044,,,,
NYC,hour,2025-07-19 10:00:00,2025-07-19,10,5,1,summer,9185,,,,
NYC,hour,2025-07-19 11:00:00,2025-07-19,11,5,1,summer,10601,,,,
NYC,hour,2025-07-19 12:00:00,2025-07-19,12,5,1,summer,11769,,,,
NYC,hour,2025-07-19 13:00:00,2025-07-19,13,5,1,summer,11972,,,,
NYC,hour,2025-07-19 14:00:00,2025-07-19,14,5,1,summer,11826,,,,
NYC,hour,2025-07-19 15:00:00,2025-07-19,15,5,1,summer,11635,,,,
NYC,hour,2025-07-19 16:00:00,2025-07-19,16,5,1,summer,11756,,,,
NYC,hour,2025-07-19 17:00:00,2025-07-19,17,5,1,summer,12089,,,,
NYC,hour,2025-07-19 18:00:00,2025-07-19,18,5,1,summer,11977,,,,
NYC,hour,2025-07-19 19:00:00,2025-07-19,19,5,1,summer,10750,,,,
NYC,hour,2025-07-19 20:00:00,2025-07-19,20,5,1,summer,8712,,,,
NYC,hour,2025-07-19 21:00:00,2025-07-19,21,5,1,summer,7129,,,,
NYC,hour,2025-07-19 22:00:00,2025-07-19,22,5,1,summer,6236,,,,
NYC,hour,2025-07-19 23:00:00,2025-07-19,23,5,1,summer,5409,,,,
NYC,hour,2025-07-20 00:00:00,2025-07-20,0,6,1,summer,4281,,,,
NYC,hour,2025-07-20 01:00:00,2025-07-20,1,6,1,summer,3223,,,,
NYC,hour,2025-07-20 02:00:00,2025-07-20,2,6,1,summer,2363,,,,
NYC,hour,2025-07-20 03:00:00,2025-07-20,3,6,1,summer,1478,,,,
NYC,hour,2025-07-20 04:00:00,2025-07-20,4,6,1,summer,1019,,,,
NYC,hour,2025-07-20 05:00:00,2025-07-20,5,6,1,summer,626,,,,
NYC,hour,2025-07-20 06:00:00,2025-07-20,6,6,1,summer,1188,,,,
NYC,hour,2025-07-20 07:00:00,2025-07-20,7,6,1,summer,2011,,,,
NYC,hour,2025-07-20 08:00:00,2025-07-20,8,6,1,summer,3400,,,,
NYC,hour,2025-07-20 09:00:00,2025-07-20,9,6,1,summer,5544,,,,
NYC,hour,2025-07-20 10:00:00,2025-07-20,10,6,1,summer,7757,,,,
NYC,hour,2025-07-20 11:00:00,2025-07-20,11,6,1,summer,9518,,,,
NYC,hour,2025-07-20 12:00:00,2025-07-20,12,6,1,summer,9066,,,,
NYC,hour,2025-07-20 13:00:00,2025-07-20,13,6,1,summer,11077,,,,
NYC,hour,2025-07-20 14:00:00,2025-07-20,14,6,1,summer,11480,,,,
NYC,hour,2025-07-20 15:00:00,2025-07-20,15,6,1,summer,12205,,,,
NYC,hour,2025-07-20 16:00:00,2025-07-20,16,6,1,summer,11830,,,,
NYC,hour,2025-07-20 17:00:00,2025-07-20,17,6,1,summer,11836,,,,
NYC,hour,2025-07-20 18:00:00,2025-07-20,18,6,1,summer,11318,,,,
NYC,hour,2025-07-20 19:00:00,2025-07-20,19,6,1,summer,10145,,,,
NYC,hour,2025-07-20 20:00:00,2025-07-20,20,6,1,summer,8439,,,,
NYC,hour,2025-07-20 21:00:00,2025-07-20,21,6,1,summer,6308,,,,
NYC,hour,2025-07-20 22:00:00,2025-07-20,22,6,1,summer,4653,,,,
NYC,hour,2025-07-20 23:00:00,2025-07-20,23,6,1,summer,3254,,,,
NYC,hour,2025-07-21 00:00:00,2025-07-21,0,0,0,summer,1838,,,,
NYC,hour,2025-07-21 01:00:00,2025-07-21,1,0,0,summer,987,,,,
NYC,hour,2025-07-21 02:00:00,2025-07-21,2,0,0,summer,558,,,,
NYC,hour,2025-07-21 03:00:00,2025-07-21,3,0,0,summer,377,,,,
NYC,hour,2025-07-21 04:00:00,2025-07-21,4,0,0,summer,521,,,,
NYC,hour,2025-07-21 05:00:00,2025-07-21,5,0,0,summer,1438,,,,
NYC,hour,2025-07-21 06:00:00,2025-07-21,6,0,0,summer,3945,,,,
NYC,hour,2025-07-21 07:00:00,2025-07-21,7,0,0,summer,7653,,,,
NYC,hour,2025-07-21 08:00:00,2025-07-21,8,0,0,summer,11789,,,,
NYC,hour,2025-07-21 09:00:00,2025-07-21,9,0,0,summer,8888,,,,
NYC,hour,2025-07-21 10:00:00,2025-07-21,10,0,0,summer,6358,,,,
NYC,hour,2025-07-21 11:00:00,2025-07-21,11,0,0,summer,6247,,,,
NYC,hour,2025-07-21 12:00:00,2025-07-21,12,0,0,summer,7247,,,,
NYC,hour,2025-07-21 13:00:00,2025-07-21,13,0,0,summer,7503,,,,
NYC,hour,2025-07-21 14:00:00,2025-07-21,14,0,0,summer,7876,,,,
NYC,hour,2025-07-21 15:00:00,2025-07-21,15,0,0,summer,8866,,,,
NYC,hour,2025-07-21 16:00:00,2025-07-21,16,0,0,summer,11313,,,,
NYC,hour,2025-07-21 17:00:00,2025-07-21,17,0,0,summer,17847,,,,
NYC,hour,2025-07-21 18:00:00,2025-07-21,18,0,0,summer,16933,,,,
NYC,hour,2025-07-21 19:00:00,2025-07-21,19,0,0,summer,13148,,,,
NYC,hour,2025-07-21 20:00:00,2025-07-21,20,0,0,summer,9861,,,,
NYC,hour,2025-07-21 21:00:00,2025-07-21,21,0,0,summer,7059,,,,
NYC,hour,2025-07-21 22:00:00,2025-07-21,22,0,0,summer,5211,,,,
NYC,hour,2025-07-21 23:00:00,2025-07-21,23,0,0,summer,3144,,,,
NYC,hour,2025-07-22 00:00:00,2025-07-22,0,1,0,summer,1764,,,,
NYC,hour,2025-07-22 01:00:00,2025-07-22,1,1,0,summer,915,,,,
NYC,hour,2025-07-22 02:00:00,2025-07-22,2,1,0,summer,543,,,,
NYC,hour,2025-07-22 03:00:00,2025-07-22,3,1,0,summer,319,,,,
NYC,hour,2025-07-22 04:00:00,2025-07-22,4,1,0,summer,453,,,,
NYC,hour,2025-07-22 05:00:00,2025-07-22,5,1,0,summer,1544,,,,
NYC,hour,2025-07-22 06:00:00,2025-07-22,6,1,0,summer,4652,,,,
NYC,hour,2025-07-22 07:00:00,2025-07-22,7,1,0,summer,8766,,,,
NYC,hour,2025-07-22 08:00:00,2025-07-22,8,1,0,summer,13868,,,,
NYC,hour,2025-07-22 09:00:00,2025-07-22,9,1,0,summer,10154,,,,
NYC,hour,2025-07-22 10:00:00,2025-07-22,10,1,0,summer,6724,,,,
NYC,hour,2025-07-22 11:00:00,2025-07-22,11,1,0,summer,6661,,,,
NYC,hour,2025-07-22 12:00:00,2025-07-22,12,1,0,summer,7511,,,,
NYC,hour,2025-07-22 13:00:00,2025-07-22,13,1,0,summer,7956,,,,
NYC,hour,2025-07-22 14:00:00,2025-07-22,14,1,0,summer,8340,,,,
NYC,hour,2025-07-22 15:00:00,2025-07-22,15,1,0,summer,9650,,,,
NYC,hour,2025-07-22 16:00:00,2025-07-22,16,1,0,summer,12318,,,,
NYC,hour,2025-07-22 17:00:00,2025-07-22,17,1,0,summer,19232,,,,
NYC,hour,2025-07-22 18:00:00,2025-07-22,18,1,0,summer,18596,,,,
NYC,hour,2025-07-22 19:00:00,2025-07-22,19,1,0,summer,14005,,,,
NYC,hour,2025-07-22 20:00:00,2025-07-22,20,1,0,summer,10604,,,,
NYC,hour,2025-07-22 21:00:00,2025-07-22,21,1,0,summer,7727,,,,
NYC,hour,2025-07-22 22:00:00,2025-07-22,22,1,0,summer,6394,,,,
NYC,hour,2025-07-22 23:00:00,2025-07-22,23,1,0,summer,3869,,,,
NYC,hour,2025-07-23 00:00:00,2025-07-23,0,2,0,summer,2084,,,,
NYC,hour,2025-07-23 01:00:00,2025-07-23,1,2,0,summer,995,,,,
NYC,hour,2025-07-23 02:00:00,2025-07-23,2,2,0,summer,576,,,,
NYC,hour,2025-07-23 03:00:00,2025-07-23,3,2,0,summer,365,,,,
NYC,hour,2025-07-23 04:00:00,2025-07-23,4,2,0,summer,501,,,,
NYC,hour,2025-07-23 05:00:00,2025-07-23,5,2,0,summer,1568,,,,
NYC,hour,2025-07-23 06:00:00,2025-07-23,6,2,0,summer,4395,,,,
NYC,hour,2025-07-23 07:00:00,2025-07-23,7,2,0,summer,8823,,,,
NYC,hour,2025-07-23 08:00:00,2025-07-23,8,2,0,summer,14078,,,,
NYC,hour,2025-07-23 09:00:00,2025-07-23,9,2,0,summer,10459,,,,
NYC,hour,2025-07-23 10:00:00,2025-07-23,10,2,0,summer,7118,,,,
NYC,hour,2025-07-23 11:00:00,2025-07-23,11,2,0,summer,6904,,,,
NYC,hour,2025-07-23 12:00:00,2025-07-23,12,2,0,summer,7751,,,,
NYC,hour,2025-07-23 13:00:00,2025-07-23,13,2,0,summer,8107,,,,
NYC,hour,2025-07-23 14:00:00,2025-07-23,14,2,0,summer,8635,,,,
NYC,hour,2025-07-23 15:00:00,2025-07-23,15,2,0,summer,9658,,,,
NYC,hour,2025-07-23 16:00:00,2025-07-23,16,2,0,summer,12432,,,,
NYC,hour,2025-07-23 17:00:00,2025-07-23,17,2,0,summer,18839,,,,
NYC,hour,2025-07-23 18:00:00,2025-07-23,18,2,0,summer,18845,,,,
NYC,hour,2025-07-23 19:00:00,2025-07-23,19,2,0,summer,14325,,,,
NYC,hour,2025-07-23 20:00:00,2025-07-23,20,2,0,summer,10785,,,,
NYC,hour,2025-07-23 21:00:00,2025-07-23,21,2,0,summer,8103,,,,
NYC,hour,2025-07-23 22:00:00,2025-07-23,22,2,0,summer,6481,,,,
NYC,hour,2025-07-23 23:00:00,2025-07-23,23,2,0,summer,4252,,,,
NYC,hour,2025-07-24 00:00:00,2025-07-24,0,3,0,summer,2245,,,,
NYC,hour,2025-07-24 01:00:00,2025-07-24,1,3,0,summer,1182,,,,
NYC,hour,2025-07-24 02:00:00,2025-07-24,2,3,0,summer,683,,,,
NYC,hour,2025-07-24 03:00:00,2025-07-24,3,3,0,summer,385,,,,
NYC,hour,2025-07-24 04:00:00,2025-07-24,4,3,0,summer,474,,,,
NYC,hour,2025-07-24 05:00:00,2025-07-24,5,3,0,summer,1521,,,,
NYC,hour,2025-07-24 06:00:00,2025-07-24,6,3,0,summer,4247,,,,
NYC,hour,2025-07-24 07:00:00,2025-07-24,7,3,0,summer,8240,,,,
NYC,hour,2025-07-24 08:00:00,2025-07-24,8,3,0,summer,13463,,,,
NYC,hour,2025-07-24 09:00:00,2025-07-24,9,3,0,summer,10546,,,,
NYC,hour,2025-07-24 10:00:00,2025-07-24,10,3,0,summer,7048,,,,
NYC,hour,2025-07-24 11:00:00,2025-07-24,11,3,0,summer,7087,,,,
NYC,hour,2025-07-24 12:00:00,2025-07-24,12,3,0,summer,7884,,,,
NYC,hour,2025-07-24 13:00:00,2025-07-24,13,3,0,summer,8154,,,,
NYC,hour,2025-07-24 14:00:00,2025-07-24,14,3,0,summer,8495,,,,
NYC,hour,2025-07-24 15:00:00,2025-07-24,15,3,0,summer,9563,,,,
NYC,hour,2025-07-24 16:00:00,2025-07-24,16,3,0,summer,11953,,,,
NYC,hour,2025-07-24 17:00:00,2025-07-24,17,3,0,summer,18357,,,,
NYC,hour,2025-07-24 18:00:00,2025-07-24,18,3,0,summer,17964,,,,
NYC,hour,2025-07-24 19:00:00,2025-07-24,19,3,0,summer,14223,,,,
NYC,hour,2025-07-24 20:00:00,2025-07-24,20,3,0,summer,10930,,,,
NYC,hour,2025-07-24 21:00:00,2025-07-24,21,3,0,summer,8216,,,,
NYC,hour,2025-07-24 22:00:00,2025-07-24,22,3,0,summer,6816,,,,
NYC,hour,2025-07-24 23:00:00,2025-07-24,23,3,0,summer,4799,,,,
NYC,hour,2025-07-25 00:00:00,2025-07-25,0,4,0,summer,2927,,,,
NYC,hour,2025-07-25 01:00:00,2025-07-25,1,4,0,summer,1561,,,,
NYC,hour,2025-07-25 02:00:00,2025-07-25,2,4,0,summer,954,,,,
NYC,hour,2025-07-25 03:00:00,2025-07-25,3,4,0,summer,560,,,,
NYC,hour,2025-07-25 04:00:00,2025-07-25,4,4,0,summer,569,,,,
NYC,hour,2025-07-25 05:00:00,2025-07-25,5,4,0,summer,1349,,,,
NYC,hour,2025-07-25 06:00:00,2025-07-25,6,4,0,summer,3652,,,,
NYC,hour,2025-07-25 07:00:00,2025-07-25,7,4,0,summer,6866,,,,
NYC,hour,2025-07-25 08:00:00,2025-07-25,8,4,0,summer,10743,,,,
NYC,hour,2025-07-25 09:00:00,2025-07-25,9,4,0,summer,9305,,,,
NYC,hour,2025-07-25 10:00:00,2025-07-25,10,4,0,summer,7142,,,,
NYC,hour,2025-07-25 11:00:00,2025-07-25,11,4,0,summer,7492,,,,
NYC,hour,2025-07-25 12:00:00,2025-07-25,12,4,0,summer,8255,,,,
NYC,hour,2025-07-25 13:00:00,2025-07-25,13,4,0,summer,9122,,,,
NYC,hour,2025-07-25 14:00:00,2025-07-25,14,4,0,summer,9497,,,,
NYC,hour,2025-07-25 15:00:00,2025-07-25,15,4,0,summer,8659,,,,
NYC,hour,2025-07-25 16:00:00,2025-07-25,16,4,0,summer,8055,,,,
NYC,hour,2025-07-25 17:00:00,2025-07-25,17,4,0,summer,13765,,,,
NYC,hour,2025-07-25 18:00:00,2025-07-25,18,4,0,summer,13541,,,,
NYC,hour,2025-07-25 19:00:00,2025-07-25,19,4,0,summer,11363,,,,
NYC,hour,2025-07-25 20:00:00,2025-07-25,20,4,0,summer,8980,,,,
NYC,hour,2025-07-25 21:00:00,2025-07-25,21,4,0,summer,7267,,,,
NYC,hour,2025-07-25 22:00:00,2025-07-25,22,4,0,summer,6698,,,,
NYC,hour,2025-07-25 23:00:00,2025-07-25,23,4,0,summer,5835,,,,
NYC,hour,2025-07-26 00:00:00,2025-07-26,0,5,1,summer,4487,,,,
NYC,hour,2025-07-26 01:00:00,2025-07-26,1,5,1,summer,3331,,,,
NYC,hour,2025-07-26 02:00:00,2025-07-26,2,5,1,summer,2236,,,,
NYC,hour,2025-07-26 03:00:00,2025-07-26,3,5,1,summer,1409,,,,
NYC,hour,2025-07-26 04:00:00,2025-07-26,4,5,1,summer,931,,,,
NYC,hour,2025-07-26 05:00:00,2025-07-26,5,5,1,summer,750,,,,
NYC,hour,2025-07-26 06:00:00,2025-07-26,6,5,1,summer,1543,,,,
NYC,hour,2025-07-26 07:00:00,2025-07-26,7,5,1,summer,2737,,,,
NYC,hour,2025-07-26 08:00:00,2025-07-26,8,5,1,summer,4838,,,,
NYC,hour,2025-07-26 09:00:00,2025-07-26,9,5,1,summer,7465,,,,
NYC,hour,2025-07-26 10:00:00,2025-07-26,10,5,1,summer,9580,,,,
NYC,hour,2025-07-26 11:00:00,2025-07-26,11,5,1,summer,11180,,,,
NYC,hour,2025-07-26 12:00:00,2025-07-26,12,5,1,summer,12188,,,,
NYC,hour,2025-07-26 13:00:00,2025-07-26,13,5,1,summer,12548,,,,
NYC,hour,2025-07-26 14:00:00,2025-07-26,14,5,1,summer,12702,,,,
NYC,hour,2025-07-26 15:00:00,2025-07-26,15,5,1,summer,12647,,,,
NYC,hour,2025-07-26 16:00:00,2025-07-26,16,5,1,summer,12609,,,,
NYC,hour,2025-07-26 17:00:00,2025-07-26,17,5,1,summer,12248,,,,
NYC,hour,2025-07-26 18:00:00,2025-07-26,18,5,1,summer,12289,,,,
NYC,hour,2025-07-26 19:00:00,2025-07-26,19,5,1,summer,10868,,,,
NYC,hour,2025-07-26 20:00:00,2025-07-26,20,5,1,summer,8595,,,,
NYC,hour,2025-07-26 21:00:00,2025-07-26,21,5,1,summer,7396,,,,
NYC,hour,2025-07-26 22:00:00,2025-07-26,22,5,1,summer,6545,,,,
NYC,hour,2025-07-26 23:00:00,2025-07-26,23,5,1,summer,6210,,,,
NYC,hour,2025-07-27 00:00:00,2025-07-27,0,6,1,summer,4913,,,,
NYC,hour,2025-07-27 01:00:00,2025-07-27,1,6,1,summer,3296,,,,
NYC,hour,2025-07-27 02:00:00,2025-07-27,2,6,1,summer,2369,,,,
NYC,hour,2025-07-27 03:00:00,2025-07-27,3,6,1,summer,1506,,,,
NYC,hour,2025-07-27 04:00:00,2025-07-27,4,6,1,summer,948,,,,
NYC,hour,2025-07-27 05:00:00,2025-07-27,5,6,1,summer,632,,,,
NYC,hour,2025-07-27 06:00:00,2025-07-27,6,6,1,summer,1332,,,,
NYC,hour,2025-07-27 07:00:00,2025-07-27,7,6,1,summer,2054,,,,
NYC,hour,2025-07-27 08:00:00,2025-07-27,8,6,1,summer,3478,,,,
NYC,hour,2025-07-27 09:00:00,2025-07-27,9,6,1,summer,5558,,,,
NYC,hour,2025-07-27 10:00:00,2025-07-27,10,6,1,summer,7525,,,,
NYC,hour,2025-07-27 11:00:00,2025-07-27,11,6,1,summer,9197,,,,
NYC,hour,2025-07-27 12:00:00,2025-07-27,12,6,1,summer,9581,,,,
NYC,hour,2025-07-27 13:00:00,2025-07-27,13,6,1,summer,7609,,,,
NYC,hour,2025-07-27 14:00:00,2025-07-27,14,6,1,summer,9786,,,,
NYC,hour,2025-07-27 15:00:00,2025-07-27,15,6,1,summer,10891,,,,
NYC,hour,2025-07-27 16:00:00,2025-07-27,16,6,1,summer,11374,,,,
NYC,hour,2025-07-27 17:00:00,2025-07-27,17,6,1,summer,11531,,,,
NYC,hour,2025-07-27 18:00:00,2025-07-27,18,6,1,summer,11344,,,,
NYC,hour,2025-07-27 19:00:00,2025-07-27,19,6,1,summer,9820,,,,
NYC,hour,2025-07-27 20:00:00,2025-07-27,20,6,1,summer,8138,,,,
NYC,hour,2025-07-27 21:00:00,2025-07-27,21,6,1,summer,6525,,,,
NYC,hour,2025-07-27 22:00:00,2025-07-27,22,6,1,summer,4682,,,,
NYC,hour,2025-07-27 23:00:00,2025-07-27,23,6,1,summer,3081,,,,
NYC,hour,2025-07-28 00:00:00,2025-07-28,0,0,0,summer,1802,,,,
NYC,hour,2025-07-28 01:00:00,2025-07-28,1,0,0,summer,983,,,,
NYC,hour,2025-07-28 02:00:00,2025-07-28,2,0,0,summer,589,,,,
NYC,hour,2025-07-28 03:00:00,2025-07-28,3,0,0,summer,429,,,,
NYC,hour,2025-07-28 04:00:00,2025-07-28,4,0,0,summer,502,,,,
NYC,hour,2025-07-28 05:00:00,2025-07-28,5,0,0,summer,1449,,,,
NYC,hour,2025-07-28 06:00:00,2025-07-28,6,0,0,summer,4044,,,,
NYC,hour,2025-07-28 07:00:00,2025-07-28,7,0,0,summer,7752,,,,
NYC,hour,2025-07-28 08:00:00,2025-07-28,8,0,0,summer,11956,,,,
NYC,hour,2025-07-28 09:00:00,2025-07-28,9,0,0,summer,8876,,,,
NYC,hour,2025-07-28 10:00:00,2025-07-28,10,0,0,summer,6141,,,,
NYC,hour,2025-07-28 11:00:00,2025-07-28,11,0,0,summer,6171,,,,
NYC,hour,2025-07-28 12:00:00,2025-07-28,12,0,0,summer,7112,,,,
NYC,hour,2025-07-28 13:00:00,2025-07-28,13,0,0,summer,7342,,,,
NYC,hour,2025-07-28 14:00:00,2025-07-28,14,0,0,summer,7615,,,,
NYC,hour,2025-07-28 15:00:00,2025-07-28,15,0,0,summer,8397,,,,
NYC,hour,2025-07-28 16:00:00,2025-07-28,16,0,0,summer,11017,,,,
NYC,hour,2025-07-28 17:00:00,2025-07-28,17,0,0,summer,16553,,,,
NYC,hour,2025-07-28 18:00:00,2025-07-28,18,0,0,summer,16403,,,,
NYC,hour,2025-07-28 19:00:00,2025-07-28,19,0,0,summer,12748,,,,
NYC,hour,2025-07-28 20:00:00,2025-07-28,20,0,0,summer,10178,,,,
NYC,hour,2025-07-28 21:00:00,2025-07-28,21,0,0,summer,6865,,,,
NYC,hour,2025-07-28 22:00:00,2025-07-28,22,0,0,summer,4950,,,,
NYC,hour,2025-07-28 23:00:00,2025-07-28,23,0,0,summer,3271,,,,
NYC,hour,2025-07-29 00:00:00,2025-07-29,0,1,0,summer,1677,,,,
NYC,hour,2025-07-29 01:00:00,2025-07-29,1,1,0,summer,983,,,,
NYC,hour,2025-07-29 02:00:00,2025-07-29,2,1,0,summer,522,,,,
NYC,hour,2025-07-29 03:00:00,2025-07-29,3,1,0,summer,338,,,,
NYC,hour,2025-07-29 04:00:00,2025-07-29,4,1,0,summer,445,,,,
NYC,hour,2025-07-29 05:00:00,2025-07-29,5,1,0,summer,1547,,,,
NYC,hour,2025-07-29 06:00:00,2025-07-29,6,1,0,summer,4685,,,,
NYC,hour,2025-07-29 07:00:00,2025-07-29,7,1,0,summer,8665,,,,
NYC,hour,2025-07-29 08:00:00,2025-07-29,8,1,0,summer,13778,,,,
NYC,hour,2025-07-29 09:00:00,2025-07-29,9,1,0,summer,11429,,,,
NYC,hour,2025-07-29 10:00:00,2025-07-29,10,1,0,summer,7184,,,,
NYC,hour,2025-07-29 11:00:00,2025-07-29,11,1,0,summer,6498,,,,
NYC,hour,2025-07-29 12:00:00,2025-07-29,12,1,0,summer,7119,,,,
NYC,hour,2025-07-29 13:00:00,2025-07-29,13,1,0,summer,7174,,,,
NYC,hour,2025-07-29 14:00:00,2025-07-29,14,1,0,summer,7609,,,,
NYC,hour,2025-07-29 15:00:00,2025-07-29,15,1,0,summer,8249,,,,
NYC,hour,2025-07-29 16:00:00,2025-07-29,16,1,0,summer,11128,,,,
NYC,hour,2025-07-29 17:00:00,2025-07-29,17,1,0,summer,18016,,,,
NYC,hour,2025-07-29 18:00:00,2025-07-29,18,1,0,summer,17633,,,,
NYC,hour,2025-07-29 19:00:00,2025-07-29,19,1,0,summer,13427,,,,
NYC,hour,2025-07-29 20:00:00,2025-07-29,20,1,0,summer,10426,,,,
NYC,hour,2025-07-29 21:00:00,2025-07-29,21,1,0,summer,8139,,,,
NYC,hour,2025-07-29 22:00:00,2025-07-29,22,1,0,summer,6005,,,,
NYC,hour,2025-07-29 23:00:00,2025-07-29,23,1,0,summer,3725,,,,
NYC,hour,2025-07-30 00:00:00,2025-07-30,0,2,0,summer,2084,,,,
NYC,hour,2025-07-30 01:00:00,2025-07-30,1,2,0,summer,1071,,,,
NYC,hour,2025-07-30 02:00:00,2025-07-30,2,2,0,summer,565,,,,
NYC,hour,2025-07-30 03:00:00,2025-07-30,3,2,0,summer,379,,,,
NYC,hour,2025-07-30 04:00:00,2025-07-30,4,2,0,summer,508,,,,
NYC,hour,2025-07-30 05:00:00,2025-07-30,5,2,0,summer,1541,,,,
NYC,hour,2025-07-30 06:00:00,2025-07-30,6,2,0,summer,4604,,,,
NYC,hour,2025-07-30 07:00:00,2025-07-30,7,2,0,summer,8717,,,,
NYC,hour,2025-07-30 08:00:00,2025-07-30,8,2,0,summer,14177,,,,
NYC,hour,2025-07-30 09:00:00,2025-07-30,9,2,0,summer,10289,,,,
NYC,hour,2025-07-30 10:00:00,2025-07-30,10,2,0,summer,7055,,,,
NYC,hour,2025-07-30 11:00:00,2025-07-30,11,2,0,summer,6752,,,,
NYC,hour,2025-07-30 12:00:00,2025-07-30,12,2,0,summer,7267,,,,
NYC,hour,2025-07-30 13:00:00,2025-07-30,13,2,0,summer,7545,,,,
NYC,hour,2025-07-30 14:00:00,2025-07-30,14,2,0,summer,7761,,,,
NYC,hour,2025-07-30 15:00:00,2025-07-30,15,2,0,summer,8732,,,,
NYC,hour,2025-07-30 16:00:00,2025-07-30,16,2,0,summer,11628,,,,
NYC,hour,2025-07-30 17:00:00,2025-07-30,17,2,0,summer,17950,,,,
NYC,hour,2025-07-30 18:00:00,2025-07-30,18,2,0,summer,14500,,,,
NYC,hour,2025-07-30 19:00:00,2025-07-30,19,2,0,summer,11022,,,,
NYC,hour,2025-07-30 20:00:00,2025-07-30,20,2,0,summer,9435,,,,
NYC,hour,2025-07-30 21:00:00,2025-07-30,21,2,0,summer,7339,,,,
NYC,hour,2025-07-30 22:00:00,2025-07-30,22,2,0,summer,6214,,,,
NYC,hour,2025-07-30 23:00:00,2025-07-30,23,2,0,summer,4225,,,,
NYC,hour,2025-07-31 00:00:00,2025-07-31,0,3,0,summer,2159,,,,
NYC,hour,2025-07-31 01:00:00,2025-07-31,1,3,0,summer,1208,,,,
NYC,hour,2025-07-31 02:00:00,2025-07-31,2,3,0,summer,626,,,,
NYC,hour,2025-07-31 03:00:00,2025-07-31,3,3,0,summer,462,,,,
NYC,hour,2025-07-31 04:00:00,2025-07-31,4,3,0,summer,478,,,,
NYC,hour,2025-07-31 05:00:00,2025-07-31,5,3,0,summer,1480,,,,
NYC,hour,2025-07-31 06:00:00,2025-07-31,6,3,0,summer,4397,,,,
NYC,hour,2025-07-31 07:00:00,2025-07-31,7,3,0,summer,8221,,,,
NYC,hour,2025-07-31 08:00:00,2025-07-31,8,3,0,summer,13630,,,,
NYC,hour,2025-07-31 09:00:00,2025-07-31,9,3,0,summer,11823,,,,
NYC,hour,2025-07-31 10:00:00,2025-07-31,10,3,0,summer,8155,,,,
NYC,hour,2025-07-31 11:00:00,2025-07-31,11,3,0,summer,7587,,,,
NYC,hour,2025-07-31 12:00:00,2025-07-31,12,3,0,summer,8366,,,,
NYC,hour,2025-07-31 13:00:00,2025-07-31,13,3,0,summer,8970,,,,
NYC,hour,2025-07-31 14:00:00,2025-07-31,14,3,0,summer,7788,,,,
NYC,hour,2025-07-31 15:00:00,2025-07-31,15,3,0,summer,3313,,,,
NYC,hour,2025-07-31 16:00:00,2025-07-31,16,3,0,summer,3814,,,,
NYC,hour,2025-07-31 17:00:00,2025-07-31,17,3,0,summer,8710,,,,
NYC,hour,2025-07-31 18:00:00,2025-07-31,18,3,0,summer,10470,,,,
NYC,hour,2025-07-31 19:00:00,2025-07-31,19,3,0,summer,8263,,,,
NYC,hour,2025-07-31 20:00:00,2025-07-31,20,3,0,summer,6331,,,,
NYC,hour,2025-07-31 21:00:00,2025-07-31,21,3,0,summer,4112,,,,
NYC,hour,2025-07-31 22:00:00,2025-07-31,22,3,0,summer,2117,,,,
NYC,hour,2025-07-31 23:00:00,2025-07-31,23,3,0,summer,1690,,,,
NYC,hour,2025-08-01 00:00:00,2025-08-01,0,4,0,summer,1197,,,,
NYC,hour,2025-08-01 01:00:00,2025-08-01,1,4,0,summer,835,,,,
NYC,hour,2025-08-01 02:00:00,2025-08-01,2,4,0,summer,576,,,,
NYC,hour,2025-08-01 03:00:00,2025-08-01,3,4,0,summer,352,,,,
NYC,hour,2025-08-01 04:00:00,2025-08-01,4,4,0,summer,538,,,,
NYC,hour,2025-08-01 05:00:00,2025-08-01,5,4,0,summer,1281,,,,
NYC,hour,2025-08-01 06:00:00,2025-08-01,6,4,0,summer,3356,,,,
NYC,hour,2025-08-01 07:00:00,2025-08-01,7,4,0,summer,5262,,,,
NYC,hour,2025-08-01 08:00:00,2025-08-01,8,4,0,summer,8367,,,,
NYC,hour,2025-08-01 09:00:00,2025-08-01,9,4,0,summer,8478,,,,
NYC,hour,2025-08-01 10:00:00,2025-08-01,10,4,0,summer,6786,,,,
NYC,hour,2025-08-01 11:00:00,2025-08-01,11,4,0,summer,7321,,,,
NYC,hour,2025-08-01 12:00:00,2025-08-01,12,4,0,summer,8460,,,,
NYC,hour,2025-08-01 13:00:00,2025-08-01,13,4,0,summer,9290,,,,
NYC,hour,2025-08-01 14:00:00,2025-08-01,14,4,0,summer,10000,,,,
NYC,hour,2025-08-01 15:00:00,2025-08-01,15,4,0,summer,10261,,,,
NYC,hour,2025-08-01 16:00:00,2025-08-01,16,4,0,summer,12107,,,,
NYC,hour,2025-08-01 17:00:00,2025-08-01,17,4,0,summer,14855,,,,
NYC,hour,2025-08-01 18:00:00,2025-08-01,18,4,0,summer,14638,,,,
NYC,hour,2025-08-01 19:00:00,2025-08-01,19,4,0,summer,12702,,,,
NYC,hour,2025-08-01 20:00:00,2025-08-01,20,4,0,summer,9716,,,,
NYC,hour,2025-08-01 21:00:00,2025-08-01,21,4,0,summer,7239,,,,
NYC,hour,2025-08-01 22:00:00,2025-08-01,22,4,0,summer,6446,,,,
NYC,hour,2025-08-01 23:00:00,2025-08-01,23,4,0,summer,5480,,,,
NYC,hour,2025-08-02 00:00:00,2025-08-02,0,5,1,summer,4529,,,,
NYC,hour,2025-08-02 01:00:00,2025-08-02,1,5,1,summer,3074,,,,
NYC,hour,2025-08-02 02:00:00,2025-08-02,2,5,1,summer,2121,,,,
NYC,hour,2025-08-02 03:00:00,2025-08-02,3,5,1,summer,1377,,,,
NYC,hour,2025-08-02 04:00:00,2025-08-02,4,5,1,summer,875,,,,
NYC,hour,2025-08-02 05:00:00,2025-08-02,5,5,1,summer,777,,,,
NYC,hour,2025-08-02 06:00:00,2025-08-02,6,5,1,summer,1628,,,,
NYC,hour,2025-08-02 07:00:00,2025-08-02,7,5,1,summer,3225,,,,
NYC,hour,2025-08-02 08:00:00,2025-08-02,8,5,1,summer,5440,,,,
NYC,hour,2025-08-02 09:00:00,2025-08-02,9,5,1,summer,8855,,,,
NYC,hour,2025-08-02 10:00:00,2025-08-02,10,5,1,summer,12024,,,,
NYC,hour,2025-08-02 11:00:00,2025-08-02,11,5,1,summer,14254,,,,
NYC,hour,2025-08-02 12:00:00,2025-08-02,12,5,1,summer,15892,,,,
NYC,hour,2025-08-02 13:00:00,2025-08-02,13,5,1,summer,16799,,,,
NYC,hour,2025-08-02 14:00:00,2025-08-02,14,5,1,summer,16322,,,,
NYC,hour,2025-08-02 15:00:00,2025-08-02,15,5,1,summer,14525,,,,
NYC,hour,2025-08-02 16:00:00,2025-08-02,16,5,1,summer,13901,,,,
NYC,hour,2025-08-02 17:00:00,2025-08-02,17,5,1,summer,13500,,,,
NYC,hour,2025-08-02 18:00:00,2025-08-02,18,5,1,summer,12949,,,,
NYC,hour,2025-08-02 19:00:00,2025-08-02,19,5,1,summer,11687,,,,
NYC,hour,2025-08-02 20:00:00,2025-08-02,20,5,1,summer,9163,,,,
NYC,hour,2025-08-02 21:00:00,2025-08-02,21,5,1,summer,7392,,,,
NYC,hour,2025-08-02 22:00:00,2025-08-02,22,5,1,summer,6382,,,,
NYC,hour,2025-08-02 23:00:00,2025-08-02,23,5,1,summer,5291,,,,
NYC,hour,2025-08-03 00:00:00,2025-08-03,0,6,1,summer,4559,,,,
NYC,hour,2025-08-03 01:00:00,2025-08-03,1,6,1,summer,3026,,,,
NYC,hour,2025-08-03 02:00:00,2025-08-03,2,6,1,summer,2181,,,,
NYC,hour,2025-08-03 03:00:00,2025-08-03,3,6,1,summer,1363,,,,
NYC,hour,2025-08-03 04:00:00,2025-08-03,4,6,1,summer,900,,,,
NYC,hour,2025-08-03 05:00:00,2025-08-03,5,6,1,summer,628,,,,
NYC,hour,2025-08-03 06:00:00,2025-08-03,6,6,1,summer,1149,,,,
NYC,hour,2025-08-03 07:00:00,2025-08-03,7,6,1,summer,2097,,,,
NYC,hour,2025-08-03 08:00:00,2025-08-03,8,6,1,summer,3722,,,,
NYC,hour,2025-08-03 09:00:00,2025-08-03,9,6,1,summer,6137,,,,
NYC,hour,2025-08-03 10:00:00,2025-08-03,10,6,1,summer,8231,,,,
NYC,hour,2025-08-03 11:00:00,2025-08-03,11,6,1,summer,10162,,,,
NYC,hour,2025-08-03 12:00:00,2025-08-03,12,6,1,summer,11317,,,,
NYC,hour,2025-08-03 13:00:00,2025-08-03,13,6,1,summer,12042,,,,
NYC,hour,2025-08-03 14:00:00,2025-08-03,14,6,1,summer,12511,,,,
NYC,hour,2025-08-03 15:00:00,2025-08-03,15,6,1,summer,12660,,,,
NYC,hour,2025-08-03 16:00:00,2025-08-03,16,6,1,summer,12621,,,,
NYC,hour,2025-08-03 17:00:00,2025-08-03,17,6,1,summer,12613,,,,
NYC,hour,2025-08-03 18:00:00,2025-08-03,18,6,1,summer,12404,,,,
NYC,hour,2025-08-03 19:00:00,2025-08-03,19,6,1,summer,11055,,,,
NYC,hour,2025-08-03 20:00:00,2025-08-03,20,6,1,summer,8596,,,,
NYC,hour,2025-08-03 21:00:00,2025-08-03,21,6,1,summer,6280,,,,
NYC,hour,2025-08-03 22:00:00,2025-08-03,22,6,1,summer,4677,,,,
NYC,hour,2025-08-03 23:00:00,2025-08-03,23,6,1,summer,3135,,,,
NYC,hour,2025-08-04 00:00:00,2025-08-04,0,0,0,summer,1787,,,,
NYC,hour,2025-08-04 01:00:00,2025-08-04,1,0,0,summer,923,,,,
NYC,hour,2025-08-04 02:00:00,2025-08-04,2,0,0,summer,521,,,,
NYC,hour,2025-08-04 03:00:00,2025-08-04,3,0,0,summer,359,,,,
NYC,hour,2025-08-04 04:00:00,2025-08-04,4,0,0,summer,521,,,,
NYC,hour,2025-08-04 05:00:00,2025-08-04,5,0,0,summer,1431,,,,
NYC,hour,2025-08-04 06:00:00,2025-08-04,6,0,0,summer,3971,,,,
NYC,hour,2025-08-04 07:00:00,2025-08-04,7,0,0,summer,7651,,,,
NYC,hour,2025-08-04 08:00:00,2025-08-04,8,0,0,summer,11729,,,,
NYC,hour,2025-08-04 09:00:00,2025-08-04,9,0,0,summer,8796,,,,
NYC,hour,2025-08-04 10:00:00,2025-08-04,10,0,0,summer,6278,,,,
NYC,hour,2025-08-04 11:00:00,2025-08-04,11,0,0,summer,6282,,,,
NYC,hour,2025-08-04 12:00:00,2025-08-04,12,0,0,summer,7349,,,,
NYC,hour,2025-08-04 13:00:00,2025-08-04,13,0,0,summer,7537,,,,
NYC,hour,2025-08-04 14:00:00,2025-08-04,14,0,0,summer,7962,,,,
NYC,hour,2025-08-04 15:00:00,2025-08-04,15,0,0,summer,8898,,,,
NYC,hour,2025-08-04 16:00:00,2025-08-04,16,0,0,summer,11191,,,,
NYC,hour,2025-08-04 17:00:00,2025-08-04,17,0,0,summer,17163,,,,
NYC,hour,2025-08-04 18:00:00,2025-08-04,18,0,0,summer,17402,,,,
NYC,hour,2025-08-04 19:00:00,2025-08-04,19,0,0,summer,13370,,,,
NYC,hour,2025-08-04 20:00:00,2025-08-04,20,0,0,summer,9736,,,,
NYC,hour,2025-08-04 21:00:00,2025-08-04,21,0,0,summer,6753,,,,
NYC,hour,2025-08-04 22:00:00,2025-08-04,22,0,0,summer,5028,,,,
NYC,hour,2025-08-04 23:00:00,2025-08-04,23,0,0,summer,3174,,,,
NYC,hour,2025-08-05 00:00:00,2025-08-05,0,1,0,summer,1802,,,,
NYC,hour,2025-08-05 01:00:00,2025-08-05,1,1,0,summer,923,,,,
NYC,hour,2025-08-05 02:00:00,2025-08-05,2,1,0,summer,504,,,,
NYC,hour,2025-08-05 03:00:00,2025-08-05,3,1,0,summer,321,,,,
NYC,hour,2025-08-05 04:00:00,2025-08-05,4,1,0,summer,436,,,,
NYC,hour,2025-08-05 05:00:00,2025-08-05,5,1,0,summer,1595,,,,
NYC,hour,2025-08-05 06:00:00,2025-08-05,6,1,0,summer,4568,,,,
NYC,hour,2025-08-05 07:00:00,2025-08-05,7,1,0,summer,8530,,,,
NYC,hour,2025-08-05 08:00:00,2025-08-05,8,1,0,summer,13600,,,,
NYC,hour,2025-08-05 09:00:00,2025-08-05,9,1,0,summer,10148,,,,
NYC,hour,2025-08-05 10:00:00,2025-08-05,10,1,0,summer,6852,,,,
NYC,hour,2025-08-05 11:00:00,2025-08-05,11,1,0,summer,6792,,,,
NYC,hour,2025-08-05 12:00:00,2025-08-05,12,1,0,summer,7517,,,,
NYC,hour,2025-08-05 13:00:00,2025-08-05,13,1,0,summer,7701,,,,
NYC,hour,2025-08-05 14:00:00,2025-08-05,14,1,0,summer,8118,,,,
NYC,hour,2025-08-05 15:00:00,2025-08-05,15,1,0,summer,9136,,,,
NYC,hour,2025-08-05 16:00:00,2025-08-05,16,1,0,summer,11911,,,,
NYC,hour,2025-08-05 17:00:00,2025-08-05,17,1,0,summer,18516,,,,
NYC,hour,2025-08-05 18:00:00,2025-08-05,18,1,0,summer,17886,,,,
NYC,hour,2025-08-05 19:00:00,2025-08-05,19,1,0,summer,13268,,,,
NYC,hour,2025-08-05 20:00:00,2025-08-05,20,1,0,summer,9878,,,,
NYC,hour,2025-08-05 21:00:00,2025-08-05,21,1,0,summer,7604,,,,
NYC,hour,2025-08-05 22:00:00,2025-08-05,22,1,0,summer,5909,,,,
NYC,hour,2025-08-05 23:00:00,2025-08-05,23,1,0,summer,3592,,,,
NYC,hour,2025-08-06 00:00:00,2025-08-06,0,2,0,summer,2032,,,,
NYC,hour,2025-08-06 01:00:00,2025-08-06,1,2,0,summer,970,,,,
NYC,hour,2025-08-06 02:00:00,2025-08-06,2,2,0,summer,596,,,,
NYC,hour,2025-08-06 03:00:00,2025-08-06,3,2,0,summer,355,,,,
NYC,hour,2025-08-06 04:00:00,2025-08-06,4,2,0,summer,457,,,,
NYC,hour,2025-08-06 05:00:00,2025-08-06,5,2,0,summer,1532,,,,
NYC,hour,2025-08-06 06:00:00,2025-08-06,6,2,0,summer,4492,,,,
NYC,hour,2025-08-06 07:00:00,2025-08-06,7,2,0,summer,8464,,,,
NYC,hour,2025-08-06 08:00:00,2025-08-06,8,2,0,summer,13583,,,,
NYC,hour,2025-08-06 09:00:00,2025-08-06,9,2,0,summer,10531,,,,
NYC,hour,2025-08-06 10:00:00,2025-08-06,10,2,0,summer,7010,,,,
NYC,hour,2025-08-06 11:00:00,2025-08-06,11,2,0,summer,7261,,,,
NYC,hour,2025-08-06 12:00:00,2025-08-06,12,2,0,summer,7651,,,,
NYC,hour,2025-08-06 13:00:00,2025-08-06,13,2,0,summer,7820,,,,
NYC,hour,2025-08-06 14:00:00,2025-08-06,14,2,0,summer,8289,,,,
NYC,hour,2025-08-06 15:00:00,2025-08-06,15,2,0,summer,9324,,,,
NYC,hour,2025-08-06 16:00:00,2025-08-06,16,2,0,summer,12212,,,,
NYC,hour,2025-08-06 17:00:00,2025-08-06,17,2,0,summer,18314,,,,
NYC,hour,2025-08-06 18:00:00,2025-08-06,18,2,0,summer,15434,,,,
NYC,hour,2025-08-06 19:00:00,2025-08-06,19,2,0,summer,11942,,,,
NYC,hour,2025-08-06 20:00:00,2025-08-06,20,2,0,summer,8011,,,,
NYC,hour,2025-08-06 21:00:00,2025-08-06,21,2,0,summer,4842,,,,
NYC,hour,2025-08-06 22:00:00,2025-08-06,22,2,0,summer,3509,,,,
NYC,hour,2025-08-06 23:00:00,2025-08-06,23,2,0,summer,2460,,,,
NYC,hour,2025-08-07 00:00:00,2025-08-07,0,3,0,summer,1234,,,,
NYC,hour,2025-08-07 01:00:00,2025-08-07,1,3,0,summer,795,,,,
NYC,hour,2025-08-07 02:00:00,2025-08-07,2,3,0,summer,543,,,,
NYC,hour,2025-08-07 03:00:00,2025-08-07,3,3,0,summer,351,,,,
NYC,hour,2025-08-07 04:00:00,2025-08-07,4,3,0,summer,502,,,,
NYC,hour,2025-08-07 05:00:00,2025-08-07,5,3,0,summer,1496,,,,
NYC,hour,2025-08-07 06:00:00,2025-08-07,6,3,0,summer,4217,,,,
NYC,hour,2025-08-07 07:00:00,2025-08-07,7,3,0,summer,8004,,,,
NYC,hour,2025-08-07 08:00:00,2025-08-07,8,3,0,summer,12973,,,,
NYC,hour,2025-08-07 09:00:00,2025-08-07,9,3,0,summer,10231,,,,
NYC,hour,2025-08-07 10:00:00,2025-08-07,10,3,0,summer,7039,,,,
NYC,hour,2025-08-07 11:00:00,2025-08-07,11,3,0,summer,7038,,,,
NYC,hour,2025-08-07 12:00:00,2025-08-07,12,3,0,summer,8147,,,,
NYC,hour,2025-08-07 13:00:00,2025-08-07,13,3,0,summer,8269,,,,
NYC,hour,2025-08-07 14:00:00,2025-08-07,14,3,0,summer,8519,,,,
NYC,hour,2025-08-07 15:00:00,2025-08-07,15,3,0,summer,9659,,,,
NYC,hour,2025-08-07 16:00:00,2025-08-07,16,3,0,summer,12425,,,,
NYC,hour,2025-08-07 17:00:00,2025-08-07,17,3,0,summer,18062,,,,
NYC,hour,2025-08-07 18:00:00,2025-08-07,18,3,0,summer,17821,,,,
NYC,hour,2025-08-07 19:00:00,2025-08-07,19,3,0,summer,13960,,,,
NYC,hour,2025-08-07 20:00:00,2025-08-07,20,3,0,summer,10528,,,,
NYC,hour,2025-08-07 21:00:00,2025-08-07,21,3,0,summer,7804,,,,
NYC,hour,2025-08-07 22:00:00,2025-08-07,22,3,0,summer,6501,,,,
NYC,hour,2025-08-07 23:00:00,2025-08-07,23,3,0,summer,4442,,,,
NYC,hour,2025-08-08 00:00:00,2025-08-08,0,4,0,summer,2717,,,,
NYC,hour,2025-08-08 01:00:00,2025-08-08,1,4,0,summer,1588,,,,
NYC,hour,2025-08-08 02:00:00,2025-08-08,2,4,0,summer,903,,,,
NYC,hour,2025-08-08 03:00:00,2025-08-08,3,4,0,summer,558,,,,
NYC,hour,2025-08-08 04:00:00,2025-08-08,4,4,0,summer,562,,,,
NYC,hour,2025-08-08 05:00:00,2025-08-08,5,4,0,summer,1302,,,,
NYC,hour,2025-08-08 06:00:00,2025-08-08,6,4,0,summer,3716,,,,
NYC,hour,2025-08-08 07:00:00,2025-08-08,7,4,0,summer,6461,,,,
NYC,hour,2025-08-08 08:00:00,2025-08-08,8,4,0,summer,9957,,,,
NYC,hour,2025-08-08 09:00:00,2025-08-08,9,4,0,summer,8809,,,,
NYC,hour,2025-08-08 10:00:00,2025-08-08,10,4,0,summer,7347,,,,
NYC,hour,2025-08-08 11:00:00,2025-08-08,11,4,0,summer,7865,,,,
NYC,hour,2025-08-08 12:00:00,2025-08-08,12,4,0,summer,8897,,,,
NYC,hour,2025-08-08 13:00:00,2025-08-08,13,4,0,summer,9471,,,,
NYC,hour,2025-08-08 14:00:00,2025-08-08,14,4,0,summer,9976,,,,
NYC,hour,2025-08-08 15:00:00,2025-08-08,15,4,0,summer,11574,,,,
NYC,hour,2025-08-08 16:00:00,2025-08-08,16,4,0,summer,13398,,,,
NYC,hour,2025-08-08 17:00:00,2025-08-08,17,4,0,summer,16005,,,,
NYC,hour,2025-08-08 18:00:00,2025-08-08,18,4,0,summer,15461,,,,
NYC,hour,2025-08-08 19:00:00,2025-08-08,19,4,0,summer,12807,,,,
NYC,hour,2025-08-08 20:00:00,2025-08-08,20,4,0,summer,9332,,,,
NYC,hour,2025-08-08 21:00:00,2025-08-08,21,4,0,summer,7093,,,,
NYC,hour,2025-08-08 22:00:00,2025-08-08,22,4,0,summer,6534,,,,
NYC,hour,2025-08-08 23:00:00,2025-08-08,23,4,0,summer,5505,,,,
NYC,hour,2025-08-09 00:00:00,2025-08-09,0,5,1,summer,4166,,,,
NYC,hour,2025-08-09 01:00:00,2025-08-09,1,5,1,summer,2930,,,,
NYC,hour,2025-08-09 02:00:00,2025-08-09,2,5,1,summer,2053,,,,
NYC,hour,2025-08-09 03:00:00,2025-08-09,3,5,1,summer,1275,,,,
NYC,hour,2025-08-09 04:00:00,2025-08-09,4,5,1,summer,831,,,,
NYC,hour,2025-08-09 05:00:00,2025-08-09,5,5,1,summer,735,,,,
NYC,hour,2025-08-09 06:00:00,2025-08-09,6,5,1,summer,1545,,,,
NYC,hour,2025-08-09 07:00:00,2025-08-09,7,5,1,summer,3388,,,,
NYC,hour,2025-08-09 08:00:00,2025-08-09,8,5,1,summer,5693,,,,
NYC,hour,2025-08-09 09:00:00,2025-08-09,9,5,1,summer,9427,,,,
NYC,hour,2025-08-09 10:00:00,2025-08-09,10,5,1,summer,12614,,,,
NYC,hour,2025-08-09 11:00:00,2025-08-09,11,5,1,summer,14999,,,,
NYC,hour,2025-08-09 12:00:00,2025-08-09,12,5,1,summer,16860,,,,
NYC,hour,2025-08-09 13:00:00,2025-08-09,13,5,1,summer,16650,,,,
NYC,hour,2025-08-09 14:00:00,2025-08-09,14,5,1,summer,15396,,,,
NYC,hour,2025-08-09 15:00:00,2025-08-09,15,5,1,summer,13840,,,,
NYC,hour,2025-08-09 16:00:00,2025-08-09,16,5,1,summer,13200,,,,
NYC,hour,2025-08-09 17:00:00,2025-08-09,17,5,1,summer,13111,,,,
NYC,hour,2025-08-09 18:00:00,2025-08-09,18,5,1,summer,12647,,,,
NYC,hour,2025-08-09 19:00:00,2025-08-09,19,5,1,summer,11702,,,,
NYC,hour,2025-08-09 20:00:00,2025-08-09,20,5,1,summer,9011,,,,
NYC,hour,2025-08-09 21:00:00,2025-08-09,21,5,1,summer,7093,,,,
NYC,hour,2025-08-09 22:00:00,2025-08-09,22,5,1,summer,6392,,,,
NYC,hour,2025-08-09 23:00:00,2025-08-09,23,5,1,summer,5275,,,,
NYC,hour,2025-08-10 00:00:00,2025-08-10,0,6,1,summer,4054,,,,
NYC,hour,2025-08-10 01:00:00,2025-08-10,1,6,1,summer,2901,,,,
NYC,hour,2025-08-10 02:00:00,2025-08-10,2,6,1,summer,2122,,,,
NYC,hour,2025-08-10 03:00:00,2025-08-10,3,6,1,summer,1402,,,,
NYC,hour,2025-08-10 04:00:00,2025-08-10,4,6,1,summer,901,,,,
NYC,hour,2025-08-10 05:00:00,2025-08-10,5,6,1,summer,614,,,,
NYC,hour,2025-08-10 06:00:00,2025-08-10,6,6,1,summer,1166,,,,
NYC,hour,2025-08-10 07:00:00,2025-08-10,7,6,1,summer,2081,,,,
NYC,hour,2025-08-10 08:00:00,2025-08-10,8,6,1,summer,3684,,,,
NYC,hour,2025-08-10 09:00:00,2025-08-10,9,6,1,summer,5956,,,,
NYC,hour,2025-08-10 10:00:00,2025-08-10,10,6,1,summer,8431,,,,
NYC,hour,2025-08-10 11:00:00,2025-08-10,11,6,1,summer,9769,,,,
NYC,hour,2025-08-10 12:00:00,2025-08-10,12,6,1,summer,11110,,,,
NYC,hour,2025-08-10 13:00:00,2025-08-10,13,6,1,summer,11452,,,,
NYC,hour,2025-08-10 14:00:00,2025-08-10,14,6,1,summer,11985,,,,
NYC,hour,2025-08-10 15:00:00,2025-08-10,15,6,1,summer,12067,,,,
NYC,hour,2025-08-10 16:00:00,2025-08-10,16,6,1,summer,12170,,,,
NYC,hour,2025-08-10 17:00:00,2025-08-10,17,6,1,summer,11925,,,,
NYC,hour,2025-08-10 18:00:00,2025-08-10,18,6,1,summer,12145,,,,
NYC,hour,2025-08-10 19:00:00,2025-08-10,19,6,1,summer,10611,,,,
NYC,hour,2025-08-10 20:00:00,2025-08-10,20,6,1,summer,8618,,,,
NYC,hour,2025-08-10 21:00:00,2025-08-10,21,6,1,summer,6159,,,,
NYC,hour,2025-08-10 22:00:00,2025-08-10,22,6,1,summer,4598,,,,
NYC,hour,2025-08-10 23:00:00,2025-08-10,23,6,1,summer,3142,,,,
NYC,hour,2025-08-11 00:00:00,2025-08-11,0,0,0,summer,1854,,,,
NYC,hour,2025-08-11 01:00:00,2025-08-11,1,0,0,summer,964,,,,
NYC,hour,2025-08-11 02:00:00,2025-08-11,2,0,0,summer,595,,,,
NYC,hour,2025-08-11 03:00:00,2025-08-11,3,0,0,summer,357,,,,
NYC,hour,2025-08-11 04:00:00,2025-08-11,4,0,0,summer,526,,,,
NYC,hour,2025-08-11 05:00:00,2025-08-11,5,0,0,summer,1356,,,,
NYC,hour,2025-08-11 06:00:00,2025-08-11,6,0,0,summer,3981,,,,
NYC,hour,2025-08-11 07:00:00,2025-08-11,7,0,0,summer,7481,,,,
NYC,hour,2025-08-11 08:00:00,2025-08-11,8,0,0,summer,11379,,,,
NYC,hour,2025-08-11 09:00:00,2025-08-11,9,0,0,summer,8638,,,,
NYC,hour,2025-08-11 10:00:00,2025-08-11,10,0,0,summer,6141,,,,
NYC,hour,2025-08-11 11:00:00,2025-08-11,11,0,0,summer,6245,,,,
NYC,hour,2025-08-11 12:00:00,2025-08-11,12,0,0,summer,7112,,,,
NYC,hour,2025-08-11 13:00:00,2025-08-11,13,0,0,summer,7357,,,,
NYC,hour,2025-08-11 14:00:00,2025-08-11,14,0,0,summer,7853,,,,
NYC,hour,2025-08-11 15:00:00,2025-08-11,15,0,0,summer,8738,,,,
NYC,hour,2025-08-11 16:00:00,2025-08-11,16,0,0,summer,11206,,,,
NYC,hour,2025-08-11 17:00:00,2025-08-11,17,0,0,summer,17066,,,,
NYC,hour,2025-08-11 18:00:00,2025-08-11,18,0,0,summer,16544,,,,
NYC,hour,2025-08-11 19:00:00,2025-08-11,19,0,0,summer,12935,,,,
NYC,hour,2025-08-11 20:00:00,2025-08-11,20,0,0,summer,9436,,,,
NYC,hour,2025-08-11 21:00:00,2025-08-11,21,0,0,summer,6784,,,,
NYC,hour,2025-08-11 22:00:00,2025-08-11,22,0,0,summer,4921,,,,
NYC,hour,2025-08-11 23:00:00,2025-08-11,23,0,0,summer,3302,,,,
NYC,hour,2025-08-12 00:00:00,2025-08-12,0,1,0,summer,1862,,,,
NYC,hour,2025-08-12 01:00:00,2025-08-12,1,1,0,summer,930,,,,
NYC,hour,2025-08-12 02:00:00,2025-08-12,2,1,0,summer,551,,,,
NYC,hour,2025-08-12 03:00:00,2025-08-12,3,1,0,summer,348,,,,
NYC,hour,2025-08-12 04:00:00,2025-08-12,4,1,0,summer,468,,,,
NYC,hour,2025-08-12 05:00:00,2025-08-12,5,1,0,summer,1574,,,,
NYC,hour,2025-08-12 06:00:00,2025-08-12,6,1,0,summer,4431,,,,
NYC,hour,2025-08-12 07:00:00,2025-08-12,7,1,0,summer,8382,,,,
NYC,hour,2025-08-12 08:00:00,2025-08-12,8,1,0,summer,13408,,,,
NYC,hour,2025-08-12 09:00:00,2025-08-12,9,1,0,summer,9976,,,,
NYC,hour,2025-08-12 10:00:00,2025-08-12,10,1,0,summer,6795,,,,
NYC,hour,2025-08-12 11:00:00,2025-08-12,11,1,0,summer,6611,,,,
NYC,hour,2025-08-12 12:00:00,2025-08-12,12,1,0,summer,7439,,,,
NYC,hour,2025-08-12 13:00:00,2025-08-12,13,1,0,summer,7832,,,,
NYC,hour,2025-08-12 14:00:00,2025-08-12,14,1,0,summer,8062,,,,
NYC,hour,2025-08-12 15:00:00,2025-08-12,15,1,0,summer,9050,,,,
NYC,hour,2025-08-12 16:00:00,2025-08-12,16,1,0,summer,11918,,,,
NYC,hour,2025-08-12 17:00:00,2025-08-12,17,1,0,summer,18338,,,,
NYC,hour,2025-08-12 18:00:00,2025-08-12,18,1,0,summer,18425,,,,
NYC,hour,2025-08-12 19:00:00,2025-08-12,19,1,0,summer,13716,,,,
NYC,hour,2025-08-12 20:00:00,2025-08-12,20,1,0,summer,10401,,,,
NYC,hour,2025-08-12 21:00:00,2025-08-12,21,1,0,summer,7940,,,,
NYC,hour,2025-08-12 22:00:00,2025-08-12,22,1,0,summer,5923,,,,
NYC,hour,2025-08-12 23:00:00,2025-08-12,23,1,0,summer,3605,,,,
NYC,hour,2025-08-13 00:00:00,2025-08-13,0,2,0,summer,2025,,,,
NYC,hour,2025-08-13 01:00:00,2025-08-13,1,2,0,summer,1058,,,,
NYC,hour,2025-08-13 02:00:00,2025-08-13,2,2,0,summer,560,,,,
NYC,hour,2025-08-13 03:00:00,2025-08-13,3,2,0,summer,365,,,,
NYC,hour,2025-08-13 04:00:00,2025-08-13,4,2,0,summer,423,,,,
NYC,hour,2025-08-13 05:00:00,2025-08-13,5,2,0,summer,1543,,,,
NYC,hour,2025-08-13 06:00:00,2025-08-13,6,2,0,summer,4423,,,,
NYC,hour,2025-08-13 07:00:00,2025-08-13,7,2,0,summer,8426,,,,
NYC,hour,2025-08-13 08:00:00,2025-08-13,8,2,0,summer,13399,,,,
NYC,hour,2025-08-13 09:00:00,2025-08-13,9,2,0,summer,10260,,,,
NYC,hour,2025-08-13 10:00:00,2025-08-13,10,2,0,summer,6929,,,,
NYC,hour,2025-08-13 11:00:00,2025-08-13,11,2,0,summer,6924,,,,
NYC,hour,2025-08-13 12:00:00,2025-08-13,12,2,0,summer,7833,,,,
NYC,hour,2025-08-13 13:00:00,2025-08-13,13,2,0,summer,7969,,,,
NYC,hour,2025-08-13 14:00:00,2025-08-13,14,2,0,summer,8257,,,,
NYC,hour,2025-08-13 15:00:00,2025-08-13,15,2,0,summer,9182,,,,
NYC,hour,2025-08-13 16:00:00,2025-08-13,16,2,0,summer,12104,,,,
NYC,hour,2025-08-13 17:00:00,2025-08-13,17,2,0,summer,9776,,,,
NYC,hour,2025-08-13 18:00:00,2025-08-13,18,2,0,summer,6709,,,,
NYC,hour,2025-08-13 19:00:00,2025-08-13,19,2,0,summer,2598,,,,
NYC,hour,2025-08-13 20:00:00,2025-08-13,20,2,0,summer,5451,,,,
NYC,hour,2025-08-13 21:00:00,2025-08-13,21,2,0,summer,5245,,,,
NYC,hour,2025-08-13 22:00:00,2025-08-13,22,2,0,summer,4722,,,,
NYC,hour,2025-08-13 23:00:00,2025-08-13,23,2,0,summer,3325,,,,
NYC,hour,2025-08-14 00:00:00,2025-08-14,0,3,0,summer,2081,,,,
NYC,hour,2025-08-14 01:00:00,2025-08-14,1,3,0,summer,1090,,,,
NYC,hour,2025-08-14 02:00:00,2025-08-14,2,3,0,summer,611,,,,
NYC,hour,2025-08-14 03:00:00,2025-08-14,3,3,0,summer,383,,,,
NYC,hour,2025-08-14 04:00:00,2025-08-14,4,3,0,summer,482,,,,
NYC,hour,2025-08-14 05:00:00,2025-08-14,5,3,0,summer,1458,,,,
NYC,hour,2025-08-14 06:00:00,2025-08-14,6,3,0,summer,4102,,,,
NYC,hour,2025-08-14 07:00:00,2025-08-14,7,3,0,summer,7696,,,,
NYC,hour,2025-08-14 08:00:00,2025-08-14,8,3,0,summer,12339,,,,
NYC,hour,2025-08-14 09:00:00,2025-08-14,9,3,0,summer,9629,,,,
NYC,hour,2025-08-14 10:00:00,2025-08-14,10,3,0,summer,6922,,,,
NYC,hour,2025-08-14 11:00:00,2025-08-14,11,3,0,summer,6610,,,,
NYC,hour,2025-08-14 12:00:00,2025-08-14,12,3,0,summer,7573,,,,
NYC,hour,2025-08-14 13:00:00,2025-08-14,13,3,0,summer,7960,,,,
NYC,hour,2025-08-14 14:00:00,2025-08-14,14,3,0,summer,8416,,,,
NYC,hour,2025-08-14 15:00:00,2025-08-14,15,3,0,summer,9305,,,,
NYC,hour,2025-08-14 16:00:00,2025-08-14,16,3,0,summer,11820,,,,
NYC,hour,2025-08-14 17:00:00,2025-08-14,17,3,0,summer,17364,,,,
NYC,hour,2025-08-14 18:00:00,2025-08-14,18,3,0,summer,17540,,,,
NYC,hour,2025-08-14 19:00:00,2025-08-14,19,3,0,summer,13867,,,,
NYC,hour,2025-08-14 20:00:00,2025-08-14,20,3,0,summer,10309,,,,
NYC,hour,2025-08-14 21:00:00,2025-08-14,21,3,0,summer,7789,,,,
NYC,hour,2025-08-14 22:00:00,2025-08-14,22,3,0,summer,6484,,,,
NYC,hour,2025-08-14 23:00:00,2025-08-14,23,3,0,summer,4362,,,,
NYC,hour,2025-08-15 00:00:00,2025-08-15,0,4,0,summer,2811,,,,
NYC,hour,2025-08-15 01:00:00,2025-08-15,1,4,0,summer,1558,,,,
NYC,hour,2025-08-15 02:00:00,2025-08-15,2,4,0,summer,978,,,,
NYC,hour,2025-08-15 03:00:00,2025-08-15,3,4,0,summer,525,,,,
NYC,hour,2025-08-15 04:00:00,2025-08-15,4,4,0,summer,569,,,,
NYC,hour,2025-08-15 05:00:00,2025-08-15,5,4,0,summer,1341,,,,
NYC,hour,2025-08-15 06:00:00,2025-08-15,6,4,0,summer,3660,,,,
NYC,hour,2025-08-15 07:00:00,2025-08-15,7,4,0,summer,6315,,,,
NYC,hour,2025-08-15 08:00:00,2025-08-15,8,4,0,summer,9684,,,,
NYC,hour,2025-08-15 09:00:00,2025-08-15,9,4,0,summer,8611,,,,
NYC,hour,2025-08-15 10:00:00,2025-08-15,10,4,0,summer,7298,,,,
NYC,hour,2025-08-15 11:00:00,2025-08-15,11,4,0,summer,7565,,,,
NYC,hour,2025-08-15 12:00:00,2025-08-15,12,4,0,summer,8675,,,,
NYC,hour,2025-08-15 13:00:00,2025-08-15,13,4,0,summer,9338,,,,
NYC,hour,2025-08-15 14:00:00,2025-08-15,14,4,0,summer,9987,,,,
NYC,hour,2025-08-15 15:00:00,2025-08-15,15,4,0,summer,10798,,,,
NYC,hour,2025-08-15 16:00:00,2025-08-15,16,4,0,summer,12510,,,,
NYC,hour,2025-08-15 17:00:00,2025-08-15,17,4,0,summer,15540,,,,
NYC,hour,2025-08-15 18:00:00,2025-08-15,18,4,0,summer,15113,,,,
NYC,hour,2025-08-15 19:00:00,2025-08-15,19,4,0,summer,12765,,,,
NYC,hour,2025-08-15 20:00:00,2025-08-15,20,4,0,summer,9374,,,,
NYC,hour,2025-08-15 21:00:00,2025-08-15,21,4,0,summer,7368,,,,
NYC,hour,2025-08-15 22:00:00,2025-08-15,22,4,0,summer,6659,,,,
NYC,hour,2025-08-15 23:00:00,2025-08-15,23,4,0,summer,5473,,,,
NYC,hour,2025-08-16 00:00:00,2025-08-16,0,5,1,summer,4228,,,,
NYC,hour,2025-08-16 01:00:00,2025-08-16,1,5,1,summer,2962,,,,
NYC,hour,2025-08-16 02:00:00,2025-08-16,2,5,1,summer,2062,,,,
NYC,hour,2025-08-16 03:00:00,2025-08-16,3,5,1,summer,1313,,,,
NYC,hour,2025-08-16 04:00:00,2025-08-16,4,5,1,summer,866,,,,
NYC,hour,2025-08-16 05:00:00,2025-08-16,5,5,1,summer,805,,,,
NYC,hour,2025-08-16 06:00:00,2025-08-16,6,5,1,summer,1769,,,,
NYC,hour,2025-08-16 07:00:00,2025-08-16,7,5,1,summer,3462,,,,
NYC,hour,2025-08-16 08:00:00,2025-08-16,8,5,1,summer,5755,,,,
NYC,hour,2025-08-16 09:00:00,2025-08-16,9,5,1,summer,9554,,,,
NYC,hour,2025-08-16 10:00:00,2025-08-16,10,5,1,summer,12768,,,,
NYC,hour,2025-08-16 11:00:00,2025-08-16,11,5,1,summer,14980,,,,
NYC,hour,2025-08-16 12:00:00,2025-08-16,12,5,1,summer,16521,,,,
NYC,hour,2025-08-16 13:00:00,2025-08-16,13,5,1,summer,16735,,,,
NYC,hour,2025-08-16 14:00:00,2025-08-16,14,5,1,summer,15427,,,,
NYC,hour,2025-08-16 15:00:00,2025-08-16,15,5,1,summer,13402,,,,
NYC,hour,2025-08-16 16:00:00,2025-08-16,16,5,1,summer,12916,,,,
NYC,hour,2025-08-16 17:00:00,2025-08-16,17,5,1,summer,12528,,,,
NYC,hour,2025-08-16 18:00:00,2025-08-16,18,5,1,summer,12460,,,,
NYC,hour,2025-08-16 19:00:00,2025-08-16,19,5,1,summer,11475,,,,
NYC,hour,2025-08-16 20:00:00,2025-08-16,20,5,1,summer,8657,,,,
NYC,hour,2025-08-16 21:00:00,2025-08-16,21,5,1,summer,7079,,,,
NYC,hour,2025-08-16 22:00:00,2025-08-16,22,5,1,summer,6644,,,,
NYC,hour,2025-08-16 23:00:00,2025-08-16,23,5,1,summer,5495,,,,
NYC,hour,2025-08-17 00:00:00,2025-08-17,0,6,1,summer,4187,,,,
NYC,hour,2025-08-17 01:00:00,2025-08-17,1,6,1,summer,3223,,,,
NYC,hour,2025-08-17 02:00:00,2025-08-17,2,6,1,summer,2156,,,,
NYC,hour,2025-08-17 03:00:00,2025-08-17,3,6,1,summer,1384,,,,
NYC,hour,2025-08-17 04:00:00,2025-08-17,4,6,1,summer,933,,,,
NYC,hour,2025-08-17 05:00:00,2025-08-17,5,6,1,summer,669,,,,
NYC,hour,2025-08-17 06:00:00,2025-08-17,6,6,1,summer,1205,,,,
NYC,hour,2025-08-17 07:00:00,2025-08-17,7,6,1,summer,2070,,,,
NYC,hour,2025-08-17 08:00:00,2025-08-17,8,6,1,summer,3524,,,,
NYC,hour,2025-08-17 09:00:00,2025-08-17,9,6,1,summer,5945,,,,
NYC,hour,2025-08-17 10:00:00,2025-08-17,10,6,1,summer,8232,,,,
NYC,hour,2025-08-17 11:00:00,2025-08-17,11,6,1,summer,9913,,,,
NYC,hour,2025-08-17 12:00:00,2025-08-17,12,6,1,summer,10534,,,,
NYC,hour,2025-08-17 13:00:00,2025-08-17,13,6,1,summer,11461,,,,
NYC,hour,2025-08-17 14:00:00,2025-08-17,14,6,1,summer,11542,,,,
NYC,hour,2025-08-17 15:00:00,2025-08-17,15,6,1,summer,11515,,,,
NYC,hour,2025-08-17 16:00:00,2025-08-17,16,6,1,summer,11543,,,,
NYC,hour,2025-08-17 17:00:00,2025-08-17,17,6,1,summer,11935,,,,
NYC,hour,2025-08-17 18:00:00,2025-08-17,18,6,1,summer,5278,,,,
NYC,hour,2025-08-17 19:00:00,2025-08-17,19,6,1,summer,5697,,,,
NYC,hour,2025-08-17 20:00:00,2025-08-17,20,6,1,summer,5561,,,,
NYC,hour,2025-08-17 21:00:00,2025-08-17,21,6,1,summer,4834,,,,
NYC,hour,2025-08-17 22:00:00,2025-08-17,22,6,1,summer,3879,,,,
NYC,hour,2025-08-17 23:00:00,2025-08-17,23,6,1,summer,2735,,,,
NYC,hour,2025-08-18 00:00:00,2025-08-18,0,0,0,summer,1589,,,,
NYC,hour,2025-08-18 01:00:00,2025-08-18,1,0,0,summer,923,,,,
NYC,hour,2025-08-18 02:00:00,2025-08-18,2,0,0,summer,521,,,,
NYC,hour,2025-08-18 03:00:00,2025-08-18,3,0,0,summer,330,,,,
NYC,hour,2025-08-18 04:00:00,2025-08-18,4,0,0,summer,437,,,,
NYC,hour,2025-08-18 05:00:00,2025-08-18,5,0,0,summer,1286,,,,
NYC,hour,2025-08-18 06:00:00,2025-08-18,6,0,0,summer,3627,,,,
NYC,hour,2025-08-18 07:00:00,2025-08-18,7,0,0,summer,6781,,,,
NYC,hour,2025-08-18 08:00:00,2025-08-18,8,0,0,summer,10518,,,,
NYC,hour,2025-08-18 09:00:00,2025-08-18,9,0,0,summer,8100,,,,
NYC,hour,2025-08-18 10:00:00,2025-08-18,10,0,0,summer,5689,,,,
NYC,hour,2025-08-18 11:00:00,2025-08-18,11,0,0,summer,6032,,,,
NYC,hour,2025-08-18 12:00:00,2025-08-18,12,0,0,summer,6837,,,,
NYC,hour,2025-08-18 13:00:00,2025-08-18,13,0,0,summer,7347,,,,
NYC,hour,2025-08-18 14:00:00,2025-08-18,14,0,0,summer,7704,,,,
NYC,hour,2025-08-18 15:00:00,2025-08-18,15,0,0,summer,8887,,,,
NYC,hour,2025-08-18 16:00:00,2025-08-18,16,0,0,summer,10858,,,,
NYC,hour,2025-08-18 17:00:00,2025-08-18,17,0,0,summer,16376,,,,
NYC,hour,2025-08-18 18:00:00,2025-08-18,18,0,0,summer,16390,,,,
NYC,hour,2025-08-18 19:00:00,2025-08-18,19,0,0,summer,12714,,,,
NYC,hour,2025-08-18 20:00:00,2025-08-18,20,0,0,summer,8851,,,,
NYC,hour,2025-08-18 21:00:00,2025-08-18,21,0,0,summer,6401,,,,
NYC,hour,2025-08-18 22:00:00,2025-08-18,22,0,0,summer,4507,,,,
NYC,hour,2025-08-18 23:00:00,2025-08-18,23,0,0,summer,2907,,,,
NYC,hour,2025-08-19 00:00:00,2025-08-19,0,1,0,summer,1690,,,,
NYC,hour,2025-08-19 01:00:00,2025-08-19,1,1,0,summer,844,,,,
NYC,hour,2025-08-19 02:00:00,2025-08-19,2,1,0,summer,496,,,,
NYC,hour,2025-08-19 03:00:00,2025-08-19,3,1,0,summer,349,,,,
NYC,hour,2025-08-19 04:00:00,2025-08-19,4,1,0,summer,447,,,,
NYC,hour,2025-08-19 05:00:00,2025-08-19,5,1,0,summer,1588,,,,
NYC,hour,2025-08-19 06:00:00,2025-08-19,6,1,0,summer,4341,,,,
NYC,hour,2025-08-19 07:00:00,2025-08-19,7,1,0,summer,8257,,,,
NYC,hour,2025-08-19 08:00:00,2025-08-19,8,1,0,summer,13140,,,,
NYC,hour,2025-08-19 09:00:00,2025-08-19,9,1,0,summer,10043,,,,
NYC,hour,2025-08-19 10:00:00,2025-08-19,10,1,0,summer,6734,,,,
NYC,hour,2025-08-19 11:00:00,2025-08-19,11,1,0,summer,6693,,,,
NYC,hour,2025-08-19 12:00:00,2025-08-19,12,1,0,summer,7736,,,,
NYC,hour,2025-08-19 13:00:00,2025-08-19,13,1,0,summer,7793,,,,
NYC,hour,2025-08-19 14:00:00,2025-08-19,14,1,0,summer,8195,,,,
NYC,hour,2025-08-19 15:00:00,2025-08-19,15,1,0,summer,9330,,,,
NYC,hour,2025-08-19 16:00:00,2025-08-19,16,1,0,summer,11962,,,,
NYC,hour,2025-08-19 17:00:00,2025-08-19,17,1,0,summer,18210,,,,
NYC,hour,2025-08-19 18:00:00,2025-08-19,18,1,0,summer,17623,,,,
NYC,hour,2025-08-19 19:00:00,2025-08-19,19,1,0,summer,13426,,,,
NYC,hour,2025-08-19 20:00:00,2025-08-19,20,1,0,summer,9428,,,,
NYC,hour,2025-08-19 21:00:00,2025-08-19,21,1,0,summer,7096,,,,
NYC,hour,2025-08-19 22:00:00,2025-08-19,22,1,0,summer,5261,,,,
NYC,hour,2025-08-19 23:00:00,2025-08-19,23,1,0,summer,3397,,,,
NYC,hour,2025-08-20 00:00:00,2025-08-20,0,2,0,summer,1863,,,,
NYC,hour,2025-08-20 01:00:00,2025-08-20,1,2,0,summer,967,,,,
NYC,hour,2025-08-20 02:00:00,2025-08-20,2,2,0,summer,515,,,,
NYC,hour,2025-08-20 03:00:00,2025-08-20,3,2,0,summer,323,,,,
NYC,hour,2025-08-20 04:00:00,2025-08-20,4,2,0,summer,418,,,,
NYC,hour,2025-08-20 05:00:00,2025-08-20,5,2,0,summer,1403,,,,
NYC,hour,2025-08-20 06:00:00,2025-08-20,6,2,0,summer,4212,,,,
NYC,hour,2025-08-20 07:00:00,2025-08-20,7,2,0,summer,7885,,,,
NYC,hour,2025-08-20 08:00:00,2025-08-20,8,2,0,summer,12689,,,,
NYC,hour,2025-08-20 09:00:00,2025-08-20,9,2,0,summer,7834,,,,
NYC,hour,2025-08-20 10:00:00,2025-08-20,10,2,0,summer,4845,,,,
NYC,hour,2025-08-20 11:00:00,2025-08-20,11,2,0,summer,5286,,,,
NYC,hour,2025-08-20 12:00:00,2025-08-20,12,2,0,summer,6053,,,,
NYC,hour,2025-08-20 13:00:00,2025-08-20,13,2,0,summer,3375,,,,
NYC,hour,2025-08-20 14:00:00,2025-08-20,14,2,0,summer,2682,,,,
NYC,hour,2025-08-20 15:00:00,2025-08-20,15,2,0,summer,3146,,,,
NYC,hour,2025-08-20 16:00:00,2025-08-20,16,2,0,summer,3632,,,,
NYC,hour,2025-08-20 17:00:00,2025-08-20,17,2,0,summer,7898,,,,
NYC,hour,2025-08-20 18:00:00,2025-08-20,18,2,0,summer,6724,,,,
NYC,hour,2025-08-20 19:00:00,2025-08-20,19,2,0,summer,4028,,,,
NYC,hour,2025-08-20 20:00:00,2025-08-20,20,2,0,summer,2716,,,,
NYC,hour,2025-08-20 21:00:00,2025-08-20,21,2,0,summer,1449,,,,
NYC,hour,2025-08-20 22:00:00,2025-08-20,22,2,0,summer,1719,,,,
NYC,hour,2025-08-20 23:00:00,2025-08-20,23,2,0,summer,1336,,,,
NYC,hour,2025-08-21 00:00:00,2025-08-21,0,3,0,summer,1087,,,,
NYC,hour,2025-08-21 01:00:00,2025-08-21,1,3,0,summer,529,,,,
NYC,hour,2025-08-21 02:00:00,2025-08-21,2,3,0,summer,312,,,,
NYC,hour,2025-08-21 03:00:00,2025-08-21,3,3,0,summer,167,,,,
NYC,hour,2025-08-21 04:00:00,2025-08-21,4,3,0,summer,218,,,,
NYC,hour,2025-08-21 05:00:00,2025-08-21,5,3,0,summer,847,,,,
NYC,hour,2025-08-21 06:00:00,2025-08-21,6,3,0,summer,2593,,,,
NYC,hour,2025-08-21 07:00:00,2025-08-21,7,3,0,summer,5242,,,,
NYC,hour,2025-08-21 08:00:00,2025-08-21,8,3,0,summer,9009,,,,
NYC,hour,2025-08-21 09:00:00,2025-08-21,9,3,0,summer,8027,,,,
NYC,hour,2025-08-21 10:00:00,2025-08-21,10,3,0,summer,5654,,,,
NYC,hour,2025-08-21 11:00:00,2025-08-21,11,3,0,summer,5985,,,,
NYC,hour,2025-08-21 12:00:00,2025-08-21,12,3,0,summer,6772,,,,
NYC,hour,2025-08-21 13:00:00,2025-08-21,13,3,0,summer,7092,,,,
NYC,hour,2025-08-21 14:00:00,2025-08-21,14,3,0,summer,7560,,,,
NYC,hour,2025-08-21 15:00:00,2025-08-21,15,3,0,summer,9030,,,,
NYC,hour,2025-08-21 16:00:00,2025-08-21,16,3,0,summer,11565,,,,
NYC,hour,2025-08-21 17:00:00,2025-08-21,17,3,0,summer,16522,,,,
NYC,hour,2025-08-21 18:00:00,2025-08-21,18,3,0,summer,15685,,,,
NYC,hour,2025-08-21 19:00:00,2025-08-21,19,3,0,summer,11876,,,,
NYC,hour,2025-08-21 20:00:00,2025-08-21,20,3,0,summer,8528,,,,
NYC,hour,2025-08-21 21:00:00,2025-08-21,21,3,0,summer,6668,,,,
NYC,hour,2025-08-21 22:00:00,2025-08-21,22,3,0,summer,5248,,,,
NYC,hour,2025-08-21 23:00:00,2025-08-21,23,3,0,summer,4031,,,,
NYC,hour,2025-08-22 00:00:00,2025-08-22,0,4,0,summer,2464,,,,
NYC,hour,2025-08-22 01:00:00,2025-08-22,1,4,0,summer,1339,,,,
NYC,hour,2025-08-22 02:00:00,2025-08-22,2,4,0,summer,857,,,,
NYC,hour,2025-08-22 03:00:00,2025-08-22,3,4,0,summer,443,,,,
NYC,hour,2025-08-22 04:00:00,2025-08-22,4,4,0,summer,506,,,,
NYC,hour,2025-08-22 05:00:00,2025-08-22,5,4,0,summer,1279,,,,
NYC,hour,2025-08-22 06:00:00,2025-08-22,6,4,0,summer,3445,,,,
NYC,hour,2025-08-22 07:00:00,2025-08-22,7,4,0,summer,6073,,,,
NYC,hour,2025-08-22 08:00:00,2025-08-22,8,4,0,summer,9184,,,,
NYC,hour,2025-08-22 09:00:00,2025-08-22,9,4,0,summer,8637,,,,
NYC,hour,2025-08-22 10:00:00,2025-08-22,10,4,0,summer,7206,,,,
NYC,hour,2025-08-22 11:00:00,2025-08-22,11,4,0,summer,7914,,,,
NYC,hour,2025-08-22 12:00:00,2025-08-22,12,4,0,summer,8843,,,,
NYC,hour,2025-08-22 13:00:00,2025-08-22,13,4,0,summer,9817,,,,
NYC,hour,2025-08-22 14:00:00,2025-08-22,14,4,0,summer,10094,,,,
NYC,hour,2025-08-22 15:00:00,2025-08-22,15,4,0,summer,10977,,,,
NYC,hour,2025-08-22 16:00:00,2025-08-22,16,4,0,summer,12897,,,,
NYC,hour,2025-08-22 17:00:00,2025-08-22,17,4,0,summer,15393,,,,
NYC,hour,2025-08-22 18:00:00,2025-08-22,18,4,0,summer,14683,,,,
NYC,hour,2025-08-22 19:00:00,2025-08-22,19,4,0,summer,12451,,,,
NYC,hour,2025-08-22 20:00:00,2025-08-22,20,4,0,summer,8650,,,,
NYC,hour,2025-08-22 21:00:00,2025-08-22,21,4,0,summer,6875,,,,
NYC,hour,2025-08-22 22:00:00,2025-08-22,22,4,0,summer,6178,,,,
NYC,hour,2025-08-22 23:00:00,2025-08-22,23,4,0,summer,5099,,,,
NYC,hour,2025-08-23 00:00:00,2025-08-23,0,5,1,summer,3846,,,,
NYC,hour,2025-08-23 01:00:00,2025-08-23,1,5,1,summer,2682,,,,
NYC,hour,2025-08-23 02:00:00,2025-08-23,2,5,1,summer,1935,,,,
NYC,hour,2025-08-23 03:00:00,2025-08-23,3,5,1,summer,1205,,,,
NYC,hour,2025-08-23 04:00:00,2025-08-23,4,5,1,summer,758,,,,
NYC,hour,2025-08-23 05:00:00,2025-08-23,5,5,1,summer,759,,,,
NYC,hour,2025-08-23 06:00:00,2025-08-23,6,5,1,summer,1769,,,,
NYC,hour,2025-08-23 07:00:00,2025-08-23,7,5,1,summer,2955,,,,
NYC,hour,2025-08-23 08:00:00,2025-08-23,8,5,1,summer,4714,,,,
NYC,hour,2025-08-23 09:00:00,2025-08-23,9,5,1,summer,7443,,,,
NYC,hour,2025-08-23 10:00:00,2025-08-23,10,5,1,summer,9787,,,,
NYC,hour,2025-08-23 11:00:00,2025-08-23,11,5,1,summer,11727,,,,
NYC,hour,2025-08-23 12:00:00,2025-08-23,12,5,1,summer,12886,,,,
NYC,hour,2025-08-23 13:00:00,2025-08-23,13,5,1,summer,12847,,,,
NYC,hour,2025-08-23 14:00:00,2025-08-23,14,5,1,summer,13174,,,,
NYC,hour,2025-08-23 15:00:00,2025-08-23,15,5,1,summer,13016,,,,
NYC,hour,2025-08-23 16:00:00,2025-08-23,16,5,1,summer,13010,,,,
NYC,hour,2025-08-23 17:00:00,2025-08-23,17,5,1,summer,12652,,,,
NYC,hour,2025-08-23 18:00:00,2025-08-23,18,5,1,summer,12672,,,,
NYC,hour,2025-08-23 19:00:00,2025-08-23,19,5,1,summer,10957,,,,
NYC,hour,2025-08-23 20:00:00,2025-08-23,20,5,1,summer,8000,,,,
NYC,hour,2025-08-23 21:00:00,2025-08-23,21,5,1,summer,6264,,,,
NYC,hour,2025-08-23 22:00:00,2025-08-23,22,5,1,summer,5553,,,,
NYC,hour,2025-08-23 23:00:00,2025-08-23,23,5,1,summer,4898,,,,
NYC,hour,2025-08-24 00:00:00,2025-08-24,0,6,1,summer,3977,,,,
NYC,hour,2025-08-24 01:00:00,2025-08-24,1,6,1,summer,2680,,,,
NYC,hour,2025-08-24 02:00:00,2025-08-24,2,6,1,summer,1878,,,,
NYC,hour,2025-08-24 03:00:00,2025-08-24,3,6,1,summer,1282,,,,
NYC,hour,2025-08-24 04:00:00,2025-08-24,4,6,1,summer,849,,,,
NYC,hour,2025-08-24 05:00:00,2025-08-24,5,6,1,summer,625,,,,
NYC,hour,2025-08-24 06:00:00,2025-08-24,6,6,1,summer,1256,,,,
NYC,hour,2025-08-24 07:00:00,2025-08-24,7,6,1,summer,2108,,,,
NYC,hour,2025-08-24 08:00:00,2025-08-24,8,6,1,summer,3609,,,,
NYC,hour,2025-08-24 09:00:00,2025-08-24,9,6,1,summer,5937,,,,
NYC,hour,2025-08-24 10:00:00,2025-08-24,10,6,1,summer,8115,,,,
NYC,hour,2025-08-24 11:00:00,2025-08-24,11,6,1,summer,9490,,,,
NYC,hour,2025-08-24 12:00:00,2025-08-24,12,6,1,summer,10757,,,,
NYC,hour,2025-08-24 13:00:00,2025-08-24,13,6,1,summer,11799,,,,
NYC,hour,2025-08-24 14:00:00,2025-08-24,14,6,1,summer,11841,,,,
NYC,hour,2025-08-24 15:00:00,2025-08-24,15,6,1,summer,12363,,,,
NYC,hour,2025-08-24 16:00:00,2025-08-24,16,6,1,summer,11934,,,,
NYC,hour,2025-08-24 17:00:00,2025-08-24,17,6,1,summer,12140,,,,
NYC,hour,2025-08-24 18:00:00,2025-08-24,18,6,1,summer,11302,,,,
NYC,hour,2025-08-24 19:00:00,2025-08-24,19,6,1,summer,9387,,,,
NYC,hour,2025-08-24 20:00:00,2025-08-24,20,6,1,summer,6869,,,,
NYC,hour,2025-08-24 21:00:00,2025-08-24,21,6,1,summer,5276,,,,
NYC,hour,2025-08-24 22:00:00,2025-08-24,22,6,1,summer,4216,,,,
NYC,hour,2025-08-24 23:00:00,2025-08-24,23,6,1,summer,2892,,,,
NYC,hour,2025-08-25 00:00:00,2025-08-25,0,0,0,summer,1645,,,,
NYC,hour,2025-08-25 01:00:00,2025-08-25,1,0,0,summer,848,,,,
NYC,hour,2025-08-25 02:00:00,2025-08-25,2,0,0,summer,537,,,,
NYC,hour,2025-08-25 03:00:00,2025-08-25,3,0,0,summer,336,,,,
NYC,hour,2025-08-25 04:00:00,2025-08-25,4,0,0,summer,425,,,,
NYC,hour,2025-08-25 05:00:00,2025-08-25,5,0,0,summer,1293,,,,
NYC,hour,2025-08-25 06:00:00,2025-08-25,6,0,0,summer,3761,,,,
NYC,hour,2025-08-25 07:00:00,2025-08-25,7,0,0,summer,7063,,,,
NYC,hour,2025-08-25 08:00:00,2025-08-25,8,0,0,summer,10833,,,,
NYC,hour,2025-08-25 09:00:00,2025-08-25,9,0,0,summer,7984,,,,
NYC,hour,2025-08-25 10:00:00,2025-08-25,10,0,0,summer,6190,,,,
NYC,hour,2025-08-25 11:00:00,2025-08-25,11,0,0,summer,6356,,,,
NYC,hour,2025-08-25 12:00:00,2025-08-25,12,0,0,summer,7262,,,,
NYC,hour,2025-08-25 13:00:00,2025-08-25,13,0,0,summer,7462,,,,
NYC,hour,2025-08-25 14:00:00,2025-08-25,14,0,0,summer,7762,,,,
NYC,hour,2025-08-25 15:00:00,2025-08-25,15,0,0,summer,8603,,,,
NYC,hour,2025-08-25 16:00:00,2025-08-25,16,0,0,summer,11202,,,,
NYC,hour,2025-08-25 17:00:00,2025-08-25,17,0,0,summer,16219,,,,
NYC,hour,2025-08-25 18:00:00,2025-08-25,18,0,0,summer,16024,,,,
NYC,hour,2025-08-25 19:00:00,2025-08-25,19,0,0,summer,11953,,,,
NYC,hour,2025-08-25 20:00:00,2025-08-25,20,0,0,summer,8400,,,,
NYC,hour,2025-08-25 21:00:00,2025-08-25,21,0,0,summer,6159,,,,
NYC,hour,2025-08-25 22:00:00,2025-08-25,22,0,0,summer,4656,,,,
NYC,hour,2025-08-25 23:00:00,2025-08-25,23,0,0,summer,3123,,,,
NYC,hour,2025-08-26 00:00:00,2025-08-26,0,1,0,summer,1780,,,,
NYC,hour,2025-08-26 01:00:00,2025-08-26,1,1,0,summer,890,,,,
NYC,hour,2025-08-26 02:00:00,2025-08-26,2,1,0,summer,501,,,,
NYC,hour,2025-08-26 03:00:00,2025-08-26,3,1,0,summer,334,,,,
NYC,hour,2025-08-26 04:00:00,2025-08-26,4,1,0,summer,443,,,,
NYC,hour,2025-08-26 05:00:00,2025-08-26,5,1,0,summer,1505,,,,
NYC,hour,2025-08-26 06:00:00,2025-08-26,6,1,0,summer,4264,,,,
NYC,hour,2025-08-26 07:00:00,2025-08-26,7,1,0,summer,7905,,,,
NYC,hour,2025-08-26 08:00:00,2025-08-26,8,1,0,summer,12639,,,,
NYC,hour,2025-08-26 09:00:00,2025-08-26,9,1,0,summer,9516,,,,
NYC,hour,2025-08-26 10:00:00,2025-08-26,10,1,0,summer,6789,,,,
NYC,hour,2025-08-26 11:00:00,2025-08-26,11,1,0,summer,6814,,,,
NYC,hour,2025-08-26 12:00:00,2025-08-26,12,1,0,summer,7578,,,,
NYC,hour,2025-08-26 13:00:00,2025-08-26,13,1,0,summer,8050,,,,
NYC,hour,2025-08-26 14:00:00,2025-08-26,14,1,0,summer,8133,,,,
NYC,hour,2025-08-26 15:00:00,2025-08-26,15,1,0,summer,9436,,,,
NYC,hour,2025-08-26 16:00:00,2025-08-26,16,1,0,summer,12127,,,,
NYC,hour,2025-08-26 17:00:00,2025-08-26,17,1,0,summer,17849,,,,
NYC,hour,2025-08-26 18:00:00,2025-08-26,18,1,0,summer,17048,,,,
NYC,hour,2025-08-26 19:00:00,2025-08-26,19,1,0,summer,12787,,,,
NYC,hour,2025-08-26 20:00:00,2025-08-26,20,1,0,summer,8837,,,,
NYC,hour,2025-08-26 21:00:00,2025-08-26,21,1,0,summer,6778,,,,
NYC,hour,2025-08-26 22:00:00,2025-08-26,22,1,0,summer,5236,,,,
NYC,hour,2025-08-26 23:00:00,2025-08-26,23,1,0,summer,3626,,,,
NYC,hour,2025-08-27 00:00:00,2025-08-27,0,2,0,summer,1788,,,,
NYC,hour,2025-08-27 01:00:00,2025-08-27,1,2,0,summer,892,,,,
NYC,hour,2025-08-27 02:00:00,2025-08-27,2,2,0,summer,486,,,,
NYC,hour,2025-08-27 03:00:00,2025-08-27,3,2,0,summer,305,,,,
NYC,hour,2025-08-27 04:00:00,2025-08-27,4,2,0,summer,396,,,,
NYC,hour,2025-08-27 05:00:00,2025-08-27,5,2,0,summer,1386,,,,
NYC,hour,2025-08-27 06:00:00,2025-08-27,6,2,0,summer,4065,,,,
NYC,hour,2025-08-27 07:00:00,2025-08-27,7,2,0,summer,7944,,,,
NYC,hour,2025-08-27 08:00:00,2025-08-27,8,2,0,summer,12783,,,,
NYC,hour,2025-08-27 09:00:00,2025-08-27,9,2,0,summer,9938,,,,
NYC,hour,2025-08-27 10:00:00,2025-08-27,10,2,0,summer,6938,,,,
NYC,hour,2025-08-27 11:00:00,2025-08-27,11,2,0,summer,7132,,,,
NYC,hour,2025-08-27 12:00:00,2025-08-27,12,2,0,summer,7835,,,,
NYC,hour,2025-08-27 13:00:00,2025-08-27,13,2,0,summer,8220,,,,
NYC,hour,2025-08-27 14:00:00,2025-08-27,14,2,0,summer,8556,,,,
NYC,hour,2025-08-27 15:00:00,2025-08-27,15,2,0,summer,9279,,,,
NYC,hour,2025-08-27 16:00:00,2025-08-27,16,2,0,summer,11799,,,,
NYC,hour,2025-08-27 17:00:00,2025-08-27,17,2,0,summer,17551,,,,
NYC,hour,2025-08-27 18:00:00,2025-08-27,18,2,0,summer,16984,,,,
NYC,hour,2025-08-27 19:00:00,2025-08-27,19,2,0,summer,12708,,,,
NYC,hour,2025-08-27 20:00:00,2025-08-27,20,2,0,summer,8735,,,,
NYC,hour,2025-08-27 21:00:00,2025-08-27,21,2,0,summer,6711,,,,
NYC,hour,2025-08-27 22:00:00,2025-08-27,22,2,0,summer,5566,,,,
NYC,hour,2025-08-27 23:00:00,2025-08-27,23,2,0,summer,3791,,,,
NYC,hour,2025-08-28 00:00:00,2025-08-28,0,3,0,summer,2130,,,,
NYC,hour,2025-08-28 01:00:00,2025-08-28,1,3,0,summer,1036,,,,
NYC,hour,2025-08-28 02:00:00,2025-08-28,2,3,0,summer,596,,,,
NYC,hour,2025-08-28 03:00:00,2025-08-28,3,3,0,summer,365,,,,
NYC,hour,2025-08-28 04:00:00,2025-08-28,4,3,0,summer,462,,,,
NYC,hour,2025-08-28 05:00:00,2025-08-28,5,3,0,summer,1257,,,,
NYC,hour,2025-08-28 06:00:00,2025-08-28,6,3,0,summer,3797,,,,
NYC,hour,2025-08-28 07:00:00,2025-08-28,7,3,0,summer,7237,,,,
NYC,hour,2025-08-28 08:00:00,2025-08-28,8,3,0,summer,11680,,,,
NYC,hour,2025-08-28 09:00:00,2025-08-28,9,3,0,summer,9727,,,,
NYC,hour,2025-08-28 10:00:00,2025-08-28,10,3,0,summer,6969,,,,
NYC,hour,2025-08-28 11:00:00,2025-08-28,11,3,0,summer,7174,,,,
NYC,hour,2025-08-28 12:00:00,2025-08-28,12,3,0,summer,8105,,,,
NYC,hour,2025-08-28 13:00:00,2025-08-28,13,3,0,summer,8498,,,,
NYC,hour,2025-08-28 14:00:00,2025-08-28,14,3,0,summer,8608,,,,
NYC,hour,2025-08-28 15:00:00,2025-08-28,15,3,0,summer,9745,,,,
NYC,hour,2025-08-28 16:00:00,2025-08-28,16,3,0,summer,11925,,,,
NYC,hour,2025-08-28 17:00:00,2025-08-28,17,3,0,summer,16462,,,,
NYC,hour,2025-08-28 18:00:00,2025-08-28,18,3,0,summer,16030,,,,
NYC,hour,2025-08-28 19:00:00,2025-08-28,19,3,0,summer,12319,,,,
NYC,hour,2025-08-28 20:00:00,2025-08-28,20,3,0,summer,8383,,,,
NYC,hour,2025-08-28 21:00:00,2025-08-28,21,3,0,summer,6917,,,,
NYC,hour,2025-08-28 22:00:00,2025-08-28,22,3,0,summer,5415,,,,
NYC,hour,2025-08-28 23:00:00,2025-08-28,23,3,0,summer,3754,,,,
NYC,hour,2025-08-29 00:00:00,2025-08-29,0,4,0,summer,2607,,,,
NYC,hour,2025-08-29 01:00:00,2025-08-29,1,4,0,summer,1485,,,,
NYC,hour,2025-08-29 02:00:00,2025-08-29,2,4,0,summer,847,,,,
NYC,hour,2025-08-29 03:00:00,2025-08-29,3,4,0,summer,524,,,,
NYC,hour,2025-08-29 04:00:00,2025-08-29,4,4,0,summer,536,,,,
NYC,hour,2025-08-29 05:00:00,2025-08-29,5,4,0,summer,1207,,,,
NYC,hour,2025-08-29 06:00:00,2025-08-29,6,4,0,summer,3136,,,,
NYC,hour,2025-08-29 07:00:00,2025-08-29,7,4,0,summer,5704,,,,
NYC,hour,2025-08-29 08:00:00,2025-08-29,8,4,0,summer,8215,,,,
NYC,hour,2025-08-29 09:00:00,2025-08-29,9,4,0,summer,7853,,,,
NYC,hour,2025-08-29 10:00:00,2025-08-29,10,4,0,summer,7141,,,,
NYC,hour,2025-08-29 11:00:00,2025-08-29,11,4,0,summer,7953,,,,
NYC,hour,2025-08-29 12:00:00,2025-08-29,12,4,0,summer,9094,,,,
NYC,hour,2025-08-29 13:00:00,2025-08-29,13,4,0,summer,9820,,,,
NYC,hour,2025-08-29 14:00:00,2025-08-29,14,4,0,summer,10243,,,,
NYC,hour,2025-08-29 15:00:00,2025-08-29,15,4,0,summer,11156,,,,
NYC,hour,2025-08-29 16:00:00,2025-08-29,16,4,0,summer,11878,,,,
NYC,hour,2025-08-29 17:00:00,2025-08-29,17,4,0,summer,13494,,,,
NYC,hour,2025-08-29 18:00:00,2025-08-29,18,4,0,summer,12534,,,,
NYC,hour,2025-08-29 19:00:00,2025-08-29,19,4,0,summer,10285,,,,
NYC,hour,2025-08-29 20:00:00,2025-08-29,20,4,0,summer,7574,,,,
NYC,hour,2025-08-29 21:00:00,2025-08-29,21,4,0,summer,5901,,,,
NYC,hour,2025-08-29 22:00:00,2025-08-29,22,4,0,summer,4909,,,,
NYC,hour,2025-08-29 23:00:00,2025-08-29,23,4,0,summer,4367,,,,
NYC,hour,2025-08-30 00:00:00,2025-08-30,0,5,1,summer,3410,,,,
NYC,hour,2025-08-30 01:00:00,2025-08-30,1,5,1,summer,2197,,,,
NYC,hour,2025-08-30 02:00:00,2025-08-30,2,5,1,summer,1460,,,,
NYC,hour,2025-08-30 03:00:00,2025-08-30,3,5,1,summer,1002,,,,
NYC,hour,2025-08-30 04:00:00,2025-08-30,4,5,1,summer,677,,,,
NYC,hour,2025-08-30 05:00:00,2025-08-30,5,5,1,summer,575,,,,
NYC,hour,2025-08-30 06:00:00,2025-08-30,6,5,1,summer,1275,,,,
NYC,hour,2025-08-30 07:00:00,2025-08-30,7,5,1,summer,2398,,,,
NYC,hour,2025-08-30 08:00:00,2025-08-30,8,5,1,summer,3928,,,,
NYC,hour,2025-08-30 09:00:00,2025-08-30,9,5,1,summer,6102,,,,
NYC,hour,2025-08-30 10:00:00,2025-08-30,10,5,1,summer,8004,,,,
NYC,hour,2025-08-30 11:00:00,2025-08-30,11,5,1,summer,9631,,,,
NYC,hour,2025-08-30 12:00:00,2025-08-30,12,5,1,summer,10923,,,,
NYC,hour,2025-08-30 13:00:00,2025-08-30,13,5,1,summer,10962,,,,
NYC,hour,2025-08-30 14:00:00,2025-08-30,14,5,1,summer,10967,,,,
NYC,hour,2025-08-30 15:00:00,2025-08-30,15,5,1,summer,11367,,,,
NYC,hour,2025-08-30 16:00:00,2025-08-30,16,5,1,summer,11343,,,,
NYC,hour,2025-08-30 17:00:00,2025-08-30,17,5,1,summer,10978,,,,
NYC,hour,2025-08-30 18:00:00,2025-08-30,18,5,1,summer,10790,,,,
NYC,hour,2025-08-30 19:00:00,2025-08-30,19,5,1,summer,9733,,,,
NYC,hour,2025-08-30 20:00:00,2025-08-30,20,5,1,summer,6953,,,,
NYC,hour,2025-08-30 21:00:00,2025-08-30,21,5,1,summer,5778,,,,
NYC,hour,2025-08-30 22:00:00,2025-08-30,22,5,1,summer,4925,,,,
NYC,hour,2025-08-30 23:00:00,2025-08-30,23,5,1,summer,4354,,,,
NYC,hour,2025-08-31 00:00:00,2025-08-31,0,6,1,summer,3149,,,,
NYC,hour,2025-08-31 01:00:00,2025-08-31,1,6,1,summer,2337,,,,
NYC,hour,2025-08-31 02:00:00,2025-08-31,2,6,1,summer,1688,,,,
NYC,hour,2025-08-31 03:00:00,2025-08-31,3,6,1,summer,1094,,,,
NYC,hour,2025-08-31 04:00:00,2025-08-31,4,6,1,summer,753,,,,
NYC,hour,2025-08-31 05:00:00,2025-08-31,5,6,1,summer,542,,,,
NYC,hour,2025-08-31 06:00:00,2025-08-31,6,6,1,summer,1102,,,,
NYC,hour,2025-08-31 07:00:00,2025-08-31,7,6,1,summer,1861,,,,
NYC,hour,2025-08-31 08:00:00,2025-08-31,8,6,1,summer,3374,,,,
NYC,hour,2025-08-31 09:00:00,2025-08-31,9,6,1,summer,5312,,,,
NYC,hour,2025-08-31 10:00:00,2025-08-31,10,6,1,summer,7457,,,,
NYC,hour,2025-08-31 11:00:00,2025-08-31,11,6,1,summer,9127,,,,
NYC,hour,2025-08-31 12:00:00,2025-08-31,12,6,1,summer,9942,,,,
NYC,hour,2025-08-31 13:00:00,2025-08-31,13,6,1,summer,10690,,,,
NYC,hour,2025-08-31 14:00:00,2025-08-31,14,6,1,summer,10842,,,,
NYC,hour,2025-08-31 15:00:00,2025-08-31,15,6,1,summer,11225,,,,
NYC,hour,2025-08-31 16:00:00,2025-08-31,16,6,1,summer,11209,,,,
NYC,hour,2025-08-31 17:00:00,2025-08-31,17,6,1,summer,11004,,,,
NYC,hour,2025-08-31 18:00:00,2025-08-31,18,6,1,summer,10718,,,,
NYC,hour,2025-08-31 19:00:00,2025-08-31,19,6,1,summer,9186,,,,
NYC,hour,2025-08-31 20:00:00,2025-08-31,20,6,1,summer,6820,,,,
NYC,hour,2025-08-31 21:00:00,2025-08-31,21,6,1,summer,5530,,,,
NYC,hour,2025-08-31 22:00:00,2025-08-31,22,6,1,summer,4736,,,,
NYC,hour,2025-08-31 23:00:00,2025-08-31,23,6,1,summer,3928,,,,
NYC,hour,2025-09-01 00:00:00,2025-09-01,0,0,0,fall,2855,,,,
NYC,hour,2025-09-01 01:00:00,2025-09-01,1,0,0,fall,1762,,,,
NYC,hour,2025-09-01 02:00:00,2025-09-01,2,0,0,fall,1157,,,,
NYC,hour,2025-09-01 03:00:00,2025-09-01,3,0,0,fall,761,,,,
NYC,hour,2025-09-01 04:00:00,2025-09-01,4,0,0,fall,666,,,,
NYC,hour,2025-09-01 05:00:00,2025-09-01,5,0,0,fall,587,,,,
NYC,hour,2025-09-01 06:00:00,2025-09-01,6,0,0,fall,1271,,,,
NYC,hour,2025-09-01 07:00:00,2025-09-01,7,0,0,fall,2138,,,,
NYC,hour,2025-09-01 08:00:00,2025-09-01,8,0,0,fall,3420,,,,
NYC,hour,2025-09-01 09:00:00,2025-09-01,9,0,0,fall,5489,,,,
NYC,hour,2025-09-01 10:00:00,2025-09-01,10,0,0,fall,7145,,,,
NYC,hour,2025-09-01 11:00:00,2025-09-01,11,0,0,fall,8703,,,,
NYC,hour,2025-09-01 12:00:00,2025-09-01,12,0,0,fall,9789,,,,
NYC,hour,2025-09-01 13:00:00,2025-09-01,13,0,0,fall,10984,,,,
NYC,hour,2025-09-01 14:00:00,2025-09-01,14,0,0,fall,10975,,,,
NYC,hour,2025-09-01 15:00:00,2025-09-01,15,0,0,fall,11550,,,,
NYC,hour,2025-09-01 16:00:00,2025-09-01,16,0,0,fall,11826,,,,
NYC,hour,2025-09-01 17:00:00,2025-09-01,17,0,0,fall,11787,,,,
NYC,hour,2025-09-01 18:00:00,2025-09-01,18,0,0,fall,11544,,,,
NYC,hour,2025-09-01 19:00:00,2025-09-01,19,0,0,fall,9520,,,,
NYC,hour,2025-09-01 20:00:00,2025-09-01,20,0,0,fall,6702,,,,
NYC,hour,2025-09-01 21:00:00,2025-09-01,21,0,0,fall,5231,,,,
NYC,hour,2025-09-01 22:00:00,2025-09-01,22,0,0,fall,3735,,,,
NYC,hour,2025-09-01 23:00:00,2025-09-01,23,0,0,fall,2727,,,,
NYC,hour,2025-09-02 00:00:00,2025-09-02,0,1,0,fall,1666,,,,
NYC,hour,2025-09-02 01:00:00,2025-09-02,1,1,0,fall,779,,,,
NYC,hour,2025-09-02 02:00:00,2025-09-02,2,1,0,fall,460,,,,
NYC,hour,2025-09-02 03:00:00,2025-09-02,3,1,0,fall,314,,,,
NYC,hour,2025-09-02 04:00:00,2025-09-02,4,1,0,fall,438,,,,
NYC,hour,2025-09-02 05:00:00,2025-09-02,5,1,0,fall,1452,,,,
NYC,hour,2025-09-02 06:00:00,2025-09-02,6,1,0,fall,4469,,,,
NYC,hour,2025-09-02 07:00:00,2025-09-02,7,1,0,fall,8824,,,,
NYC,hour,2025-09-02 08:00:00,2025-09-02,8,1,0,fall,13286,,,,
NYC,hour,2025-09-02 09:00:00,2025-09-02,9,1,0,fall,9519,,,,
NYC,hour,2025-09-02 10:00:00,2025-09-02,10,1,0,fall,6605,,,,
NYC,hour,2025-09-02 11:00:00,2025-09-02,11,1,0,fall,6566,,,,
NYC,hour,2025-09-02 12:00:00,2025-09-02,12,1,0,fall,7429,,,,
NYC,hour,2025-09-02 13:00:00,2025-09-02,13,1,0,fall,7878,,,,
NYC,hour,2025-09-02 14:00:00,2025-09-02,14,1,0,fall,8192,,,,
NYC,hour,2025-09-02 15:00:00,2025-09-02,15,1,0,fall,9802,,,,
NYC,hour,2025-09-02 16:00:00,2025-09-02,16,1,0,fall,12141,,,,
NYC,hour,2025-09-02 17:00:00,2025-09-02,17,1,0,fall,18495,,,,
NYC,hour,2025-09-02 18:00:00,2025-09-02,18,1,0,fall,18303,,,,
NYC,hour,2025-09-02 19:00:00,2025-09-02,19,1,0,fall,13110,,,,
NYC,hour,2025-09-02 20:00:00,2025-09-02,20,1,0,fall,8255,,,,
NYC,hour,2025-09-02 21:00:00,2025-09-02,21,1,0,fall,6017,,,,
NYC,hour,2025-09-02 22:00:00,2025-09-02,22,1,0,fall,4419,,,,
NYC,hour,2025-09-02 23:00:00,2025-09-02,23,1,0,fall,2912,,,,
NYC,hour,2025-09-03 00:00:00,2025-09-03,0,2,0,fall,1577,,,,
NYC,hour,2025-09-03 01:00:00,2025-09-03,1,2,0,fall,730,,,,
NYC,hour,2025-09-03 02:00:00,2025-09-03,2,2,0,fall,473,,,,
NYC,hour,2025-09-03 03:00:00,2025-09-03,3,2,0,fall,285,,,,
NYC,hour,2025-09-03 04:00:00,2025-09-03,4,2,0,fall,408,,,,
NYC,hour,2025-09-03 05:00:00,2025-09-03,5,2,0,fall,1584,,,,
NYC,hour,2025-09-03 06:00:00,2025-09-03,6,2,0,fall,4669,,,,
NYC,hour,2025-09-03 07:00:00,2025-09-03,7,2,0,fall,9736,,,,
NYC,hour,2025-09-03 08:00:00,2025-09-03,8,2,0,fall,14664,,,,
NYC,hour,2025-09-03 09:00:00,2025-09-03,9,2,0,fall,10964,,,,
NYC,hour,2025-09-03 10:00:00,2025-09-03,10,2,0,fall,7492,,,,
NYC,hour,2025-09-03 11:00:00,2025-09-03,11,2,0,fall,7307,,,,
NYC,hour,2025-09-03 12:00:00,2025-09-03,12,2,0,fall,7841,,,,
NYC,hour,2025-09-03 13:00:00,2025-09-03,13,2,0,fall,8429,,,,
NYC,hour,2025-09-03 14:00:00,2025-09-03,14,2,0,fall,8841,,,,
NYC,hour,2025-09-03 15:00:00,2025-09-03,15,2,0,fall,10012,,,,
NYC,hour,2025-09-03 16:00:00,2025-09-03,16,2,0,fall,13197,,,,
NYC,hour,2025-09-03 17:00:00,2025-09-03,17,2,0,fall,19536,,,,
NYC,hour,2025-09-03 18:00:00,2025-09-03,18,2,0,fall,18868,,,,
NYC,hour,2025-09-03 19:00:00,2025-09-03,19,2,0,fall,13950,,,,
NYC,hour,2025-09-03 20:00:00,2025-09-03,20,2,0,fall,9021,,,,
NYC,hour,2025-09-03 21:00:00,2025-09-03,21,2,0,fall,6585,,,,
NYC,hour,2025-09-03 22:00:00,2025-09-03,22,2,0,fall,4960,,,,
NYC,hour,2025-09-03 23:00:00,2025-09-03,23,2,0,fall,3273,,,,
NYC,hour,2025-09-04 00:00:00,2025-09-04,0,3,0,fall,1856,,,,
NYC,hour,2025-09-04 01:00:00,2025-09-04,1,3,0,fall,846,,,,
NYC,hour,2025-09-04 02:00:00,2025-09-04,2,3,0,fall,491,,,,
NYC,hour,2025-09-04 03:00:00,2025-09-04,3,3,0,fall,341,,,,
NYC,hour,2025-09-04 04:00:00,2025-09-04,4,3,0,fall,439,,,,
NYC,hour,2025-09-04 05:00:00,2025-09-04,5,3,0,fall,1589,,,,
NYC,hour,2025-09-04 06:00:00,2025-09-04,6,3,0,fall,4738,,,,
NYC,hour,2025-09-04 07:00:00,2025-09-04,7,3,0,fall,10445,,,,
NYC,hour,2025-09-04 08:00:00,2025-09-04,8,3,0,fall,15750,,,,
NYC,hour,2025-09-04 09:00:00,2025-09-04,9,3,0,fall,11199,,,,
NYC,hour,2025-09-04 10:00:00,2025-09-04,10,3,0,fall,7690,,,,
NYC,hour,2025-09-04 11:00:00,2025-09-04,11,3,0,fall,7427,,,,
NYC,hour,2025-09-04 12:00:00,2025-09-04,12,3,0,fall,8358,,,,
NYC,hour,2025-09-04 13:00:00,2025-09-04,13,3,0,fall,8726,,,,
NYC,hour,2025-09-04 14:00:00,2025-09-04,14,3,0,fall,9490,,,,
NYC,hour,2025-09-04 15:00:00,2025-09-04,15,3,0,fall,10842,,,,
NYC,hour,2025-09-04 16:00:00,2025-09-04,16,3,0,fall,13325,,,,
NYC,hour,2025-09-04 17:00:00,2025-09-04,17,3,0,fall,19066,,,,
NYC,hour,2025-09-04 18:00:00,2025-09-04,18,3,0,fall,18505,,,,
NYC,hour,2025-09-04 19:00:00,2025-09-04,19,3,0,fall,11654,,,,
NYC,hour,2025-09-04 20:00:00,2025-09-04,20,3,0,fall,5578,,,,
NYC,hour,2025-09-04 21:00:00,2025-09-04,21,3,0,fall,5383,,,,
NYC,hour,2025-09-04 22:00:00,2025-09-04,22,3,0,fall,4988,,,,
NYC,hour,2025-09-04 23:00:00,2025-09-04,23,3,0,fall,3090,,,,
NYC,hour,2025-09-05 00:00:00,2025-09-05,0,4,0,fall,608,,,,
NYC,hour,2025-09-05 01:00:00,2025-09-05,1,4,0,fall,586,,,,
NYC,hour,2025-09-05 02:00:00,2025-09-05,2,4,0,fall,548,,,,
NYC,hour,2025-09-05 03:00:00,2025-09-05,3,4,0,fall,431,,,,
NYC,hour,2025-09-05 04:00:00,2025-09-05,4,4,0,fall,486,,,,
NYC,hour,2025-09-05 05:00:00,2025-09-05,5,4,0,fall,1356,,,,
NYC,hour,2025-09-05 06:00:00,2025-09-05,6,4,0,fall,4030,,,,
NYC,hour,2025-09-05 07:00:00,2025-09-05,7,4,0,fall,8976,,,,
NYC,hour,2025-09-05 08:00:00,2025-09-05,8,4,0,fall,12691,,,,
NYC,hour,2025-09-05 09:00:00,2025-09-05,9,4,0,fall,9795,,,,
NYC,hour,2025-09-05 10:00:00,2025-09-05,10,4,0,fall,7916,,,,
NYC,hour,2025-09-05 11:00:00,2025-09-05,11,4,0,fall,8049,,,,
NYC,hour,2025-09-05 12:00:00,2025-09-05,12,4,0,fall,9324,,,,
NYC,hour,2025-09-05 13:00:00,2025-09-05,13,4,0,fall,10093,,,,
NYC,hour,2025-09-05 14:00:00,2025-09-05,14,4,0,fall,11431,,,,
NYC,hour,2025-09-05 15:00:00,2025-09-05,15,4,0,fall,12412,,,,
NYC,hour,2025-09-05 16:00:00,2025-09-05,16,4,0,fall,14289,,,,
NYC,hour,2025-09-05 17:00:00,2025-09-05,17,4,0,fall,17776,,,,
NYC,hour,2025-09-05 18:00:00,2025-09-05,18,4,0,fall,17277,,,,
NYC,hour,2025-09-05 19:00:00,2025-09-05,19,4,0,fall,13664,,,,
NYC,hour,2025-09-05 20:00:00,2025-09-05,20,4,0,fall,9391,,,,
NYC,hour,2025-09-05 21:00:00,2025-09-05,21,4,0,fall,7309,,,,
NYC,hour,2025-09-05 22:00:00,2025-09-05,22,4,0,fall,6272,,,,
NYC,hour,2025-09-05 23:00:00,2025-09-05,23,4,0,fall,5856,,,,
NYC,hour,2025-09-06 00:00:00,2025-09-06,0,5,1,fall,4421,,,,
NYC,hour,2025-09-06 01:00:00,2025-09-06,1,5,1,fall,3035,,,,
NYC,hour,2025-09-06 02:00:00,2025-09-06,2,5,1,fall,2104,,,,
NYC,hour,2025-09-06 03:00:00,2025-09-06,3,5,1,fall,1344,,,,
NYC,hour,2025-09-06 04:00:00,2025-09-06,4,5,1,fall,871,,,,
NYC,hour,2025-09-06 05:00:00,2025-09-06,5,5,1,fall,633,,,,
NYC,hour,2025-09-06 06:00:00,2025-09-06,6,5,1,fall,1485,,,,
NYC,hour,2025-09-06 07:00:00,2025-09-06,7,5,1,fall,3006,,,,
NYC,hour,2025-09-06 08:00:00,2025-09-06,8,5,1,fall,5132,,,,
NYC,hour,2025-09-06 09:00:00,2025-09-06,9,5,1,fall,7834,,,,
NYC,hour,2025-09-06 10:00:00,2025-09-06,10,5,1,fall,10337,,,,
NYC,hour,2025-09-06 11:00:00,2025-09-06,11,5,1,fall,12281,,,,
NYC,hour,2025-09-06 12:00:00,2025-09-06,12,5,1,fall,13554,,,,
NYC,hour,2025-09-06 13:00:00,2025-09-06,13,5,1,fall,13511,,,,
NYC,hour,2025-09-06 14:00:00,2025-09-06,14,5,1,fall,12919,,,,
NYC,hour,2025-09-06 15:00:00,2025-09-06,15,5,1,fall,4161,,,,
NYC,hour,2025-09-06 16:00:00,2025-09-06,16,5,1,fall,7269,,,,
NYC,hour,2025-09-06 17:00:00,2025-09-06,17,5,1,fall,7756,,,,
NYC,hour,2025-09-06 18:00:00,2025-09-06,18,5,1,fall,8669,,,,
NYC,hour,2025-09-06 19:00:00,2025-09-06,19,5,1,fall,6917,,,,
NYC,hour,2025-09-06 20:00:00,2025-09-06,20,5,1,fall,2280,,,,
NYC,hour,2025-09-06 21:00:00,2025-09-06,21,5,1,fall,1978,,,,
NYC,hour,2025-09-06 22:00:00,2025-09-06,22,5,1,fall,2793,,,,
NYC,hour,2025-09-06 23:00:00,2025-09-06,23,5,1,fall,3073,,,,
NYC,hour,2025-09-07 00:00:00,2025-09-07,0,6,1,fall,1708,,,,
NYC,hour,2025-09-07 01:00:00,2025-09-07,1,6,1,fall,1025,,,,
NYC,hour,2025-09-07 02:00:00,2025-09-07,2,6,1,fall,1012,,,,
NYC,hour,2025-09-07 03:00:00,2025-09-07,3,6,1,fall,582,,,,
NYC,hour,2025-09-07 04:00:00,2025-09-07,4,6,1,fall,310,,,,
NYC,hour,2025-09-07 05:00:00,2025-09-07,5,6,1,fall,318,,,,
NYC,hour,2025-09-07 06:00:00,2025-09-07,6,6,1,fall,566,,,,
NYC,hour,2025-09-07 07:00:00,2025-09-07,7,6,1,fall,581,,,,
NYC,hour,2025-09-07 08:00:00,2025-09-07,8,6,1,fall,961,,,,
NYC,hour,2025-09-07 09:00:00,2025-09-07,9,6,1,fall,2781,,,,
NYC,hour,2025-09-07 10:00:00,2025-09-07,10,6,1,fall,3521,,,,
NYC,hour,2025-09-07 11:00:00,2025-09-07,11,6,1,fall,4231,,,,
NYC,hour,2025-09-07 12:00:00,2025-09-07,12,6,1,fall,5797,,,,
NYC,hour,2025-09-07 13:00:00,2025-09-07,13,6,1,fall,7762,,,,
NYC,hour,2025-09-07 14:00:00,2025-09-07,14,6,1,fall,9301,,,,
NYC,hour,2025-09-07 15:00:00,2025-09-07,15,6,1,fall,9745,,,,
NYC,hour,2025-09-07 16:00:00,2025-09-07,16,6,1,fall,10851,,,,
NYC,hour,2025-09-07 17:00:00,2025-09-07,17,6,1,fall,11313,,,,
NYC,hour,2025-09-07 18:00:00,2025-09-07,18,6,1,fall,11899,,,,
NYC,hour,2025-09-07 19:00:00,2025-09-07,19,6,1,fall,9865,,,,
NYC,hour,2025-09-07 20:00:00,2025-09-07,20,6,1,fall,6720,,,,
NYC,hour,2025-09-07 21:00:00,2025-09-07,21,6,1,fall,5144,,,,
NYC,hour,2025-09-07 22:00:00,2025-09-07,22,6,1,fall,3795,,,,
NYC,hour,2025-09-07 23:00:00,2025-09-07,23,6,1,fall,2557,,,,
NYC,hour,2025-09-08 00:00:00,2025-09-08,0,0,0,fall,1711,,,,
NYC,hour,2025-09-08 01:00:00,2025-09-08,1,0,0,fall,732,,,,
NYC,hour,2025-09-08 02:00:00,2025-09-08,2,0,0,fall,420,,,,
NYC,hour,2025-09-08 03:00:00,2025-09-08,3,0,0,fall,282,,,,
NYC,hour,2025-09-08 04:00:00,2025-09-08,4,0,0,fall,462,,,,
NYC,hour,2025-09-08 05:00:00,2025-09-08,5,0,0,fall,1554,,,,
NYC,hour,2025-09-08 06:00:00,2025-09-08,6,0,0,fall,4359,,,,
NYC,hour,2025-09-08 07:00:00,2025-09-08,7,0,0,fall,9910,,,,
NYC,hour,2025-09-08 08:00:00,2025-09-08,8,0,0,fall,13941,,,,
NYC,hour,2025-09-08 09:00:00,2025-09-08,9,0,0,fall,9610,,,,
NYC,hour,2025-09-08 10:00:00,2025-09-08,10,0,0,fall,6642,,,,
NYC,hour,2025-09-08 11:00:00,2025-09-08,11,0,0,fall,6614,,,,
NYC,hour,2025-09-08 12:00:00,2025-09-08,12,0,0,fall,7388,,,,
NYC,hour,2025-09-08 13:00:00,2025-09-08,13,0,0,fall,7957,,,,
NYC,hour,2025-09-08 14:00:00,2025-09-08,14,0,0,fall,9255,,,,
NYC,hour,2025-09-08 15:00:00,2025-09-08,15,0,0,fall,10589,,,,
NYC,hour,2025-09-08 16:00:00,2025-09-08,16,0,0,fall,12869,,,,
NYC,hour,2025-09-08 17:00:00,2025-09-08,17,0,0,fall,18789,,,,
NYC,hour,2025-09-08 18:00:00,2025-09-08,18,0,0,fall,18088,,,,
NYC,hour,2025-09-08 19:00:00,2025-09-08,19,0,0,fall,13095,,,,
NYC,hour,2025-09-08 20:00:00,2025-09-08,20,0,0,fall,8363,,,,
NYC,hour,2025-09-08 21:00:00,2025-09-08,21,0,0,fall,6134,,,,
NYC,hour,2025-09-08 22:00:00,2025-09-08,22,0,0,fall,4247,,,,
NYC,hour,2025-09-08 23:00:00,2025-09-08,23,0,0,fall,2867,,,,
NYC,hour,2025-09-09 00:00:00,2025-09-09,0,1,0,fall,1472,,,,
NYC,hour,2025-09-09 01:00:00,2025-09-09,1,1,0,fall,765,,,,
NYC,hour,2025-09-09 02:00:00,2025-09-09,2,1,0,fall,378,,,,
NYC,hour,2025-09-09 03:00:00,2025-09-09,3,1,0,fall,262,,,,
NYC,hour,2025-09-09 04:00:00,2025-09-09,4,1,0,fall,424,,,,
NYC,hour,2025-09-09 05:00:00,2025-09-09,5,1,0,fall,1669,,,,
NYC,hour,2025-09-09 06:00:00,2025-09-09,6,1,0,fall,4956,,,,
NYC,hour,2025-09-09 07:00:00,2025-09-09,7,1,0,fall,10664,,,,
NYC,hour,2025-09-09 08:00:00,2025-09-09,8,1,0,fall,16493,,,,
NYC,hour,2025-09-09 09:00:00,2025-09-09,9,1,0,fall,11179,,,,
NYC,hour,2025-09-09 10:00:00,2025-09-09,10,1,0,fall,7132,,,,
NYC,hour,2025-09-09 11:00:00,2025-09-09,11,1,0,fall,6801,,,,
NYC,hour,2025-09-09 12:00:00,2025-09-09,12,1,0,fall,7624,,,,
NYC,hour,2025-09-09 13:00:00,2025-09-09,13,1,0,fall,8012,,,,
NYC,hour,2025-09-09 14:00:00,2025-09-09,14,1,0,fall,9257,,,,
NYC,hour,2025-09-09 15:00:00,2025-09-09,15,1,0,fall,10727,,,,
NYC,hour,2025-09-09 16:00:00,2025-09-09,16,1,0,fall,13209,,,,
NYC,hour,2025-09-09 17:00:00,2025-09-09,17,1,0,fall,19683,,,,
NYC,hour,2025-09-09 18:00:00,2025-09-09,18,1,0,fall,19214,,,,
NYC,hour,2025-09-09 19:00:00,2025-09-09,19,1,0,fall,13452,,,,
NYC,hour,2025-09-09 20:00:00,2025-09-09,20,1,0,fall,9045,,,,
NYC,hour,2025-09-09 21:00:00,2025-09-09,21,1,0,fall,6941,,,,
NYC,hour,2025-09-09 22:00:00,2025-09-09,22,1,0,fall,5147,,,,
NYC,hour,2025-09-09 23:00:00,2025-09-09,23,1,0,fall,3098,,,,
NYC,hour,2025-09-10 00:00:00,2025-09-10,0,2,0,fall,1591,,,,
NYC,hour,2025-09-10 01:00:00,2025-09-10,1,2,0,fall,833,,,,
NYC,hour,2025-09-10 02:00:00,2025-09-10,2,2,0,fall,550,,,,
NYC,hour,2025-09-10 03:00:00,2025-09-10,3,2,0,fall,327,,,,
NYC,hour,2025-09-10 04:00:00,2025-09-10,4,2,0,fall,426,,,,
NYC,hour,2025-09-10 05:00:00,2025-09-10,5,2,0,fall,1565,,,,
NYC,hour,2025-09-10 06:00:00,2025-09-10,6,2,0,fall,4325,,,,
NYC,hour,2025-09-10 07:00:00,2025-09-10,7,2,0,fall,9242,,,,
NYC,hour,2025-09-10 08:00:00,2025-09-10,8,2,0,fall,8102,,,,
NYC,hour,2025-09-10 09:00:00,2025-09-10,9,2,0,fall,5094,,,,
NYC,hour,2025-09-10 10:00:00,2025-09-10,10,2,0,fall,4411,,,,
NYC,hour,2025-09-10 11:00:00,2025-09-10,11,2,0,fall,5040,,,,
NYC,hour,2025-09-10 12:00:00,2025-09-10,12,2,0,fall,6398,,,,
NYC,hour,2025-09-10 13:00:00,2025-09-10,13,2,0,fall,7507,,,,
NYC,hour,2025-09-10 14:00:00,2025-09-10,14,2,0,fall,8796,,,,
NYC,hour,2025-09-10 15:00:00,2025-09-10,15,2,0,fall,10235,,,,
NYC,hour,2025-09-10 16:00:00,2025-09-10,16,2,0,fall,12289,,,,
NYC,hour,2025-09-10 17:00:00,2025-09-10,17,2,0,fall,18409,,,,
NYC,hour,2025-09-10 18:00:00,2025-09-10,18,2,0,fall,17358,,,,
NYC,hour,2025-09-10 19:00:00,2025-09-10,19,2,0,fall,12971,,,,
NYC,hour,2025-09-10 20:00:00,2025-09-10,20,2,0,fall,8809,,,,
NYC,hour,2025-09-10 21:00:00,2025-09-10,21,2,0,fall,6876,,,,
NYC,hour,2025-09-10 22:00:00,2025-09-10,22,2,0,fall,5480,,,,
NYC,hour,2025-09-10 23:00:00,2025-09-10,23,2,0,fall,3693,,,,
NYC,hour,2025-09-11 00:00:00,2025-09-11,0,3,0,fall,1996,,,,
NYC,hour,2025-09-11 01:00:00,2025-09-11,1,3,0,fall,992,,,,
NYC,hour,2025-09-11 02:00:00,2025-09-11,2,3,0,fall,578,,,,
NYC,hour,2025-09-11 03:00:00,2025-09-11,3,3,0,fall,374,,,,
NYC,hour,2025-09-11 04:00:00,2025-09-11,4,3,0,fall,428,,,,
NYC,hour,2025-09-11 05:00:00,2025-09-11,5,3,0,fall,1559,,,,
NYC,hour,2025-09-11 06:00:00,2025-09-11,6,3,0,fall,4614,,,,
NYC,hour,2025-09-11 07:00:00,2025-09-11,7,3,0,fall,10374,,,,
NYC,hour,2025-09-11 08:00:00,2025-09-11,8,3,0,fall,15504,,,,
NYC,hour,2025-09-11 09:00:00,2025-09-11,9,3,0,fall,11174,,,,
NYC,hour,2025-09-11 10:00:00,2025-09-11,10,3,0,fall,7968,,,,
NYC,hour,2025-09-11 11:00:00,2025-09-11,11,3,0,fall,7648,,,,
NYC,hour,2025-09-11 12:00:00,2025-09-11,12,3,0,fall,8749,,,,
NYC,hour,2025-09-11 13:00:00,2025-09-11,13,3,0,fall,8998,,,,
NYC,hour,2025-09-11 14:00:00,2025-09-11,14,3,0,fall,9980,,,,
NYC,hour,2025-09-11 15:00:00,2025-09-11,15,3,0,fall,11321,,,,
NYC,hour,2025-09-11 16:00:00,2025-09-11,16,3,0,fall,13905,,,,
NYC,hour,2025-09-11 17:00:00,2025-09-11,17,3,0,fall,20453,,,,
NYC,hour,2025-09-11 18:00:00,2025-09-11,18,3,0,fall,19896,,,,
NYC,hour,2025-09-11 19:00:00,2025-09-11,19,3,0,fall,14616,,,,
NYC,hour,2025-09-11 20:00:00,2025-09-11,20,3,0,fall,9915,,,,
NYC,hour,2025-09-11 21:00:00,2025-09-11,21,3,0,fall,7625,,,,
NYC,hour,2025-09-11 22:00:00,2025-09-11,22,3,0,fall,6231,,,,
NYC,hour,2025-09-11 23:00:00,2025-09-11,23,3,0,fall,4851,,,,
NYC,hour,2025-09-12 00:00:00,2025-09-12,0,4,0,fall,2671,,,,
NYC,hour,2025-09-12 01:00:00,2025-09-12,1,4,0,fall,1482,,,,
NYC,hour,2025-09-12 02:00:00,2025-09-12,2,4,0,fall,810,,,,
NYC,hour,2025-09-12 03:00:00,2025-09-12,3,4,0,fall,594,,,,
NYC,hour,2025-09-12 04:00:00,2025-09-12,4,4,0,fall,562,,,,
NYC,hour,2025-09-12 05:00:00,2025-09-12,5,4,0,fall,1518,,,,
NYC,hour,2025-09-12 06:00:00,2025-09-12,6,4,0,fall,4062,,,,
NYC,hour,2025-09-12 07:00:00,2025-09-12,7,4,0,fall,9136,,,,
NYC,hour,2025-09-12 08:00:00,2025-09-12,8,4,0,fall,12741,,,,
NYC,hour,2025-09-12 09:00:00,2025-09-12,9,4,0,fall,9983,,,,
NYC,hour,2025-09-12 10:00:00,2025-09-12,10,4,0,fall,7965,,,,
NYC,hour,2025-09-12 11:00:00,2025-09-12,11,4,0,fall,8262,,,,
NYC,hour,2025-09-12 12:00:00,2025-09-12,12,4,0,fall,9263,,,,
NYC,hour,2025-09-12 13:00:00,2025-09-12,13,4,0,fall,10277,,,,
NYC,hour,2025-09-12 14:00:00,2025-09-12,14,4,0,fall,11568,,,,
NYC,hour,2025-09-12 15:00:00,2025-09-12,15,4,0,fall,12983,,,,
NYC,hour,2025-09-12 16:00:00,2025-09-12,16,4,0,fall,15004,,,,
NYC,hour,2025-09-12 17:00:00,2025-09-12,17,4,0,fall,18759,,,,
NYC,hour,2025-09-12 18:00:00,2025-09-12,18,4,0,fall,18170,,,,
NYC,hour,2025-09-12 19:00:00,2025-09-12,19,4,0,fall,14291,,,,
NYC,hour,2025-09-12 20:00:00,2025-09-12,20,4,0,fall,9735,,,,
NYC,hour,2025-09-12 21:00:00,2025-09-12,21,4,0,fall,7420,,,,
NYC,hour,2025-09-12 22:00:00,2025-09-12,22,4,0,fall,6847,,,,
NYC,hour,2025-09-12 23:00:00,2025-09-12,23,4,0,fall,5826,,,,
NYC,hour,2025-09-13 00:00:00,2025-09-13,0,5,1,fall,4896,,,,
NYC,hour,2025-09-13 01:00:00,2025-09-13,1,5,1,fall,3330,,,,
NYC,hour,2025-09-13 02:00:00,2025-09-13,2,5,1,fall,2353,,,,
NYC,hour,2025-09-13 03:00:00,2025-09-13,3,5,1,fall,1544,,,,
NYC,hour,2025-09-13 04:00:00,2025-09-13,4,5,1,fall,961,,,,
NYC,hour,2025-09-13 05:00:00,2025-09-13,5,5,1,fall,789,,,,
NYC,hour,2025-09-13 06:00:00,2025-09-13,6,5,1,fall,1527,,,,
NYC,hour,2025-09-13 07:00:00,2025-09-13,7,5,1,fall,2990,,,,
NYC,hour,2025-09-13 08:00:00,2025-09-13,8,5,1,fall,5089,,,,
NYC,hour,2025-09-13 09:00:00,2025-09-13,9,5,1,fall,7951,,,,
NYC,hour,2025-09-13 10:00:00,2025-09-13,10,5,1,fall,10311,,,,
NYC,hour,2025-09-13 11:00:00,2025-09-13,11,5,1,fall,12316,,,,
NYC,hour,2025-09-13 12:00:00,2025-09-13,12,5,1,fall,13797,,,,
NYC,hour,2025-09-13 13:00:00,2025-09-13,13,5,1,fall,14372,,,,
NYC,hour,2025-09-13 14:00:00,2025-09-13,14,5,1,fall,14618,,,,
NYC,hour,2025-09-13 15:00:00,2025-09-13,15,5,1,fall,15111,,,,
NYC,hour,2025-09-13 16:00:00,2025-09-13,16,5,1,fall,14370,,,,
NYC,hour,2025-09-13 17:00:00,2025-09-13,17,5,1,fall,14662,,,,
NYC,hour,2025-09-13 18:00:00,2025-09-13,18,5,1,fall,13951,,,,
NYC,hour,2025-09-13 19:00:00,2025-09-13,19,5,1,fall,11888,,,,
NYC,hour,2025-09-13 20:00:00,2025-09-13,20,5,1,fall,8510,,,,
NYC,hour,2025-09-13 21:00:00,2025-09-13,21,5,1,fall,6989,,,,
NYC,hour,2025-09-13 22:00:00,2025-09-13,22,5,1,fall,6685,,,,
NYC,hour,2025-09-13 23:00:00,2025-09-13,23,5,1,fall,6168,,,,
NYC,hour,2025-09-14 00:00:00,2025-09-14,0,6,1,fall,4598,,,,
NYC,hour,2025-09-14 01:00:00,2025-09-14,1,6,1,fall,3129,,,,
NYC,hour,2025-09-14 02:00:00,2025-09-14,2,6,1,fall,2732,,,,
NYC,hour,2025-09-14 03:00:00,2025-09-14,3,6,1,fall,1491,,,,
NYC,hour,2025-09-14 04:00:00,2025-09-14,4,6,1,fall,1026,,,,
NYC,hour,2025-09-14 05:00:00,2025-09-14,5,6,1,fall,771,,,,
NYC,hour,2025-09-14 06:00:00,2025-09-14,6,6,1,fall,1364,,,,
NYC,hour,2025-09-14 07:00:00,2025-09-14,7,6,1,fall,2384,,,,
NYC,hour,2025-09-14 08:00:00,2025-09-14,8,6,1,fall,4038,,,,
NYC,hour,2025-09-14 09:00:00,2025-09-14,9,6,1,fall,6736,,,,
NYC,hour,2025-09-14 10:00:00,2025-09-14,10,6,1,fall,9737,,,,
NYC,hour,2025-09-14 11:00:00,2025-09-14,11,6,1,fall,11898,,,,
NYC,hour,2025-09-14 12:00:00,2025-09-14,12,6,1,fall,13228,,,,
NYC,hour,2025-09-14 13:00:00,2025-09-14,13,6,1,fall,13345,,,,
NYC,hour,2025-09-14 14:00:00,2025-09-14,14,6,1,fall,13282,,,,
NYC,hour,2025-09-14 15:00:00,2025-09-14,15,6,1,fall,13293,,,,
NYC,hour,2025-09-14 16:00:00,2025-09-14,16,6,1,fall,13911,,,,
NYC,hour,2025-09-14 17:00:00,2025-09-14,17,6,1,fall,13763,,,,
NYC,hour,2025-09-14 18:00:00,2025-09-14,18,6,1,fall,12836,,,,
NYC,hour,2025-09-14 19:00:00,2025-09-14,19,6,1,fall,10506,,,,
NYC,hour,2025-09-14 20:00:00,2025-09-14,20,6,1,fall,7269,,,,
NYC,hour,2025-09-14 21:00:00,2025-09-14,21,6,1,fall,5484,,,,
NYC,hour,2025-09-14 22:00:00,2025-09-14,22,6,1,fall,4084,,,,
NYC,hour,2025-09-14 23:00:00,2025-09-14,23,6,1,fall,2697,,,,
NYC,hour,2025-09-15 00:00:00,2025-09-15,0,0,0,fall,1491,,,,
NYC,hour,2025-09-15 01:00:00,2025-09-15,1,0,0,fall,848,,,,
NYC,hour,2025-09-15 02:00:00,2025-09-15,2,0,0,fall,512,,,,
NYC,hour,2025-09-15 03:00:00,2025-09-15,3,0,0,fall,359,,,,
NYC,hour,2025-09-15 04:00:00,2025-09-15,4,0,0,fall,486,,,,
NYC,hour,2025-09-15 05:00:00,2025-09-15,5,0,0,fall,1508,,,,
NYC,hour,2025-09-15 06:00:00,2025-09-15,6,0,0,fall,4599,,,,
NYC,hour,2025-09-15 07:00:00,2025-09-15,7,0,0,fall,9833,,,,
NYC,hour,2025-09-15 08:00:00,2025-09-15,8,0,0,fall,14334,,,,
NYC,hour,2025-09-15 09:00:00,2025-09-15,9,0,0,fall,9630,,,,
NYC,hour,2025-09-15 10:00:00,2025-09-15,10,0,0,fall,6793,,,,
NYC,hour,2025-09-15 11:00:00,2025-09-15,11,0,0,fall,6641,,,,
NYC,hour,2025-09-15 12:00:00,2025-09-15,12,0,0,fall,7399,,,,
NYC,hour,2025-09-15 13:00:00,2025-09-15,13,0,0,fall,8014,,,,
NYC,hour,2025-09-15 14:00:00,2025-09-15,14,0,0,fall,8862,,,,
NYC,hour,2025-09-15 15:00:00,2025-09-15,15,0,0,fall,10493,,,,
NYC,hour,2025-09-15 16:00:00,2025-09-15,16,0,0,fall,12836,,,,
NYC,hour,2025-09-15 17:00:00,2025-09-15,17,0,0,fall,18695,,,,
NYC,hour,2025-09-15 18:00:00,2025-09-15,18,0,0,fall,18045,,,,
NYC,hour,2025-09-15 19:00:00,2025-09-15,19,0,0,fall,12858,,,,
NYC,hour,2025-09-15 20:00:00,2025-09-15,20,0,0,fall,8538,,,,
NYC,hour,2025-09-15 21:00:00,2025-09-15,21,0,0,fall,6086,,,,
NYC,hour,2025-09-15 22:00:00,2025-09-15,22,0,0,fall,4456,,,,
NYC,hour,2025-09-15 23:00:00,2025-09-15,23,0,0,fall,2782,,,,
NYC,hour,2025-09-16 00:00:00,2025-09-16,0,1,0,fall,1453,,,,
NYC,hour,2025-09-16 01:00:00,2025-09-16,1,1,0,fall,767,,,,
NYC,hour,2025-09-16 02:00:00,2025-09-16,2,1,0,fall,487,,,,
NYC,hour,2025-09-16 03:00:00,2025-09-16,3,1,0,fall,338,,,,
NYC,hour,2025-09-16 04:00:00,2025-09-16,4,1,0,fall,436,,,,
NYC,hour,2025-09-16 05:00:00,2025-09-16,5,1,0,fall,1664,,,,
NYC,hour,2025-09-16 06:00:00,2025-09-16,6,1,0,fall,5118,,,,
NYC,hour,2025-09-16 07:00:00,2025-09-16,7,1,0,fall,10819,,,,
NYC,hour,2025-09-16 08:00:00,2025-09-16,8,1,0,fall,15915,,,,
NYC,hour,2025-09-16 09:00:00,2025-09-16,9,1,0,fall,10759,,,,
NYC,hour,2025-09-16 10:00:00,2025-09-16,10,1,0,fall,7255,,,,
NYC,hour,2025-09-16 11:00:00,2025-09-16,11,1,0,fall,6907,,,,
NYC,hour,2025-09-16 12:00:00,2025-09-16,12,1,0,fall,7610,,,,
NYC,hour,2025-09-16 13:00:00,2025-09-16,13,1,0,fall,8164,,,,
NYC,hour,2025-09-16 14:00:00,2025-09-16,14,1,0,fall,8931,,,,
NYC,hour,2025-09-16 15:00:00,2025-09-16,15,1,0,fall,10475,,,,
NYC,hour,2025-09-16 16:00:00,2025-09-16,16,1,0,fall,13052,,,,
NYC,hour,2025-09-16 17:00:00,2025-09-16,17,1,0,fall,19730,,,,
NYC,hour,2025-09-16 18:00:00,2025-09-16,18,1,0,fall,18546,,,,
NYC,hour,2025-09-16 19:00:00,2025-09-16,19,1,0,fall,13117,,,,
NYC,hour,2025-09-16 20:00:00,2025-09-16,20,1,0,fall,9009,,,,
NYC,hour,2025-09-16 21:00:00,2025-09-16,21,1,0,fall,6981,,,,
NYC,hour,2025-09-16 22:00:00,2025-09-16,22,1,0,fall,5338,,,,
NYC,hour,2025-09-16 23:00:00,2025-09-16,23,1,0,fall,3105,,,,
NYC,hour,2025-09-17 00:00:00,2025-09-17,0,2,0,fall,1663,,,,
NYC,hour,2025-09-17 01:00:00,2025-09-17,1,2,0,fall,722,,,,
NYC,hour,2025-09-17 02:00:00,2025-09-17,2,2,0,fall,430,,,,
NYC,hour,2025-09-17 03:00:00,2025-09-17,3,2,0,fall,299,,,,
NYC,hour,2025-09-17 04:00:00,2025-09-17,4,2,0,fall,460,,,,
NYC,hour,2025-09-17 05:00:00,2025-09-17,5,2,0,fall,1547,,,,
NYC,hour,2025-09-17 06:00:00,2025-09-17,6,2,0,fall,4733,,,,
NYC,hour,2025-09-17 07:00:00,2025-09-17,7,2,0,fall,10876,,,,
NYC,hour,2025-09-17 08:00:00,2025-09-17,8,2,0,fall,16477,,,,
NYC,hour,2025-09-17 09:00:00,2025-09-17,9,2,0,fall,11129,,,,
NYC,hour,2025-09-17 10:00:00,2025-09-17,10,2,0,fall,7082,,,,
NYC,hour,2025-09-17 11:00:00,2025-09-17,11,2,0,fall,5747,,,,
NYC,hour,2025-09-17 12:00:00,2025-09-17,12,2,0,fall,5110,,,,
NYC,hour,2025-09-17 13:00:00,2025-09-17,13,2,0,fall,5062,,,,
NYC,hour,2025-09-17 14:00:00,2025-09-17,14,2,0,fall,7557,,,,
NYC,hour,2025-09-17 15:00:00,2025-09-17,15,2,0,fall,8326,,,,
NYC,hour,2025-09-17 16:00:00,2025-09-17,16,2,0,fall,10973,,,,
NYC,hour,2025-09-17 17:00:00,2025-09-17,17,2,0,fall,17529,,,,
NYC,hour,2025-09-17 18:00:00,2025-09-17,18,2,0,fall,16758,,,,
NYC,hour,2025-09-17 19:00:00,2025-09-17,19,2,0,fall,12338,,,,
NYC,hour,2025-09-17 20:00:00,2025-09-17,20,2,0,fall,8392,,,,
NYC,hour,2025-09-17 21:00:00,2025-09-17,21,2,0,fall,6839,,,,
NYC,hour,2025-09-17 22:00:00,2025-09-17,22,2,0,fall,5743,,,,
NYC,hour,2025-09-17 23:00:00,2025-09-17,23,2,0,fall,3518,,,,
NYC,hour,2025-09-18 00:00:00,2025-09-18,0,3,0,fall,1630,,,,
NYC,hour,2025-09-18 01:00:00,2025-09-18,1,3,0,fall,812,,,,
NYC,hour,2025-09-18 02:00:00,2025-09-18,2,3,0,fall,496,,,,
NYC,hour,2025-09-18 03:00:00,2025-09-18,3,3,0,fall,352,,,,
NYC,hour,2025-09-18 04:00:00,2025-09-18,4,3,0,fall,415,,,,
NYC,hour,2025-09-18 05:00:00,2025-09-18,5,3,0,fall,1464,,,,
NYC,hour,2025-09-18 06:00:00,2025-09-18,6,3,0,fall,4637,,,,
NYC,hour,2025-09-18 07:00:00,2025-09-18,7,3,0,fall,10114,,,,
NYC,hour,2025-09-18 08:00:00,2025-09-18,8,3,0,fall,15913,,,,
NYC,hour,2025-09-18 09:00:00,2025-09-18,9,3,0,fall,11292,,,,
NYC,hour,2025-09-18 10:00:00,2025-09-18,10,3,0,fall,7785,,,,
NYC,hour,2025-09-18 11:00:00,2025-09-18,11,3,0,fall,7392,,,,
NYC,hour,2025-09-18 12:00:00,2025-09-18,12,3,0,fall,8358,,,,
NYC,hour,2025-09-18 13:00:00,2025-09-18,13,3,0,fall,8768,,,,
NYC,hour,2025-09-18 14:00:00,2025-09-18,14,3,0,fall,9816,,,,
NYC,hour,2025-09-18 15:00:00,2025-09-18,15,3,0,fall,11407,,,,
NYC,hour,2025-09-18 16:00:00,2025-09-18,16,3,0,fall,14071,,,,
NYC,hour,2025-09-18 17:00:00,2025-09-18,17,3,0,fall,20509,,,,
NYC,hour,2025-09-18 18:00:00,2025-09-18,18,3,0,fall,19939,,,,
NYC,hour,2025-09-18 19:00:00,2025-09-18,19,3,0,fall,14772,,,,
NYC,hour,2025-09-18 20:00:00,2025-09-18,20,3,0,fall,10357,,,,
NYC,hour,2025-09-18 21:00:00,2025-09-18,21,3,0,fall,7769,,,,
NYC,hour,2025-09-18 22:00:00,2025-09-18,22,3,0,fall,6281,,,,
NYC,hour,2025-09-18 23:00:00,2025-09-18,23,3,0,fall,4962,,,,
NYC,hour,2025-09-19 00:00:00,2025-09-19,0,4,0,fall,2676,,,,
NYC,hour,2025-09-19 01:00:00,2025-09-19,1,4,0,fall,1466,,,,
NYC,hour,2025-09-19 02:00:00,2025-09-19,2,4,0,fall,848,,,,
NYC,hour,2025-09-19 03:00:00,2025-09-19,3,4,0,fall,557,,,,
NYC,hour,2025-09-19 04:00:00,2025-09-19,4,4,0,fall,506,,,,
NYC,hour,2025-09-19 05:00:00,2025-09-19,5,4,0,fall,1474,,,,
NYC,hour,2025-09-19 06:00:00,2025-09-19,6,4,0,fall,4198,,,,
NYC,hour,2025-09-19 07:00:00,2025-09-19,7,4,0,fall,9212,,,,
NYC,hour,2025-09-19 08:00:00,2025-09-19,8,4,0,fall,13049,,,,
NYC,hour,2025-09-19 09:00:00,2025-09-19,9,4,0,fall,10544,,,,
NYC,hour,2025-09-19 10:00:00,2025-09-19,10,4,0,fall,8593,,,,
NYC,hour,2025-09-19 11:00:00,2025-09-19,11,4,0,fall,8402,,,,
NYC,hour,2025-09-19 12:00:00,2025-09-19,12,4,0,fall,9631,,,,
NYC,hour,2025-09-19 13:00:00,2025-09-19,13,4,0,fall,10326,,,,
NYC,hour,2025-09-19 14:00:00,2025-09-19,14,4,0,fall,11595,,,,
NYC,hour,2025-09-19 15:00:00,2025-09-19,15,4,0,fall,13219,,,,
NYC,hour,2025-09-19 16:00:00,2025-09-19,16,4,0,fall,15229,,,,
NYC,hour,2025-09-19 17:00:00,2025-09-19,17,4,0,fall,18639,,,,
NYC,hour,2025-09-19 18:00:00,2025-09-19,18,4,0,fall,17786,,,,
NYC,hour,2025-09-19 19:00:00,2025-09-19,19,4,0,fall,13760,,,,
NYC,hour,2025-09-19 20:00:00,2025-09-19,20,4,0,fall,9495,,,,
NYC,hour,2025-09-19 21:00:00,2025-09-19,21,4,0,fall,7757,,,,
NYC,hour,2025-09-19 22:00:00,2025-09-19,22,4,0,fall,6936,,,,
NYC,hour,2025-09-19 23:00:00,2025-09-19,23,4,0,fall,5753,,,,
NYC,hour,2025-09-20 00:00:00,2025-09-20,0,5,1,fall,4857,,,,
NYC,hour,2025-09-20 01:00:00,2025-09-20,1,5,1,fall,3260,,,,
NYC,hour,2025-09-20 02:00:00,2025-09-20,2,5,1,fall,2249,,,,
NYC,hour,2025-09-20 03:00:00,2025-09-20,3,5,1,fall,1391,,,,
NYC,hour,2025-09-20 04:00:00,2025-09-20,4,5,1,fall,835,,,,
NYC,hour,2025-09-20 05:00:00,2025-09-20,5,5,1,fall,663,,,,
NYC,hour,2025-09-20 06:00:00,2025-09-20,6,5,1,fall,1477,,,,
NYC,hour,2025-09-20 07:00:00,2025-09-20,7,5,1,fall,2923,,,,
NYC,hour,2025-09-20 08:00:00,2025-09-20,8,5,1,fall,5126,,,,
NYC,hour,2025-09-20 09:00:00,2025-09-20,9,5,1,fall,7647,,,,
NYC,hour,2025-09-20 10:00:00,2025-09-20,10,5,1,fall,10039,,,,
NYC,hour,2025-09-20 11:00:00,2025-09-20,11,5,1,fall,12199,,,,
NYC,hour,2025-09-20 12:00:00,2025-09-20,12,5,1,fall,13696,,,,
NYC,hour,2025-09-20 13:00:00,2025-09-20,13,5,1,fall,14234,,,,
NYC,hour,2025-09-20 14:00:00,2025-09-20,14,5,1,fall,14449,,,,
NYC,hour,2025-09-20 15:00:00,2025-09-20,15,5,1,fall,15189,,,,
NYC,hour,2025-09-20 16:00:00,2025-09-20,16,5,1,fall,14552,,,,
NYC,hour,2025-09-20 17:00:00,2025-09-20,17,5,1,fall,14143,,,,
NYC,hour,2025-09-20 18:00:00,2025-09-20,18,5,1,fall,13586,,,,
NYC,hour,2025-09-20 19:00:00,2025-09-20,19,5,1,fall,11185,,,,
NYC,hour,2025-09-20 20:00:00,2025-09-20,20,5,1,fall,8034,,,,
NYC,hour,2025-09-20 21:00:00,2025-09-20,21,5,1,fall,6556,,,,
NYC,hour,2025-09-20 22:00:00,2025-09-20,22,5,1,fall,6132,,,,
NYC,hour,2025-09-20 23:00:00,2025-09-20,23,5,1,fall,5879,,,,
NYC,hour,2025-09-21 00:00:00,2025-09-21,0,6,1,fall,4710,,,,
NYC,hour,2025-09-21 01:00:00,2025-09-21,1,6,1,fall,3098,,,,
NYC,hour,2025-09-21 02:00:00,2025-09-21,2,6,1,fall,2200,,,,
NYC,hour,2025-09-21 03:00:00,2025-09-21,3,6,1,fall,1303,,,,
NYC,hour,2025-09-21 04:00:00,2025-09-21,4,6,1,fall,907,,,,
NYC,hour,2025-09-21 05:00:00,2025-09-21,5,6,1,fall,660,,,,
NYC,hour,2025-09-21 06:00:00,2025-09-21,6,6,1,fall,1423,,,,
NYC,hour,2025-09-21 07:00:00,2025-09-21,7,6,1,fall,2187,,,,
NYC,hour,2025-09-21 08:00:00,2025-09-21,8,6,1,fall,4024,,,,
NYC,hour,2025-09-21 09:00:00,2025-09-21,9,6,1,fall,6590,,,,
NYC,hour,2025-09-21 10:00:00,2025-09-21,10,6,1,fall,9278,,,,
NYC,hour,2025-09-21 11:00:00,2025-09-21,11,6,1,fall,11071,,,,
NYC,hour,2025-09-21 12:00:00,2025-09-21,12,6,1,fall,12733,,,,
NYC,hour,2025-09-21 13:00:00,2025-09-21,13,6,1,fall,12538,,,,
NYC,hour,2025-09-21 14:00:00,2025-09-21,14,6,1,fall,12529,,,,
NYC,hour,2025-09-21 15:00:00,2025-09-21,15,6,1,fall,12824,,,,
NYC,hour,2025-09-21 16:00:00,2025-09-21,16,6,1,fall,12813,,,,
NYC,hour,2025-09-21 17:00:00,2025-09-21,17,6,1,fall,12484,,,,
NYC,hour,2025-09-21 18:00:00,2025-09-21,18,6,1,fall,11786,,,,
NYC,hour,2025-09-21 19:00:00,2025-09-21,19,6,1,fall,9030,,,,
NYC,hour,2025-09-21 20:00:00,2025-09-21,20,6,1,fall,6093,,,,
NYC,hour,2025-09-21 21:00:00,2025-09-21,21,6,1,fall,4599,,,,
NYC,hour,2025-09-21 22:00:00,2025-09-21,22,6,1,fall,3907,,,,
NYC,hour,2025-09-21 23:00:00,2025-09-21,23,6,1,fall,2624,,,,
NYC,hour,2025-09-22 00:00:00,2025-09-22,0,0,0,fall,1492,,,,
NYC,hour,2025-09-22 01:00:00,2025-09-22,1,0,0,fall,765,,,,
NYC,hour,2025-09-22 02:00:00,2025-09-22,2,0,0,fall,446,,,,
NYC,hour,2025-09-22 03:00:00,2025-09-22,3,0,0,fall,309,,,,
NYC,hour,2025-09-22 04:00:00,2025-09-22,4,0,0,fall,430,,,,
NYC,hour,2025-09-22 05:00:00,2025-09-22,5,0,0,fall,1464,,,,
NYC,hour,2025-09-22 06:00:00,2025-09-22,6,0,0,fall,4234,,,,
NYC,hour,2025-09-22 07:00:00,2025-09-22,7,0,0,fall,9349,,,,
NYC,hour,2025-09-22 08:00:00,2025-09-22,8,0,0,fall,13398,,,,
NYC,hour,2025-09-22 09:00:00,2025-09-22,9,0,0,fall,9304,,,,
NYC,hour,2025-09-22 10:00:00,2025-09-22,10,0,0,fall,6566,,,,
NYC,hour,2025-09-22 11:00:00,2025-09-22,11,0,0,fall,6338,,,,
NYC,hour,2025-09-22 12:00:00,2025-09-22,12,0,0,fall,7082,,,,
NYC,hour,2025-09-22 13:00:00,2025-09-22,13,0,0,fall,7578,,,,
NYC,hour,2025-09-22 14:00:00,2025-09-22,14,0,0,fall,8767,,,,
NYC,hour,2025-09-22 15:00:00,2025-09-22,15,0,0,fall,10318,,,,
NYC,hour,2025-09-22 16:00:00,2025-09-22,16,0,0,fall,12405,,,,
NYC,hour,2025-09-22 17:00:00,2025-09-22,17,0,0,fall,17549,,,,
NYC,hour,2025-09-22 18:00:00,2025-09-22,18,0,0,fall,16605,,,,
NYC,hour,2025-09-22 19:00:00,2025-09-22,19,0,0,fall,11690,,,,
NYC,hour,2025-09-22 20:00:00,2025-09-22,20,0,0,fall,8140,,,,
NYC,hour,2025-09-22 21:00:00,2025-09-22,21,0,0,fall,6126,,,,
NYC,hour,2025-09-22 22:00:00,2025-09-22,22,0,0,fall,4652,,,,
NYC,hour,2025-09-22 23:00:00,2025-09-22,23,0,0,fall,3023,,,,
NYC,hour,2025-09-23 00:00:00,2025-09-23,0,1,0,fall,1581,,,,
NYC,hour,2025-09-23 01:00:00,2025-09-23,1,1,0,fall,704,,,,
NYC,hour,2025-09-23 02:00:00,2025-09-23,2,1,0,fall,422,,,,
NYC,hour,2025-09-23 03:00:00,2025-09-23,3,1,0,fall,271,,,,
NYC,hour,2025-09-23 04:00:00,2025-09-23,4,1,0,fall,452,,,,
NYC,hour,2025-09-23 05:00:00,2025-09-23,5,1,0,fall,1547,,,,
NYC,hour,2025-09-23 06:00:00,2025-09-23,6,1,0,fall,4597,,,,
NYC,hour,2025-09-23 07:00:00,2025-09-23,7,1,0,fall,8545,,,,
NYC,hour,2025-09-23 08:00:00,2025-09-23,8,1,0,fall,13478,,,,
NYC,hour,2025-09-23 09:00:00,2025-09-23,9,1,0,fall,10467,,,,
NYC,hour,2025-09-23 10:00:00,2025-09-23,10,1,0,fall,7241,,,,
NYC,hour,2025-09-23 11:00:00,2025-09-23,11,1,0,fall,7248,,,,
NYC,hour,2025-09-23 12:00:00,2025-09-23,12,1,0,fall,8255,,,,
NYC,hour,2025-09-23 13:00:00,2025-09-23,13,1,0,fall,8750,,,,
NYC,hour,2025-09-23 14:00:00,2025-09-23,14,1,0,fall,8921,,,,
NYC,hour,2025-09-23 15:00:00,2025-09-23,15,1,0,fall,9942,,,,
NYC,hour,2025-09-23 16:00:00,2025-09-23,16,1,0,fall,12692,,,,
NYC,hour,2025-09-23 17:00:00,2025-09-23,17,1,0,fall,18661,,,,
NYC,hour,2025-09-23 18:00:00,2025-09-23,18,1,0,fall,17738,,,,
NYC,hour,2025-09-23 19:00:00,2025-09-23,19,1,0,fall,12624,,,,
NYC,hour,2025-09-23 20:00:00,2025-09-23,20,1,0,fall,8696,,,,
NYC,hour,2025-09-23 21:00:00,2025-09-23,21,1,0,fall,6994,,,,
NYC,hour,2025-09-23 22:00:00,2025-09-23,22,1,0,fall,5629,,,,
NYC,hour,2025-09-23 23:00:00,2025-09-23,23,1,0,fall,3451,,,,
NYC,hour,2025-09-24 00:00:00,2025-09-24,0,2,0,fall,1828,,,,
NYC,hour,2025-09-24 01:00:00,2025-09-24,1,2,0,fall,893,,,,
NYC,hour,2025-09-24 02:00:00,2025-09-24,2,2,0,fall,499,,,,
NYC,hour,2025-09-24 03:00:00,2025-09-24,3,2,0,fall,290,,,,
NYC,hour,2025-09-24 04:00:00,2025-09-24,4,2,0,fall,468,,,,
NYC,hour,2025-09-24 05:00:00,2025-09-24,5,2,0,fall,1571,,,,
NYC,hour,2025-09-24 06:00:00,2025-09-24,6,2,0,fall,4579,,,,
NYC,hour,2025-09-24 07:00:00,2025-09-24,7,2,0,fall,9013,,,,
NYC,hour,2025-09-24 08:00:00,2025-09-24,8,2,0,fall,14018,,,,
NYC,hour,2025-09-24 09:00:00,2025-09-24,9,2,0,fall,11297,,,,
NYC,hour,2025-09-24 10:00:00,2025-09-24,10,2,0,fall,7580,,,,
NYC,hour,2025-09-24 11:00:00,2025-09-24,11,2,0,fall,7454,,,,
NYC,hour,2025-09-24 12:00:00,2025-09-24,12,2,0,fall,8045,,,,
NYC,hour,2025-09-24 13:00:00,2025-09-24,13,2,0,fall,8525,,,,
NYC,hour,2025-09-24 14:00:00,2025-09-24,14,2,0,fall,8945,,,,
NYC,hour,2025-09-24 15:00:00,2025-09-24,15,2,0,fall,9892,,,,
NYC,hour,2025-09-24 16:00:00,2025-09-24,16,2,0,fall,12409,,,,
NYC,hour,2025-09-24 17:00:00,2025-09-24,17,2,0,fall,18487,,,,
NYC,hour,2025-09-24 18:00:00,2025-09-24,18,2,0,fall,17461,,,,
NYC,hour,2025-09-24 19:00:00,2025-09-24,19,2,0,fall,11780,,,,
NYC,hour,2025-09-24 20:00:00,2025-09-24,20,2,0,fall,7647,,,,
NYC,hour,2025-09-24 21:00:00,2025-09-24,21,2,0,fall,4335,,,,
NYC,hour,2025-09-24 22:00:00,2025-09-24,22,2,0,fall,2888,,,,
NYC,hour,2025-09-24 23:00:00,2025-09-24,23,2,0,fall,2480,,,,
NYC,hour,2025-09-25 00:00:00,2025-09-25,0,3,0,fall,1508,,,,
NYC,hour,2025-09-25 01:00:00,2025-09-25,1,3,0,fall,753,,,,
NYC,hour,2025-09-25 02:00:00,2025-09-25,2,3,0,fall,408,,,,
NYC,hour,2025-09-25 03:00:00,2025-09-25,3,3,0,fall,276,,,,
NYC,hour,2025-09-25 04:00:00,2025-09-25,4,3,0,fall,403,,,,
NYC,hour,2025-09-25 05:00:00,2025-09-25,5,3,0,fall,1057,,,,
NYC,hour,2025-09-25 06:00:00,2025-09-25,6,3,0,fall,3479,,,,
NYC,hour,2025-09-25 07:00:00,2025-09-25,7,3,0,fall,7155,,,,
NYC,hour,2025-09-25 08:00:00,2025-09-25,8,3,0,fall,10488,,,,
NYC,hour,2025-09-25 09:00:00,2025-09-25,9,3,0,fall,7247,,,,
NYC,hour,2025-09-25 10:00:00,2025-09-25,10,3,0,fall,5480,,,,
NYC,hour,2025-09-25 11:00:00,2025-09-25,11,3,0,fall,3724,,,,
NYC,hour,2025-09-25 12:00:00,2025-09-25,12,3,0,fall,3131,,,,
NYC,hour,2025-09-25 13:00:00,2025-09-25,13,3,0,fall,4926,,,,
NYC,hour,2025-09-25 14:00:00,2025-09-25,14,3,0,fall,6892,,,,
NYC,hour,2025-09-25 15:00:00,2025-09-25,15,3,0,fall,8902,,,,
NYC,hour,2025-09-25 16:00:00,2025-09-25,16,3,0,fall,11869,,,,
NYC,hour,2025-09-25 17:00:00,2025-09-25,17,3,0,fall,17144,,,,
NYC,hour,2025-09-25 18:00:00,2025-09-25,18,3,0,fall,16719,,,,
NYC,hour,2025-09-25 19:00:00,2025-09-25,19,3,0,fall,11741,,,,
NYC,hour,2025-09-25 20:00:00,2025-09-25,20,3,0,fall,8466,,,,
NYC,hour,2025-09-25 21:00:00,2025-09-25,21,3,0,fall,6661,,,,
NYC,hour,2025-09-25 22:00:00,2025-09-25,22,3,0,fall,5593,,,,
NYC,hour,2025-09-25 23:00:00,2025-09-25,23,3,0,fall,4162,,,,
NYC,hour,2025-09-26 00:00:00,2025-09-26,0,4,0,fall,2370,,,,
NYC,hour,2025-09-26 01:00:00,2025-09-26,1,4,0,fall,1475,,,,
NYC,hour,2025-09-26 02:00:00,2025-09-26,2,4,0,fall,871,,,,
NYC,hour,2025-09-26 03:00:00,2025-09-26,3,4,0,fall,573,,,,
NYC,hour,2025-09-26 04:00:00,2025-09-26,4,4,0,fall,633,,,,
NYC,hour,2025-09-26 05:00:00,2025-09-26,5,4,0,fall,1665,,,,
NYC,hour,2025-09-26 06:00:00,2025-09-26,6,4,0,fall,4080,,,,
NYC,hour,2025-09-26 07:00:00,2025-09-26,7,4,0,fall,8972,,,,
NYC,hour,2025-09-26 08:00:00,2025-09-26,8,4,0,fall,12830,,,,
NYC,hour,2025-09-26 09:00:00,2025-09-26,9,4,0,fall,10012,,,,
NYC,hour,2025-09-26 10:00:00,2025-09-26,10,4,0,fall,8217,,,,
NYC,hour,2025-09-26 11:00:00,2025-09-26,11,4,0,fall,8605,,,,
NYC,hour,2025-09-26 12:00:00,2025-09-26,12,4,0,fall,9827,,,,
NYC,hour,2025-09-26 13:00:00,2025-09-26,13,4,0,fall,10303,,,,
NYC,hour,2025-09-26 14:00:00,2025-09-26,14,4,0,fall,11886,,,,
NYC,hour,2025-09-26 15:00:00,2025-09-26,15,4,0,fall,13543,,,,
NYC,hour,2025-09-26 16:00:00,2025-09-26,16,4,0,fall,15332,,,,
NYC,hour,2025-09-26 17:00:00,2025-09-26,17,4,0,fall,18844,,,,
NYC,hour,2025-09-26 18:00:00,2025-09-26,18,4,0,fall,18036,,,,
NYC,hour,2025-09-26 19:00:00,2025-09-26,19,4,0,fall,13666,,,,
NYC,hour,2025-09-26 20:00:00,2025-09-26,20,4,0,fall,9650,,,,
NYC,hour,2025-09-26 21:00:00,2025-09-26,21,4,0,fall,7444,,,,
NYC,hour,2025-09-26 22:00:00,2025-09-26,22,4,0,fall,7155,,,,
NYC,hour,2025-09-26 23:00:00,2025-09-26,23,4,0,fall,6042,,,,
NYC,hour,2025-09-27 00:00:00,2025-09-27,0,5,1,fall,4810,,,,
NYC,hour,2025-09-27 01:00:00,2025-09-27,1,5,1,fall,3343,,,,
NYC,hour,2025-09-27 02:00:00,2025-09-27,2,5,1,fall,2256,,,,
NYC,hour,2025-09-27 03:00:00,2025-09-27,3,5,1,fall,1478,,,,
NYC,hour,2025-09-27 04:00:00,2025-09-27,4,5,1,fall,1018,,,,
NYC,hour,2025-09-27 05:00:00,2025-09-27,5,5,1,fall,920,,,,
NYC,hour,2025-09-27 06:00:00,2025-09-27,6,5,1,fall,1555,,,,
NYC,hour,2025-09-27 07:00:00,2025-09-27,7,5,1,fall,3004,,,,
NYC,hour,2025-09-27 08:00:00,2025-09-27,8,5,1,fall,5193,,,,
NYC,hour,2025-09-27 09:00:00,2025-09-27,9,5,1,fall,8060,,,,
NYC,hour,2025-09-27 10:00:00,2025-09-27,10,5,1,fall,10269,,,,
NYC,hour,2025-09-27 11:00:00,2025-09-27,11,5,1,fall,12059,,,,
NYC,hour,2025-09-27 12:00:00,2025-09-27,12,5,1,fall,13294,,,,
NYC,hour,2025-09-27 13:00:00,2025-09-27,13,5,1,fall,13781,,,,
NYC,hour,2025-09-27 14:00:00,2025-09-27,14,5,1,fall,14001,,,,
NYC,hour,2025-09-27 15:00:00,2025-09-27,15,5,1,fall,14280,,,,
NYC,hour,2025-09-27 16:00:00,2025-09-27,16,5,1,fall,13992,,,,
NYC,hour,2025-09-27 17:00:00,2025-09-27,17,5,1,fall,13431,,,,
NYC,hour,2025-09-27 18:00:00,2025-09-27,18,5,1,fall,13032,,,,
NYC,hour,2025-09-27 19:00:00,2025-09-27,19,5,1,fall,10830,,,,
NYC,hour,2025-09-27 20:00:00,2025-09-27,20,5,1,fall,8534,,,,
NYC,hour,2025-09-27 21:00:00,2025-09-27,21,5,1,fall,5473,,,,
NYC,hour,2025-09-27 22:00:00,2025-09-27,22,5,1,fall,6087,,,,
NYC,hour,2025-09-27 23:00:00,2025-09-27,23,5,1,fall,5139,,,,
NYC,hour,2025-09-28 00:00:00,2025-09-28,0,6,1,fall,3226,,,,
NYC,hour,2025-09-28 01:00:00,2025-09-28,1,6,1,fall,2352,,,,
NYC,hour,2025-09-28 02:00:00,2025-09-28,2,6,1,fall,1184,,,,
NYC,hour,2025-09-28 03:00:00,2025-09-28,3,6,1,fall,751,,,,
NYC,hour,2025-09-28 04:00:00,2025-09-28,4,6,1,fall,527,,,,
NYC,hour,2025-09-28 05:00:00,2025-09-28,5,6,1,fall,537,,,,
NYC,hour,2025-09-28 06:00:00,2025-09-28,6,6,1,fall,1112,,,,
NYC,hour,2025-09-28 07:00:00,2025-09-28,7,6,1,fall,2230,,,,
NYC,hour,2025-09-28 08:00:00,2025-09-28,8,6,1,fall,4121,,,,
NYC,hour,2025-09-28 09:00:00,2025-09-28,9,6,1,fall,6666,,,,
NYC,hour,2025-09-28 10:00:00,2025-09-28,10,6,1,fall,9139,,,,
NYC,hour,2025-09-28 11:00:00,2025-09-28,11,6,1,fall,11483,,,,
NYC,hour,2025-09-28 12:00:00,2025-09-28,12,6,1,fall,12991,,,,
NYC,hour,2025-09-28 13:00:00,2025-09-28,13,6,1,fall,13244,,,,
NYC,hour,2025-09-28 14:00:00,2025-09-28,14,6,1,fall,13479,,,,
NYC,hour,2025-09-28 15:00:00,2025-09-28,15,6,1,fall,13433,,,,
NYC,hour,2025-09-28 16:00:00,2025-09-28,16,6,1,fall,13953,,,,
NYC,hour,2025-09-28 17:00:00,2025-09-28,17,6,1,fall,13419,,,,
NYC,hour,2025-09-28 18:00:00,2025-09-28,18,6,1,fall,12954,,,,
NYC,hour,2025-09-28 19:00:00,2025-09-28,19,6,1,fall,10202,,,,
NYC,hour,2025-09-28 20:00:00,2025-09-28,20,6,1,fall,6877,,,,
NYC,hour,2025-09-28 21:00:00,2025-09-28,21,6,1,fall,5354,,,,
NYC,hour,2025-09-28 22:00:00,2025-09-28,22,6,1,fall,4249,,,,
NYC,hour,2025-09-28 23:00:00,2025-09-28,23,6,1,fall,2673,,,,
NYC,hour,2025-09-29 00:00:00,2025-09-29,0,0,0,fall,1684,,,,
NYC,hour,2025-09-29 01:00:00,2025-09-29,1,0,0,fall,794,,,,
NYC,hour,2025-09-29 02:00:00,2025-09-29,2,0,0,fall,497,,,,
NYC,hour,2025-09-29 03:00:00,2025-09-29,3,0,0,fall,337,,,,
NYC,hour,2025-09-29 04:00:00,2025-09-29,4,0,0,fall,468,,,,
NYC,hour,2025-09-29 05:00:00,2025-09-29,5,0,0,fall,1548,,,,
NYC,hour,2025-09-29 06:00:00,2025-09-29,6,0,0,fall,4455,,,,
NYC,hour,2025-09-29 07:00:00,2025-09-29,7,0,0,fall,9945,,,,
NYC,hour,2025-09-29 08:00:00,2025-09-29,8,0,0,fall,14732,,,,
NYC,hour,2025-09-29 09:00:00,2025-09-29,9,0,0,fall,10087,,,,
NYC,hour,2025-09-29 10:00:00,2025-09-29,10,0,0,fall,6955,,,,
NYC,hour,2025-09-29 11:00:00,2025-09-29,11,0,0,fall,6770,,,,
NYC,hour,2025-09-29 12:00:00,2025-09-29,12,0,0,fall,7467,,,,
NYC,hour,2025-09-29 13:00:00,2025-09-29,13,0,0,fall,8195,,,,
NYC,hour,2025-09-29 14:00:00,2025-09-29,14,0,0,fall,9076,,,,
NYC,hour,2025-09-29 15:00:00,2025-09-29,15,0,0,fall,10462,,,,
NYC,hour,2025-09-29 16:00:00,2025-09-29,16,0,0,fall,12824,,,,
NYC,hour,2025-09-29 17:00:00,2025-09-29,17,0,0,fall,18208,,,,
NYC,hour,2025-09-29 18:00:00,2025-09-29,18,0,0,fall,17241,,,,
NYC,hour,2025-09-29 19:00:00,2025-09-29,19,0,0,fall,12159,,,,
NYC,hour,2025-09-29 20:00:00,2025-09-29,20,0,0,fall,8578,,,,
NYC,hour,2025-09-29 21:00:00,2025-09-29,21,0,0,fall,6177,,,,
NYC,hour,2025-09-29 22:00:00,2025-09-29,22,0,0,fall,4678,,,,
NYC,hour,2025-09-29 23:00:00,2025-09-29,23,0,0,fall,2985,,,,
NYC,hour,2025-09-30 00:00:00,2025-09-30,0,1,0,fall,1531,,,,
NYC,hour,2025-09-30 01:00:00,2025-09-30,1,1,0,fall,700,,,,
NYC,hour,2025-09-30 02:00:00,2025-09-30,2,1,0,fall,446,,,,
NYC,hour,2025-09-30 03:00:00,2025-09-30,3,1,0,fall,291,,,,
NYC,hour,2025-09-30 04:00:00,2025-09-30,4,1,0,fall,414,,,,
NYC,hour,2025-09-30 05:00:00,2025-09-30,5,1,0,fall,1688,,,,
NYC,hour,2025-09-30 06:00:00,2025-09-30,6,1,0,fall,4889,,,,
NYC,hour,2025-09-30 07:00:00,2025-09-30,7,1,0,fall,10902,,,,
NYC,hour,2025-09-30 08:00:00,2025-09-30,8,1,0,fall,16370,,,,
NYC,hour,2025-09-30 09:00:00,2025-09-30,9,1,0,fall,11303,,,,
NYC,hour,2025-09-30 10:00:00,2025-09-30,10,1,0,fall,7423,,,,
NYC,hour,2025-09-30 11:00:00,2025-09-30,11,1,0,fall,7078,,,,
NYC,hour,2025-09-30 12:00:00,2025-09-30,12,1,0,fall,7870,,,,
NYC,hour,2025-09-30 13:00:00,2025-09-30,13,1,0,fall,8289,,,,
NYC,hour,2025-09-30 14:00:00,2025-09-30,14,1,0,fall,9507,,,,
NYC,hour,2025-09-30 15:00:00,2025-09-30,15,1,0,fall,11244,,,,
NYC,hour,2025-09-30 16:00:00,2025-09-30,16,1,0,fall,13950,,,,
NYC,hour,2025-09-30 17:00:00,2025-09-30,17,1,0,fall,20573,,,,
NYC,hour,2025-09-30 18:00:00,2025-09-30,18,1,0,fall,19236,,,,
NYC,hour,2025-09-30 19:00:00,2025-09-30,19,1,0,fall,13250,,,,
NYC,hour,2025-09-30 20:00:00,2025-09-30,20,1,0,fall,9148,,,,
NYC,hour,2025-09-30 21:00:00,2025-09-30,21,1,0,fall,7654,,,,
NYC,hour,2025-09-30 22:00:00,2025-09-30,22,1,0,fall,5732,,,,
NYC,hour,2025-09-30 23:00:00,2025-09-30,23,1,0,fall,3343,,,,
NYC,hour,2025-10-01 00:00:00,2025-10-01,0,2,0,fall,1685,,,,
NYC,hour,2025-10-01 01:00:00,2025-10-01,1,2,0,fall,802,,,,
NYC,hour,2025-10-01 02:00:00,2025-10-01,2,2,0,fall,461,,,,
NYC,hour,2025-10-01 03:00:00,2025-10-01,3,2,0,fall,321,,,,
NYC,hour,2025-10-01 04:00:00,2025-10-01,4,2,0,fall,459,,,,
NYC,hour,2025-10-01 05:00:00,2025-10-01,5,2,0,fall,1571,,,,
NYC,hour,2025-10-01 06:00:00,2025-10-01,6,2,0,fall,4659,,,,
NYC,hour,2025-10-01 07:00:00,2025-10-01,7,2,0,fall,10376,,,,
NYC,hour,2025-10-01 08:00:00,2025-10-01,8,2,0,fall,15843,,,,
NYC,hour,2025-10-01 09:00:00,2025-10-01,9,2,0,fall,10864,,,,
NYC,hour,2025-10-01 10:00:00,2025-10-01,10,2,0,fall,7197,,,,
NYC,hour,2025-10-01 11:00:00,2025-10-01,11,2,0,fall,7079,,,,
NYC,hour,2025-10-01 12:00:00,2025-10-01,12,2,0,fall,8012,,,,
NYC,hour,2025-10-01 13:00:00,2025-10-01,13,2,0,fall,8598,,,,
NYC,hour,2025-10-01 14:00:00,2025-10-01,14,2,0,fall,9782,,,,
NYC,hour,2025-10-01 15:00:00,2025-10-01,15,2,0,fall,11242,,,,
NYC,hour,2025-10-01 16:00:00,2025-10-01,16,2,0,fall,13635,,,,
NYC,hour,2025-10-01 17:00:00,2025-10-01,17,2,0,fall,19812,,,,
NYC,hour,2025-10-01 18:00:00,2025-10-01,18,2,0,fall,17855,,,,
NYC,hour,2025-10-01 19:00:00,2025-10-01,19,2,0,fall,12157,,,,
NYC,hour,2025-10-01 20:00:00,2025-10-01,20,2,0,fall,8403,,,,
NYC,hour,2025-10-01 21:00:00,2025-10-01,21,2,0,fall,6928,,,,
NYC,hour,2025-10-01 22:00:00,2025-10-01,22,2,0,fall,5082,,,,
NYC,hour,2025-10-01 23:00:00,2025-10-01,23,2,0,fall,3329,,,,
NYC,hour,2025-10-02 00:00:00,2025-10-02,0,3,0,fall,1671,,,,
NYC,hour,2025-10-02 01:00:00,2025-10-02,1,3,0,fall,886,,,,
NYC,hour,2025-10-02 02:00:00,2025-10-02,2,3,0,fall,505,,,,
NYC,hour,2025-10-02 03:00:00,2025-10-02,3,3,0,fall,305,,,,
NYC,hour,2025-10-02 04:00:00,2025-10-02,4,3,0,fall,404,,,,
NYC,hour,2025-10-02 05:00:00,2025-10-02,5,3,0,fall,1359,,,,
NYC,hour,2025-10-02 06:00:00,2025-10-02,6,3,0,fall,3882,,,,
NYC,hour,2025-10-02 07:00:00,2025-10-02,7,3,0,fall,7587,,,,
NYC,hour,2025-10-02 08:00:00,2025-10-02,8,3,0,fall,12388,,,,
NYC,hour,2025-10-02 09:00:00,2025-10-02,9,3,0,fall,9937,,,,
NYC,hour,2025-10-02 10:00:00,2025-10-02,10,3,0,fall,7349,,,,
NYC,hour,2025-10-02 11:00:00,2025-10-02,11,3,0,fall,6972,,,,
NYC,hour,2025-10-02 12:00:00,2025-10-02,12,3,0,fall,8186,,,,
NYC,hour,2025-10-02 13:00:00,2025-10-02,13,3,0,fall,8471,,,,
NYC,hour,2025-10-02 14:00:00,2025-10-02,14,3,0,fall,8894,,,,
NYC,hour,2025-10-02 15:00:00,2025-10-02,15,3,0,fall,9916,,,,
NYC,hour,2025-10-02 16:00:00,2025-10-02,16,3,0,fall,12350,,,,
NYC,hour,2025-10-02 17:00:00,2025-10-02,17,3,0,fall,17477,,,,
NYC,hour,2025-10-02 18:00:00,2025-10-02,18,3,0,fall,16379,,,,
NYC,hour,2025-10-02 19:00:00,2025-10-02,19,3,0,fall,11529,,,,
NYC,hour,2025-10-02 20:00:00,2025-10-02,20,3,0,fall,8439,,,,
NYC,hour,2025-10-02 21:00:00,2025-10-02,21,3,0,fall,6043,,,,
NYC,hour,2025-10-02 22:00:00,2025-10-02,22,3,0,fall,5232,,,,
NYC,hour,2025-10-02 23:00:00,2025-10-02,23,3,0,fall,3952,,,,
NYC,hour,2025-10-03 00:00:00,2025-10-03,0,4,0,fall,2170,,,,
NYC,hour,2025-10-03 01:00:00,2025-10-03,1,4,0,fall,1114,,,,
NYC,hour,2025-10-03 02:00:00,2025-10-03,2,4,0,fall,650,,,,
NYC,hour,2025-10-03 03:00:00,2025-10-03,3,4,0,fall,434,,,,
NYC,hour,2025-10-03 04:00:00,2025-10-03,4,4,0,fall,478,,,,
NYC,hour,2025-10-03 05:00:00,2025-10-03,5,4,0,fall,1338,,,,
NYC,hour,2025-10-03 06:00:00,2025-10-03,6,4,0,fall,3852,,,,
NYC,hour,2025-10-03 07:00:00,2025-10-03,7,4,0,fall,8510,,,,
NYC,hour,2025-10-03 08:00:00,2025-10-03,8,4,0,fall,12289,,,,
NYC,hour,2025-10-03 09:00:00,2025-10-03,9,4,0,fall,9740,,,,
NYC,hour,2025-10-03 10:00:00,2025-10-03,10,4,0,fall,7746,,,,
NYC,hour,2025-10-03 11:00:00,2025-10-03,11,4,0,fall,8019,,,,
NYC,hour,2025-10-03 12:00:00,2025-10-03,12,4,0,fall,8934,,,,
NYC,hour,2025-10-03 13:00:00,2025-10-03,13,4,0,fall,9864,,,,
NYC,hour,2025-10-03 14:00:00,2025-10-03,14,4,0,fall,11355,,,,
NYC,hour,2025-10-03 15:00:00,2025-10-03,15,4,0,fall,12668,,,,
NYC,hour,2025-10-03 16:00:00,2025-10-03,16,4,0,fall,14528,,,,
NYC,hour,2025-10-03 17:00:00,2025-10-03,17,4,0,fall,17997,,,,
NYC,hour,2025-10-03 18:00:00,2025-10-03,18,4,0,fall,16405,,,,
NYC,hour,2025-10-03 19:00:00,2025-10-03,19,4,0,fall,12184,,,,
NYC,hour,2025-10-03 20:00:00,2025-10-03,20,4,0,fall,8800,,,,
NYC,hour,2025-10-03 21:00:00,2025-10-03,21,4,0,fall,6776,,,,
NYC,hour,2025-10-03 22:00:00,2025-10-03,22,4,0,fall,5930,,,,
NYC,hour,2025-10-03 23:00:00,2025-10-03,23,4,0,fall,4991,,,,
NYC,hour,2025-10-04 00:00:00,2025-10-04,0,5,1,fall,3733,,,,
NYC,hour,2025-10-04 01:00:00,2025-10-04,1,5,1,fall,2721,,,,
NYC,hour,2025-10-04 02:00:00,2025-10-04,2,5,1,fall,1774,,,,
NYC,hour,2025-10-04 03:00:00,2025-10-04,3,5,1,fall,1250,,,,
NYC,hour,2025-10-04 04:00:00,2025-10-04,4,5,1,fall,710,,,,
NYC,hour,2025-10-04 05:00:00,2025-10-04,5,5,1,fall,649,,,,
NYC,hour,2025-10-04 06:00:00,2025-10-04,6,5,1,fall,1379,,,,
NYC,hour,2025-10-04 07:00:00,2025-10-04,7,5,1,fall,2923,,,,
NYC,hour,2025-10-04 08:00:00,2025-10-04,8,5,1,fall,5137,,,,
NYC,hour,2025-10-04 09:00:00,2025-10-04,9,5,1,fall,7813,,,,
NYC,hour,2025-10-04 10:00:00,2025-10-04,10,5,1,fall,10129,,,,
NYC,hour,2025-10-04 11:00:00,2025-10-04,11,5,1,fall,12012,,,,
NYC,hour,2025-10-04 12:00:00,2025-10-04,12,5,1,fall,13725,,,,
NYC,hour,2025-10-04 13:00:00,2025-10-04,13,5,1,fall,14255,,,,
NYC,hour,2025-10-04 14:00:00,2025-10-04,14,5,1,fall,14483,,,,
NYC,hour,2025-10-04 15:00:00,2025-10-04,15,5,1,fall,15346,,,,
NYC,hour,2025-10-04 16:00:00,2025-10-04,16,5,1,fall,14794,,,,
NYC,hour,2025-10-04 17:00:00,2025-10-04,17,5,1,fall,13962,,,,
NYC,hour,2025-10-04 18:00:00,2025-10-04,18,5,1,fall,13442,,,,
NYC,hour,2025-10-04 19:00:00,2025-10-04,19,5,1,fall,10907,,,,
NYC,hour,2025-10-04 20:00:00,2025-10-04,20,5,1,fall,7991,,,,
NYC,hour,2025-10-04 21:00:00,2025-10-04,21,5,1,fall,6984,,,,
NYC,hour,2025-10-04 22:00:00,2025-10-04,22,5,1,fall,6514,,,,
NYC,hour,2025-10-04 23:00:00,2025-10-04,23,5,1,fall,5474,,,,
NYC,hour,2025-10-05 00:00:00,2025-10-05,0,6,1,fall,4208,,,,
NYC,hour,2025-10-05 01:00:00,2025-10-05,1,6,1,fall,3141,,,,
NYC,hour,2025-10-05 02:00:00,2025-10-05,2,6,1,fall,2172,,,,
NYC,hour,2025-10-05 03:00:00,2025-10-05,3,6,1,fall,1310,,,,
NYC,hour,2025-10-05 04:00:00,2025-10-05,4,6,1,fall,897,,,,
NYC,hour,2025-10-05 05:00:00,2025-10-05,5,6,1,fall,567,,,,
NYC,hour,2025-10-05 06:00:00,2025-10-05,6,6,1,fall,1210,,,,
NYC,hour,2025-10-05 07:00:00,2025-10-05,7,6,1,fall,2360,,,,
NYC,hour,2025-10-05 08:00:00,2025-10-05,8,6,1,fall,4220,,,,
NYC,hour,2025-10-05 09:00:00,2025-10-05,9,6,1,fall,6657,,,,
NYC,hour,2025-10-05 10:00:00,2025-10-05,10,6,1,fall,9358,,,,
NYC,hour,2025-10-05 11:00:00,2025-10-05,11,6,1,fall,11498,,,,
NYC,hour,2025-10-05 12:00:00,2025-10-05,12,6,1,fall,13100,,,,
NYC,hour,2025-10-05 13:00:00,2025-10-05,13,6,1,fall,13274,,,,
NYC,hour,2025-10-05 14:00:00,2025-10-05,14,6,1,fall,13327,,,,
NYC,hour,2025-10-05 15:00:00,2025-10-05,15,6,1,fall,13802,,,,
NYC,hour,2025-10-05 16:00:00,2025-10-05,16,6,1,fall,13778,,,,
NYC,hour,2025-10-05 17:00:00,2025-10-05,17,6,1,fall,13688,,,,
NYC,hour,2025-10-05 18:00:00,2025-10-05,18,6,1,fall,12413,,,,
NYC,hour,2025-10-05 19:00:00,2025-10-05,19,6,1,fall,9666,,,,
NYC,hour,2025-10-05 20:00:00,2025-10-05,20,6,1,fall,6594,,,,
NYC,hour,2025-10-05 21:00:00,2025-10-05,21,6,1,fall,5266,,,,
NYC,hour,2025-10-05 22:00:00,2025-10-05,22,6,1,fall,4013,,,,
NYC,hour,2025-10-05 23:00:00,2025-10-05,23,6,1,fall,2685,,,,
NYC,hour,2025-10-06 00:00:00,2025-10-06,0,0,0,fall,1535,,,,
NYC,hour,2025-10-06 01:00:00,2025-10-06,1,0,0,fall,746,,,,
NYC,hour,2025-10-06 02:00:00,2025-10-06,2,0,0,fall,434,,,,
NYC,hour,2025-10-06 03:00:00,2025-10-06,3,0,0,fall,292,,,,
NYC,hour,2025-10-06 04:00:00,2025-10-06,4,0,0,fall,418,,,,
NYC,hour,2025-10-06 05:00:00,2025-10-06,5,0,0,fall,1408,,,,
NYC,hour,2025-10-06 06:00:00,2025-10-06,6,0,0,fall,4366,,,,
NYC,hour,2025-10-06 07:00:00,2025-10-06,7,0,0,fall,9673,,,,
NYC,hour,2025-10-06 08:00:00,2025-10-06,8,0,0,fall,13883,,,,
NYC,hour,2025-10-06 09:00:00,2025-10-06,9,0,0,fall,9460,,,,
NYC,hour,2025-10-06 10:00:00,2025-10-06,10,0,0,fall,6610,,,,
NYC,hour,2025-10-06 11:00:00,2025-10-06,11,0,0,fall,6742,,,,
NYC,hour,2025-10-06 12:00:00,2025-10-06,12,0,0,fall,7615,,,,
NYC,hour,2025-10-06 13:00:00,2025-10-06,13,0,0,fall,8293,,,,
NYC,hour,2025-10-06 14:00:00,2025-10-06,14,0,0,fall,8949,,,,
NYC,hour,2025-10-06 15:00:00,2025-10-06,15,0,0,fall,10675,,,,
NYC,hour,2025-10-06 16:00:00,2025-10-06,16,0,0,fall,13077,,,,
NYC,hour,2025-10-06 17:00:00,2025-10-06,17,0,0,fall,18892,,,,
NYC,hour,2025-10-06 18:00:00,2025-10-06,18,0,0,fall,17459,,,,
NYC,hour,2025-10-06 19:00:00,2025-10-06,19,0,0,fall,12037,,,,
NYC,hour,2025-10-06 20:00:00,2025-10-06,20,0,0,fall,8012,,,,
NYC,hour,2025-10-06 21:00:00,2025-10-06,21,0,0,fall,6192,,,,
NYC,hour,2025-10-06 22:00:00,2025-10-06,22,0,0,fall,4354,,,,
NYC,hour,2025-10-06 23:00:00,2025-10-06,23,0,0,fall,2674,,,,
NYC,hour,2025-10-07 00:00:00,2025-10-07,0,1,0,fall,1455,,,,
NYC,hour,2025-10-07 01:00:00,2025-10-07,1,1,0,fall,735,,,,
NYC,hour,2025-10-07 02:00:00,2025-10-07,2,1,0,fall,444,,,,
NYC,hour,2025-10-07 03:00:00,2025-10-07,3,1,0,fall,284,,,,
NYC,hour,2025-10-07 04:00:00,2025-10-07,4,1,0,fall,408,,,,
NYC,hour,2025-10-07 05:00:00,2025-10-07,5,1,0,fall,1617,,,,
NYC,hour,2025-10-07 06:00:00,2025-10-07,6,1,0,fall,4914,,,,
NYC,hour,2025-10-07 07:00:00,2025-10-07,7,1,0,fall,10701,,,,
NYC,hour,2025-10-07 08:00:00,2025-10-07,8,1,0,fall,16246,,,,
NYC,hour,2025-10-07 09:00:00,2025-10-07,9,1,0,fall,11062,,,,
NYC,hour,2025-10-07 10:00:00,2025-10-07,10,1,0,fall,7570,,,,
NYC,hour,2025-10-07 11:00:00,2025-10-07,11,1,0,fall,6886,,,,
NYC,hour,2025-10-07 12:00:00,2025-10-07,12,1,0,fall,7872,,,,
NYC,hour,2025-10-07 13:00:00,2025-10-07,13,1,0,fall,8213,,,,
NYC,hour,2025-10-07 14:00:00,2025-10-07,14,1,0,fall,9403,,,,
NYC,hour,2025-10-07 15:00:00,2025-10-07,15,1,0,fall,10799,,,,
NYC,hour,2025-10-07 16:00:00,2025-10-07,16,1,0,fall,13505,,,,
NYC,hour,2025-10-07 17:00:00,2025-10-07,17,1,0,fall,19971,,,,
NYC,hour,2025-10-07 18:00:00,2025-10-07,18,1,0,fall,18431,,,,
NYC,hour,2025-10-07 19:00:00,2025-10-07,19,1,0,fall,12391,,,,
NYC,hour,2025-10-07 20:00:00,2025-10-07,20,1,0,fall,8795,,,,
NYC,hour,2025-10-07 21:00:00,2025-10-07,21,1,0,fall,6710,,,,
NYC,hour,2025-10-07 22:00:00,2025-10-07,22,1,0,fall,5147,,,,
NYC,hour,2025-10-07 23:00:00,2025-10-07,23,1,0,fall,3320,,,,
NYC,hour,2025-10-08 00:00:00,2025-10-08,0,2,0,fall,1991,,,,
NYC,hour,2025-10-08 01:00:00,2025-10-08,1,2,0,fall,823,,,,
NYC,hour,2025-10-08 02:00:00,2025-10-08,2,2,0,fall,406,,,,
NYC,hour,2025-10-08 03:00:00,2025-10-08,3,2,0,fall,295,,,,
NYC,hour,2025-10-08 04:00:00,2025-10-08,4,2,0,fall,426,,,,
NYC,hour,2025-10-08 05:00:00,2025-10-08,5,2,0,fall,858,,,,
NYC,hour,2025-10-08 06:00:00,2025-10-08,6,2,0,fall,3558,,,,
NYC,hour,2025-10-08 07:00:00,2025-10-08,7,2,0,fall,4751,,,,
NYC,hour,2025-10-08 08:00:00,2025-10-08,8,2,0,fall,5911,,,,
NYC,hour,2025-10-08 09:00:00,2025-10-08,9,2,0,fall,4974,,,,
NYC,hour,2025-10-08 10:00:00,2025-10-08,10,2,0,fall,4075,,,,
NYC,hour,2025-10-08 11:00:00,2025-10-08,11,2,0,fall,5070,,,,
NYC,hour,2025-10-08 12:00:00,2025-10-08,12,2,0,fall,6508,,,,
NYC,hour,2025-10-08 13:00:00,2025-10-08,13,2,0,fall,7172,,,,
NYC,hour,2025-10-08 14:00:00,2025-10-08,14,2,0,fall,8678,,,,
NYC,hour,2025-10-08 15:00:00,2025-10-08,15,2,0,fall,10570,,,,
NYC,hour,2025-10-08 16:00:00,2025-10-08,16,2,0,fall,13023,,,,
NYC,hour,2025-10-08 17:00:00,2025-10-08,17,2,0,fall,18079,,,,
NYC,hour,2025-10-08 18:00:00,2025-10-08,18,2,0,fall,16578,,,,
NYC,hour,2025-10-08 19:00:00,2025-10-08,19,2,0,fall,11218,,,,
NYC,hour,2025-10-08 20:00:00,2025-10-08,20,2,0,fall,7985,,,,
NYC,hour,2025-10-08 21:00:00,2025-10-08,21,2,0,fall,6097,,,,
NYC,hour,2025-10-08 22:00:00,2025-10-08,22,2,0,fall,4978,,,,
NYC,hour,2025-10-08 23:00:00,2025-10-08,23,2,0,fall,3235,,,,
NYC,hour,2025-10-09 00:00:00,2025-10-09,0,3,0,fall,1700,,,,
NYC,hour,2025-10-09 01:00:00,2025-10-09,1,3,0,fall,821,,,,
NYC,hour,2025-10-09 02:00:00,2025-10-09,2,3,0,fall,434,,,,
NYC,hour,2025-10-09 03:00:00,2025-10-09,3,3,0,fall,321,,,,
NYC,hour,2025-10-09 04:00:00,2025-10-09,4,3,0,fall,453,,,,
NYC,hour,2025-10-09 05:00:00,2025-10-09,5,3,0,fall,1350,,,,
NYC,hour,2025-10-09 06:00:00,2025-10-09,6,3,0,fall,4208,,,,
NYC,hour,2025-10-09 07:00:00,2025-10-09,7,3,0,fall,9323,,,,
NYC,hour,2025-10-09 08:00:00,2025-10-09,8,3,0,fall,14376,,,,
NYC,hour,2025-10-09 09:00:00,2025-10-09,9,3,0,fall,10336,,,,
NYC,hour,2025-10-09 10:00:00,2025-10-09,10,3,0,fall,7116,,,,
NYC,hour,2025-10-09 11:00:00,2025-10-09,11,3,0,fall,6755,,,,
NYC,hour,2025-10-09 12:00:00,2025-10-09,12,3,0,fall,7620,,,,
NYC,hour,2025-10-09 13:00:00,2025-10-09,13,3,0,fall,7977,,,,
NYC,hour,2025-10-09 14:00:00,2025-10-09,14,3,0,fall,8818,,,,
NYC,hour,2025-10-09 15:00:00,2025-10-09,15,3,0,fall,10355,,,,
NYC,hour,2025-10-09 16:00:00,2025-10-09,16,3,0,fall,12859,,,,
NYC,hour,2025-10-09 17:00:00,2025-10-09,17,3,0,fall,18854,,,,
NYC,hour,2025-10-09 18:00:00,2025-10-09,18,3,0,fall,16552,,,,
NYC,hour,2025-10-09 19:00:00,2025-10-09,19,3,0,fall,11197,,,,
NYC,hour,2025-10-09 20:00:00,2025-10-09,20,3,0,fall,7878,,,,
NYC,hour,2025-10-09 21:00:00,2025-10-09,21,3,0,fall,5960,,,,
NYC,hour,2025-10-09 22:00:00,2025-10-09,22,3,0,fall,4690,,,,
NYC,hour,2025-10-09 23:00:00,2025-10-09,23,3,0,fall,3414,,,,
NYC,hour,2025-10-10 00:00:00,2025-10-10,0,4,0,fall,2215,,,,
NYC,hour,2025-10-10 01:00:00,2025-10-10,1,4,0,fall,1103,,,,
NYC,hour,2025-10-10 02:00:00,2025-10-10,2,4,0,fall,636,,,,
NYC,hour,2025-10-10 03:00:00,2025-10-10,3,4,0,fall,395,,,,
NYC,hour,2025-10-10 04:00:00,2025-10-10,4,4,0,fall,464,,,,
NYC,hour,2025-10-10 05:00:00,2025-10-10,5,4,0,fall,1223,,,,
NYC,hour,2025-10-10 06:00:00,2025-10-10,6,4,0,fall,3469,,,,
NYC,hour,2025-10-10 07:00:00,2025-10-10,7,4,0,fall,7456,,,,
NYC,hour,2025-10-10 08:00:00,2025-10-10,8,4,0,fall,11116,,,,
NYC,hour,2025-10-10 09:00:00,2025-10-10,9,4,0,fall,9154,,,,
NYC,hour,2025-10-10 10:00:00,2025-10-10,10,4,0,fall,7303,,,,
NYC,hour,2025-10-10 11:00:00,2025-10-10,11,4,0,fall,7621,,,,
NYC,hour,2025-10-10 12:00:00,2025-10-10,12,4,0,fall,8961,,,,
NYC,hour,2025-10-10 13:00:00,2025-10-10,13,4,0,fall,9494,,,,
NYC,hour,2025-10-10 14:00:00,2025-10-10,14,4,0,fall,10440,,,,
NYC,hour,2025-10-10 15:00:00,2025-10-10,15,4,0,fall,11955,,,,
NYC,hour,2025-10-10 16:00:00,2025-10-10,16,4,0,fall,13493,,,,
NYC,hour,2025-10-10 17:00:00,2025-10-10,17,4,0,fall,15921,,,,
NYC,hour,2025-10-10 18:00:00,2025-10-10,18,4,0,fall,14361,,,,
NYC,hour,2025-10-10 19:00:00,2025-10-10,19,4,0,fall,10578,,,,
NYC,hour,2025-10-10 20:00:00,2025-10-10,20,4,0,fall,7309,,,,
NYC,hour,2025-10-10 21:00:00,2025-10-10,21,4,0,fall,5846,,,,
NYC,hour,2025-10-10 22:00:00,2025-10-10,22,4,0,fall,5416,,,,
NYC,hour,2025-10-10 23:00:00,2025-10-10,23,4,0,fall,4763,,,,
NYC,hour,2025-10-11 00:00:00,2025-10-11,0,5,1,fall,3867,,,,
NYC,hour,2025-10-11 01:00:00,2025-10-11,1,5,1,fall,2624,,,,
NYC,hour,2025-10-11 02:00:00,2025-10-11,2,5,1,fall,1735,,,,
NYC,hour,2025-10-11 03:00:00,2025-10-11,3,5,1,fall,1199,,,,
NYC,hour,2025-10-11 04:00:00,2025-10-11,4,5,1,fall,772,,,,
NYC,hour,2025-10-11 05:00:00,2025-10-11,5,5,1,fall,715,,,,
NYC,hour,2025-10-11 06:00:00,2025-10-11,6,5,1,fall,1284,,,,
NYC,hour,2025-10-11 07:00:00,2025-10-11,7,5,1,fall,2646,,,,
NYC,hour,2025-10-11 08:00:00,2025-10-11,8,5,1,fall,4453,,,,
NYC,hour,2025-10-11 09:00:00,2025-10-11,9,5,1,fall,5789,,,,
NYC,hour,2025-10-11 10:00:00,2025-10-11,10,5,1,fall,4288,,,,
NYC,hour,2025-10-11 11:00:00,2025-10-11,11,5,1,fall,4972,,,,
NYC,hour,2025-10-11 12:00:00,2025-10-11,12,5,1,fall,6634,,,,
NYC,hour,2025-10-11 13:00:00,2025-10-11,13,5,1,fall,5815,,,,
NYC,hour,2025-10-11 14:00:00,2025-10-11,14,5,1,fall,6032,,,,
NYC,hour,2025-10-11 15:00:00,2025-10-11,15,5,1,fall,8388,,,,
NYC,hour,2025-10-11 16:00:00,2025-10-11,16,5,1,fall,9373,,,,
NYC,hour,2025-10-11 17:00:00,2025-10-11,17,5,1,fall,9771,,,,
NYC,hour,2025-10-11 18:00:00,2025-10-11,18,5,1,fall,9536,,,,
NYC,hour,2025-10-11 19:00:00,2025-10-11,19,5,1,fall,8426,,,,
NYC,hour,2025-10-11 20:00:00,2025-10-11,20,5,1,fall,6475,,,,
NYC,hour,2025-10-11 21:00:00,2025-10-11,21,5,1,fall,5765,,,,
NYC,hour,2025-10-11 22:00:00,2025-10-11,22,5,1,fall,5294,,,,
NYC,hour,2025-10-11 23:00:00,2025-10-11,23,5,1,fall,4704,,,,
NYC,hour,2025-10-12 00:00:00,2025-10-12,0,6,1,fall,3933,,,,
NYC,hour,2025-10-12 01:00:00,2025-10-12,1,6,1,fall,2869,,,,
NYC,hour,2025-10-12 02:00:00,2025-10-12,2,6,1,fall,1885,,,,
NYC,hour,2025-10-12 03:00:00,2025-10-12,3,6,1,fall,1284,,,,
NYC,hour,2025-10-12 04:00:00,2025-10-12,4,6,1,fall,864,,,,
NYC,hour,2025-10-12 05:00:00,2025-10-12,5,6,1,fall,624,,,,
NYC,hour,2025-10-12 06:00:00,2025-10-12,6,6,1,fall,1019,,,,
NYC,hour,2025-10-12 07:00:00,2025-10-12,7,6,1,fall,1610,,,,
NYC,hour,2025-10-12 08:00:00,2025-10-12,8,6,1,fall,2826,,,,
NYC,hour,2025-10-12 09:00:00,2025-10-12,9,6,1,fall,4699,,,,
NYC,hour,2025-10-12 10:00:00,2025-10-12,10,6,1,fall,6677,,,,
NYC,hour,2025-10-12 11:00:00,2025-10-12,11,6,1,fall,8120,,,,
NYC,hour,2025-10-12 12:00:00,2025-10-12,12,6,1,fall,8974,,,,
NYC,hour,2025-10-12 13:00:00,2025-10-12,13,6,1,fall,7655,,,,
NYC,hour,2025-10-12 14:00:00,2025-10-12,14,6,1,fall,5994,,,,
NYC,hour,2025-10-12 15:00:00,2025-10-12,15,6,1,fall,4538,,,,
NYC,hour,2025-10-12 16:00:00,2025-10-12,16,6,1,fall,2961,,,,
NYC,hour,2025-10-12 17:00:00,2025-10-12,17,6,1,fall,2389,,,,
NYC,hour,2025-10-12 18:00:00,2025-10-12,18,6,1,fall,2038,,,,
NYC,hour,2025-10-12 19:00:00,2025-10-12,19,6,1,fall,1614,,,,
NYC,hour,2025-10-12 20:00:00,2025-10-12,20,6,1,fall,1079,,,,
NYC,hour,2025-10-12 21:00:00,2025-10-12,21,6,1,fall,867,,,,
NYC,hour,2025-10-12 22:00:00,2025-10-12,22,6,1,fall,829,,,,
NYC,hour,2025-10-12 23:00:00,2025-10-12,23,6,1,fall,590,,,,
NYC,hour,2025-10-13 00:00:00,2025-10-13,0,0,0,fall,308,,,,
NYC,hour,2025-10-13 01:00:00,2025-10-13,1,0,0,fall,150,,,,
NYC,hour,2025-10-13 02:00:00,2025-10-13,2,0,0,fall,136,,,,
NYC,hour,2025-10-13 03:00:00,2025-10-13,3,0,0,fall,65,,,,
NYC,hour,2025-10-13 04:00:00,2025-10-13,4,0,0,fall,145,,,,
NYC,hour,2025-10-13 05:00:00,2025-10-13,5,0,0,fall,429,,,,
NYC,hour,2025-10-13 06:00:00,2025-10-13,6,0,0,fall,1029,,,,
NYC,hour,2025-10-13 07:00:00,2025-10-13,7,0,0,fall,2023,,,,
NYC,hour,2025-10-13 08:00:00,2025-10-13,8,0,0,fall,3424,,,,
NYC,hour,2025-10-13 09:00:00,2025-10-13,9,0,0,fall,3012,,,,
NYC,hour,2025-10-13 10:00:00,2025-10-13,10,0,0,fall,2419,,,,
NYC,hour,2025-10-13 11:00:00,2025-10-13,11,0,0,fall,2318,,,,
NYC,hour,2025-10-13 12:00:00,2025-10-13,12,0,0,fall,2104,,,,
NYC,hour,2025-10-13 13:00:00,2025-10-13,13,0,0,fall,2463,,,,
NYC,hour,2025-10-13 14:00:00,2025-10-13,14,0,0,fall,3607,,,,
NYC,hour,2025-10-13 15:00:00,2025-10-13,15,0,0,fall,4552,,,,
NYC,hour,2025-10-13 16:00:00,2025-10-13,16,0,0,fall,5042,,,,
NYC,hour,2025-10-13 17:00:00,2025-10-13,17,0,0,fall,5418,,,,
NYC,hour,2025-10-13 18:00:00,2025-10-13,18,0,0,fall,6324,,,,
NYC,hour,2025-10-13 19:00:00,2025-10-13,19,0,0,fall,4901,,,,
NYC,hour,2025-10-13 20:00:00,2025-10-13,20,0,0,fall,3877,,,,
NYC,hour,2025-10-13 21:00:00,2025-10-13,21,0,0,fall,3085,,,,
NYC,hour,2025-10-13 22:00:00,2025-10-13,22,0,0,fall,2512,,,,
NYC,hour,2025-10-13 23:00:00,2025-10-13,23,0,0,fall,1768,,,,
NYC,hour,2025-10-14 00:00:00,2025-10-14,0,1,0,fall,913,,,,
NYC,hour,2025-10-14 01:00:00,2025-10-14,1,1,0,fall,448,,,,
NYC,hour,2025-10-14 02:00:00,2025-10-14,2,1,0,fall,310,,,,
NYC,hour,2025-10-14 03:00:00,2025-10-14,3,1,0,fall,230,,,,
NYC,hour,2025-10-14 04:00:00,2025-10-14,4,1,0,fall,366,,,,
NYC,hour,2025-10-14 05:00:00,2025-10-14,5,1,0,fall,1302,,,,
NYC,hour,2025-10-14 06:00:00,2025-10-14,6,1,0,fall,3908,,,,
NYC,hour,2025-10-14 07:00:00,2025-10-14,7,1,0,fall,7631,,,,
NYC,hour,2025-10-14 08:00:00,2025-10-14,8,1,0,fall,11066,,,,
NYC,hour,2025-10-14 09:00:00,2025-10-14,9,1,0,fall,7878,,,,
NYC,hour,2025-10-14 10:00:00,2025-10-14,10,1,0,fall,5310,,,,
NYC,hour,2025-10-14 11:00:00,2025-10-14,11,1,0,fall,5406,,,,
NYC,hour,2025-10-14 12:00:00,2025-10-14,12,1,0,fall,6091,,,,
NYC,hour,2025-10-14 13:00:00,2025-10-14,13,1,0,fall,6686,,,,
NYC,hour,2025-10-14 14:00:00,2025-10-14,14,1,0,fall,7665,,,,
NYC,hour,2025-10-14 15:00:00,2025-10-14,15,1,0,fall,9005,,,,
NYC,hour,2025-10-14 16:00:00,2025-10-14,16,1,0,fall,11174,,,,
NYC,hour,2025-10-14 17:00:00,2025-10-14,17,1,0,fall,16543,,,,
NYC,hour,2025-10-14 18:00:00,2025-10-14,18,1,0,fall,15562,,,,
NYC,hour,2025-10-14 19:00:00,2025-10-14,19,1,0,fall,10886,,,,
NYC,hour,2025-10-14 20:00:00,2025-10-14,20,1,0,fall,7646,,,,
NYC,hour,2025-10-14 21:00:00,2025-10-14,21,1,0,fall,5792,,,,
NYC,hour,2025-10-14 22:00:00,2025-10-14,22,1,0,fall,4279,,,,
NYC,hour,2025-10-14 23:00:00,2025-10-14,23,1,0,fall,2669,,,,
NYC,hour,2025-10-15 00:00:00,2025-10-15,0,2,0,fall,1328,,,,
NYC,hour,2025-10-15 01:00:00,2025-10-15,1,2,0,fall,690,,,,
NYC,hour,2025-10-15 02:00:00,2025-10-15,2,2,0,fall,464,,,,
NYC,hour,2025-10-15 03:00:00,2025-10-15,3,2,0,fall,283,,,,
NYC,hour,2025-10-15 04:00:00,2025-10-15,4,2,0,fall,396,,,,
NYC,hour,2025-10-15 05:00:00,2025-10-15,5,2,0,fall,1347,,,,
NYC,hour,2025-10-15 06:00:00,2025-10-15,6,2,0,fall,4127,,,,
NYC,hour,2025-10-15 07:00:00,2025-10-15,7,2,0,fall,9414,,,,
NYC,hour,2025-10-15 08:00:00,2025-10-15,8,2,0,fall,14557,,,,
NYC,hour,2025-10-15 09:00:00,2025-10-15,9,2,0,fall,10067,,,,
NYC,hour,2025-10-15 10:00:00,2025-10-15,10,2,0,fall,6785,,,,
NYC,hour,2025-10-15 11:00:00,2025-10-15,11,2,0,fall,6671,,,,
NYC,hour,2025-10-15 12:00:00,2025-10-15,12,2,0,fall,7434,,,,
NYC,hour,2025-10-15 13:00:00,2025-10-15,13,2,0,fall,7930,,,,
NYC,hour,2025-10-15 14:00:00,2025-10-15,14,2,0,fall,9060,,,,
NYC,hour,2025-10-15 15:00:00,2025-10-15,15,2,0,fall,10359,,,,
NYC,hour,2025-10-15 16:00:00,2025-10-15,16,2,0,fall,12855,,,,
NYC,hour,2025-10-15 17:00:00,2025-10-15,17,2,0,fall,18583,,,,
NYC,hour,2025-10-15 18:00:00,2025-10-15,18,2,0,fall,17128,,,,
NYC,hour,2025-10-15 19:00:00,2025-10-15,19,2,0,fall,11489,,,,
NYC,hour,2025-10-15 20:00:00,2025-10-15,20,2,0,fall,8107,,,,
NYC,hour,2025-10-15 21:00:00,2025-10-15,21,2,0,fall,6002,,,,
NYC,hour,2025-10-15 22:00:00,2025-10-15,22,2,0,fall,4729,,,,
NYC,hour,2025-10-15 23:00:00,2025-10-15,23,2,0,fall,2987,,,,
NYC,hour,2025-10-16 00:00:00,2025-10-16,0,3,0,fall,1579,,,,
NYC,hour,2025-10-16 01:00:00,2025-10-16,1,3,0,fall,768,,,,
NYC,hour,2025-10-16 02:00:00,2025-10-16,2,3,0,fall,424,,,,
NYC,hour,2025-10-16 03:00:00,2025-10-16,3,3,0,fall,278,,,,
NYC,hour,2025-10-16 04:00:00,2025-10-16,4,3,0,fall,393,,,,
NYC,hour,2025-10-16 05:00:00,2025-10-16,5,3,0,fall,1311,,,,
NYC,hour,2025-10-16 06:00:00,2025-10-16,6,3,0,fall,3920,,,,
NYC,hour,2025-10-16 07:00:00,2025-10-16,7,3,0,fall,8700,,,,
NYC,hour,2025-10-16 08:00:00,2025-10-16,8,3,0,fall,13665,,,,
NYC,hour,2025-10-16 09:00:00,2025-10-16,9,3,0,fall,9586,,,,
NYC,hour,2025-10-16 10:00:00,2025-10-16,10,3,0,fall,6579,,,,
NYC,hour,2025-10-16 11:00:00,2025-10-16,11,3,0,fall,6108,,,,
NYC,hour,2025-10-16 12:00:00,2025-10-16,12,3,0,fall,6965,,,,
NYC,hour,2025-10-16 13:00:00,2025-10-16,13,3,0,fall,7406,,,,
NYC,hour,2025-10-16 14:00:00,2025-10-16,14,3,0,fall,8653,,,,
NYC,hour,2025-10-16 15:00:00,2025-10-16,15,3,0,fall,9941,,,,
NYC,hour,2025-10-16 16:00:00,2025-10-16,16,3,0,fall,12265,,,,
NYC,hour,2025-10-16 17:00:00,2025-10-16,17,3,0,fall,17278,,,,
NYC,hour,2025-10-16 18:00:00,2025-10-16,18,3,0,fall,15833,,,,
NYC,hour,2025-10-16 19:00:00,2025-10-16,19,3,0,fall,10930,,,,
NYC,hour,2025-10-16 20:00:00,2025-10-16,20,3,0,fall,7802,,,,
NYC,hour,2025-10-16 21:00:00,2025-10-16,21,3,0,fall,5736,,,,
NYC,hour,2025-10-16 22:00:00,2025-10-16,22,3,0,fall,4454,,,,
NYC,hour,2025-10-16 23:00:00,2025-10-16,23,3,0,fall,3364,,,,
NYC,hour,2025-10-17 00:00:00,2025-10-17,0,4,0,fall,1959,,,,
NYC,hour,2025-10-17 01:00:00,2025-10-17,1,4,0,fall,984,,,,
NYC,hour,2025-10-17 02:00:00,2025-10-17,2,4,0,fall,588,,,,
NYC,hour,2025-10-17 03:00:00,2025-10-17,3,4,0,fall,381,,,,
NYC,hour,2025-10-17 04:00:00,2025-10-17,4,4,0,fall,434,,,,
NYC,hour,2025-10-17 05:00:00,2025-10-17,5,4,0,fall,1213,,,,
NYC,hour,2025-10-17 06:00:00,2025-10-17,6,4,0,fall,3272,,,,
NYC,hour,2025-10-17 07:00:00,2025-10-17,7,4,0,fall,7380,,,,
NYC,hour,2025-10-17 08:00:00,2025-10-17,8,4,0,fall,11003,,,,
NYC,hour,2025-10-17 09:00:00,2025-10-17,9,4,0,fall,8766,,,,
NYC,hour,2025-10-17 10:00:00,2025-10-17,10,4,0,fall,7180,,,,
NYC,hour,2025-10-17 11:00:00,2025-10-17,11,4,0,fall,7369,,,,
NYC,hour,2025-10-17 12:00:00,2025-10-17,12,4,0,fall,8421,,,,
NYC,hour,2025-10-17 13:00:00,2025-10-17,13,4,0,fall,9114,,,,
NYC,hour,2025-10-17 14:00:00,2025-10-17,14,4,0,fall,10605,,,,
NYC,hour,2025-10-17 15:00:00,2025-10-17,15,4,0,fall,11888,,,,
NYC,hour,2025-10-17 16:00:00,2025-10-17,16,4,0,fall,13591,,,,
NYC,hour,2025-10-17 17:00:00,2025-10-17,17,4,0,fall,16656,,,,
NYC,hour,2025-10-17 18:00:00,2025-10-17,18,4,0,fall,15000,,,,
NYC,hour,2025-10-17 19:00:00,2025-10-17,19,4,0,fall,10672,,,,
NYC,hour,2025-10-17 20:00:00,2025-10-17,20,4,0,fall,7504,,,,
NYC,hour,2025-10-17 21:00:00,2025-10-17,21,4,0,fall,6028,,,,
NYC,hour,2025-10-17 22:00:00,2025-10-17,22,4,0,fall,5398,,,,
NYC,hour,2025-10-17 23:00:00,2025-10-17,23,4,0,fall,4576,,,,
NYC,hour,2025-10-18 00:00:00,2025-10-18,0,5,1,fall,3551,,,,
NYC,hour,2025-10-18 01:00:00,2025-10-18,1,5,1,fall,2447,,,,
NYC,hour,2025-10-18 02:00:00,2025-10-18,2,5,1,fall,1584,,,,
NYC,hour,2025-10-18 03:00:00,2025-10-18,3,5,1,fall,984,,,,
NYC,hour,2025-10-18 04:00:00,2025-10-18,4,5,1,fall,674,,,,
NYC,hour,2025-10-18 05:00:00,2025-10-18,5,5,1,fall,606,,,,
NYC,hour,2025-10-18 06:00:00,2025-10-18,6,5,1,fall,1318,,,,
NYC,hour,2025-10-18 07:00:00,2025-10-18,7,5,1,fall,2491,,,,
NYC,hour,2025-10-18 08:00:00,2025-10-18,8,5,1,fall,4477,,,,
NYC,hour,2025-10-18 09:00:00,2025-10-18,9,5,1,fall,7205,,,,
NYC,hour,2025-10-18 10:00:00,2025-10-18,10,5,1,fall,9462,,,,
NYC,hour,2025-10-18 11:00:00,2025-10-18,11,5,1,fall,11391,,,,
NYC,hour,2025-10-18 12:00:00,2025-10-18,12,5,1,fall,12455,,,,
NYC,hour,2025-10-18 13:00:00,2025-10-18,13,5,1,fall,13473,,,,
NYC,hour,2025-10-18 14:00:00,2025-10-18,14,5,1,fall,13854,,,,
NYC,hour,2025-10-18 15:00:00,2025-10-18,15,5,1,fall,13956,,,,
NYC,hour,2025-10-18 16:00:00,2025-10-18,16,5,1,fall,13350,,,,
NYC,hour,2025-10-18 17:00:00,2025-10-18,17,5,1,fall,12809,,,,
NYC,hour,2025-10-18 18:00:00,2025-10-18,18,5,1,fall,11210,,,,
NYC,hour,2025-10-18 19:00:00,2025-10-18,19,5,1,fall,8968,,,,
NYC,hour,2025-10-18 20:00:00,2025-10-18,20,5,1,fall,6863,,,,
NYC,hour,2025-10-18 21:00:00,2025-10-18,21,5,1,fall,5797,,,,
NYC,hour,2025-10-18 22:00:00,2025-10-18,22,5,1,fall,5354,,,,
NYC,hour,2025-10-18 23:00:00,2025-10-18,23,5,1,fall,4961,,,,
NYC,hour,2025-10-19 00:00:00,2025-10-19,0,6,1,fall,3911,,,,
NYC,hour,2025-10-19 01:00:00,2025-10-19,1,6,1,fall,2734,,,,
NYC,hour,2025-10-19 02:00:00,2025-10-19,2,6,1,fall,1800,,,,
NYC,hour,2025-10-19 03:00:00,2025-10-19,3,6,1,fall,1260,,,,
NYC,hour,2025-10-19 04:00:00,2025-10-19,4,6,1,fall,825,,,,
NYC,hour,2025-10-19 05:00:00,2025-10-19,5,6,1,fall,523,,,,
NYC,hour,2025-10-19 06:00:00,2025-10-19,6,6,1,fall,1039,,,,
NYC,hour,2025-10-19 07:00:00,2025-10-19,7,6,1,fall,2001,,,,
NYC,hour,2025-10-19 08:00:00,2025-10-19,8,6,1,fall,3645,,,,
NYC,hour,2025-10-19 09:00:00,2025-10-19,9,6,1,fall,6073,,,,
NYC,hour,2025-10-19 10:00:00,2025-10-19,10,6,1,fall,8809,,,,
NYC,hour,2025-10-19 11:00:00,2025-10-19,11,6,1,fall,10749,,,,
NYC,hour,2025-10-19 12:00:00,2025-10-19,12,6,1,fall,12279,,,,
NYC,hour,2025-10-19 13:00:00,2025-10-19,13,6,1,fall,13160,,,,
NYC,hour,2025-10-19 14:00:00,2025-10-19,14,6,1,fall,13309,,,,
NYC,hour,2025-10-19 15:00:00,2025-10-19,15,6,1,fall,13066,,,,
NYC,hour,2025-10-19 16:00:00,2025-10-19,16,6,1,fall,13041,,,,
NYC,hour,2025-10-19 17:00:00,2025-10-19,17,6,1,fall,12073,,,,
NYC,hour,2025-10-19 18:00:00,2025-10-19,18,6,1,fall,10225,,,,
NYC,hour,2025-10-19 19:00:00,2025-10-19,19,6,1,fall,7703,,,,
NYC,hour,2025-10-19 20:00:00,2025-10-19,20,6,1,fall,5948,,,,
NYC,hour,2025-10-19 21:00:00,2025-10-19,21,6,1,fall,4759,,,,
NYC,hour,2025-10-19 22:00:00,2025-10-19,22,6,1,fall,3775,,,,
NYC,hour,2025-10-19 23:00:00,2025-10-19,23,6,1,fall,2715,,,,
NYC,hour,2025-10-20 00:00:00,2025-10-20,0,0,0,fall,1497,,,,
NYC,hour,2025-10-20 01:00:00,2025-10-20,1,0,0,fall,772,,,,
NYC,hour,2025-10-20 02:00:00,2025-10-20,2,0,0,fall,407,,,,
NYC,hour,2025-10-20 03:00:00,2025-10-20,3,0,0,fall,90,,,,
NYC,hour,2025-10-20 04:00:00,2025-10-20,4,0,0,fall,58,,,,
NYC,hour,2025-10-20 05:00:00,2025-10-20,5,0,0,fall,1098,,,,
NYC,hour,2025-10-20 06:00:00,2025-10-20,6,0,0,fall,3345,,,,
NYC,hour,2025-10-20 07:00:00,2025-10-20,7,0,0,fall,6430,,,,
NYC,hour,2025-10-20 08:00:00,2025-10-20,8,0,0,fall,10922,,,,
NYC,hour,2025-10-20 09:00:00,2025-10-20,9,0,0,fall,8573,,,,
NYC,hour,2025-10-20 10:00:00,2025-10-20,10,0,0,fall,4855,,,,
NYC,hour,2025-10-20 11:00:00,2025-10-20,11,0,0,fall,4419,,,,
NYC,hour,2025-10-20 12:00:00,2025-10-20,12,0,0,fall,4322,,,,
NYC,hour,2025-10-20 13:00:00,2025-10-20,13,0,0,fall,5277,,,,
NYC,hour,2025-10-20 14:00:00,2025-10-20,14,0,0,fall,5802,,,,
NYC,hour,2025-10-20 15:00:00,2025-10-20,15,0,0,fall,6785,,,,
NYC,hour,2025-10-20 16:00:00,2025-10-20,16,0,0,fall,8201,,,,
NYC,hour,2025-10-20 17:00:00,2025-10-20,17,0,0,fall,11962,,,,
NYC,hour,2025-10-20 18:00:00,2025-10-20,18,0,0,fall,10903,,,,
NYC,hour,2025-10-20 19:00:00,2025-10-20,19,0,0,fall,8814,,,,
NYC,hour,2025-10-20 20:00:00,2025-10-20,20,0,0,fall,6178,,,,
NYC,hour,2025-10-20 21:00:00,2025-10-20,21,0,0,fall,4689,,,,
NYC,hour,2025-10-20 22:00:00,2025-10-20,22,0,0,fall,3415,,,,
NYC,hour,2025-10-20 23:00:00,2025-10-20,23,0,0,fall,2244,,,,
NYC,hour,2025-10-21 00:00:00,2025-10-21,0,1,0,fall,1184,,,,
NYC,hour,2025-10-21 01:00:00,2025-10-21,1,1,0,fall,610,,,,
NYC,hour,2025-10-21 02:00:00,2025-10-21,2,1,0,fall,344,,,,
NYC,hour,2025-10-21 03:00:00,2025-10-21,3,1,0,fall,239,,,,
NYC,hour,2025-10-21 04:00:00,2025-10-21,4,1,0,fall,367,,,,
NYC,hour,2025-10-21 05:00:00,2025-10-21,5,1,0,fall,1379,,,,
NYC,hour,2025-10-21 06:00:00,2025-10-21,6,1,0,fall,4215,,,,
NYC,hour,2025-10-21 07:00:00,2025-10-21,7,1,0,fall,9121,,,,
NYC,hour,2025-10-21 08:00:00,2025-10-21,8,1,0,fall,14377,,,,
NYC,hour,2025-10-21 09:00:00,2025-10-21,9,1,0,fall,9729,,,,
NYC,hour,2025-10-21 10:00:00,2025-10-21,10,1,0,fall,6615,,,,
NYC,hour,2025-10-21 11:00:00,2025-10-21,11,1,0,fall,6111,,,,
NYC,hour,2025-10-21 12:00:00,2025-10-21,12,1,0,fall,7129,,,,
NYC,hour,2025-10-21 13:00:00,2025-10-21,13,1,0,fall,7560,,,,
NYC,hour,2025-10-21 14:00:00,2025-10-21,14,1,0,fall,8725,,,,
NYC,hour,2025-10-21 15:00:00,2025-10-21,15,1,0,fall,10391,,,,
NYC,hour,2025-10-21 16:00:00,2025-10-21,16,1,0,fall,12752,,,,
NYC,hour,2025-10-21 17:00:00,2025-10-21,17,1,0,fall,18689,,,,
NYC,hour,2025-10-21 18:00:00,2025-10-21,18,1,0,fall,16640,,,,
NYC,hour,2025-10-21 19:00:00,2025-10-21,19,1,0,fall,11341,,,,
NYC,hour,2025-10-21 20:00:00,2025-10-21,20,1,0,fall,8148,,,,
NYC,hour,2025-10-21 21:00:00,2025-10-21,21,1,0,fall,6079,,,,
NYC,hour,2025-10-21 22:00:00,2025-10-21,22,1,0,fall,4531,,,,
NYC,hour,2025-10-21 23:00:00,2025-10-21,23,1,0,fall,2536,,,,
NYC,hour,2025-10-22 00:00:00,2025-10-22,0,2,0,fall,946,,,,
NYC,hour,2025-10-22 01:00:00,2025-10-22,1,2,0,fall,219,,,,
NYC,hour,2025-10-22 02:00:00,2025-10-22,2,2,0,fall,182,,,,
NYC,hour,2025-10-22 03:00:00,2025-10-22,3,2,0,fall,158,,,,
NYC,hour,2025-10-22 04:00:00,2025-10-22,4,2,0,fall,303,,,,
NYC,hour,2025-10-22 05:00:00,2025-10-22,5,2,0,fall,1322,,,,
NYC,hour,2025-10-22 06:00:00,2025-10-22,6,2,0,fall,3893,,,,
NYC,hour,2025-10-22 07:00:00,2025-10-22,7,2,0,fall,9042,,,,
NYC,hour,2025-10-22 08:00:00,2025-10-22,8,2,0,fall,14634,,,,
NYC,hour,2025-10-22 09:00:00,2025-10-22,9,2,0,fall,10323,,,,
NYC,hour,2025-10-22 10:00:00,2025-10-22,10,2,0,fall,6846,,,,
NYC,hour,2025-10-22 11:00:00,2025-10-22,11,2,0,fall,6478,,,,
NYC,hour,2025-10-22 12:00:00,2025-10-22,12,2,0,fall,7337,,,,
NYC,hour,2025-10-22 13:00:00,2025-10-22,13,2,0,fall,7553,,,,
NYC,hour,2025-10-22 14:00:00,2025-10-22,14,2,0,fall,8711,,,,
NYC,hour,2025-10-22 15:00:00,2025-10-22,15,2,0,fall,9977,,,,
NYC,hour,2025-10-22 16:00:00,2025-10-22,16,2,0,fall,11732,,,,
NYC,hour,2025-10-22 17:00:00,2025-10-22,17,2,0,fall,17128,,,,
NYC,hour,2025-10-22 18:00:00,2025-10-22,18,2,0,fall,15622,,,,
NYC,hour,2025-10-22 19:00:00,2025-10-22,19,2,0,fall,10487,,,,
NYC,hour,2025-10-22 20:00:00,2025-10-22,20,2,0,fall,7413,,,,
NYC,hour,2025-10-22 21:00:00,2025-10-22,21,2,0,fall,5983,,,,
NYC,hour,2025-10-22 22:00:00,2025-10-22,22,2,0,fall,4631,,,,
NYC,hour,2025-10-22 23:00:00,2025-10-22,23,2,0,fall,2794,,,,
NYC,hour,2025-10-23 00:00:00,2025-10-23,0,3,0,fall,1414,,,,
NYC,hour,2025-10-23 01:00:00,2025-10-23,1,3,0,fall,679,,,,
NYC,hour,2025-10-23 02:00:00,2025-10-23,2,3,0,fall,413,,,,
NYC,hour,2025-10-23 03:00:00,2025-10-23,3,3,0,fall,304,,,,
NYC,hour,2025-10-23 04:00:00,2025-10-23,4,3,0,fall,362,,,,
NYC,hour,2025-10-23 05:00:00,2025-10-23,5,3,0,fall,1320,,,,
NYC,hour,2025-10-23 06:00:00,2025-10-23,6,3,0,fall,4036,,,,
NYC,hour,2025-10-23 07:00:00,2025-10-23,7,3,0,fall,8891,,,,
NYC,hour,2025-10-23 08:00:00,2025-10-23,8,3,0,fall,14003,,,,
NYC,hour,2025-10-23 09:00:00,2025-10-23,9,3,0,fall,10156,,,,
NYC,hour,2025-10-23 10:00:00,2025-10-23,10,3,0,fall,6810,,,,
NYC,hour,2025-10-23 11:00:00,2025-10-23,11,3,0,fall,6446,,,,
NYC,hour,2025-10-23 12:00:00,2025-10-23,12,3,0,fall,7086,,,,
NYC,hour,2025-10-23 13:00:00,2025-10-23,13,3,0,fall,7501,,,,
NYC,hour,2025-10-23 14:00:00,2025-10-23,14,3,0,fall,8411,,,,
NYC,hour,2025-10-23 15:00:00,2025-10-23,15,3,0,fall,9695,,,,
NYC,hour,2025-10-23 16:00:00,2025-10-23,16,3,0,fall,11853,,,,
NYC,hour,2025-10-23 17:00:00,2025-10-23,17,3,0,fall,17124,,,,
NYC,hour,2025-10-23 18:00:00,2025-10-23,18,3,0,fall,14868,,,,
NYC,hour,2025-10-23 19:00:00,2025-10-23,19,3,0,fall,10513,,,,
NYC,hour,2025-10-23 20:00:00,2025-10-23,20,3,0,fall,7467,,,,
NYC,hour,2025-10-23 21:00:00,2025-10-23,21,3,0,fall,5764,,,,
NYC,hour,2025-10-23 22:00:00,2025-10-23,22,3,0,fall,4687,,,,
NYC,hour,2025-10-23 23:00:00,2025-10-23,23,3,0,fall,3175,,,,
NYC,hour,2025-10-24 00:00:00,2025-10-24,0,4,0,fall,1907,,,,
NYC,hour,2025-10-24 01:00:00,2025-10-24,1,4,0,fall,1090,,,,
NYC,hour,2025-10-24 02:00:00,2025-10-24,2,4,0,fall,584,,,,
NYC,hour,2025-10-24 03:00:00,2025-10-24,3,4,0,fall,401,,,,
NYC,hour,2025-10-24 04:00:00,2025-10-24,4,4,0,fall,433,,,,
NYC,hour,2025-10-24 05:00:00,2025-10-24,5,4,0,fall,1207,,,,
NYC,hour,2025-10-24 06:00:00,2025-10-24,6,4,0,fall,3383,,,,
NYC,hour,2025-10-24 07:00:00,2025-10-24,7,4,0,fall,7342,,,,
NYC,hour,2025-10-24 08:00:00,2025-10-24,8,4,0,fall,11013,,,,
NYC,hour,2025-10-24 09:00:00,2025-10-24,9,4,0,fall,8792,,,,
NYC,hour,2025-10-24 10:00:00,2025-10-24,10,4,0,fall,6835,,,,
NYC,hour,2025-10-24 11:00:00,2025-10-24,11,4,0,fall,7060,,,,
NYC,hour,2025-10-24 12:00:00,2025-10-24,12,4,0,fall,8202,,,,
NYC,hour,2025-10-24 13:00:00,2025-10-24,13,4,0,fall,9067,,,,
NYC,hour,2025-10-24 14:00:00,2025-10-24,14,4,0,fall,10071,,,,
NYC,hour,2025-10-24 15:00:00,2025-10-24,15,4,0,fall,11510,,,,
NYC,hour,2025-10-24 16:00:00,2025-10-24,16,4,0,fall,13231,,,,
NYC,hour,2025-10-24 17:00:00,2025-10-24,17,4,0,fall,16205,,,,
NYC,hour,2025-10-24 18:00:00,2025-10-24,18,4,0,fall,13998,,,,
NYC,hour,2025-10-24 19:00:00,2025-10-24,19,4,0,fall,10214,,,,
NYC,hour,2025-10-24 20:00:00,2025-10-24,20,4,0,fall,6947,,,,
NYC,hour,2025-10-24 21:00:00,2025-10-24,21,4,0,fall,5489,,,,
NYC,hour,2025-10-24 22:00:00,2025-10-24,22,4,0,fall,5037,,,,
NYC,hour,2025-10-24 23:00:00,2025-10-24,23,4,0,fall,4301,,,,
NYC,hour,2025-10-25 00:00:00,2025-10-25,0,5,1,fall,3383,,,,
NYC,hour,2025-10-25 01:00:00,2025-10-25,1,5,1,fall,2250,,,,
NYC,hour,2025-10-25 02:00:00,2025-10-25,2,5,1,fall,1476,,,,
NYC,hour,2025-10-25 03:00:00,2025-10-25,3,5,1,fall,988,,,,
NYC,hour,2025-10-25 04:00:00,2025-10-25,4,5,1,fall,604,,,,
NYC,hour,2025-10-25 05:00:00,2025-10-25,5,5,1,fall,480,,,,
NYC,hour,2025-10-25 06:00:00,2025-10-25,6,5,1,fall,1158,,,,
NYC,hour,2025-10-25 07:00:00,2025-10-25,7,5,1,fall,2517,,,,
NYC,hour,2025-10-25 08:00:00,2025-10-25,8,5,1,fall,4329,,,,
NYC,hour,2025-10-25 09:00:00,2025-10-25,9,5,1,fall,6499,,,,
NYC,hour,2025-10-25 10:00:00,2025-10-25,10,5,1,fall,8654,,,,
NYC,hour,2025-10-25 11:00:00,2025-10-25,11,5,1,fall,10287,,,,
NYC,hour,2025-10-25 12:00:00,2025-10-25,12,5,1,fall,11454,,,,
NYC,hour,2025-10-25 13:00:00,2025-10-25,13,5,1,fall,11932,,,,
NYC,hour,2025-10-25 14:00:00,2025-10-25,14,5,1,fall,11507,,,,
NYC,hour,2025-10-25 15:00:00,2025-10-25,15,5,1,fall,11724,,,,
NYC,hour,2025-10-25 16:00:00,2025-10-25,16,5,1,fall,11257,,,,
NYC,hour,2025-10-25 17:00:00,2025-10-25,17,5,1,fall,10159,,,,
NYC,hour,2025-10-25 18:00:00,2025-10-25,18,5,1,fall,9415,,,,
NYC,hour,2025-10-25 19:00:00,2025-10-25,19,5,1,fall,7866,,,,
NYC,hour,2025-10-25 20:00:00,2025-10-25,20,5,1,fall,6118,,,,
NYC,hour,2025-10-25 21:00:00,2025-10-25,21,5,1,fall,5258,,,,
NYC,hour,2025-10-25 22:00:00,2025-10-25,22,5,1,fall,4759,,,,
NYC,hour,2025-10-25 23:00:00,2025-10-25,23,5,1,fall,4537,,,,
NYC,hour,2025-10-26 00:00:00,2025-10-26,0,6,1,fall,3623,,,,
NYC,hour,2025-10-26 01:00:00,2025-10-26,1,6,1,fall,2491,,,,
NYC,hour,2025-10-26 02:00:00,2025-10-26,2,6,1,fall,1664,,,,
NYC,hour,2025-10-26 03:00:00,2025-10-26,3,6,1,fall,1136,,,,
NYC,hour,2025-10-26 04:00:00,2025-10-26,4,6,1,fall,660,,,,
NYC,hour,2025-10-26 05:00:00,2025-10-26,5,6,1,fall,531,,,,
NYC,hour,2025-10-26 06:00:00,2025-10-26,6,6,1,fall,966,,,,
NYC,hour,2025-10-26 07:00:00,2025-10-26,7,6,1,fall,1826,,,,
NYC,hour,2025-10-26 08:00:00,2025-10-26,8,6,1,fall,3279,,,,
NYC,hour,2025-10-26 09:00:00,2025-10-26,9,6,1,fall,5304,,,,
NYC,hour,2025-10-26 10:00:00,2025-10-26,10,6,1,fall,7664,,,,
NYC,hour,2025-10-26 11:00:00,2025-10-26,11,6,1,fall,9152,,,,
NYC,hour,2025-10-26 12:00:00,2025-10-26,12,6,1,fall,10792,,,,
NYC,hour,2025-10-26 13:00:00,2025-10-26,13,6,1,fall,11112,,,,
NYC,hour,2025-10-26 14:00:00,2025-10-26,14,6,1,fall,11325,,,,
NYC,hour,2025-10-26 15:00:00,2025-10-26,15,6,1,fall,11066,,,,
NYC,hour,2025-10-26 16:00:00,2025-10-26,16,6,1,fall,11399,,,,
NYC,hour,2025-10-26 17:00:00,2025-10-26,17,6,1,fall,10770,,,,
NYC,hour,2025-10-26 18:00:00,2025-10-26,18,6,1,fall,9062,,,,
NYC,hour,2025-10-26 19:00:00,2025-10-26,19,6,1,fall,6395,,,,
NYC,hour,2025-10-26 20:00:00,2025-10-26,20,6,1,fall,4792,,,,
NYC,hour,2025-10-26 21:00:00,2025-10-26,21,6,1,fall,3776,,,,
NYC,hour,2025-10-26 22:00:00,2025-10-26,22,6,1,fall,2781,,,,
NYC,hour,2025-10-26 23:00:00,2025-10-26,23,6,1,fall,1913,,,,
NYC,hour,2025-10-27 00:00:00,2025-10-27,0,0,0,fall,1135,,,,
NYC,hour,2025-10-27 01:00:00,2025-10-27,1,0,0,fall,583,,,,
NYC,hour,2025-10-27 02:00:00,2025-10-27,2,0,0,fall,298,,,,
NYC,hour,2025-10-27 03:00:00,2025-10-27,3,0,0,fall,234,,,,
NYC,hour,2025-10-27 04:00:00,2025-10-27,4,0,0,fall,382,,,,
NYC,hour,2025-10-27 05:00:00,2025-10-27,5,0,0,fall,1205,,,,
NYC,hour,2025-10-27 06:00:00,2025-10-27,6,0,0,fall,3485,,,,
NYC,hour,2025-10-27 07:00:00,2025-10-27,7,0,0,fall,7721,,,,
NYC,hour,2025-10-27 08:00:00,2025-10-27,8,0,0,fall,11938,,,,
NYC,hour,2025-10-27 09:00:00,2025-10-27,9,0,0,fall,8042,,,,
NYC,hour,2025-10-27 10:00:00,2025-10-27,10,0,0,fall,5621,,,,
NYC,hour,2025-10-27 11:00:00,2025-10-27,11,0,0,fall,5507,,,,
NYC,hour,2025-10-27 12:00:00,2025-10-27,12,0,0,fall,6306,,,,
NYC,hour,2025-10-27 13:00:00,2025-10-27,13,0,0,fall,6841,,,,
NYC,hour,2025-10-27 14:00:00,2025-10-27,14,0,0,fall,7567,,,,
NYC,hour,2025-10-27 15:00:00,2025-10-27,15,0,0,fall,9014,,,,
NYC,hour,2025-10-27 16:00:00,2025-10-27,16,0,0,fall,10875,,,,
NYC,hour,2025-10-27 17:00:00,2025-10-27,17,0,0,fall,15147,,,,
NYC,hour,2025-10-27 18:00:00,2025-10-27,18,0,0,fall,13645,,,,
NYC,hour,2025-10-27 19:00:00,2025-10-27,19,0,0,fall,9586,,,,
NYC,hour,2025-10-27 20:00:00,2025-10-27,20,0,0,fall,6549,,,,
NYC,hour,2025-10-27 21:00:00,2025-10-27,21,0,0,fall,4608,,,,
NYC,hour,2025-10-27 22:00:00,2025-10-27,22,0,0,fall,3253,,,,
NYC,hour,2025-10-27 23:00:00,2025-10-27,23,0,0,fall,2194,,,,
NYC,hour,2025-10-28 00:00:00,2025-10-28,0,1,0,fall,1006,,,,
NYC,hour,2025-10-28 01:00:00,2025-10-28,1,1,0,fall,453,,,,
NYC,hour,2025-10-28 02:00:00,2025-10-28,2,1,0,fall,288,,,,
NYC,hour,2025-10-28 03:00:00,2025-10-28,3,1,0,fall,221,,,,
NYC,hour,2025-10-28 04:00:00,2025-10-28,4,1,0,fall,384,,,,
NYC,hour,2025-10-28 05:00:00,2025-10-28,5,1,0,fall,1381,,,,
NYC,hour,2025-10-28 06:00:00,2025-10-28,6,1,0,fall,3945,,,,
NYC,hour,2025-10-28 07:00:00,2025-10-28,7,1,0,fall,8676,,,,
NYC,hour,2025-10-28 08:00:00,2025-10-28,8,1,0,fall,13573,,,,
NYC,hour,2025-10-28 09:00:00,2025-10-28,9,1,0,fall,9516,,,,
NYC,hour,2025-10-28 10:00:00,2025-10-28,10,1,0,fall,5736,,,,
NYC,hour,2025-10-28 11:00:00,2025-10-28,11,1,0,fall,5354,,,,
NYC,hour,2025-10-28 12:00:00,2025-10-28,12,1,0,fall,5816,,,,
NYC,hour,2025-10-28 13:00:00,2025-10-28,13,1,0,fall,6076,,,,
NYC,hour,2025-10-28 14:00:00,2025-10-28,14,1,0,fall,6860,,,,
NYC,hour,2025-10-28 15:00:00,2025-10-28,15,1,0,fall,8276,,,,
NYC,hour,2025-10-28 16:00:00,2025-10-28,16,1,0,fall,10635,,,,
NYC,hour,2025-10-28 17:00:00,2025-10-28,17,1,0,fall,16181,,,,
NYC,hour,2025-10-28 18:00:00,2025-10-28,18,1,0,fall,14380,,,,
NYC,hour,2025-10-28 19:00:00,2025-10-28,19,1,0,fall,10067,,,,
NYC,hour,2025-10-28 20:00:00,2025-10-28,20,1,0,fall,6882,,,,
NYC,hour,2025-10-28 21:00:00,2025-10-28,21,1,0,fall,5277,,,,
NYC,hour,2025-10-28 22:00:00,2025-10-28,22,1,0,fall,3796,,,,
NYC,hour,2025-10-28 23:00:00,2025-10-28,23,1,0,fall,2507,,,,
NYC,hour,2025-10-29 00:00:00,2025-10-29,0,2,0,fall,1243,,,,
NYC,hour,2025-10-29 01:00:00,2025-10-29,1,2,0,fall,602,,,,
NYC,hour,2025-10-29 02:00:00,2025-10-29,2,2,0,fall,336,,,,
NYC,hour,2025-10-29 03:00:00,2025-10-29,3,2,0,fall,239,,,,
NYC,hour,2025-10-29 04:00:00,2025-10-29,4,2,0,fall,377,,,,
NYC,hour,2025-10-29 05:00:00,2025-10-29,5,2,0,fall,1320,,,,
NYC,hour,2025-10-29 06:00:00,2025-10-29,6,2,0,fall,3901,,,,
NYC,hour,2025-10-29 07:00:00,2025-10-29,7,2,0,fall,8617,,,,
NYC,hour,2025-10-29 08:00:00,2025-10-29,8,2,0,fall,14029,,,,
NYC,hour,2025-10-29 09:00:00,2025-10-29,9,2,0,fall,9609,,,,
NYC,hour,2025-10-29 10:00:00,2025-10-29,10,2,0,fall,6309,,,,
NYC,hour,2025-10-29 11:00:00,2025-10-29,11,2,0,fall,5948,,,,
NYC,hour,2025-10-29 12:00:00,2025-10-29,12,2,0,fall,6527,,,,
NYC,hour,2025-10-29 13:00:00,2025-10-29,13,2,0,fall,7060,,,,
NYC,hour,2025-10-29 14:00:00,2025-10-29,14,2,0,fall,8035,,,,
NYC,hour,2025-10-29 15:00:00,2025-10-29,15,2,0,fall,9106,,,,
NYC,hour,2025-10-29 16:00:00,2025-10-29,16,2,0,fall,11225,,,,
NYC,hour,2025-10-29 17:00:00,2025-10-29,17,2,0,fall,16315,,,,
NYC,hour,2025-10-29 18:00:00,2025-10-29,18,2,0,fall,15162,,,,
NYC,hour,2025-10-29 19:00:00,2025-10-29,19,2,0,fall,10418,,,,
NYC,hour,2025-10-29 20:00:00,2025-10-29,20,2,0,fall,7509,,,,
NYC,hour,2025-10-29 21:00:00,2025-10-29,21,2,0,fall,5489,,,,
NYC,hour,2025-10-29 22:00:00,2025-10-29,22,2,0,fall,4366,,,,
NYC,hour,2025-10-29 23:00:00,2025-10-29,23,2,0,fall,2818,,,,
NYC,hour,2025-10-30 00:00:00,2025-10-30,0,3,0,fall,1061,,,,
NYC,hour,2025-10-30 01:00:00,2025-10-30,1,3,0,fall,389,,,,
NYC,hour,2025-10-30 02:00:00,2025-10-30,2,3,0,fall,320,,,,
NYC,hour,2025-10-30 03:00:00,2025-10-30,3,3,0,fall,224,,,,
NYC,hour,2025-10-30 04:00:00,2025-10-30,4,3,0,fall,289,,,,
NYC,hour,2025-10-30 05:00:00,2025-10-30,5,3,0,fall,642,,,,
NYC,hour,2025-10-30 06:00:00,2025-10-30,6,3,0,fall,1611,,,,
NYC,hour,2025-10-30 07:00:00,2025-10-30,7,3,0,fall,4893,,,,
NYC,hour,2025-10-30 08:00:00,2025-10-30,8,3,0,fall,5715,,,,
NYC,hour,2025-10-30 09:00:00,2025-10-30,9,3,0,fall,2711,,,,
NYC,hour,2025-10-30 10:00:00,2025-10-30,10,3,0,fall,2977,,,,
NYC,hour,2025-10-30 11:00:00,2025-10-30,11,3,0,fall,2089,,,,
NYC,hour,2025-10-30 12:00:00,2025-10-30,12,3,0,fall,1877,,,,
NYC,hour,2025-10-30 13:00:00,2025-10-30,13,3,0,fall,1663,,,,
NYC,hour,2025-10-30 14:00:00,2025-10-30,14,3,0,fall,1167,,,,
NYC,hour,2025-10-30 15:00:00,2025-10-30,15,3,0,fall,1661,,,,
NYC,hour,2025-10-30 16:00:00,2025-10-30,16,3,0,fall,5208,,,,
NYC,hour,2025-10-30 17:00:00,2025-10-30,17,3,0,fall,9138,,,,
NYC,hour,2025-10-30 18:00:00,2025-10-30,18,3,0,fall,9420,,,,
NYC,hour,2025-10-30 19:00:00,2025-10-30,19,3,0,fall,7407,,,,
NYC,hour,2025-10-30 20:00:00,2025-10-30,20,3,0,fall,5478,,,,
NYC,hour,2025-10-30 21:00:00,2025-10-30,21,3,0,fall,4441,,,,
NYC,hour,2025-10-30 22:00:00,2025-10-30,22,3,0,fall,3339,,,,
NYC,hour,2025-10-30 23:00:00,2025-10-30,23,3,0,fall,2706,,,,
NYC,hour,2025-10-31 00:00:00,2025-10-31,0,4,0,fall,1876,,,,
NYC,hour,2025-10-31 01:00:00,2025-10-31,1,4,0,fall,1239,,,,
NYC,hour,2025-10-31 02:00:00,2025-10-31,2,4,0,fall,788,,,,
NYC,hour,2025-10-31 03:00:00,2025-10-31,3,4,0,fall,464,,,,
NYC,hour,2025-10-31 04:00:00,2025-10-31,4,4,0,fall,460,,,,
NYC,hour,2025-10-31 05:00:00,2025-10-31,5,4,0,fall,1193,,,,
NYC,hour,2025-10-31 06:00:00,2025-10-31,6,4,0,fall,3169,,,,
NYC,hour,2025-10-31 07:00:00,2025-10-31,7,4,0,fall,6814,,,,
NYC,hour,2025-10-31 08:00:00,2025-10-31,8,4,0,fall,10503,,,,
NYC,hour,2025-10-31 09:00:00,2025-10-31,9,4,0,fall,8664,,,,
NYC,hour,2025-10-31 10:00:00,2025-10-31,10,4,0,fall,6602,,,,
NYC,hour,2025-10-31 11:00:00,2025-10-31,11,4,0,fall,7152,,,,
NYC,hour,2025-10-31 12:00:00,2025-10-31,12,4,0,fall,8186,,,,
NYC,hour,2025-10-31 13:00:00,2025-10-31,13,4,0,fall,8877,,,,
NYC,hour,2025-10-31 14:00:00,2025-10-31,14,4,0,fall,10534,,,,
NYC,hour,2025-10-31 15:00:00,2025-10-31,15,4,0,fall,11594,,,,
NYC,hour,2025-10-31 16:00:00,2025-10-31,16,4,0,fall,12340,,,,
NYC,hour,2025-10-31 17:00:00,2025-10-31,17,4,0,fall,13561,,,,
NYC,hour,2025-10-31 18:00:00,2025-10-31,18,4,0,fall,11596,,,,
NYC,hour,2025-10-31 19:00:00,2025-10-31,19,4,0,fall,8922,,,,
NYC,hour,2025-10-31 20:00:00,2025-10-31,20,4,0,fall,7111,,,,
NYC,hour,2025-10-31 21:00:00,2025-10-31,21,4,0,fall,5748,,,,
NYC,hour,2025-10-31 22:00:00,2025-10-31,22,4,0,fall,5018,,,,
NYC,hour,2025-10-31 23:00:00,2025-10-31,23,4,0,fall,4881,,,,
NYC,hour,2025-11-01 00:00:00,2025-11-01,0,5,1,fall,4868,,,,
NYC,hour,2025-11-01 01:00:00,2025-11-01,1,5,1,fall,4435,,,,
NYC,hour,2025-11-01 02:00:00,2025-11-01,2,5,1,fall,3837,,,,
NYC,hour,2025-11-01 03:00:00,2025-11-01,3,5,1,fall,2456,,,,
NYC,hour,2025-11-01 04:00:00,2025-11-01,4,5,1,fall,1305,,,,
NYC,hour,2025-11-01 05:00:00,2025-11-01,5,5,1,fall,655,,,,
NYC,hour,2025-11-01 06:00:00,2025-11-01,6,5,1,fall,1127,,,,
NYC,hour,2025-11-01 07:00:00,2025-11-01,7,5,1,fall,2013,,,,
NYC,hour,2025-11-01 08:00:00,2025-11-01,8,5,1,fall,3850,,,,
NYC,hour,2025-11-01 09:00:00,2025-11-01,9,5,1,fall,5815,,,,
NYC,hour,2025-11-01 10:00:00,2025-11-01,10,5,1,fall,7462,,,,
NYC,hour,2025-11-01 11:00:00,2025-11-01,11,5,1,fall,9159,,,,
NYC,hour,2025-11-01 12:00:00,2025-11-01,12,5,1,fall,10301,,,,
NYC,hour,2025-11-01 13:00:00,2025-11-01,13,5,1,fall,11194,,,,
NYC,hour,2025-11-01 14:00:00,2025-11-01,14,5,1,fall,11509,,,,
NYC,hour,2025-11-01 15:00:00,2025-11-01,15,5,1,fall,11651,,,,
NYC,hour,2025-11-01 16:00:00,2025-11-01,16,5,1,fall,11276,,,,
NYC,hour,2025-11-01 17:00:00,2025-11-01,17,5,1,fall,10647,,,,
NYC,hour,2025-11-01 18:00:00,2025-11-01,18,5,1,fall,9278,,,,
NYC,hour,2025-11-01 19:00:00,2025-11-01,19,5,1,fall,7845,,,,
NYC,hour,2025-11-01 20:00:00,2025-11-01,20,5,1,fall,5964,,,,
NYC,hour,2025-11-01 21:00:00,2025-11-01,21,5,1,fall,4894,,,,
NYC,hour,2025-11-01 22:00:00,2025-11-01,22,5,1,fall,4371,,,,
NYC,hour,2025-11-01 23:00:00,2025-11-01,23,5,1,fall,3547,,,,
NYC,hour,2025-11-02 00:00:00,2025-11-02,0,6,1,fall,3869,,,,
NYC,hour,2025-11-02 01:00:00,2025-11-02,1,6,1,fall,4124,,,,
NYC,hour,2025-11-02 02:00:00,2025-11-02,2,6,1,fall,1048,,,,
NYC,hour,2025-11-02 03:00:00,2025-11-02,3,6,1,fall,764,,,,
NYC,hour,2025-11-02 04:00:00,2025-11-02,4,6,1,fall,725,,,,
NYC,hour,2025-11-02 05:00:00,2025-11-02,5,6,1,fall,885,,,,
NYC,hour,2025-11-02 06:00:00,2025-11-02,6,6,1,fall,1253,,,,
NYC,hour,2025-11-02 07:00:00,2025-11-02,7,6,1,fall,2229,,,,
NYC,hour,2025-11-02 08:00:00,2025-11-02,8,6,1,fall,4168,,,,
NYC,hour,2025-11-02 09:00:00,2025-11-02,9,6,1,fall,7047,,,,
NYC,hour,2025-11-02 10:00:00,2025-11-02,10,6,1,fall,9460,,,,
NYC,hour,2025-11-02 11:00:00,2025-11-02,11,6,1,fall,10872,,,,
NYC,hour,2025-11-02 12:00:00,2025-11-02,12,6,1,fall,11994,,,,
NYC,hour,2025-11-02 13:00:00,2025-11-02,13,6,1,fall,12859,,,,
NYC,hour,2025-11-02 14:00:00,2025-11-02,14,6,1,fall,13008,,,,
NYC,hour,2025-11-02 15:00:00,2025-11-02,15,6,1,fall,12646,,,,
NYC,hour,2025-11-02 16:00:00,2025-11-02,16,6,1,fall,12714,,,,
NYC,hour,2025-11-02 17:00:00,2025-11-02,17,6,1,fall,10018,,,,
NYC,hour,2025-11-02 18:00:00,2025-11-02,18,6,1,fall,8026,,,,
NYC,hour,2025-11-02 19:00:00,2025-11-02,19,6,1,fall,6304,,,,
NYC,hour,2025-11-02 20:00:00,2025-11-02,20,6,1,fall,4927,,,,
NYC,hour,2025-11-02 21:00:00,2025-11-02,21,6,1,fall,3903,,,,
NYC,hour,2025-11-02 22:00:00,2025-11-02,22,6,1,fall,2806,,,,
NYC,hour,2025-11-02 23:00:00,2025-11-02,23,6,1,fall,1790,,,,
NYC,hour,2025-11-03 00:00:00,2025-11-03,0,0,0,fall,1076,,,,
NYC,hour,2025-11-03 01:00:00,2025-11-03,1,0,0,fall,525,,,,
NYC,hour,2025-11-03 02:00:00,2025-11-03,2,0,0,fall,304,,,,
NYC,hour,2025-11-03 03:00:00,2025-11-03,3,0,0,fall,231,,,,
NYC,hour,2025-11-03 04:00:00,2025-11-03,4,0,0,fall,392,,,,
NYC,hour,2025-11-03 05:00:00,2025-11-03,5,0,0,fall,1364,,,,
NYC,hour,2025-11-03 06:00:00,2025-11-03,6,0,0,fall,3954,,,,
NYC,hour,2025-11-03 07:00:00,2025-11-03,7,0,0,fall,8510,,,,
NYC,hour,2025-11-03 08:00:00,2025-11-03,8,0,0,fall,12249,,,,
NYC,hour,2025-11-03 09:00:00,2025-11-03,9,0,0,fall,8514,,,,
NYC,hour,2025-11-03 10:00:00,2025-11-03,10,0,0,fall,5942,,,,
NYC,hour,2025-11-03 11:00:00,2025-11-03,11,0,0,fall,5908,,,,
NYC,hour,2025-11-03 12:00:00,2025-11-03,12,0,0,fall,6409,,,,
NYC,hour,2025-11-03 13:00:00,2025-11-03,13,0,0,fall,6863,,,,
NYC,hour,2025-11-03 14:00:00,2025-11-03,14,0,0,fall,7204,,,,
NYC,hour,2025-11-03 15:00:00,2025-11-03,15,0,0,fall,8908,,,,
NYC,hour,2025-11-03 16:00:00,2025-11-03,16,0,0,fall,10767,,,,
NYC,hour,2025-11-03 17:00:00,2025-11-03,17,0,0,fall,14073,,,,
NYC,hour,2025-11-03 18:00:00,2025-11-03,18,0,0,fall,12565,,,,
NYC,hour,2025-11-03 19:00:00,2025-11-03,19,0,0,fall,7974,,,,
NYC,hour,2025-11-03 20:00:00,2025-11-03,20,0,0,fall,5517,,,,
NYC,hour,2025-11-03 21:00:00,2025-11-03,21,0,0,fall,4384,,,,
NYC,hour,2025-11-03 22:00:00,2025-11-03,22,0,0,fall,3234,,,,
NYC,hour,2025-11-03 23:00:00,2025-11-03,23,0,0,fall,1985,,,,
NYC,hour,2025-11-04 00:00:00,2025-11-04,0,1,0,fall,1099,,,,
NYC,hour,2025-11-04 01:00:00,2025-11-04,1,1,0,fall,491,,,,
NYC,hour,2025-11-04 02:00:00,2025-11-04,2,1,0,fall,280,,,,
NYC,hour,2025-11-04 03:00:00,2025-11-04,3,1,0,fall,197,,,,
NYC,hour,2025-11-04 04:00:00,2025-11-04,4,1,0,fall,439,,,,
NYC,hour,2025-11-04 05:00:00,2025-11-04,5,1,0,fall,1447,,,,
NYC,hour,2025-11-04 06:00:00,2025-11-04,6,1,0,fall,4403,,,,
NYC,hour,2025-11-04 07:00:00,2025-11-04,7,1,0,fall,8485,,,,
NYC,hour,2025-11-04 08:00:00,2025-11-04,8,1,0,fall,12625,,,,
NYC,hour,2025-11-04 09:00:00,2025-11-04,9,1,0,fall,9205,,,,
NYC,hour,2025-11-04 10:00:00,2025-11-04,10,1,0,fall,6167,,,,
NYC,hour,2025-11-04 11:00:00,2025-11-04,11,1,0,fall,6263,,,,
NYC,hour,2025-11-04 12:00:00,2025-11-04,12,1,0,fall,6926,,,,
NYC,hour,2025-11-04 13:00:00,2025-11-04,13,1,0,fall,7431,,,,
NYC,hour,2025-11-04 14:00:00,2025-11-04,14,1,0,fall,7993,,,,
NYC,hour,2025-11-04 15:00:00,2025-11-04,15,1,0,fall,8995,,,,
NYC,hour,2025-11-04 16:00:00,2025-11-04,16,1,0,fall,10995,,,,
NYC,hour,2025-11-04 17:00:00,2025-11-04,17,1,0,fall,15204,,,,
NYC,hour,2025-11-04 18:00:00,2025-11-04,18,1,0,fall,13788,,,,
NYC,hour,2025-11-04 19:00:00,2025-11-04,19,1,0,fall,9889,,,,
NYC,hour,2025-11-04 20:00:00,2025-11-04,20,1,0,fall,7111,,,,
NYC,hour,2025-11-04 21:00:00,2025-11-04,21,1,0,fall,5424,,,,
NYC,hour,2025-11-04 22:00:00,2025-11-04,22,1,0,fall,4315,,,,
NYC,hour,2025-11-04 23:00:00,2025-11-04,23,1,0,fall,2793,,,,
NYC,hour,2025-11-05 00:00:00,2025-11-05,0,2,0,fall,1578,,,,
NYC,hour,2025-11-05 01:00:00,2025-11-05,1,2,0,fall,744,,,,
NYC,hour,2025-11-05 02:00:00,2025-11-05,2,2,0,fall,386,,,,
NYC,hour,2025-11-05 03:00:00,2025-11-05,3,2,0,fall,262,,,,
NYC,hour,2025-11-05 04:00:00,2025-11-05,4,2,0,fall,423,,,,
NYC,hour,2025-11-05 05:00:00,2025-11-05,5,2,0,fall,1367,,,,
NYC,hour,2025-11-05 06:00:00,2025-11-05,6,2,0,fall,4111,,,,
NYC,hour,2025-11-05 07:00:00,2025-11-05,7,2,0,fall,9227,,,,
NYC,hour,2025-11-05 08:00:00,2025-11-05,8,2,0,fall,13947,,,,
NYC,hour,2025-11-05 09:00:00,2025-11-05,9,2,0,fall,9419,,,,
NYC,hour,2025-11-05 10:00:00,2025-11-05,10,2,0,fall,6240,,,,
NYC,hour,2025-11-05 11:00:00,2025-11-05,11,2,0,fall,6234,,,,
NYC,hour,2025-11-05 12:00:00,2025-11-05,12,2,0,fall,6871,,,,
NYC,hour,2025-11-05 13:00:00,2025-11-05,13,2,0,fall,7393,,,,
NYC,hour,2025-11-05 14:00:00,2025-11-05,14,2,0,fall,8464,,,,
NYC,hour,2025-11-05 15:00:00,2025-11-05,15,2,0,fall,9856,,,,
NYC,hour,2025-11-05 16:00:00,2025-11-05,16,2,0,fall,11618,,,,
NYC,hour,2025-11-05 17:00:00,2025-11-05,17,2,0,fall,15992,,,,
NYC,hour,2025-11-05 18:00:00,2025-11-05,18,2,0,fall,14406,,,,
NYC,hour,2025-11-05 19:00:00,2025-11-05,19,2,0,fall,10679,,,,
NYC,hour,2025-11-05 20:00:00,2025-11-05,20,2,0,fall,7506,,,,
NYC,hour,2025-11-05 21:00:00,2025-11-05,21,2,0,fall,5590,,,,
NYC,hour,2025-11-05 22:00:00,2025-11-05,22,2,0,fall,4362,,,,
NYC,hour,2025-11-05 23:00:00,2025-11-05,23,2,0,fall,2400,,,,
NYC,hour,2025-11-06 00:00:00,2025-11-06,0,3,0,fall,1256,,,,
NYC,hour,2025-11-06 01:00:00,2025-11-06,1,3,0,fall,617,,,,
NYC,hour,2025-11-06 02:00:00,2025-11-06,2,3,0,fall,336,,,,
NYC,hour,2025-11-06 03:00:00,2025-11-06,3,3,0,fall,258,,,,
NYC,hour,2025-11-06 04:00:00,2025-11-06,4,3,0,fall,393,,,,
NYC,hour,2025-11-06 05:00:00,2025-11-06,5,3,0,fall,1289,,,,
NYC,hour,2025-11-06 06:00:00,2025-11-06,6,3,0,fall,3986,,,,
NYC,hour,2025-11-06 07:00:00,2025-11-06,7,3,0,fall,9043,,,,
NYC,hour,2025-11-06 08:00:00,2025-11-06,8,3,0,fall,13709,,,,
NYC,hour,2025-11-06 09:00:00,2025-11-06,9,3,0,fall,9477,,,,
NYC,hour,2025-11-06 10:00:00,2025-11-06,10,3,0,fall,6057,,,,
NYC,hour,2025-11-06 11:00:00,2025-11-06,11,3,0,fall,6055,,,,
NYC,hour,2025-11-06 12:00:00,2025-11-06,12,3,0,fall,6576,,,,
NYC,hour,2025-11-06 13:00:00,2025-11-06,13,3,0,fall,6664,,,,
NYC,hour,2025-11-06 14:00:00,2025-11-06,14,3,0,fall,7542,,,,
NYC,hour,2025-11-06 15:00:00,2025-11-06,15,3,0,fall,8727,,,,
NYC,hour,2025-11-06 16:00:00,2025-11-06,16,3,0,fall,10438,,,,
NYC,hour,2025-11-06 17:00:00,2025-11-06,17,3,0,fall,13258,,,,
NYC,hour,2025-11-06 18:00:00,2025-11-06,18,3,0,fall,12492,,,,
NYC,hour,2025-11-06 19:00:00,2025-11-06,19,3,0,fall,9190,,,,
NYC,hour,2025-11-06 20:00:00,2025-11-06,20,3,0,fall,6489,,,,
NYC,hour,2025-11-06 21:00:00,2025-11-06,21,3,0,fall,4890,,,,
NYC,hour,2025-11-06 22:00:00,2025-11-06,22,3,0,fall,3889,,,,
NYC,hour,2025-11-06 23:00:00,2025-11-06,23,3,0,fall,2770,,,,
NYC,hour,2025-11-07 00:00:00,2025-11-07,0,4,0,fall,1616,,,,
NYC,hour,2025-11-07 01:00:00,2025-11-07,1,4,0,fall,858,,,,
NYC,hour,2025-11-07 02:00:00,2025-11-07,2,4,0,fall,517,,,,
NYC,hour,2025-11-07 03:00:00,2025-11-07,3,4,0,fall,346,,,,
NYC,hour,2025-11-07 04:00:00,2025-11-07,4,4,0,fall,405,,,,
NYC,hour,2025-11-07 05:00:00,2025-11-07,5,4,0,fall,1175,,,,
NYC,hour,2025-11-07 06:00:00,2025-11-07,6,4,0,fall,3220,,,,
NYC,hour,2025-11-07 07:00:00,2025-11-07,7,4,0,fall,7355,,,,
NYC,hour,2025-11-07 08:00:00,2025-11-07,8,4,0,fall,10894,,,,
NYC,hour,2025-11-07 09:00:00,2025-11-07,9,4,0,fall,8354,,,,
NYC,hour,2025-11-07 10:00:00,2025-11-07,10,4,0,fall,6442,,,,
NYC,hour,2025-11-07 11:00:00,2025-11-07,11,4,0,fall,6637,,,,
NYC,hour,2025-11-07 12:00:00,2025-11-07,12,4,0,fall,7701,,,,
NYC,hour,2025-11-07 13:00:00,2025-11-07,13,4,0,fall,8491,,,,
NYC,hour,2025-11-07 14:00:00,2025-11-07,14,4,0,fall,9660,,,,
NYC,hour,2025-11-07 15:00:00,2025-11-07,15,4,0,fall,10408,,,,
NYC,hour,2025-11-07 16:00:00,2025-11-07,16,4,0,fall,12030,,,,
NYC,hour,2025-11-07 17:00:00,2025-11-07,17,4,0,fall,13036,,,,
NYC,hour,2025-11-07 18:00:00,2025-11-07,18,4,0,fall,11640,,,,
NYC,hour,2025-11-07 19:00:00,2025-11-07,19,4,0,fall,9004,,,,
NYC,hour,2025-11-07 20:00:00,2025-11-07,20,4,0,fall,6586,,,,
NYC,hour,2025-11-07 21:00:00,2025-11-07,21,4,0,fall,5439,,,,
NYC,hour,2025-11-07 22:00:00,2025-11-07,22,4,0,fall,5030,,,,
NYC,hour,2025-11-07 23:00:00,2025-11-07,23,4,0,fall,3588,,,,
NYC,hour,2025-11-08 00:00:00,2025-11-08,0,5,1,fall,1863,,,,
NYC,hour,2025-11-08 01:00:00,2025-11-08,1,5,1,fall,1566,,,,
NYC,hour,2025-11-08 02:00:00,2025-11-08,2,5,1,fall,1040,,,,
NYC,hour,2025-11-08 03:00:00,2025-11-08,3,5,1,fall,537,,,,
NYC,hour,2025-11-08 04:00:00,2025-11-08,4,5,1,fall,428,,,,
NYC,hour,2025-11-08 05:00:00,2025-11-08,5,5,1,fall,463,,,,
NYC,hour,2025-11-08 06:00:00,2025-11-08,6,5,1,fall,919,,,,
NYC,hour,2025-11-08 07:00:00,2025-11-08,7,5,1,fall,1968,,,,
NYC,hour,2025-11-08 08:00:00,2025-11-08,8,5,1,fall,3992,,,,
NYC,hour,2025-11-08 09:00:00,2025-11-08,9,5,1,fall,6562,,,,
NYC,hour,2025-11-08 10:00:00,2025-11-08,10,5,1,fall,8857,,,,
NYC,hour,2025-11-08 11:00:00,2025-11-08,11,5,1,fall,10961,,,,
NYC,hour,2025-11-08 12:00:00,2025-11-08,12,5,1,fall,12608,,,,
NYC,hour,2025-11-08 13:00:00,2025-11-08,13,5,1,fall,13102,,,,
NYC,hour,2025-11-08 14:00:00,2025-11-08,14,5,1,fall,13643,,,,
NYC,hour,2025-11-08 15:00:00,2025-11-08,15,5,1,fall,13674,,,,
NYC,hour,2025-11-08 16:00:00,2025-11-08,16,5,1,fall,12855,,,,
NYC,hour,2025-11-08 17:00:00,2025-11-08,17,5,1,fall,10666,,,,
NYC,hour,2025-11-08 18:00:00,2025-11-08,18,5,1,fall,9387,,,,
NYC,hour,2025-11-08 19:00:00,2025-11-08,19,5,1,fall,7938,,,,
NYC,hour,2025-11-08 20:00:00,2025-11-08,20,5,1,fall,6279,,,,
NYC,hour,2025-11-08 21:00:00,2025-11-08,21,5,1,fall,5374,,,,
NYC,hour,2025-11-08 22:00:00,2025-11-08,22,5,1,fall,5043,,,,
NYC,hour,2025-11-08 23:00:00,2025-11-08,23,5,1,fall,4749,,,,
NYC,hour,2025-11-09 00:00:00,2025-11-09,0,6,1,fall,3822,,,,
NYC,hour,2025-11-09 01:00:00,2025-11-09,1,6,1,fall,2608,,,,
NYC,hour,2025-11-09 02:00:00,2025-11-09,2,6,1,fall,1752,,,,
NYC,hour,2025-11-09 03:00:00,2025-11-09,3,6,1,fall,1032,,,,
NYC,hour,2025-11-09 04:00:00,2025-11-09,4,6,1,fall,760,,,,
NYC,hour,2025-11-09 05:00:00,2025-11-09,5,6,1,fall,512,,,,
NYC,hour,2025-11-09 06:00:00,2025-11-09,6,6,1,fall,974,,,,
NYC,hour,2025-11-09 07:00:00,2025-11-09,7,6,1,fall,1929,,,,
NYC,hour,2025-11-09 08:00:00,2025-11-09,8,6,1,fall,3487,,,,
NYC,hour,2025-11-09 09:00:00,2025-11-09,9,6,1,fall,5853,,,,
NYC,hour,2025-11-09 10:00:00,2025-11-09,10,6,1,fall,8101,,,,
NYC,hour,2025-11-09 11:00:00,2025-11-09,11,6,1,fall,9796,,,,
NYC,hour,2025-11-09 12:00:00,2025-11-09,12,6,1,fall,9627,,,,
NYC,hour,2025-11-09 13:00:00,2025-11-09,13,6,1,fall,9486,,,,
NYC,hour,2025-11-09 14:00:00,2025-11-09,14,6,1,fall,4700,,,,
NYC,hour,2025-11-09 15:00:00,2025-11-09,15,6,1,fall,3056,,,,
NYC,hour,2025-11-09 16:00:00,2025-11-09,16,6,1,fall,4115,,,,
NYC,hour,2025-11-09 17:00:00,2025-11-09,17,6,1,fall,4448,,,,
NYC,hour,2025-11-09 18:00:00,2025-11-09,18,6,1,fall,4962,,,,
NYC,hour,2025-11-09 19:00:00,2025-11-09,19,6,1,fall,4449,,,,
NYC,hour,2025-11-09 20:00:00,2025-11-09,20,6,1,fall,3774,,,,
NYC,hour,2025-11-09 21:00:00,2025-11-09,21,6,1,fall,3282,,,,
NYC,hour,2025-11-09 22:00:00,2025-11-09,22,6,1,fall,2525,,,,
NYC,hour,2025-11-09 23:00:00,2025-11-09,23,6,1,fall,1870,,,,
NYC,hour,2025-11-10 00:00:00,2025-11-10,0,0,0,fall,690,,,,
NYC,hour,2025-11-10 01:00:00,2025-11-10,1,0,0,fall,250,,,,
NYC,hour,2025-11-10 02:00:00,2025-11-10,2,0,0,fall,228,,,,
NYC,hour,2025-11-10 03:00:00,2025-11-10,3,0,0,fall,210,,,,
NYC,hour,2025-11-10 04:00:00,2025-11-10,4,0,0,fall,330,,,,
NYC,hour,2025-11-10 05:00:00,2025-11-10,5,0,0,fall,1174,,,,
NYC,hour,2025-11-10 06:00:00,2025-11-10,6,0,0,fall,3491,,,,
NYC,hour,2025-11-10 07:00:00,2025-11-10,7,0,0,fall,7772,,,,
NYC,hour,2025-11-10 08:00:00,2025-11-10,8,0,0,fall,11436,,,,
NYC,hour,2025-11-10 09:00:00,2025-11-10,9,0,0,fall,7909,,,,
NYC,hour,2025-11-10 10:00:00,2025-11-10,10,0,0,fall,5371,,,,
NYC,hour,2025-11-10 11:00:00,2025-11-10,11,0,0,fall,4863,,,,
NYC,hour,2025-11-10 12:00:00,2025-11-10,12,0,0,fall,3263,,,,
NYC,hour,2025-11-10 13:00:00,2025-11-10,13,0,0,fall,2534,,,,
NYC,hour,2025-11-10 14:00:00,2025-11-10,14,0,0,fall,4320,,,,
NYC,hour,2025-11-10 15:00:00,2025-11-10,15,0,0,fall,6086,,,,
NYC,hour,2025-11-10 16:00:00,2025-11-10,16,0,0,fall,7979,,,,
NYC,hour,2025-11-10 17:00:00,2025-11-10,17,0,0,fall,10550,,,,
NYC,hour,2025-11-10 18:00:00,2025-11-10,18,0,0,fall,9568,,,,
NYC,hour,2025-11-10 19:00:00,2025-11-10,19,0,0,fall,6766,,,,
NYC,hour,2025-11-10 20:00:00,2025-11-10,20,0,0,fall,4624,,,,
NYC,hour,2025-11-10 21:00:00,2025-11-10,21,0,0,fall,3401,,,,
NYC,hour,2025-11-10 22:00:00,2025-11-10,22,0,0,fall,2317,,,,
NYC,hour,2025-11-10 23:00:00,2025-11-10,23,0,0,fall,1570,,,,
NYC,hour,2025-11-11 00:00:00,2025-11-11,0,1,0,fall,821,,,,
NYC,hour,2025-11-11 01:00:00,2025-11-11,1,1,0,fall,394,,,,
NYC,hour,2025-11-11 02:00:00,2025-11-11,2,1,0,fall,210,,,,
NYC,hour,2025-11-11 03:00:00,2025-11-11,3,1,0,fall,168,,,,
NYC,hour,2025-11-11 04:00:00,2025-11-11,4,1,0,fall,249,,,,
NYC,hour,2025-11-11 05:00:00,2025-11-11,5,1,0,fall,971,,,,
NYC,hour,2025-11-11 06:00:00,2025-11-11,6,1,0,fall,2592,,,,
NYC,hour,2025-11-11 07:00:00,2025-11-11,7,1,0,fall,5067,,,,
NYC,hour,2025-11-11 08:00:00,2025-11-11,8,1,0,fall,8238,,,,
NYC,hour,2025-11-11 09:00:00,2025-11-11,9,1,0,fall,6664,,,,
NYC,hour,2025-11-11 10:00:00,2025-11-11,10,1,0,fall,4593,,,,
NYC,hour,2025-11-11 11:00:00,2025-11-11,11,1,0,fall,4281,,,,
NYC,hour,2025-11-11 12:00:00,2025-11-11,12,1,0,fall,4518,,,,
NYC,hour,2025-11-11 13:00:00,2025-11-11,13,1,0,fall,4881,,,,
NYC,hour,2025-11-11 14:00:00,2025-11-11,14,1,0,fall,4988,,,,
NYC,hour,2025-11-11 15:00:00,2025-11-11,15,1,0,fall,5831,,,,
NYC,hour,2025-11-11 16:00:00,2025-11-11,16,1,0,fall,6822,,,,
NYC,hour,2025-11-11 17:00:00,2025-11-11,17,1,0,fall,8855,,,,
NYC,hour,2025-11-11 18:00:00,2025-11-11,18,1,0,fall,8415,,,,
NYC,hour,2025-11-11 19:00:00,2025-11-11,19,1,0,fall,6117,,,,
NYC,hour,2025-11-11 20:00:00,2025-11-11,20,1,0,fall,4290,,,,
NYC,hour,2025-11-11 21:00:00,2025-11-11,21,1,0,fall,3471,,,,
NYC,hour,2025-11-11 22:00:00,2025-11-11,22,1,0,fall,2726,,,,
NYC,hour,2025-11-11 23:00:00,2025-11-11,23,1,0,fall,1577,,,,
NYC,hour,2025-11-12 00:00:00,2025-11-12,0,2,0,fall,858,,,,
NYC,hour,2025-11-12 01:00:00,2025-11-12,1,2,0,fall,416,,,,
NYC,hour,2025-11-12 02:00:00,2025-11-12,2,2,0,fall,239,,,,
NYC,hour,2025-11-12 03:00:00,2025-11-12,3,2,0,fall,171,,,,
NYC,hour,2025-11-12 04:00:00,2025-11-12,4,2,0,fall,316,,,,
NYC,hour,2025-11-12 05:00:00,2025-11-12,5,2,0,fall,1190,,,,
NYC,hour,2025-11-12 06:00:00,2025-11-12,6,2,0,fall,3407,,,,
NYC,hour,2025-11-12 07:00:00,2025-11-12,7,2,0,fall,7761,,,,
NYC,hour,2025-11-12 08:00:00,2025-11-12,8,2,0,fall,11757,,,,
NYC,hour,2025-11-12 09:00:00,2025-11-12,9,2,0,fall,7544,,,,
NYC,hour,2025-11-12 10:00:00,2025-11-12,10,2,0,fall,4726,,,,
NYC,hour,2025-11-12 11:00:00,2025-11-12,11,2,0,fall,4461,,,,
NYC,hour,2025-11-12 12:00:00,2025-11-12,12,2,0,fall,5013,,,,
NYC,hour,2025-11-12 13:00:00,2025-11-12,13,2,0,fall,5376,,,,
NYC,hour,2025-11-12 14:00:00,2025-11-12,14,2,0,fall,6233,,,,
NYC,hour,2025-11-12 15:00:00,2025-11-12,15,2,0,fall,7371,,,,
NYC,hour,2025-11-12 16:00:00,2025-11-12,16,2,0,fall,8874,,,,
NYC,hour,2025-11-12 17:00:00,2025-11-12,17,2,0,fall,12228,,,,
NYC,hour,2025-11-12 18:00:00,2025-11-12,18,2,0,fall,11773,,,,
NYC,hour,2025-11-12 19:00:00,2025-11-12,19,2,0,fall,8525,,,,
NYC,hour,2025-11-12 20:00:00,2025-11-12,20,2,0,fall,5943,,,,
NYC,hour,2025-11-12 21:00:00,2025-11-12,21,2,0,fall,4752,,,,
NYC,hour,2025-11-12 22:00:00,2025-11-12,22,2,0,fall,3647,,,,
NYC,hour,2025-11-12 23:00:00,2025-11-12,23,2,0,fall,2268,,,,
NYC,hour,2025-11-13 00:00:00,2025-11-13,0,3,0,fall,1241,,,,
NYC,hour,2025-11-13 01:00:00,2025-11-13,1,3,0,fall,592,,,,
NYC,hour,2025-11-13 02:00:00,2025-11-13,2,3,0,fall,363,,,,
NYC,hour,2025-11-13 03:00:00,2025-11-13,3,3,0,fall,245,,,,
NYC,hour,2025-11-13 04:00:00,2025-11-13,4,3,0,fall,378,,,,
NYC,hour,2025-11-13 05:00:00,2025-11-13,5,3,0,fall,1176,,,,
NYC,hour,2025-11-13 06:00:00,2025-11-13,6,3,0,fall,3667,,,,
NYC,hour,2025-11-13 07:00:00,2025-11-13,7,3,0,fall,7918,,,,
NYC,hour,2025-11-13 08:00:00,2025-11-13,8,3,0,fall,12370,,,,
NYC,hour,2025-11-13 09:00:00,2025-11-13,9,3,0,fall,8463,,,,
NYC,hour,2025-11-13 10:00:00,2025-11-13,10,3,0,fall,5532,,,,
NYC,hour,2025-11-13 11:00:00,2025-11-13,11,3,0,fall,4647,,,,
NYC,hour,2025-11-13 12:00:00,2025-11-13,12,3,0,fall,4366,,,,
NYC,hour,2025-11-13 13:00:00,2025-11-13,13,3,0,fall,5610,,,,
NYC,hour,2025-11-13 14:00:00,2025-11-13,14,3,0,fall,6687,,,,
NYC,hour,2025-11-13 15:00:00,2025-11-13,15,3,0,fall,7641,,,,
NYC,hour,2025-11-13 16:00:00,2025-11-13,16,3,0,fall,9408,,,,
NYC,hour,2025-11-13 17:00:00,2025-11-13,17,3,0,fall,12322,,,,
NYC,hour,2025-11-13 18:00:00,2025-11-13,18,3,0,fall,11585,,,,
NYC,hour,2025-11-13 19:00:00,2025-11-13,19,3,0,fall,8589,,,,
NYC,hour,2025-11-13 20:00:00,2025-11-13,20,3,0,fall,6009,,,,
NYC,hour,2025-11-13 21:00:00,2025-11-13,21,3,0,fall,4759,,,,
NYC,hour,2025-11-13 22:00:00,2025-11-13,22,3,0,fall,3702,,,,
NYC,hour,2025-11-13 23:00:00,2025-11-13,23,3,0,fall,2584,,,,
NYC,hour,2025-11-14 00:00:00,2025-11-14,0,4,0,fall,1580,,,,
NYC,hour,2025-11-14 01:00:00,2025-11-14,1,4,0,fall,840,,,,
NYC,hour,2025-11-14 02:00:00,2025-11-14,2,4,0,fall,483,,,,
NYC,hour,2025-11-14 03:00:00,2025-11-14,3,4,0,fall,332,,,,
NYC,hour,2025-11-14 04:00:00,2025-11-14,4,4,0,fall,359,,,,
NYC,hour,2025-11-14 05:00:00,2025-11-14,5,4,0,fall,1138,,,,
NYC,hour,2025-11-14 06:00:00,2025-11-14,6,4,0,fall,3044,,,,
NYC,hour,2025-11-14 07:00:00,2025-11-14,7,4,0,fall,6874,,,,
NYC,hour,2025-11-14 08:00:00,2025-11-14,8,4,0,fall,9895,,,,
NYC,hour,2025-11-14 09:00:00,2025-11-14,9,4,0,fall,8021,,,,
NYC,hour,2025-11-14 10:00:00,2025-11-14,10,4,0,fall,6248,,,,
NYC,hour,2025-11-14 11:00:00,2025-11-14,11,4,0,fall,5995,,,,
NYC,hour,2025-11-14 12:00:00,2025-11-14,12,4,0,fall,6866,,,,
NYC,hour,2025-11-14 13:00:00,2025-11-14,13,4,0,fall,7561,,,,
NYC,hour,2025-11-14 14:00:00,2025-11-14,14,4,0,fall,8196,,,,
NYC,hour,2025-11-14 15:00:00,2025-11-14,15,4,0,fall,9059,,,,
NYC,hour,2025-11-14 16:00:00,2025-11-14,16,4,0,fall,10233,,,,
NYC,hour,2025-11-14 17:00:00,2025-11-14,17,4,0,fall,11909,,,,
NYC,hour,2025-11-14 18:00:00,2025-11-14,18,4,0,fall,10823,,,,
NYC,hour,2025-11-14 19:00:00,2025-11-14,19,4,0,fall,8505,,,,
NYC,hour,2025-11-14 20:00:00,2025-11-14,20,4,0,fall,6139,,,,
NYC,hour,2025-11-14 21:00:00,2025-11-14,21,4,0,fall,4917,,,,
NYC,hour,2025-11-14 22:00:00,2025-11-14,22,4,0,fall,4344,,,,
NYC,hour,2025-11-14 23:00:00,2025-11-14,23,4,0,fall,3575,,,,
NYC,hour,2025-11-15 00:00:00,2025-11-15,0,5,1,fall,2805,,,,
NYC,hour,2025-11-15 01:00:00,2025-11-15,1,5,1,fall,1881,,,,
NYC,hour,2025-11-15 02:00:00,2025-11-15,2,5,1,fall,1231,,,,
NYC,hour,2025-11-15 03:00:00,2025-11-15,3,5,1,fall,809,,,,
NYC,hour,2025-11-15 04:00:00,2025-11-15,4,5,1,fall,556,,,,
NYC,hour,2025-11-15 05:00:00,2025-11-15,5,5,1,fall,482,,,,
NYC,hour,2025-11-15 06:00:00,2025-11-15,6,5,1,fall,991,,,,
NYC,hour,2025-11-15 07:00:00,2025-11-15,7,5,1,fall,2001,,,,
NYC,hour,2025-11-15 08:00:00,2025-11-15,8,5,1,fall,3810,,,,
NYC,hour,2025-11-15 09:00:00,2025-11-15,9,5,1,fall,5725,,,,
NYC,hour,2025-11-15 10:00:00,2025-11-15,10,5,1,fall,7432,,,,
NYC,hour,2025-11-15 11:00:00,2025-11-15,11,5,1,fall,8454,,,,
NYC,hour,2025-11-15 12:00:00,2025-11-15,12,5,1,fall,9545,,,,
NYC,hour,2025-11-15 13:00:00,2025-11-15,13,5,1,fall,9627,,,,
NYC,hour,2025-11-15 14:00:00,2025-11-15,14,5,1,fall,9731,,,,
NYC,hour,2025-11-15 15:00:00,2025-11-15,15,5,1,fall,9699,,,,
NYC,hour,2025-11-15 16:00:00,2025-11-15,16,5,1,fall,8969,,,,
NYC,hour,2025-11-15 17:00:00,2025-11-15,17,5,1,fall,7589,,,,
NYC,hour,2025-11-15 18:00:00,2025-11-15,18,5,1,fall,7252,,,,
NYC,hour,2025-11-15 19:00:00,2025-11-15,19,5,1,fall,6166,,,,
NYC,hour,2025-11-15 20:00:00,2025-11-15,20,5,1,fall,2798,,,,
NYC,hour,2025-11-15 21:00:00,2025-11-15,21,5,1,fall,3269,,,,
NYC,hour,2025-11-15 22:00:00,2025-11-15,22,5,1,fall,3240,,,,
NYC,hour,2025-11-15 23:00:00,2025-11-15,23,5,1,fall,2931,,,,
NYC,hour,2025-11-16 00:00:00,2025-11-16,0,6,1,fall,1705,,,,
NYC,hour,2025-11-16 01:00:00,2025-11-16,1,6,1,fall,2082,,,,
NYC,hour,2025-11-16 02:00:00,2025-11-16,2,6,1,fall,1119,,,,
NYC,hour,2025-11-16 03:00:00,2025-11-16,3,6,1,fall,761,,,,
NYC,hour,2025-11-16 04:00:00,2025-11-16,4,6,1,fall,614,,,,
NYC,hour,2025-11-16 05:00:00,2025-11-16,5,6,1,fall,447,,,,
NYC,hour,2025-11-16 06:00:00,2025-11-16,6,6,1,fall,783,,,,
NYC,hour,2025-11-16 07:00:00,2025-11-16,7,6,1,fall,1555,,,,
NYC,hour,2025-11-16 08:00:00,2025-11-16,8,6,1,fall,2866,,,,
NYC,hour,2025-11-16 09:00:00,2025-11-16,9,6,1,fall,4983,,,,
NYC,hour,2025-11-16 10:00:00,2025-11-16,10,6,1,fall,6892,,,,
NYC,hour,2025-11-16 11:00:00,2025-11-16,11,6,1,fall,8137,,,,
NYC,hour,2025-11-16 12:00:00,2025-11-16,12,6,1,fall,8821,,,,
NYC,hour,2025-11-16 13:00:00,2025-11-16,13,6,1,fall,8922,,,,
NYC,hour,2025-11-16 14:00:00,2025-11-16,14,6,1,fall,8342,,,,
NYC,hour,2025-11-16 15:00:00,2025-11-16,15,6,1,fall,7778,,,,
NYC,hour,2025-11-16 16:00:00,2025-11-16,16,6,1,fall,7564,,,,
NYC,hour,2025-11-16 17:00:00,2025-11-16,17,6,1,fall,5960,,,,
NYC,hour,2025-11-16 18:00:00,2025-11-16,18,6,1,fall,5279,,,,
NYC,hour,2025-11-16 19:00:00,2025-11-16,19,6,1,fall,4189,,,,
NYC,hour,2025-11-16 20:00:00,2025-11-16,20,6,1,fall,3228,,,,
NYC,hour,2025-11-16 21:00:00,2025-11-16,21,6,1,fall,2465,,,,
NYC,hour,2025-11-16 22:00:00,2025-11-16,22,6,1,fall,1863,,,,
NYC,hour,2025-11-16 23:00:00,2025-11-16,23,6,1,fall,1298,,,,
NYC,hour,2025-11-17 00:00:00,2025-11-17,0,0,0,fall,766,,,,
NYC,hour,2025-11-17 01:00:00,2025-11-17,1,0,0,fall,337,,,,
NYC,hour,2025-11-17 02:00:00,2025-11-17,2,0,0,fall,233,,,,
NYC,hour,2025-11-17 03:00:00,2025-11-17,3,0,0,fall,154,,,,
NYC,hour,2025-11-17 04:00:00,2025-11-17,4,0,0,fall,289,,,,
NYC,hour,2025-11-17 05:00:00,2025-11-17,5,0,0,fall,1085,,,,
NYC,hour,2025-11-17 06:00:00,2025-11-17,6,0,0,fall,3202,,,,
NYC,hour,2025-11-17 07:00:00,2025-11-17,7,0,0,fall,6918,,,,
NYC,hour,2025-11-17 08:00:00,2025-11-17,8,0,0,fall,9827,,,,
NYC,hour,2025-11-17 09:00:00,2025-11-17,9,0,0,fall,6365,,,,
NYC,hour,2025-11-17 10:00:00,2025-11-17,10,0,0,fall,3943,,,,
NYC,hour,2025-11-17 11:00:00,2025-11-17,11,0,0,fall,3846,,,,
NYC,hour,2025-11-17 12:00:00,2025-11-17,12,0,0,fall,4266,,,,
NYC,hour,2025-11-17 13:00:00,2025-11-17,13,0,0,fall,4812,,,,
NYC,hour,2025-11-17 14:00:00,2025-11-17,14,0,0,fall,5325,,,,
NYC,hour,2025-11-17 15:00:00,2025-11-17,15,0,0,fall,6176,,,,
NYC,hour,2025-11-17 16:00:00,2025-11-17,16,0,0,fall,7783,,,,
NYC,hour,2025-11-17 17:00:00,2025-11-17,17,0,0,fall,10610,,,,
NYC,hour,2025-11-17 18:00:00,2025-11-17,18,0,0,fall,9524,,,,
NYC,hour,2025-11-17 19:00:00,2025-11-17,19,0,0,fall,6654,,,,
NYC,hour,2025-11-17 20:00:00,2025-11-17,20,0,0,fall,4683,,,,
NYC,hour,2025-11-17 21:00:00,2025-11-17,21,0,0,fall,3474,,,,
NYC,hour,2025-11-17 22:00:00,2025-11-17,22,0,0,fall,2374,,,,
NYC,hour,2025-11-17 23:00:00,2025-11-17,23,0,0,fall,1542,,,,
NYC,hour,2025-11-18 00:00:00,2025-11-18,0,1,0,fall,810,,,,
NYC,hour,2025-11-18 01:00:00,2025-11-18,1,1,0,fall,357,,,,
NYC,hour,2025-11-18 02:00:00,2025-11-18,2,1,0,fall,206,,,,
NYC,hour,2025-11-18 03:00:00,2025-11-18,3,1,0,fall,197,,,,
NYC,hour,2025-11-18 04:00:00,2025-11-18,4,1,0,fall,324,,,,
NYC,hour,2025-11-18 05:00:00,2025-11-18,5,1,0,fall,1242,,,,
NYC,hour,2025-11-18 06:00:00,2025-11-18,6,1,0,fall,3470,,,,
NYC,hour,2025-11-18 07:00:00,2025-11-18,7,1,0,fall,7616,,,,
NYC,hour,2025-11-18 08:00:00,2025-11-18,8,1,0,fall,11400,,,,
NYC,hour,2025-11-18 09:00:00,2025-11-18,9,1,0,fall,7471,,,,
NYC,hour,2025-11-18 10:00:00,2025-11-18,10,1,0,fall,4760,,,,
NYC,hour,2025-11-18 11:00:00,2025-11-18,11,1,0,fall,4411,,,,
NYC,hour,2025-11-18 12:00:00,2025-11-18,12,1,0,fall,4873,,,,
NYC,hour,2025-11-18 13:00:00,2025-11-18,13,1,0,fall,5065,,,,
NYC,hour,2025-11-18 14:00:00,2025-11-18,14,1,0,fall,6110,,,,
NYC,hour,2025-11-18 15:00:00,2025-11-18,15,1,0,fall,7121,,,,
NYC,hour,2025-11-18 16:00:00,2025-11-18,16,1,0,fall,8571,,,,
NYC,hour,2025-11-18 17:00:00,2025-11-18,17,1,0,fall,11878,,,,
NYC,hour,2025-11-18 18:00:00,2025-11-18,18,1,0,fall,11073,,,,
NYC,hour,2025-11-18 19:00:00,2025-11-18,19,1,0,fall,7907,,,,
NYC,hour,2025-11-18 20:00:00,2025-11-18,20,1,0,fall,5509,,,,
NYC,hour,2025-11-18 21:00:00,2025-11-18,21,1,0,fall,4328,,,,
NYC,hour,2025-11-18 22:00:00,2025-11-18,22,1,0,fall,3423,,,,
NYC,hour,2025-11-18 23:00:00,2025-11-18,23,1,0,fall,2061,,,,
NYC,hour,2025-11-19 00:00:00,2025-11-19,0,2,0,fall,1097,,,,
NYC,hour,2025-11-19 01:00:00,2025-11-19,1,2,0,fall,495,,,,
NYC,hour,2025-11-19 02:00:00,2025-11-19,2,2,0,fall,301,,,,
NYC,hour,2025-11-19 03:00:00,2025-11-19,3,2,0,fall,176,,,,
NYC,hour,2025-11-19 04:00:00,2025-11-19,4,2,0,fall,245,,,,
NYC,hour,2025-11-19 05:00:00,2025-11-19,5,2,0,fall,852,,,,
NYC,hour,2025-11-19 06:00:00,2025-11-19,6,2,0,fall,2025,,,,
NYC,hour,2025-11-19 07:00:00,2025-11-19,7,2,0,fall,3219,,,,
NYC,hour,2025-11-19 08:00:00,2025-11-19,8,2,0,fall,4357,,,,
NYC,hour,2025-11-19 09:00:00,2025-11-19,9,2,0,fall,4592,,,,
NYC,hour,2025-11-19 10:00:00,2025-11-19,10,2,0,fall,4330,,,,
NYC,hour,2025-11-19 11:00:00,2025-11-19,11,2,0,fall,4586,,,,
NYC,hour,2025-11-19 12:00:00,2025-11-19,12,2,0,fall,5413,,,,
NYC,hour,2025-11-19 13:00:00,2025-11-19,13,2,0,fall,5892,,,,
NYC,hour,2025-11-19 14:00:00,2025-11-19,14,2,0,fall,6619,,,,
NYC,hour,2025-11-19 15:00:00,2025-11-19,15,2,0,fall,7645,,,,
NYC,hour,2025-11-19 16:00:00,2025-11-19,16,2,0,fall,8979,,,,
NYC,hour,2025-11-19 17:00:00,2025-11-19,17,2,0,fall,11879,,,,
NYC,hour,2025-11-19 18:00:00,2025-11-19,18,2,0,fall,10998,,,,
NYC,hour,2025-11-19 19:00:00,2025-11-19,19,2,0,fall,7965,,,,
NYC,hour,2025-11-19 20:00:00,2025-11-19,20,2,0,fall,5594,,,,
NYC,hour,2025-11-19 21:00:00,2025-11-19,21,2,0,fall,4349,,,,
NYC,hour,2025-11-19 22:00:00,2025-11-19,22,2,0,fall,3380,,,,
NYC,hour,2025-11-19 23:00:00,2025-11-19,23,2,0,fall,2198,,,,
NYC,hour,2025-11-20 00:00:00,2025-11-20,0,3,0,fall,1220,,,,
NYC,hour,2025-11-20 01:00:00,2025-11-20,1,3,0,fall,550,,,,
NYC,hour,2025-11-20 02:00:00,2025-11-20,2,3,0,fall,366,,,,
NYC,hour,2025-11-20 03:00:00,2025-11-20,3,3,0,fall,224,,,,
NYC,hour,2025-11-20 04:00:00,2025-11-20,4,3,0,fall,327,,,,
NYC,hour,2025-11-20 05:00:00,2025-11-20,5,3,0,fall,1103,,,,
NYC,hour,2025-11-20 06:00:00,2025-11-20,6,3,0,fall,3246,,,,
NYC,hour,2025-11-20 07:00:00,2025-11-20,7,3,0,fall,7530,,,,
NYC,hour,2025-11-20 08:00:00,2025-11-20,8,3,0,fall,11303,,,,
NYC,hour,2025-11-20 09:00:00,2025-11-20,9,3,0,fall,8305,,,,
NYC,hour,2025-11-20 10:00:00,2025-11-20,10,3,0,fall,5291,,,,
NYC,hour,2025-11-20 11:00:00,2025-11-20,11,3,0,fall,5186,,,,
NYC,hour,2025-11-20 12:00:00,2025-11-20,12,3,0,fall,5610,,,,
NYC,hour,2025-11-20 13:00:00,2025-11-20,13,3,0,fall,6070,,,,
NYC,hour,2025-11-20 14:00:00,2025-11-20,14,3,0,fall,6862,,,,
NYC,hour,2025-11-20 15:00:00,2025-11-20,15,3,0,fall,8036,,,,
NYC,hour,2025-11-20 16:00:00,2025-11-20,16,3,0,fall,9314,,,,
NYC,hour,2025-11-20 17:00:00,2025-11-20,17,3,0,fall,12105,,,,
NYC,hour,2025-11-20 18:00:00,2025-11-20,18,3,0,fall,11456,,,,
NYC,hour,2025-11-20 19:00:00,2025-11-20,19,3,0,fall,8362,,,,
NYC,hour,2025-11-20 20:00:00,2025-11-20,20,3,0,fall,5942,,,,
NYC,hour,2025-11-20 21:00:00,2025-11-20,21,3,0,fall,4481,,,,
NYC,hour,2025-11-20 22:00:00,2025-11-20,22,3,0,fall,3738,,,,
NYC,hour,2025-11-20 23:00:00,2025-11-20,23,3,0,fall,2874,,,,
NYC,hour,2025-11-21 00:00:00,2025-11-21,0,4,0,fall,1677,,,,
NYC,hour,2025-11-21 01:00:00,2025-11-21,1,4,0,fall,856,,,,
NYC,hour,2025-11-21 02:00:00,2025-11-21,2,4,0,fall,588,,,,
NYC,hour,2025-11-21 03:00:00,2025-11-21,3,4,0,fall,387,,,,
NYC,hour,2025-11-21 04:00:00,2025-11-21,4,4,0,fall,418,,,,
NYC,hour,2025-11-21 05:00:00,2025-11-21,5,4,0,fall,1152,,,,
NYC,hour,2025-11-21 06:00:00,2025-11-21,6,4,0,fall,3008,,,,
NYC,hour,2025-11-21 07:00:00,2025-11-21,7,4,0,fall,6697,,,,
NYC,hour,2025-11-21 08:00:00,2025-11-21,8,4,0,fall,9696,,,,
NYC,hour,2025-11-21 09:00:00,2025-11-21,9,4,0,fall,7558,,,,
NYC,hour,2025-11-21 10:00:00,2025-11-21,10,4,0,fall,5776,,,,
NYC,hour,2025-11-21 11:00:00,2025-11-21,11,4,0,fall,6196,,,,
NYC,hour,2025-11-21 12:00:00,2025-11-21,12,4,0,fall,6874,,,,
NYC,hour,2025-11-21 13:00:00,2025-11-21,13,4,0,fall,7369,,,,
NYC,hour,2025-11-21 14:00:00,2025-11-21,14,4,0,fall,8211,,,,
NYC,hour,2025-11-21 15:00:00,2025-11-21,15,4,0,fall,9262,,,,
NYC,hour,2025-11-21 16:00:00,2025-11-21,16,4,0,fall,10196,,,,
NYC,hour,2025-11-21 17:00:00,2025-11-21,17,4,0,fall,11436,,,,
NYC,hour,2025-11-21 18:00:00,2025-11-21,18,4,0,fall,10587,,,,
NYC,hour,2025-11-21 19:00:00,2025-11-21,19,4,0,fall,8405,,,,
NYC,hour,2025-11-21 20:00:00,2025-11-21,20,4,0,fall,5919,,,,
NYC,hour,2025-11-21 21:00:00,2025-11-21,21,4,0,fall,4705,,,,
NYC,hour,2025-11-21 22:00:00,2025-11-21,22,4,0,fall,4537,,,,
NYC,hour,2025-11-21 23:00:00,2025-11-21,23,4,0,fall,3847,,,,
NYC,hour,2025-11-22 00:00:00,2025-11-22,0,5,1,fall,3011,,,,
NYC,hour,2025-11-22 01:00:00,2025-11-22,1,5,1,fall,2031,,,,
NYC,hour,2025-11-22 02:00:00,2025-11-22,2,5,1,fall,1329,,,,
NYC,hour,2025-11-22 03:00:00,2025-11-22,3,5,1,fall,845,,,,
NYC,hour,2025-11-22 04:00:00,2025-11-22,4,5,1,fall,566,,,,
NYC,hour,2025-11-22 05:00:00,2025-11-22,5,5,1,fall,220,,,,
NYC,hour,2025-11-22 06:00:00,2025-11-22,6,5,1,fall,657,,,,
NYC,hour,2025-11-22 07:00:00,2025-11-22,7,5,1,fall,1270,,,,
NYC,hour,2025-11-22 08:00:00,2025-11-22,8,5,1,fall,2002,,,,
NYC,hour,2025-11-22 09:00:00,2025-11-22,9,5,1,fall,3988,,,,
NYC,hour,2025-11-22 10:00:00,2025-11-22,10,5,1,fall,5504,,,,
NYC,hour,2025-11-22 11:00:00,2025-11-22,11,5,1,fall,6758,,,,
NYC,hour,2025-11-22 12:00:00,2025-11-22,12,5,1,fall,8337,,,,
NYC,hour,2025-11-22 13:00:00,2025-11-22,13,5,1,fall,8788,,,,
NYC,hour,2025-11-22 14:00:00,2025-11-22,14,5,1,fall,8855,,,,
NYC,hour,2025-11-22 15:00:00,2025-11-22,15,5,1,fall,9238,,,,
NYC,hour,2025-11-22 16:00:00,2025-11-22,16,5,1,fall,8484,,,,
NYC,hour,2025-11-22 17:00:00,2025-11-22,17,5,1,fall,7177,,,,
NYC,hour,2025-11-22 18:00:00,2025-11-22,18,5,1,fall,6713,,,,
NYC,hour,2025-11-22 19:00:00,2025-11-22,19,5,1,fall,5558,,,,
NYC,hour,2025-11-22 20:00:00,2025-11-22,20,5,1,fall,4371,,,,
NYC,hour,2025-11-22 21:00:00,2025-11-22,21,5,1,fall,3666,,,,
NYC,hour,2025-11-22 22:00:00,2025-11-22,22,5,1,fall,3313,,,,
NYC,hour,2025-11-22 23:00:00,2025-11-22,23,5,1,fall,2916,,,,
NYC,hour,2025-11-23 00:00:00,2025-11-23,0,6,1,fall,2472,,,,
NYC,hour,2025-11-23 01:00:00,2025-11-23,1,6,1,fall,1706,,,,
NYC,hour,2025-11-23 02:00:00,2025-11-23,2,6,1,fall,1182,,,,
NYC,hour,2025-11-23 03:00:00,2025-11-23,3,6,1,fall,769,,,,
NYC,hour,2025-11-23 04:00:00,2025-11-23,4,6,1,fall,558,,,,
NYC,hour,2025-11-23 05:00:00,2025-11-23,5,6,1,fall,396,,,,
NYC,hour,2025-11-23 06:00:00,2025-11-23,6,6,1,fall,804,,,,
NYC,hour,2025-11-23 07:00:00,2025-11-23,7,6,1,fall,1713,,,,
NYC,hour,2025-11-23 08:00:00,2025-11-23,8,6,1,fall,2582,,,,
NYC,hour,2025-11-23 09:00:00,2025-11-23,9,6,1,fall,4196,,,,
NYC,hour,2025-11-23 10:00:00,2025-11-23,10,6,1,fall,5970,,,,
NYC,hour,2025-11-23 11:00:00,2025-11-23,11,6,1,fall,7078,,,,
NYC,hour,2025-11-23 12:00:00,2025-11-23,12,6,1,fall,7588,,,,
NYC,hour,2025-11-23 13:00:00,2025-11-23,13,6,1,fall,7577,,,,
NYC,hour,2025-11-23 14:00:00,2025-11-23,14,6,1,fall,7462,,,,
NYC,hour,2025-11-23 15:00:00,2025-11-23,15,6,1,fall,7429,,,,
NYC,hour,2025-11-23 16:00:00,2025-11-23,16,6,1,fall,7283,,,,
NYC,hour,2025-11-23 17:00:00,2025-11-23,17,6,1,fall,6308,,,,
NYC,hour,2025-11-23 18:00:00,2025-11-23,18,6,1,fall,5492,,,,
NYC,hour,2025-11-23 19:00:00,2025-11-23,19,6,1,fall,4410,,,,
NYC,hour,2025-11-23 20:00:00,2025-11-23,20,6,1,fall,3392,,,,
NYC,hour,2025-11-23 21:00:00,2025-11-23,21,6,1,fall,2730,,,,
NYC,hour,2025-11-23 22:00:00,2025-11-23,22,6,1,fall,2299,,,,
NYC,hour,2025-11-23 23:00:00,2025-11-23,23,6,1,fall,1661,,,,
NYC,hour,2025-11-24 00:00:00,2025-11-24,0,0,0,fall,1062,,,,
NYC,hour,2025-11-24 01:00:00,2025-11-24,1,0,0,fall,514,,,,
NYC,hour,2025-11-24 02:00:00,2025-11-24,2,0,0,fall,298,,,,
NYC,hour,2025-11-24 03:00:00,2025-11-24,3,0,0,fall,258,,,,
NYC,hour,2025-11-24 04:00:00,2025-11-24,4,0,0,fall,372,,,,
NYC,hour,2025-11-24 05:00:00,2025-11-24,5,0,0,fall,1057,,,,
NYC,hour,2025-11-24 06:00:00,2025-11-24,6,0,0,fall,2950,,,,
NYC,hour,2025-11-24 07:00:00,2025-11-24,7,0,0,fall,6744,,,,
NYC,hour,2025-11-24 08:00:00,2025-11-24,8,0,0,fall,9375,,,,
NYC,hour,2025-11-24 09:00:00,2025-11-24,9,0,0,fall,6581,,,,
NYC,hour,2025-11-24 10:00:00,2025-11-24,10,0,0,fall,4762,,,,
NYC,hour,2025-11-24 11:00:00,2025-11-24,11,0,0,fall,4706,,,,
NYC,hour,2025-11-24 12:00:00,2025-11-24,12,0,0,fall,5493,,,,
NYC,hour,2025-11-24 13:00:00,2025-11-24,13,0,0,fall,5981,,,,
NYC,hour,2025-11-24 14:00:00,2025-11-24,14,0,0,fall,6820,,,,
NYC,hour,2025-11-24 15:00:00,2025-11-24,15,0,0,fall,7898,,,,
NYC,hour,2025-11-24 16:00:00,2025-11-24,16,0,0,fall,8931,,,,
NYC,hour,2025-11-24 17:00:00,2025-11-24,17,0,0,fall,11114,,,,
NYC,hour,2025-11-24 18:00:00,2025-11-24,18,0,0,fall,9935,,,,
NYC,hour,2025-11-24 19:00:00,2025-11-24,19,0,0,fall,7405,,,,
NYC,hour,2025-11-24 20:00:00,2025-11-24,20,0,0,fall,5070,,,,
NYC,hour,2025-11-24 21:00:00,2025-11-24,21,0,0,fall,3944,,,,
NYC,hour,2025-11-24 22:00:00,2025-11-24,22,0,0,fall,3125,,,,
NYC,hour,2025-11-24 23:00:00,2025-11-24,23,0,0,fall,1972,,,,
NYC,hour,2025-11-25 00:00:00,2025-11-25,0,1,0,fall,1148,,,,
NYC,hour,2025-11-25 01:00:00,2025-11-25,1,1,0,fall,600,,,,
NYC,hour,2025-11-25 02:00:00,2025-11-25,2,1,0,fall,406,,,,
NYC,hour,2025-11-25 03:00:00,2025-11-25,3,1,0,fall,266,,,,
NYC,hour,2025-11-25 04:00:00,2025-11-25,4,1,0,fall,344,,,,
NYC,hour,2025-11-25 05:00:00,2025-11-25,5,1,0,fall,1100,,,,
NYC,hour,2025-11-25 06:00:00,2025-11-25,6,1,0,fall,3228,,,,
NYC,hour,2025-11-25 07:00:00,2025-11-25,7,1,0,fall,6736,,,,
NYC,hour,2025-11-25 08:00:00,2025-11-25,8,1,0,fall,10351,,,,
NYC,hour,2025-11-25 09:00:00,2025-11-25,9,1,0,fall,7442,,,,
NYC,hour,2025-11-25 10:00:00,2025-11-25,10,1,0,fall,5304,,,,
NYC,hour,2025-11-25 11:00:00,2025-11-25,11,1,0,fall,5206,,,,
NYC,hour,2025-11-25 12:00:00,2025-11-25,12,1,0,fall,5944,,,,
NYC,hour,2025-11-25 13:00:00,2025-11-25,13,1,0,fall,6442,,,,
NYC,hour,2025-11-25 14:00:00,2025-11-25,14,1,0,fall,7008,,,,
NYC,hour,2025-11-25 15:00:00,2025-11-25,15,1,0,fall,5411,,,,
NYC,hour,2025-11-25 16:00:00,2025-11-25,16,1,0,fall,4068,,,,
NYC,hour,2025-11-25 17:00:00,2025-11-25,17,1,0,fall,4933,,,,
NYC,hour,2025-11-25 18:00:00,2025-11-25,18,1,0,fall,3863,,,,
NYC,hour,2025-11-25 19:00:00,2025-11-25,19,1,0,fall,2089,,,,
NYC,hour,2025-11-25 20:00:00,2025-11-25,20,1,0,fall,1471,,,,
NYC,hour,2025-11-25 21:00:00,2025-11-25,21,1,0,fall,1284,,,,
NYC,hour,2025-11-25 22:00:00,2025-11-25,22,1,0,fall,707,,,,
NYC,hour,2025-11-25 23:00:00,2025-11-25,23,1,0,fall,1010,,,,
NYC,hour,2025-11-26 00:00:00,2025-11-26,0,2,0,fall,983,,,,
NYC,hour,2025-11-26 01:00:00,2025-11-26,1,2,0,fall,666,,,,
NYC,hour,2025-11-26 02:00:00,2025-11-26,2,2,0,fall,396,,,,
NYC,hour,2025-11-26 03:00:00,2025-11-26,3,2,0,fall,283,,,,
NYC,hour,2025-11-26 04:00:00,2025-11-26,4,2,0,fall,361,,,,
NYC,hour,2025-11-26 05:00:00,2025-11-26,5,2,0,fall,965,,,,
NYC,hour,2025-11-26 06:00:00,2025-11-26,6,2,0,fall,2419,,,,
NYC,hour,2025-11-26 07:00:00,2025-11-26,7,2,0,fall,4829,,,,
NYC,hour,2025-11-26 08:00:00,2025-11-26,8,2,0,fall,6830,,,,
NYC,hour,2025-11-26 09:00:00,2025-11-26,9,2,0,fall,5737,,,,
NYC,hour,2025-11-26 10:00:00,2025-11-26,10,2,0,fall,5051,,,,
NYC,hour,2025-11-26 11:00:00,2025-11-26,11,2,0,fall,5618,,,,
NYC,hour,2025-11-26 12:00:00,2025-11-26,12,2,0,fall,6317,,,,
NYC,hour,2025-11-26 13:00:00,2025-11-26,13,2,0,fall,7277,,,,
NYC,hour,2025-11-26 14:00:00,2025-11-26,14,2,0,fall,8501,,,,
NYC,hour,2025-11-26 15:00:00,2025-11-26,15,2,0,fall,9133,,,,
NYC,hour,2025-11-26 16:00:00,2025-11-26,16,2,0,fall,9308,,,,
NYC,hour,2025-11-26 17:00:00,2025-11-26,17,2,0,fall,8755,,,,
NYC,hour,2025-11-26 18:00:00,2025-11-26,18,2,0,fall,7188,,,,
NYC,hour,2025-11-26 19:00:00,2025-11-26,19,2,0,fall,2691,,,,
NYC,hour,2025-11-26 20:00:00,2025-11-26,20,2,0,fall,2129,,,,
NYC,hour,2025-11-26 21:00:00,2025-11-26,21,2,0,fall,2660,,,,
NYC,hour,2025-11-26 22:00:00,2025-11-26,22,2,0,fall,2442,,,,
NYC,hour,2025-11-26 23:00:00,2025-11-26,23,2,0,fall,1989,,,,
NYC,hour,2025-11-27 00:00:00,2025-11-27,0,3,0,fall,1382,,,,
NYC,hour,2025-11-27 01:00:00,2025-11-27,1,3,0,fall,987,,,,
NYC,hour,2025-11-27 02:00:00,2025-11-27,2,3,0,fall,673,,,,
NYC,hour,2025-11-27 03:00:00,2025-11-27,3,3,0,fall,467,,,,
NYC,hour,2025-11-27 04:00:00,2025-11-27,4,3,0,fall,390,,,,
NYC,hour,2025-11-27 05:00:00,2025-11-27,5,3,0,fall,393,,,,
NYC,hour,2025-11-27 06:00:00,2025-11-27,6,3,0,fall,923,,,,
NYC,hour,2025-11-27 07:00:00,2025-11-27,7,3,0,fall,1488,,,,
NYC,hour,2025-11-27 08:00:00,2025-11-27,8,3,0,fall,2178,,,,
NYC,hour,2025-11-27 09:00:00,2025-11-27,9,3,0,fall,2827,,,,
NYC,hour,2025-11-27 10:00:00,2025-11-27,10,3,0,fall,3499,,,,
NYC,hour,2025-11-27 11:00:00,2025-11-27,11,3,0,fall,3917,,,,
NYC,hour,2025-11-27 12:00:00,2025-11-27,12,3,0,fall,3850,,,,
NYC,hour,2025-11-27 13:00:00,2025-11-27,13,3,0,fall,3599,,,,
NYC,hour,2025-11-27 14:00:00,2025-11-27,14,3,0,fall,3296,,,,
NYC,hour,2025-11-27 15:00:00,2025-11-27,15,3,0,fall,3004,,,,
NYC,hour,2025-11-27 16:00:00,2025-11-27,16,3,0,fall,2436,,,,
NYC,hour,2025-11-27 17:00:00,2025-11-27,17,3,0,fall,1774,,,,
NYC,hour,2025-11-27 18:00:00,2025-11-27,18,3,0,fall,1589,,,,
NYC,hour,2025-11-27 19:00:00,2025-11-27,19,3,0,fall,1448,,,,
NYC,hour,2025-11-27 20:00:00,2025-11-27,20,3,0,fall,1288,,,,
NYC,hour,2025-11-27 21:00:00,2025-11-27,21,3,0,fall,1420,,,,
NYC,hour,2025-11-27 22:00:00,2025-11-27,22,3,0,fall,1389,,,,
NYC,hour,2025-11-27 23:00:00,2025-11-27,23,3,0,fall,1065,,,,
NYC,hour,2025-11-28 00:00:00,2025-11-28,0,4,0,fall,723,,,,
NYC,hour,2025-11-28 01:00:00,2025-11-28,1,4,0,fall,445,,,,
NYC,hour,2025-11-28 02:00:00,2025-11-28,2,4,0,fall,267,,,,
NYC,hour,2025-11-28 03:00:00,2025-11-28,3,4,0,fall,189,,,,
NYC,hour,2025-11-28 04:00:00,2025-11-28,4,4,0,fall,208,,,,
NYC,hour,2025-11-28 05:00:00,2025-11-28,5,4,0,fall,336,,,,
NYC,hour,2025-11-28 06:00:00,2025-11-28,6,4,0,fall,847,,,,
NYC,hour,2025-11-28 07:00:00,2025-11-28,7,4,0,fall,1485,,,,
NYC,hour,2025-11-28 08:00:00,2025-11-28,8,4,0,fall,2013,,,,
NYC,hour,2025-11-28 09:00:00,2025-11-28,9,4,0,fall,2433,,,,
NYC,hour,2025-11-28 10:00:00,2025-11-28,10,4,0,fall,2911,,,,
NYC,hour,2025-11-28 11:00:00,2025-11-28,11,4,0,fall,3466,,,,
NYC,hour,2025-11-28 12:00:00,2025-11-28,12,4,0,fall,3848,,,,
NYC,hour,2025-11-28 13:00:00,2025-11-28,13,4,0,fall,4286,,,,
NYC,hour,2025-11-28 14:00:00,2025-11-28,14,4,0,fall,4242,,,,
NYC,hour,2025-11-28 15:00:00,2025-11-28,15,4,0,fall,4497,,,,
NYC,hour,2025-11-28 16:00:00,2025-11-28,16,4,0,fall,4212,,,,
NYC,hour,2025-11-28 17:00:00,2025-11-28,17,4,0,fall,3768,,,,
NYC,hour,2025-11-28 18:00:00,2025-11-28,18,4,0,fall,3405,,,,
NYC,hour,2025-11-28 19:00:00,2025-11-28,19,4,0,fall,2819,,,,
NYC,hour,2025-11-28 20:00:00,2025-11-28,20,4,0,fall,2315,,,,
NYC,hour,2025-11-28 21:00:00,2025-11-28,21,4,0,fall,1830,,,,
NYC,hour,2025-11-28 22:00:00,2025-11-28,22,4,0,fall,1843,,,,
NYC,hour,2025-11-28 23:00:00,2025-11-28,23,4,0,fall,1398,,,,
NYC,hour,2025-11-29 00:00:00,2025-11-29,0,5,1,fall,1076,,,,
NYC,hour,2025-11-29 01:00:00,2025-11-29,1,5,1,fall,724,,,,
NYC,hour,2025-11-29 02:00:00,2025-11-29,2,5,1,fall,485,,,,
NYC,hour,2025-11-29 03:00:00,2025-11-29,3,5,1,fall,368,,,,
NYC,hour,2025-11-29 04:00:00,2025-11-29,4,5,1,fall,247,,,,
NYC,hour,2025-11-29 05:00:00,2025-11-29,5,5,1,fall,295,,,,
NYC,hour,2025-11-29 06:00:00,2025-11-29,6,5,1,fall,541,,,,
NYC,hour,2025-11-29 07:00:00,2025-11-29,7,5,1,fall,1098,,,,
NYC,hour,2025-11-29 08:00:00,2025-11-29,8,5,1,fall,1752,,,,
NYC,hour,2025-11-29 09:00:00,2025-11-29,9,5,1,fall,3012,,,,
NYC,hour,2025-11-29 10:00:00,2025-11-29,10,5,1,fall,3639,,,,
NYC,hour,2025-11-29 11:00:00,2025-11-29,11,5,1,fall,4312,,,,
NYC,hour,2025-11-29 12:00:00,2025-11-29,12,5,1,fall,4721,,,,
NYC,hour,2025-11-29 13:00:00,2025-11-29,13,5,1,fall,5085,,,,
NYC,hour,2025-11-29 14:00:00,2025-11-29,14,5,1,fall,5157,,,,
NYC,hour,2025-11-29 15:00:00,2025-11-29,15,5,1,fall,5429,,,,
NYC,hour,2025-11-29 16:00:00,2025-11-29,16,5,1,fall,5114,,,,
NYC,hour,2025-11-29 17:00:00,2025-11-29,17,5,1,fall,4393,,,,
NYC,hour,2025-11-29 18:00:00,2025-11-29,18,5,1,fall,4112,,,,
NYC,hour,2025-11-29 19:00:00,2025-11-29,19,5,1,fall,3570,,,,
NYC,hour,2025-11-29 20:00:00,2025-11-29,20,5,1,fall,2772,,,,
NYC,hour,2025-11-29 21:00:00,2025-11-29,21,5,1,fall,2493,,,,
NYC,hour,2025-11-29 22:00:00,2025-11-29,22,5,1,fall,2161,,,,
NYC,hour,2025-11-29 23:00:00,2025-11-29,23,5,1,fall,1940,,,,
NYC,hour,2025-11-30 00:00:00,2025-11-30,0,6,1,fall,1526,,,,
NYC,hour,2025-11-30 01:00:00,2025-11-30,1,6,1,fall,1066,,,,
NYC,hour,2025-11-30 02:00:00,2025-11-30,2,6,1,fall,714,,,,
NYC,hour,2025-11-30 03:00:00,2025-11-30,3,6,1,fall,548,,,,
NYC,hour,2025-11-30 04:00:00,2025-11-30,4,6,1,fall,392,,,,
NYC,hour,2025-11-30 05:00:00,2025-11-30,5,6,1,fall,300,,,,
NYC,hour,2025-11-30 06:00:00,2025-11-30,6,6,1,fall,593,,,,
NYC,hour,2025-11-30 07:00:00,2025-11-30,7,6,1,fall,1139,,,,
NYC,hour,2025-11-30 08:00:00,2025-11-30,8,6,1,fall,1978,,,,
NYC,hour,2025-11-30 09:00:00,2025-11-30,9,6,1,fall,3133,,,,
NYC,hour,2025-11-30 10:00:00,2025-11-30,10,6,1,fall,3309,,,,
NYC,hour,2025-11-30 11:00:00,2025-11-30,11,6,1,fall,2321,,,,
NYC,hour,2025-11-30 12:00:00,2025-11-30,12,6,1,fall,2621,,,,
NYC,hour,2025-11-30 13:00:00,2025-11-30,13,6,1,fall,2208,,,,
NYC,hour,2025-11-30 14:00:00,2025-11-30,14,6,1,fall,2372,,,,
NYC,hour,2025-11-30 15:00:00,2025-11-30,15,6,1,fall,3191,,,,
NYC,hour,2025-11-30 16:00:00,2025-11-30,16,6,1,fall,3298,,,,
NYC,hour,2025-11-30 17:00:00,2025-11-30,17,6,1,fall,3752,,,,
NYC,hour,2025-11-30 18:00:00,2025-11-30,18,6,1,fall,3533,,,,
NYC,hour,2025-11-30 19:00:00,2025-11-30,19,6,1,fall,3113,,,,
NYC,hour,2025-11-30 20:00:00,2025-11-30,20,6,1,fall,2488,,,,
NYC,hour,2025-11-30 21:00:00,2025-11-30,21,6,1,fall,1978,,,,
NYC,hour,2025-11-30 22:00:00,2025-11-30,22,6,1,fall,1729,,,,
NYC,hour,2025-11-30 23:00:00,2025-11-30,23,6,1,fall,1158,,,,
NYC,hour,2025-12-01 00:00:00,2025-12-01,0,0,0,winter,729,,,,
NYC,hour,2025-12-01 01:00:00,2025-12-01,1,0,0,winter,364,,,,
NYC,hour,2025-12-01 02:00:00,2025-12-01,2,0,0,winter,179,,,,
NYC,hour,2025-12-01 03:00:00,2025-12-01,3,0,0,winter,193,,,,
NYC,hour,2025-12-01 04:00:00,2025-12-01,4,0,0,winter,296,,,,
NYC,hour,2025-12-01 05:00:00,2025-12-01,5,0,0,winter,1070,,,,
NYC,hour,2025-12-01 06:00:00,2025-12-01,6,0,0,winter,2907,,,,
NYC,hour,2025-12-01 07:00:00,2025-12-01,7,0,0,winter,6712,,,,
NYC,hour,2025-12-01 08:00:00,2025-12-01,8,0,0,winter,9120,,,,
NYC,hour,2025-12-01 09:00:00,2025-12-01,9,0,0,winter,6061,,,,
NYC,hour,2025-12-01 10:00:00,2025-12-01,10,0,0,winter,3994,,,,
NYC,hour,2025-12-01 11:00:00,2025-12-01,11,0,0,winter,3793,,,,
NYC,hour,2025-12-01 12:00:00,2025-12-01,12,0,0,winter,4374,,,,
NYC,hour,2025-12-01 13:00:00,2025-12-01,13,0,0,winter,4716,,,,
NYC,hour,2025-12-01 14:00:00,2025-12-01,14,0,0,winter,5400,,,,
NYC,hour,2025-12-01 15:00:00,2025-12-01,15,0,0,winter,6453,,,,
NYC,hour,2025-12-01 16:00:00,2025-12-01,16,0,0,winter,7545,,,,
NYC,hour,2025-12-01 17:00:00,2025-12-01,17,0,0,winter,10131,,,,
NYC,hour,2025-12-01 18:00:00,2025-12-01,18,0,0,winter,9203,,,,
NYC,hour,2025-12-01 19:00:00,2025-12-01,19,0,0,winter,6381,,,,
NYC,hour,2025-12-01 20:00:00,2025-12-01,20,0,0,winter,4421,,,,
NYC,hour,2025-12-01 21:00:00,2025-12-01,21,0,0,winter,3123,,,,
NYC,hour,2025-12-01 22:00:00,2025-12-01,22,0,0,winter,2137,,,,
NYC,hour,2025-12-01 23:00:00,2025-12-01,23,0,0,winter,1378,,,,
NYC,hour,2025-12-02 00:00:00,2025-12-02,0,1,0,winter,793,,,,
NYC,hour,2025-12-02 01:00:00,2025-12-02,1,1,0,winter,396,,,,
NYC,hour,2025-12-02 02:00:00,2025-12-02,2,1,0,winter,236,,,,
NYC,hour,2025-12-02 03:00:00,2025-12-02,3,1,0,winter,177,,,,
NYC,hour,2025-12-02 04:00:00,2025-12-02,4,1,0,winter,268,,,,
NYC,hour,2025-12-02 05:00:00,2025-12-02,5,1,0,winter,1183,,,,
NYC,hour,2025-12-02 06:00:00,2025-12-02,6,1,0,winter,3196,,,,
NYC,hour,2025-12-02 07:00:00,2025-12-02,7,1,0,winter,7057,,,,
NYC,hour,2025-12-02 08:00:00,2025-12-02,8,1,0,winter,10230,,,,
NYC,hour,2025-12-02 09:00:00,2025-12-02,9,1,0,winter,3634,,,,
NYC,hour,2025-12-02 10:00:00,2025-12-02,10,1,0,winter,1409,,,,
NYC,hour,2025-12-02 11:00:00,2025-12-02,11,1,0,winter,968,,,,
NYC,hour,2025-12-02 12:00:00,2025-12-02,12,1,0,winter,992,,,,
NYC,hour,2025-12-02 13:00:00,2025-12-02,13,1,0,winter,1080,,,,
NYC,hour,2025-12-02 14:00:00,2025-12-02,14,1,0,winter,1217,,,,
NYC,hour,2025-12-02 15:00:00,2025-12-02,15,1,0,winter,1601,,,,
NYC,hour,2025-12-02 16:00:00,2025-12-02,16,1,0,winter,2709,,,,
NYC,hour,2025-12-02 17:00:00,2025-12-02,17,1,0,winter,5646,,,,
NYC,hour,2025-12-02 18:00:00,2025-12-02,18,1,0,winter,6411,,,,
NYC,hour,2025-12-02 19:00:00,2025-12-02,19,1,0,winter,5270,,,,
NYC,hour,2025-12-02 20:00:00,2025-12-02,20,1,0,winter,3835,,,,
NYC,hour,2025-12-02 21:00:00,2025-12-02,21,1,0,winter,2834,,,,
NYC,hour,2025-12-02 22:00:00,2025-12-02,22,1,0,winter,2264,,,,
NYC,hour,2025-12-02 23:00:00,2025-12-02,23,1,0,winter,1506,,,,
NYC,hour,2025-12-03 00:00:00,2025-12-03,0,2,0,winter,856,,,,
NYC,hour,2025-12-03 01:00:00,2025-12-03,1,2,0,winter,406,,,,
NYC,hour,2025-12-03 02:00:00,2025-12-03,2,2,0,winter,214,,,,
NYC,hour,2025-12-03 03:00:00,2025-12-03,3,2,0,winter,181,,,,
NYC,hour,2025-12-03 04:00:00,2025-12-03,4,2,0,winter,265,,,,
NYC,hour,2025-12-03 05:00:00,2025-12-03,5,2,0,winter,1103,,,,
NYC,hour,2025-12-03 06:00:00,2025-12-03,6,2,0,winter,3132,,,,
NYC,hour,2025-12-03 07:00:00,2025-12-03,7,2,0,winter,4932,,,,
NYC,hour,2025-12-03 08:00:00,2025-12-03,8,2,0,winter,10612,,,,
NYC,hour,2025-12-03 09:00:00,2025-12-03,9,2,0,winter,2665,,,,
NYC,hour,2025-12-03 10:00:00,2025-12-03,10,2,0,winter,4612,,,,
NYC,hour,2025-12-03 11:00:00,2025-12-03,11,2,0,winter,4176,,,,
NYC,hour,2025-12-03 12:00:00,2025-12-03,12,2,0,winter,4643,,,,
NYC,hour,2025-12-03 13:00:00,2025-12-03,13,2,0,winter,4931,,,,
NYC,hour,2025-12-03 14:00:00,2025-12-03,14,2,0,winter,5707,,,,
NYC,hour,2025-12-03 15:00:00,2025-12-03,15,2,0,winter,6821,,,,
NYC,hour,2025-12-03 16:00:00,2025-12-03,16,2,0,winter,7928,,,,
NYC,hour,2025-12-03 17:00:00,2025-12-03,17,2,0,winter,10694,,,,
NYC,hour,2025-12-03 18:00:00,2025-12-03,18,2,0,winter,9588,,,,
NYC,hour,2025-12-03 19:00:00,2025-12-03,19,2,0,winter,7269,,,,
NYC,hour,2025-12-03 20:00:00,2025-12-03,20,2,0,winter,4973,,,,
NYC,hour,2025-12-03 21:00:00,2025-12-03,21,2,0,winter,3852,,,,
NYC,hour,2025-12-03 22:00:00,2025-12-03,22,2,0,winter,2982,,,,
NYC,hour,2025-12-03 23:00:00,2025-12-03,23,2,0,winter,1862,,,,
NYC,hour,2025-12-04 00:00:00,2025-12-04,0,3,0,winter,1057,,,,
NYC,hour,2025-12-04 01:00:00,2025-12-04,1,3,0,winter,522,,,,
NYC,hour,2025-12-04 02:00:00,2025-12-04,2,3,0,winter,302,,,,
NYC,hour,2025-12-04 03:00:00,2025-12-04,3,3,0,winter,192,,,,
NYC,hour,2025-12-04 04:00:00,2025-12-04,4,3,0,winter,294,,,,
NYC,hour,2025-12-04 05:00:00,2025-12-04,5,3,0,winter,1068,,,,
NYC,hour,2025-12-04 06:00:00,2025-12-04,6,3,0,winter,2985,,,,
NYC,hour,2025-12-04 07:00:00,2025-12-04,7,3,0,winter,6826,,,,
NYC,hour,2025-12-04 08:00:00,2025-12-04,8,3,0,winter,10530,,,,
NYC,hour,2025-12-04 09:00:00,2025-12-04,9,3,0,winter,6866,,,,
NYC,hour,2025-12-04 10:00:00,2025-12-04,10,3,0,winter,4402,,,,
NYC,hour,2025-12-04 11:00:00,2025-12-04,11,3,0,winter,4042,,,,
NYC,hour,2025-12-04 12:00:00,2025-12-04,12,3,0,winter,4466,,,,
NYC,hour,2025-12-04 13:00:00,2025-12-04,13,3,0,winter,4911,,,,
NYC,hour,2025-12-04 14:00:00,2025-12-04,14,3,0,winter,5393,,,,
NYC,hour,2025-12-04 15:00:00,2025-12-04,15,3,0,winter,6259,,,,
NYC,hour,2025-12-04 16:00:00,2025-12-04,16,3,0,winter,7242,,,,
NYC,hour,2025-12-04 17:00:00,2025-12-04,17,3,0,winter,9492,,,,
NYC,hour,2025-12-04 18:00:00,2025-12-04,18,3,0,winter,7994,,,,
NYC,hour,2025-12-04 19:00:00,2025-12-04,19,3,0,winter,4077,,,,
NYC,hour,2025-12-04 20:00:00,2025-12-04,20,3,0,winter,4023,,,,
NYC,hour,2025-12-04 21:00:00,2025-12-04,21,3,0,winter,2897,,,,
NYC,hour,2025-12-04 22:00:00,2025-12-04,22,3,0,winter,2402,,,,
NYC,hour,2025-12-04 23:00:00,2025-12-04,23,3,0,winter,1644,,,,
NYC,hour,2025-12-05 00:00:00,2025-12-05,0,4,0,winter,1000,,,,
NYC,hour,2025-12-05 01:00:00,2025-12-05,1,4,0,winter,513,,,,
NYC,hour,2025-12-05 02:00:00,2025-12-05,2,4,0,winter,279,,,,
NYC,hour,2025-12-05 03:00:00,2025-12-05,3,4,0,winter,226,,,,
NYC,hour,2025-12-05 04:00:00,2025-12-05,4,4,0,winter,271,,,,
NYC,hour,2025-12-05 05:00:00,2025-12-05,5,4,0,winter,828,,,,
NYC,hour,2025-12-05 06:00:00,2025-12-05,6,4,0,winter,2194,,,,
NYC,hour,2025-12-05 07:00:00,2025-12-05,7,4,0,winter,4955,,,,
NYC,hour,2025-12-05 08:00:00,2025-12-05,8,4,0,winter,7124,,,,
NYC,hour,2025-12-05 09:00:00,2025-12-05,9,4,0,winter,5057,,,,
NYC,hour,2025-12-05 10:00:00,2025-12-05,10,4,0,winter,3869,,,,
NYC,hour,2025-12-05 11:00:00,2025-12-05,11,4,0,winter,3772,,,,
NYC,hour,2025-12-05 12:00:00,2025-12-05,12,4,0,winter,4254,,,,
NYC,hour,2025-12-05 13:00:00,2025-12-05,13,4,0,winter,4551,,,,
NYC,hour,2025-12-05 14:00:00,2025-12-05,14,4,0,winter,5042,,,,
NYC,hour,2025-12-05 15:00:00,2025-12-05,15,4,0,winter,6122,,,,
NYC,hour,2025-12-05 16:00:00,2025-12-05,16,4,0,winter,6650,,,,
NYC,hour,2025-12-05 17:00:00,2025-12-05,17,4,0,winter,7475,,,,
NYC,hour,2025-12-05 18:00:00,2025-12-05,18,4,0,winter,6917,,,,
NYC,hour,2025-12-05 19:00:00,2025-12-05,19,4,0,winter,5241,,,,
NYC,hour,2025-12-05 20:00:00,2025-12-05,20,4,0,winter,3691,,,,
NYC,hour,2025-12-05 21:00:00,2025-12-05,21,4,0,winter,2947,,,,
NYC,hour,2025-12-05 22:00:00,2025-12-05,22,4,0,winter,2517,,,,
NYC,hour,2025-12-05 23:00:00,2025-12-05,23,4,0,winter,2286,,,,
NYC,hour,2025-12-06 00:00:00,2025-12-06,0,5,1,winter,1816,,,,
NYC,hour,2025-12-06 01:00:00,2025-12-06,1,5,1,winter,1270,,,,
NYC,hour,2025-12-06 02:00:00,2025-12-06,2,5,1,winter,888,,,,
NYC,hour,2025-12-06 03:00:00,2025-12-06,3,5,1,winter,568,,,,
NYC,hour,2025-12-06 04:00:00,2025-12-06,4,5,1,winter,346,,,,
NYC,hour,2025-12-06 05:00:00,2025-12-06,5,5,1,winter,381,,,,
NYC,hour,2025-12-06 06:00:00,2025-12-06,6,5,1,winter,703,,,,
NYC,hour,2025-12-06 07:00:00,2025-12-06,7,5,1,winter,1392,,,,
NYC,hour,2025-12-06 08:00:00,2025-12-06,8,5,1,winter,2441,,,,
NYC,hour,2025-12-06 09:00:00,2025-12-06,9,5,1,winter,3890,,,,
NYC,hour,2025-12-06 10:00:00,2025-12-06,10,5,1,winter,5219,,,,
NYC,hour,2025-12-06 11:00:00,2025-12-06,11,5,1,winter,6139,,,,
NYC,hour,2025-12-06 12:00:00,2025-12-06,12,5,1,winter,6861,,,,
NYC,hour,2025-12-06 13:00:00,2025-12-06,13,5,1,winter,6961,,,,
NYC,hour,2025-12-06 14:00:00,2025-12-06,14,5,1,winter,7268,,,,
NYC,hour,2025-12-06 15:00:00,2025-12-06,15,5,1,winter,7294,,,,
NYC,hour,2025-12-06 16:00:00,2025-12-06,16,5,1,winter,7008,,,,
NYC,hour,2025-12-06 17:00:00,2025-12-06,17,5,1,winter,6019,,,,
NYC,hour,2025-12-06 18:00:00,2025-12-06,18,5,1,winter,5617,,,,
NYC,hour,2025-12-06 19:00:00,2025-12-06,19,5,1,winter,4840,,,,
NYC,hour,2025-12-06 20:00:00,2025-12-06,20,5,1,winter,3692,,,,
NYC,hour,2025-12-06 21:00:00,2025-12-06,21,5,1,winter,2872,,,,
NYC,hour,2025-12-06 22:00:00,2025-12-06,22,5,1,winter,2660,,,,
NYC,hour,2025-12-06 23:00:00,2025-12-06,23,5,1,winter,2651,,,,
NYC,hour,2025-12-07 00:00:00,2025-12-07,0,6,1,winter,2272,,,,
NYC,hour,2025-12-07 01:00:00,2025-12-07,1,6,1,winter,1545,,,,
NYC,hour,2025-12-07 02:00:00,2025-12-07,2,6,1,winter,1038,,,,
NYC,hour,2025-12-07 03:00:00,2025-12-07,3,6,1,winter,677,,,,
NYC,hour,2025-12-07 04:00:00,2025-12-07,4,6,1,winter,453,,,,
NYC,hour,2025-12-07 05:00:00,2025-12-07,5,6,1,winter,341,,,,
NYC,hour,2025-12-07 06:00:00,2025-12-07,6,6,1,winter,631,,,,
NYC,hour,2025-12-07 07:00:00,2025-12-07,7,6,1,winter,1342,,,,
NYC,hour,2025-12-07 08:00:00,2025-12-07,8,6,1,winter,2222,,,,
NYC,hour,2025-12-07 09:00:00,2025-12-07,9,6,1,winter,3582,,,,
NYC,hour,2025-12-07 10:00:00,2025-12-07,10,6,1,winter,5180,,,,
NYC,hour,2025-12-07 11:00:00,2025-12-07,11,6,1,winter,6185,,,,
NYC,hour,2025-12-07 12:00:00,2025-12-07,12,6,1,winter,6827,,,,
NYC,hour,2025-12-07 13:00:00,2025-12-07,13,6,1,winter,6931,,,,
NYC,hour,2025-12-07 14:00:00,2025-12-07,14,6,1,winter,6669,,,,
NYC,hour,2025-12-07 15:00:00,2025-12-07,15,6,1,winter,6714,,,,
NYC,hour,2025-12-07 16:00:00,2025-12-07,16,6,1,winter,6578,,,,
NYC,hour,2025-12-07 17:00:00,2025-12-07,17,6,1,winter,5423,,,,
NYC,hour,2025-12-07 18:00:00,2025-12-07,18,6,1,winter,4714,,,,
NYC,hour,2025-12-07 19:00:00,2025-12-07,19,6,1,winter,3952,,,,
NYC,hour,2025-12-07 20:00:00,2025-12-07,20,6,1,winter,2883,,,,
NYC,hour,2025-12-07 21:00:00,2025-12-07,21,6,1,winter,2355,,,,
NYC,hour,2025-12-07 22:00:00,2025-12-07,22,6,1,winter,1813,,,,
NYC,hour,2025-12-07 23:00:00,2025-12-07,23,6,1,winter,1252,,,,
NYC,hour,2025-12-08 00:00:00,2025-12-08,0,0,0,winter,754,,,,
NYC,hour,2025-12-08 01:00:00,2025-12-08,1,0,0,winter,383,,,,
NYC,hour,2025-12-08 02:00:00,2025-12-08,2,0,0,winter,229,,,,
NYC,hour,2025-12-08 03:00:00,2025-12-08,3,0,0,winter,191,,,,
NYC,hour,2025-12-08 04:00:00,2025-12-08,4,0,0,winter,284,,,,
NYC,hour,2025-12-08 05:00:00,2025-12-08,5,0,0,winter,1042,,,,
NYC,hour,2025-12-08 06:00:00,2025-12-08,6,0,0,winter,2658,,,,
NYC,hour,2025-12-08 07:00:00,2025-12-08,7,0,0,winter,5780,,,,
NYC,hour,2025-12-08 08:00:00,2025-12-08,8,0,0,winter,8160,,,,
NYC,hour,2025-12-08 09:00:00,2025-12-08,9,0,0,winter,5103,,,,
NYC,hour,2025-12-08 10:00:00,2025-12-08,10,0,0,winter,3205,,,,
NYC,hour,2025-12-08 11:00:00,2025-12-08,11,0,0,winter,2981,,,,
NYC,hour,2025-12-08 12:00:00,2025-12-08,12,0,0,winter,3333,,,,
NYC,hour,2025-12-08 13:00:00,2025-12-08,13,0,0,winter,3432,,,,
NYC,hour,2025-12-08 14:00:00,2025-12-08,14,0,0,winter,4053,,,,
NYC,hour,2025-12-08 15:00:00,2025-12-08,15,0,0,winter,4590,,,,
NYC,hour,2025-12-08 16:00:00,2025-12-08,16,0,0,winter,5659,,,,
NYC,hour,2025-12-08 17:00:00,2025-12-08,17,0,0,winter,7539,,,,
NYC,hour,2025-12-08 18:00:00,2025-12-08,18,0,0,winter,6709,,,,
NYC,hour,2025-12-08 19:00:00,2025-12-08,19,0,0,winter,4992,,,,
NYC,hour,2025-12-08 20:00:00,2025-12-08,20,0,0,winter,3392,,,,
NYC,hour,2025-12-08 21:00:00,2025-12-08,21,0,0,winter,2396,,,,
NYC,hour,2025-12-08 22:00:00,2025-12-08,22,0,0,winter,1627,,,,
NYC,hour,2025-12-08 23:00:00,2025-12-08,23,0,0,winter,1010,,,,
NYC,hour,2025-12-09 00:00:00,2025-12-09,0,1,0,winter,596,,,,
NYC,hour,2025-12-09 01:00:00,2025-12-09,1,1,0,winter,303,,,,
NYC,hour,2025-12-09 02:00:00,2025-12-09,2,1,0,winter,184,,,,
NYC,hour,2025-12-09 03:00:00,2025-12-09,3,1,0,winter,129,,,,
NYC,hour,2025-12-09 04:00:00,2025-12-09,4,1,0,winter,201,,,,
NYC,hour,2025-12-09 05:00:00,2025-12-09,5,1,0,winter,998,,,,
NYC,hour,2025-12-09 06:00:00,2025-12-09,6,1,0,winter,2609,,,,
NYC,hour,2025-12-09 07:00:00,2025-12-09,7,1,0,winter,5599,,,,
NYC,hour,2025-12-09 08:00:00,2025-12-09,8,1,0,winter,8638,,,,
NYC,hour,2025-12-09 09:00:00,2025-12-09,9,1,0,winter,5450,,,,
NYC,hour,2025-12-09 10:00:00,2025-12-09,10,1,0,winter,3401,,,,
NYC,hour,2025-12-09 11:00:00,2025-12-09,11,1,0,winter,3031,,,,
NYC,hour,2025-12-09 12:00:00,2025-12-09,12,1,0,winter,3420,,,,
NYC,hour,2025-12-09 13:00:00,2025-12-09,13,1,0,winter,3843,,,,
NYC,hour,2025-12-09 14:00:00,2025-12-09,14,1,0,winter,4467,,,,
NYC,hour,2025-12-09 15:00:00,2025-12-09,15,1,0,winter,5337,,,,
NYC,hour,2025-12-09 16:00:00,2025-12-09,16,1,0,winter,6211,,,,
NYC,hour,2025-12-09 17:00:00,2025-12-09,17,1,0,winter,8545,,,,
NYC,hour,2025-12-09 18:00:00,2025-12-09,18,1,0,winter,7898,,,,
NYC,hour,2025-12-09 19:00:00,2025-12-09,19,1,0,winter,5693,,,,
NYC,hour,2025-12-09 20:00:00,2025-12-09,20,1,0,winter,3979,,,,
NYC,hour,2025-12-09 21:00:00,2025-12-09,21,1,0,winter,3028,,,,
NYC,hour,2025-12-09 22:00:00,2025-12-09,22,1,0,winter,2386,,,,
NYC,hour,2025-12-09 23:00:00,2025-12-09,23,1,0,winter,1477,,,,
NYC,hour,2025-12-10 00:00:00,2025-12-10,0,2,0,winter,913,,,,
NYC,hour,2025-12-10 01:00:00,2025-12-10,1,2,0,winter,411,,,,
NYC,hour,2025-12-10 02:00:00,2025-12-10,2,2,0,winter,236,,,,
NYC,hour,2025-12-10 03:00:00,2025-12-10,3,2,0,winter,156,,,,
NYC,hour,2025-12-10 04:00:00,2025-12-10,4,2,0,winter,265,,,,
NYC,hour,2025-12-10 05:00:00,2025-12-10,5,2,0,winter,1074,,,,
NYC,hour,2025-12-10 06:00:00,2025-12-10,6,2,0,winter,2837,,,,
NYC,hour,2025-12-10 07:00:00,2025-12-10,7,2,0,winter,6504,,,,
NYC,hour,2025-12-10 08:00:00,2025-12-10,8,2,0,winter,9781,,,,
NYC,hour,2025-12-10 09:00:00,2025-12-10,9,2,0,winter,6836,,,,
NYC,hour,2025-12-10 10:00:00,2025-12-10,10,2,0,winter,4215,,,,
NYC,hour,2025-12-10 11:00:00,2025-12-10,11,2,0,winter,4011,,,,
NYC,hour,2025-12-10 12:00:00,2025-12-10,12,2,0,winter,4591,,,,
NYC,hour,2025-12-10 13:00:00,2025-12-10,13,2,0,winter,4952,,,,
NYC,hour,2025-12-10 14:00:00,2025-12-10,14,2,0,winter,5549,,,,
NYC,hour,2025-12-10 15:00:00,2025-12-10,15,2,0,winter,5733,,,,
NYC,hour,2025-12-10 16:00:00,2025-12-10,16,2,0,winter,5790,,,,
NYC,hour,2025-12-10 17:00:00,2025-12-10,17,2,0,winter,6140,,,,
NYC,hour,2025-12-10 18:00:00,2025-12-10,18,2,0,winter,4583,,,,
NYC,hour,2025-12-10 19:00:00,2025-12-10,19,2,0,winter,3299,,,,
NYC,hour,2025-12-10 20:00:00,2025-12-10,20,2,0,winter,3430,,,,
NYC,hour,2025-12-10 21:00:00,2025-12-10,21,2,0,winter,3137,,,,
NYC,hour,2025-12-10 22:00:00,2025-12-10,22,2,0,winter,2677,,,,
NYC,hour,2025-12-10 23:00:00,2025-12-10,23,2,0,winter,1890,,,,
NYC,hour,2025-12-11 00:00:00,2025-12-11,0,3,0,winter,1060,,,,
NYC,hour,2025-12-11 01:00:00,2025-12-11,1,3,0,winter,560,,,,
NYC,hour,2025-12-11 02:00:00,2025-12-11,2,3,0,winter,355,,,,
NYC,hour,2025-12-11 03:00:00,2025-12-11,3,3,0,winter,197,,,,
NYC,hour,2025-12-11 04:00:00,2025-12-11,4,3,0,winter,281,,,,
NYC,hour,2025-12-11 05:00:00,2025-12-11,5,3,0,winter,996,,,,
NYC,hour,2025-12-11 06:00:00,2025-12-11,6,3,0,winter,2689,,,,
NYC,hour,2025-12-11 07:00:00,2025-12-11,7,3,0,winter,6029,,,,
NYC,hour,2025-12-11 08:00:00,2025-12-11,8,3,0,winter,9015,,,,
NYC,hour,2025-12-11 09:00:00,2025-12-11,9,3,0,winter,5880,,,,
NYC,hour,2025-12-11 10:00:00,2025-12-11,10,3,0,winter,3745,,,,
NYC,hour,2025-12-11 11:00:00,2025-12-11,11,3,0,winter,3455,,,,
NYC,hour,2025-12-11 12:00:00,2025-12-11,12,3,0,winter,4043,,,,
NYC,hour,2025-12-11 13:00:00,2025-12-11,13,3,0,winter,4062,,,,
NYC,hour,2025-12-11 14:00:00,2025-12-11,14,3,0,winter,4777,,,,
NYC,hour,2025-12-11 15:00:00,2025-12-11,15,3,0,winter,5548,,,,
NYC,hour,2025-12-11 16:00:00,2025-12-11,16,3,0,winter,6648,,,,
NYC,hour,2025-12-11 17:00:00,2025-12-11,17,3,0,winter,8469,,,,
NYC,hour,2025-12-11 18:00:00,2025-12-11,18,3,0,winter,7879,,,,
NYC,hour,2025-12-11 19:00:00,2025-12-11,19,3,0,winter,5553,,,,
NYC,hour,2025-12-11 20:00:00,2025-12-11,20,3,0,winter,3867,,,,
NYC,hour,2025-12-11 21:00:00,2025-12-11,21,3,0,winter,3136,,,,
NYC,hour,2025-12-11 22:00:00,2025-12-11,22,3,0,winter,2381,,,,
NYC,hour,2025-12-11 23:00:00,2025-12-11,23,3,0,winter,1628,,,,
NYC,hour,2025-12-12 00:00:00,2025-12-12,0,4,0,winter,952,,,,
NYC,hour,2025-12-12 01:00:00,2025-12-12,1,4,0,winter,588,,,,
NYC,hour,2025-12-12 02:00:00,2025-12-12,2,4,0,winter,341,,,,
NYC,hour,2025-12-12 03:00:00,2025-12-12,3,4,0,winter,221,,,,
NYC,hour,2025-12-12 04:00:00,2025-12-12,4,4,0,winter,260,,,,
NYC,hour,2025-12-12 05:00:00,2025-12-12,5,4,0,winter,843,,,,
NYC,hour,2025-12-12 06:00:00,2025-12-12,6,4,0,winter,2222,,,,
NYC,hour,2025-12-12 07:00:00,2025-12-12,7,4,0,winter,4737,,,,
NYC,hour,2025-12-12 08:00:00,2025-12-12,8,4,0,winter,7079,,,,
NYC,hour,2025-12-12 09:00:00,2025-12-12,9,4,0,winter,5159,,,,
NYC,hour,2025-12-12 10:00:00,2025-12-12,10,4,0,winter,4025,,,,
NYC,hour,2025-12-12 11:00:00,2025-12-12,11,4,0,winter,4036,,,,
NYC,hour,2025-12-12 12:00:00,2025-12-12,12,4,0,winter,4538,,,,
NYC,hour,2025-12-12 13:00:00,2025-12-12,13,4,0,winter,4960,,,,
NYC,hour,2025-12-12 14:00:00,2025-12-12,14,4,0,winter,5653,,,,
NYC,hour,2025-12-12 15:00:00,2025-12-12,15,4,0,winter,6360,,,,
NYC,hour,2025-12-12 16:00:00,2025-12-12,16,4,0,winter,7083,,,,
NYC,hour,2025-12-12 17:00:00,2025-12-12,17,4,0,winter,7959,,,,
NYC,hour,2025-12-12 18:00:00,2025-12-12,18,4,0,winter,7239,,,,
NYC,hour,2025-12-12 19:00:00,2025-12-12,19,4,0,winter,5427,,,,
NYC,hour,2025-12-12 20:00:00,2025-12-12,20,4,0,winter,3796,,,,
NYC,hour,2025-12-12 21:00:00,2025-12-12,21,4,0,winter,2927,,,,
NYC,hour,2025-12-12 22:00:00,2025-12-12,22,4,0,winter,2641,,,,
NYC,hour,2025-12-12 23:00:00,2025-12-12,23,4,0,winter,2400,,,,
NYC,hour,2025-12-13 00:00:00,2025-12-13,0,5,1,winter,1960,,,,
NYC,hour,2025-12-13 01:00:00,2025-12-13,1,5,1,winter,1326,,,,
NYC,hour,2025-12-13 02:00:00,2025-12-13,2,5,1,winter,823,,,,
NYC,hour,2025-12-13 03:00:00,2025-12-13,3,5,1,winter,559,,,,
NYC,hour,2025-12-13 04:00:00,2025-12-13,4,5,1,winter,374,,,,
NYC,hour,2025-12-13 05:00:00,2025-12-13,5,5,1,winter,398,,,,
NYC,hour,2025-12-13 06:00:00,2025-12-13,6,5,1,winter,772,,,,
NYC,hour,2025-12-13 07:00:00,2025-12-13,7,5,1,winter,1462,,,,
NYC,hour,2025-12-13 08:00:00,2025-12-13,8,5,1,winter,2593,,,,
NYC,hour,2025-12-13 09:00:00,2025-12-13,9,5,1,winter,4014,,,,
NYC,hour,2025-12-13 10:00:00,2025-12-13,10,5,1,winter,5141,,,,
NYC,hour,2025-12-13 11:00:00,2025-12-13,11,5,1,winter,6099,,,,
NYC,hour,2025-12-13 12:00:00,2025-12-13,12,5,1,winter,6706,,,,
NYC,hour,2025-12-13 13:00:00,2025-12-13,13,5,1,winter,6910,,,,
NYC,hour,2025-12-13 14:00:00,2025-12-13,14,5,1,winter,6963,,,,
NYC,hour,2025-12-13 15:00:00,2025-12-13,15,5,1,winter,7173,,,,
NYC,hour,2025-12-13 16:00:00,2025-12-13,16,5,1,winter,6539,,,,
NYC,hour,2025-12-13 17:00:00,2025-12-13,17,5,1,winter,5971,,,,
NYC,hour,2025-12-13 18:00:00,2025-12-13,18,5,1,winter,5619,,,,
NYC,hour,2025-12-13 19:00:00,2025-12-13,19,5,1,winter,4839,,,,
NYC,hour,2025-12-13 20:00:00,2025-12-13,20,5,1,winter,3658,,,,
NYC,hour,2025-12-13 21:00:00,2025-12-13,21,5,1,winter,3154,,,,
NYC,hour,2025-12-13 22:00:00,2025-12-13,22,5,1,winter,2335,,,,
NYC,hour,2025-12-13 23:00:00,2025-12-13,23,5,1,winter,1652,,,,
NYC,hour,2025-12-14 00:00:00,2025-12-14,0,6,1,winter,1241,,,,
NYC,hour,2025-12-14 01:00:00,2025-12-14,1,6,1,winter,737,,,,
NYC,hour,2025-12-14 02:00:00,2025-12-14,2,6,1,winter,475,,,,
NYC,hour,2025-12-14 03:00:00,2025-12-14,3,6,1,winter,250,,,,
NYC,hour,2025-12-14 04:00:00,2025-12-14,4,6,1,winter,179,,,,
NYC,hour,2025-12-14 05:00:00,2025-12-14,5,6,1,winter,134,,,,
NYC,hour,2025-12-14 06:00:00,2025-12-14,6,6,1,winter,259,,,,
NYC,hour,2025-12-14 07:00:00,2025-12-14,7,6,1,winter,391,,,,
NYC,hour,2025-12-14 08:00:00,2025-12-14,8,6,1,winter,482,,,,
NYC,hour,2025-12-14 09:00:00,2025-12-14,9,6,1,winter,742,,,,
NYC,hour,2025-12-14 10:00:00,2025-12-14,10,6,1,winter,856,,,,
NYC,hour,2025-12-14 11:00:00,2025-12-14,11,6,1,winter,1103,,,,
NYC,hour,2025-12-14 12:00:00,2025-12-14,12,6,1,winter,1459,,,,
NYC,hour,2025-12-14 13:00:00,2025-12-14,13,6,1,winter,1733,,,,
NYC,hour,2025-12-14 14:00:00,2025-12-14,14,6,1,winter,2110,,,,
NYC,hour,2025-12-14 15:00:00,2025-12-14,15,6,1,winter,2144,,,,
NYC,hour,2025-12-14 16:00:00,2025-12-14,16,6,1,winter,2049,,,,
NYC,hour,2025-12-14 17:00:00,2025-12-14,17,6,1,winter,1871,,,,
NYC,hour,2025-12-14 18:00:00,2025-12-14,18,6,1,winter,1675,,,,
NYC,hour,2025-12-14 19:00:00,2025-12-14,19,6,1,winter,1296,,,,
NYC,hour,2025-12-14 20:00:00,2025-12-14,20,6,1,winter,969,,,,
NYC,hour,2025-12-14 21:00:00,2025-12-14,21,6,1,winter,800,,,,
NYC,hour,2025-12-14 22:00:00,2025-12-14,22,6,1,winter,685,,,,
NYC,hour,2025-12-14 23:00:00,2025-12-14,23,6,1,winter,517,,,,
NYC,hour,2025-12-15 00:00:00,2025-12-15,0,0,0,winter,296,,,,
NYC,hour,2025-12-15 01:00:00,2025-12-15,1,0,0,winter,173,,,,
NYC,hour,2025-12-15 02:00:00,2025-12-15,2,0,0,winter,86,,,,
NYC,hour,2025-12-15 03:00:00,2025-12-15,3,0,0,winter,64,,,,
NYC,hour,2025-12-15 04:00:00,2025-12-15,4,0,0,winter,154,,,,
NYC,hour,2025-12-15 05:00:00,2025-12-15,5,0,0,winter,618,,,,
NYC,hour,2025-12-15 06:00:00,2025-12-15,6,0,0,winter,1539,,,,
NYC,hour,2025-12-15 07:00:00,2025-12-15,7,0,0,winter,3201,,,,
NYC,hour,2025-12-15 08:00:00,2025-12-15,8,0,0,winter,4562,,,,
NYC,hour,2025-12-15 09:00:00,2025-12-15,9,0,0,winter,3107,,,,
NYC,hour,2025-12-15 10:00:00,2025-12-15,10,0,0,winter,1991,,,,
NYC,hour,2025-12-15 11:00:00,2025-12-15,11,0,0,winter,1991,,,,
NYC,hour,2025-12-15 12:00:00,2025-12-15,12,0,0,winter,2337,,,,
NYC,hour,2025-12-15 13:00:00,2025-12-15,13,0,0,winter,2422,,,,
NYC,hour,2025-12-15 14:00:00,2025-12-15,14,0,0,winter,2978,,,,
NYC,hour,2025-12-15 15:00:00,2025-12-15,15,0,0,winter,3579,,,,
NYC,hour,2025-12-15 16:00:00,2025-12-15,16,0,0,winter,4196,,,,
NYC,hour,2025-12-15 17:00:00,2025-12-15,17,0,0,winter,5263,,,,
NYC,hour,2025-12-15 18:00:00,2025-12-15,18,0,0,winter,4772,,,,
NYC,hour,2025-12-15 19:00:00,2025-12-15,19,0,0,winter,3462,,,,
NYC,hour,2025-12-15 20:00:00,2025-12-15,20,0,0,winter,2411,,,,
NYC,hour,2025-12-15 21:00:00,2025-12-15,21,0,0,winter,1750,,,,
NYC,hour,2025-12-15 22:00:00,2025-12-15,22,0,0,winter,1310,,,,
NYC,hour,2025-12-15 23:00:00,2025-12-15,23,0,0,winter,829,,,,
NYC,hour,2025-12-16 00:00:00,2025-12-16,0,1,0,winter,502,,,,
NYC,hour,2025-12-16 01:00:00,2025-12-16,1,1,0,winter,225,,,,
NYC,hour,2025-12-16 02:00:00,2025-12-16,2,1,0,winter,158,,,,
NYC,hour,2025-12-16 03:00:00,2025-12-16,3,1,0,winter,119,,,,
NYC,hour,2025-12-16 04:00:00,2025-12-16,4,1,0,winter,204,,,,
NYC,hour,2025-12-16 05:00:00,2025-12-16,5,1,0,winter,823,,,,
NYC,hour,2025-12-16 06:00:00,2025-12-16,6,1,0,winter,2084,,,,
NYC,hour,2025-12-16 07:00:00,2025-12-16,7,1,0,winter,4295,,,,
NYC,hour,2025-12-16 08:00:00,2025-12-16,8,1,0,winter,6516,,,,
NYC,hour,2025-12-16 09:00:00,2025-12-16,9,1,0,winter,4346,,,,
NYC,hour,2025-12-16 10:00:00,2025-12-16,10,1,0,winter,2765,,,,
NYC,hour,2025-12-16 11:00:00,2025-12-16,11,1,0,winter,2709,,,,
NYC,hour,2025-12-16 12:00:00,2025-12-16,12,1,0,winter,2874,,,,
NYC,hour,2025-12-16 13:00:00,2025-12-16,13,1,0,winter,3264,,,,
NYC,hour,2025-12-16 14:00:00,2025-12-16,14,1,0,winter,3800,,,,
NYC,hour,2025-12-16 15:00:00,2025-12-16,15,1,0,winter,4517,,,,
NYC,hour,2025-12-16 16:00:00,2025-12-16,16,1,0,winter,5284,,,,
NYC,hour,2025-12-16 17:00:00,2025-12-16,17,1,0,winter,6863,,,,
NYC,hour,2025-12-16 18:00:00,2025-12-16,18,1,0,winter,6391,,,,
NYC,hour,2025-12-16 19:00:00,2025-12-16,19,1,0,winter,4527,,,,
NYC,hour,2025-12-16 20:00:00,2025-12-16,20,1,0,winter,3117,,,,
NYC,hour,2025-12-16 21:00:00,2025-12-16,21,1,0,winter,2266,,,,
NYC,hour,2025-12-16 22:00:00,2025-12-16,22,1,0,winter,1853,,,,
NYC,hour,2025-12-16 23:00:00,2025-12-16,23,1,0,winter,1352,,,,
NYC,hour,2025-12-17 00:00:00,2025-12-17,0,2,0,winter,718,,,,
NYC,hour,2025-12-17 01:00:00,2025-12-17,1,2,0,winter,407,,,,
NYC,hour,2025-12-17 02:00:00,2025-12-17,2,2,0,winter,225,,,,
NYC,hour,2025-12-17 03:00:00,2025-12-17,3,2,0,winter,137,,,,
NYC,hour,2025-12-17 04:00:00,2025-12-17,4,2,0,winter,247,,,,
NYC,hour,2025-12-17 05:00:00,2025-12-17,5,2,0,winter,878,,,,
NYC,hour,2025-12-17 06:00:00,2025-12-17,6,2,0,winter,2291,,,,
NYC,hour,2025-12-17 07:00:00,2025-12-17,7,2,0,winter,4901,,,,
NYC,hour,2025-12-17 08:00:00,2025-12-17,8,2,0,winter,7602,,,,
NYC,hour,2025-12-17 09:00:00,2025-12-17,9,2,0,winter,5097,,,,
NYC,hour,2025-12-17 10:00:00,2025-12-17,10,2,0,winter,3407,,,,
NYC,hour,2025-12-17 11:00:00,2025-12-17,11,2,0,winter,3406,,,,
NYC,hour,2025-12-17 12:00:00,2025-12-17,12,2,0,winter,3813,,,,
NYC,hour,2025-12-17 13:00:00,2025-12-17,13,2,0,winter,4293,,,,
NYC,hour,2025-12-17 14:00:00,2025-12-17,14,2,0,winter,5115,,,,
NYC,hour,2025-12-17 15:00:00,2025-12-17,15,2,0,winter,5822,,,,
NYC,hour,2025-12-17 16:00:00,2025-12-17,16,2,0,winter,6929,,,,
NYC,hour,2025-12-17 17:00:00,2025-12-17,17,2,0,winter,8749,,,,
NYC,hour,2025-12-17 18:00:00,2025-12-17,18,2,0,winter,8219,,,,
NYC,hour,2025-12-17 19:00:00,2025-12-17,19,2,0,winter,5930,,,,
NYC,hour,2025-12-17 20:00:00,2025-12-17,20,2,0,winter,4136,,,,
NYC,hour,2025-12-17 21:00:00,2025-12-17,21,2,0,winter,3296,,,,
NYC,hour,2025-12-17 22:00:00,2025-12-17,22,2,0,winter,2727,,,,
NYC,hour,2025-12-17 23:00:00,2025-12-17,23,2,0,winter,2034,,,,
NYC,hour,2025-12-18 00:00:00,2025-12-18,0,3,0,winter,1158,,,,
NYC,hour,2025-12-18 01:00:00,2025-12-18,1,3,0,winter,632,,,,
NYC,hour,2025-12-18 02:00:00,2025-12-18,2,3,0,winter,385,,,,
NYC,hour,2025-12-18 03:00:00,2025-12-18,3,3,0,winter,226,,,,
NYC,hour,2025-12-18 04:00:00,2025-12-18,4,3,0,winter,322,,,,
NYC,hour,2025-12-18 05:00:00,2025-12-18,5,3,0,winter,968,,,,
NYC,hour,2025-12-18 06:00:00,2025-12-18,6,3,0,winter,2556,,,,
NYC,hour,2025-12-18 07:00:00,2025-12-18,7,3,0,winter,5447,,,,
NYC,hour,2025-12-18 08:00:00,2025-12-18,8,3,0,winter,8474,,,,
NYC,hour,2025-12-18 09:00:00,2025-12-18,9,3,0,winter,6153,,,,
NYC,hour,2025-12-18 10:00:00,2025-12-18,10,3,0,winter,4325,,,,
NYC,hour,2025-12-18 11:00:00,2025-12-18,11,3,0,winter,4391,,,,
NYC,hour,2025-12-18 12:00:00,2025-12-18,12,3,0,winter,4993,,,,
NYC,hour,2025-12-18 13:00:00,2025-12-18,13,3,0,winter,5437,,,,
NYC,hour,2025-12-18 14:00:00,2025-12-18,14,3,0,winter,6245,,,,
NYC,hour,2025-12-18 15:00:00,2025-12-18,15,3,0,winter,7271,,,,
NYC,hour,2025-12-18 16:00:00,2025-12-18,16,3,0,winter,7895,,,,
NYC,hour,2025-12-18 17:00:00,2025-12-18,17,3,0,winter,9751,,,,
NYC,hour,2025-12-18 18:00:00,2025-12-18,18,3,0,winter,8797,,,,
NYC,hour,2025-12-18 19:00:00,2025-12-18,19,3,0,winter,6541,,,,
NYC,hour,2025-12-18 20:00:00,2025-12-18,20,3,0,winter,4584,,,,
NYC,hour,2025-12-18 21:00:00,2025-12-18,21,3,0,winter,3653,,,,
NYC,hour,2025-12-18 22:00:00,2025-12-18,22,3,0,winter,3242,,,,
NYC,hour,2025-12-18 23:00:00,2025-12-18,23,3,0,winter,1907,,,,
NYC,hour,2025-12-19 00:00:00,2025-12-19,0,4,0,winter,1417,,,,
NYC,hour,2025-12-19 01:00:00,2025-12-19,1,4,0,winter,900,,,,
NYC,hour,2025-12-19 02:00:00,2025-12-19,2,4,0,winter,540,,,,
NYC,hour,2025-12-19 03:00:00,2025-12-19,3,4,0,winter,203,,,,
NYC,hour,2025-12-19 04:00:00,2025-12-19,4,4,0,winter,224,,,,
NYC,hour,2025-12-19 05:00:00,2025-12-19,5,4,0,winter,466,,,,
NYC,hour,2025-12-19 06:00:00,2025-12-19,6,4,0,winter,965,,,,
NYC,hour,2025-12-19 07:00:00,2025-12-19,7,4,0,winter,1370,,,,
NYC,hour,2025-12-19 08:00:00,2025-12-19,8,4,0,winter,1259,,,,
NYC,hour,2025-12-19 09:00:00,2025-12-19,9,4,0,winter,1174,,,,
NYC,hour,2025-12-19 10:00:00,2025-12-19,10,4,0,winter,1751,,,,
NYC,hour,2025-12-19 11:00:00,2025-12-19,11,4,0,winter,2714,,,,
NYC,hour,2025-12-19 12:00:00,2025-12-19,12,4,0,winter,3023,,,,
NYC,hour,2025-12-19 13:00:00,2025-12-19,13,4,0,winter,4595,,,,
NYC,hour,2025-12-19 14:00:00,2025-12-19,14,4,0,winter,5640,,,,
NYC,hour,2025-12-19 15:00:00,2025-12-19,15,4,0,winter,7079,,,,
NYC,hour,2025-12-19 16:00:00,2025-12-19,16,4,0,winter,5142,,,,
NYC,hour,2025-12-19 17:00:00,2025-12-19,17,4,0,winter,5986,,,,
NYC,hour,2025-12-19 18:00:00,2025-12-19,18,4,0,winter,5214,,,,
NYC,hour,2025-12-19 19:00:00,2025-12-19,19,4,0,winter,4105,,,,
NYC,hour,2025-12-19 20:00:00,2025-12-19,20,4,0,winter,2930,,,,
NYC,hour,2025-12-19 21:00:00,2025-12-19,21,4,0,winter,2152,,,,
NYC,hour,2025-12-19 22:00:00,2025-12-19,22,4,0,winter,2000,,,,
NYC,hour,2025-12-19 23:00:00,2025-12-19,23,4,0,winter,1588,,,,
NYC,hour,2025-12-20 00:00:00,2025-12-20,0,5,1,winter,1286,,,,
NYC,hour,2025-12-20 01:00:00,2025-12-20,1,5,1,winter,863,,,,
NYC,hour,2025-12-20 02:00:00,2025-12-20,2,5,1,winter,690,,,,
NYC,hour,2025-12-20 03:00:00,2025-12-20,3,5,1,winter,432,,,,
NYC,hour,2025-12-20 04:00:00,2025-12-20,4,5,1,winter,339,,,,
NYC,hour,2025-12-20 05:00:00,2025-12-20,5,5,1,winter,313,,,,
NYC,hour,2025-12-20 06:00:00,2025-12-20,6,5,1,winter,636,,,,
NYC,hour,2025-12-20 07:00:00,2025-12-20,7,5,1,winter,1239,,,,
NYC,hour,2025-12-20 08:00:00,2025-12-20,8,5,1,winter,2165,,,,
NYC,hour,2025-12-20 09:00:00,2025-12-20,9,5,1,winter,3365,,,,
NYC,hour,2025-12-20 10:00:00,2025-12-20,10,5,1,winter,4344,,,,
NYC,hour,2025-12-20 11:00:00,2025-12-20,11,5,1,winter,5099,,,,
NYC,hour,2025-12-20 12:00:00,2025-12-20,12,5,1,winter,5552,,,,
NYC,hour,2025-12-20 13:00:00,2025-12-20,13,5,1,winter,5749,,,,
NYC,hour,2025-12-20 14:00:00,2025-12-20,14,5,1,winter,5801,,,,
NYC,hour,2025-12-20 15:00:00,2025-12-20,15,5,1,winter,6169,,,,
NYC,hour,2025-12-20 16:00:00,2025-12-20,16,5,1,winter,5995,,,,
NYC,hour,2025-12-20 17:00:00,2025-12-20,17,5,1,winter,4819,,,,
NYC,hour,2025-12-20 18:00:00,2025-12-20,18,5,1,winter,4103,,,,
NYC,hour,2025-12-20 19:00:00,2025-12-20,19,5,1,winter,3424,,,,
NYC,hour,2025-12-20 20:00:00,2025-12-20,20,5,1,winter,2687,,,,
NYC,hour,2025-12-20 21:00:00,2025-12-20,21,5,1,winter,2301,,,,
NYC,hour,2025-12-20 22:00:00,2025-12-20,22,5,1,winter,1953,,,,
NYC,hour,2025-12-20 23:00:00,2025-12-20,23,5,1,winter,1876,,,,
NYC,hour,2025-12-21 00:00:00,2025-12-21,0,6,1,winter,1431,,,,
NYC,hour,2025-12-21 01:00:00,2025-12-21,1,6,1,winter,993,,,,
NYC,hour,2025-12-21 02:00:00,2025-12-21,2,6,1,winter,691,,,,
NYC,hour,2025-12-21 03:00:00,2025-12-21,3,6,1,winter,506,,,,
NYC,hour,2025-12-21 04:00:00,2025-12-21,4,6,1,winter,433,,,,
NYC,hour,2025-12-21 05:00:00,2025-12-21,5,6,1,winter,282,,,,
NYC,hour,2025-12-21 06:00:00,2025-12-21,6,6,1,winter,618,,,,
NYC,hour,2025-12-21 07:00:00,2025-12-21,7,6,1,winter,949,,,,
NYC,hour,2025-12-21 08:00:00,2025-12-21,8,6,1,winter,1690,,,,
NYC,hour,2025-12-21 09:00:00,2025-12-21,9,6,1,winter,2804,,,,
NYC,hour,2025-12-21 10:00:00,2025-12-21,10,6,1,winter,3879,,,,
NYC,hour,2025-12-21 11:00:00,2025-12-21,11,6,1,winter,4632,,,,
NYC,hour,2025-12-21 12:00:00,2025-12-21,12,6,1,winter,5090,,,,
NYC,hour,2025-12-21 13:00:00,2025-12-21,13,6,1,winter,5271,,,,
NYC,hour,2025-12-21 14:00:00,2025-12-21,14,6,1,winter,5056,,,,
NYC,hour,2025-12-21 15:00:00,2025-12-21,15,6,1,winter,4802,,,,
NYC,hour,2025-12-21 16:00:00,2025-12-21,16,6,1,winter,4463,,,,
NYC,hour,2025-12-21 17:00:00,2025-12-21,17,6,1,winter,3503,,,,
NYC,hour,2025-12-21 18:00:00,2025-12-21,18,6,1,winter,2995,,,,
NYC,hour,2025-12-21 19:00:00,2025-12-21,19,6,1,winter,2357,,,,
NYC,hour,2025-12-21 20:00:00,2025-12-21,20,6,1,winter,1881,,,,
NYC,hour,2025-12-21 21:00:00,2025-12-21,21,6,1,winter,1446,,,,
NYC,hour,2025-12-21 22:00:00,2025-12-21,22,6,1,winter,1200,,,,
NYC,hour,2025-12-21 23:00:00,2025-12-21,23,6,1,winter,896,,,,
NYC,hour,2025-12-22 00:00:00,2025-12-22,0,0,0,winter,612,,,,
NYC,hour,2025-12-22 01:00:00,2025-12-22,1,0,0,winter,337,,,,
NYC,hour,2025-12-22 02:00:00,2025-12-22,2,0,0,winter,229,,,,
NYC,hour,2025-12-22 03:00:00,2025-12-22,3,0,0,winter,141,,,,
NYC,hour,2025-12-22 04:00:00,2025-12-22,4,0,0,winter,215,,,,
NYC,hour,2025-12-22 05:00:00,2025-12-22,5,0,0,winter,676,,,,
NYC,hour,2025-12-22 06:00:00,2025-12-22,6,0,0,winter,1620,,,,
NYC,hour,2025-12-22 07:00:00,2025-12-22,7,0,0,winter,3214,,,,
NYC,hour,2025-12-22 08:00:00,2025-12-22,8,0,0,winter,4623,,,,
NYC,hour,2025-12-22 09:00:00,2025-12-22,9,0,0,winter,3717,,,,
NYC,hour,2025-12-22 10:00:00,2025-12-22,10,0,0,winter,3051,,,,
NYC,hour,2025-12-22 11:00:00,2025-12-22,11,0,0,winter,3321,,,,
NYC,hour,2025-12-22 12:00:00,2025-12-22,12,0,0,winter,3765,,,,
NYC,hour,2025-12-22 13:00:00,2025-12-22,13,0,0,winter,4208,,,,
NYC,hour,2025-12-22 14:00:00,2025-12-22,14,0,0,winter,4722,,,,
NYC,hour,2025-12-22 15:00:00,2025-12-22,15,0,0,winter,5350,,,,
NYC,hour,2025-12-22 16:00:00,2025-12-22,16,0,0,winter,5959,,,,
NYC,hour,2025-12-22 17:00:00,2025-12-22,17,0,0,winter,6335,,,,
NYC,hour,2025-12-22 18:00:00,2025-12-22,18,0,0,winter,5166,,,,
NYC,hour,2025-12-22 19:00:00,2025-12-22,19,0,0,winter,3755,,,,
NYC,hour,2025-12-22 20:00:00,2025-12-22,20,0,0,winter,2731,,,,
NYC,hour,2025-12-22 21:00:00,2025-12-22,21,0,0,winter,2041,,,,
NYC,hour,2025-12-22 22:00:00,2025-12-22,22,0,0,winter,1686,,,,
NYC,hour,2025-12-22 23:00:00,2025-12-22,23,0,0,winter,1176,,,,
NYC,hour,2025-12-23 00:00:00,2025-12-23,0,1,0,winter,720,,,,
NYC,hour,2025-12-23 01:00:00,2025-12-23,1,1,0,winter,409,,,,
NYC,hour,2025-12-23 02:00:00,2025-12-23,2,1,0,winter,290,,,,
NYC,hour,2025-12-23 03:00:00,2025-12-23,3,1,0,winter,158,,,,
NYC,hour,2025-12-23 04:00:00,2025-12-23,4,1,0,winter,232,,,,
NYC,hour,2025-12-23 05:00:00,2025-12-23,5,1,0,winter,656,,,,
NYC,hour,2025-12-23 06:00:00,2025-12-23,6,1,0,winter,1160,,,,
NYC,hour,2025-12-23 07:00:00,2025-12-23,7,1,0,winter,1772,,,,
NYC,hour,2025-12-23 08:00:00,2025-12-23,8,1,0,winter,2136,,,,
NYC,hour,2025-12-23 09:00:00,2025-12-23,9,1,0,winter,1511,,,,
NYC,hour,2025-12-23 10:00:00,2025-12-23,10,1,0,winter,1489,,,,
NYC,hour,2025-12-23 11:00:00,2025-12-23,11,1,0,winter,1502,,,,
NYC,hour,2025-12-23 12:00:00,2025-12-23,12,1,0,winter,2283,,,,
NYC,hour,2025-12-23 13:00:00,2025-12-23,13,1,0,winter,2664,,,,
NYC,hour,2025-12-23 14:00:00,2025-12-23,14,1,0,winter,3662,,,,
NYC,hour,2025-12-23 15:00:00,2025-12-23,15,1,0,winter,4213,,,,
NYC,hour,2025-12-23 16:00:00,2025-12-23,16,1,0,winter,4397,,,,
NYC,hour,2025-12-23 17:00:00,2025-12-23,17,1,0,winter,4614,,,,
NYC,hour,2025-12-23 18:00:00,2025-12-23,18,1,0,winter,4256,,,,
NYC,hour,2025-12-23 19:00:00,2025-12-23,19,1,0,winter,3266,,,,
NYC,hour,2025-12-23 20:00:00,2025-12-23,20,1,0,winter,2320,,,,
NYC,hour,2025-12-23 21:00:00,2025-12-23,21,1,0,winter,1878,,,,
NYC,hour,2025-12-23 22:00:00,2025-12-23,22,1,0,winter,1569,,,,
NYC,hour,2025-12-23 23:00:00,2025-12-23,23,1,0,winter,1278,,,,
NYC,hour,2025-12-24 00:00:00,2025-12-24,0,2,0,winter,801,,,,
NYC,hour,2025-12-24 01:00:00,2025-12-24,1,2,0,winter,474,,,,
NYC,hour,2025-12-24 02:00:00,2025-12-24,2,2,0,winter,323,,,,
NYC,hour,2025-12-24 03:00:00,2025-12-24,3,2,0,winter,223,,,,
NYC,hour,2025-12-24 04:00:00,2025-12-24,4,2,0,winter,216,,,,
NYC,hour,2025-12-24 05:00:00,2025-12-24,5,2,0,winter,483,,,,
NYC,hour,2025-12-24 06:00:00,2025-12-24,6,2,0,winter,1108,,,,
NYC,hour,2025-12-24 07:00:00,2025-12-24,7,2,0,winter,1713,,,,
NYC,hour,2025-12-24 08:00:00,2025-12-24,8,2,0,winter,2549,,,,
NYC,hour,2025-12-24 09:00:00,2025-12-24,9,2,0,winter,2815,,,,
NYC,hour,2025-12-24 10:00:00,2025-12-24,10,2,0,winter,3042,,,,
NYC,hour,2025-12-24 11:00:00,2025-12-24,11,2,0,winter,3667,,,,
NYC,hour,2025-12-24 12:00:00,2025-12-24,12,2,0,winter,4124,,,,
NYC,hour,2025-12-24 13:00:00,2025-12-24,13,2,0,winter,4406,,,,
NYC,hour,2025-12-24 14:00:00,2025-12-24,14,2,0,winter,4537,,,,
NYC,hour,2025-12-24 15:00:00,2025-12-24,15,2,0,winter,4571,,,,
NYC,hour,2025-12-24 16:00:00,2025-12-24,16,2,0,winter,3921,,,,
NYC,hour,2025-12-24 17:00:00,2025-12-24,17,2,0,winter,3166,,,,
NYC,hour,2025-12-24 18:00:00,2025-12-24,18,2,0,winter,2452,,,,
NYC,hour,2025-12-24 19:00:00,2025-12-24,19,2,0,winter,1749,,,,
NYC,hour,2025-12-24 20:00:00,2025-12-24,20,2,0,winter,1331,,,,
NYC,hour,2025-12-24 21:00:00,2025-12-24,21,2,0,winter,1164,,,,
NYC,hour,2025-12-24 22:00:00,2025-12-24,22,2,0,winter,1059,,,,
NYC,hour,2025-12-24 23:00:00,2025-12-24,23,2,0,winter,954,,,,
NYC,hour,2025-12-25 00:00:00,2025-12-25,0,3,0,winter,688,,,,
NYC,hour,2025-12-25 01:00:00,2025-12-25,1,3,0,winter,433,,,,
NYC,hour,2025-12-25 02:00:00,2025-12-25,2,3,0,winter,298,,,,
NYC,hour,2025-12-25 03:00:00,2025-12-25,3,3,0,winter,227,,,,
NYC,hour,2025-12-25 04:00:00,2025-12-25,4,3,0,winter,153,,,,
NYC,hour,2025-12-25 05:00:00,2025-12-25,5,3,0,winter,164,,,,
NYC,hour,2025-12-25 06:00:00,2025-12-25,6,3,0,winter,375,,,,
NYC,hour,2025-12-25 07:00:00,2025-12-25,7,3,0,winter,579,,,,
NYC,hour,2025-12-25 08:00:00,2025-12-25,8,3,0,winter,755,,,,
NYC,hour,2025-12-25 09:00:00,2025-12-25,9,3,0,winter,960,,,,
NYC,hour,2025-12-25 10:00:00,2025-12-25,10,3,0,winter,1299,,,,
NYC,hour,2025-12-25 11:00:00,2025-12-25,11,3,0,winter,1650,,,,
NYC,hour,2025-12-25 12:00:00,2025-12-25,12,3,0,winter,1948,,,,
NYC,hour,2025-12-25 13:00:00,2025-12-25,13,3,0,winter,2048,,,,
NYC,hour,2025-12-25 14:00:00,2025-12-25,14,3,0,winter,2351,,,,
NYC,hour,2025-12-25 15:00:00,2025-12-25,15,3,0,winter,2372,,,,
NYC,hour,2025-12-25 16:00:00,2025-12-25,16,3,0,winter,1944,,,,
NYC,hour,2025-12-25 17:00:00,2025-12-25,17,3,0,winter,1469,,,,
NYC,hour,2025-12-25 18:00:00,2025-12-25,18,3,0,winter,1326,,,,
NYC,hour,2025-12-25 19:00:00,2025-12-25,19,3,0,winter,1085,,,,
NYC,hour,2025-12-25 20:00:00,2025-12-25,20,3,0,winter,961,,,,
NYC,hour,2025-12-25 21:00:00,2025-12-25,21,3,0,winter,955,,,,
NYC,hour,2025-12-25 22:00:00,2025-12-25,22,3,0,winter,821,,,,
NYC,hour,2025-12-25 23:00:00,2025-12-25,23,3,0,winter,675,,,,
NYC,hour,2025-12-26 00:00:00,2025-12-26,0,4,0,winter,449,,,,
NYC,hour,2025-12-26 01:00:00,2025-12-26,1,4,0,winter,255,,,,
NYC,hour,2025-12-26 02:00:00,2025-12-26,2,4,0,winter,161,,,,
NYC,hour,2025-12-26 03:00:00,2025-12-26,3,4,0,winter,124,,,,
NYC,hour,2025-12-26 04:00:00,2025-12-26,4,4,0,winter,146,,,,
NYC,hour,2025-12-26 05:00:00,2025-12-26,5,4,0,winter,329,,,,
NYC,hour,2025-12-26 06:00:00,2025-12-26,6,4,0,winter,627,,,,
NYC,hour,2025-12-26 07:00:00,2025-12-26,7,4,0,winter,971,,,,
NYC,hour,2025-12-26 08:00:00,2025-12-26,8,4,0,winter,1430,,,,
NYC,hour,2025-12-26 09:00:00,2025-12-26,9,4,0,winter,1602,,,,
NYC,hour,2025-12-26 10:00:00,2025-12-26,10,4,0,winter,1793,,,,
NYC,hour,2025-12-26 11:00:00,2025-12-26,11,4,0,winter,2128,,,,
NYC,hour,2025-12-26 12:00:00,2025-12-26,12,4,0,winter,2497,,,,
NYC,hour,2025-12-26 13:00:00,2025-12-26,13,4,0,winter,2689,,,,
NYC,hour,2025-12-26 14:00:00,2025-12-26,14,4,0,winter,2964,,,,
NYC,hour,2025-12-26 15:00:00,2025-12-26,15,4,0,winter,3110,,,,
NYC,hour,2025-12-26 16:00:00,2025-12-26,16,4,0,winter,2935,,,,
NYC,hour,2025-12-26 17:00:00,2025-12-26,17,4,0,winter,2310,,,,
NYC,hour,2025-12-26 18:00:00,2025-12-26,18,4,0,winter,1585,,,,
NYC,hour,2025-12-26 19:00:00,2025-12-26,19,4,0,winter,737,,,,
NYC,hour,2025-12-26 20:00:00,2025-12-26,20,4,0,winter,403,,,,
NYC,hour,2025-12-26 21:00:00,2025-12-26,21,4,0,winter,361,,,,
NYC,hour,2025-12-26 22:00:00,2025-12-26,22,4,0,winter,305,,,,
NYC,hour,2025-12-26 23:00:00,2025-12-26,23,4,0,winter,241,,,,
NYC,hour,2025-12-27 00:00:00,2025-12-27,0,5,1,winter,174,,,,
NYC,hour,2025-12-27 01:00:00,2025-12-27,1,5,1,winter,114,,,,
NYC,hour,2025-12-27 02:00:00,2025-12-27,2,5,1,winter,91,,,,
NYC,hour,2025-12-27 03:00:00,2025-12-27,3,5,1,winter,68,,,,
NYC,hour,2025-12-27 04:00:00,2025-12-27,4,5,1,winter,35,,,,
NYC,hour,2025-12-27 05:00:00,2025-12-27,5,5,1,winter,66,,,,
NYC,hour,2025-12-27 06:00:00,2025-12-27,6,5,1,winter,124,,,,
NYC,hour,2025-12-27 07:00:00,2025-12-27,7,5,1,winter,161,,,,
NYC,hour,2025-12-27 08:00:00,2025-12-27,8,5,1,winter,254,,,,
NYC,hour,2025-12-27 09:00:00,2025-12-27,9,5,1,winter,370,,,,
NYC,hour,2025-12-27 10:00:00,2025-12-27,10,5,1,winter,520,,,,
NYC,hour,2025-12-27 11:00:00,2025-12-27,11,5,1,winter,661,,,,
NYC,hour,2025-12-27 12:00:00,2025-12-27,12,5,1,winter,729,,,,
NYC,hour,2025-12-27 13:00:00,2025-12-27,13,5,1,winter,863,,,,
NYC,hour,2025-12-27 14:00:00,2025-12-27,14,5,1,winter,976,,,,
NYC,hour,2025-12-27 15:00:00,2025-12-27,15,5,1,winter,1099,,,,
NYC,hour,2025-12-27 16:00:00,2025-12-27,16,5,1,winter,1130,,,,
NYC,hour,2025-12-27 17:00:00,2025-12-27,17,5,1,winter,962,,,,
NYC,hour,2025-12-27 18:00:00,2025-12-27,18,5,1,winter,945,,,,
NYC,hour,2025-12-27 19:00:00,2025-12-27,19,5,1,winter,945,,,,
NYC,hour,2025-12-27 20:00:00,2025-12-27,20,5,1,winter,744,,,,
NYC,hour,2025-12-27 21:00:00,2025-12-27,21,5,1,winter,635,,,,
NYC,hour,2025-12-27 22:00:00,2025-12-27,22,5,1,winter,664,,,,
NYC,hour,2025-12-27 23:00:00,2025-12-27,23,5,1,winter,541,,,,
NYC,hour,2025-12-28 00:00:00,2025-12-28,0,6,1,winter,398,,,,
NYC,hour,2025-12-28 01:00:00,2025-12-28,1,6,1,winter,298,,,,
NYC,hour,2025-12-28 02:00:00,2025-12-28,2,6,1,winter,222,,,,
NYC,hour,2025-12-28 03:00:00,2025-12-28,3,6,1,winter,150,,,,
NYC,hour,2025-12-28 04:00:00,2025-12-28,4,6,1,winter,117,,,,
NYC,hour,2025-12-28 05:00:00,2025-12-28,5,6,1,winter,135,,,,
NYC,hour,2025-12-28 06:00:00,2025-12-28,6,6,1,winter,289,,,,
NYC,hour,2025-12-28 07:00:00,2025-12-28,7,6,1,winter,386,,,,
NYC,hour,2025-12-28 08:00:00,2025-12-28,8,6,1,winter,675,,,,
NYC,hour,2025-12-28 09:00:00,2025-12-28,9,6,1,winter,1021,,,,
NYC,hour,2025-12-28 10:00:00,2025-12-28,10,6,1,winter,1332,,,,
NYC,hour,2025-12-28 11:00:00,2025-12-28,11,6,1,winter,1576,,,,
NYC,hour,2025-12-28 12:00:00,2025-12-28,12,6,1,winter,1729,,,,
NYC,hour,2025-12-28 13:00:00,2025-12-28,13,6,1,winter,1752,,,,
NYC,hour,2025-12-28 14:00:00,2025-12-28,14,6,1,winter,1753,,,,
NYC,hour,2025-12-28 15:00:00,2025-12-28,15,6,1,winter,2043,,,,
NYC,hour,2025-12-28 16:00:00,2025-12-28,16,6,1,winter,1893,,,,
NYC,hour,2025-12-28 17:00:00,2025-12-28,17,6,1,winter,1672,,,,
NYC,hour,2025-12-28 18:00:00,2025-12-28,18,6,1,winter,1589,,,,
NYC,hour,2025-12-28 19:00:00,2025-12-28,19,6,1,winter,1254,,,,
NYC,hour,2025-12-28 20:00:00,2025-12-28,20,6,1,winter,1071,,,,
NYC,hour,2025-12-28 21:00:00,2025-12-28,21,6,1,winter,850,,,,
NYC,hour,2025-12-28 22:00:00,2025-12-28,22,6,1,winter,753,,,,
NYC,hour,2025-12-28 23:00:00,2025-12-28,23,6,1,winter,544,,,,
NYC,hour,2025-12-29 00:00:00,2025-12-29,0,0,0,winter,433,,,,
NYC,hour,2025-12-29 01:00:00,2025-12-29,1,0,0,winter,258,,,,
NYC,hour,2025-12-29 02:00:00,2025-12-29,2,0,0,winter,190,,,,
NYC,hour,2025-12-29 03:00:00,2025-12-29,3,0,0,winter,126,,,,
NYC,hour,2025-12-29 04:00:00,2025-12-29,4,0,0,winter,164,,,,
NYC,hour,2025-12-29 05:00:00,2025-12-29,5,0,0,winter,428,,,,
NYC,hour,2025-12-29 06:00:00,2025-12-29,6,0,0,winter,1027,,,,
NYC,hour,2025-12-29 07:00:00,2025-12-29,7,0,0,winter,1552,,,,
NYC,hour,2025-12-29 08:00:00,2025-12-29,8,0,0,winter,1933,,,,
NYC,hour,2025-12-29 09:00:00,2025-12-29,9,0,0,winter,1814,,,,
NYC,hour,2025-12-29 10:00:00,2025-12-29,10,0,0,winter,1387,,,,
NYC,hour,2025-12-29 11:00:00,2025-12-29,11,0,0,winter,1446,,,,
NYC,hour,2025-12-29 12:00:00,2025-12-29,12,0,0,winter,1681,,,,
NYC,hour,2025-12-29 13:00:00,2025-12-29,13,0,0,winter,2200,,,,
NYC,hour,2025-12-29 14:00:00,2025-12-29,14,0,0,winter,2996,,,,
NYC,hour,2025-12-29 15:00:00,2025-12-29,15,0,0,winter,3525,,,,
NYC,hour,2025-12-29 16:00:00,2025-12-29,16,0,0,winter,4141,,,,
NYC,hour,2025-12-29 17:00:00,2025-12-29,17,0,0,winter,4407,,,,
NYC,hour,2025-12-29 18:00:00,2025-12-29,18,0,0,winter,3796,,,,
NYC,hour,2025-12-29 19:00:00,2025-12-29,19,0,0,winter,2656,,,,
NYC,hour,2025-12-29 20:00:00,2025-12-29,20,0,0,winter,1685,,,,
NYC,hour,2025-12-29 21:00:00,2025-12-29,21,0,0,winter,1289,,,,
NYC,hour,2025-12-29 22:00:00,2025-12-29,22,0,0,winter,1168,,,,
NYC,hour,2025-12-29 23:00:00,2025-12-29,23,0,0,winter,874,,,,
NYC,hour,2025-12-30 00:00:00,2025-12-30,0,1,0,winter,583,,,,
NYC,hour,2025-12-30 01:00:00,2025-12-30,1,1,0,winter,329,,,,
NYC,hour,2025-12-30 02:00:00,2025-12-30,2,1,0,winter,216,,,,
NYC,hour,2025-12-30 03:00:00,2025-12-30,3,1,0,winter,141,,,,
NYC,hour,2025-12-30 04:00:00,2025-12-30,4,1,0,winter,161,,,,
NYC,hour,2025-12-30 05:00:00,2025-12-30,5,1,0,winter,502,,,,
NYC,hour,2025-12-30 06:00:00,2025-12-30,6,1,0,winter,1163,,,,
NYC,hour,2025-12-30 07:00:00,2025-12-30,7,1,0,winter,1771,,,,
NYC,hour,2025-12-30 08:00:00,2025-12-30,8,1,0,winter,2628,,,,
NYC,hour,2025-12-30 09:00:00,2025-12-30,9,1,0,winter,2516,,,,
NYC,hour,2025-12-30 10:00:00,2025-12-30,10,1,0,winter,2476,,,,
NYC,hour,2025-12-30 11:00:00,2025-12-30,11,1,0,winter,2694,,,,
NYC,hour,2025-12-30 12:00:00,2025-12-30,12,1,0,winter,3229,,,,
NYC,hour,2025-12-30 13:00:00,2025-12-30,13,1,0,winter,3291,,,,
NYC,hour,2025-12-30 14:00:00,2025-12-30,14,1,0,winter,3571,,,,
NYC,hour,2025-12-30 15:00:00,2025-12-30,15,1,0,winter,3715,,,,
NYC,hour,2025-12-30 16:00:00,2025-12-30,16,1,0,winter,4060,,,,
NYC,hour,2025-12-30 17:00:00,2025-12-30,17,1,0,winter,4137,,,,
NYC,hour,2025-12-30 18:00:00,2025-12-30,18,1,0,winter,3561,,,,
NYC,hour,2025-12-30 19:00:00,2025-12-30,19,1,0,winter,2735,,,,
NYC,hour,2025-12-30 20:00:00,2025-12-30,20,1,0,winter,1984,,,,
NYC,hour,2025-12-30 21:00:00,2025-12-30,21,1,0,winter,1586,,,,
NYC,hour,2025-12-30 22:00:00,2025-12-30,22,1,0,winter,1269,,,,
NYC,hour,2025-12-30 23:00:00,2025-12-30,23,1,0,winter,997,,,,
NYC,hour,2025-12-31 00:00:00,2025-12-31,0,2,0,winter,721,,,,
NYC,hour,2025-12-31 01:00:00,2025-12-31,1,2,0,winter,411,,,,
NYC,hour,2025-12-31 02:00:00,2025-12-31,2,2,0,winter,246,,,,
NYC,hour,2025-12-31 03:00:00,2025-12-31,3,2,0,winter,169,,,,
NYC,hour,2025-12-31 04:00:00,2025-12-31,4,2,0,winter,197,,,,
NYC,hour,2025-12-31 05:00:00,2025-12-31,5,2,0,winter,431,,,,
NYC,hour,2025-12-31 06:00:00,2025-12-31,6,2,0,winter,1011,,,,
NYC,hour,2025-12-31 07:00:00,2025-12-31,7,2,0,winter,1497,,,,
NYC,hour,2025-12-31 08:00:00,2025-12-31,8,2,0,winter,2283,,,,
NYC,hour,2025-12-31 09:00:00,2025-12-31,9,2,0,winter,2416,,,,
NYC,hour,2025-12-31 10:00:00,2025-12-31,10,2,0,winter,2669,,,,
NYC,hour,2025-12-31 11:00:00,2025-12-31,11,2,0,winter,3195,,,,
NYC,hour,2025-12-31 12:00:00,2025-12-31,12,2,0,winter,3637,,,,
NYC,hour,2025-12-31 13:00:00,2025-12-31,13,2,0,winter,4134,,,,
NYC,hour,2025-12-31 14:00:00,2025-12-31,14,2,0,winter,4181,,,,
NYC,hour,2025-12-31 15:00:00,2025-12-31,15,2,0,winter,4399,,,,
NYC,hour,2025-12-31 16:00:00,2025-12-31,16,2,0,winter,4070,,,,
NYC,hour,2025-12-31 17:00:00,2025-12-31,17,2,0,winter,3607,,,,
NYC,hour,2025-12-31 18:00:00,2025-12-31,18,2,0,winter,2794,,,,
NYC,hour,2025-12-31 19:00:00,2025-12-31,19,2,0,winter,2467,,,,
NYC,hour,2025-12-31 20:00:00,2025-12-31,20,2,0,winter,1991,,,,
NYC,hour,2025-12-31 21:00:00,2025-12-31,21,2,0,winter,1674,,,,
NYC,hour,2025-12-31 22:00:00,2025-12-31,22,2,0,winter,1508,,,,
NYC,hour,2025-12-31 23:00:00,2025-12-31,23,2,0,winter,1239,,,,
