city,time_grain,datetime,date,hour,weekday,is_weekend,season,bike_count,temp,rain,humidity,wind
London,hour,2023-01-02 00:00:00,2023-01-02,0,0,0,winter,131,,,,
London,hour,2023-01-02 01:00:00,2023-01-02,1,0,0,winter,62,,,,
London,hour,2023-01-02 02:00:00,2023-01-02,2,0,0,winter,35,,,,
London,hour,2023-01-02 03:00:00,2023-01-02,3,0,0,winter,32,,,,
London,hour,2023-01-02 04:00:00,2023-01-02,4,0,0,winter,41,,,,
London,hour,2023-01-02 05:00:00,2023-01-02,5,0,0,winter,156,,,,
London,hour,2023-01-02 06:00:00,2023-01-02,6,0,0,winter,590,,,,
London,hour,2023-01-02 07:00:00,2023-01-02,7,0,0,winter,1532,,,,
London,hour,2023-01-02 08:00:00,2023-01-02,8,0,0,winter,2766,,,,
London,hour,2023-01-02 09:00:00,2023-01-02,9,0,0,winter,1525,,,,
London,hour,2023-01-02 10:00:00,2023-01-02,10,0,0,winter,860,,,,
London,hour,2023-01-02 11:00:00,2023-01-02,11,0,0,winter,830,,,,
London,hour,2023-01-02 12:00:00,2023-01-02,12,0,0,winter,999,,,,
London,hour,2023-01-02 13:00:00,2023-01-02,13,0,0,winter,995,,,,
London,hour,2023-01-02 14:00:00,2023-01-02,14,0,0,winter,957,,,,
London,hour,2023-01-02 15:00:00,2023-01-02,15,0,0,winter,962,,,,
London,hour,2023-01-02 16:00:00,2023-01-02,16,0,0,winter,1264,,,,
London,hour,2023-01-02 17:00:00,2023-01-02,17,0,0,winter,2178,,,,
London,hour,2023-01-02 18:00:00,2023-01-02,18,0,0,winter,2414,,,,
London,hour,2023-01-02 19:00:00,2023-01-02,19,0,0,winter,1567,,,,
London,hour,2023-01-02 20:00:00,2023-01-02,20,0,0,winter,961,,,,
London,hour,2023-01-02 21:00:00,2023-01-02,21,0,0,winter,769,,,,
London,hour,2023-01-02 22:00:00,2023-01-02,22,0,0,winter,610,,,,
London,hour,2023-01-02 23:00:00,2023-01-02,23,0,0,winter,308,,,,
London,hour,2023-01-03 00:00:00,2023-01-03,0,1,0,winter,154,,,,
London,hour,2023-01-03 01:00:00,2023-01-03,1,1,0,winter,69,,,,
London,hour,2023-01-03 02:00:00,2023-01-03,2,1,0,winter,33,,,,
London,hour,2023-01-03 03:00:00,2023-01-03,3,1,0,winter,33,,,,
London,hour,2023-01-03 04:00:00,2023-01-03,4,1,0,winter,61,,,,
London,hour,2023-01-03 05:00:00,2023-01-03,5,1,0,winter,170,,,,
London,hour,2023-01-03 06:00:00,2023-01-03,6,1,0,winter,634,,,,
London,hour,2023-01-03 07:00:00,2023-01-03,7,1,0,winter,1897,,,,
London,hour,2023-01-03 08:00:00,2023-01-03,8,1,0,winter,3368,,,,
London,hour,2023-01-03 09:00:00,2023-01-03,9,1,0,winter,1731,,,,
London,hour,2023-01-03 10:00:00,2023-01-03,10,1,0,winter,957,,,,
London,hour,2023-01-03 11:00:00,2023-01-03,11,1,0,winter,828,,,,
London,hour,2023-01-03 12:00:00,2023-01-03,12,1,0,winter,954,,,,
London,hour,2023-01-03 13:00:00,2023-01-03,13,1,0,winter,930,,,,
London,hour,2023-01-03 14:00:00,2023-01-03,14,1,0,winter,864,,,,
London,hour,2023-01-03 15:00:00,2023-01-03,15,1,0,winter,992,,,,
London,hour,2023-01-03 16:00:00,2023-01-03,16,1,0,winter,1444,,,,
London,hour,2023-01-03 17:00:00,2023-01-03,17,1,0,winter,2599,,,,
London,hour,2023-01-03 18:00:00,2023-01-03,18,1,0,winter,2534,,,,
London,hour,2023-01-03 19:00:00,2023-01-03,19,1,0,winter,1555,,,,
London,hour,2023-01-03 20:00:00,2023-01-03,20,1,0,winter,1026,,,,
London,hour,2023-01-03 21:00:00,2023-01-03,21,1,0,winter,735,,,,
London,hour,2023-01-03 22:00:00,2023-01-03,22,1,0,winter,633,,,,
London,hour,2023-01-03 23:00:00,2023-01-03,23,1,0,winter,336,,,,
London,hour,2023-01-04 00:00:00,2023-01-04,0,2,0,winter,260,,,,
London,hour,2023-01-04 01:00:00,2023-01-04,1,2,0,winter,240,,,,
London,hour,2023-01-04 02:00:00,2023-01-04,2,2,0,winter,157,,,,
London,hour,2023-01-04 03:00:00,2023-01-04,3,2,0,winter,110,,,,
London,hour,2023-01-04 04:00:00,2023-01-04,4,2,0,winter,93,,,,
London,hour,2023-01-04 05:00:00,2023-01-04,5,2,0,winter,79,,,,
London,hour,2023-01-04 06:00:00,2023-01-04,6,2,0,winter,126,,,,
London,hour,2023-01-04 07:00:00,2023-01-04,7,2,0,winter,244,,,,
London,hour,2023-01-04 08:00:00,2023-01-04,8,2,0,winter,576,,,,
London,hour,2023-01-04 09:00:00,2023-01-04,9,2,0,winter,863,,,,
London,hour,2023-01-04 10:00:00,2023-01-04,10,2,0,winter,1114,,,,
London,hour,2023-01-04 11:00:00,2023-01-04,11,2,0,winter,1232,,,,
London,hour,2023-01-04 12:00:00,2023-01-04,12,2,0,winter,1500,,,,
London,hour,2023-01-04 13:00:00,2023-01-04,13,2,0,winter,1447,,,,
London,hour,2023-01-04 14:00:00,2023-01-04,14,2,0,winter,1441,,,,
London,hour,2023-01-04 15:00:00,2023-01-04,15,2,0,winter,1496,,,,
London,hour,2023-01-04 16:00:00,2023-01-04,16,2,0,winter,1404,,,,
London,hour,2023-01-04 17:00:00,2023-01-04,17,2,0,winter,1362,,,,
London,hour,2023-01-04 18:00:00,2023-01-04,18,2,0,winter,1212,,,,
London,hour,2023-01-04 19:00:00,2023-01-04,19,2,0,winter,1053,,,,
London,hour,2023-01-04 20:00:00,2023-01-04,20,2,0,winter,644,,,,
London,hour,2023-01-04 21:00:00,2023-01-04,21,2,0,winter,450,,,,
London,hour,2023-01-04 22:00:00,2023-01-04,22,2,0,winter,424,,,,
London,hour,2023-01-04 23:00:00,2023-01-04,23,2,0,winter,392,,,,
London,hour,2023-01-05 00:00:00,2023-01-05,0,3,0,winter,350,,,,
London,hour,2023-01-05 01:00:00,2023-01-05,1,3,0,winter,218,,,,
London,hour,2023-01-05 02:00:00,2023-01-05,2,3,0,winter,122,,,,
London,hour,2023-01-05 03:00:00,2023-01-05,3,3,0,winter,80,,,,
London,hour,2023-01-05 04:00:00,2023-01-05,4,3,0,winter,80,,,,
London,hour,2023-01-05 05:00:00,2023-01-05,5,3,0,winter,85,,,,
London,hour,2023-01-05 06:00:00,2023-01-05,6,3,0,winter,133,,,,
London,hour,2023-01-05 07:00:00,2023-01-05,7,3,0,winter,268,,,,
London,hour,2023-01-05 08:00:00,2023-01-05,8,3,0,winter,561,,,,
London,hour,2023-01-05 09:00:00,2023-01-05,9,3,0,winter,816,,,,
London,hour,2023-01-05 10:00:00,2023-01-05,10,3,0,winter,1173,,,,
London,hour,2023-01-05 11:00:00,2023-01-05,11,3,0,winter,1446,,,,
London,hour,2023-01-05 12:00:00,2023-01-05,12,3,0,winter,1680,,,,
London,hour,2023-01-05 13:00:00,2023-01-05,13,3,0,winter,1756,,,,
London,hour,2023-01-05 14:00:00,2023-01-05,14,3,0,winter,1832,,,,
London,hour,2023-01-05 15:00:00,2023-01-05,15,3,0,winter,1854,,,,
London,hour,2023-01-05 16:00:00,2023-01-05,16,3,0,winter,1777,,,,
London,hour,2023-01-05 17:00:00,2023-01-05,17,3,0,winter,1867,,,,
London,hour,2023-01-05 18:00:00,2023-01-05,18,3,0,winter,1863,,,,
London,hour,2023-01-05 19:00:00,2023-01-05,19,3,0,winter,1410,,,,
London,hour,2023-01-05 20:00:00,2023-01-05,20,3,0,winter,1034,,,,
London,hour,2023-01-05 21:00:00,2023-01-05,21,3,0,winter,617,,,,
London,hour,2023-01-05 22:00:00,2023-01-05,22,3,0,winter,538,,,,
London,hour,2023-01-05 23:00:00,2023-01-05,23,3,0,winter,296,,,,
London,hour,2023-01-06 00:00:00,2023-01-06,0,4,0,winter,155,,,,
London,hour,2023-01-06 01:00:00,2023-01-06,1,4,0,winter,98,,,,
London,hour,2023-01-06 02:00:00,2023-01-06,2,4,0,winter,70,,,,
London,hour,2023-01-06 03:00:00,2023-01-06,3,4,0,winter,45,,,,
London,hour,2023-01-06 04:00:00,2023-01-06,4,4,0,winter,45,,,,
London,hour,2023-01-06 05:00:00,2023-01-06,5,4,0,winter,152,,,,
London,hour,2023-01-06 06:00:00,2023-01-06,6,4,0,winter,672,,,,
London,hour,2023-01-06 07:00:00,2023-01-06,7,4,0,winter,1788,,,,
London,hour,2023-01-06 08:00:00,2023-01-06,8,4,0,winter,3264,,,,
London,hour,2023-01-06 09:00:00,2023-01-06,9,4,0,winter,1730,,,,
London,hour,2023-01-06 10:00:00,2023-01-06,10,4,0,winter,979,,,,
London,hour,2023-01-06 11:00:00,2023-01-06,11,4,0,winter,1000,,,,
London,hour,2023-01-06 12:00:00,2023-01-06,12,4,0,winter,1153,,,,
London,hour,2023-01-06 13:00:00,2023-01-06,13,4,0,winter,1189,,,,
London,hour,2023-01-06 14:00:00,2023-01-06,14,4,0,winter,1213,,,,
London,hour,2023-01-06 15:00:00,2023-01-06,15,4,0,winter,1342,,,,
London,hour,2023-01-06 16:00:00,2023-01-06,16,4,0,winter,1840,,,,
London,hour,2023-01-06 17:00:00,2023-01-06,17,4,0,winter,3372,,,,
London,hour,2023-01-06 18:00:00,2023-01-06,18,4,0,winter,3359,,,,
London,hour,2023-01-06 19:00:00,2023-01-06,19,4,0,winter,2307,,,,
London,hour,2023-01-06 20:00:00,2023-01-06,20,4,0,winter,1316,,,,
London,hour,2023-01-06 21:00:00,2023-01-06,21,4,0,winter,933,,,,
London,hour,2023-01-06 22:00:00,2023-01-06,22,4,0,winter,749,,,,
London,hour,2023-01-06 23:00:00,2023-01-06,23,4,0,winter,457,,,,
London,hour,2023-01-07 00:00:00,2023-01-07,0,5,1,winter,498,,,,
London,hour,2023-01-07 01:00:00,2023-01-07,1,5,1,winter,262,,,,
London,hour,2023-01-07 02:00:00,2023-01-07,2,5,1,winter,212,,,,
London,hour,2023-01-07 03:00:00,2023-01-07,3,5,1,winter,138,,,,
London,hour,2023-01-07 04:00:00,2023-01-07,4,5,1,winter,120,,,,
London,hour,2023-01-07 05:00:00,2023-01-07,5,5,1,winter,87,,,,
London,hour,2023-01-07 06:00:00,2023-01-07,6,5,1,winter,140,,,,
London,hour,2023-01-07 07:00:00,2023-01-07,7,5,1,winter,342,,,,
London,hour,2023-01-07 08:00:00,2023-01-07,8,5,1,winter,779,,,,
London,hour,2023-01-07 09:00:00,2023-01-07,9,5,1,winter,1163,,,,
London,hour,2023-01-07 10:00:00,2023-01-07,10,5,1,winter,1448,,,,
London,hour,2023-01-07 11:00:00,2023-01-07,11,5,1,winter,1717,,,,
London,hour,2023-01-07 12:00:00,2023-01-07,12,5,1,winter,1962,,,,
London,hour,2023-01-07 13:00:00,2023-01-07,13,5,1,winter,1957,,,,
London,hour,2023-01-07 14:00:00,2023-01-07,14,5,1,winter,1951,,,,
London,hour,2023-01-07 15:00:00,2023-01-07,15,5,1,winter,1997,,,,
London,hour,2023-01-07 16:00:00,2023-01-07,16,5,1,winter,1955,,,,
London,hour,2023-01-07 17:00:00,2023-01-07,17,5,1,winter,1974,,,,
London,hour,2023-01-07 18:00:00,2023-01-07,18,5,1,winter,1888,,,,
London,hour,2023-01-07 19:00:00,2023-01-07,19,5,1,winter,1576,,,,
London,hour,2023-01-07 20:00:00,2023-01-07,20,5,1,winter,1253,,,,
London,hour,2023-01-07 21:00:00,2023-01-07,21,5,1,winter,982,,,,
London,hour,2023-01-07 22:00:00,2023-01-07,22,5,1,winter,830,,,,
London,hour,2023-01-07 23:00:00,2023-01-07,23,5,1,winter,740,,,,
London,hour,2023-01-08 00:00:00,2023-01-08,0,6,1,winter,171,,,,
London,hour,2023-01-08 01:00:00,2023-01-08,1,6,1,winter,108,,,,
London,hour,2023-01-08 02:00:00,2023-01-08,2,6,1,winter,83,,,,
London,hour,2023-01-08 03:00:00,2023-01-08,3,6,1,winter,37,,,,
London,hour,2023-01-08 04:00:00,2023-01-08,4,6,1,winter,47,,,,
London,hour,2023-01-08 05:00:00,2023-01-08,5,6,1,winter,186,,,,
London,hour,2023-01-08 06:00:00,2023-01-08,6,6,1,winter,774,,,,
London,hour,2023-01-08 07:00:00,2023-01-08,7,6,1,winter,1986,,,,
London,hour,2023-01-08 08:00:00,2023-01-08,8,6,1,winter,3410,,,,
London,hour,2023-01-08 09:00:00,2023-01-08,9,6,1,winter,1825,,,,
London,hour,2023-01-08 10:00:00,2023-01-08,10,6,1,winter,1076,,,,
London,hour,2023-01-08 11:00:00,2023-01-08,11,6,1,winter,1023,,,,
London,hour,2023-01-08 12:00:00,2023-01-08,12,6,1,winter,1223,,,,
London,hour,2023-01-08 13:00:00,2023-01-08,13,6,1,winter,1148,,,,
London,hour,2023-01-08 14:00:00,2023-01-08,14,6,1,winter,1227,,,,
London,hour,2023-01-08 15:00:00,2023-01-08,15,6,1,winter,1324,,,,
London,hour,2023-01-08 16:00:00,2023-01-08,16,6,1,winter,1849,,,,
London,hour,2023-01-08 17:00:00,2023-01-08,17,6,1,winter,3580,,,,
London,hour,2023-01-08 18:00:00,2023-01-08,18,6,1,winter,3412,,,,
London,hour,2023-01-08 19:00:00,2023-01-08,19,6,1,winter,2115,,,,
London,hour,2023-01-08 20:00:00,2023-01-08,20,6,1,winter,1488,,,,
London,hour,2023-01-08 21:00:00,2023-01-08,21,6,1,winter,936,,,,
London,hour,2023-01-08 22:00:00,2023-01-08,22,6,1,winter,621,,,,
London,hour,2023-01-08 23:00:00,2023-01-08,23,6,1,winter,406,,,,
London,hour,2023-01-09 00:00:00,2023-01-09,0,0,0,winter,336,,,,
London,hour,2023-01-09 01:00:00,2023-01-09,1,0,0,winter,184,,,,
London,hour,2023-01-09 02:00:00,2023-01-09,2,0,0,winter,123,,,,
London,hour,2023-01-09 03:00:00,2023-01-09,3,0,0,winter,90,,,,
London,hour,2023-01-09 04:00:00,2023-01-09,4,0,0,winter,80,,,,
London,hour,2023-01-09 05:00:00,2023-01-09,5,0,0,winter,272,,,,
London,hour,2023-01-09 06:00:00,2023-01-09,6,0,0,winter,1036,,,,
London,hour,2023-01-09 07:00:00,2023-01-09,7,0,0,winter,2733,,,,
London,hour,2023-01-09 08:00:00,2023-01-09,8,0,0,winter,4622,,,,
London,hour,2023-01-09 09:00:00,2023-01-09,9,0,0,winter,2604,,,,
London,hour,2023-01-09 10:00:00,2023-01-09,10,0,0,winter,1445,,,,
London,hour,2023-01-09 11:00:00,2023-01-09,11,0,0,winter,1439,,,,
London,hour,2023-01-09 12:00:00,2023-01-09,12,0,0,winter,1923,,,,
London,hour,2023-01-09 13:00:00,2023-01-09,13,0,0,winter,2082,,,,
London,hour,2023-01-09 14:00:00,2023-01-09,14,0,0,winter,1927,,,,
London,hour,2023-01-09 15:00:00,2023-01-09,15,0,0,winter,2360,,,,
London,hour,2023-01-09 16:00:00,2023-01-09,16,0,0,winter,3003,,,,
London,hour,2023-01-09 17:00:00,2023-01-09,17,0,0,winter,4892,,,,
London,hour,2023-01-09 18:00:00,2023-01-09,18,0,0,winter,4927,,,,
London,hour,2023-01-09 19:00:00,2023-01-09,19,0,0,winter,3196,,,,
London,hour,2023-01-09 20:00:00,2023-01-09,20,0,0,winter,1891,,,,
London,hour,2023-01-09 21:00:00,2023-01-09,21,0,0,winter,1324,,,,
London,hour,2023-01-09 22:00:00,2023-01-09,22,0,0,winter,1109,,,,
London,hour,2023-01-09 23:00:00,2023-01-09,23,0,0,winter,779,,,,
London,hour,2023-01-10 00:00:00,2023-01-10,0,1,0,winter,665,,,,
London,hour,2023-01-10 01:00:00,2023-01-10,1,1,0,winter,487,,,,
London,hour,2023-01-10 02:00:00,2023-01-10,2,1,0,winter,272,,,,
London,hour,2023-01-10 03:00:00,2023-01-10,3,1,0,winter,216,,,,
London,hour,2023-01-10 04:00:00,2023-01-10,4,1,0,winter,123,,,,
London,hour,2023-01-10 05:00:00,2023-01-10,5,1,0,winter,225,,,,
London,hour,2023-01-10 06:00:00,2023-01-10,6,1,0,winter,783,,,,
London,hour,2023-01-10 07:00:00,2023-01-10,7,1,0,winter,1434,,,,
London,hour,2023-01-10 08:00:00,2023-01-10,8,1,0,winter,2193,,,,
London,hour,2023-01-10 09:00:00,2023-01-10,9,1,0,winter,1786,,,,
London,hour,2023-01-10 10:00:00,2023-01-10,10,1,0,winter,1796,,,,
London,hour,2023-01-10 11:00:00,2023-01-10,11,1,0,winter,2146,,,,
London,hour,2023-01-10 12:00:00,2023-01-10,12,1,0,winter,2640,,,,
London,hour,2023-01-10 13:00:00,2023-01-10,13,1,0,winter,2806,,,,
London,hour,2023-01-10 14:00:00,2023-01-10,14,1,0,winter,2560,,,,
London,hour,2023-01-10 15:00:00,2023-01-10,15,1,0,winter,2829,,,,
London,hour,2023-01-10 16:00:00,2023-01-10,16,1,0,winter,3240,,,,
London,hour,2023-01-10 17:00:00,2023-01-10,17,1,0,winter,4300,,,,
London,hour,2023-01-10 18:00:00,2023-01-10,18,1,0,winter,4095,,,,
London,hour,2023-01-10 19:00:00,2023-01-10,19,1,0,winter,2338,,,,
London,hour,2023-01-10 20:00:00,2023-01-10,20,1,0,winter,1457,,,,
London,hour,2023-01-10 21:00:00,2023-01-10,21,1,0,winter,1031,,,,
London,hour,2023-01-10 22:00:00,2023-01-10,22,1,0,winter,783,,,,
London,hour,2023-01-10 23:00:00,2023-01-10,23,1,0,winter,513,,,,
London,hour,2023-01-11 00:00:00,2023-01-11,0,2,0,winter,236,,,,
London,hour,2023-01-11 01:00:00,2023-01-11,1,2,0,winter,136,,,,
London,hour,2023-01-11 02:00:00,2023-01-11,2,2,0,winter,83,,,,
London,hour,2023-01-11 03:00:00,2023-01-11,3,2,0,winter,56,,,,
London,hour,2023-01-11 04:00:00,2023-01-11,4,2,0,winter,112,,,,
London,hour,2023-01-11 05:00:00,2023-01-11,5,2,0,winter,282,,,,
London,hour,2023-01-11 06:00:00,2023-01-11,6,2,0,winter,1218,,,,
London,hour,2023-01-11 07:00:00,2023-01-11,7,2,0,winter,3013,,,,
London,hour,2023-01-11 08:00:00,2023-01-11,8,2,0,winter,6499,,,,
London,hour,2023-01-11 09:00:00,2023-01-11,9,2,0,winter,3554,,,,
London,hour,2023-01-11 10:00:00,2023-01-11,10,2,0,winter,1987,,,,
London,hour,2023-01-11 11:00:00,2023-01-11,11,2,0,winter,1651,,,,
London,hour,2023-01-11 12:00:00,2023-01-11,12,2,0,winter,1864,,,,
London,hour,2023-01-11 13:00:00,2023-01-11,13,2,0,winter,1956,,,,
London,hour,2023-01-11 14:00:00,2023-01-11,14,2,0,winter,1800,,,,
London,hour,2023-01-11 15:00:00,2023-01-11,15,2,0,winter,1900,,,,
London,hour,2023-01-11 16:00:00,2023-01-11,16,2,0,winter,2538,,,,
London,hour,2023-01-11 17:00:00,2023-01-11,17,2,0,winter,5217,,,,
London,hour,2023-01-11 18:00:00,2023-01-11,18,2,0,winter,5153,,,,
London,hour,2023-01-11 19:00:00,2023-01-11,19,2,0,winter,3038,,,,
London,hour,2023-01-11 20:00:00,2023-01-11,20,2,0,winter,1858,,,,
London,hour,2023-01-11 21:00:00,2023-01-11,21,2,0,winter,1194,,,,
London,hour,2023-01-11 22:00:00,2023-01-11,22,2,0,winter,797,,,,
London,hour,2023-01-11 23:00:00,2023-01-11,23,2,0,winter,439,,,,
London,hour,2023-01-12 00:00:00,2023-01-12,0,3,0,winter,329,,,,
London,hour,2023-01-12 01:00:00,2023-01-12,1,3,0,winter,180,,,,
London,hour,2023-01-12 02:00:00,2023-01-12,2,3,0,winter,100,,,,
London,hour,2023-01-12 03:00:00,2023-01-12,3,3,0,winter,73,,,,
London,hour,2023-01-12 04:00:00,2023-01-12,4,3,0,winter,89,,,,
London,hour,2023-01-12 05:00:00,2023-01-12,5,3,0,winter,217,,,,
London,hour,2023-01-12 06:00:00,2023-01-12,6,3,0,winter,1039,,,,
London,hour,2023-01-12 07:00:00,2023-01-12,7,3,0,winter,2841,,,,
London,hour,2023-01-12 08:00:00,2023-01-12,8,3,0,winter,5170,,,,
London,hour,2023-01-12 09:00:00,2023-01-12,9,3,0,winter,2969,,,,
London,hour,2023-01-12 10:00:00,2023-01-12,10,3,0,winter,1786,,,,
London,hour,2023-01-12 11:00:00,2023-01-12,11,3,0,winter,1344,,,,
London,hour,2023-01-12 12:00:00,2023-01-12,12,3,0,winter,1870,,,,
London,hour,2023-01-12 13:00:00,2023-01-12,13,3,0,winter,1761,,,,
London,hour,2023-01-12 14:00:00,2023-01-12,14,3,0,winter,1512,,,,
London,hour,2023-01-12 15:00:00,2023-01-12,15,3,0,winter,1863,,,,
London,hour,2023-01-12 16:00:00,2023-01-12,16,3,0,winter,2551,,,,
London,hour,2023-01-12 17:00:00,2023-01-12,17,3,0,winter,4283,,,,
London,hour,2023-01-12 18:00:00,2023-01-12,18,3,0,winter,4182,,,,
London,hour,2023-01-12 19:00:00,2023-01-12,19,3,0,winter,2652,,,,
London,hour,2023-01-12 20:00:00,2023-01-12,20,3,0,winter,1635,,,,
London,hour,2023-01-12 21:00:00,2023-01-12,21,3,0,winter,1136,,,,
London,hour,2023-01-12 22:00:00,2023-01-12,22,3,0,winter,1050,,,,
London,hour,2023-01-12 23:00:00,2023-01-12,23,3,0,winter,744,,,,
London,hour,2023-01-13 00:00:00,2023-01-13,0,4,0,winter,83,,,,
London,hour,2023-01-13 04:00:00,2023-01-13,4,4,0,winter,14,,,,
London,hour,2023-01-13 05:00:00,2023-01-13,5,4,0,winter,125,,,,
London,hour,2023-01-13 06:00:00,2023-01-13,6,4,0,winter,510,,,,
London,hour,2023-01-13 07:00:00,2023-01-13,7,4,0,winter,1348,,,,
London,hour,2023-01-13 08:00:00,2023-01-13,8,4,0,winter,2361,,,,
London,hour,2023-01-13 09:00:00,2023-01-13,9,4,0,winter,1471,,,,
London,hour,2023-01-13 10:00:00,2023-01-13,10,4,0,winter,911,,,,
London,hour,2023-01-13 11:00:00,2023-01-13,11,4,0,winter,942,,,,
London,hour,2023-01-13 12:00:00,2023-01-13,12,4,0,winter,1138,,,,
London,hour,2023-01-13 13:00:00,2023-01-13,13,4,0,winter,1170,,,,
London,hour,2023-01-13 14:00:00,2023-01-13,14,4,0,winter,1035,,,,
London,hour,2023-01-13 15:00:00,2023-01-13,15,4,0,winter,1235,,,,
London,hour,2023-01-13 16:00:00,2023-01-13,16,4,0,winter,1518,,,,
London,hour,2023-01-13 17:00:00,2023-01-13,17,4,0,winter,2042,,,,
London,hour,2023-01-13 18:00:00,2023-01-13,18,4,0,winter,1923,,,,
London,hour,2023-01-13 19:00:00,2023-01-13,19,4,0,winter,1300,,,,
London,hour,2023-01-13 20:00:00,2023-01-13,20,4,0,winter,755,,,,
London,hour,2023-01-13 21:00:00,2023-01-13,21,4,0,winter,626,,,,
London,hour,2023-01-13 22:00:00,2023-01-13,22,4,0,winter,582,,,,
London,hour,2023-01-13 23:00:00,2023-01-13,23,4,0,winter,470,,,,
London,hour,2023-01-14 00:00:00,2023-01-14,0,5,1,winter,314,,,,
London,hour,2023-01-14 01:00:00,2023-01-14,1,5,1,winter,193,,,,
London,hour,2023-01-14 02:00:00,2023-01-14,2,5,1,winter,79,,,,
London,hour,2023-01-14 03:00:00,2023-01-14,3,5,1,winter,62,,,,
London,hour,2023-01-14 04:00:00,2023-01-14,4,5,1,winter,34,,,,
London,hour,2023-01-14 05:00:00,2023-01-14,5,5,1,winter,30,,,,
London,hour,2023-01-14 06:00:00,2023-01-14,6,5,1,winter,67,,,,
London,hour,2023-01-14 07:00:00,2023-01-14,7,5,1,winter,202,,,,
London,hour,2023-01-14 08:00:00,2023-01-14,8,5,1,winter,420,,,,
London,hour,2023-01-14 09:00:00,2023-01-14,9,5,1,winter,716,,,,
London,hour,2023-01-14 10:00:00,2023-01-14,10,5,1,winter,868,,,,
London,hour,2023-01-14 11:00:00,2023-01-14,11,5,1,winter,967,,,,
London,hour,2023-01-14 12:00:00,2023-01-14,12,5,1,winter,925,,,,
London,hour,2023-01-14 13:00:00,2023-01-14,13,5,1,winter,1193,,,,
London,hour,2023-01-14 14:00:00,2023-01-14,14,5,1,winter,1257,,,,
London,hour,2023-01-14 15:00:00,2023-01-14,15,5,1,winter,1116,,,,
London,hour,2023-01-14 16:00:00,2023-01-14,16,5,1,winter,1091,,,,
London,hour,2023-01-14 17:00:00,2023-01-14,17,5,1,winter,1034,,,,
London,hour,2023-01-14 18:00:00,2023-01-14,18,5,1,winter,931,,,,
London,hour,2023-01-14 19:00:00,2023-01-14,19,5,1,winter,804,,,,
London,hour,2023-01-14 20:00:00,2023-01-14,20,5,1,winter,664,,,,
London,hour,2023-01-14 21:00:00,2023-01-14,21,5,1,winter,422,,,,
London,hour,2023-01-14 22:00:00,2023-01-14,22,5,1,winter,401,,,,
London,hour,2023-01-14 23:00:00,2023-01-14,23,5,1,winter,389,,,,
London,hour,2023-01-15 00:00:00,2023-01-15,0,6,1,winter,327,,,,
London,hour,2023-01-15 01:00:00,2023-01-15,1,6,1,winter,225,,,,
London,hour,2023-01-15 02:00:00,2023-01-15,2,6,1,winter,157,,,,
London,hour,2023-01-15 03:00:00,2023-01-15,3,6,1,winter,120,,,,
London,hour,2023-01-15 04:00:00,2023-01-15,4,6,1,winter,60,,,,
London,hour,2023-01-15 05:00:00,2023-01-15,5,6,1,winter,51,,,,
London,hour,2023-01-15 06:00:00,2023-01-15,6,6,1,winter,89,,,,
London,hour,2023-01-15 07:00:00,2023-01-15,7,6,1,winter,166,,,,
London,hour,2023-01-15 08:00:00,2023-01-15,8,6,1,winter,366,,,,
London,hour,2023-01-15 09:00:00,2023-01-15,9,6,1,winter,706,,,,
London,hour,2023-01-15 10:00:00,2023-01-15,10,6,1,winter,1104,,,,
London,hour,2023-01-15 11:00:00,2023-01-15,11,6,1,winter,1303,,,,
London,hour,2023-01-15 12:00:00,2023-01-15,12,6,1,winter,1526,,,,
London,hour,2023-01-15 13:00:00,2023-01-15,13,6,1,winter,1338,,,,
London,hour,2023-01-15 14:00:00,2023-01-15,14,6,1,winter,1416,,,,
London,hour,2023-01-15 15:00:00,2023-01-15,15,6,1,winter,1381,,,,
London,hour,2023-01-15 16:00:00,2023-01-15,16,6,1,winter,1286,,,,
London,hour,2023-01-15 17:00:00,2023-01-15,17,6,1,winter,924,,,,
London,hour,2023-01-15 18:00:00,2023-01-15,18,6,1,winter,859,,,,
London,hour,2023-01-15 19:00:00,2023-01-15,19,6,1,winter,623,,,,
London,hour,2023-01-15 20:00:00,2023-01-15,20,6,1,winter,410,,,,
London,hour,2023-01-15 21:00:00,2023-01-15,21,6,1,winter,321,,,,
London,hour,2023-01-15 22:00:00,2023-01-15,22,6,1,winter,299,,,,
London,hour,2023-01-15 23:00:00,2023-01-15,23,6,1,winter,203,,,,
London,hour,2023-01-16 00:00:00,2023-01-16,0,0,0,winter,107,,,,
London,hour,2023-01-16 01:00:00,2023-01-16,1,0,0,winter,26,,,,
London,hour,2023-01-16 02:00:00,2023-01-16,2,0,0,winter,8,,,,
London,hour,2023-01-16 03:00:00,2023-01-16,3,0,0,winter,13,,,,
London,hour,2023-01-16 04:00:00,2023-01-16,4,0,0,winter,18,,,,
London,hour,2023-01-16 05:00:00,2023-01-16,5,0,0,winter,84,,,,
London,hour,2023-01-16 06:00:00,2023-01-16,6,0,0,winter,372,,,,
London,hour,2023-01-16 07:00:00,2023-01-16,7,0,0,winter,1329,,,,
London,hour,2023-01-16 08:00:00,2023-01-16,8,0,0,winter,2712,,,,
London,hour,2023-01-16 09:00:00,2023-01-16,9,0,0,winter,1368,,,,
London,hour,2023-01-16 10:00:00,2023-01-16,10,0,0,winter,747,,,,
London,hour,2023-01-16 11:00:00,2023-01-16,11,0,0,winter,666,,,,
London,hour,2023-01-16 12:00:00,2023-01-16,12,0,0,winter,798,,,,
London,hour,2023-01-16 13:00:00,2023-01-16,13,0,0,winter,774,,,,
London,hour,2023-01-16 14:00:00,2023-01-16,14,0,0,winter,691,,,,
London,hour,2023-01-16 15:00:00,2023-01-16,15,0,0,winter,837,,,,
London,hour,2023-01-16 16:00:00,2023-01-16,16,0,0,winter,1200,,,,
London,hour,2023-01-16 17:00:00,2023-01-16,17,0,0,winter,2257,,,,
London,hour,2023-01-16 18:00:00,2023-01-16,18,0,0,winter,2312,,,,
London,hour,2023-01-16 19:00:00,2023-01-16,19,0,0,winter,1437,,,,
London,hour,2023-01-16 20:00:00,2023-01-16,20,0,0,winter,849,,,,
London,hour,2023-01-16 21:00:00,2023-01-16,21,0,0,winter,579,,,,
London,hour,2023-01-16 22:00:00,2023-01-16,22,0,0,winter,366,,,,
London,hour,2023-01-16 23:00:00,2023-01-16,23,0,0,winter,175,,,,
London,hour,2023-01-17 00:00:00,2023-01-17,0,1,0,winter,61,,,,
London,hour,2023-01-17 01:00:00,2023-01-17,1,1,0,winter,29,,,,
London,hour,2023-01-17 02:00:00,2023-01-17,2,1,0,winter,25,,,,
London,hour,2023-01-17 03:00:00,2023-01-17,3,1,0,winter,14,,,,
London,hour,2023-01-17 04:00:00,2023-01-17,4,1,0,winter,33,,,,
London,hour,2023-01-17 05:00:00,2023-01-17,5,1,0,winter,138,,,,
London,hour,2023-01-17 06:00:00,2023-01-17,6,1,0,winter,588,,,,
London,hour,2023-01-17 07:00:00,2023-01-17,7,1,0,winter,1679,,,,
London,hour,2023-01-17 08:00:00,2023-01-17,8,1,0,winter,3242,,,,
London,hour,2023-01-17 09:00:00,2023-01-17,9,1,0,winter,1693,,,,
London,hour,2023-01-17 10:00:00,2023-01-17,10,1,0,winter,777,,,,
London,hour,2023-01-17 11:00:00,2023-01-17,11,1,0,winter,708,,,,
London,hour,2023-01-17 12:00:00,2023-01-17,12,1,0,winter,866,,,,
London,hour,2023-01-17 13:00:00,2023-01-17,13,1,0,winter,869,,,,
London,hour,2023-01-17 14:00:00,2023-01-17,14,1,0,winter,805,,,,
London,hour,2023-01-17 15:00:00,2023-01-17,15,1,0,winter,863,,,,
London,hour,2023-01-17 16:00:00,2023-01-17,16,1,0,winter,1249,,,,
London,hour,2023-01-17 17:00:00,2023-01-17,17,1,0,winter,2460,,,,
London,hour,2023-01-17 18:00:00,2023-01-17,18,1,0,winter,2450,,,,
London,hour,2023-01-17 19:00:00,2023-01-17,19,1,0,winter,1478,,,,
London,hour,2023-01-17 20:00:00,2023-01-17,20,1,0,winter,910,,,,
London,hour,2023-01-17 21:00:00,2023-01-17,21,1,0,winter,573,,,,
London,hour,2023-01-17 22:00:00,2023-01-17,22,1,0,winter,479,,,,
London,hour,2023-01-17 23:00:00,2023-01-17,23,1,0,winter,202,,,,
London,hour,2023-01-18 00:00:00,2023-01-18,0,2,0,winter,73,,,,
London,hour,2023-01-18 01:00:00,2023-01-18,1,2,0,winter,40,,,,
London,hour,2023-01-18 02:00:00,2023-01-18,2,2,0,winter,23,,,,
London,hour,2023-01-18 03:00:00,2023-01-18,3,2,0,winter,11,,,,
London,hour,2023-01-18 04:00:00,2023-01-18,4,2,0,winter,32,,,,
London,hour,2023-01-18 05:00:00,2023-01-18,5,2,0,winter,128,,,,
London,hour,2023-01-18 06:00:00,2023-01-18,6,2,0,winter,592,,,,
London,hour,2023-01-18 07:00:00,2023-01-18,7,2,0,winter,1689,,,,
London,hour,2023-01-18 08:00:00,2023-01-18,8,2,0,winter,3184,,,,
London,hour,2023-01-18 09:00:00,2023-01-18,9,2,0,winter,1676,,,,
London,hour,2023-01-18 10:00:00,2023-01-18,10,2,0,winter,826,,,,
London,hour,2023-01-18 11:00:00,2023-01-18,11,2,0,winter,777,,,,
London,hour,2023-01-18 12:00:00,2023-01-18,12,2,0,winter,958,,,,
London,hour,2023-01-18 13:00:00,2023-01-18,13,2,0,winter,973,,,,
London,hour,2023-01-18 14:00:00,2023-01-18,14,2,0,winter,865,,,,
London,hour,2023-01-18 15:00:00,2023-01-18,15,2,0,winter,928,,,,
London,hour,2023-01-18 16:00:00,2023-01-18,16,2,0,winter,1373,,,,
London,hour,2023-01-18 17:00:00,2023-01-18,17,2,0,winter,2399,,,,
London,hour,2023-01-18 18:00:00,2023-01-18,18,2,0,winter,2393,,,,
London,hour,2023-01-18 19:00:00,2023-01-18,19,2,0,winter,1482,,,,
London,hour,2023-01-18 20:00:00,2023-01-18,20,2,0,winter,891,,,,
London,hour,2023-01-18 21:00:00,2023-01-18,21,2,0,winter,631,,,,
London,hour,2023-01-18 22:00:00,2023-01-18,22,2,0,winter,470,,,,
London,hour,2023-01-18 23:00:00,2023-01-18,23,2,0,winter,262,,,,
London,hour,2023-01-19 00:00:00,2023-01-19,0,3,0,winter,106,,,,
London,hour,2023-01-19 01:00:00,2023-01-19,1,3,0,winter,35,,,,
London,hour,2023-01-19 02:00:00,2023-01-19,2,3,0,winter,32,,,,
London,hour,2023-01-19 03:00:00,2023-01-19,3,3,0,winter,28,,,,
London,hour,2023-01-19 04:00:00,2023-01-19,4,3,0,winter,49,,,,
London,hour,2023-01-19 05:00:00,2023-01-19,5,3,0,winter,126,,,,
London,hour,2023-01-19 06:00:00,2023-01-19,6,3,0,winter,560,,,,
London,hour,2023-01-19 07:00:00,2023-01-19,7,3,0,winter,1634,,,,
London,hour,2023-01-19 08:00:00,2023-01-19,8,3,0,winter,3173,,,,
London,hour,2023-01-19 09:00:00,2023-01-19,9,3,0,winter,1654,,,,
London,hour,2023-01-19 10:00:00,2023-01-19,10,3,0,winter,915,,,,
London,hour,2023-01-19 11:00:00,2023-01-19,11,3,0,winter,818,,,,
London,hour,2023-01-19 12:00:00,2023-01-19,12,3,0,winter,906,,,,
London,hour,2023-01-19 13:00:00,2023-01-19,13,3,0,winter,942,,,,
London,hour,2023-01-19 14:00:00,2023-01-19,14,3,0,winter,870,,,,
London,hour,2023-01-19 15:00:00,2023-01-19,15,3,0,winter,1041,,,,
London,hour,2023-01-19 16:00:00,2023-01-19,16,3,0,winter,1341,,,,
London,hour,2023-01-19 17:00:00,2023-01-19,17,3,0,winter,2351,,,,
London,hour,2023-01-19 18:00:00,2023-01-19,18,3,0,winter,2370,,,,
London,hour,2023-01-19 19:00:00,2023-01-19,19,3,0,winter,1517,,,,
London,hour,2023-01-19 20:00:00,2023-01-19,20,3,0,winter,898,,,,
London,hour,2023-01-19 21:00:00,2023-01-19,21,3,0,winter,633,,,,
London,hour,2023-01-19 22:00:00,2023-01-19,22,3,0,winter,533,,,,
London,hour,2023-01-19 23:00:00,2023-01-19,23,3,0,winter,308,,,,
London,hour,2023-01-20 00:00:00,2023-01-20,0,4,0,winter,163,,,,
London,hour,2023-01-20 01:00:00,2023-01-20,1,4,0,winter,71,,,,
London,hour,2023-01-20 02:00:00,2023-01-20,2,4,0,winter,39,,,,
London,hour,2023-01-20 03:00:00,2023-01-20,3,4,0,winter,22,,,,
London,hour,2023-01-20 04:00:00,2023-01-20,4,4,0,winter,39,,,,
London,hour,2023-01-20 05:00:00,2023-01-20,5,4,0,winter,116,,,,
London,hour,2023-01-20 06:00:00,2023-01-20,6,4,0,winter,471,,,,
London,hour,2023-01-20 07:00:00,2023-01-20,7,4,0,winter,1133,,,,
London,hour,2023-01-20 08:00:00,2023-01-20,8,4,0,winter,2168,,,,
London,hour,2023-01-20 09:00:00,2023-01-20,9,4,0,winter,1395,,,,
London,hour,2023-01-20 10:00:00,2023-01-20,10,4,0,winter,858,,,,
London,hour,2023-01-20 11:00:00,2023-01-20,11,4,0,winter,875,,,,
London,hour,2023-01-20 12:00:00,2023-01-20,12,4,0,winter,1119,,,,
London,hour,2023-01-20 13:00:00,2023-01-20,13,4,0,winter,1093,,,,
London,hour,2023-01-20 14:00:00,2023-01-20,14,4,0,winter,981,,,,
London,hour,2023-01-20 15:00:00,2023-01-20,15,4,0,winter,1113,,,,
London,hour,2023-01-20 16:00:00,2023-01-20,16,4,0,winter,1405,,,,
London,hour,2023-01-20 17:00:00,2023-01-20,17,4,0,winter,1909,,,,
London,hour,2023-01-20 18:00:00,2023-01-20,18,4,0,winter,1803,,,,
London,hour,2023-01-20 19:00:00,2023-01-20,19,4,0,winter,1236,,,,
London,hour,2023-01-20 20:00:00,2023-01-20,20,4,0,winter,789,,,,
London,hour,2023-01-20 21:00:00,2023-01-20,21,4,0,winter,541,,,,
London,hour,2023-01-20 22:00:00,2023-01-20,22,4,0,winter,457,,,,
London,hour,2023-01-20 23:00:00,2023-01-20,23,4,0,winter,401,,,,
London,hour,2023-01-21 00:00:00,2023-01-21,0,5,1,winter,328,,,,
London,hour,2023-01-21 01:00:00,2023-01-21,1,5,1,winter,189,,,,
London,hour,2023-01-21 02:00:00,2023-01-21,2,5,1,winter,126,,,,
London,hour,2023-01-21 03:00:00,2023-01-21,3,5,1,winter,108,,,,
London,hour,2023-01-21 04:00:00,2023-01-21,4,5,1,winter,46,,,,
London,hour,2023-01-21 05:00:00,2023-01-21,5,5,1,winter,53,,,,
London,hour,2023-01-21 06:00:00,2023-01-21,6,5,1,winter,97,,,,
London,hour,2023-01-21 07:00:00,2023-01-21,7,5,1,winter,235,,,,
London,hour,2023-01-21 08:00:00,2023-01-21,8,5,1,winter,495,,,,
London,hour,2023-01-21 09:00:00,2023-01-21,9,5,1,winter,856,,,,
London,hour,2023-01-21 10:00:00,2023-01-21,10,5,1,winter,1148,,,,
London,hour,2023-01-21 11:00:00,2023-01-21,11,5,1,winter,1407,,,,
London,hour,2023-01-21 12:00:00,2023-01-21,12,5,1,winter,1655,,,,
London,hour,2023-01-21 13:00:00,2023-01-21,13,5,1,winter,1522,,,,
London,hour,2023-01-21 14:00:00,2023-01-21,14,5,1,winter,1580,,,,
London,hour,2023-01-21 15:00:00,2023-01-21,15,5,1,winter,1498,,,,
London,hour,2023-01-21 16:00:00,2023-01-21,16,5,1,winter,1313,,,,
London,hour,2023-01-21 17:00:00,2023-01-21,17,5,1,winter,1142,,,,
London,hour,2023-01-21 18:00:00,2023-01-21,18,5,1,winter,932,,,,
London,hour,2023-01-21 19:00:00,2023-01-21,19,5,1,winter,752,,,,
London,hour,2023-01-21 20:00:00,2023-01-21,20,5,1,winter,542,,,,
London,hour,2023-01-21 21:00:00,2023-01-21,21,5,1,winter,428,,,,
London,hour,2023-01-21 22:00:00,2023-01-21,22,5,1,winter,385,,,,
London,hour,2023-01-21 23:00:00,2023-01-21,23,5,1,winter,345,,,,
London,hour,2023-01-22 00:00:00,2023-01-22,0,6,1,winter,286,,,,
London,hour,2023-01-22 01:00:00,2023-01-22,1,6,1,winter,223,,,,
London,hour,2023-01-22 02:00:00,2023-01-22,2,6,1,winter,149,,,,
London,hour,2023-01-22 03:00:00,2023-01-22,3,6,1,winter,96,,,,
London,hour,2023-01-22 04:00:00,2023-01-22,4,6,1,winter,64,,,,
London,hour,2023-01-22 05:00:00,2023-01-22,5,6,1,winter,43,,,,
London,hour,2023-01-22 06:00:00,2023-01-22,6,6,1,winter,75,,,,
London,hour,2023-01-22 07:00:00,2023-01-22,7,6,1,winter,155,,,,
London,hour,2023-01-22 08:00:00,2023-01-22,8,6,1,winter,322,,,,
London,hour,2023-01-22 09:00:00,2023-01-22,9,6,1,winter,586,,,,
London,hour,2023-01-22 10:00:00,2023-01-22,10,6,1,winter,962,,,,
London,hour,2023-01-22 11:00:00,2023-01-22,11,6,1,winter,1122,,,,
London,hour,2023-01-22 12:00:00,2023-01-22,12,6,1,winter,1331,,,,
London,hour,2023-01-22 13:00:00,2023-01-22,13,6,1,winter,1419,,,,
London,hour,2023-01-22 14:00:00,2023-01-22,14,6,1,winter,1423,,,,
London,hour,2023-01-22 15:00:00,2023-01-22,15,6,1,winter,1339,,,,
London,hour,2023-01-22 16:00:00,2023-01-22,16,6,1,winter,1176,,,,
London,hour,2023-01-22 17:00:00,2023-01-22,17,6,1,winter,855,,,,
London,hour,2023-01-22 18:00:00,2023-01-22,18,6,1,winter,764,,,,
London,hour,2023-01-22 19:00:00,2023-01-22,19,6,1,winter,551,,,,
London,hour,2023-01-22 20:00:00,2023-01-22,20,6,1,winter,401,,,,
London,hour,2023-01-22 21:00:00,2023-01-22,21,6,1,winter,248,,,,
London,hour,2023-01-22 22:00:00,2023-01-22,22,6,1,winter,270,,,,
London,hour,2023-01-22 23:00:00,2023-01-22,23,6,1,winter,140,,,,
London,hour,2023-01-23 00:00:00,2023-01-23,0,0,0,winter,81,,,,
London,hour,2023-01-23 01:00:00,2023-01-23,1,0,0,winter,50,,,,
London,hour,2023-01-23 02:00:00,2023-01-23,2,0,0,winter,21,,,,
London,hour,2023-01-23 03:00:00,2023-01-23,3,0,0,winter,13,,,,
London,hour,2023-01-23 04:00:00,2023-01-23,4,0,0,winter,34,,,,
London,hour,2023-01-23 05:00:00,2023-01-23,5,0,0,winter,113,,,,
London,hour,2023-01-23 06:00:00,2023-01-23,6,0,0,winter,500,,,,
London,hour,2023-01-23 07:00:00,2023-01-23,7,0,0,winter,1310,,,,
London,hour,2023-01-23 08:00:00,2023-01-23,8,0,0,winter,2350,,,,
London,hour,2023-01-23 09:00:00,2023-01-23,9,0,0,winter,1252,,,,
London,hour,2023-01-23 10:00:00,2023-01-23,10,0,0,winter,724,,,,
London,hour,2023-01-23 11:00:00,2023-01-23,11,0,0,winter,645,,,,
London,hour,2023-01-23 12:00:00,2023-01-23,12,0,0,winter,846,,,,
London,hour,2023-01-23 13:00:00,2023-01-23,13,0,0,winter,765,,,,
London,hour,2023-01-23 14:00:00,2023-01-23,14,0,0,winter,713,,,,
London,hour,2023-01-23 15:00:00,2023-01-23,15,0,0,winter,818,,,,
London,hour,2023-01-23 16:00:00,2023-01-23,16,0,0,winter,1220,,,,
London,hour,2023-01-23 17:00:00,2023-01-23,17,0,0,winter,2421,,,,
London,hour,2023-01-23 18:00:00,2023-01-23,18,0,0,winter,2694,,,,
London,hour,2023-01-23 19:00:00,2023-01-23,19,0,0,winter,1556,,,,
London,hour,2023-01-23 20:00:00,2023-01-23,20,0,0,winter,917,,,,
London,hour,2023-01-23 21:00:00,2023-01-23,21,0,0,winter,618,,,,
London,hour,2023-01-23 22:00:00,2023-01-23,22,0,0,winter,497,,,,
London,hour,2023-01-23 23:00:00,2023-01-23,23,0,0,winter,211,,,,
London,hour,2023-01-24 00:00:00,2023-01-24,0,1,0,winter,94,,,,
London,hour,2023-01-24 01:00:00,2023-01-24,1,1,0,winter,36,,,,
London,hour,2023-01-24 02:00:00,2023-01-24,2,1,0,winter,32,,,,
London,hour,2023-01-24 03:00:00,2023-01-24,3,1,0,winter,25,,,,
London,hour,2023-01-24 04:00:00,2023-01-24,4,1,0,winter,33,,,,
London,hour,2023-01-24 05:00:00,2023-01-24,5,1,0,winter,143,,,,
London,hour,2023-01-24 06:00:00,2023-01-24,6,1,0,winter,635,,,,
London,hour,2023-01-24 07:00:00,2023-01-24,7,1,0,winter,1747,,,,
London,hour,2023-01-24 08:00:00,2023-01-24,8,1,0,winter,3326,,,,
London,hour,2023-01-24 09:00:00,2023-01-24,9,1,0,winter,1690,,,,
London,hour,2023-01-24 10:00:00,2023-01-24,10,1,0,winter,872,,,,
London,hour,2023-01-24 11:00:00,2023-01-24,11,1,0,winter,771,,,,
London,hour,2023-01-24 12:00:00,2023-01-24,12,1,0,winter,854,,,,
London,hour,2023-01-24 13:00:00,2023-01-24,13,1,0,winter,882,,,,
London,hour,2023-01-24 14:00:00,2023-01-24,14,1,0,winter,830,,,,
London,hour,2023-01-24 15:00:00,2023-01-24,15,1,0,winter,965,,,,
London,hour,2023-01-24 16:00:00,2023-01-24,16,1,0,winter,1446,,,,
London,hour,2023-01-24 17:00:00,2023-01-24,17,1,0,winter,2525,,,,
London,hour,2023-01-24 18:00:00,2023-01-24,18,1,0,winter,2678,,,,
London,hour,2023-01-24 19:00:00,2023-01-24,19,1,0,winter,1597,,,,
London,hour,2023-01-24 20:00:00,2023-01-24,20,1,0,winter,984,,,,
London,hour,2023-01-24 21:00:00,2023-01-24,21,1,0,winter,623,,,,
London,hour,2023-01-24 22:00:00,2023-01-24,22,1,0,winter,503,,,,
London,hour,2023-01-24 23:00:00,2023-01-24,23,1,0,winter,221,,,,
London,hour,2023-01-25 00:00:00,2023-01-25,0,2,0,winter,78,,,,
London,hour,2023-01-25 01:00:00,2023-01-25,1,2,0,winter,53,,,,
London,hour,2023-01-25 02:00:00,2023-01-25,2,2,0,winter,20,,,,
London,hour,2023-01-25 03:00:00,2023-01-25,3,2,0,winter,18,,,,
London,hour,2023-01-25 04:00:00,2023-01-25,4,2,0,winter,38,,,,
London,hour,2023-01-25 05:00:00,2023-01-25,5,2,0,winter,152,,,,
London,hour,2023-01-25 06:00:00,2023-01-25,6,2,0,winter,641,,,,
London,hour,2023-01-25 07:00:00,2023-01-25,7,2,0,winter,1751,,,,
London,hour,2023-01-25 08:00:00,2023-01-25,8,2,0,winter,3234,,,,
London,hour,2023-01-25 09:00:00,2023-01-25,9,2,0,winter,1663,,,,
London,hour,2023-01-25 10:00:00,2023-01-25,10,2,0,winter,819,,,,
London,hour,2023-01-25 11:00:00,2023-01-25,11,2,0,winter,697,,,,
London,hour,2023-01-25 12:00:00,2023-01-25,12,2,0,winter,876,,,,
London,hour,2023-01-25 13:00:00,2023-01-25,13,2,0,winter,798,,,,
London,hour,2023-01-25 14:00:00,2023-01-25,14,2,0,winter,745,,,,
London,hour,2023-01-25 15:00:00,2023-01-25,15,2,0,winter,849,,,,
London,hour,2023-01-25 16:00:00,2023-01-25,16,2,0,winter,945,,,,
London,hour,2023-01-25 17:00:00,2023-01-25,17,2,0,winter,2041,,,,
London,hour,2023-01-25 18:00:00,2023-01-25,18,2,0,winter,1923,,,,
London,hour,2023-01-25 19:00:00,2023-01-25,19,2,0,winter,771,,,,
London,hour,2023-01-25 20:00:00,2023-01-25,20,2,0,winter,728,,,,
London,hour,2023-01-25 21:00:00,2023-01-25,21,2,0,winter,660,,,,
London,hour,2023-01-25 22:00:00,2023-01-25,22,2,0,winter,518,,,,
London,hour,2023-01-25 23:00:00,2023-01-25,23,2,0,winter,265,,,,
London,hour,2023-01-26 00:00:00,2023-01-26,0,3,0,winter,155,,,,
London,hour,2023-01-26 01:00:00,2023-01-26,1,3,0,winter,86,,,,
London,hour,2023-01-26 02:00:00,2023-01-26,2,3,0,winter,42,,,,
London,hour,2023-01-26 03:00:00,2023-01-26,3,3,0,winter,44,,,,
London,hour,2023-01-26 04:00:00,2023-01-26,4,3,0,winter,40,,,,
London,hour,2023-01-26 05:00:00,2023-01-26,5,3,0,winter,142,,,,
London,hour,2023-01-26 06:00:00,2023-01-26,6,3,0,winter,621,,,,
London,hour,2023-01-26 07:00:00,2023-01-26,7,3,0,winter,1744,,,,
London,hour,2023-01-26 08:00:00,2023-01-26,8,3,0,winter,3318,,,,
London,hour,2023-01-26 09:00:00,2023-01-26,9,3,0,winter,1661,,,,
London,hour,2023-01-26 10:00:00,2023-01-26,10,3,0,winter,946,,,,
London,hour,2023-01-26 11:00:00,2023-01-26,11,3,0,winter,797,,,,
London,hour,2023-01-26 12:00:00,2023-01-26,12,3,0,winter,892,,,,
London,hour,2023-01-26 13:00:00,2023-01-26,13,3,0,winter,774,,,,
London,hour,2023-01-26 14:00:00,2023-01-26,14,3,0,winter,615,,,,
London,hour,2023-01-26 15:00:00,2023-01-26,15,3,0,winter,735,,,,
London,hour,2023-01-26 16:00:00,2023-01-26,16,3,0,winter,1143,,,,
London,hour,2023-01-26 17:00:00,2023-01-26,17,3,0,winter,2086,,,,
London,hour,2023-01-26 18:00:00,2023-01-26,18,3,0,winter,2277,,,,
London,hour,2023-01-26 19:00:00,2023-01-26,19,3,0,winter,1473,,,,
London,hour,2023-01-26 20:00:00,2023-01-26,20,3,0,winter,1000,,,,
London,hour,2023-01-26 21:00:00,2023-01-26,21,3,0,winter,718,,,,
London,hour,2023-01-26 22:00:00,2023-01-26,22,3,0,winter,601,,,,
London,hour,2023-01-26 23:00:00,2023-01-26,23,3,0,winter,360,,,,
London,hour,2023-01-27 00:00:00,2023-01-27,0,4,0,winter,165,,,,
London,hour,2023-01-27 01:00:00,2023-01-27,1,4,0,winter,99,,,,
London,hour,2023-01-27 02:00:00,2023-01-27,2,4,0,winter,42,,,,
London,hour,2023-01-27 03:00:00,2023-01-27,3,4,0,winter,45,,,,
London,hour,2023-01-27 04:00:00,2023-01-27,4,4,0,winter,53,,,,
London,hour,2023-01-27 05:00:00,2023-01-27,5,4,0,winter,140,,,,
London,hour,2023-01-27 06:00:00,2023-01-27,6,4,0,winter,474,,,,
London,hour,2023-01-27 07:00:00,2023-01-27,7,4,0,winter,1305,,,,
London,hour,2023-01-27 08:00:00,2023-01-27,8,4,0,winter,2339,,,,
London,hour,2023-01-27 09:00:00,2023-01-27,9,4,0,winter,1411,,,,
London,hour,2023-01-27 10:00:00,2023-01-27,10,4,0,winter,910,,,,
London,hour,2023-01-27 11:00:00,2023-01-27,11,4,0,winter,877,,,,
London,hour,2023-01-27 12:00:00,2023-01-27,12,4,0,winter,992,,,,
London,hour,2023-01-27 13:00:00,2023-01-27,13,4,0,winter,1146,,,,
London,hour,2023-01-27 14:00:00,2023-01-27,14,4,0,winter,1007,,,,
London,hour,2023-01-27 15:00:00,2023-01-27,15,4,0,winter,1253,,,,
London,hour,2023-01-27 16:00:00,2023-01-27,16,4,0,winter,1512,,,,
London,hour,2023-01-27 17:00:00,2023-01-27,17,4,0,winter,1996,,,,
London,hour,2023-01-27 18:00:00,2023-01-27,18,4,0,winter,1784,,,,
London,hour,2023-01-27 19:00:00,2023-01-27,19,4,0,winter,1278,,,,
London,hour,2023-01-27 20:00:00,2023-01-27,20,4,0,winter,828,,,,
London,hour,2023-01-27 21:00:00,2023-01-27,21,4,0,winter,561,,,,
London,hour,2023-01-27 22:00:00,2023-01-27,22,4,0,winter,542,,,,
London,hour,2023-01-27 23:00:00,2023-01-27,23,4,0,winter,499,,,,
London,hour,2023-01-28 00:00:00,2023-01-28,0,5,1,winter,308,,,,
London,hour,2023-01-28 01:00:00,2023-01-28,1,5,1,winter,222,,,,
London,hour,2023-01-28 02:00:00,2023-01-28,2,5,1,winter,132,,,,
London,hour,2023-01-28 03:00:00,2023-01-28,3,5,1,winter,131,,,,
London,hour,2023-01-28 04:00:00,2023-01-28,4,5,1,winter,80,,,,
London,hour,2023-01-28 05:00:00,2023-01-28,5,5,1,winter,69,,,,
London,hour,2023-01-28 06:00:00,2023-01-28,6,5,1,winter,116,,,,
London,hour,2023-01-28 07:00:00,2023-01-28,7,5,1,winter,256,,,,
London,hour,2023-01-28 08:00:00,2023-01-28,8,5,1,winter,582,,,,
London,hour,2023-01-28 09:00:00,2023-01-28,9,5,1,winter,918,,,,
London,hour,2023-01-28 10:00:00,2023-01-28,10,5,1,winter,1184,,,,
London,hour,2023-01-28 11:00:00,2023-01-28,11,5,1,winter,1325,,,,
London,hour,2023-01-28 12:00:00,2023-01-28,12,5,1,winter,1538,,,,
London,hour,2023-01-28 13:00:00,2023-01-28,13,5,1,winter,1478,,,,
London,hour,2023-01-28 14:00:00,2023-01-28,14,5,1,winter,1478,,,,
London,hour,2023-01-28 15:00:00,2023-01-28,15,5,1,winter,1320,,,,
London,hour,2023-01-28 16:00:00,2023-01-28,16,5,1,winter,1304,,,,
London,hour,2023-01-28 17:00:00,2023-01-28,17,5,1,winter,1155,,,,
London,hour,2023-01-28 18:00:00,2023-01-28,18,5,1,winter,1018,,,,
London,hour,2023-01-28 19:00:00,2023-01-28,19,5,1,winter,840,,,,
London,hour,2023-01-28 20:00:00,2023-01-28,20,5,1,winter,608,,,,
London,hour,2023-01-28 21:00:00,2023-01-28,21,5,1,winter,482,,,,
London,hour,2023-01-28 22:00:00,2023-01-28,22,5,1,winter,466,,,,
London,hour,2023-01-28 23:00:00,2023-01-28,23,5,1,winter,413,,,,
London,hour,2023-01-29 00:00:00,2023-01-29,0,6,1,winter,315,,,,
London,hour,2023-01-29 01:00:00,2023-01-29,1,6,1,winter,243,,,,
London,hour,2023-01-29 02:00:00,2023-01-29,2,6,1,winter,203,,,,
London,hour,2023-01-29 03:00:00,2023-01-29,3,6,1,winter,146,,,,
London,hour,2023-01-29 04:00:00,2023-01-29,4,6,1,winter,69,,,,
London,hour,2023-01-29 05:00:00,2023-01-29,5,6,1,winter,83,,,,
London,hour,2023-01-29 06:00:00,2023-01-29,6,6,1,winter,91,,,,
London,hour,2023-01-29 07:00:00,2023-01-29,7,6,1,winter,159,,,,
London,hour,2023-01-29 08:00:00,2023-01-29,8,6,1,winter,383,,,,
London,hour,2023-01-29 09:00:00,2023-01-29,9,6,1,winter,630,,,,
London,hour,2023-01-29 10:00:00,2023-01-29,10,6,1,winter,960,,,,
London,hour,2023-01-29 11:00:00,2023-01-29,11,6,1,winter,1083,,,,
London,hour,2023-01-29 12:00:00,2023-01-29,12,6,1,winter,1309,,,,
London,hour,2023-01-29 13:00:00,2023-01-29,13,6,1,winter,1284,,,,
London,hour,2023-01-29 14:00:00,2023-01-29,14,6,1,winter,1284,,,,
London,hour,2023-01-29 15:00:00,2023-01-29,15,6,1,winter,1147,,,,
London,hour,2023-01-29 16:00:00,2023-01-29,16,6,1,winter,1146,,,,
London,hour,2023-01-29 17:00:00,2023-01-29,17,6,1,winter,1036,,,,
London,hour,2023-01-29 18:00:00,2023-01-29,18,6,1,winter,766,,,,
London,hour,2023-01-29 19:00:00,2023-01-29,19,6,1,winter,636,,,,
London,hour,2023-01-29 20:00:00,2023-01-29,20,6,1,winter,470,,,,
London,hour,2023-01-29 21:00:00,2023-01-29,21,6,1,winter,329,,,,
London,hour,2023-01-29 22:00:00,2023-01-29,22,6,1,winter,306,,,,
London,hour,2023-01-29 23:00:00,2023-01-29,23,6,1,winter,165,,,,
London,hour,2023-02-01 00:00:00,2023-02-01,0,2,0,winter,91,,,,
London,hour,2023-02-01 01:00:00,2023-02-01,1,2,0,winter,62,,,,
London,hour,2023-02-01 02:00:00,2023-02-01,2,2,0,winter,46,,,,
London,hour,2023-02-01 03:00:00,2023-02-01,3,2,0,winter,36,,,,
London,hour,2023-02-01 04:00:00,2023-02-01,4,2,0,winter,30,,,,
London,hour,2023-02-01 05:00:00,2023-02-01,5,2,0,winter,42,,,,
London,hour,2023-02-01 06:00:00,2023-02-01,6,2,0,winter,88,,,,
London,hour,2023-02-01 07:00:00,2023-02-01,7,2,0,winter,124,,,,
London,hour,2023-02-01 08:00:00,2023-02-01,8,2,0,winter,254,,,,
London,hour,2023-02-01 09:00:00,2023-02-01,9,2,0,winter,413,,,,
London,hour,2023-02-01 10:00:00,2023-02-01,10,2,0,winter,686,,,,
London,hour,2023-02-01 11:00:00,2023-02-01,11,2,0,winter,911,,,,
London,hour,2023-02-01 12:00:00,2023-02-01,12,2,0,winter,1135,,,,
London,hour,2023-02-01 13:00:00,2023-02-01,13,2,0,winter,1271,,,,
London,hour,2023-02-01 14:00:00,2023-02-01,14,2,0,winter,1267,,,,
London,hour,2023-02-01 15:00:00,2023-02-01,15,2,0,winter,1183,,,,
London,hour,2023-02-01 16:00:00,2023-02-01,16,2,0,winter,997,,,,
London,hour,2023-02-01 17:00:00,2023-02-01,17,2,0,winter,818,,,,
London,hour,2023-02-01 18:00:00,2023-02-01,18,2,0,winter,665,,,,
London,hour,2023-02-01 19:00:00,2023-02-01,19,2,0,winter,474,,,,
London,hour,2023-02-01 20:00:00,2023-02-01,20,2,0,winter,355,,,,
London,hour,2023-02-01 21:00:00,2023-02-01,21,2,0,winter,317,,,,
London,hour,2023-02-01 22:00:00,2023-02-01,22,2,0,winter,258,,,,
London,hour,2023-02-01 23:00:00,2023-02-01,23,2,0,winter,137,,,,
London,hour,2023-02-02 00:00:00,2023-02-02,0,3,0,winter,138,,,,
London,hour,2023-02-02 01:00:00,2023-02-02,1,3,0,winter,73,,,,
London,hour,2023-02-02 02:00:00,2023-02-02,2,3,0,winter,46,,,,
London,hour,2023-02-02 03:00:00,2023-02-02,3,3,0,winter,31,,,,
London,hour,2023-02-02 04:00:00,2023-02-02,4,3,0,winter,50,,,,
London,hour,2023-02-02 05:00:00,2023-02-02,5,3,0,winter,146,,,,
London,hour,2023-02-02 06:00:00,2023-02-02,6,3,0,winter,626,,,,
London,hour,2023-02-02 07:00:00,2023-02-02,7,3,0,winter,1744,,,,
London,hour,2023-02-02 08:00:00,2023-02-02,8,3,0,winter,3426,,,,
London,hour,2023-02-02 09:00:00,2023-02-02,9,3,0,winter,1830,,,,
London,hour,2023-02-02 10:00:00,2023-02-02,10,3,0,winter,1033,,,,
London,hour,2023-02-02 11:00:00,2023-02-02,11,3,0,winter,868,,,,
London,hour,2023-02-02 12:00:00,2023-02-02,12,3,0,winter,1013,,,,
London,hour,2023-02-02 13:00:00,2023-02-02,13,3,0,winter,1010,,,,
London,hour,2023-02-02 14:00:00,2023-02-02,14,3,0,winter,851,,,,
London,hour,2023-02-02 15:00:00,2023-02-02,15,3,0,winter,1025,,,,
London,hour,2023-02-02 16:00:00,2023-02-02,16,3,0,winter,1444,,,,
London,hour,2023-02-02 17:00:00,2023-02-02,17,3,0,winter,2473,,,,
London,hour,2023-02-02 18:00:00,2023-02-02,18,3,0,winter,2621,,,,
London,hour,2023-02-02 19:00:00,2023-02-02,19,3,0,winter,1547,,,,
London,hour,2023-02-02 20:00:00,2023-02-02,20,3,0,winter,1091,,,,
London,hour,2023-02-02 21:00:00,2023-02-02,21,3,0,winter,824,,,,
London,hour,2023-02-02 22:00:00,2023-02-02,22,3,0,winter,668,,,,
London,hour,2023-02-02 23:00:00,2023-02-02,23,3,0,winter,410,,,,
London,hour,2023-02-03 00:00:00,2023-02-03,0,4,0,winter,155,,,,
London,hour,2023-02-03 01:00:00,2023-02-03,1,4,0,winter,89,,,,
London,hour,2023-02-03 02:00:00,2023-02-03,2,4,0,winter,55,,,,
London,hour,2023-02-03 03:00:00,2023-02-03,3,4,0,winter,31,,,,
London,hour,2023-02-03 04:00:00,2023-02-03,4,4,0,winter,44,,,,
London,hour,2023-02-03 05:00:00,2023-02-03,5,4,0,winter,140,,,,
London,hour,2023-02-03 06:00:00,2023-02-03,6,4,0,winter,626,,,,
London,hour,2023-02-03 07:00:00,2023-02-03,7,4,0,winter,1881,,,,
London,hour,2023-02-03 08:00:00,2023-02-03,8,4,0,winter,3281,,,,
London,hour,2023-02-03 09:00:00,2023-02-03,9,4,0,winter,1641,,,,
London,hour,2023-02-03 10:00:00,2023-02-03,10,4,0,winter,980,,,,
London,hour,2023-02-03 11:00:00,2023-02-03,11,4,0,winter,849,,,,
London,hour,2023-02-03 12:00:00,2023-02-03,12,4,0,winter,1078,,,,
London,hour,2023-02-03 13:00:00,2023-02-03,13,4,0,winter,1062,,,,
London,hour,2023-02-03 14:00:00,2023-02-03,14,4,0,winter,976,,,,
London,hour,2023-02-03 15:00:00,2023-02-03,15,4,0,winter,1128,,,,
London,hour,2023-02-03 16:00:00,2023-02-03,16,4,0,winter,1560,,,,
London,hour,2023-02-03 17:00:00,2023-02-03,17,4,0,winter,2553,,,,
London,hour,2023-02-03 18:00:00,2023-02-03,18,4,0,winter,2586,,,,
London,hour,2023-02-03 19:00:00,2023-02-03,19,4,0,winter,1553,,,,
London,hour,2023-02-03 20:00:00,2023-02-03,20,4,0,winter,1005,,,,
London,hour,2023-02-03 21:00:00,2023-02-03,21,4,0,winter,780,,,,
London,hour,2023-02-03 22:00:00,2023-02-03,22,4,0,winter,633,,,,
London,hour,2023-02-03 23:00:00,2023-02-03,23,4,0,winter,356,,,,
London,hour,2023-02-04 00:00:00,2023-02-04,0,5,1,winter,292,,,,
London,hour,2023-02-04 01:00:00,2023-02-04,1,5,1,winter,250,,,,
London,hour,2023-02-04 02:00:00,2023-02-04,2,5,1,winter,175,,,,
London,hour,2023-02-04 03:00:00,2023-02-04,3,5,1,winter,118,,,,
London,hour,2023-02-04 04:00:00,2023-02-04,4,5,1,winter,66,,,,
London,hour,2023-02-04 05:00:00,2023-02-04,5,5,1,winter,66,,,,
London,hour,2023-02-04 06:00:00,2023-02-04,6,5,1,winter,106,,,,
London,hour,2023-02-04 07:00:00,2023-02-04,7,5,1,winter,193,,,,
London,hour,2023-02-04 08:00:00,2023-02-04,8,5,1,winter,380,,,,
London,hour,2023-02-04 09:00:00,2023-02-04,9,5,1,winter,662,,,,
London,hour,2023-02-04 10:00:00,2023-02-04,10,5,1,winter,1001,,,,
London,hour,2023-02-04 11:00:00,2023-02-04,11,5,1,winter,1157,,,,
London,hour,2023-02-04 12:00:00,2023-02-04,12,5,1,winter,1384,,,,
London,hour,2023-02-04 13:00:00,2023-02-04,13,5,1,winter,1348,,,,
London,hour,2023-02-04 14:00:00,2023-02-04,14,5,1,winter,1429,,,,
London,hour,2023-02-04 15:00:00,2023-02-04,15,5,1,winter,1563,,,,
London,hour,2023-02-04 16:00:00,2023-02-04,16,5,1,winter,1600,,,,
London,hour,2023-02-04 17:00:00,2023-02-04,17,5,1,winter,1544,,,,
London,hour,2023-02-04 18:00:00,2023-02-04,18,5,1,winter,1340,,,,
London,hour,2023-02-04 19:00:00,2023-02-04,19,5,1,winter,927,,,,
London,hour,2023-02-04 20:00:00,2023-02-04,20,5,1,winter,541,,,,
London,hour,2023-02-04 21:00:00,2023-02-04,21,5,1,winter,403,,,,
London,hour,2023-02-04 22:00:00,2023-02-04,22,5,1,winter,295,,,,
London,hour,2023-02-04 23:00:00,2023-02-04,23,5,1,winter,207,,,,
London,hour,2023-02-05 00:00:00,2023-02-05,0,6,1,winter,142,,,,
London,hour,2023-02-05 01:00:00,2023-02-05,1,6,1,winter,81,,,,
London,hour,2023-02-05 02:00:00,2023-02-05,2,6,1,winter,40,,,,
London,hour,2023-02-05 03:00:00,2023-02-05,3,6,1,winter,38,,,,
London,hour,2023-02-05 04:00:00,2023-02-05,4,6,1,winter,60,,,,
London,hour,2023-02-05 05:00:00,2023-02-05,5,6,1,winter,187,,,,
London,hour,2023-02-05 06:00:00,2023-02-05,6,6,1,winter,721,,,,
London,hour,2023-02-05 07:00:00,2023-02-05,7,6,1,winter,1913,,,,
London,hour,2023-02-05 08:00:00,2023-02-05,8,6,1,winter,3314,,,,
London,hour,2023-02-05 09:00:00,2023-02-05,9,6,1,winter,1653,,,,
London,hour,2023-02-05 10:00:00,2023-02-05,10,6,1,winter,984,,,,
London,hour,2023-02-05 11:00:00,2023-02-05,11,6,1,winter,855,,,,
London,hour,2023-02-05 12:00:00,2023-02-05,12,6,1,winter,1014,,,,
London,hour,2023-02-05 13:00:00,2023-02-05,13,6,1,winter,1137,,,,
London,hour,2023-02-05 14:00:00,2023-02-05,14,6,1,winter,1061,,,,
London,hour,2023-02-05 15:00:00,2023-02-05,15,6,1,winter,1251,,,,
London,hour,2023-02-05 16:00:00,2023-02-05,16,6,1,winter,1707,,,,
London,hour,2023-02-05 17:00:00,2023-02-05,17,6,1,winter,3115,,,,
London,hour,2023-02-05 18:00:00,2023-02-05,18,6,1,winter,3201,,,,
London,hour,2023-02-05 19:00:00,2023-02-05,19,6,1,winter,2089,,,,
London,hour,2023-02-05 20:00:00,2023-02-05,20,6,1,winter,1231,,,,
London,hour,2023-02-05 21:00:00,2023-02-05,21,6,1,winter,733,,,,
London,hour,2023-02-05 22:00:00,2023-02-05,22,6,1,winter,542,,,,
London,hour,2023-02-05 23:00:00,2023-02-05,23,6,1,winter,259,,,,
London,hour,2023-02-06 00:00:00,2023-02-06,0,0,0,winter,332,,,,
London,hour,2023-02-06 01:00:00,2023-02-06,1,0,0,winter,170,,,,
London,hour,2023-02-06 02:00:00,2023-02-06,2,0,0,winter,125,,,,
London,hour,2023-02-06 03:00:00,2023-02-06,3,0,0,winter,92,,,,
London,hour,2023-02-06 04:00:00,2023-02-06,4,0,0,winter,79,,,,
London,hour,2023-02-06 05:00:00,2023-02-06,5,0,0,winter,282,,,,
London,hour,2023-02-06 06:00:00,2023-02-06,6,0,0,winter,1052,,,,
London,hour,2023-02-06 07:00:00,2023-02-06,7,0,0,winter,2769,,,,
London,hour,2023-02-06 08:00:00,2023-02-06,8,0,0,winter,4912,,,,
London,hour,2023-02-06 09:00:00,2023-02-06,9,0,0,winter,2962,,,,
London,hour,2023-02-06 10:00:00,2023-02-06,10,0,0,winter,1922,,,,
London,hour,2023-02-06 11:00:00,2023-02-06,11,0,0,winter,1805,,,,
London,hour,2023-02-06 12:00:00,2023-02-06,12,0,0,winter,2277,,,,
London,hour,2023-02-06 13:00:00,2023-02-06,13,0,0,winter,2419,,,,
London,hour,2023-02-06 14:00:00,2023-02-06,14,0,0,winter,2327,,,,
London,hour,2023-02-06 15:00:00,2023-02-06,15,0,0,winter,2603,,,,
London,hour,2023-02-06 16:00:00,2023-02-06,16,0,0,winter,3525,,,,
London,hour,2023-02-06 17:00:00,2023-02-06,17,0,0,winter,5400,,,,
London,hour,2023-02-06 18:00:00,2023-02-06,18,0,0,winter,5223,,,,
London,hour,2023-02-06 19:00:00,2023-02-06,19,0,0,winter,3616,,,,
London,hour,2023-02-06 20:00:00,2023-02-06,20,0,0,winter,2268,,,,
London,hour,2023-02-06 21:00:00,2023-02-06,21,0,0,winter,1429,,,,
London,hour,2023-02-06 22:00:00,2023-02-06,22,0,0,winter,1202,,,,
London,hour,2023-02-06 23:00:00,2023-02-06,23,0,0,winter,748,,,,
London,hour,2023-02-07 00:00:00,2023-02-07,0,1,0,winter,672,,,,
London,hour,2023-02-07 01:00:00,2023-02-07,1,1,0,winter,442,,,,
London,hour,2023-02-07 02:00:00,2023-02-07,2,1,0,winter,283,,,,
London,hour,2023-02-07 03:00:00,2023-02-07,3,1,0,winter,210,,,,
London,hour,2023-02-07 04:00:00,2023-02-07,4,1,0,winter,153,,,,
London,hour,2023-02-07 05:00:00,2023-02-07,5,1,0,winter,245,,,,
London,hour,2023-02-07 06:00:00,2023-02-07,6,1,0,winter,816,,,,
London,hour,2023-02-07 07:00:00,2023-02-07,7,1,0,winter,2182,,,,
London,hour,2023-02-07 08:00:00,2023-02-07,8,1,0,winter,3201,,,,
London,hour,2023-02-07 09:00:00,2023-02-07,9,1,0,winter,2807,,,,
London,hour,2023-02-07 10:00:00,2023-02-07,10,1,0,winter,2361,,,,
London,hour,2023-02-07 11:00:00,2023-02-07,11,1,0,winter,2395,,,,
London,hour,2023-02-07 12:00:00,2023-02-07,12,1,0,winter,2815,,,,
London,hour,2023-02-07 13:00:00,2023-02-07,13,1,0,winter,2825,,,,
London,hour,2023-02-07 14:00:00,2023-02-07,14,1,0,winter,2699,,,,
London,hour,2023-02-07 15:00:00,2023-02-07,15,1,0,winter,2921,,,,
London,hour,2023-02-07 16:00:00,2023-02-07,16,1,0,winter,3538,,,,
London,hour,2023-02-07 17:00:00,2023-02-07,17,1,0,winter,4619,,,,
London,hour,2023-02-07 18:00:00,2023-02-07,18,1,0,winter,4460,,,,
London,hour,2023-02-07 19:00:00,2023-02-07,19,1,0,winter,2991,,,,
London,hour,2023-02-07 20:00:00,2023-02-07,20,1,0,winter,2084,,,,
London,hour,2023-02-07 21:00:00,2023-02-07,21,1,0,winter,1554,,,,
London,hour,2023-02-07 22:00:00,2023-02-07,22,1,0,winter,1149,,,,
London,hour,2023-02-07 23:00:00,2023-02-07,23,1,0,winter,677,,,,
London,hour,2023-02-08 00:00:00,2023-02-08,0,2,0,winter,272,,,,
London,hour,2023-02-08 01:00:00,2023-02-08,1,2,0,winter,138,,,,
London,hour,2023-02-08 02:00:00,2023-02-08,2,2,0,winter,56,,,,
London,hour,2023-02-08 03:00:00,2023-02-08,3,2,0,winter,46,,,,
London,hour,2023-02-08 04:00:00,2023-02-08,4,2,0,winter,66,,,,
London,hour,2023-02-08 05:00:00,2023-02-08,5,2,0,winter,299,,,,
London,hour,2023-02-08 06:00:00,2023-02-08,6,2,0,winter,1249,,,,
London,hour,2023-02-08 07:00:00,2023-02-08,7,2,0,winter,3346,,,,
London,hour,2023-02-08 08:00:00,2023-02-08,8,2,0,winter,5033,,,,
London,hour,2023-02-08 09:00:00,2023-02-08,9,2,0,winter,3209,,,,
London,hour,2023-02-08 10:00:00,2023-02-08,10,2,0,winter,1890,,,,
London,hour,2023-02-08 11:00:00,2023-02-08,11,2,0,winter,1765,,,,
London,hour,2023-02-08 12:00:00,2023-02-08,12,2,0,winter,2088,,,,
London,hour,2023-02-08 13:00:00,2023-02-08,13,2,0,winter,1601,,,,
London,hour,2023-02-08 14:00:00,2023-02-08,14,2,0,winter,1263,,,,
London,hour,2023-02-08 15:00:00,2023-02-08,15,2,0,winter,1700,,,,
London,hour,2023-02-08 16:00:00,2023-02-08,16,2,0,winter,2447,,,,
London,hour,2023-02-08 17:00:00,2023-02-08,17,2,0,winter,4562,,,,
London,hour,2023-02-08 18:00:00,2023-02-08,18,2,0,winter,4989,,,,
London,hour,2023-02-08 19:00:00,2023-02-08,19,2,0,winter,3365,,,,
London,hour,2023-02-08 20:00:00,2023-02-08,20,2,0,winter,2238,,,,
London,hour,2023-02-08 21:00:00,2023-02-08,21,2,0,winter,1601,,,,
London,hour,2023-02-08 22:00:00,2023-02-08,22,2,0,winter,1279,,,,
London,hour,2023-02-08 23:00:00,2023-02-08,23,2,0,winter,676,,,,
London,hour,2023-02-09 00:00:00,2023-02-09,0,3,0,winter,536,,,,
London,hour,2023-02-09 01:00:00,2023-02-09,1,3,0,winter,309,,,,
London,hour,2023-02-09 02:00:00,2023-02-09,2,3,0,winter,251,,,,
London,hour,2023-02-09 03:00:00,2023-02-09,3,3,0,winter,145,,,,
London,hour,2023-02-09 04:00:00,2023-02-09,4,3,0,winter,118,,,,
London,hour,2023-02-09 05:00:00,2023-02-09,5,3,0,winter,215,,,,
London,hour,2023-02-09 06:00:00,2023-02-09,6,3,0,winter,836,,,,
London,hour,2023-02-09 07:00:00,2023-02-09,7,3,0,winter,2160,,,,
London,hour,2023-02-09 08:00:00,2023-02-09,8,3,0,winter,4035,,,,
London,hour,2023-02-09 09:00:00,2023-02-09,9,3,0,winter,2817,,,,
London,hour,2023-02-09 10:00:00,2023-02-09,10,3,0,winter,2454,,,,
London,hour,2023-02-09 11:00:00,2023-02-09,11,3,0,winter,2505,,,,
London,hour,2023-02-09 12:00:00,2023-02-09,12,3,0,winter,2831,,,,
London,hour,2023-02-09 13:00:00,2023-02-09,13,3,0,winter,2794,,,,
London,hour,2023-02-09 14:00:00,2023-02-09,14,3,0,winter,2924,,,,
London,hour,2023-02-09 15:00:00,2023-02-09,15,3,0,winter,3024,,,,
London,hour,2023-02-09 16:00:00,2023-02-09,16,3,0,winter,3533,,,,
London,hour,2023-02-09 17:00:00,2023-02-09,17,3,0,winter,4665,,,,
London,hour,2023-02-09 18:00:00,2023-02-09,18,3,0,winter,4482,,,,
London,hour,2023-02-09 19:00:00,2023-02-09,19,3,0,winter,3176,,,,
London,hour,2023-02-09 20:00:00,2023-02-09,20,3,0,winter,2037,,,,
London,hour,2023-02-09 21:00:00,2023-02-09,21,3,0,winter,1506,,,,
London,hour,2023-02-09 22:00:00,2023-02-09,22,3,0,winter,1378,,,,
London,hour,2023-02-09 23:00:00,2023-02-09,23,3,0,winter,1010,,,,
London,hour,2023-02-10 00:00:00,2023-02-10,0,4,0,winter,338,,,,
London,hour,2023-02-10 01:00:00,2023-02-10,1,4,0,winter,191,,,,
London,hour,2023-02-10 02:00:00,2023-02-10,2,4,0,winter,113,,,,
London,hour,2023-02-10 03:00:00,2023-02-10,3,4,0,winter,80,,,,
London,hour,2023-02-10 04:00:00,2023-02-10,4,4,0,winter,98,,,,
London,hour,2023-02-10 05:00:00,2023-02-10,5,4,0,winter,274,,,,
London,hour,2023-02-10 06:00:00,2023-02-10,6,4,0,winter,1213,,,,
London,hour,2023-02-10 07:00:00,2023-02-10,7,4,0,winter,3224,,,,
London,hour,2023-02-10 08:00:00,2023-02-10,8,4,0,winter,5839,,,,
London,hour,2023-02-10 09:00:00,2023-02-10,9,4,0,winter,3358,,,,
London,hour,2023-02-10 10:00:00,2023-02-10,10,4,0,winter,2026,,,,
London,hour,2023-02-10 11:00:00,2023-02-10,11,4,0,winter,2008,,,,
London,hour,2023-02-10 12:00:00,2023-02-10,12,4,0,winter,2431,,,,
London,hour,2023-02-10 13:00:00,2023-02-10,13,4,0,winter,2415,,,,
London,hour,2023-02-10 14:00:00,2023-02-10,14,4,0,winter,2299,,,,
London,hour,2023-02-10 15:00:00,2023-02-10,15,4,0,winter,2620,,,,
London,hour,2023-02-10 16:00:00,2023-02-10,16,4,0,winter,3342,,,,
London,hour,2023-02-10 17:00:00,2023-02-10,17,4,0,winter,4761,,,,
London,hour,2023-02-10 18:00:00,2023-02-10,18,4,0,winter,4456,,,,
London,hour,2023-02-10 19:00:00,2023-02-10,19,4,0,winter,3117,,,,
London,hour,2023-02-10 20:00:00,2023-02-10,20,4,0,winter,1936,,,,
London,hour,2023-02-10 21:00:00,2023-02-10,21,4,0,winter,1404,,,,
London,hour,2023-02-10 22:00:00,2023-02-10,22,4,0,winter,1225,,,,
London,hour,2023-02-10 23:00:00,2023-02-10,23,4,0,winter,773,,,,
London,hour,2023-02-11 00:00:00,2023-02-11,0,5,1,winter,449,,,,
London,hour,2023-02-11 01:00:00,2023-02-11,1,5,1,winter,296,,,,
London,hour,2023-02-11 02:00:00,2023-02-11,2,5,1,winter,204,,,,
London,hour,2023-02-11 03:00:00,2023-02-11,3,5,1,winter,106,,,,
London,hour,2023-02-11 04:00:00,2023-02-11,4,5,1,winter,94,,,,
London,hour,2023-02-11 05:00:00,2023-02-11,5,5,1,winter,183,,,,
London,hour,2023-02-11 06:00:00,2023-02-11,6,5,1,winter,528,,,,
London,hour,2023-02-11 07:00:00,2023-02-11,7,5,1,winter,1042,,,,
London,hour,2023-02-11 08:00:00,2023-02-11,8,5,1,winter,2916,,,,
London,hour,2023-02-11 09:00:00,2023-02-11,9,5,1,winter,2525,,,,
London,hour,2023-02-11 10:00:00,2023-02-11,10,5,1,winter,2176,,,,
London,hour,2023-02-11 11:00:00,2023-02-11,11,5,1,winter,2282,,,,
London,hour,2023-02-11 12:00:00,2023-02-11,12,5,1,winter,2445,,,,
London,hour,2023-02-11 13:00:00,2023-02-11,13,5,1,winter,2475,,,,
London,hour,2023-02-11 14:00:00,2023-02-11,14,5,1,winter,1973,,,,
London,hour,2023-02-11 15:00:00,2023-02-11,15,5,1,winter,2063,,,,
London,hour,2023-02-11 16:00:00,2023-02-11,16,5,1,winter,2372,,,,
London,hour,2023-02-11 17:00:00,2023-02-11,17,5,1,winter,3285,,,,
London,hour,2023-02-11 18:00:00,2023-02-11,18,5,1,winter,3051,,,,
London,hour,2023-02-11 19:00:00,2023-02-11,19,5,1,winter,2196,,,,
London,hour,2023-02-11 20:00:00,2023-02-11,20,5,1,winter,1518,,,,
London,hour,2023-02-11 21:00:00,2023-02-11,21,5,1,winter,1080,,,,
London,hour,2023-02-11 22:00:00,2023-02-11,22,5,1,winter,905,,,,
London,hour,2023-02-11 23:00:00,2023-02-11,23,5,1,winter,802,,,,
London,hour,2023-02-12 00:00:00,2023-02-12,0,6,1,winter,680,,,,
London,hour,2023-02-12 01:00:00,2023-02-12,1,6,1,winter,531,,,,
London,hour,2023-02-12 02:00:00,2023-02-12,2,6,1,winter,370,,,,
London,hour,2023-02-12 03:00:00,2023-02-12,3,6,1,winter,224,,,,
London,hour,2023-02-12 04:00:00,2023-02-12,4,6,1,winter,145,,,,
London,hour,2023-02-12 05:00:00,2023-02-12,5,6,1,winter,138,,,,
London,hour,2023-02-12 06:00:00,2023-02-12,6,6,1,winter,231,,,,
London,hour,2023-02-12 07:00:00,2023-02-12,7,6,1,winter,394,,,,
London,hour,2023-02-12 08:00:00,2023-02-12,8,6,1,winter,909,,,,
London,hour,2023-02-12 09:00:00,2023-02-12,9,6,1,winter,1548,,,,
London,hour,2023-02-12 10:00:00,2023-02-12,10,6,1,winter,2128,,,,
London,hour,2023-02-12 11:00:00,2023-02-12,11,6,1,winter,2370,,,,
London,hour,2023-02-12 12:00:00,2023-02-12,12,6,1,winter,2662,,,,
London,hour,2023-02-12 13:00:00,2023-02-12,13,6,1,winter,2698,,,,
London,hour,2023-02-12 14:00:00,2023-02-12,14,6,1,winter,2638,,,,
London,hour,2023-02-12 15:00:00,2023-02-12,15,6,1,winter,2334,,,,
London,hour,2023-02-12 16:00:00,2023-02-12,16,6,1,winter,2166,,,,
London,hour,2023-02-12 17:00:00,2023-02-12,17,6,1,winter,1954,,,,
London,hour,2023-02-12 18:00:00,2023-02-12,18,6,1,winter,1758,,,,
London,hour,2023-02-12 19:00:00,2023-02-12,19,6,1,winter,1386,,,,
London,hour,2023-02-12 20:00:00,2023-02-12,20,6,1,winter,1029,,,,
London,hour,2023-02-12 21:00:00,2023-02-12,21,6,1,winter,718,,,,
London,hour,2023-02-12 22:00:00,2023-02-12,22,6,1,winter,624,,,,
London,hour,2023-02-12 23:00:00,2023-02-12,23,6,1,winter,515,,,,
London,hour,2023-02-13 00:00:00,2023-02-13,0,0,0,winter,126,,,,
London,hour,2023-02-13 01:00:00,2023-02-13,1,0,0,winter,58,,,,
London,hour,2023-02-13 02:00:00,2023-02-13,2,0,0,winter,32,,,,
London,hour,2023-02-13 03:00:00,2023-02-13,3,0,0,winter,99,,,,
London,hour,2023-02-13 04:00:00,2023-02-13,4,0,0,winter,63,,,,
London,hour,2023-02-13 05:00:00,2023-02-13,5,0,0,winter,131,,,,
London,hour,2023-02-13 06:00:00,2023-02-13,6,0,0,winter,570,,,,
London,hour,2023-02-13 07:00:00,2023-02-13,7,0,0,winter,1425,,,,
London,hour,2023-02-13 08:00:00,2023-02-13,8,0,0,winter,2470,,,,
London,hour,2023-02-13 09:00:00,2023-02-13,9,0,0,winter,1410,,,,
London,hour,2023-02-13 10:00:00,2023-02-13,10,0,0,winter,891,,,,
London,hour,2023-02-13 11:00:00,2023-02-13,11,0,0,winter,899,,,,
London,hour,2023-02-13 12:00:00,2023-02-13,12,0,0,winter,1097,,,,
London,hour,2023-02-13 13:00:00,2023-02-13,13,0,0,winter,1112,,,,
London,hour,2023-02-13 14:00:00,2023-02-13,14,0,0,winter,1044,,,,
London,hour,2023-02-13 15:00:00,2023-02-13,15,0,0,winter,1190,,,,
London,hour,2023-02-13 16:00:00,2023-02-13,16,0,0,winter,1531,,,,
London,hour,2023-02-13 17:00:00,2023-02-13,17,0,0,winter,2490,,,,
London,hour,2023-02-13 18:00:00,2023-02-13,18,0,0,winter,2523,,,,
London,hour,2023-02-13 19:00:00,2023-02-13,19,0,0,winter,1501,,,,
London,hour,2023-02-13 20:00:00,2023-02-13,20,0,0,winter,1081,,,,
London,hour,2023-02-13 21:00:00,2023-02-13,21,0,0,winter,649,,,,
London,hour,2023-02-13 22:00:00,2023-02-13,22,0,0,winter,466,,,,
London,hour,2023-02-13 23:00:00,2023-02-13,23,0,0,winter,224,,,,
London,hour,2023-02-14 00:00:00,2023-02-14,0,1,0,winter,108,,,,
London,hour,2023-02-14 01:00:00,2023-02-14,1,1,0,winter,67,,,,
London,hour,2023-02-14 02:00:00,2023-02-14,2,1,0,winter,39,,,,
London,hour,2023-02-14 03:00:00,2023-02-14,3,1,0,winter,44,,,,
London,hour,2023-02-14 04:00:00,2023-02-14,4,1,0,winter,45,,,,
London,hour,2023-02-14 05:00:00,2023-02-14,5,1,0,winter,133,,,,
London,hour,2023-02-14 06:00:00,2023-02-14,6,1,0,winter,607,,,,
London,hour,2023-02-14 07:00:00,2023-02-14,7,1,0,winter,1752,,,,
London,hour,2023-02-14 08:00:00,2023-02-14,8,1,0,winter,3011,,,,
London,hour,2023-02-14 09:00:00,2023-02-14,9,1,0,winter,1604,,,,
London,hour,2023-02-14 10:00:00,2023-02-14,10,1,0,winter,981,,,,
London,hour,2023-02-14 11:00:00,2023-02-14,11,1,0,winter,932,,,,
London,hour,2023-02-14 12:00:00,2023-02-14,12,1,0,winter,1135,,,,
London,hour,2023-02-14 13:00:00,2023-02-14,13,1,0,winter,1112,,,,
London,hour,2023-02-14 14:00:00,2023-02-14,14,1,0,winter,1167,,,,
London,hour,2023-02-14 15:00:00,2023-02-14,15,1,0,winter,1260,,,,
London,hour,2023-02-14 16:00:00,2023-02-14,16,1,0,winter,1648,,,,
London,hour,2023-02-14 17:00:00,2023-02-14,17,1,0,winter,2921,,,,
London,hour,2023-02-14 18:00:00,2023-02-14,18,1,0,winter,2771,,,,
London,hour,2023-02-14 19:00:00,2023-02-14,19,1,0,winter,1580,,,,
London,hour,2023-02-14 20:00:00,2023-02-14,20,1,0,winter,938,,,,
London,hour,2023-02-14 21:00:00,2023-02-14,21,1,0,winter,595,,,,
London,hour,2023-02-14 22:00:00,2023-02-14,22,1,0,winter,154,,,,
London,hour,2023-02-14 23:00:00,2023-02-14,23,1,0,winter,2,,,,
London,hour,2023-02-15 03:00:00,2023-02-15,3,2,0,winter,20,,,,
London,hour,2023-02-15 04:00:00,2023-02-15,4,2,0,winter,49,,,,
London,hour,2023-02-15 05:00:00,2023-02-15,5,2,0,winter,145,,,,
London,hour,2023-02-15 06:00:00,2023-02-15,6,2,0,winter,602,,,,
London,hour,2023-02-15 07:00:00,2023-02-15,7,2,0,winter,1610,,,,
London,hour,2023-02-15 08:00:00,2023-02-15,8,2,0,winter,2960,,,,
London,hour,2023-02-15 09:00:00,2023-02-15,9,2,0,winter,1607,,,,
London,hour,2023-02-15 10:00:00,2023-02-15,10,2,0,winter,908,,,,
London,hour,2023-02-15 11:00:00,2023-02-15,11,2,0,winter,912,,,,
London,hour,2023-02-15 12:00:00,2023-02-15,12,2,0,winter,1127,,,,
London,hour,2023-02-15 13:00:00,2023-02-15,13,2,0,winter,1249,,,,
London,hour,2023-02-15 14:00:00,2023-02-15,14,2,0,winter,1182,,,,
London,hour,2023-02-15 15:00:00,2023-02-15,15,2,0,winter,1293,,,,
London,hour,2023-02-15 16:00:00,2023-02-15,16,2,0,winter,1697,,,,
London,hour,2023-02-15 17:00:00,2023-02-15,17,2,0,winter,2667,,,,
London,hour,2023-02-15 18:00:00,2023-02-15,18,2,0,winter,2525,,,,
London,hour,2023-02-15 19:00:00,2023-02-15,19,2,0,winter,1603,,,,
London,hour,2023-02-15 20:00:00,2023-02-15,20,2,0,winter,980,,,,
London,hour,2023-02-15 21:00:00,2023-02-15,21,2,0,winter,739,,,,
London,hour,2023-02-15 22:00:00,2023-02-15,22,2,0,winter,666,,,,
London,hour,2023-02-15 23:00:00,2023-02-15,23,2,0,winter,330,,,,
London,hour,2023-02-16 00:00:00,2023-02-16,0,3,0,winter,140,,,,
London,hour,2023-02-16 01:00:00,2023-02-16,1,3,0,winter,83,,,,
London,hour,2023-02-16 02:00:00,2023-02-16,2,3,0,winter,67,,,,
London,hour,2023-02-16 03:00:00,2023-02-16,3,3,0,winter,29,,,,
London,hour,2023-02-16 04:00:00,2023-02-16,4,3,0,winter,44,,,,
London,hour,2023-02-16 05:00:00,2023-02-16,5,3,0,winter,136,,,,
London,hour,2023-02-16 06:00:00,2023-02-16,6,3,0,winter,571,,,,
London,hour,2023-02-16 07:00:00,2023-02-16,7,3,0,winter,1637,,,,
London,hour,2023-02-16 08:00:00,2023-02-16,8,3,0,winter,2962,,,,
London,hour,2023-02-16 09:00:00,2023-02-16,9,3,0,winter,1656,,,,
London,hour,2023-02-16 10:00:00,2023-02-16,10,3,0,winter,932,,,,
London,hour,2023-02-16 11:00:00,2023-02-16,11,3,0,winter,832,,,,
London,hour,2023-02-16 12:00:00,2023-02-16,12,3,0,winter,974,,,,
London,hour,2023-02-16 13:00:00,2023-02-16,13,3,0,winter,948,,,,
London,hour,2023-02-16 14:00:00,2023-02-16,14,3,0,winter,863,,,,
London,hour,2023-02-16 15:00:00,2023-02-16,15,3,0,winter,1081,,,,
London,hour,2023-02-16 16:00:00,2023-02-16,16,3,0,winter,1454,,,,
London,hour,2023-02-16 17:00:00,2023-02-16,17,3,0,winter,2606,,,,
London,hour,2023-02-16 18:00:00,2023-02-16,18,3,0,winter,2410,,,,
London,hour,2023-02-16 19:00:00,2023-02-16,19,3,0,winter,1610,,,,
London,hour,2023-02-16 20:00:00,2023-02-16,20,3,0,winter,1082,,,,
London,hour,2023-02-16 21:00:00,2023-02-16,21,3,0,winter,839,,,,
London,hour,2023-02-16 22:00:00,2023-02-16,22,3,0,winter,703,,,,
London,hour,2023-02-16 23:00:00,2023-02-16,23,3,0,winter,429,,,,
London,hour,2023-02-17 00:00:00,2023-02-17,0,4,0,winter,194,,,,
London,hour,2023-02-17 01:00:00,2023-02-17,1,4,0,winter,135,,,,
London,hour,2023-02-17 02:00:00,2023-02-17,2,4,0,winter,71,,,,
London,hour,2023-02-17 03:00:00,2023-02-17,3,4,0,winter,58,,,,
London,hour,2023-02-17 04:00:00,2023-02-17,4,4,0,winter,51,,,,
London,hour,2023-02-17 05:00:00,2023-02-17,5,4,0,winter,129,,,,
London,hour,2023-02-17 06:00:00,2023-02-17,6,4,0,winter,476,,,,
London,hour,2023-02-17 07:00:00,2023-02-17,7,4,0,winter,1246,,,,
London,hour,2023-02-17 08:00:00,2023-02-17,8,4,0,winter,1985,,,,
London,hour,2023-02-17 09:00:00,2023-02-17,9,4,0,winter,1422,,,,
London,hour,2023-02-17 10:00:00,2023-02-17,10,4,0,winter,1004,,,,
London,hour,2023-02-17 11:00:00,2023-02-17,11,4,0,winter,969,,,,
London,hour,2023-02-17 12:00:00,2023-02-17,12,4,0,winter,1195,,,,
London,hour,2023-02-17 13:00:00,2023-02-17,13,4,0,winter,1210,,,,
London,hour,2023-02-17 14:00:00,2023-02-17,14,4,0,winter,1116,,,,
London,hour,2023-02-17 15:00:00,2023-02-17,15,4,0,winter,1265,,,,
London,hour,2023-02-17 16:00:00,2023-02-17,16,4,0,winter,1593,,,,
London,hour,2023-02-17 17:00:00,2023-02-17,17,4,0,winter,2256,,,,
London,hour,2023-02-17 18:00:00,2023-02-17,18,4,0,winter,1970,,,,
London,hour,2023-02-17 19:00:00,2023-02-17,19,4,0,winter,1430,,,,
London,hour,2023-02-17 20:00:00,2023-02-17,20,4,0,winter,879,,,,
London,hour,2023-02-17 21:00:00,2023-02-17,21,4,0,winter,661,,,,
London,hour,2023-02-17 22:00:00,2023-02-17,22,4,0,winter,560,,,,
London,hour,2023-02-17 23:00:00,2023-02-17,23,4,0,winter,492,,,,
London,hour,2023-02-18 00:00:00,2023-02-18,0,5,1,winter,365,,,,
London,hour,2023-02-18 01:00:00,2023-02-18,1,5,1,winter,268,,,,
London,hour,2023-02-18 02:00:00,2023-02-18,2,5,1,winter,191,,,,
London,hour,2023-02-18 03:00:00,2023-02-18,3,5,1,winter,145,,,,
London,hour,2023-02-18 04:00:00,2023-02-18,4,5,1,winter,85,,,,
London,hour,2023-02-18 05:00:00,2023-02-18,5,5,1,winter,80,,,,
London,hour,2023-02-18 06:00:00,2023-02-18,6,5,1,winter,134,,,,
London,hour,2023-02-18 07:00:00,2023-02-18,7,5,1,winter,291,,,,
London,hour,2023-02-18 08:00:00,2023-02-18,8,5,1,winter,565,,,,
London,hour,2023-02-18 09:00:00,2023-02-18,9,5,1,winter,968,,,,
London,hour,2023-02-18 10:00:00,2023-02-18,10,5,1,winter,1250,,,,
London,hour,2023-02-18 11:00:00,2023-02-18,11,5,1,winter,1424,,,,
London,hour,2023-02-18 12:00:00,2023-02-18,12,5,1,winter,1477,,,,
London,hour,2023-02-18 13:00:00,2023-02-18,13,5,1,winter,1417,,,,
London,hour,2023-02-18 14:00:00,2023-02-18,14,5,1,winter,1332,,,,
London,hour,2023-02-18 15:00:00,2023-02-18,15,5,1,winter,1305,,,,
London,hour,2023-02-18 16:00:00,2023-02-18,16,5,1,winter,1362,,,,
London,hour,2023-02-18 17:00:00,2023-02-18,17,5,1,winter,1277,,,,
London,hour,2023-02-18 18:00:00,2023-02-18,18,5,1,winter,1209,,,,
London,hour,2023-02-18 19:00:00,2023-02-18,19,5,1,winter,954,,,,
London,hour,2023-02-18 20:00:00,2023-02-18,20,5,1,winter,733,,,,
London,hour,2023-02-18 21:00:00,2023-02-18,21,5,1,winter,509,,,,
London,hour,2023-02-18 22:00:00,2023-02-18,22,5,1,winter,537,,,,
London,hour,2023-02-18 23:00:00,2023-02-18,23,5,1,winter,477,,,,
London,hour,2023-02-19 00:00:00,2023-02-19,0,6,1,winter,409,,,,
London,hour,2023-02-19 01:00:00,2023-02-19,1,6,1,winter,273,,,,
London,hour,2023-02-19 02:00:00,2023-02-19,2,6,1,winter,184,,,,
London,hour,2023-02-19 03:00:00,2023-02-19,3,6,1,winter,129,,,,
London,hour,2023-02-19 04:00:00,2023-02-19,4,6,1,winter,88,,,,
London,hour,2023-02-19 05:00:00,2023-02-19,5,6,1,winter,60,,,,
London,hour,2023-02-19 06:00:00,2023-02-19,6,6,1,winter,124,,,,
London,hour,2023-02-19 07:00:00,2023-02-19,7,6,1,winter,211,,,,
London,hour,2023-02-19 08:00:00,2023-02-19,8,6,1,winter,398,,,,
London,hour,2023-02-19 09:00:00,2023-02-19,9,6,1,winter,773,,,,
London,hour,2023-02-19 10:00:00,2023-02-19,10,6,1,winter,1170,,,,
London,hour,2023-02-19 11:00:00,2023-02-19,11,6,1,winter,1445,,,,
London,hour,2023-02-19 12:00:00,2023-02-19,12,6,1,winter,1815,,,,
London,hour,2023-02-19 13:00:00,2023-02-19,13,6,1,winter,1833,,,,
London,hour,2023-02-19 14:00:00,2023-02-19,14,6,1,winter,1719,,,,
London,hour,2023-02-19 15:00:00,2023-02-19,15,6,1,winter,1700,,,,
London,hour,2023-02-19 16:00:00,2023-02-19,16,6,1,winter,1807,,,,
London,hour,2023-02-19 17:00:00,2023-02-19,17,6,1,winter,1482,,,,
London,hour,2023-02-19 18:00:00,2023-02-19,18,6,1,winter,1082,,,,
London,hour,2023-02-19 19:00:00,2023-02-19,19,6,1,winter,748,,,,
London,hour,2023-02-19 20:00:00,2023-02-19,20,6,1,winter,545,,,,
London,hour,2023-02-19 21:00:00,2023-02-19,21,6,1,winter,426,,,,
London,hour,2023-02-19 22:00:00,2023-02-19,22,6,1,winter,344,,,,
London,hour,2023-02-19 23:00:00,2023-02-19,23,6,1,winter,200,,,,
London,hour,2023-02-20 00:00:00,2023-02-20,0,0,0,winter,107,,,,
London,hour,2023-02-20 01:00:00,2023-02-20,1,0,0,winter,62,,,,
London,hour,2023-02-20 02:00:00,2023-02-20,2,0,0,winter,28,,,,
London,hour,2023-02-20 03:00:00,2023-02-20,3,0,0,winter,22,,,,
London,hour,2023-02-20 04:00:00,2023-02-20,4,0,0,winter,47,,,,
London,hour,2023-02-20 05:00:00,2023-02-20,5,0,0,winter,147,,,,
London,hour,2023-02-20 06:00:00,2023-02-20,6,0,0,winter,606,,,,
London,hour,2023-02-20 07:00:00,2023-02-20,7,0,0,winter,1739,,,,
London,hour,2023-02-20 08:00:00,2023-02-20,8,0,0,winter,2904,,,,
London,hour,2023-02-20 09:00:00,2023-02-20,9,0,0,winter,1388,,,,
London,hour,2023-02-20 10:00:00,2023-02-20,10,0,0,winter,833,,,,
London,hour,2023-02-20 11:00:00,2023-02-20,11,0,0,winter,793,,,,
London,hour,2023-02-20 12:00:00,2023-02-20,12,0,0,winter,980,,,,
London,hour,2023-02-20 13:00:00,2023-02-20,13,0,0,winter,908,,,,
London,hour,2023-02-20 14:00:00,2023-02-20,14,0,0,winter,867,,,,
London,hour,2023-02-20 15:00:00,2023-02-20,15,0,0,winter,1061,,,,
London,hour,2023-02-20 16:00:00,2023-02-20,16,0,0,winter,1524,,,,
London,hour,2023-02-20 17:00:00,2023-02-20,17,0,0,winter,2639,,,,
London,hour,2023-02-20 18:00:00,2023-02-20,18,0,0,winter,2605,,,,
London,hour,2023-02-20 19:00:00,2023-02-20,19,0,0,winter,1537,,,,
London,hour,2023-02-20 20:00:00,2023-02-20,20,0,0,winter,999,,,,
London,hour,2023-02-20 21:00:00,2023-02-20,21,0,0,winter,676,,,,
London,hour,2023-02-20 22:00:00,2023-02-20,22,0,0,winter,459,,,,
London,hour,2023-02-20 23:00:00,2023-02-20,23,0,0,winter,234,,,,
London,hour,2023-02-21 00:00:00,2023-02-21,0,1,0,winter,38,,,,
London,hour,2023-02-21 03:00:00,2023-02-21,3,1,0,winter,16,,,,
London,hour,2023-02-21 04:00:00,2023-02-21,4,1,0,winter,52,,,,
London,hour,2023-02-21 05:00:00,2023-02-21,5,1,0,winter,175,,,,
London,hour,2023-02-21 06:00:00,2023-02-21,6,1,0,winter,761,,,,
London,hour,2023-02-21 07:00:00,2023-02-21,7,1,0,winter,2121,,,,
London,hour,2023-02-21 08:00:00,2023-02-21,8,1,0,winter,3559,,,,
London,hour,2023-02-21 09:00:00,2023-02-21,9,1,0,winter,1689,,,,
London,hour,2023-02-21 10:00:00,2023-02-21,10,1,0,winter,938,,,,
London,hour,2023-02-21 11:00:00,2023-02-21,11,1,0,winter,822,,,,
London,hour,2023-02-21 12:00:00,2023-02-21,12,1,0,winter,901,,,,
London,hour,2023-02-21 13:00:00,2023-02-21,13,1,0,winter,939,,,,
London,hour,2023-02-21 14:00:00,2023-02-21,14,1,0,winter,904,,,,
London,hour,2023-02-21 15:00:00,2023-02-21,15,1,0,winter,965,,,,
London,hour,2023-02-21 16:00:00,2023-02-21,16,1,0,winter,1525,,,,
London,hour,2023-02-21 17:00:00,2023-02-21,17,1,0,winter,2840,,,,
London,hour,2023-02-21 18:00:00,2023-02-21,18,1,0,winter,2828,,,,
London,hour,2023-02-21 19:00:00,2023-02-21,19,1,0,winter,1744,,,,
London,hour,2023-02-21 20:00:00,2023-02-21,20,1,0,winter,1084,,,,
London,hour,2023-02-21 21:00:00,2023-02-21,21,1,0,winter,720,,,,
London,hour,2023-02-21 22:00:00,2023-02-21,22,1,0,winter,583,,,,
London,hour,2023-02-21 23:00:00,2023-02-21,23,1,0,winter,306,,,,
London,hour,2023-02-22 00:00:00,2023-02-22,0,2,0,winter,100,,,,
London,hour,2023-02-22 01:00:00,2023-02-22,1,2,0,winter,30,,,,
London,hour,2023-02-22 02:00:00,2023-02-22,2,2,0,winter,28,,,,
London,hour,2023-02-22 03:00:00,2023-02-22,3,2,0,winter,29,,,,
London,hour,2023-02-22 04:00:00,2023-02-22,4,2,0,winter,39,,,,
London,hour,2023-02-22 05:00:00,2023-02-22,5,2,0,winter,151,,,,
London,hour,2023-02-22 06:00:00,2023-02-22,6,2,0,winter,540,,,,
London,hour,2023-02-22 07:00:00,2023-02-22,7,2,0,winter,1109,,,,
London,hour,2023-02-22 08:00:00,2023-02-22,8,2,0,winter,1890,,,,
London,hour,2023-02-22 09:00:00,2023-02-22,9,2,0,winter,1306,,,,
London,hour,2023-02-22 10:00:00,2023-02-22,10,2,0,winter,699,,,,
London,hour,2023-02-22 11:00:00,2023-02-22,11,2,0,winter,722,,,,
London,hour,2023-02-22 12:00:00,2023-02-22,12,2,0,winter,814,,,,
London,hour,2023-02-22 13:00:00,2023-02-22,13,2,0,winter,792,,,,
London,hour,2023-02-22 14:00:00,2023-02-22,14,2,0,winter,749,,,,
London,hour,2023-02-22 15:00:00,2023-02-22,15,2,0,winter,955,,,,
London,hour,2023-02-22 16:00:00,2023-02-22,16,2,0,winter,1436,,,,
London,hour,2023-02-22 17:00:00,2023-02-22,17,2,0,winter,2636,,,,
London,hour,2023-02-22 18:00:00,2023-02-22,18,2,0,winter,2587,,,,
London,hour,2023-02-22 19:00:00,2023-02-22,19,2,0,winter,1701,,,,
London,hour,2023-02-22 20:00:00,2023-02-22,20,2,0,winter,1066,,,,
London,hour,2023-02-22 21:00:00,2023-02-22,21,2,0,winter,784,,,,
London,hour,2023-02-22 22:00:00,2023-02-22,22,2,0,winter,610,,,,
London,hour,2023-02-22 23:00:00,2023-02-22,23,2,0,winter,305,,,,
London,hour,2023-02-23 00:00:00,2023-02-23,0,3,0,winter,142,,,,
London,hour,2023-02-23 01:00:00,2023-02-23,1,3,0,winter,95,,,,
London,hour,2023-02-23 02:00:00,2023-02-23,2,3,0,winter,49,,,,
London,hour,2023-02-23 03:00:00,2023-02-23,3,3,0,winter,34,,,,
London,hour,2023-02-23 04:00:00,2023-02-23,4,3,0,winter,37,,,,
London,hour,2023-02-23 05:00:00,2023-02-23,5,3,0,winter,164,,,,
London,hour,2023-02-23 06:00:00,2023-02-23,6,3,0,winter,658,,,,
London,hour,2023-02-23 07:00:00,2023-02-23,7,3,0,winter,1872,,,,
London,hour,2023-02-23 08:00:00,2023-02-23,8,3,0,winter,3501,,,,
London,hour,2023-02-23 09:00:00,2023-02-23,9,3,0,winter,1723,,,,
London,hour,2023-02-23 10:00:00,2023-02-23,10,3,0,winter,981,,,,
London,hour,2023-02-23 11:00:00,2023-02-23,11,3,0,winter,904,,,,
London,hour,2023-02-23 12:00:00,2023-02-23,12,3,0,winter,992,,,,
London,hour,2023-02-23 13:00:00,2023-02-23,13,3,0,winter,1092,,,,
London,hour,2023-02-23 14:00:00,2023-02-23,14,3,0,winter,877,,,,
London,hour,2023-02-23 15:00:00,2023-02-23,15,3,0,winter,939,,,,
London,hour,2023-02-23 16:00:00,2023-02-23,16,3,0,winter,1286,,,,
London,hour,2023-02-23 17:00:00,2023-02-23,17,3,0,winter,2264,,,,
London,hour,2023-02-23 18:00:00,2023-02-23,18,3,0,winter,2447,,,,
London,hour,2023-02-23 19:00:00,2023-02-23,19,3,0,winter,1462,,,,
London,hour,2023-02-23 20:00:00,2023-02-23,20,3,0,winter,992,,,,
London,hour,2023-02-23 21:00:00,2023-02-23,21,3,0,winter,730,,,,
London,hour,2023-02-23 22:00:00,2023-02-23,22,3,0,winter,643,,,,
London,hour,2023-02-23 23:00:00,2023-02-23,23,3,0,winter,405,,,,
London,hour,2023-02-24 00:00:00,2023-02-24,0,4,0,winter,29,,,,
London,hour,2023-02-24 01:00:00,2023-02-24,1,4,0,winter,57,,,,
London,hour,2023-02-24 02:00:00,2023-02-24,2,4,0,winter,60,,,,
London,hour,2023-02-24 03:00:00,2023-02-24,3,4,0,winter,41,,,,
London,hour,2023-02-24 04:00:00,2023-02-24,4,4,0,winter,37,,,,
London,hour,2023-02-24 05:00:00,2023-02-24,5,4,0,winter,144,,,,
London,hour,2023-02-24 06:00:00,2023-02-24,6,4,0,winter,499,,,,
London,hour,2023-02-24 07:00:00,2023-02-24,7,4,0,winter,1418,,,,
London,hour,2023-02-24 08:00:00,2023-02-24,8,4,0,winter,2318,,,,
London,hour,2023-02-24 09:00:00,2023-02-24,9,4,0,winter,1486,,,,
London,hour,2023-02-24 10:00:00,2023-02-24,10,4,0,winter,976,,,,
London,hour,2023-02-24 11:00:00,2023-02-24,11,4,0,winter,971,,,,
London,hour,2023-02-24 12:00:00,2023-02-24,12,4,0,winter,903,,,,
London,hour,2023-02-24 13:00:00,2023-02-24,13,4,0,winter,1013,,,,
London,hour,2023-02-24 14:00:00,2023-02-24,14,4,0,winter,988,,,,
London,hour,2023-02-24 15:00:00,2023-02-24,15,4,0,winter,1305,,,,
London,hour,2023-02-24 16:00:00,2023-02-24,16,4,0,winter,1507,,,,
London,hour,2023-02-24 17:00:00,2023-02-24,17,4,0,winter,2134,,,,
London,hour,2023-02-24 18:00:00,2023-02-24,18,4,0,winter,1961,,,,
London,hour,2023-02-24 19:00:00,2023-02-24,19,4,0,winter,1386,,,,
London,hour,2023-02-24 20:00:00,2023-02-24,20,4,0,winter,867,,,,
London,hour,2023-02-24 21:00:00,2023-02-24,21,4,0,winter,576,,,,
London,hour,2023-02-24 22:00:00,2023-02-24,22,4,0,winter,604,,,,
London,hour,2023-02-24 23:00:00,2023-02-24,23,4,0,winter,435,,,,
London,hour,2023-02-25 00:00:00,2023-02-25,0,5,1,winter,343,,,,
London,hour,2023-02-25 01:00:00,2023-02-25,1,5,1,winter,212,,,,
London,hour,2023-02-25 02:00:00,2023-02-25,2,5,1,winter,126,,,,
London,hour,2023-02-25 03:00:00,2023-02-25,3,5,1,winter,107,,,,
London,hour,2023-02-25 04:00:00,2023-02-25,4,5,1,winter,76,,,,
London,hour,2023-02-25 05:00:00,2023-02-25,5,5,1,winter,65,,,,
London,hour,2023-02-25 06:00:00,2023-02-25,6,5,1,winter,126,,,,
London,hour,2023-02-25 07:00:00,2023-02-25,7,5,1,winter,308,,,,
London,hour,2023-02-25 08:00:00,2023-02-25,8,5,1,winter,626,,,,
London,hour,2023-02-25 09:00:00,2023-02-25,9,5,1,winter,1019,,,,
London,hour,2023-02-25 10:00:00,2023-02-25,10,5,1,winter,1153,,,,
London,hour,2023-02-25 11:00:00,2023-02-25,11,5,1,winter,1411,,,,
London,hour,2023-02-25 12:00:00,2023-02-25,12,5,1,winter,1458,,,,
London,hour,2023-02-25 13:00:00,2023-02-25,13,5,1,winter,1560,,,,
London,hour,2023-02-25 14:00:00,2023-02-25,14,5,1,winter,1513,,,,
London,hour,2023-02-25 15:00:00,2023-02-25,15,5,1,winter,1477,,,,
London,hour,2023-02-25 16:00:00,2023-02-25,16,5,1,winter,1295,,,,
London,hour,2023-02-25 17:00:00,2023-02-25,17,5,1,winter,1211,,,,
London,hour,2023-02-25 18:00:00,2023-02-25,18,5,1,winter,1042,,,,
London,hour,2023-02-25 19:00:00,2023-02-25,19,5,1,winter,849,,,,
London,hour,2023-02-25 20:00:00,2023-02-25,20,5,1,winter,606,,,,
London,hour,2023-02-25 21:00:00,2023-02-25,21,5,1,winter,455,,,,
London,hour,2023-02-25 22:00:00,2023-02-25,22,5,1,winter,384,,,,
London,hour,2023-02-25 23:00:00,2023-02-25,23,5,1,winter,355,,,,
London,hour,2023-02-26 00:00:00,2023-02-26,0,6,1,winter,289,,,,
London,hour,2023-02-26 01:00:00,2023-02-26,1,6,1,winter,172,,,,
London,hour,2023-02-26 02:00:00,2023-02-26,2,6,1,winter,138,,,,
London,hour,2023-02-26 03:00:00,2023-02-26,3,6,1,winter,96,,,,
London,hour,2023-02-26 04:00:00,2023-02-26,4,6,1,winter,73,,,,
London,hour,2023-02-26 05:00:00,2023-02-26,5,6,1,winter,64,,,,
London,hour,2023-02-26 06:00:00,2023-02-26,6,6,1,winter,96,,,,
London,hour,2023-02-26 07:00:00,2023-02-26,7,6,1,winter,190,,,,
London,hour,2023-02-26 08:00:00,2023-02-26,8,6,1,winter,378,,,,
London,hour,2023-02-26 09:00:00,2023-02-26,9,6,1,winter,698,,,,
London,hour,2023-02-26 10:00:00,2023-02-26,10,6,1,winter,1089,,,,
London,hour,2023-02-26 11:00:00,2023-02-26,11,6,1,winter,1260,,,,
London,hour,2023-02-26 12:00:00,2023-02-26,12,6,1,winter,1338,,,,
London,hour,2023-02-26 13:00:00,2023-02-26,13,6,1,winter,1313,,,,
London,hour,2023-02-26 14:00:00,2023-02-26,14,6,1,winter,1231,,,,
London,hour,2023-02-26 15:00:00,2023-02-26,15,6,1,winter,1209,,,,
London,hour,2023-02-26 16:00:00,2023-02-26,16,6,1,winter,1177,,,,
London,hour,2023-02-26 17:00:00,2023-02-26,17,6,1,winter,995,,,,
London,hour,2023-02-26 18:00:00,2023-02-26,18,6,1,winter,788,,,,
London,hour,2023-02-26 19:00:00,2023-02-26,19,6,1,winter,636,,,,
London,hour,2023-02-26 20:00:00,2023-02-26,20,6,1,winter,416,,,,
London,hour,2023-02-26 21:00:00,2023-02-26,21,6,1,winter,295,,,,
London,hour,2023-02-26 22:00:00,2023-02-26,22,6,1,winter,226,,,,
London,hour,2023-02-26 23:00:00,2023-02-26,23,6,1,winter,192,,,,
London,hour,2023-03-01 00:00:00,2023-03-01,0,2,0,spring,102,,,,
London,hour,2023-03-01 01:00:00,2023-03-01,1,2,0,spring,62,,,,
London,hour,2023-03-01 02:00:00,2023-03-01,2,2,0,spring,33,,,,
London,hour,2023-03-01 03:00:00,2023-03-01,3,2,0,spring,16,,,,
London,hour,2023-03-01 04:00:00,2023-03-01,4,2,0,spring,38,,,,
London,hour,2023-03-01 05:00:00,2023-03-01,5,2,0,spring,119,,,,
London,hour,2023-03-01 06:00:00,2023-03-01,6,2,0,spring,415,,,,
London,hour,2023-03-01 07:00:00,2023-03-01,7,2,0,spring,890,,,,
London,hour,2023-03-01 08:00:00,2023-03-01,8,2,0,spring,1682,,,,
London,hour,2023-03-01 09:00:00,2023-03-01,9,2,0,spring,871,,,,
London,hour,2023-03-01 10:00:00,2023-03-01,10,2,0,spring,319,,,,
London,hour,2023-03-01 11:00:00,2023-03-01,11,2,0,spring,267,,,,
London,hour,2023-03-01 12:00:00,2023-03-01,12,2,0,spring,425,,,,
London,hour,2023-03-01 13:00:00,2023-03-01,13,2,0,spring,495,,,,
London,hour,2023-03-01 14:00:00,2023-03-01,14,2,0,spring,481,,,,
London,hour,2023-03-01 15:00:00,2023-03-01,15,2,0,spring,661,,,,
London,hour,2023-03-01 16:00:00,2023-03-01,16,2,0,spring,848,,,,
London,hour,2023-03-01 17:00:00,2023-03-01,17,2,0,spring,1327,,,,
London,hour,2023-03-01 18:00:00,2023-03-01,18,2,0,spring,1371,,,,
London,hour,2023-03-01 19:00:00,2023-03-01,19,2,0,spring,816,,,,
London,hour,2023-03-01 20:00:00,2023-03-01,20,2,0,spring,447,,,,
London,hour,2023-03-01 21:00:00,2023-03-01,21,2,0,spring,347,,,,
London,hour,2023-03-01 22:00:00,2023-03-01,22,2,0,spring,272,,,,
London,hour,2023-03-01 23:00:00,2023-03-01,23,2,0,spring,173,,,,
London,hour,2023-03-02 00:00:00,2023-03-02,0,3,0,spring,209,,,,
London,hour,2023-03-02 01:00:00,2023-03-02,1,3,0,spring,113,,,,
London,hour,2023-03-02 02:00:00,2023-03-02,2,3,0,spring,66,,,,
London,hour,2023-03-02 03:00:00,2023-03-02,3,3,0,spring,40,,,,
London,hour,2023-03-02 04:00:00,2023-03-02,4,3,0,spring,57,,,,
London,hour,2023-03-02 05:00:00,2023-03-02,5,3,0,spring,148,,,,
London,hour,2023-03-02 06:00:00,2023-03-02,6,3,0,spring,485,,,,
London,hour,2023-03-02 07:00:00,2023-03-02,7,3,0,spring,1210,,,,
London,hour,2023-03-02 08:00:00,2023-03-02,8,3,0,spring,2135,,,,
London,hour,2023-03-02 09:00:00,2023-03-02,9,3,0,spring,1409,,,,
London,hour,2023-03-02 10:00:00,2023-03-02,10,3,0,spring,980,,,,
London,hour,2023-03-02 11:00:00,2023-03-02,11,3,0,spring,951,,,,
London,hour,2023-03-02 12:00:00,2023-03-02,12,3,0,spring,1230,,,,
London,hour,2023-03-02 13:00:00,2023-03-02,13,3,0,spring,1218,,,,
London,hour,2023-03-02 14:00:00,2023-03-02,14,3,0,spring,1089,,,,
London,hour,2023-03-02 15:00:00,2023-03-02,15,3,0,spring,1224,,,,
London,hour,2023-03-02 16:00:00,2023-03-02,16,3,0,spring,1565,,,,
London,hour,2023-03-02 17:00:00,2023-03-02,17,3,0,spring,2110,,,,
London,hour,2023-03-02 18:00:00,2023-03-02,18,3,0,spring,1988,,,,
London,hour,2023-03-02 19:00:00,2023-03-02,19,3,0,spring,1390,,,,
London,hour,2023-03-02 20:00:00,2023-03-02,20,3,0,spring,942,,,,
London,hour,2023-03-02 21:00:00,2023-03-02,21,3,0,spring,703,,,,
London,hour,2023-03-02 22:00:00,2023-03-02,22,3,0,spring,702,,,,
London,hour,2023-03-02 23:00:00,2023-03-02,23,3,0,spring,509,,,,
London,hour,2023-03-03 00:00:00,2023-03-03,0,4,0,spring,178,,,,
London,hour,2023-03-03 01:00:00,2023-03-03,1,4,0,spring,99,,,,
London,hour,2023-03-03 02:00:00,2023-03-03,2,4,0,spring,64,,,,
London,hour,2023-03-03 03:00:00,2023-03-03,3,4,0,spring,52,,,,
London,hour,2023-03-03 04:00:00,2023-03-03,4,4,0,spring,65,,,,
London,hour,2023-03-03 05:00:00,2023-03-03,5,4,0,spring,146,,,,
London,hour,2023-03-03 06:00:00,2023-03-03,6,4,0,spring,488,,,,
London,hour,2023-03-03 07:00:00,2023-03-03,7,4,0,spring,1394,,,,
London,hour,2023-03-03 08:00:00,2023-03-03,8,4,0,spring,2306,,,,
London,hour,2023-03-03 09:00:00,2023-03-03,9,4,0,spring,1489,,,,
London,hour,2023-03-03 10:00:00,2023-03-03,10,4,0,spring,996,,,,
London,hour,2023-03-03 11:00:00,2023-03-03,11,4,0,spring,929,,,,
London,hour,2023-03-03 12:00:00,2023-03-03,12,4,0,spring,1064,,,,
London,hour,2023-03-03 13:00:00,2023-03-03,13,4,0,spring,1092,,,,
London,hour,2023-03-03 14:00:00,2023-03-03,14,4,0,spring,1049,,,,
London,hour,2023-03-03 15:00:00,2023-03-03,15,4,0,spring,1133,,,,
London,hour,2023-03-03 16:00:00,2023-03-03,16,4,0,spring,1458,,,,
London,hour,2023-03-03 17:00:00,2023-03-03,17,4,0,spring,2070,,,,
London,hour,2023-03-03 18:00:00,2023-03-03,18,4,0,spring,1903,,,,
London,hour,2023-03-03 19:00:00,2023-03-03,19,4,0,spring,1264,,,,
London,hour,2023-03-03 20:00:00,2023-03-03,20,4,0,spring,860,,,,
London,hour,2023-03-03 21:00:00,2023-03-03,21,4,0,spring,578,,,,
London,hour,2023-03-03 22:00:00,2023-03-03,22,4,0,spring,545,,,,
London,hour,2023-03-03 23:00:00,2023-03-03,23,4,0,spring,457,,,,
London,hour,2023-03-04 00:00:00,2023-03-04,0,5,1,spring,228,,,,
London,hour,2023-03-04 01:00:00,2023-03-04,1,5,1,spring,134,,,,
London,hour,2023-03-04 02:00:00,2023-03-04,2,5,1,spring,68,,,,
London,hour,2023-03-04 03:00:00,2023-03-04,3,5,1,spring,66,,,,
London,hour,2023-03-04 04:00:00,2023-03-04,4,5,1,spring,88,,,,
London,hour,2023-03-04 05:00:00,2023-03-04,5,5,1,spring,266,,,,
London,hour,2023-03-04 06:00:00,2023-03-04,6,5,1,spring,1054,,,,
London,hour,2023-03-04 07:00:00,2023-03-04,7,5,1,spring,2952,,,,
London,hour,2023-03-04 08:00:00,2023-03-04,8,5,1,spring,5008,,,,
London,hour,2023-03-04 09:00:00,2023-03-04,9,5,1,spring,2592,,,,
London,hour,2023-03-04 10:00:00,2023-03-04,10,5,1,spring,1724,,,,
London,hour,2023-03-04 11:00:00,2023-03-04,11,5,1,spring,1578,,,,
London,hour,2023-03-04 12:00:00,2023-03-04,12,5,1,spring,1834,,,,
London,hour,2023-03-04 13:00:00,2023-03-04,13,5,1,spring,2120,,,,
London,hour,2023-03-04 14:00:00,2023-03-04,14,5,1,spring,2164,,,,
London,hour,2023-03-04 15:00:00,2023-03-04,15,5,1,spring,2288,,,,
London,hour,2023-03-04 16:00:00,2023-03-04,16,5,1,spring,3178,,,,
London,hour,2023-03-04 17:00:00,2023-03-04,17,5,1,spring,5532,,,,
London,hour,2023-03-04 18:00:00,2023-03-04,18,5,1,spring,5476,,,,
London,hour,2023-03-04 19:00:00,2023-03-04,19,5,1,spring,3400,,,,
London,hour,2023-03-04 20:00:00,2023-03-04,20,5,1,spring,1976,,,,
London,hour,2023-03-04 21:00:00,2023-03-04,21,5,1,spring,1202,,,,
London,hour,2023-03-04 22:00:00,2023-03-04,22,5,1,spring,958,,,,
London,hour,2023-03-04 23:00:00,2023-03-04,23,5,1,spring,444,,,,
London,hour,2023-03-05 00:00:00,2023-03-05,0,6,1,spring,118,,,,
London,hour,2023-03-05 01:00:00,2023-03-05,1,6,1,spring,62,,,,
London,hour,2023-03-05 02:00:00,2023-03-05,2,6,1,spring,47,,,,
London,hour,2023-03-05 03:00:00,2023-03-05,3,6,1,spring,33,,,,
London,hour,2023-03-05 04:00:00,2023-03-05,4,6,1,spring,61,,,,
London,hour,2023-03-05 05:00:00,2023-03-05,5,6,1,spring,187,,,,
London,hour,2023-03-05 06:00:00,2023-03-05,6,6,1,spring,778,,,,
London,hour,2023-03-05 07:00:00,2023-03-05,7,6,1,spring,2207,,,,
London,hour,2023-03-05 08:00:00,2023-03-05,8,6,1,spring,3692,,,,
London,hour,2023-03-05 09:00:00,2023-03-05,9,6,1,spring,1878,,,,
London,hour,2023-03-05 10:00:00,2023-03-05,10,6,1,spring,1136,,,,
London,hour,2023-03-05 11:00:00,2023-03-05,11,6,1,spring,985,,,,
London,hour,2023-03-05 12:00:00,2023-03-05,12,6,1,spring,1153,,,,
London,hour,2023-03-05 13:00:00,2023-03-05,13,6,1,spring,1271,,,,
London,hour,2023-03-05 14:00:00,2023-03-05,14,6,1,spring,1135,,,,
London,hour,2023-03-05 15:00:00,2023-03-05,15,6,1,spring,1327,,,,
London,hour,2023-03-05 16:00:00,2023-03-05,16,6,1,spring,1810,,,,
London,hour,2023-03-05 17:00:00,2023-03-05,17,6,1,spring,3353,,,,
London,hour,2023-03-05 18:00:00,2023-03-05,18,6,1,spring,3434,,,,
London,hour,2023-03-05 19:00:00,2023-03-05,19,6,1,spring,2147,,,,
London,hour,2023-03-05 20:00:00,2023-03-05,20,6,1,spring,1299,,,,
London,hour,2023-03-05 21:00:00,2023-03-05,21,6,1,spring,829,,,,
London,hour,2023-03-05 22:00:00,2023-03-05,22,6,1,spring,607,,,,
London,hour,2023-03-05 23:00:00,2023-03-05,23,6,1,spring,335,,,,
London,hour,2023-03-06 00:00:00,2023-03-06,0,0,0,spring,367,,,,
London,hour,2023-03-06 01:00:00,2023-03-06,1,0,0,spring,251,,,,
London,hour,2023-03-06 02:00:00,2023-03-06,2,0,0,spring,165,,,,
London,hour,2023-03-06 03:00:00,2023-03-06,3,0,0,spring,95,,,,
London,hour,2023-03-06 04:00:00,2023-03-06,4,0,0,spring,70,,,,
London,hour,2023-03-06 05:00:00,2023-03-06,5,0,0,spring,65,,,,
London,hour,2023-03-06 06:00:00,2023-03-06,6,0,0,spring,127,,,,
London,hour,2023-03-06 07:00:00,2023-03-06,7,0,0,spring,324,,,,
London,hour,2023-03-06 08:00:00,2023-03-06,8,0,0,spring,689,,,,
London,hour,2023-03-06 09:00:00,2023-03-06,9,0,0,spring,1032,,,,
London,hour,2023-03-06 10:00:00,2023-03-06,10,0,0,spring,1445,,,,
London,hour,2023-03-06 11:00:00,2023-03-06,11,0,0,spring,1670,,,,
London,hour,2023-03-06 12:00:00,2023-03-06,12,0,0,spring,1878,,,,
London,hour,2023-03-06 13:00:00,2023-03-06,13,0,0,spring,2042,,,,
London,hour,2023-03-06 14:00:00,2023-03-06,14,0,0,spring,2112,,,,
London,hour,2023-03-06 15:00:00,2023-03-06,15,0,0,spring,1872,,,,
London,hour,2023-03-06 16:00:00,2023-03-06,16,0,0,spring,1884,,,,
London,hour,2023-03-06 17:00:00,2023-03-06,17,0,0,spring,2083,,,,
London,hour,2023-03-06 18:00:00,2023-03-06,18,0,0,spring,1829,,,,
London,hour,2023-03-06 19:00:00,2023-03-06,19,0,0,spring,1627,,,,
London,hour,2023-03-06 20:00:00,2023-03-06,20,0,0,spring,1150,,,,
London,hour,2023-03-06 21:00:00,2023-03-06,21,0,0,spring,838,,,,
London,hour,2023-03-06 22:00:00,2023-03-06,22,0,0,spring,704,,,,
London,hour,2023-03-06 23:00:00,2023-03-06,23,0,0,spring,627,,,,
London,hour,2023-03-07 00:00:00,2023-03-07,0,1,0,spring,185,,,,
London,hour,2023-03-07 01:00:00,2023-03-07,1,1,0,spring,97,,,,
London,hour,2023-03-07 02:00:00,2023-03-07,2,1,0,spring,52,,,,
London,hour,2023-03-07 03:00:00,2023-03-07,3,1,0,spring,59,,,,
London,hour,2023-03-07 04:00:00,2023-03-07,4,1,0,spring,54,,,,
London,hour,2023-03-07 05:00:00,2023-03-07,5,1,0,spring,189,,,,
London,hour,2023-03-07 06:00:00,2023-03-07,6,1,0,spring,705,,,,
London,hour,2023-03-07 07:00:00,2023-03-07,7,1,0,spring,1934,,,,
London,hour,2023-03-07 08:00:00,2023-03-07,8,1,0,spring,3225,,,,
London,hour,2023-03-07 09:00:00,2023-03-07,9,1,0,spring,1605,,,,
London,hour,2023-03-07 10:00:00,2023-03-07,10,1,0,spring,997,,,,
London,hour,2023-03-07 11:00:00,2023-03-07,11,1,0,spring,969,,,,
London,hour,2023-03-07 12:00:00,2023-03-07,12,1,0,spring,1158,,,,
London,hour,2023-03-07 13:00:00,2023-03-07,13,1,0,spring,1225,,,,
London,hour,2023-03-07 14:00:00,2023-03-07,14,1,0,spring,901,,,,
London,hour,2023-03-07 15:00:00,2023-03-07,15,1,0,spring,1098,,,,
London,hour,2023-03-07 16:00:00,2023-03-07,16,1,0,spring,1684,,,,
London,hour,2023-03-07 17:00:00,2023-03-07,17,1,0,spring,3307,,,,
London,hour,2023-03-07 18:00:00,2023-03-07,18,1,0,spring,3106,,,,
London,hour,2023-03-07 19:00:00,2023-03-07,19,1,0,spring,2026,,,,
London,hour,2023-03-07 20:00:00,2023-03-07,20,1,0,spring,1331,,,,
London,hour,2023-03-07 21:00:00,2023-03-07,21,1,0,spring,926,,,,
London,hour,2023-03-07 22:00:00,2023-03-07,22,1,0,spring,579,,,,
London,hour,2023-03-07 23:00:00,2023-03-07,23,1,0,spring,321,,,,
London,hour,2023-03-08 00:00:00,2023-03-08,0,2,0,spring,212,,,,
London,hour,2023-03-08 01:00:00,2023-03-08,1,2,0,spring,83,,,,
London,hour,2023-03-08 02:00:00,2023-03-08,2,2,0,spring,55,,,,
London,hour,2023-03-08 03:00:00,2023-03-08,3,2,0,spring,47,,,,
London,hour,2023-03-08 04:00:00,2023-03-08,4,2,0,spring,63,,,,
London,hour,2023-03-08 05:00:00,2023-03-08,5,2,0,spring,165,,,,
London,hour,2023-03-08 06:00:00,2023-03-08,6,2,0,spring,676,,,,
London,hour,2023-03-08 07:00:00,2023-03-08,7,2,0,spring,1826,,,,
London,hour,2023-03-08 08:00:00,2023-03-08,8,2,0,spring,3243,,,,
London,hour,2023-03-08 09:00:00,2023-03-08,9,2,0,spring,1887,,,,
London,hour,2023-03-08 10:00:00,2023-03-08,10,2,0,spring,1152,,,,
London,hour,2023-03-08 11:00:00,2023-03-08,11,2,0,spring,1100,,,,
London,hour,2023-03-08 12:00:00,2023-03-08,12,2,0,spring,1338,,,,
London,hour,2023-03-08 13:00:00,2023-03-08,13,2,0,spring,1245,,,,
London,hour,2023-03-08 14:00:00,2023-03-08,14,2,0,spring,1214,,,,
London,hour,2023-03-08 15:00:00,2023-03-08,15,2,0,spring,1422,,,,
London,hour,2023-03-08 16:00:00,2023-03-08,16,2,0,spring,1756,,,,
London,hour,2023-03-08 17:00:00,2023-03-08,17,2,0,spring,3104,,,,
London,hour,2023-03-08 18:00:00,2023-03-08,18,2,0,spring,3152,,,,
London,hour,2023-03-08 19:00:00,2023-03-08,19,2,0,spring,2090,,,,
London,hour,2023-03-08 20:00:00,2023-03-08,20,2,0,spring,1444,,,,
London,hour,2023-03-08 21:00:00,2023-03-08,21,2,0,spring,1081,,,,
London,hour,2023-03-08 22:00:00,2023-03-08,22,2,0,spring,893,,,,
London,hour,2023-03-08 23:00:00,2023-03-08,23,2,0,spring,574,,,,
London,hour,2023-03-09 00:00:00,2023-03-09,0,3,0,spring,455,,,,
London,hour,2023-03-09 01:00:00,2023-03-09,1,3,0,spring,312,,,,
London,hour,2023-03-09 02:00:00,2023-03-09,2,3,0,spring,234,,,,
London,hour,2023-03-09 03:00:00,2023-03-09,3,3,0,spring,144,,,,
London,hour,2023-03-09 04:00:00,2023-03-09,4,3,0,spring,90,,,,
London,hour,2023-03-09 05:00:00,2023-03-09,5,3,0,spring,83,,,,
London,hour,2023-03-09 06:00:00,2023-03-09,6,3,0,spring,148,,,,
London,hour,2023-03-09 07:00:00,2023-03-09,7,3,0,spring,319,,,,
London,hour,2023-03-09 08:00:00,2023-03-09,8,3,0,spring,555,,,,
London,hour,2023-03-09 09:00:00,2023-03-09,9,3,0,spring,927,,,,
London,hour,2023-03-09 10:00:00,2023-03-09,10,3,0,spring,1273,,,,
London,hour,2023-03-09 11:00:00,2023-03-09,11,3,0,spring,1640,,,,
London,hour,2023-03-09 12:00:00,2023-03-09,12,3,0,spring,1919,,,,
London,hour,2023-03-09 13:00:00,2023-03-09,13,3,0,spring,2048,,,,
London,hour,2023-03-09 14:00:00,2023-03-09,14,3,0,spring,1962,,,,
London,hour,2023-03-09 15:00:00,2023-03-09,15,3,0,spring,2030,,,,
London,hour,2023-03-09 16:00:00,2023-03-09,16,3,0,spring,2064,,,,
London,hour,2023-03-09 17:00:00,2023-03-09,17,3,0,spring,1911,,,,
London,hour,2023-03-09 18:00:00,2023-03-09,18,3,0,spring,1756,,,,
London,hour,2023-03-09 19:00:00,2023-03-09,19,3,0,spring,1411,,,,
London,hour,2023-03-09 20:00:00,2023-03-09,20,3,0,spring,963,,,,
London,hour,2023-03-09 21:00:00,2023-03-09,21,3,0,spring,630,,,,
London,hour,2023-03-09 22:00:00,2023-03-09,22,3,0,spring,476,,,,
London,hour,2023-03-09 23:00:00,2023-03-09,23,3,0,spring,270,,,,
London,hour,2023-03-10 00:00:00,2023-03-10,0,4,0,spring,157,,,,
London,hour,2023-03-10 01:00:00,2023-03-10,1,4,0,spring,83,,,,
London,hour,2023-03-10 02:00:00,2023-03-10,2,4,0,spring,41,,,,
London,hour,2023-03-10 03:00:00,2023-03-10,3,4,0,spring,29,,,,
London,hour,2023-03-10 04:00:00,2023-03-10,4,4,0,spring,38,,,,
London,hour,2023-03-10 05:00:00,2023-03-10,5,4,0,spring,184,,,,
London,hour,2023-03-10 06:00:00,2023-03-10,6,4,0,spring,812,,,,
London,hour,2023-03-10 07:00:00,2023-03-10,7,4,0,spring,2078,,,,
London,hour,2023-03-10 08:00:00,2023-03-10,8,4,0,spring,4275,,,,
London,hour,2023-03-10 09:00:00,2023-03-10,9,4,0,spring,2231,,,,
London,hour,2023-03-10 10:00:00,2023-03-10,10,4,0,spring,1208,,,,
London,hour,2023-03-10 11:00:00,2023-03-10,11,4,0,spring,1148,,,,
London,hour,2023-03-10 12:00:00,2023-03-10,12,4,0,spring,1279,,,,
London,hour,2023-03-10 13:00:00,2023-03-10,13,4,0,spring,1240,,,,
London,hour,2023-03-10 14:00:00,2023-03-10,14,4,0,spring,995,,,,
London,hour,2023-03-10 15:00:00,2023-03-10,15,4,0,spring,1393,,,,
London,hour,2023-03-10 16:00:00,2023-03-10,16,4,0,spring,1971,,,,
London,hour,2023-03-10 17:00:00,2023-03-10,17,4,0,spring,3957,,,,
London,hour,2023-03-10 18:00:00,2023-03-10,18,4,0,spring,3754,,,,
London,hour,2023-03-10 19:00:00,2023-03-10,19,4,0,spring,2196,,,,
London,hour,2023-03-10 20:00:00,2023-03-10,20,4,0,spring,1304,,,,
London,hour,2023-03-10 21:00:00,2023-03-10,21,4,0,spring,908,,,,
London,hour,2023-03-10 22:00:00,2023-03-10,22,4,0,spring,703,,,,
London,hour,2023-03-10 23:00:00,2023-03-10,23,4,0,spring,343,,,,
London,hour,2023-03-11 00:00:00,2023-03-11,0,5,1,spring,154,,,,
London,hour,2023-03-11 01:00:00,2023-03-11,1,5,1,spring,111,,,,
London,hour,2023-03-11 02:00:00,2023-03-11,2,5,1,spring,56,,,,
London,hour,2023-03-11 03:00:00,2023-03-11,3,5,1,spring,28,,,,
London,hour,2023-03-11 04:00:00,2023-03-11,4,5,1,spring,56,,,,
London,hour,2023-03-11 05:00:00,2023-03-11,5,5,1,spring,162,,,,
London,hour,2023-03-11 06:00:00,2023-03-11,6,5,1,spring,569,,,,
London,hour,2023-03-11 07:00:00,2023-03-11,7,5,1,spring,1457,,,,
London,hour,2023-03-11 08:00:00,2023-03-11,8,5,1,spring,2507,,,,
London,hour,2023-03-11 09:00:00,2023-03-11,9,5,1,spring,1693,,,,
London,hour,2023-03-11 10:00:00,2023-03-11,10,5,1,spring,1149,,,,
London,hour,2023-03-11 11:00:00,2023-03-11,11,5,1,spring,1139,,,,
London,hour,2023-03-11 12:00:00,2023-03-11,12,5,1,spring,1304,,,,
London,hour,2023-03-11 13:00:00,2023-03-11,13,5,1,spring,1284,,,,
London,hour,2023-03-11 14:00:00,2023-03-11,14,5,1,spring,1274,,,,
London,hour,2023-03-11 15:00:00,2023-03-11,15,5,1,spring,1291,,,,
London,hour,2023-03-11 16:00:00,2023-03-11,16,5,1,spring,1005,,,,
London,hour,2023-03-11 17:00:00,2023-03-11,17,5,1,spring,1902,,,,
London,hour,2023-03-11 18:00:00,2023-03-11,18,5,1,spring,1801,,,,
London,hour,2023-03-11 19:00:00,2023-03-11,19,5,1,spring,1244,,,,
London,hour,2023-03-11 20:00:00,2023-03-11,20,5,1,spring,752,,,,
London,hour,2023-03-11 21:00:00,2023-03-11,21,5,1,spring,616,,,,
London,hour,2023-03-11 22:00:00,2023-03-11,22,5,1,spring,611,,,,
London,hour,2023-03-11 23:00:00,2023-03-11,23,5,1,spring,404,,,,
London,hour,2023-03-12 00:00:00,2023-03-12,0,6,1,spring,289,,,,
London,hour,2023-03-12 01:00:00,2023-03-12,1,6,1,spring,206,,,,
London,hour,2023-03-12 02:00:00,2023-03-12,2,6,1,spring,124,,,,
London,hour,2023-03-12 03:00:00,2023-03-12,3,6,1,spring,101,,,,
London,hour,2023-03-12 04:00:00,2023-03-12,4,6,1,spring,53,,,,
London,hour,2023-03-12 05:00:00,2023-03-12,5,6,1,spring,49,,,,
London,hour,2023-03-12 06:00:00,2023-03-12,6,6,1,spring,80,,,,
London,hour,2023-03-12 07:00:00,2023-03-12,7,6,1,spring,126,,,,
London,hour,2023-03-12 08:00:00,2023-03-12,8,6,1,spring,266,,,,
London,hour,2023-03-12 09:00:00,2023-03-12,9,6,1,spring,526,,,,
London,hour,2023-03-12 10:00:00,2023-03-12,10,6,1,spring,729,,,,
London,hour,2023-03-12 11:00:00,2023-03-12,11,6,1,spring,788,,,,
London,hour,2023-03-12 12:00:00,2023-03-12,12,6,1,spring,884,,,,
London,hour,2023-03-12 13:00:00,2023-03-12,13,6,1,spring,675,,,,
London,hour,2023-03-12 14:00:00,2023-03-12,14,6,1,spring,845,,,,
London,hour,2023-03-12 15:00:00,2023-03-12,15,6,1,spring,914,,,,
London,hour,2023-03-12 16:00:00,2023-03-12,16,6,1,spring,555,,,,
London,hour,2023-03-12 17:00:00,2023-03-12,17,6,1,spring,585,,,,
London,hour,2023-03-12 18:00:00,2023-03-12,18,6,1,spring,567,,,,
London,hour,2023-03-12 19:00:00,2023-03-12,19,6,1,spring,505,,,,
London,hour,2023-03-12 20:00:00,2023-03-12,20,6,1,spring,400,,,,
London,hour,2023-03-12 21:00:00,2023-03-12,21,6,1,spring,258,,,,
London,hour,2023-03-12 22:00:00,2023-03-12,22,6,1,spring,163,,,,
London,hour,2023-03-12 23:00:00,2023-03-12,23,6,1,spring,133,,,,
London,hour,2023-03-13 00:00:00,2023-03-13,0,0,0,spring,105,,,,
London,hour,2023-03-13 01:00:00,2023-03-13,1,0,0,spring,65,,,,
London,hour,2023-03-13 02:00:00,2023-03-13,2,0,0,spring,35,,,,
London,hour,2023-03-13 03:00:00,2023-03-13,3,0,0,spring,25,,,,
London,hour,2023-03-13 04:00:00,2023-03-13,4,0,0,spring,38,,,,
London,hour,2023-03-13 05:00:00,2023-03-13,5,0,0,spring,145,,,,
London,hour,2023-03-13 06:00:00,2023-03-13,6,0,0,spring,581,,,,
London,hour,2023-03-13 07:00:00,2023-03-13,7,0,0,spring,1548,,,,
London,hour,2023-03-13 08:00:00,2023-03-13,8,0,0,spring,2600,,,,
London,hour,2023-03-13 09:00:00,2023-03-13,9,0,0,spring,1366,,,,
London,hour,2023-03-13 10:00:00,2023-03-13,10,0,0,spring,802,,,,
London,hour,2023-03-13 11:00:00,2023-03-13,11,0,0,spring,714,,,,
London,hour,2023-03-13 12:00:00,2023-03-13,12,0,0,spring,839,,,,
London,hour,2023-03-13 13:00:00,2023-03-13,13,0,0,spring,804,,,,
London,hour,2023-03-13 14:00:00,2023-03-13,14,0,0,spring,836,,,,
London,hour,2023-03-13 15:00:00,2023-03-13,15,0,0,spring,899,,,,
London,hour,2023-03-13 16:00:00,2023-03-13,16,0,0,spring,1341,,,,
London,hour,2023-03-13 17:00:00,2023-03-13,17,0,0,spring,2322,,,,
London,hour,2023-03-13 18:00:00,2023-03-13,18,0,0,spring,2150,,,,
London,hour,2023-03-13 19:00:00,2023-03-13,19,0,0,spring,1434,,,,
London,hour,2023-03-13 20:00:00,2023-03-13,20,0,0,spring,978,,,,
London,hour,2023-03-13 21:00:00,2023-03-13,21,0,0,spring,671,,,,
London,hour,2023-03-13 22:00:00,2023-03-13,22,0,0,spring,429,,,,
London,hour,2023-03-13 23:00:00,2023-03-13,23,0,0,spring,229,,,,
London,hour,2023-03-14 00:00:00,2023-03-14,0,1,0,spring,79,,,,
London,hour,2023-03-14 01:00:00,2023-03-14,1,1,0,spring,44,,,,
London,hour,2023-03-14 02:00:00,2023-03-14,2,1,0,spring,18,,,,
London,hour,2023-03-14 03:00:00,2023-03-14,3,1,0,spring,19,,,,
London,hour,2023-03-14 04:00:00,2023-03-14,4,1,0,spring,41,,,,
London,hour,2023-03-14 05:00:00,2023-03-14,5,1,0,spring,166,,,,
London,hour,2023-03-14 06:00:00,2023-03-14,6,1,0,spring,676,,,,
London,hour,2023-03-14 07:00:00,2023-03-14,7,1,0,spring,1786,,,,
London,hour,2023-03-14 08:00:00,2023-03-14,8,1,0,spring,2452,,,,
London,hour,2023-03-14 09:00:00,2023-03-14,9,1,0,spring,1119,,,,
London,hour,2023-03-14 10:00:00,2023-03-14,10,1,0,spring,735,,,,
London,hour,2023-03-14 11:00:00,2023-03-14,11,1,0,spring,780,,,,
London,hour,2023-03-14 12:00:00,2023-03-14,12,1,0,spring,980,,,,
London,hour,2023-03-14 13:00:00,2023-03-14,13,1,0,spring,961,,,,
London,hour,2023-03-14 14:00:00,2023-03-14,14,1,0,spring,841,,,,
London,hour,2023-03-14 15:00:00,2023-03-14,15,1,0,spring,1001,,,,
London,hour,2023-03-14 16:00:00,2023-03-14,16,1,0,spring,1494,,,,
London,hour,2023-03-14 17:00:00,2023-03-14,17,1,0,spring,2821,,,,
London,hour,2023-03-14 18:00:00,2023-03-14,18,1,0,spring,2701,,,,
London,hour,2023-03-14 19:00:00,2023-03-14,19,1,0,spring,1574,,,,
London,hour,2023-03-14 20:00:00,2023-03-14,20,1,0,spring,901,,,,
London,hour,2023-03-14 21:00:00,2023-03-14,21,1,0,spring,607,,,,
London,hour,2023-03-14 22:00:00,2023-03-14,22,1,0,spring,497,,,,
London,hour,2023-03-14 23:00:00,2023-03-14,23,1,0,spring,252,,,,
London,hour,2023-03-15 00:00:00,2023-03-15,0,2,0,spring,105,,,,
London,hour,2023-03-15 01:00:00,2023-03-15,1,2,0,spring,50,,,,
London,hour,2023-03-15 02:00:00,2023-03-15,2,2,0,spring,35,,,,
London,hour,2023-03-15 03:00:00,2023-03-15,3,2,0,spring,33,,,,
London,hour,2023-03-15 04:00:00,2023-03-15,4,2,0,spring,43,,,,
London,hour,2023-03-15 05:00:00,2023-03-15,5,2,0,spring,212,,,,
London,hour,2023-03-15 06:00:00,2023-03-15,6,2,0,spring,1165,,,,
London,hour,2023-03-15 07:00:00,2023-03-15,7,2,0,spring,2914,,,,
London,hour,2023-03-15 08:00:00,2023-03-15,8,2,0,spring,4469,,,,
London,hour,2023-03-15 09:00:00,2023-03-15,9,2,0,spring,2412,,,,
London,hour,2023-03-15 10:00:00,2023-03-15,10,2,0,spring,1447,,,,
London,hour,2023-03-15 11:00:00,2023-03-15,11,2,0,spring,1418,,,,
London,hour,2023-03-15 12:00:00,2023-03-15,12,2,0,spring,1641,,,,
London,hour,2023-03-15 13:00:00,2023-03-15,13,2,0,spring,1687,,,,
London,hour,2023-03-15 14:00:00,2023-03-15,14,2,0,spring,1604,,,,
London,hour,2023-03-15 15:00:00,2023-03-15,15,2,0,spring,1987,,,,
London,hour,2023-03-15 16:00:00,2023-03-15,16,2,0,spring,2308,,,,
London,hour,2023-03-15 17:00:00,2023-03-15,17,2,0,spring,3337,,,,
London,hour,2023-03-15 18:00:00,2023-03-15,18,2,0,spring,3259,,,,
London,hour,2023-03-15 19:00:00,2023-03-15,19,2,0,spring,2296,,,,
London,hour,2023-03-15 20:00:00,2023-03-15,20,2,0,spring,1173,,,,
London,hour,2023-03-15 21:00:00,2023-03-15,21,2,0,spring,808,,,,
London,hour,2023-03-15 22:00:00,2023-03-15,22,2,0,spring,522,,,,
London,hour,2023-03-15 23:00:00,2023-03-15,23,2,0,spring,298,,,,
London,hour,2023-03-16 00:00:00,2023-03-16,0,3,0,spring,121,,,,
London,hour,2023-03-16 01:00:00,2023-03-16,1,3,0,spring,66,,,,
London,hour,2023-03-16 02:00:00,2023-03-16,2,3,0,spring,43,,,,
London,hour,2023-03-16 03:00:00,2023-03-16,3,3,0,spring,36,,,,
London,hour,2023-03-16 04:00:00,2023-03-16,4,3,0,spring,43,,,,
London,hour,2023-03-16 05:00:00,2023-03-16,5,3,0,spring,182,,,,
London,hour,2023-03-16 06:00:00,2023-03-16,6,3,0,spring,921,,,,
London,hour,2023-03-16 07:00:00,2023-03-16,7,3,0,spring,2057,,,,
London,hour,2023-03-16 08:00:00,2023-03-16,8,3,0,spring,3199,,,,
London,hour,2023-03-16 09:00:00,2023-03-16,9,3,0,spring,1704,,,,
London,hour,2023-03-16 10:00:00,2023-03-16,10,3,0,spring,942,,,,
London,hour,2023-03-16 11:00:00,2023-03-16,11,3,0,spring,912,,,,
London,hour,2023-03-16 12:00:00,2023-03-16,12,3,0,spring,1060,,,,
London,hour,2023-03-16 13:00:00,2023-03-16,13,3,0,spring,1095,,,,
London,hour,2023-03-16 14:00:00,2023-03-16,14,3,0,spring,969,,,,
London,hour,2023-03-16 15:00:00,2023-03-16,15,3,0,spring,1242,,,,
London,hour,2023-03-16 16:00:00,2023-03-16,16,3,0,spring,1502,,,,
London,hour,2023-03-16 17:00:00,2023-03-16,17,3,0,spring,2446,,,,
London,hour,2023-03-16 18:00:00,2023-03-16,18,3,0,spring,2433,,,,
London,hour,2023-03-16 19:00:00,2023-03-16,19,3,0,spring,1653,,,,
London,hour,2023-03-16 20:00:00,2023-03-16,20,3,0,spring,1005,,,,
London,hour,2023-03-16 21:00:00,2023-03-16,21,3,0,spring,616,,,,
London,hour,2023-03-16 22:00:00,2023-03-16,22,3,0,spring,607,,,,
London,hour,2023-03-16 23:00:00,2023-03-16,23,3,0,spring,501,,,,
London,hour,2023-03-17 00:00:00,2023-03-17,0,4,0,spring,207,,,,
London,hour,2023-03-17 01:00:00,2023-03-17,1,4,0,spring,128,,,,
London,hour,2023-03-17 02:00:00,2023-03-17,2,4,0,spring,72,,,,
London,hour,2023-03-17 03:00:00,2023-03-17,3,4,0,spring,47,,,,
London,hour,2023-03-17 04:00:00,2023-03-17,4,4,0,spring,56,,,,
London,hour,2023-03-17 05:00:00,2023-03-17,5,4,0,spring,164,,,,
London,hour,2023-03-17 06:00:00,2023-03-17,6,4,0,spring,501,,,,
London,hour,2023-03-17 07:00:00,2023-03-17,7,4,0,spring,1208,,,,
London,hour,2023-03-17 08:00:00,2023-03-17,8,4,0,spring,2144,,,,
London,hour,2023-03-17 09:00:00,2023-03-17,9,4,0,spring,1191,,,,
London,hour,2023-03-17 10:00:00,2023-03-17,10,4,0,spring,706,,,,
London,hour,2023-03-17 11:00:00,2023-03-17,11,4,0,spring,466,,,,
London,hour,2023-03-17 12:00:00,2023-03-17,12,4,0,spring,440,,,,
London,hour,2023-03-17 13:00:00,2023-03-17,13,4,0,spring,832,,,,
London,hour,2023-03-17 14:00:00,2023-03-17,14,4,0,spring,1000,,,,
London,hour,2023-03-17 15:00:00,2023-03-17,15,4,0,spring,1238,,,,
London,hour,2023-03-17 16:00:00,2023-03-17,16,4,0,spring,1589,,,,
London,hour,2023-03-17 17:00:00,2023-03-17,17,4,0,spring,2352,,,,
London,hour,2023-03-17 18:00:00,2023-03-17,18,4,0,spring,2183,,,,
London,hour,2023-03-17 19:00:00,2023-03-17,19,4,0,spring,1445,,,,
London,hour,2023-03-17 20:00:00,2023-03-17,20,4,0,spring,927,,,,
London,hour,2023-03-17 21:00:00,2023-03-17,21,4,0,spring,686,,,,
London,hour,2023-03-17 22:00:00,2023-03-17,22,4,0,spring,598,,,,
London,hour,2023-03-17 23:00:00,2023-03-17,23,4,0,spring,340,,,,
London,hour,2023-03-18 00:00:00,2023-03-18,0,5,1,spring,330,,,,
London,hour,2023-03-18 01:00:00,2023-03-18,1,5,1,spring,279,,,,
London,hour,2023-03-18 02:00:00,2023-03-18,2,5,1,spring,216,,,,
London,hour,2023-03-18 03:00:00,2023-03-18,3,5,1,spring,139,,,,
London,hour,2023-03-18 04:00:00,2023-03-18,4,5,1,spring,91,,,,
London,hour,2023-03-18 05:00:00,2023-03-18,5,5,1,spring,67,,,,
London,hour,2023-03-18 06:00:00,2023-03-18,6,5,1,spring,150,,,,
London,hour,2023-03-18 07:00:00,2023-03-18,7,5,1,spring,256,,,,
London,hour,2023-03-18 08:00:00,2023-03-18,8,5,1,spring,312,,,,
London,hour,2023-03-18 09:00:00,2023-03-18,9,5,1,spring,542,,,,
London,hour,2023-03-18 10:00:00,2023-03-18,10,5,1,spring,815,,,,
London,hour,2023-03-18 11:00:00,2023-03-18,11,5,1,spring,1155,,,,
London,hour,2023-03-18 12:00:00,2023-03-18,12,5,1,spring,1412,,,,
London,hour,2023-03-18 13:00:00,2023-03-18,13,5,1,spring,1318,,,,
London,hour,2023-03-18 14:00:00,2023-03-18,14,5,1,spring,1327,,,,
London,hour,2023-03-18 15:00:00,2023-03-18,15,5,1,spring,1514,,,,
London,hour,2023-03-18 16:00:00,2023-03-18,16,5,1,spring,1712,,,,
London,hour,2023-03-18 17:00:00,2023-03-18,17,5,1,spring,1594,,,,
London,hour,2023-03-18 18:00:00,2023-03-18,18,5,1,spring,1089,,,,
London,hour,2023-03-18 19:00:00,2023-03-18,19,5,1,spring,948,,,,
London,hour,2023-03-18 20:00:00,2023-03-18,20,5,1,spring,753,,,,
London,hour,2023-03-18 21:00:00,2023-03-18,21,5,1,spring,489,,,,
London,hour,2023-03-18 22:00:00,2023-03-18,22,5,1,spring,497,,,,
London,hour,2023-03-18 23:00:00,2023-03-18,23,5,1,spring,426,,,,
London,hour,2023-03-19 00:00:00,2023-03-19,0,6,1,spring,380,,,,
London,hour,2023-03-19 01:00:00,2023-03-19,1,6,1,spring,240,,,,
London,hour,2023-03-19 02:00:00,2023-03-19,2,6,1,spring,110,,,,
London,hour,2023-03-19 03:00:00,2023-03-19,3,6,1,spring,116,,,,
London,hour,2023-03-19 04:00:00,2023-03-19,4,6,1,spring,60,,,,
London,hour,2023-03-19 05:00:00,2023-03-19,5,6,1,spring,62,,,,
London,hour,2023-03-19 06:00:00,2023-03-19,6,6,1,spring,100,,,,
London,hour,2023-03-19 07:00:00,2023-03-19,7,6,1,spring,220,,,,
London,hour,2023-03-19 08:00:00,2023-03-19,8,6,1,spring,427,,,,
London,hour,2023-03-19 09:00:00,2023-03-19,9,6,1,spring,824,,,,
London,hour,2023-03-19 10:00:00,2023-03-19,10,6,1,spring,1064,,,,
London,hour,2023-03-19 11:00:00,2023-03-19,11,6,1,spring,1375,,,,
London,hour,2023-03-19 12:00:00,2023-03-19,12,6,1,spring,1474,,,,
London,hour,2023-03-19 13:00:00,2023-03-19,13,6,1,spring,1496,,,,
London,hour,2023-03-19 14:00:00,2023-03-19,14,6,1,spring,1454,,,,
London,hour,2023-03-19 15:00:00,2023-03-19,15,6,1,spring,1326,,,,
London,hour,2023-03-19 16:00:00,2023-03-19,16,6,1,spring,1417,,,,
London,hour,2023-03-19 17:00:00,2023-03-19,17,6,1,spring,1197,,,,
London,hour,2023-03-19 18:00:00,2023-03-19,18,6,1,spring,963,,,,
London,hour,2023-03-19 19:00:00,2023-03-19,19,6,1,spring,731,,,,
London,hour,2023-03-19 20:00:00,2023-03-19,20,6,1,spring,551,,,,
London,hour,2023-03-19 21:00:00,2023-03-19,21,6,1,spring,382,,,,
London,hour,2023-03-19 22:00:00,2023-03-19,22,6,1,spring,343,,,,
London,hour,2023-03-19 23:00:00,2023-03-19,23,6,1,spring,206,,,,
London,hour,2023-03-20 00:00:00,2023-03-20,0,0,0,spring,135,,,,
London,hour,2023-03-20 01:00:00,2023-03-20,1,0,0,spring,74,,,,
London,hour,2023-03-20 02:00:00,2023-03-20,2,0,0,spring,44,,,,
London,hour,2023-03-20 03:00:00,2023-03-20,3,0,0,spring,34,,,,
London,hour,2023-03-20 04:00:00,2023-03-20,4,0,0,spring,40,,,,
London,hour,2023-03-20 05:00:00,2023-03-20,5,0,0,spring,163,,,,
London,hour,2023-03-20 06:00:00,2023-03-20,6,0,0,spring,677,,,,
London,hour,2023-03-20 07:00:00,2023-03-20,7,0,0,spring,1743,,,,
London,hour,2023-03-20 08:00:00,2023-03-20,8,0,0,spring,2956,,,,
London,hour,2023-03-20 09:00:00,2023-03-20,9,0,0,spring,1486,,,,
London,hour,2023-03-20 10:00:00,2023-03-20,10,0,0,spring,823,,,,
London,hour,2023-03-20 11:00:00,2023-03-20,11,0,0,spring,838,,,,
London,hour,2023-03-20 12:00:00,2023-03-20,12,0,0,spring,951,,,,
London,hour,2023-03-20 13:00:00,2023-03-20,13,0,0,spring,924,,,,
London,hour,2023-03-20 14:00:00,2023-03-20,14,0,0,spring,826,,,,
London,hour,2023-03-20 15:00:00,2023-03-20,15,0,0,spring,847,,,,
London,hour,2023-03-20 16:00:00,2023-03-20,16,0,0,spring,1257,,,,
London,hour,2023-03-20 17:00:00,2023-03-20,17,0,0,spring,2327,,,,
London,hour,2023-03-20 18:00:00,2023-03-20,18,0,0,spring,1897,,,,
London,hour,2023-03-20 19:00:00,2023-03-20,19,0,0,spring,1445,,,,
London,hour,2023-03-20 20:00:00,2023-03-20,20,0,0,spring,905,,,,
London,hour,2023-03-20 21:00:00,2023-03-20,21,0,0,spring,518,,,,
London,hour,2023-03-20 22:00:00,2023-03-20,22,0,0,spring,372,,,,
London,hour,2023-03-20 23:00:00,2023-03-20,23,0,0,spring,221,,,,
London,hour,2023-03-21 00:00:00,2023-03-21,0,1,0,spring,136,,,,
London,hour,2023-03-21 01:00:00,2023-03-21,1,1,0,spring,78,,,,
London,hour,2023-03-21 02:00:00,2023-03-21,2,1,0,spring,36,,,,
London,hour,2023-03-21 03:00:00,2023-03-21,3,1,0,spring,30,,,,
London,hour,2023-03-21 04:00:00,2023-03-21,4,1,0,spring,45,,,,
London,hour,2023-03-21 05:00:00,2023-03-21,5,1,0,spring,136,,,,
London,hour,2023-03-21 06:00:00,2023-03-21,6,1,0,spring,747,,,,
London,hour,2023-03-21 07:00:00,2023-03-21,7,1,0,spring,1990,,,,
London,hour,2023-03-21 08:00:00,2023-03-21,8,1,0,spring,3453,,,,
London,hour,2023-03-21 09:00:00,2023-03-21,9,1,0,spring,1732,,,,
London,hour,2023-03-21 10:00:00,2023-03-21,10,1,0,spring,910,,,,
London,hour,2023-03-21 11:00:00,2023-03-21,11,1,0,spring,858,,,,
London,hour,2023-03-21 12:00:00,2023-03-21,12,1,0,spring,965,,,,
London,hour,2023-03-21 13:00:00,2023-03-21,13,1,0,spring,1030,,,,
London,hour,2023-03-21 14:00:00,2023-03-21,14,1,0,spring,915,,,,
London,hour,2023-03-21 15:00:00,2023-03-21,15,1,0,spring,1117,,,,
London,hour,2023-03-21 16:00:00,2023-03-21,16,1,0,spring,1575,,,,
London,hour,2023-03-21 17:00:00,2023-03-21,17,1,0,spring,3077,,,,
London,hour,2023-03-21 18:00:00,2023-03-21,18,1,0,spring,3007,,,,
London,hour,2023-03-21 19:00:00,2023-03-21,19,1,0,spring,1724,,,,
London,hour,2023-03-21 20:00:00,2023-03-21,20,1,0,spring,1172,,,,
London,hour,2023-03-21 21:00:00,2023-03-21,21,1,0,spring,834,,,,
London,hour,2023-03-21 22:00:00,2023-03-21,22,1,0,spring,584,,,,
London,hour,2023-03-21 23:00:00,2023-03-21,23,1,0,spring,291,,,,
London,hour,2023-03-22 00:00:00,2023-03-22,0,2,0,spring,147,,,,
London,hour,2023-03-22 01:00:00,2023-03-22,1,2,0,spring,67,,,,
London,hour,2023-03-22 02:00:00,2023-03-22,2,2,0,spring,24,,,,
London,hour,2023-03-22 03:00:00,2023-03-22,3,2,0,spring,31,,,,
London,hour,2023-03-22 04:00:00,2023-03-22,4,2,0,spring,44,,,,
London,hour,2023-03-22 05:00:00,2023-03-22,5,2,0,spring,127,,,,
London,hour,2023-03-22 06:00:00,2023-03-22,6,2,0,spring,572,,,,
London,hour,2023-03-22 07:00:00,2023-03-22,7,2,0,spring,1801,,,,
London,hour,2023-03-22 08:00:00,2023-03-22,8,2,0,spring,2895,,,,
London,hour,2023-03-22 09:00:00,2023-03-22,9,2,0,spring,1332,,,,
London,hour,2023-03-22 10:00:00,2023-03-22,10,2,0,spring,888,,,,
London,hour,2023-03-22 11:00:00,2023-03-22,11,2,0,spring,946,,,,
London,hour,2023-03-22 12:00:00,2023-03-22,12,2,0,spring,1063,,,,
London,hour,2023-03-22 13:00:00,2023-03-22,13,2,0,spring,1086,,,,
London,hour,2023-03-22 14:00:00,2023-03-22,14,2,0,spring,1020,,,,
London,hour,2023-03-22 15:00:00,2023-03-22,15,2,0,spring,1130,,,,
London,hour,2023-03-22 16:00:00,2023-03-22,16,2,0,spring,1599,,,,
London,hour,2023-03-22 17:00:00,2023-03-22,17,2,0,spring,2816,,,,
London,hour,2023-03-22 18:00:00,2023-03-22,18,2,0,spring,2759,,,,
London,hour,2023-03-22 19:00:00,2023-03-22,19,2,0,spring,1715,,,,
London,hour,2023-03-22 20:00:00,2023-03-22,20,2,0,spring,1082,,,,
London,hour,2023-03-22 21:00:00,2023-03-22,21,2,0,spring,803,,,,
London,hour,2023-03-22 22:00:00,2023-03-22,22,2,0,spring,647,,,,
London,hour,2023-03-22 23:00:00,2023-03-22,23,2,0,spring,300,,,,
London,hour,2023-03-23 00:00:00,2023-03-23,0,3,0,spring,156,,,,
London,hour,2023-03-23 01:00:00,2023-03-23,1,3,0,spring,96,,,,
London,hour,2023-03-23 02:00:00,2023-03-23,2,3,0,spring,63,,,,
London,hour,2023-03-23 03:00:00,2023-03-23,3,3,0,spring,40,,,,
London,hour,2023-03-23 04:00:00,2023-03-23,4,3,0,spring,60,,,,
London,hour,2023-03-23 05:00:00,2023-03-23,5,3,0,spring,158,,,,
London,hour,2023-03-23 06:00:00,2023-03-23,6,3,0,spring,763,,,,
London,hour,2023-03-23 07:00:00,2023-03-23,7,3,0,spring,2034,,,,
London,hour,2023-03-23 08:00:00,2023-03-23,8,3,0,spring,3704,,,,
London,hour,2023-03-23 09:00:00,2023-03-23,9,3,0,spring,1902,,,,
London,hour,2023-03-23 10:00:00,2023-03-23,10,3,0,spring,1040,,,,
London,hour,2023-03-23 11:00:00,2023-03-23,11,3,0,spring,882,,,,
London,hour,2023-03-23 12:00:00,2023-03-23,12,3,0,spring,1066,,,,
London,hour,2023-03-23 13:00:00,2023-03-23,13,3,0,spring,1098,,,,
London,hour,2023-03-23 14:00:00,2023-03-23,14,3,0,spring,932,,,,
London,hour,2023-03-23 15:00:00,2023-03-23,15,3,0,spring,793,,,,
London,hour,2023-03-23 16:00:00,2023-03-23,16,3,0,spring,849,,,,
London,hour,2023-03-23 17:00:00,2023-03-23,17,3,0,spring,1749,,,,
London,hour,2023-03-23 18:00:00,2023-03-23,18,3,0,spring,1692,,,,
London,hour,2023-03-23 19:00:00,2023-03-23,19,3,0,spring,1251,,,,
London,hour,2023-03-23 20:00:00,2023-03-23,20,3,0,spring,845,,,,
London,hour,2023-03-23 21:00:00,2023-03-23,21,3,0,spring,604,,,,
London,hour,2023-03-23 22:00:00,2023-03-23,22,3,0,spring,594,,,,
London,hour,2023-03-23 23:00:00,2023-03-23,23,3,0,spring,386,,,,
London,hour,2023-03-24 00:00:00,2023-03-24,0,4,0,spring,200,,,,
London,hour,2023-03-24 01:00:00,2023-03-24,1,4,0,spring,126,,,,
London,hour,2023-03-24 02:00:00,2023-03-24,2,4,0,spring,57,,,,
London,hour,2023-03-24 03:00:00,2023-03-24,3,4,0,spring,78,,,,
London,hour,2023-03-24 04:00:00,2023-03-24,4,4,0,spring,60,,,,
London,hour,2023-03-24 05:00:00,2023-03-24,5,4,0,spring,138,,,,
London,hour,2023-03-24 06:00:00,2023-03-24,6,4,0,spring,603,,,,
London,hour,2023-03-24 07:00:00,2023-03-24,7,4,0,spring,1430,,,,
London,hour,2023-03-24 08:00:00,2023-03-24,8,4,0,spring,2455,,,,
London,hour,2023-03-24 09:00:00,2023-03-24,9,4,0,spring,1484,,,,
London,hour,2023-03-24 10:00:00,2023-03-24,10,4,0,spring,1016,,,,
London,hour,2023-03-24 11:00:00,2023-03-24,11,4,0,spring,1061,,,,
London,hour,2023-03-24 12:00:00,2023-03-24,12,4,0,spring,806,,,,
London,hour,2023-03-24 13:00:00,2023-03-24,13,4,0,spring,778,,,,
London,hour,2023-03-24 14:00:00,2023-03-24,14,4,0,spring,856,,,,
London,hour,2023-03-24 15:00:00,2023-03-24,15,4,0,spring,1008,,,,
London,hour,2023-03-24 16:00:00,2023-03-24,16,4,0,spring,1197,,,,
London,hour,2023-03-24 17:00:00,2023-03-24,17,4,0,spring,1091,,,,
London,hour,2023-03-24 18:00:00,2023-03-24,18,4,0,spring,1521,,,,
London,hour,2023-03-24 19:00:00,2023-03-24,19,4,0,spring,1092,,,,
London,hour,2023-03-24 20:00:00,2023-03-24,20,4,0,spring,659,,,,
London,hour,2023-03-24 21:00:00,2023-03-24,21,4,0,spring,549,,,,
London,hour,2023-03-24 22:00:00,2023-03-24,22,4,0,spring,496,,,,
London,hour,2023-03-24 23:00:00,2023-03-24,23,4,0,spring,411,,,,
London,hour,2023-03-25 00:00:00,2023-03-25,0,5,1,spring,270,,,,
London,hour,2023-03-25 01:00:00,2023-03-25,1,5,1,spring,214,,,,
London,hour,2023-03-25 02:00:00,2023-03-25,2,5,1,spring,155,,,,
London,hour,2023-03-25 03:00:00,2023-03-25,3,5,1,spring,101,,,,
London,hour,2023-03-25 04:00:00,2023-03-25,4,5,1,spring,92,,,,
London,hour,2023-03-25 05:00:00,2023-03-25,5,5,1,spring,78,,,,
London,hour,2023-03-25 06:00:00,2023-03-25,6,5,1,spring,147,,,,
London,hour,2023-03-25 07:00:00,2023-03-25,7,5,1,spring,285,,,,
London,hour,2023-03-25 08:00:00,2023-03-25,8,5,1,spring,617,,,,
London,hour,2023-03-25 09:00:00,2023-03-25,9,5,1,spring,1033,,,,
London,hour,2023-03-25 10:00:00,2023-03-25,10,5,1,spring,1321,,,,
London,hour,2023-03-25 11:00:00,2023-03-25,11,5,1,spring,1464,,,,
London,hour,2023-03-25 12:00:00,2023-03-25,12,5,1,spring,1707,,,,
London,hour,2023-03-25 13:00:00,2023-03-25,13,5,1,spring,1664,,,,
London,hour,2023-03-25 14:00:00,2023-03-25,14,5,1,spring,1647,,,,
London,hour,2023-03-25 15:00:00,2023-03-25,15,5,1,spring,1780,,,,
London,hour,2023-03-25 16:00:00,2023-03-25,16,5,1,spring,1707,,,,
London,hour,2023-03-25 17:00:00,2023-03-25,17,5,1,spring,1717,,,,
London,hour,2023-03-25 18:00:00,2023-03-25,18,5,1,spring,1428,,,,
London,hour,2023-03-25 19:00:00,2023-03-25,19,5,1,spring,1022,,,,
London,hour,2023-03-25 20:00:00,2023-03-25,20,5,1,spring,662,,,,
London,hour,2023-03-25 21:00:00,2023-03-25,21,5,1,spring,584,,,,
London,hour,2023-03-25 22:00:00,2023-03-25,22,5,1,spring,536,,,,
London,hour,2023-03-25 23:00:00,2023-03-25,23,5,1,spring,553,,,,
London,hour,2023-03-26 00:00:00,2023-03-26,0,6,1,spring,453,,,,
London,hour,2023-03-26 02:00:00,2023-03-26,2,6,1,spring,376,,,,
London,hour,2023-03-26 03:00:00,2023-03-26,3,6,1,spring,234,,,,
London,hour,2023-03-26 04:00:00,2023-03-26,4,6,1,spring,102,,,,
London,hour,2023-03-26 05:00:00,2023-03-26,5,6,1,spring,65,,,,
London,hour,2023-03-26 06:00:00,2023-03-26,6,6,1,spring,64,,,,
London,hour,2023-03-26 07:00:00,2023-03-26,7,6,1,spring,108,,,,
London,hour,2023-03-26 08:00:00,2023-03-26,8,6,1,spring,165,,,,
London,hour,2023-03-26 09:00:00,2023-03-26,9,6,1,spring,314,,,,
London,hour,2023-03-26 10:00:00,2023-03-26,10,6,1,spring,403,,,,
London,hour,2023-03-26 11:00:00,2023-03-26,11,6,1,spring,594,,,,
London,hour,2023-03-26 12:00:00,2023-03-26,12,6,1,spring,866,,,,
London,hour,2023-03-26 13:00:00,2023-03-26,13,6,1,spring,895,,,,
London,hour,2023-03-26 14:00:00,2023-03-26,14,6,1,spring,1020,,,,
London,hour,2023-03-26 15:00:00,2023-03-26,15,6,1,spring,1019,,,,
London,hour,2023-03-26 16:00:00,2023-03-26,16,6,1,spring,1091,,,,
London,hour,2023-03-26 17:00:00,2023-03-26,17,6,1,spring,1064,,,,
London,hour,2023-03-26 18:00:00,2023-03-26,18,6,1,spring,917,,,,
London,hour,2023-03-26 19:00:00,2023-03-26,19,6,1,spring,685,,,,
London,hour,2023-03-26 20:00:00,2023-03-26,20,6,1,spring,513,,,,
London,hour,2023-03-26 21:00:00,2023-03-26,21,6,1,spring,415,,,,
London,hour,2023-03-26 22:00:00,2023-03-26,22,6,1,spring,351,,,,
London,hour,2023-03-26 23:00:00,2023-03-26,23,6,1,spring,203,,,,
London,hour,2023-04-01 00:00:00,2023-04-01,0,5,1,spring,62,,,,
London,hour,2023-04-01 01:00:00,2023-04-01,1,5,1,spring,53,,,,
London,hour,2023-04-01 02:00:00,2023-04-01,2,5,1,spring,23,,,,
London,hour,2023-04-01 03:00:00,2023-04-01,3,5,1,spring,14,,,,
London,hour,2023-04-01 04:00:00,2023-04-01,4,5,1,spring,24,,,,
London,hour,2023-04-01 05:00:00,2023-04-01,5,5,1,spring,102,,,,
London,hour,2023-04-01 06:00:00,2023-04-01,6,5,1,spring,441,,,,
London,hour,2023-04-01 07:00:00,2023-04-01,7,5,1,spring,929,,,,
London,hour,2023-04-01 08:00:00,2023-04-01,8,5,1,spring,1976,,,,
London,hour,2023-04-01 09:00:00,2023-04-01,9,5,1,spring,1144,,,,
London,hour,2023-04-01 10:00:00,2023-04-01,10,5,1,spring,541,,,,
London,hour,2023-04-01 11:00:00,2023-04-01,11,5,1,spring,612,,,,
London,hour,2023-04-01 12:00:00,2023-04-01,12,5,1,spring,803,,,,
London,hour,2023-04-01 13:00:00,2023-04-01,13,5,1,spring,764,,,,
London,hour,2023-04-01 14:00:00,2023-04-01,14,5,1,spring,733,,,,
London,hour,2023-04-01 15:00:00,2023-04-01,15,5,1,spring,913,,,,
London,hour,2023-04-01 16:00:00,2023-04-01,16,5,1,spring,1056,,,,
London,hour,2023-04-01 17:00:00,2023-04-01,17,5,1,spring,1773,,,,
London,hour,2023-04-01 18:00:00,2023-04-01,18,5,1,spring,1842,,,,
London,hour,2023-04-01 19:00:00,2023-04-01,19,5,1,spring,1117,,,,
London,hour,2023-04-01 20:00:00,2023-04-01,20,5,1,spring,623,,,,
London,hour,2023-04-01 21:00:00,2023-04-01,21,5,1,spring,482,,,,
London,hour,2023-04-01 22:00:00,2023-04-01,22,5,1,spring,373,,,,
London,hour,2023-04-01 23:00:00,2023-04-01,23,5,1,spring,195,,,,
London,hour,2023-04-02 00:00:00,2023-04-02,0,6,1,spring,383,,,,
London,hour,2023-04-02 01:00:00,2023-04-02,1,6,1,spring,292,,,,
London,hour,2023-04-02 02:00:00,2023-04-02,2,6,1,spring,224,,,,
London,hour,2023-04-02 03:00:00,2023-04-02,3,6,1,spring,148,,,,
London,hour,2023-04-02 04:00:00,2023-04-02,4,6,1,spring,79,,,,
London,hour,2023-04-02 05:00:00,2023-04-02,5,6,1,spring,74,,,,
London,hour,2023-04-02 06:00:00,2023-04-02,6,6,1,spring,134,,,,
London,hour,2023-04-02 07:00:00,2023-04-02,7,6,1,spring,280,,,,
London,hour,2023-04-02 08:00:00,2023-04-02,8,6,1,spring,669,,,,
London,hour,2023-04-02 09:00:00,2023-04-02,9,6,1,spring,1056,,,,
London,hour,2023-04-02 10:00:00,2023-04-02,10,6,1,spring,1321,,,,
London,hour,2023-04-02 11:00:00,2023-04-02,11,6,1,spring,1634,,,,
London,hour,2023-04-02 12:00:00,2023-04-02,12,6,1,spring,1690,,,,
London,hour,2023-04-02 13:00:00,2023-04-02,13,6,1,spring,1670,,,,
London,hour,2023-04-02 14:00:00,2023-04-02,14,6,1,spring,1548,,,,
London,hour,2023-04-02 15:00:00,2023-04-02,15,6,1,spring,1548,,,,
London,hour,2023-04-02 16:00:00,2023-04-02,16,6,1,spring,1476,,,,
London,hour,2023-04-02 17:00:00,2023-04-02,17,6,1,spring,1339,,,,
London,hour,2023-04-02 18:00:00,2023-04-02,18,6,1,spring,1141,,,,
London,hour,2023-04-02 19:00:00,2023-04-02,19,6,1,spring,970,,,,
London,hour,2023-04-02 20:00:00,2023-04-02,20,6,1,spring,707,,,,
London,hour,2023-04-02 21:00:00,2023-04-02,21,6,1,spring,592,,,,
London,hour,2023-04-02 22:00:00,2023-04-02,22,6,1,spring,547,,,,
London,hour,2023-04-02 23:00:00,2023-04-02,23,6,1,spring,476,,,,
London,hour,2023-04-03 00:00:00,2023-04-03,0,0,0,spring,283,,,,
London,hour,2023-04-03 01:00:00,2023-04-03,1,0,0,spring,225,,,,
London,hour,2023-04-03 02:00:00,2023-04-03,2,0,0,spring,149,,,,
London,hour,2023-04-03 03:00:00,2023-04-03,3,0,0,spring,121,,,,
London,hour,2023-04-03 04:00:00,2023-04-03,4,0,0,spring,64,,,,
London,hour,2023-04-03 05:00:00,2023-04-03,5,0,0,spring,75,,,,
London,hour,2023-04-03 06:00:00,2023-04-03,6,0,0,spring,120,,,,
London,hour,2023-04-03 07:00:00,2023-04-03,7,0,0,spring,270,,,,
London,hour,2023-04-03 08:00:00,2023-04-03,8,0,0,spring,582,,,,
London,hour,2023-04-03 09:00:00,2023-04-03,9,0,0,spring,921,,,,
London,hour,2023-04-03 10:00:00,2023-04-03,10,0,0,spring,1143,,,,
London,hour,2023-04-03 11:00:00,2023-04-03,11,0,0,spring,1333,,,,
London,hour,2023-04-03 12:00:00,2023-04-03,12,0,0,spring,1380,,,,
London,hour,2023-04-03 13:00:00,2023-04-03,13,0,0,spring,1509,,,,
London,hour,2023-04-03 14:00:00,2023-04-03,14,0,0,spring,1284,,,,
London,hour,2023-04-03 15:00:00,2023-04-03,15,0,0,spring,1314,,,,
London,hour,2023-04-03 16:00:00,2023-04-03,16,0,0,spring,1302,,,,
London,hour,2023-04-03 17:00:00,2023-04-03,17,0,0,spring,1302,,,,
London,hour,2023-04-03 18:00:00,2023-04-03,18,0,0,spring,1035,,,,
London,hour,2023-04-03 19:00:00,2023-04-03,19,0,0,spring,783,,,,
London,hour,2023-04-03 20:00:00,2023-04-03,20,0,0,spring,614,,,,
London,hour,2023-04-03 21:00:00,2023-04-03,21,0,0,spring,473,,,,
London,hour,2023-04-03 22:00:00,2023-04-03,22,0,0,spring,426,,,,
London,hour,2023-04-03 23:00:00,2023-04-03,23,0,0,spring,381,,,,
London,hour,2023-04-04 00:00:00,2023-04-04,0,1,0,spring,202,,,,
London,hour,2023-04-04 01:00:00,2023-04-04,1,1,0,spring,130,,,,
London,hour,2023-04-04 02:00:00,2023-04-04,2,1,0,spring,84,,,,
London,hour,2023-04-04 03:00:00,2023-04-04,3,1,0,spring,60,,,,
London,hour,2023-04-04 04:00:00,2023-04-04,4,1,0,spring,74,,,,
London,hour,2023-04-04 05:00:00,2023-04-04,5,1,0,spring,302,,,,
London,hour,2023-04-04 06:00:00,2023-04-04,6,1,0,spring,1230,,,,
London,hour,2023-04-04 07:00:00,2023-04-04,7,1,0,spring,3474,,,,
London,hour,2023-04-04 08:00:00,2023-04-04,8,1,0,spring,6092,,,,
London,hour,2023-04-04 09:00:00,2023-04-04,9,1,0,spring,3298,,,,
London,hour,2023-04-04 10:00:00,2023-04-04,10,1,0,spring,1936,,,,
London,hour,2023-04-04 11:00:00,2023-04-04,11,1,0,spring,1814,,,,
London,hour,2023-04-04 12:00:00,2023-04-04,12,1,0,spring,2382,,,,
London,hour,2023-04-04 13:00:00,2023-04-04,13,1,0,spring,2254,,,,
London,hour,2023-04-04 14:00:00,2023-04-04,14,1,0,spring,2358,,,,
London,hour,2023-04-04 15:00:00,2023-04-04,15,1,0,spring,2558,,,,
London,hour,2023-04-04 16:00:00,2023-04-04,16,1,0,spring,3658,,,,
London,hour,2023-04-04 17:00:00,2023-04-04,17,1,0,spring,6358,,,,
London,hour,2023-04-04 18:00:00,2023-04-04,18,1,0,spring,6676,,,,
London,hour,2023-04-04 19:00:00,2023-04-04,19,1,0,spring,4000,,,,
London,hour,2023-04-04 20:00:00,2023-04-04,20,1,0,spring,2098,,,,
London,hour,2023-04-04 21:00:00,2023-04-04,21,1,0,spring,1438,,,,
London,hour,2023-04-04 22:00:00,2023-04-04,22,1,0,spring,1300,,,,
London,hour,2023-04-04 23:00:00,2023-04-04,23,1,0,spring,580,,,,
London,hour,2023-04-05 00:00:00,2023-04-05,0,2,0,spring,174,,,,
London,hour,2023-04-05 01:00:00,2023-04-05,1,2,0,spring,50,,,,
London,hour,2023-04-05 02:00:00,2023-04-05,2,2,0,spring,53,,,,
London,hour,2023-04-05 03:00:00,2023-04-05,3,2,0,spring,39,,,,
London,hour,2023-04-05 04:00:00,2023-04-05,4,2,0,spring,53,,,,
London,hour,2023-04-05 05:00:00,2023-04-05,5,2,0,spring,166,,,,
London,hour,2023-04-05 06:00:00,2023-04-05,6,2,0,spring,760,,,,
London,hour,2023-04-05 07:00:00,2023-04-05,7,2,0,spring,2091,,,,
London,hour,2023-04-05 08:00:00,2023-04-05,8,2,0,spring,3707,,,,
London,hour,2023-04-05 09:00:00,2023-04-05,9,2,0,spring,1841,,,,
London,hour,2023-04-05 10:00:00,2023-04-05,10,2,0,spring,1133,,,,
London,hour,2023-04-05 11:00:00,2023-04-05,11,2,0,spring,967,,,,
London,hour,2023-04-05 12:00:00,2023-04-05,12,2,0,spring,1220,,,,
London,hour,2023-04-05 13:00:00,2023-04-05,13,2,0,spring,1250,,,,
London,hour,2023-04-05 14:00:00,2023-04-05,14,2,0,spring,1109,,,,
London,hour,2023-04-05 15:00:00,2023-04-05,15,2,0,spring,1204,,,,
London,hour,2023-04-05 16:00:00,2023-04-05,16,2,0,spring,1776,,,,
London,hour,2023-04-05 17:00:00,2023-04-05,17,2,0,spring,3098,,,,
London,hour,2023-04-05 18:00:00,2023-04-05,18,2,0,spring,3074,,,,
London,hour,2023-04-05 19:00:00,2023-04-05,19,2,0,spring,1980,,,,
London,hour,2023-04-05 20:00:00,2023-04-05,20,2,0,spring,1325,,,,
London,hour,2023-04-05 21:00:00,2023-04-05,21,2,0,spring,884,,,,
London,hour,2023-04-05 22:00:00,2023-04-05,22,2,0,spring,760,,,,
London,hour,2023-04-05 23:00:00,2023-04-05,23,2,0,spring,472,,,,
London,hour,2023-04-06 00:00:00,2023-04-06,0,3,0,spring,406,,,,
London,hour,2023-04-06 01:00:00,2023-04-06,1,3,0,spring,272,,,,
London,hour,2023-04-06 02:00:00,2023-04-06,2,3,0,spring,194,,,,
London,hour,2023-04-06 03:00:00,2023-04-06,3,3,0,spring,112,,,,
London,hour,2023-04-06 04:00:00,2023-04-06,4,3,0,spring,94,,,,
London,hour,2023-04-06 05:00:00,2023-04-06,5,3,0,spring,77,,,,
London,hour,2023-04-06 06:00:00,2023-04-06,6,3,0,spring,109,,,,
London,hour,2023-04-06 07:00:00,2023-04-06,7,3,0,spring,254,,,,
London,hour,2023-04-06 08:00:00,2023-04-06,8,3,0,spring,493,,,,
London,hour,2023-04-06 09:00:00,2023-04-06,9,3,0,spring,877,,,,
London,hour,2023-04-06 10:00:00,2023-04-06,10,3,0,spring,1440,,,,
London,hour,2023-04-06 11:00:00,2023-04-06,11,3,0,spring,1724,,,,
London,hour,2023-04-06 12:00:00,2023-04-06,12,3,0,spring,2167,,,,
London,hour,2023-04-06 13:00:00,2023-04-06,13,3,0,spring,2432,,,,
London,hour,2023-04-06 14:00:00,2023-04-06,14,3,0,spring,2310,,,,
London,hour,2023-04-06 15:00:00,2023-04-06,15,3,0,spring,2065,,,,
London,hour,2023-04-06 16:00:00,2023-04-06,16,3,0,spring,2295,,,,
London,hour,2023-04-06 17:00:00,2023-04-06,17,3,0,spring,2065,,,,
London,hour,2023-04-06 18:00:00,2023-04-06,18,3,0,spring,1955,,,,
London,hour,2023-04-06 19:00:00,2023-04-06,19,3,0,spring,1503,,,,
London,hour,2023-04-06 20:00:00,2023-04-06,20,3,0,spring,1092,,,,
London,hour,2023-04-06 21:00:00,2023-04-06,21,3,0,spring,724,,,,
London,hour,2023-04-06 22:00:00,2023-04-06,22,3,0,spring,499,,,,
London,hour,2023-04-06 23:00:00,2023-04-06,23,3,0,spring,293,,,,
London,hour,2023-04-07 00:00:00,2023-04-07,0,4,0,spring,122,,,,
London,hour,2023-04-07 01:00:00,2023-04-07,1,4,0,spring,68,,,,
London,hour,2023-04-07 02:00:00,2023-04-07,2,4,0,spring,46,,,,
London,hour,2023-04-07 03:00:00,2023-04-07,3,4,0,spring,30,,,,
London,hour,2023-04-07 04:00:00,2023-04-07,4,4,0,spring,67,,,,
London,hour,2023-04-07 05:00:00,2023-04-07,5,4,0,spring,184,,,,
London,hour,2023-04-07 06:00:00,2023-04-07,6,4,0,spring,772,,,,
London,hour,2023-04-07 07:00:00,2023-04-07,7,4,0,spring,2212,,,,
London,hour,2023-04-07 08:00:00,2023-04-07,8,4,0,spring,3758,,,,
London,hour,2023-04-07 09:00:00,2023-04-07,9,4,0,spring,1821,,,,
London,hour,2023-04-07 10:00:00,2023-04-07,10,4,0,spring,1079,,,,
London,hour,2023-04-07 11:00:00,2023-04-07,11,4,0,spring,993,,,,
London,hour,2023-04-07 12:00:00,2023-04-07,12,4,0,spring,1090,,,,
London,hour,2023-04-07 13:00:00,2023-04-07,13,4,0,spring,1027,,,,
London,hour,2023-04-07 14:00:00,2023-04-07,14,4,0,spring,629,,,,
London,hour,2023-04-07 15:00:00,2023-04-07,15,4,0,spring,668,,,,
London,hour,2023-04-07 16:00:00,2023-04-07,16,4,0,spring,955,,,,
London,hour,2023-04-07 17:00:00,2023-04-07,17,4,0,spring,2620,,,,
London,hour,2023-04-07 18:00:00,2023-04-07,18,4,0,spring,2189,,,,
London,hour,2023-04-07 19:00:00,2023-04-07,19,4,0,spring,735,,,,
London,hour,2023-04-07 20:00:00,2023-04-07,20,4,0,spring,518,,,,
London,hour,2023-04-07 21:00:00,2023-04-07,21,4,0,spring,414,,,,
London,hour,2023-04-07 22:00:00,2023-04-07,22,4,0,spring,330,,,,
London,hour,2023-04-07 23:00:00,2023-04-07,23,4,0,spring,121,,,,
London,hour,2023-04-08 00:00:00,2023-04-08,0,5,1,spring,316,,,,
London,hour,2023-04-08 01:00:00,2023-04-08,1,5,1,spring,141,,,,
London,hour,2023-04-08 02:00:00,2023-04-08,2,5,1,spring,91,,,,
London,hour,2023-04-08 03:00:00,2023-04-08,3,5,1,spring,53,,,,
London,hour,2023-04-08 04:00:00,2023-04-08,4,5,1,spring,79,,,,
London,hour,2023-04-08 05:00:00,2023-04-08,5,5,1,spring,153,,,,
London,hour,2023-04-08 06:00:00,2023-04-08,6,5,1,spring,548,,,,
London,hour,2023-04-08 07:00:00,2023-04-08,7,5,1,spring,1236,,,,
London,hour,2023-04-08 08:00:00,2023-04-08,8,5,1,spring,1966,,,,
London,hour,2023-04-08 09:00:00,2023-04-08,9,5,1,spring,1424,,,,
London,hour,2023-04-08 10:00:00,2023-04-08,10,5,1,spring,987,,,,
London,hour,2023-04-08 11:00:00,2023-04-08,11,5,1,spring,1080,,,,
London,hour,2023-04-08 12:00:00,2023-04-08,12,5,1,spring,1201,,,,
London,hour,2023-04-08 13:00:00,2023-04-08,13,5,1,spring,1277,,,,
London,hour,2023-04-08 14:00:00,2023-04-08,14,5,1,spring,1330,,,,
London,hour,2023-04-08 15:00:00,2023-04-08,15,5,1,spring,1331,,,,
London,hour,2023-04-08 16:00:00,2023-04-08,16,5,1,spring,1805,,,,
London,hour,2023-04-08 17:00:00,2023-04-08,17,5,1,spring,2469,,,,
London,hour,2023-04-08 18:00:00,2023-04-08,18,5,1,spring,2340,,,,
London,hour,2023-04-08 19:00:00,2023-04-08,19,5,1,spring,1649,,,,
London,hour,2023-04-08 20:00:00,2023-04-08,20,5,1,spring,1225,,,,
London,hour,2023-04-08 21:00:00,2023-04-08,21,5,1,spring,829,,,,
London,hour,2023-04-08 22:00:00,2023-04-08,22,5,1,spring,789,,,,
London,hour,2023-04-08 23:00:00,2023-04-08,23,5,1,spring,631,,,,
London,hour,2023-04-09 00:00:00,2023-04-09,0,6,1,spring,145,,,,
London,hour,2023-04-09 01:00:00,2023-04-09,1,6,1,spring,76,,,,
London,hour,2023-04-09 02:00:00,2023-04-09,2,6,1,spring,39,,,,
London,hour,2023-04-09 03:00:00,2023-04-09,3,6,1,spring,35,,,,
London,hour,2023-04-09 04:00:00,2023-04-09,4,6,1,spring,42,,,,
London,hour,2023-04-09 05:00:00,2023-04-09,5,6,1,spring,171,,,,
London,hour,2023-04-09 06:00:00,2023-04-09,6,6,1,spring,644,,,,
London,hour,2023-04-09 07:00:00,2023-04-09,7,6,1,spring,1906,,,,
London,hour,2023-04-09 08:00:00,2023-04-09,8,6,1,spring,3078,,,,
London,hour,2023-04-09 09:00:00,2023-04-09,9,6,1,spring,1620,,,,
London,hour,2023-04-09 10:00:00,2023-04-09,10,6,1,spring,971,,,,
London,hour,2023-04-09 11:00:00,2023-04-09,11,6,1,spring,985,,,,
London,hour,2023-04-09 12:00:00,2023-04-09,12,6,1,spring,1223,,,,
London,hour,2023-04-09 13:00:00,2023-04-09,13,6,1,spring,1210,,,,
London,hour,2023-04-09 14:00:00,2023-04-09,14,6,1,spring,1119,,,,
London,hour,2023-04-09 15:00:00,2023-04-09,15,6,1,spring,1388,,,,
London,hour,2023-04-09 16:00:00,2023-04-09,16,6,1,spring,1918,,,,
London,hour,2023-04-09 17:00:00,2023-04-09,17,6,1,spring,3435,,,,
London,hour,2023-04-09 18:00:00,2023-04-09,18,6,1,spring,3613,,,,
London,hour,2023-04-09 19:00:00,2023-04-09,19,6,1,spring,2349,,,,
London,hour,2023-04-09 20:00:00,2023-04-09,20,6,1,spring,1443,,,,
London,hour,2023-04-09 21:00:00,2023-04-09,21,6,1,spring,882,,,,
London,hour,2023-04-09 22:00:00,2023-04-09,22,6,1,spring,608,,,,
London,hour,2023-04-09 23:00:00,2023-04-09,23,6,1,spring,355,,,,
London,hour,2023-04-10 00:00:00,2023-04-10,0,0,0,spring,398,,,,
London,hour,2023-04-10 01:00:00,2023-04-10,1,0,0,spring,217,,,,
London,hour,2023-04-10 02:00:00,2023-04-10,2,0,0,spring,132,,,,
London,hour,2023-04-10 03:00:00,2023-04-10,3,0,0,spring,74,,,,
London,hour,2023-04-10 04:00:00,2023-04-10,4,0,0,spring,76,,,,
London,hour,2023-04-10 05:00:00,2023-04-10,5,0,0,spring,203,,,,
London,hour,2023-04-10 06:00:00,2023-04-10,6,0,0,spring,698,,,,
London,hour,2023-04-10 07:00:00,2023-04-10,7,0,0,spring,1898,,,,
London,hour,2023-04-10 08:00:00,2023-04-10,8,0,0,spring,3567,,,,
London,hour,2023-04-10 09:00:00,2023-04-10,9,0,0,spring,2089,,,,
London,hour,2023-04-10 10:00:00,2023-04-10,10,0,0,spring,1418,,,,
London,hour,2023-04-10 11:00:00,2023-04-10,11,0,0,spring,1375,,,,
London,hour,2023-04-10 12:00:00,2023-04-10,12,0,0,spring,1863,,,,
London,hour,2023-04-10 13:00:00,2023-04-10,13,0,0,spring,1872,,,,
London,hour,2023-04-10 14:00:00,2023-04-10,14,0,0,spring,1735,,,,
London,hour,2023-04-10 15:00:00,2023-04-10,15,0,0,spring,2223,,,,
London,hour,2023-04-10 16:00:00,2023-04-10,16,0,0,spring,2859,,,,
London,hour,2023-04-10 17:00:00,2023-04-10,17,0,0,spring,4192,,,,
London,hour,2023-04-10 18:00:00,2023-04-10,18,0,0,spring,4363,,,,
London,hour,2023-04-10 19:00:00,2023-04-10,19,0,0,spring,2748,,,,
London,hour,2023-04-10 20:00:00,2023-04-10,20,0,0,spring,1806,,,,
London,hour,2023-04-10 21:00:00,2023-04-10,21,0,0,spring,1279,,,,
London,hour,2023-04-10 22:00:00,2023-04-10,22,0,0,spring,1004,,,,
London,hour,2023-04-10 23:00:00,2023-04-10,23,0,0,spring,656,,,,
London,hour,2023-04-11 00:00:00,2023-04-11,0,1,0,spring,442,,,,
London,hour,2023-04-11 01:00:00,2023-04-11,1,1,0,spring,295,,,,
London,hour,2023-04-11 02:00:00,2023-04-11,2,1,0,spring,193,,,,
London,hour,2023-04-11 03:00:00,2023-04-11,3,1,0,spring,159,,,,
London,hour,2023-04-11 04:00:00,2023-04-11,4,1,0,spring,134,,,,
London,hour,2023-04-11 05:00:00,2023-04-11,5,1,0,spring,237,,,,
London,hour,2023-04-11 06:00:00,2023-04-11,6,1,0,spring,695,,,,
London,hour,2023-04-11 07:00:00,2023-04-11,7,1,0,spring,1653,,,,
London,hour,2023-04-11 08:00:00,2023-04-11,8,1,0,spring,3016,,,,
London,hour,2023-04-11 09:00:00,2023-04-11,9,1,0,spring,1945,,,,
London,hour,2023-04-11 10:00:00,2023-04-11,10,1,0,spring,1730,,,,
London,hour,2023-04-11 11:00:00,2023-04-11,11,1,0,spring,2064,,,,
London,hour,2023-04-11 12:00:00,2023-04-11,12,1,0,spring,2414,,,,
London,hour,2023-04-11 13:00:00,2023-04-11,13,1,0,spring,2301,,,,
London,hour,2023-04-11 14:00:00,2023-04-11,14,1,0,spring,2333,,,,
London,hour,2023-04-11 15:00:00,2023-04-11,15,1,0,spring,2375,,,,
London,hour,2023-04-11 16:00:00,2023-04-11,16,1,0,spring,2340,,,,
London,hour,2023-04-11 17:00:00,2023-04-11,17,1,0,spring,2824,,,,
London,hour,2023-04-11 18:00:00,2023-04-11,18,1,0,spring,2615,,,,
London,hour,2023-04-11 19:00:00,2023-04-11,19,1,0,spring,1761,,,,
London,hour,2023-04-11 20:00:00,2023-04-11,20,1,0,spring,939,,,,
London,hour,2023-04-11 21:00:00,2023-04-11,21,1,0,spring,802,,,,
London,hour,2023-04-11 22:00:00,2023-04-11,22,1,0,spring,405,,,,
London,hour,2023-04-11 23:00:00,2023-04-11,23,1,0,spring,407,,,,
London,hour,2023-04-12 00:00:00,2023-04-12,0,2,0,spring,206,,,,
London,hour,2023-04-12 01:00:00,2023-04-12,1,2,0,spring,107,,,,
London,hour,2023-04-12 02:00:00,2023-04-12,2,2,0,spring,66,,,,
London,hour,2023-04-12 03:00:00,2023-04-12,3,2,0,spring,50,,,,
London,hour,2023-04-12 04:00:00,2023-04-12,4,2,0,spring,85,,,,
London,hour,2023-04-12 05:00:00,2023-04-12,5,2,0,spring,270,,,,
London,hour,2023-04-12 06:00:00,2023-04-12,6,2,0,spring,1182,,,,
London,hour,2023-04-12 07:00:00,2023-04-12,7,2,0,spring,3100,,,,
London,hour,2023-04-12 08:00:00,2023-04-12,8,2,0,spring,5621,,,,
London,hour,2023-04-12 09:00:00,2023-04-12,9,2,0,spring,3025,,,,
London,hour,2023-04-12 10:00:00,2023-04-12,10,2,0,spring,1637,,,,
London,hour,2023-04-12 11:00:00,2023-04-12,11,2,0,spring,1459,,,,
London,hour,2023-04-12 12:00:00,2023-04-12,12,2,0,spring,1771,,,,
London,hour,2023-04-12 13:00:00,2023-04-12,13,2,0,spring,1560,,,,
London,hour,2023-04-12 14:00:00,2023-04-12,14,2,0,spring,1269,,,,
London,hour,2023-04-12 15:00:00,2023-04-12,15,2,0,spring,1302,,,,
London,hour,2023-04-12 16:00:00,2023-04-12,16,2,0,spring,2120,,,,
London,hour,2023-04-12 17:00:00,2023-04-12,17,2,0,spring,3808,,,,
London,hour,2023-04-12 18:00:00,2023-04-12,18,2,0,spring,3889,,,,
London,hour,2023-04-12 19:00:00,2023-04-12,19,2,0,spring,2138,,,,
London,hour,2023-04-12 20:00:00,2023-04-12,20,2,0,spring,1487,,,,
London,hour,2023-04-12 21:00:00,2023-04-12,21,2,0,spring,1000,,,,
London,hour,2023-04-12 22:00:00,2023-04-12,22,2,0,spring,878,,,,
London,hour,2023-04-12 23:00:00,2023-04-12,23,2,0,spring,481,,,,
London,hour,2023-04-13 00:00:00,2023-04-13,0,3,0,spring,132,,,,
London,hour,2023-04-13 01:00:00,2023-04-13,1,3,0,spring,66,,,,
London,hour,2023-04-13 02:00:00,2023-04-13,2,3,0,spring,36,,,,
London,hour,2023-04-13 03:00:00,2023-04-13,3,3,0,spring,52,,,,
London,hour,2023-04-13 04:00:00,2023-04-13,4,3,0,spring,49,,,,
London,hour,2023-04-13 05:00:00,2023-04-13,5,3,0,spring,141,,,,
London,hour,2023-04-13 06:00:00,2023-04-13,6,3,0,spring,636,,,,
London,hour,2023-04-13 07:00:00,2023-04-13,7,3,0,spring,1700,,,,
London,hour,2023-04-13 08:00:00,2023-04-13,8,3,0,spring,2939,,,,
London,hour,2023-04-13 09:00:00,2023-04-13,9,3,0,spring,1509,,,,
London,hour,2023-04-13 10:00:00,2023-04-13,10,3,0,spring,1004,,,,
London,hour,2023-04-13 11:00:00,2023-04-13,11,3,0,spring,876,,,,
London,hour,2023-04-13 12:00:00,2023-04-13,12,3,0,spring,1020,,,,
London,hour,2023-04-13 13:00:00,2023-04-13,13,3,0,spring,1049,,,,
London,hour,2023-04-13 14:00:00,2023-04-13,14,3,0,spring,978,,,,
London,hour,2023-04-13 15:00:00,2023-04-13,15,3,0,spring,1201,,,,
London,hour,2023-04-13 16:00:00,2023-04-13,16,3,0,spring,1341,,,,
London,hour,2023-04-13 17:00:00,2023-04-13,17,3,0,spring,2655,,,,
London,hour,2023-04-13 18:00:00,2023-04-13,18,3,0,spring,2833,,,,
London,hour,2023-04-13 19:00:00,2023-04-13,19,3,0,spring,1702,,,,
London,hour,2023-04-13 20:00:00,2023-04-13,20,3,0,spring,1005,,,,
London,hour,2023-04-13 21:00:00,2023-04-13,21,3,0,spring,702,,,,
London,hour,2023-04-13 22:00:00,2023-04-13,22,3,0,spring,568,,,,
London,hour,2023-04-13 23:00:00,2023-04-13,23,3,0,spring,425,,,,
London,hour,2023-04-14 00:00:00,2023-04-14,0,4,0,spring,189,,,,
London,hour,2023-04-14 01:00:00,2023-04-14,1,4,0,spring,125,,,,
London,hour,2023-04-14 02:00:00,2023-04-14,2,4,0,spring,66,,,,
London,hour,2023-04-14 03:00:00,2023-04-14,3,4,0,spring,49,,,,
London,hour,2023-04-14 04:00:00,2023-04-14,4,4,0,spring,50,,,,
London,hour,2023-04-14 05:00:00,2023-04-14,5,4,0,spring,162,,,,
London,hour,2023-04-14 06:00:00,2023-04-14,6,4,0,spring,482,,,,
London,hour,2023-04-14 07:00:00,2023-04-14,7,4,0,spring,1253,,,,
London,hour,2023-04-14 08:00:00,2023-04-14,8,4,0,spring,1684,,,,
London,hour,2023-04-14 09:00:00,2023-04-14,9,4,0,spring,1053,,,,
London,hour,2023-04-14 10:00:00,2023-04-14,10,4,0,spring,810,,,,
London,hour,2023-04-14 11:00:00,2023-04-14,11,4,0,spring,621,,,,
London,hour,2023-04-14 12:00:00,2023-04-14,12,4,0,spring,662,,,,
London,hour,2023-04-14 13:00:00,2023-04-14,13,4,0,spring,839,,,,
London,hour,2023-04-14 14:00:00,2023-04-14,14,4,0,spring,894,,,,
London,hour,2023-04-14 15:00:00,2023-04-14,15,4,0,spring,898,,,,
London,hour,2023-04-14 16:00:00,2023-04-14,16,4,0,spring,1165,,,,
London,hour,2023-04-14 17:00:00,2023-04-14,17,4,0,spring,1831,,,,
London,hour,2023-04-14 18:00:00,2023-04-14,18,4,0,spring,1832,,,,
London,hour,2023-04-14 19:00:00,2023-04-14,19,4,0,spring,1220,,,,
London,hour,2023-04-14 20:00:00,2023-04-14,20,4,0,spring,599,,,,
London,hour,2023-04-14 21:00:00,2023-04-14,21,4,0,spring,187,,,,
London,hour,2023-04-14 22:00:00,2023-04-14,22,4,0,spring,195,,,,
London,hour,2023-04-14 23:00:00,2023-04-14,23,4,0,spring,232,,,,
London,hour,2023-04-15 00:00:00,2023-04-15,0,5,1,spring,194,,,,
London,hour,2023-04-15 01:00:00,2023-04-15,1,5,1,spring,149,,,,
London,hour,2023-04-15 02:00:00,2023-04-15,2,5,1,spring,126,,,,
London,hour,2023-04-15 03:00:00,2023-04-15,3,5,1,spring,80,,,,
London,hour,2023-04-15 04:00:00,2023-04-15,4,5,1,spring,67,,,,
London,hour,2023-04-15 05:00:00,2023-04-15,5,5,1,spring,78,,,,
London,hour,2023-04-15 06:00:00,2023-04-15,6,5,1,spring,123,,,,
London,hour,2023-04-15 07:00:00,2023-04-15,7,5,1,spring,271,,,,
London,hour,2023-04-15 08:00:00,2023-04-15,8,5,1,spring,596,,,,
London,hour,2023-04-15 09:00:00,2023-04-15,9,5,1,spring,930,,,,
London,hour,2023-04-15 10:00:00,2023-04-15,10,5,1,spring,1186,,,,
London,hour,2023-04-15 11:00:00,2023-04-15,11,5,1,spring,1446,,,,
London,hour,2023-04-15 12:00:00,2023-04-15,12,5,1,spring,1442,,,,
London,hour,2023-04-15 13:00:00,2023-04-15,13,5,1,spring,1686,,,,
London,hour,2023-04-15 14:00:00,2023-04-15,14,5,1,spring,1718,,,,
London,hour,2023-04-15 15:00:00,2023-04-15,15,5,1,spring,1591,,,,
London,hour,2023-04-15 16:00:00,2023-04-15,16,5,1,spring,1719,,,,
London,hour,2023-04-15 17:00:00,2023-04-15,17,5,1,spring,1785,,,,
London,hour,2023-04-15 18:00:00,2023-04-15,18,5,1,spring,1562,,,,
London,hour,2023-04-15 19:00:00,2023-04-15,19,5,1,spring,1245,,,,
London,hour,2023-04-15 20:00:00,2023-04-15,20,5,1,spring,824,,,,
London,hour,2023-04-15 21:00:00,2023-04-15,21,5,1,spring,634,,,,
London,hour,2023-04-15 22:00:00,2023-04-15,22,5,1,spring,566,,,,
London,hour,2023-04-15 23:00:00,2023-04-15,23,5,1,spring,602,,,,
London,hour,2023-04-16 00:00:00,2023-04-16,0,6,1,spring,406,,,,
London,hour,2023-04-16 01:00:00,2023-04-16,1,6,1,spring,307,,,,
London,hour,2023-04-16 02:00:00,2023-04-16,2,6,1,spring,179,,,,
London,hour,2023-04-16 03:00:00,2023-04-16,3,6,1,spring,170,,,,
London,hour,2023-04-16 04:00:00,2023-04-16,4,6,1,spring,101,,,,
London,hour,2023-04-16 05:00:00,2023-04-16,5,6,1,spring,71,,,,
London,hour,2023-04-16 06:00:00,2023-04-16,6,6,1,spring,116,,,,
London,hour,2023-04-16 07:00:00,2023-04-16,7,6,1,spring,194,,,,
London,hour,2023-04-16 08:00:00,2023-04-16,8,6,1,spring,432,,,,
London,hour,2023-04-16 09:00:00,2023-04-16,9,6,1,spring,766,,,,
London,hour,2023-04-16 10:00:00,2023-04-16,10,6,1,spring,1171,,,,
London,hour,2023-04-16 11:00:00,2023-04-16,11,6,1,spring,1470,,,,
London,hour,2023-04-16 12:00:00,2023-04-16,12,6,1,spring,1649,,,,
London,hour,2023-04-16 13:00:00,2023-04-16,13,6,1,spring,1787,,,,
London,hour,2023-04-16 14:00:00,2023-04-16,14,6,1,spring,1644,,,,
London,hour,2023-04-16 15:00:00,2023-04-16,15,6,1,spring,1714,,,,
London,hour,2023-04-16 16:00:00,2023-04-16,16,6,1,spring,1703,,,,
London,hour,2023-04-16 17:00:00,2023-04-16,17,6,1,spring,1483,,,,
London,hour,2023-04-16 18:00:00,2023-04-16,18,6,1,spring,1422,,,,
London,hour,2023-04-16 19:00:00,2023-04-16,19,6,1,spring,1009,,,,
London,hour,2023-04-16 20:00:00,2023-04-16,20,6,1,spring,658,,,,
London,hour,2023-04-16 21:00:00,2023-04-16,21,6,1,spring,474,,,,
London,hour,2023-04-16 22:00:00,2023-04-16,22,6,1,spring,372,,,,
London,hour,2023-04-16 23:00:00,2023-04-16,23,6,1,spring,235,,,,
London,hour,2023-04-17 00:00:00,2023-04-17,0,0,0,spring,164,,,,
London,hour,2023-04-17 01:00:00,2023-04-17,1,0,0,spring,72,,,,
London,hour,2023-04-17 02:00:00,2023-04-17,2,0,0,spring,50,,,,
London,hour,2023-04-17 03:00:00,2023-04-17,3,0,0,spring,35,,,,
London,hour,2023-04-17 04:00:00,2023-04-17,4,0,0,spring,49,,,,
London,hour,2023-04-17 05:00:00,2023-04-17,5,0,0,spring,144,,,,
London,hour,2023-04-17 06:00:00,2023-04-17,6,0,0,spring,581,,,,
London,hour,2023-04-17 07:00:00,2023-04-17,7,0,0,spring,1667,,,,
London,hour,2023-04-17 08:00:00,2023-04-17,8,0,0,spring,2905,,,,
London,hour,2023-04-17 09:00:00,2023-04-17,9,0,0,spring,1431,,,,
London,hour,2023-04-17 10:00:00,2023-04-17,10,0,0,spring,827,,,,
London,hour,2023-04-17 11:00:00,2023-04-17,11,0,0,spring,887,,,,
London,hour,2023-04-17 12:00:00,2023-04-17,12,0,0,spring,1103,,,,
London,hour,2023-04-17 13:00:00,2023-04-17,13,0,0,spring,1053,,,,
London,hour,2023-04-17 14:00:00,2023-04-17,14,0,0,spring,1005,,,,
London,hour,2023-04-17 15:00:00,2023-04-17,15,0,0,spring,1161,,,,
London,hour,2023-04-17 16:00:00,2023-04-17,16,0,0,spring,1755,,,,
London,hour,2023-04-17 17:00:00,2023-04-17,17,0,0,spring,3075,,,,
London,hour,2023-04-17 18:00:00,2023-04-17,18,0,0,spring,3223,,,,
London,hour,2023-04-17 19:00:00,2023-04-17,19,0,0,spring,1923,,,,
London,hour,2023-04-17 20:00:00,2023-04-17,20,0,0,spring,1073,,,,
London,hour,2023-04-17 21:00:00,2023-04-17,21,0,0,spring,679,,,,
London,hour,2023-04-17 22:00:00,2023-04-17,22,0,0,spring,502,,,,
London,hour,2023-04-17 23:00:00,2023-04-17,23,0,0,spring,275,,,,
London,hour,2023-04-18 00:00:00,2023-04-18,0,1,0,spring,148,,,,
London,hour,2023-04-18 01:00:00,2023-04-18,1,1,0,spring,91,,,,
London,hour,2023-04-18 02:00:00,2023-04-18,2,1,0,spring,57,,,,
London,hour,2023-04-18 03:00:00,2023-04-18,3,1,0,spring,27,,,,
London,hour,2023-04-18 04:00:00,2023-04-18,4,1,0,spring,53,,,,
London,hour,2023-04-18 05:00:00,2023-04-18,5,1,0,spring,173,,,,
London,hour,2023-04-18 06:00:00,2023-04-18,6,1,0,spring,848,,,,
London,hour,2023-04-18 07:00:00,2023-04-18,7,1,0,spring,2106,,,,
London,hour,2023-04-18 08:00:00,2023-04-18,8,1,0,spring,3762,,,,
London,hour,2023-04-18 09:00:00,2023-04-18,9,1,0,spring,1728,,,,
London,hour,2023-04-18 10:00:00,2023-04-18,10,1,0,spring,922,,,,
London,hour,2023-04-18 11:00:00,2023-04-18,11,1,0,spring,819,,,,
London,hour,2023-04-18 12:00:00,2023-04-18,12,1,0,spring,883,,,,
London,hour,2023-04-18 13:00:00,2023-04-18,13,1,0,spring,846,,,,
London,hour,2023-04-18 14:00:00,2023-04-18,14,1,0,spring,794,,,,
London,hour,2023-04-18 15:00:00,2023-04-18,15,1,0,spring,962,,,,
London,hour,2023-04-18 16:00:00,2023-04-18,16,1,0,spring,1470,,,,
London,hour,2023-04-18 17:00:00,2023-04-18,17,1,0,spring,2841,,,,
London,hour,2023-04-18 18:00:00,2023-04-18,18,1,0,spring,3040,,,,
London,hour,2023-04-18 19:00:00,2023-04-18,19,1,0,spring,1872,,,,
London,hour,2023-04-18 20:00:00,2023-04-18,20,1,0,spring,1078,,,,
London,hour,2023-04-18 21:00:00,2023-04-18,21,1,0,spring,758,,,,
London,hour,2023-04-18 22:00:00,2023-04-18,22,1,0,spring,638,,,,
London,hour,2023-04-18 23:00:00,2023-04-18,23,1,0,spring,283,,,,
London,hour,2023-04-19 00:00:00,2023-04-19,0,2,0,spring,159,,,,
London,hour,2023-04-19 01:00:00,2023-04-19,1,2,0,spring,65,,,,
London,hour,2023-04-19 02:00:00,2023-04-19,2,2,0,spring,45,,,,
London,hour,2023-04-19 03:00:00,2023-04-19,3,2,0,spring,29,,,,
London,hour,2023-04-19 04:00:00,2023-04-19,4,2,0,spring,65,,,,
London,hour,2023-04-19 05:00:00,2023-04-19,5,2,0,spring,188,,,,
London,hour,2023-04-19 06:00:00,2023-04-19,6,2,0,spring,790,,,,
London,hour,2023-04-19 07:00:00,2023-04-19,7,2,0,spring,2088,,,,
London,hour,2023-04-19 08:00:00,2023-04-19,8,2,0,spring,3637,,,,
London,hour,2023-04-19 09:00:00,2023-04-19,9,2,0,spring,1733,,,,
London,hour,2023-04-19 10:00:00,2023-04-19,10,2,0,spring,956,,,,
London,hour,2023-04-19 11:00:00,2023-04-19,11,2,0,spring,888,,,,
London,hour,2023-04-19 12:00:00,2023-04-19,12,2,0,spring,1068,,,,
London,hour,2023-04-19 13:00:00,2023-04-19,13,2,0,spring,1061,,,,
London,hour,2023-04-19 14:00:00,2023-04-19,14,2,0,spring,990,,,,
London,hour,2023-04-19 15:00:00,2023-04-19,15,2,0,spring,1224,,,,
London,hour,2023-04-19 16:00:00,2023-04-19,16,2,0,spring,1694,,,,
London,hour,2023-04-19 17:00:00,2023-04-19,17,2,0,spring,3274,,,,
London,hour,2023-04-19 18:00:00,2023-04-19,18,2,0,spring,3311,,,,
London,hour,2023-04-19 19:00:00,2023-04-19,19,2,0,spring,2048,,,,
London,hour,2023-04-19 20:00:00,2023-04-19,20,2,0,spring,1099,,,,
London,hour,2023-04-19 21:00:00,2023-04-19,21,2,0,spring,811,,,,
London,hour,2023-04-19 22:00:00,2023-04-19,22,2,0,spring,633,,,,
London,hour,2023-04-19 23:00:00,2023-04-19,23,2,0,spring,357,,,,
London,hour,2023-04-20 00:00:00,2023-04-20,0,3,0,spring,162,,,,
London,hour,2023-04-20 01:00:00,2023-04-20,1,3,0,spring,78,,,,
London,hour,2023-04-20 02:00:00,2023-04-20,2,3,0,spring,64,,,,
London,hour,2023-04-20 03:00:00,2023-04-20,3,3,0,spring,44,,,,
London,hour,2023-04-20 04:00:00,2023-04-20,4,3,0,spring,46,,,,
London,hour,2023-04-20 05:00:00,2023-04-20,5,3,0,spring,157,,,,
London,hour,2023-04-20 06:00:00,2023-04-20,6,3,0,spring,805,,,,
London,hour,2023-04-20 07:00:00,2023-04-20,7,3,0,spring,2119,,,,
London,hour,2023-04-20 08:00:00,2023-04-20,8,3,0,spring,3681,,,,
London,hour,2023-04-20 09:00:00,2023-04-20,9,3,0,spring,1834,,,,
London,hour,2023-04-20 10:00:00,2023-04-20,10,3,0,spring,1066,,,,
London,hour,2023-04-20 11:00:00,2023-04-20,11,3,0,spring,997,,,,
London,hour,2023-04-20 12:00:00,2023-04-20,12,3,0,spring,1142,,,,
London,hour,2023-04-20 13:00:00,2023-04-20,13,3,0,spring,1212,,,,
London,hour,2023-04-20 14:00:00,2023-04-20,14,3,0,spring,1135,,,,
London,hour,2023-04-20 15:00:00,2023-04-20,15,3,0,spring,1366,,,,
London,hour,2023-04-20 16:00:00,2023-04-20,16,3,0,spring,1807,,,,
London,hour,2023-04-20 17:00:00,2023-04-20,17,3,0,spring,2019,,,,
London,hour,2023-04-20 18:00:00,2023-04-20,18,3,0,spring,1354,,,,
London,hour,2023-04-20 19:00:00,2023-04-20,19,3,0,spring,1267,,,,
London,hour,2023-04-20 20:00:00,2023-04-20,20,3,0,spring,865,,,,
London,hour,2023-04-20 21:00:00,2023-04-20,21,3,0,spring,711,,,,
London,hour,2023-04-20 22:00:00,2023-04-20,22,3,0,spring,663,,,,
London,hour,2023-04-20 23:00:00,2023-04-20,23,3,0,spring,419,,,,
London,hour,2023-04-21 00:00:00,2023-04-21,0,4,0,spring,226,,,,
London,hour,2023-04-21 01:00:00,2023-04-21,1,4,0,spring,119,,,,
London,hour,2023-04-21 02:00:00,2023-04-21,2,4,0,spring,54,,,,
London,hour,2023-04-21 03:00:00,2023-04-21,3,4,0,spring,53,,,,
London,hour,2023-04-21 04:00:00,2023-04-21,4,4,0,spring,70,,,,
London,hour,2023-04-21 05:00:00,2023-04-21,5,4,0,spring,153,,,,
London,hour,2023-04-21 06:00:00,2023-04-21,6,4,0,spring,581,,,,
London,hour,2023-04-21 07:00:00,2023-04-21,7,4,0,spring,1244,,,,
London,hour,2023-04-21 08:00:00,2023-04-21,8,4,0,spring,1793,,,,
London,hour,2023-04-21 09:00:00,2023-04-21,9,4,0,spring,991,,,,
London,hour,2023-04-21 10:00:00,2023-04-21,10,4,0,spring,554,,,,
London,hour,2023-04-21 11:00:00,2023-04-21,11,4,0,spring,481,,,,
London,hour,2023-04-21 12:00:00,2023-04-21,12,4,0,spring,757,,,,
London,hour,2023-04-21 13:00:00,2023-04-21,13,4,0,spring,853,,,,
London,hour,2023-04-21 14:00:00,2023-04-21,14,4,0,spring,888,,,,
London,hour,2023-04-21 15:00:00,2023-04-21,15,4,0,spring,1149,,,,
London,hour,2023-04-21 16:00:00,2023-04-21,16,4,0,spring,1531,,,,
London,hour,2023-04-21 17:00:00,2023-04-21,17,4,0,spring,2419,,,,
London,hour,2023-04-21 18:00:00,2023-04-21,18,4,0,spring,2443,,,,
London,hour,2023-04-21 19:00:00,2023-04-21,19,4,0,spring,1743,,,,
London,hour,2023-04-21 20:00:00,2023-04-21,20,4,0,spring,1070,,,,
London,hour,2023-04-21 21:00:00,2023-04-21,21,4,0,spring,686,,,,
London,hour,2023-04-21 22:00:00,2023-04-21,22,4,0,spring,639,,,,
London,hour,2023-04-21 23:00:00,2023-04-21,23,4,0,spring,550,,,,
London,hour,2023-04-22 00:00:00,2023-04-22,0,5,1,spring,404,,,,
London,hour,2023-04-22 01:00:00,2023-04-22,1,5,1,spring,265,,,,
London,hour,2023-04-22 02:00:00,2023-04-22,2,5,1,spring,169,,,,
London,hour,2023-04-22 03:00:00,2023-04-22,3,5,1,spring,124,,,,
London,hour,2023-04-22 04:00:00,2023-04-22,4,5,1,spring,75,,,,
London,hour,2023-04-22 05:00:00,2023-04-22,5,5,1,spring,77,,,,
London,hour,2023-04-22 06:00:00,2023-04-22,6,5,1,spring,129,,,,
London,hour,2023-04-22 07:00:00,2023-04-22,7,5,1,spring,312,,,,
London,hour,2023-04-22 08:00:00,2023-04-22,8,5,1,spring,753,,,,
London,hour,2023-04-22 09:00:00,2023-04-22,9,5,1,spring,1050,,,,
London,hour,2023-04-22 10:00:00,2023-04-22,10,5,1,spring,1411,,,,
London,hour,2023-04-22 11:00:00,2023-04-22,11,5,1,spring,1721,,,,
London,hour,2023-04-22 12:00:00,2023-04-22,12,5,1,spring,1869,,,,
London,hour,2023-04-22 13:00:00,2023-04-22,13,5,1,spring,1942,,,,
London,hour,2023-04-22 14:00:00,2023-04-22,14,5,1,spring,1863,,,,
London,hour,2023-04-22 15:00:00,2023-04-22,15,5,1,spring,1719,,,,
London,hour,2023-04-22 16:00:00,2023-04-22,16,5,1,spring,1700,,,,
London,hour,2023-04-22 17:00:00,2023-04-22,17,5,1,spring,1819,,,,
London,hour,2023-04-22 18:00:00,2023-04-22,18,5,1,spring,1658,,,,
London,hour,2023-04-22 19:00:00,2023-04-22,19,5,1,spring,1435,,,,
London,hour,2023-04-22 20:00:00,2023-04-22,20,5,1,spring,935,,,,
London,hour,2023-04-22 21:00:00,2023-04-22,21,5,1,spring,571,,,,
London,hour,2023-04-22 22:00:00,2023-04-22,22,5,1,spring,580,,,,
London,hour,2023-04-22 23:00:00,2023-04-22,23,5,1,spring,480,,,,
London,hour,2023-04-23 00:00:00,2023-04-23,0,6,1,spring,264,,,,
London,hour,2023-04-23 01:00:00,2023-04-23,1,6,1,spring,184,,,,
London,hour,2023-04-23 02:00:00,2023-04-23,2,6,1,spring,108,,,,
London,hour,2023-04-23 03:00:00,2023-04-23,3,6,1,spring,107,,,,
London,hour,2023-04-23 04:00:00,2023-04-23,4,6,1,spring,87,,,,
London,hour,2023-04-23 05:00:00,2023-04-23,5,6,1,spring,67,,,,
London,hour,2023-04-23 06:00:00,2023-04-23,6,6,1,spring,109,,,,
London,hour,2023-04-23 07:00:00,2023-04-23,7,6,1,spring,244,,,,
London,hour,2023-04-23 08:00:00,2023-04-23,8,6,1,spring,446,,,,
London,hour,2023-04-23 09:00:00,2023-04-23,9,6,1,spring,771,,,,
London,hour,2023-04-23 10:00:00,2023-04-23,10,6,1,spring,871,,,,
London,hour,2023-04-23 11:00:00,2023-04-23,11,6,1,spring,881,,,,
London,hour,2023-04-23 12:00:00,2023-04-23,12,6,1,spring,1145,,,,
London,hour,2023-04-23 13:00:00,2023-04-23,13,6,1,spring,997,,,,
London,hour,2023-04-23 14:00:00,2023-04-23,14,6,1,spring,1040,,,,
London,hour,2023-04-23 15:00:00,2023-04-23,15,6,1,spring,1208,,,,
London,hour,2023-04-23 16:00:00,2023-04-23,16,6,1,spring,1405,,,,
London,hour,2023-04-23 17:00:00,2023-04-23,17,6,1,spring,1488,,,,
London,hour,2023-04-23 18:00:00,2023-04-23,18,6,1,spring,1191,,,,
London,hour,2023-04-23 19:00:00,2023-04-23,19,6,1,spring,672,,,,
London,hour,2023-04-23 20:00:00,2023-04-23,20,6,1,spring,359,,,,
London,hour,2023-04-23 21:00:00,2023-04-23,21,6,1,spring,331,,,,
London,hour,2023-04-23 22:00:00,2023-04-23,22,6,1,spring,285,,,,
London,hour,2023-04-23 23:00:00,2023-04-23,23,6,1,spring,225,,,,
London,hour,2023-04-24 00:00:00,2023-04-24,0,0,0,spring,111,,,,
London,hour,2023-04-24 01:00:00,2023-04-24,1,0,0,spring,79,,,,
London,hour,2023-04-24 02:00:00,2023-04-24,2,0,0,spring,45,,,,
London,hour,2023-04-24 03:00:00,2023-04-24,3,0,0,spring,33,,,,
London,hour,2023-04-24 04:00:00,2023-04-24,4,0,0,spring,37,,,,
London,hour,2023-04-24 05:00:00,2023-04-24,5,0,0,spring,135,,,,
London,hour,2023-04-24 06:00:00,2023-04-24,6,0,0,spring,684,,,,
London,hour,2023-04-24 07:00:00,2023-04-24,7,0,0,spring,1835,,,,
London,hour,2023-04-24 08:00:00,2023-04-24,8,0,0,spring,3049,,,,
London,hour,2023-04-24 09:00:00,2023-04-24,9,0,0,spring,1573,,,,
London,hour,2023-04-24 10:00:00,2023-04-24,10,0,0,spring,912,,,,
London,hour,2023-04-24 11:00:00,2023-04-24,11,0,0,spring,792,,,,
London,hour,2023-04-24 12:00:00,2023-04-24,12,0,0,spring,986,,,,
London,hour,2023-04-24 13:00:00,2023-04-24,13,0,0,spring,999,,,,
London,hour,2023-04-24 14:00:00,2023-04-24,14,0,0,spring,1014,,,,
London,hour,2023-04-24 15:00:00,2023-04-24,15,0,0,spring,1114,,,,
London,hour,2023-04-24 16:00:00,2023-04-24,16,0,0,spring,1145,,,,
London,hour,2023-04-24 17:00:00,2023-04-24,17,0,0,spring,953,,,,
London,hour,2023-04-24 18:00:00,2023-04-24,18,0,0,spring,971,,,,
London,hour,2023-04-24 19:00:00,2023-04-24,19,0,0,spring,670,,,,
London,hour,2023-04-24 20:00:00,2023-04-24,20,0,0,spring,472,,,,
London,hour,2023-04-24 21:00:00,2023-04-24,21,0,0,spring,388,,,,
London,hour,2023-04-24 22:00:00,2023-04-24,22,0,0,spring,355,,,,
London,hour,2023-04-24 23:00:00,2023-04-24,23,0,0,spring,194,,,,
London,hour,2023-04-25 00:00:00,2023-04-25,0,1,0,spring,93,,,,
London,hour,2023-04-25 01:00:00,2023-04-25,1,1,0,spring,49,,,,
London,hour,2023-04-25 02:00:00,2023-04-25,2,1,0,spring,37,,,,
London,hour,2023-04-25 03:00:00,2023-04-25,3,1,0,spring,15,,,,
London,hour,2023-04-25 04:00:00,2023-04-25,4,1,0,spring,61,,,,
London,hour,2023-04-25 05:00:00,2023-04-25,5,1,0,spring,180,,,,
London,hour,2023-04-25 06:00:00,2023-04-25,6,1,0,spring,804,,,,
London,hour,2023-04-25 07:00:00,2023-04-25,7,1,0,spring,2244,,,,
London,hour,2023-04-25 08:00:00,2023-04-25,8,1,0,spring,3481,,,,
London,hour,2023-04-25 09:00:00,2023-04-25,9,1,0,spring,1669,,,,
London,hour,2023-04-25 10:00:00,2023-04-25,10,1,0,spring,978,,,,
London,hour,2023-04-25 11:00:00,2023-04-25,11,1,0,spring,926,,,,
London,hour,2023-04-25 12:00:00,2023-04-25,12,1,0,spring,1008,,,,
London,hour,2023-04-25 13:00:00,2023-04-25,13,1,0,spring,987,,,,
London,hour,2023-04-25 14:00:00,2023-04-25,14,1,0,spring,935,,,,
London,hour,2023-04-25 15:00:00,2023-04-25,15,1,0,spring,1145,,,,
London,hour,2023-04-25 16:00:00,2023-04-25,16,1,0,spring,1625,,,,
London,hour,2023-04-25 17:00:00,2023-04-25,17,1,0,spring,3029,,,,
London,hour,2023-04-25 18:00:00,2023-04-25,18,1,0,spring,3187,,,,
London,hour,2023-04-25 19:00:00,2023-04-25,19,1,0,spring,1986,,,,
London,hour,2023-04-25 20:00:00,2023-04-25,20,1,0,spring,1269,,,,
London,hour,2023-04-25 21:00:00,2023-04-25,21,1,0,spring,853,,,,
London,hour,2023-04-25 22:00:00,2023-04-25,22,1,0,spring,658,,,,
London,hour,2023-04-25 23:00:00,2023-04-25,23,1,0,spring,327,,,,
London,hour,2023-04-26 00:00:00,2023-04-26,0,2,0,spring,141,,,,
London,hour,2023-04-26 01:00:00,2023-04-26,1,2,0,spring,53,,,,
London,hour,2023-04-26 02:00:00,2023-04-26,2,2,0,spring,45,,,,
London,hour,2023-04-26 03:00:00,2023-04-26,3,2,0,spring,22,,,,
London,hour,2023-04-26 04:00:00,2023-04-26,4,2,0,spring,53,,,,
London,hour,2023-04-26 05:00:00,2023-04-26,5,2,0,spring,179,,,,
London,hour,2023-04-26 06:00:00,2023-04-26,6,2,0,spring,777,,,,
London,hour,2023-04-26 07:00:00,2023-04-26,7,2,0,spring,2147,,,,
London,hour,2023-04-26 08:00:00,2023-04-26,8,2,0,spring,3654,,,,
London,hour,2023-04-26 09:00:00,2023-04-26,9,2,0,spring,1715,,,,
London,hour,2023-04-26 10:00:00,2023-04-26,10,2,0,spring,939,,,,
London,hour,2023-04-26 11:00:00,2023-04-26,11,2,0,spring,846,,,,
London,hour,2023-04-26 12:00:00,2023-04-26,12,2,0,spring,1089,,,,
London,hour,2023-04-26 13:00:00,2023-04-26,13,2,0,spring,1091,,,,
London,hour,2023-04-26 14:00:00,2023-04-26,14,2,0,spring,921,,,,
London,hour,2023-04-26 15:00:00,2023-04-26,15,2,0,spring,1031,,,,
London,hour,2023-04-26 16:00:00,2023-04-26,16,2,0,spring,1631,,,,
London,hour,2023-04-26 17:00:00,2023-04-26,17,2,0,spring,2844,,,,
London,hour,2023-04-26 18:00:00,2023-04-26,18,2,0,spring,2956,,,,
London,hour,2023-04-26 19:00:00,2023-04-26,19,2,0,spring,1876,,,,
London,hour,2023-04-26 20:00:00,2023-04-26,20,2,0,spring,1105,,,,
London,hour,2023-04-26 21:00:00,2023-04-26,21,2,0,spring,827,,,,
London,hour,2023-04-26 22:00:00,2023-04-26,22,2,0,spring,779,,,,
London,hour,2023-04-26 23:00:00,2023-04-26,23,2,0,spring,423,,,,
London,hour,2023-04-27 00:00:00,2023-04-27,0,3,0,spring,184,,,,
London,hour,2023-04-27 01:00:00,2023-04-27,1,3,0,spring,85,,,,
London,hour,2023-04-27 02:00:00,2023-04-27,2,3,0,spring,47,,,,
London,hour,2023-04-27 03:00:00,2023-04-27,3,3,0,spring,34,,,,
London,hour,2023-04-27 04:00:00,2023-04-27,4,3,0,spring,65,,,,
London,hour,2023-04-27 05:00:00,2023-04-27,5,3,0,spring,161,,,,
London,hour,2023-04-27 06:00:00,2023-04-27,6,3,0,spring,741,,,,
London,hour,2023-04-27 07:00:00,2023-04-27,7,3,0,spring,2067,,,,
London,hour,2023-04-27 08:00:00,2023-04-27,8,3,0,spring,3493,,,,
London,hour,2023-04-27 09:00:00,2023-04-27,9,3,0,spring,1762,,,,
London,hour,2023-04-27 10:00:00,2023-04-27,10,3,0,spring,1039,,,,
London,hour,2023-04-27 11:00:00,2023-04-27,11,3,0,spring,948,,,,
London,hour,2023-04-27 12:00:00,2023-04-27,12,3,0,spring,1079,,,,
London,hour,2023-04-27 13:00:00,2023-04-27,13,3,0,spring,1115,,,,
London,hour,2023-04-27 14:00:00,2023-04-27,14,3,0,spring,982,,,,
London,hour,2023-04-27 15:00:00,2023-04-27,15,3,0,spring,691,,,,
London,hour,2023-04-27 16:00:00,2023-04-27,16,3,0,spring,871,,,,
London,hour,2023-04-27 17:00:00,2023-04-27,17,3,0,spring,1268,,,,
London,hour,2023-04-27 18:00:00,2023-04-27,18,3,0,spring,1216,,,,
London,hour,2023-04-27 19:00:00,2023-04-27,19,3,0,spring,986,,,,
London,hour,2023-04-27 20:00:00,2023-04-27,20,3,0,spring,636,,,,
London,hour,2023-04-27 21:00:00,2023-04-27,21,3,0,spring,423,,,,
London,hour,2023-04-27 22:00:00,2023-04-27,22,3,0,spring,408,,,,
London,hour,2023-04-27 23:00:00,2023-04-27,23,3,0,spring,254,,,,
London,hour,2023-04-28 00:00:00,2023-04-28,0,4,0,spring,162,,,,
London,hour,2023-04-28 01:00:00,2023-04-28,1,4,0,spring,96,,,,
London,hour,2023-04-28 02:00:00,2023-04-28,2,4,0,spring,60,,,,
London,hour,2023-04-28 03:00:00,2023-04-28,3,4,0,spring,47,,,,
London,hour,2023-04-28 04:00:00,2023-04-28,4,4,0,spring,54,,,,
London,hour,2023-04-28 05:00:00,2023-04-28,5,4,0,spring,148,,,,
London,hour,2023-04-28 06:00:00,2023-04-28,6,4,0,spring,513,,,,
London,hour,2023-04-28 07:00:00,2023-04-28,7,4,0,spring,1314,,,,
London,hour,2023-04-28 08:00:00,2023-04-28,8,4,0,spring,2101,,,,
London,hour,2023-04-28 09:00:00,2023-04-28,9,4,0,spring,1350,,,,
London,hour,2023-04-28 10:00:00,2023-04-28,10,4,0,spring,925,,,,
London,hour,2023-04-28 11:00:00,2023-04-28,11,4,0,spring,976,,,,
London,hour,2023-04-28 12:00:00,2023-04-28,12,4,0,spring,1205,,,,
London,hour,2023-04-28 13:00:00,2023-04-28,13,4,0,spring,1198,,,,
London,hour,2023-04-28 14:00:00,2023-04-28,14,4,0,spring,1317,,,,
London,hour,2023-04-28 15:00:00,2023-04-28,15,4,0,spring,1445,,,,
London,hour,2023-04-28 16:00:00,2023-04-28,16,4,0,spring,1706,,,,
London,hour,2023-04-28 17:00:00,2023-04-28,17,4,0,spring,2355,,,,
London,hour,2023-04-28 18:00:00,2023-04-28,18,4,0,spring,2361,,,,
London,hour,2023-04-28 19:00:00,2023-04-28,19,4,0,spring,1777,,,,
London,hour,2023-04-28 20:00:00,2023-04-28,20,4,0,spring,1155,,,,
London,hour,2023-04-28 21:00:00,2023-04-28,21,4,0,spring,782,,,,
London,hour,2023-04-28 22:00:00,2023-04-28,22,4,0,spring,682,,,,
London,hour,2023-04-28 23:00:00,2023-04-28,23,4,0,spring,517,,,,
London,hour,2023-04-29 00:00:00,2023-04-29,0,5,1,spring,409,,,,
London,hour,2023-04-29 01:00:00,2023-04-29,1,5,1,spring,291,,,,
London,hour,2023-04-29 02:00:00,2023-04-29,2,5,1,spring,193,,,,
London,hour,2023-04-29 03:00:00,2023-04-29,3,5,1,spring,145,,,,
London,hour,2023-04-29 04:00:00,2023-04-29,4,5,1,spring,97,,,,
London,hour,2023-04-29 05:00:00,2023-04-29,5,5,1,spring,84,,,,
London,hour,2023-04-29 06:00:00,2023-04-29,6,5,1,spring,146,,,,
London,hour,2023-04-29 07:00:00,2023-04-29,7,5,1,spring,340,,,,
London,hour,2023-04-29 08:00:00,2023-04-29,8,5,1,spring,722,,,,
London,hour,2023-04-29 09:00:00,2023-04-29,9,5,1,spring,1168,,,,
London,hour,2023-04-29 10:00:00,2023-04-29,10,5,1,spring,1577,,,,
London,hour,2023-04-29 11:00:00,2023-04-29,11,5,1,spring,1889,,,,
London,hour,2023-04-29 12:00:00,2023-04-29,12,5,1,spring,2152,,,,
London,hour,2023-04-29 13:00:00,2023-04-29,13,5,1,spring,2115,,,,
London,hour,2023-04-29 14:00:00,2023-04-29,14,5,1,spring,2259,,,,
London,hour,2023-04-29 15:00:00,2023-04-29,15,5,1,spring,2329,,,,
London,hour,2023-04-29 16:00:00,2023-04-29,16,5,1,spring,2211,,,,
London,hour,2023-04-29 17:00:00,2023-04-29,17,5,1,spring,2161,,,,
London,hour,2023-04-29 18:00:00,2023-04-29,18,5,1,spring,2017,,,,
London,hour,2023-04-29 19:00:00,2023-04-29,19,5,1,spring,1538,,,,
London,hour,2023-04-29 20:00:00,2023-04-29,20,5,1,spring,1115,,,,
London,hour,2023-04-29 21:00:00,2023-04-29,21,5,1,spring,741,,,,
London,hour,2023-04-29 22:00:00,2023-04-29,22,5,1,spring,659,,,,
London,hour,2023-04-29 23:00:00,2023-04-29,23,5,1,spring,502,,,,
London,hour,2023-04-30 00:00:00,2023-04-30,0,6,1,spring,351,,,,
London,hour,2023-04-30 01:00:00,2023-04-30,1,6,1,spring,266,,,,
London,hour,2023-04-30 02:00:00,2023-04-30,2,6,1,spring,193,,,,
London,hour,2023-04-30 03:00:00,2023-04-30,3,6,1,spring,132,,,,
London,hour,2023-04-30 04:00:00,2023-04-30,4,6,1,spring,75,,,,
London,hour,2023-04-30 05:00:00,2023-04-30,5,6,1,spring,99,,,,
London,hour,2023-04-30 06:00:00,2023-04-30,6,6,1,spring,132,,,,
London,hour,2023-04-30 07:00:00,2023-04-30,7,6,1,spring,217,,,,
London,hour,2023-04-30 08:00:00,2023-04-30,8,6,1,spring,521,,,,
London,hour,2023-04-30 09:00:00,2023-04-30,9,6,1,spring,923,,,,
London,hour,2023-04-30 10:00:00,2023-04-30,10,6,1,spring,1392,,,,
London,hour,2023-04-30 11:00:00,2023-04-30,11,6,1,spring,1787,,,,
London,hour,2023-04-30 12:00:00,2023-04-30,12,6,1,spring,1877,,,,
London,hour,2023-04-30 13:00:00,2023-04-30,13,6,1,spring,1959,,,,
London,hour,2023-04-30 14:00:00,2023-04-30,14,6,1,spring,1975,,,,
London,hour,2023-04-30 15:00:00,2023-04-30,15,6,1,spring,1948,,,,
London,hour,2023-04-30 16:00:00,2023-04-30,16,6,1,spring,2048,,,,
London,hour,2023-04-30 17:00:00,2023-04-30,17,6,1,spring,1664,,,,
London,hour,2023-04-30 18:00:00,2023-04-30,18,6,1,spring,1578,,,,
London,hour,2023-04-30 19:00:00,2023-04-30,19,6,1,spring,1212,,,,
London,hour,2023-04-30 20:00:00,2023-04-30,20,6,1,spring,807,,,,
London,hour,2023-04-30 21:00:00,2023-04-30,21,6,1,spring,530,,,,
London,hour,2023-04-30 22:00:00,2023-04-30,22,6,1,spring,536,,,,
London,hour,2023-04-30 23:00:00,2023-04-30,23,6,1,spring,356,,,,
London,hour,2023-05-01 00:00:00,2023-05-01,0,0,0,spring,100,,,,
London,hour,2023-05-01 01:00:00,2023-05-01,1,0,0,spring,68,,,,
London,hour,2023-05-01 02:00:00,2023-05-01,2,0,0,spring,23,,,,
London,hour,2023-05-01 03:00:00,2023-05-01,3,0,0,spring,25,,,,
London,hour,2023-05-01 04:00:00,2023-05-01,4,0,0,spring,33,,,,
London,hour,2023-05-01 05:00:00,2023-05-01,5,0,0,spring,126,,,,
London,hour,2023-05-01 06:00:00,2023-05-01,6,0,0,spring,439,,,,
London,hour,2023-05-01 07:00:00,2023-05-01,7,0,0,spring,1132,,,,
London,hour,2023-05-01 08:00:00,2023-05-01,8,0,0,spring,2160,,,,
London,hour,2023-05-01 09:00:00,2023-05-01,9,0,0,spring,1246,,,,
London,hour,2023-05-01 10:00:00,2023-05-01,10,0,0,spring,759,,,,
London,hour,2023-05-01 11:00:00,2023-05-01,11,0,0,spring,765,,,,
London,hour,2023-05-01 12:00:00,2023-05-01,12,0,0,spring,902,,,,
London,hour,2023-05-01 13:00:00,2023-05-01,13,0,0,spring,843,,,,
London,hour,2023-05-01 14:00:00,2023-05-01,14,0,0,spring,815,,,,
London,hour,2023-05-01 15:00:00,2023-05-01,15,0,0,spring,970,,,,
London,hour,2023-05-01 16:00:00,2023-05-01,16,0,0,spring,1127,,,,
London,hour,2023-05-01 17:00:00,2023-05-01,17,0,0,spring,1820,,,,
London,hour,2023-05-01 18:00:00,2023-05-01,18,0,0,spring,1947,,,,
London,hour,2023-05-01 19:00:00,2023-05-01,19,0,0,spring,1265,,,,
London,hour,2023-05-01 20:00:00,2023-05-01,20,0,0,spring,738,,,,
London,hour,2023-05-01 21:00:00,2023-05-01,21,0,0,spring,471,,,,
London,hour,2023-05-01 22:00:00,2023-05-01,22,0,0,spring,443,,,,
London,hour,2023-05-01 23:00:00,2023-05-01,23,0,0,spring,237,,,,
London,hour,2023-05-02 00:00:00,2023-05-02,0,1,0,spring,362,,,,
London,hour,2023-05-02 01:00:00,2023-05-02,1,1,0,spring,280,,,,
London,hour,2023-05-02 02:00:00,2023-05-02,2,1,0,spring,214,,,,
London,hour,2023-05-02 03:00:00,2023-05-02,3,1,0,spring,149,,,,
London,hour,2023-05-02 04:00:00,2023-05-02,4,1,0,spring,99,,,,
London,hour,2023-05-02 05:00:00,2023-05-02,5,1,0,spring,76,,,,
London,hour,2023-05-02 06:00:00,2023-05-02,6,1,0,spring,122,,,,
London,hour,2023-05-02 07:00:00,2023-05-02,7,1,0,spring,185,,,,
London,hour,2023-05-02 08:00:00,2023-05-02,8,1,0,spring,458,,,,
London,hour,2023-05-02 09:00:00,2023-05-02,9,1,0,spring,844,,,,
London,hour,2023-05-02 10:00:00,2023-05-02,10,1,0,spring,1234,,,,
London,hour,2023-05-02 11:00:00,2023-05-02,11,1,0,spring,1490,,,,
London,hour,2023-05-02 12:00:00,2023-05-02,12,1,0,spring,1774,,,,
London,hour,2023-05-02 13:00:00,2023-05-02,13,1,0,spring,1687,,,,
London,hour,2023-05-02 14:00:00,2023-05-02,14,1,0,spring,1684,,,,
London,hour,2023-05-02 15:00:00,2023-05-02,15,1,0,spring,1683,,,,
London,hour,2023-05-02 16:00:00,2023-05-02,16,1,0,spring,1376,,,,
London,hour,2023-05-02 17:00:00,2023-05-02,17,1,0,spring,1129,,,,
London,hour,2023-05-02 18:00:00,2023-05-02,18,1,0,spring,828,,,,
London,hour,2023-05-02 19:00:00,2023-05-02,19,1,0,spring,663,,,,
London,hour,2023-05-02 20:00:00,2023-05-02,20,1,0,spring,496,,,,
London,hour,2023-05-02 21:00:00,2023-05-02,21,1,0,spring,388,,,,
London,hour,2023-05-02 22:00:00,2023-05-02,22,1,0,spring,251,,,,
London,hour,2023-05-02 23:00:00,2023-05-02,23,1,0,spring,171,,,,
London,hour,2023-05-03 00:00:00,2023-05-03,0,2,0,spring,297,,,,
London,hour,2023-05-03 01:00:00,2023-05-03,1,2,0,spring,247,,,,
London,hour,2023-05-03 02:00:00,2023-05-03,2,2,0,spring,132,,,,
London,hour,2023-05-03 03:00:00,2023-05-03,3,2,0,spring,112,,,,
London,hour,2023-05-03 04:00:00,2023-05-03,4,2,0,spring,67,,,,
London,hour,2023-05-03 05:00:00,2023-05-03,5,2,0,spring,55,,,,
London,hour,2023-05-03 06:00:00,2023-05-03,6,2,0,spring,89,,,,
London,hour,2023-05-03 07:00:00,2023-05-03,7,2,0,spring,166,,,,
London,hour,2023-05-03 08:00:00,2023-05-03,8,2,0,spring,389,,,,
London,hour,2023-05-03 09:00:00,2023-05-03,9,2,0,spring,649,,,,
London,hour,2023-05-03 10:00:00,2023-05-03,10,2,0,spring,1006,,,,
London,hour,2023-05-03 11:00:00,2023-05-03,11,2,0,spring,1094,,,,
London,hour,2023-05-03 12:00:00,2023-05-03,12,2,0,spring,1139,,,,
London,hour,2023-05-03 13:00:00,2023-05-03,13,2,0,spring,1185,,,,
London,hour,2023-05-03 14:00:00,2023-05-03,14,2,0,spring,1210,,,,
London,hour,2023-05-03 15:00:00,2023-05-03,15,2,0,spring,1191,,,,
London,hour,2023-05-03 16:00:00,2023-05-03,16,2,0,spring,1093,,,,
London,hour,2023-05-03 17:00:00,2023-05-03,17,2,0,spring,868,,,,
London,hour,2023-05-03 18:00:00,2023-05-03,18,2,0,spring,744,,,,
London,hour,2023-05-03 19:00:00,2023-05-03,19,2,0,spring,564,,,,
London,hour,2023-05-03 20:00:00,2023-05-03,20,2,0,spring,464,,,,
London,hour,2023-05-03 21:00:00,2023-05-03,21,2,0,spring,289,,,,
London,hour,2023-05-03 22:00:00,2023-05-03,22,2,0,spring,269,,,,
London,hour,2023-05-03 23:00:00,2023-05-03,23,2,0,spring,177,,,,
London,hour,2023-05-04 00:00:00,2023-05-04,0,3,0,spring,300,,,,
London,hour,2023-05-04 01:00:00,2023-05-04,1,3,0,spring,132,,,,
London,hour,2023-05-04 02:00:00,2023-05-04,2,3,0,spring,98,,,,
London,hour,2023-05-04 03:00:00,2023-05-04,3,3,0,spring,60,,,,
London,hour,2023-05-04 04:00:00,2023-05-04,4,3,0,spring,112,,,,
London,hour,2023-05-04 05:00:00,2023-05-04,5,3,0,spring,300,,,,
London,hour,2023-05-04 06:00:00,2023-05-04,6,3,0,spring,1218,,,,
London,hour,2023-05-04 07:00:00,2023-05-04,7,3,0,spring,3302,,,,
London,hour,2023-05-04 08:00:00,2023-05-04,8,3,0,spring,5660,,,,
London,hour,2023-05-04 09:00:00,2023-05-04,9,3,0,spring,3188,,,,
London,hour,2023-05-04 10:00:00,2023-05-04,10,3,0,spring,1898,,,,
London,hour,2023-05-04 11:00:00,2023-05-04,11,3,0,spring,1872,,,,
London,hour,2023-05-04 12:00:00,2023-05-04,12,3,0,spring,2348,,,,
London,hour,2023-05-04 13:00:00,2023-05-04,13,3,0,spring,2096,,,,
London,hour,2023-05-04 14:00:00,2023-05-04,14,3,0,spring,2202,,,,
London,hour,2023-05-04 15:00:00,2023-05-04,15,3,0,spring,2178,,,,
London,hour,2023-05-04 16:00:00,2023-05-04,16,3,0,spring,2784,,,,
London,hour,2023-05-04 17:00:00,2023-05-04,17,3,0,spring,4528,,,,
London,hour,2023-05-04 18:00:00,2023-05-04,18,3,0,spring,4454,,,,
London,hour,2023-05-04 19:00:00,2023-05-04,19,3,0,spring,2186,,,,
London,hour,2023-05-04 20:00:00,2023-05-04,20,3,0,spring,1416,,,,
London,hour,2023-05-04 21:00:00,2023-05-04,21,3,0,spring,960,,,,
London,hour,2023-05-04 22:00:00,2023-05-04,22,3,0,spring,916,,,,
London,hour,2023-05-04 23:00:00,2023-05-04,23,3,0,spring,508,,,,
London,hour,2023-05-05 00:00:00,2023-05-05,0,4,0,spring,225,,,,
London,hour,2023-05-05 01:00:00,2023-05-05,1,4,0,spring,126,,,,
London,hour,2023-05-05 02:00:00,2023-05-05,2,4,0,spring,65,,,,
London,hour,2023-05-05 03:00:00,2023-05-05,3,4,0,spring,50,,,,
London,hour,2023-05-05 04:00:00,2023-05-05,4,4,0,spring,55,,,,
London,hour,2023-05-05 05:00:00,2023-05-05,5,4,0,spring,150,,,,
London,hour,2023-05-05 06:00:00,2023-05-05,6,4,0,spring,579,,,,
London,hour,2023-05-05 07:00:00,2023-05-05,7,4,0,spring,1395,,,,
London,hour,2023-05-05 08:00:00,2023-05-05,8,4,0,spring,2308,,,,
London,hour,2023-05-05 09:00:00,2023-05-05,9,4,0,spring,1511,,,,
London,hour,2023-05-05 10:00:00,2023-05-05,10,4,0,spring,1069,,,,
London,hour,2023-05-05 11:00:00,2023-05-05,11,4,0,spring,937,,,,
London,hour,2023-05-05 12:00:00,2023-05-05,12,4,0,spring,786,,,,
London,hour,2023-05-05 13:00:00,2023-05-05,13,4,0,spring,972,,,,
London,hour,2023-05-05 14:00:00,2023-05-05,14,4,0,spring,1149,,,,
London,hour,2023-05-05 15:00:00,2023-05-05,15,4,0,spring,1379,,,,
London,hour,2023-05-05 16:00:00,2023-05-05,16,4,0,spring,1776,,,,
London,hour,2023-05-05 17:00:00,2023-05-05,17,4,0,spring,2667,,,,
London,hour,2023-05-05 18:00:00,2023-05-05,18,4,0,spring,2717,,,,
London,hour,2023-05-05 19:00:00,2023-05-05,19,4,0,spring,1929,,,,
London,hour,2023-05-05 20:00:00,2023-05-05,20,4,0,spring,1281,,,,
London,hour,2023-05-05 21:00:00,2023-05-05,21,4,0,spring,763,,,,
London,hour,2023-05-05 22:00:00,2023-05-05,22,4,0,spring,713,,,,
London,hour,2023-05-05 23:00:00,2023-05-05,23,4,0,spring,603,,,,
London,hour,2023-05-06 00:00:00,2023-05-06,0,5,1,spring,135,,,,
London,hour,2023-05-06 01:00:00,2023-05-06,1,5,1,spring,72,,,,
London,hour,2023-05-06 02:00:00,2023-05-06,2,5,1,spring,51,,,,
London,hour,2023-05-06 03:00:00,2023-05-06,3,5,1,spring,24,,,,
London,hour,2023-05-06 04:00:00,2023-05-06,4,5,1,spring,64,,,,
London,hour,2023-05-06 05:00:00,2023-05-06,5,5,1,spring,165,,,,
London,hour,2023-05-06 06:00:00,2023-05-06,6,5,1,spring,675,,,,
London,hour,2023-05-06 07:00:00,2023-05-06,7,5,1,spring,1749,,,,
London,hour,2023-05-06 08:00:00,2023-05-06,8,5,1,spring,3036,,,,
London,hour,2023-05-06 09:00:00,2023-05-06,9,5,1,spring,1639,,,,
London,hour,2023-05-06 10:00:00,2023-05-06,10,5,1,spring,961,,,,
London,hour,2023-05-06 11:00:00,2023-05-06,11,5,1,spring,941,,,,
London,hour,2023-05-06 12:00:00,2023-05-06,12,5,1,spring,1061,,,,
London,hour,2023-05-06 13:00:00,2023-05-06,13,5,1,spring,1085,,,,
London,hour,2023-05-06 14:00:00,2023-05-06,14,5,1,spring,1015,,,,
London,hour,2023-05-06 15:00:00,2023-05-06,15,5,1,spring,1204,,,,
London,hour,2023-05-06 16:00:00,2023-05-06,16,5,1,spring,1760,,,,
London,hour,2023-05-06 17:00:00,2023-05-06,17,5,1,spring,3178,,,,
London,hour,2023-05-06 18:00:00,2023-05-06,18,5,1,spring,3247,,,,
London,hour,2023-05-06 19:00:00,2023-05-06,19,5,1,spring,2042,,,,
London,hour,2023-05-06 20:00:00,2023-05-06,20,5,1,spring,1283,,,,
London,hour,2023-05-06 21:00:00,2023-05-06,21,5,1,spring,802,,,,
London,hour,2023-05-06 22:00:00,2023-05-06,22,5,1,spring,571,,,,
London,hour,2023-05-06 23:00:00,2023-05-06,23,5,1,spring,264,,,,
London,hour,2023-05-07 00:00:00,2023-05-07,0,6,1,spring,71,,,,
London,hour,2023-05-07 01:00:00,2023-05-07,1,6,1,spring,39,,,,
London,hour,2023-05-07 02:00:00,2023-05-07,2,6,1,spring,37,,,,
London,hour,2023-05-07 03:00:00,2023-05-07,3,6,1,spring,34,,,,
London,hour,2023-05-07 04:00:00,2023-05-07,4,6,1,spring,65,,,,
London,hour,2023-05-07 05:00:00,2023-05-07,5,6,1,spring,201,,,,
London,hour,2023-05-07 06:00:00,2023-05-07,6,6,1,spring,789,,,,
London,hour,2023-05-07 07:00:00,2023-05-07,7,6,1,spring,2114,,,,
London,hour,2023-05-07 08:00:00,2023-05-07,8,6,1,spring,3637,,,,
London,hour,2023-05-07 09:00:00,2023-05-07,9,6,1,spring,1881,,,,
London,hour,2023-05-07 10:00:00,2023-05-07,10,6,1,spring,1025,,,,
London,hour,2023-05-07 11:00:00,2023-05-07,11,6,1,spring,900,,,,
London,hour,2023-05-07 12:00:00,2023-05-07,12,6,1,spring,1146,,,,
London,hour,2023-05-07 13:00:00,2023-05-07,13,6,1,spring,1087,,,,
London,hour,2023-05-07 14:00:00,2023-05-07,14,6,1,spring,1188,,,,
London,hour,2023-05-07 15:00:00,2023-05-07,15,6,1,spring,1417,,,,
London,hour,2023-05-07 16:00:00,2023-05-07,16,6,1,spring,1982,,,,
London,hour,2023-05-07 17:00:00,2023-05-07,17,6,1,spring,3606,,,,
London,hour,2023-05-07 18:00:00,2023-05-07,18,6,1,spring,3362,,,,
London,hour,2023-05-07 19:00:00,2023-05-07,19,6,1,spring,2251,,,,
London,hour,2023-05-07 20:00:00,2023-05-07,20,6,1,spring,1645,,,,
London,hour,2023-05-07 21:00:00,2023-05-07,21,6,1,spring,1375,,,,
London,hour,2023-05-07 22:00:00,2023-05-07,22,6,1,spring,927,,,,
London,hour,2023-05-07 23:00:00,2023-05-07,23,6,1,spring,553,,,,
London,hour,2023-05-08 00:00:00,2023-05-08,0,0,0,spring,801,,,,
London,hour,2023-05-08 01:00:00,2023-05-08,1,0,0,spring,522,,,,
London,hour,2023-05-08 02:00:00,2023-05-08,2,0,0,spring,356,,,,
London,hour,2023-05-08 03:00:00,2023-05-08,3,0,0,spring,234,,,,
London,hour,2023-05-08 04:00:00,2023-05-08,4,0,0,spring,169,,,,
London,hour,2023-05-08 05:00:00,2023-05-08,5,0,0,spring,159,,,,
London,hour,2023-05-08 06:00:00,2023-05-08,6,0,0,spring,302,,,,
London,hour,2023-05-08 07:00:00,2023-05-08,7,0,0,spring,594,,,,
London,hour,2023-05-08 08:00:00,2023-05-08,8,0,0,spring,990,,,,
London,hour,2023-05-08 09:00:00,2023-05-08,9,0,0,spring,1364,,,,
London,hour,2023-05-08 10:00:00,2023-05-08,10,0,0,spring,1668,,,,
London,hour,2023-05-08 11:00:00,2023-05-08,11,0,0,spring,1926,,,,
London,hour,2023-05-08 12:00:00,2023-05-08,12,0,0,spring,2052,,,,
London,hour,2023-05-08 13:00:00,2023-05-08,13,0,0,spring,2007,,,,
London,hour,2023-05-08 14:00:00,2023-05-08,14,0,0,spring,2030,,,,
London,hour,2023-05-08 15:00:00,2023-05-08,15,0,0,spring,1964,,,,
London,hour,2023-05-08 16:00:00,2023-05-08,16,0,0,spring,2307,,,,
London,hour,2023-05-08 17:00:00,2023-05-08,17,0,0,spring,2441,,,,
London,hour,2023-05-08 18:00:00,2023-05-08,18,0,0,spring,2168,,,,
London,hour,2023-05-08 19:00:00,2023-05-08,19,0,0,spring,1706,,,,
London,hour,2023-05-08 20:00:00,2023-05-08,20,0,0,spring,1313,,,,
London,hour,2023-05-08 21:00:00,2023-05-08,21,0,0,spring,917,,,,
London,hour,2023-05-08 22:00:00,2023-05-08,22,0,0,spring,531,,,,
London,hour,2023-05-08 23:00:00,2023-05-08,23,0,0,spring,411,,,,
London,hour,2023-05-09 00:00:00,2023-05-09,0,1,0,spring,198,,,,
London,hour,2023-05-09 01:00:00,2023-05-09,1,1,0,spring,86,,,,
London,hour,2023-05-09 02:00:00,2023-05-09,2,1,0,spring,73,,,,
London,hour,2023-05-09 03:00:00,2023-05-09,3,1,0,spring,60,,,,
London,hour,2023-05-09 04:00:00,2023-05-09,4,1,0,spring,90,,,,
London,hour,2023-05-09 05:00:00,2023-05-09,5,1,0,spring,352,,,,
London,hour,2023-05-09 06:00:00,2023-05-09,6,1,0,spring,1564,,,,
London,hour,2023-05-09 07:00:00,2023-05-09,7,1,0,spring,4237,,,,
London,hour,2023-05-09 08:00:00,2023-05-09,8,1,0,spring,7361,,,,
London,hour,2023-05-09 09:00:00,2023-05-09,9,1,0,spring,3644,,,,
London,hour,2023-05-09 10:00:00,2023-05-09,10,1,0,spring,2021,,,,
London,hour,2023-05-09 11:00:00,2023-05-09,11,1,0,spring,1922,,,,
London,hour,2023-05-09 12:00:00,2023-05-09,12,1,0,spring,2302,,,,
London,hour,2023-05-09 13:00:00,2023-05-09,13,1,0,spring,2301,,,,
London,hour,2023-05-09 14:00:00,2023-05-09,14,1,0,spring,2059,,,,
London,hour,2023-05-09 15:00:00,2023-05-09,15,1,0,spring,2479,,,,
London,hour,2023-05-09 16:00:00,2023-05-09,16,1,0,spring,3627,,,,
London,hour,2023-05-09 17:00:00,2023-05-09,17,1,0,spring,6858,,,,
London,hour,2023-05-09 18:00:00,2023-05-09,18,1,0,spring,6754,,,,
London,hour,2023-05-09 19:00:00,2023-05-09,19,1,0,spring,4073,,,,
London,hour,2023-05-09 20:00:00,2023-05-09,20,1,0,spring,2135,,,,
London,hour,2023-05-09 21:00:00,2023-05-09,21,1,0,spring,1539,,,,
London,hour,2023-05-09 22:00:00,2023-05-09,22,1,0,spring,1382,,,,
London,hour,2023-05-09 23:00:00,2023-05-09,23,1,0,spring,753,,,,
London,hour,2023-05-10 00:00:00,2023-05-10,0,2,0,spring,353,,,,
London,hour,2023-05-10 01:00:00,2023-05-10,1,2,0,spring,170,,,,
London,hour,2023-05-10 02:00:00,2023-05-10,2,2,0,spring,95,,,,
London,hour,2023-05-10 03:00:00,2023-05-10,3,2,0,spring,66,,,,
London,hour,2023-05-10 04:00:00,2023-05-10,4,2,0,spring,103,,,,
London,hour,2023-05-10 05:00:00,2023-05-10,5,2,0,spring,361,,,,
London,hour,2023-05-10 06:00:00,2023-05-10,6,2,0,spring,1516,,,,
London,hour,2023-05-10 07:00:00,2023-05-10,7,2,0,spring,4376,,,,
London,hour,2023-05-10 08:00:00,2023-05-10,8,2,0,spring,8128,,,,
London,hour,2023-05-10 09:00:00,2023-05-10,9,2,0,spring,4208,,,,
London,hour,2023-05-10 10:00:00,2023-05-10,10,2,0,spring,2395,,,,
London,hour,2023-05-10 11:00:00,2023-05-10,11,2,0,spring,2196,,,,
London,hour,2023-05-10 12:00:00,2023-05-10,12,2,0,spring,2581,,,,
London,hour,2023-05-10 13:00:00,2023-05-10,13,2,0,spring,2516,,,,
London,hour,2023-05-10 14:00:00,2023-05-10,14,2,0,spring,2370,,,,
London,hour,2023-05-10 15:00:00,2023-05-10,15,2,0,spring,2638,,,,
London,hour,2023-05-10 16:00:00,2023-05-10,16,2,0,spring,3777,,,,
London,hour,2023-05-10 17:00:00,2023-05-10,17,2,0,spring,6678,,,,
London,hour,2023-05-10 18:00:00,2023-05-10,18,2,0,spring,5721,,,,
London,hour,2023-05-10 19:00:00,2023-05-10,19,2,0,spring,3867,,,,
London,hour,2023-05-10 20:00:00,2023-05-10,20,2,0,spring,2555,,,,
London,hour,2023-05-10 21:00:00,2023-05-10,21,2,0,spring,1880,,,,
London,hour,2023-05-10 22:00:00,2023-05-10,22,2,0,spring,1629,,,,
London,hour,2023-05-10 23:00:00,2023-05-10,23,2,0,spring,904,,,,
London,hour,2023-05-11 00:00:00,2023-05-11,0,3,0,spring,483,,,,
London,hour,2023-05-11 01:00:00,2023-05-11,1,3,0,spring,323,,,,
London,hour,2023-05-11 02:00:00,2023-05-11,2,3,0,spring,219,,,,
London,hour,2023-05-11 03:00:00,2023-05-11,3,3,0,spring,158,,,,
London,hour,2023-05-11 04:00:00,2023-05-11,4,3,0,spring,130,,,,
London,hour,2023-05-11 05:00:00,2023-05-11,5,3,0,spring,250,,,,
London,hour,2023-05-11 06:00:00,2023-05-11,6,3,0,spring,954,,,,
London,hour,2023-05-11 07:00:00,2023-05-11,7,3,0,spring,2409,,,,
London,hour,2023-05-11 08:00:00,2023-05-11,8,3,0,spring,4276,,,,
London,hour,2023-05-11 09:00:00,2023-05-11,9,3,0,spring,2727,,,,
London,hour,2023-05-11 10:00:00,2023-05-11,10,3,0,spring,2328,,,,
London,hour,2023-05-11 11:00:00,2023-05-11,11,3,0,spring,2401,,,,
London,hour,2023-05-11 12:00:00,2023-05-11,12,3,0,spring,2784,,,,
London,hour,2023-05-11 13:00:00,2023-05-11,13,3,0,spring,2272,,,,
London,hour,2023-05-11 14:00:00,2023-05-11,14,3,0,spring,2214,,,,
London,hour,2023-05-11 15:00:00,2023-05-11,15,3,0,spring,2545,,,,
London,hour,2023-05-11 16:00:00,2023-05-11,16,3,0,spring,2934,,,,
London,hour,2023-05-11 17:00:00,2023-05-11,17,3,0,spring,3916,,,,
London,hour,2023-05-11 18:00:00,2023-05-11,18,3,0,spring,4097,,,,
London,hour,2023-05-11 19:00:00,2023-05-11,19,3,0,spring,2657,,,,
London,hour,2023-05-11 20:00:00,2023-05-11,20,3,0,spring,1937,,,,
London,hour,2023-05-11 21:00:00,2023-05-11,21,3,0,spring,1417,,,,
London,hour,2023-05-11 22:00:00,2023-05-11,22,3,0,spring,1177,,,,
London,hour,2023-05-11 23:00:00,2023-05-11,23,3,0,spring,651,,,,
London,hour,2023-05-12 00:00:00,2023-05-12,0,4,0,spring,255,,,,
London,hour,2023-05-12 01:00:00,2023-05-12,1,4,0,spring,127,,,,
London,hour,2023-05-12 02:00:00,2023-05-12,2,4,0,spring,100,,,,
London,hour,2023-05-12 03:00:00,2023-05-12,3,4,0,spring,67,,,,
London,hour,2023-05-12 04:00:00,2023-05-12,4,4,0,spring,85,,,,
London,hour,2023-05-12 05:00:00,2023-05-12,5,4,0,spring,262,,,,
London,hour,2023-05-12 06:00:00,2023-05-12,6,4,0,spring,1044,,,,
London,hour,2023-05-12 07:00:00,2023-05-12,7,4,0,spring,2581,,,,
London,hour,2023-05-12 08:00:00,2023-05-12,8,4,0,spring,2379,,,,
London,hour,2023-05-12 09:00:00,2023-05-12,9,4,0,spring,1558,,,,
London,hour,2023-05-12 10:00:00,2023-05-12,10,4,0,spring,1061,,,,
London,hour,2023-05-12 11:00:00,2023-05-12,11,4,0,spring,727,,,,
London,hour,2023-05-12 12:00:00,2023-05-12,12,4,0,spring,655,,,,
London,hour,2023-05-12 13:00:00,2023-05-12,13,4,0,spring,874,,,,
London,hour,2023-05-12 14:00:00,2023-05-12,14,4,0,spring,958,,,,
London,hour,2023-05-12 15:00:00,2023-05-12,15,4,0,spring,1039,,,,
London,hour,2023-05-12 16:00:00,2023-05-12,16,4,0,spring,1393,,,,
London,hour,2023-05-12 17:00:00,2023-05-12,17,4,0,spring,2120,,,,
London,hour,2023-05-12 18:00:00,2023-05-12,18,4,0,spring,2039,,,,
London,hour,2023-05-12 19:00:00,2023-05-12,19,4,0,spring,1493,,,,
London,hour,2023-05-12 20:00:00,2023-05-12,20,4,0,spring,907,,,,
London,hour,2023-05-12 21:00:00,2023-05-12,21,4,0,spring,670,,,,
London,hour,2023-05-12 22:00:00,2023-05-12,22,4,0,spring,547,,,,
London,hour,2023-05-12 23:00:00,2023-05-12,23,4,0,spring,519,,,,
London,hour,2023-05-13 00:00:00,2023-05-13,0,5,1,spring,339,,,,
London,hour,2023-05-13 01:00:00,2023-05-13,1,5,1,spring,218,,,,
London,hour,2023-05-13 02:00:00,2023-05-13,2,5,1,spring,153,,,,
London,hour,2023-05-13 03:00:00,2023-05-13,3,5,1,spring,102,,,,
London,hour,2023-05-13 04:00:00,2023-05-13,4,5,1,spring,72,,,,
London,hour,2023-05-13 05:00:00,2023-05-13,5,5,1,spring,60,,,,
London,hour,2023-05-13 06:00:00,2023-05-13,6,5,1,spring,142,,,,
London,hour,2023-05-13 07:00:00,2023-05-13,7,5,1,spring,351,,,,
London,hour,2023-05-13 08:00:00,2023-05-13,8,5,1,spring,709,,,,
London,hour,2023-05-13 09:00:00,2023-05-13,9,5,1,spring,1077,,,,
London,hour,2023-05-13 10:00:00,2023-05-13,10,5,1,spring,1404,,,,
London,hour,2023-05-13 11:00:00,2023-05-13,11,5,1,spring,1629,,,,
London,hour,2023-05-13 12:00:00,2023-05-13,12,5,1,spring,1796,,,,
London,hour,2023-05-13 13:00:00,2023-05-13,13,5,1,spring,1871,,,,
London,hour,2023-05-13 14:00:00,2023-05-13,14,5,1,spring,1773,,,,
London,hour,2023-05-13 15:00:00,2023-05-13,15,5,1,spring,1707,,,,
London,hour,2023-05-13 16:00:00,2023-05-13,16,5,1,spring,1707,,,,
London,hour,2023-05-13 17:00:00,2023-05-13,17,5,1,spring,1760,,,,
London,hour,2023-05-13 18:00:00,2023-05-13,18,5,1,spring,1578,,,,
London,hour,2023-05-13 19:00:00,2023-05-13,19,5,1,spring,1269,,,,
London,hour,2023-05-13 20:00:00,2023-05-13,20,5,1,spring,940,,,,
London,hour,2023-05-13 21:00:00,2023-05-13,21,5,1,spring,557,,,,
London,hour,2023-05-13 22:00:00,2023-05-13,22,5,1,spring,572,,,,
London,hour,2023-05-13 23:00:00,2023-05-13,23,5,1,spring,469,,,,
London,hour,2023-05-14 00:00:00,2023-05-14,0,6,1,spring,487,,,,
London,hour,2023-05-14 01:00:00,2023-05-14,1,6,1,spring,315,,,,
London,hour,2023-05-14 02:00:00,2023-05-14,2,6,1,spring,236,,,,
London,hour,2023-05-14 03:00:00,2023-05-14,3,6,1,spring,121,,,,
London,hour,2023-05-14 04:00:00,2023-05-14,4,6,1,spring,86,,,,
London,hour,2023-05-14 05:00:00,2023-05-14,5,6,1,spring,92,,,,
London,hour,2023-05-14 06:00:00,2023-05-14,6,6,1,spring,118,,,,
London,hour,2023-05-14 07:00:00,2023-05-14,7,6,1,spring,225,,,,
London,hour,2023-05-14 08:00:00,2023-05-14,8,6,1,spring,456,,,,
London,hour,2023-05-14 09:00:00,2023-05-14,9,6,1,spring,867,,,,
London,hour,2023-05-14 10:00:00,2023-05-14,10,6,1,spring,1276,,,,
London,hour,2023-05-14 11:00:00,2023-05-14,11,6,1,spring,1719,,,,
London,hour,2023-05-14 12:00:00,2023-05-14,12,6,1,spring,1986,,,,
London,hour,2023-05-14 13:00:00,2023-05-14,13,6,1,spring,2214,,,,
London,hour,2023-05-14 14:00:00,2023-05-14,14,6,1,spring,2214,,,,
London,hour,2023-05-14 15:00:00,2023-05-14,15,6,1,spring,2196,,,,
London,hour,2023-05-14 16:00:00,2023-05-14,16,6,1,spring,2098,,,,
London,hour,2023-05-14 17:00:00,2023-05-14,17,6,1,spring,2017,,,,
London,hour,2023-05-14 18:00:00,2023-05-14,18,6,1,spring,1831,,,,
London,hour,2023-05-14 19:00:00,2023-05-14,19,6,1,spring,1355,,,,
London,hour,2023-05-14 20:00:00,2023-05-14,20,6,1,spring,1010,,,,
London,hour,2023-05-14 21:00:00,2023-05-14,21,6,1,spring,705,,,,
London,hour,2023-05-14 22:00:00,2023-05-14,22,6,1,spring,447,,,,
London,hour,2023-05-14 23:00:00,2023-05-14,23,6,1,spring,309,,,,
London,hour,2023-05-15 00:00:00,2023-05-15,0,0,0,spring,181,,,,
London,hour,2023-05-15 01:00:00,2023-05-15,1,0,0,spring,76,,,,
London,hour,2023-05-15 02:00:00,2023-05-15,2,0,0,spring,40,,,,
London,hour,2023-05-15 03:00:00,2023-05-15,3,0,0,spring,38,,,,
London,hour,2023-05-15 04:00:00,2023-05-15,4,0,0,spring,32,,,,
London,hour,2023-05-15 05:00:00,2023-05-15,5,0,0,spring,90,,,,
London,hour,2023-05-15 06:00:00,2023-05-15,6,0,0,spring,524,,,,
London,hour,2023-05-15 07:00:00,2023-05-15,7,0,0,spring,1697,,,,
London,hour,2023-05-15 08:00:00,2023-05-15,8,0,0,spring,3164,,,,
London,hour,2023-05-15 09:00:00,2023-05-15,9,0,0,spring,1641,,,,
London,hour,2023-05-15 10:00:00,2023-05-15,10,0,0,spring,893,,,,
London,hour,2023-05-15 11:00:00,2023-05-15,11,0,0,spring,904,,,,
London,hour,2023-05-15 12:00:00,2023-05-15,12,0,0,spring,1032,,,,
London,hour,2023-05-15 13:00:00,2023-05-15,13,0,0,spring,1043,,,,
London,hour,2023-05-15 14:00:00,2023-05-15,14,0,0,spring,956,,,,
London,hour,2023-05-15 15:00:00,2023-05-15,15,0,0,spring,1236,,,,
London,hour,2023-05-15 16:00:00,2023-05-15,16,0,0,spring,1639,,,,
London,hour,2023-05-15 17:00:00,2023-05-15,17,0,0,spring,2998,,,,
London,hour,2023-05-15 18:00:00,2023-05-15,18,0,0,spring,3154,,,,
London,hour,2023-05-15 19:00:00,2023-05-15,19,0,0,spring,2065,,,,
London,hour,2023-05-15 20:00:00,2023-05-15,20,0,0,spring,1312,,,,
London,hour,2023-05-15 21:00:00,2023-05-15,21,0,0,spring,802,,,,
London,hour,2023-05-15 22:00:00,2023-05-15,22,0,0,spring,552,,,,
London,hour,2023-05-15 23:00:00,2023-05-15,23,0,0,spring,283,,,,
London,hour,2023-05-16 00:00:00,2023-05-16,0,1,0,spring,139,,,,
London,hour,2023-05-16 01:00:00,2023-05-16,1,1,0,spring,73,,,,
London,hour,2023-05-16 02:00:00,2023-05-16,2,1,0,spring,47,,,,
London,hour,2023-05-16 03:00:00,2023-05-16,3,1,0,spring,35,,,,
London,hour,2023-05-16 04:00:00,2023-05-16,4,1,0,spring,50,,,,
London,hour,2023-05-16 05:00:00,2023-05-16,5,1,0,spring,199,,,,
London,hour,2023-05-16 06:00:00,2023-05-16,6,1,0,spring,820,,,,
London,hour,2023-05-16 07:00:00,2023-05-16,7,1,0,spring,2329,,,,
London,hour,2023-05-16 08:00:00,2023-05-16,8,1,0,spring,4110,,,,
London,hour,2023-05-16 09:00:00,2023-05-16,9,1,0,spring,2026,,,,
London,hour,2023-05-16 10:00:00,2023-05-16,10,1,0,spring,1093,,,,
London,hour,2023-05-16 11:00:00,2023-05-16,11,1,0,spring,1035,,,,
London,hour,2023-05-16 12:00:00,2023-05-16,12,1,0,spring,1221,,,,
London,hour,2023-05-16 13:00:00,2023-05-16,13,1,0,spring,1200,,,,
London,hour,2023-05-16 14:00:00,2023-05-16,14,1,0,spring,1129,,,,
London,hour,2023-05-16 15:00:00,2023-05-16,15,1,0,spring,1361,,,,
London,hour,2023-05-16 16:00:00,2023-05-16,16,1,0,spring,1827,,,,
London,hour,2023-05-16 17:00:00,2023-05-16,17,1,0,spring,3425,,,,
London,hour,2023-05-16 18:00:00,2023-05-16,18,1,0,spring,3444,,,,
London,hour,2023-05-16 19:00:00,2023-05-16,19,1,0,spring,2355,,,,
London,hour,2023-05-16 20:00:00,2023-05-16,20,1,0,spring,1367,,,,
London,hour,2023-05-16 21:00:00,2023-05-16,21,1,0,spring,973,,,,
London,hour,2023-05-16 22:00:00,2023-05-16,22,1,0,spring,719,,,,
London,hour,2023-05-16 23:00:00,2023-05-16,23,1,0,spring,359,,,,
London,hour,2023-05-17 00:00:00,2023-05-17,0,2,0,spring,162,,,,
London,hour,2023-05-17 01:00:00,2023-05-17,1,2,0,spring,66,,,,
London,hour,2023-05-17 02:00:00,2023-05-17,2,2,0,spring,48,,,,
London,hour,2023-05-17 03:00:00,2023-05-17,3,2,0,spring,33,,,,
London,hour,2023-05-17 04:00:00,2023-05-17,4,2,0,spring,55,,,,
London,hour,2023-05-17 05:00:00,2023-05-17,5,2,0,spring,161,,,,
London,hour,2023-05-17 06:00:00,2023-05-17,6,2,0,spring,836,,,,
London,hour,2023-05-17 07:00:00,2023-05-17,7,2,0,spring,2336,,,,
London,hour,2023-05-17 08:00:00,2023-05-17,8,2,0,spring,3913,,,,
London,hour,2023-05-17 09:00:00,2023-05-17,9,2,0,spring,1998,,,,
London,hour,2023-05-17 10:00:00,2023-05-17,10,2,0,spring,1224,,,,
London,hour,2023-05-17 11:00:00,2023-05-17,11,2,0,spring,1125,,,,
London,hour,2023-05-17 12:00:00,2023-05-17,12,2,0,spring,1230,,,,
London,hour,2023-05-17 13:00:00,2023-05-17,13,2,0,spring,1186,,,,
London,hour,2023-05-17 14:00:00,2023-05-17,14,2,0,spring,1097,,,,
London,hour,2023-05-17 15:00:00,2023-05-17,15,2,0,spring,1257,,,,
London,hour,2023-05-17 16:00:00,2023-05-17,16,2,0,spring,1890,,,,
London,hour,2023-05-17 17:00:00,2023-05-17,17,2,0,spring,3201,,,,
London,hour,2023-05-17 18:00:00,2023-05-17,18,2,0,spring,3492,,,,
London,hour,2023-05-17 19:00:00,2023-05-17,19,2,0,spring,2247,,,,
London,hour,2023-05-17 20:00:00,2023-05-17,20,2,0,spring,1209,,,,
London,hour,2023-05-17 21:00:00,2023-05-17,21,2,0,spring,939,,,,
London,hour,2023-05-17 22:00:00,2023-05-17,22,2,0,spring,818,,,,
London,hour,2023-05-17 23:00:00,2023-05-17,23,2,0,spring,408,,,,
London,hour,2023-05-18 00:00:00,2023-05-18,0,3,0,spring,183,,,,
London,hour,2023-05-18 01:00:00,2023-05-18,1,3,0,spring,89,,,,
London,hour,2023-05-18 02:00:00,2023-05-18,2,3,0,spring,69,,,,
London,hour,2023-05-18 03:00:00,2023-05-18,3,3,0,spring,31,,,,
London,hour,2023-05-18 04:00:00,2023-05-18,4,3,0,spring,60,,,,
London,hour,2023-05-18 05:00:00,2023-05-18,5,3,0,spring,177,,,,
London,hour,2023-05-18 06:00:00,2023-05-18,6,3,0,spring,777,,,,
London,hour,2023-05-18 07:00:00,2023-05-18,7,3,0,spring,2273,,,,
London,hour,2023-05-18 08:00:00,2023-05-18,8,3,0,spring,4033,,,,
London,hour,2023-05-18 09:00:00,2023-05-18,9,3,0,spring,2253,,,,
London,hour,2023-05-18 10:00:00,2023-05-18,10,3,0,spring,1243,,,,
London,hour,2023-05-18 11:00:00,2023-05-18,11,3,0,spring,1145,,,,
London,hour,2023-05-18 12:00:00,2023-05-18,12,3,0,spring,1342,,,,
London,hour,2023-05-18 13:00:00,2023-05-18,13,3,0,spring,1289,,,,
London,hour,2023-05-18 14:00:00,2023-05-18,14,3,0,spring,1171,,,,
London,hour,2023-05-18 15:00:00,2023-05-18,15,3,0,spring,1465,,,,
London,hour,2023-05-18 16:00:00,2023-05-18,16,3,0,spring,1988,,,,
London,hour,2023-05-18 17:00:00,2023-05-18,17,3,0,spring,3505,,,,
London,hour,2023-05-18 18:00:00,2023-05-18,18,3,0,spring,3458,,,,
London,hour,2023-05-18 19:00:00,2023-05-18,19,3,0,spring,2205,,,,
London,hour,2023-05-18 20:00:00,2023-05-18,20,3,0,spring,1421,,,,
London,hour,2023-05-18 21:00:00,2023-05-18,21,3,0,spring,1067,,,,
London,hour,2023-05-18 22:00:00,2023-05-18,22,3,0,spring,860,,,,
London,hour,2023-05-18 23:00:00,2023-05-18,23,3,0,spring,518,,,,
London,hour,2023-05-19 00:00:00,2023-05-19,0,4,0,spring,273,,,,
London,hour,2023-05-19 01:00:00,2023-05-19,1,4,0,spring,116,,,,
London,hour,2023-05-19 02:00:00,2023-05-19,2,4,0,spring,59,,,,
London,hour,2023-05-19 03:00:00,2023-05-19,3,4,0,spring,33,,,,
London,hour,2023-05-19 04:00:00,2023-05-19,4,4,0,spring,48,,,,
London,hour,2023-05-19 05:00:00,2023-05-19,5,4,0,spring,134,,,,
London,hour,2023-05-19 06:00:00,2023-05-19,6,4,0,spring,599,,,,
London,hour,2023-05-19 07:00:00,2023-05-19,7,4,0,spring,1576,,,,
London,hour,2023-05-19 08:00:00,2023-05-19,8,4,0,spring,2645,,,,
London,hour,2023-05-19 09:00:00,2023-05-19,9,4,0,spring,1704,,,,
London,hour,2023-05-19 10:00:00,2023-05-19,10,4,0,spring,1084,,,,
London,hour,2023-05-19 11:00:00,2023-05-19,11,4,0,spring,1102,,,,
London,hour,2023-05-19 12:00:00,2023-05-19,12,4,0,spring,1376,,,,
London,hour,2023-05-19 13:00:00,2023-05-19,13,4,0,spring,1429,,,,
London,hour,2023-05-19 14:00:00,2023-05-19,14,4,0,spring,1359,,,,
London,hour,2023-05-19 15:00:00,2023-05-19,15,4,0,spring,1595,,,,
London,hour,2023-05-19 16:00:00,2023-05-19,16,4,0,spring,2001,,,,
London,hour,2023-05-19 17:00:00,2023-05-19,17,4,0,spring,2929,,,,
London,hour,2023-05-19 18:00:00,2023-05-19,18,4,0,spring,2830,,,,
London,hour,2023-05-19 19:00:00,2023-05-19,19,4,0,spring,1867,,,,
London,hour,2023-05-19 20:00:00,2023-05-19,20,4,0,spring,1191,,,,
London,hour,2023-05-19 21:00:00,2023-05-19,21,4,0,spring,964,,,,
London,hour,2023-05-19 22:00:00,2023-05-19,22,4,0,spring,754,,,,
London,hour,2023-05-19 23:00:00,2023-05-19,23,4,0,spring,580,,,,
London,hour,2023-05-20 00:00:00,2023-05-20,0,5,1,spring,399,,,,
London,hour,2023-05-20 01:00:00,2023-05-20,1,5,1,spring,271,,,,
London,hour,2023-05-20 02:00:00,2023-05-20,2,5,1,spring,160,,,,
London,hour,2023-05-20 03:00:00,2023-05-20,3,5,1,spring,118,,,,
London,hour,2023-05-20 04:00:00,2023-05-20,4,5,1,spring,77,,,,
London,hour,2023-05-20 05:00:00,2023-05-20,5,5,1,spring,66,,,,
London,hour,2023-05-20 06:00:00,2023-05-20,6,5,1,spring,150,,,,
London,hour,2023-05-20 07:00:00,2023-05-20,7,5,1,spring,338,,,,
London,hour,2023-05-20 08:00:00,2023-05-20,8,5,1,spring,758,,,,
London,hour,2023-05-20 09:00:00,2023-05-20,9,5,1,spring,1275,,,,
London,hour,2023-05-20 10:00:00,2023-05-20,10,5,1,spring,1704,,,,
London,hour,2023-05-20 11:00:00,2023-05-20,11,5,1,spring,2063,,,,
London,hour,2023-05-20 12:00:00,2023-05-20,12,5,1,spring,2125,,,,
London,hour,2023-05-20 13:00:00,2023-05-20,13,5,1,spring,2245,,,,
London,hour,2023-05-20 14:00:00,2023-05-20,14,5,1,spring,2342,,,,
London,hour,2023-05-20 15:00:00,2023-05-20,15,5,1,spring,2255,,,,
London,hour,2023-05-20 16:00:00,2023-05-20,16,5,1,spring,2204,,,,
London,hour,2023-05-20 17:00:00,2023-05-20,17,5,1,spring,2183,,,,
London,hour,2023-05-20 18:00:00,2023-05-20,18,5,1,spring,1979,,,,
London,hour,2023-05-20 19:00:00,2023-05-20,19,5,1,spring,1702,,,,
London,hour,2023-05-20 20:00:00,2023-05-20,20,5,1,spring,1193,,,,
London,hour,2023-05-20 21:00:00,2023-05-20,21,5,1,spring,783,,,,
London,hour,2023-05-20 22:00:00,2023-05-20,22,5,1,spring,677,,,,
London,hour,2023-05-20 23:00:00,2023-05-20,23,5,1,spring,555,,,,
London,hour,2023-05-21 00:00:00,2023-05-21,0,6,1,spring,413,,,,
London,hour,2023-05-21 01:00:00,2023-05-21,1,6,1,spring,311,,,,
London,hour,2023-05-21 02:00:00,2023-05-21,2,6,1,spring,192,,,,
London,hour,2023-05-21 03:00:00,2023-05-21,3,6,1,spring,142,,,,
London,hour,2023-05-21 04:00:00,2023-05-21,4,6,1,spring,97,,,,
London,hour,2023-05-21 05:00:00,2023-05-21,5,6,1,spring,70,,,,
London,hour,2023-05-21 06:00:00,2023-05-21,6,6,1,spring,136,,,,
London,hour,2023-05-21 07:00:00,2023-05-21,7,6,1,spring,326,,,,
London,hour,2023-05-21 08:00:00,2023-05-21,8,6,1,spring,601,,,,
London,hour,2023-05-21 09:00:00,2023-05-21,9,6,1,spring,1005,,,,
London,hour,2023-05-21 10:00:00,2023-05-21,10,6,1,spring,1542,,,,
London,hour,2023-05-21 11:00:00,2023-05-21,11,6,1,spring,1715,,,,
London,hour,2023-05-21 12:00:00,2023-05-21,12,6,1,spring,1916,,,,
London,hour,2023-05-21 13:00:00,2023-05-21,13,6,1,spring,1943,,,,
London,hour,2023-05-21 14:00:00,2023-05-21,14,6,1,spring,1807,,,,
London,hour,2023-05-21 15:00:00,2023-05-21,15,6,1,spring,1979,,,,
London,hour,2023-05-21 16:00:00,2023-05-21,16,6,1,spring,1829,,,,
London,hour,2023-05-21 17:00:00,2023-05-21,17,6,1,spring,1753,,,,
London,hour,2023-05-21 18:00:00,2023-05-21,18,6,1,spring,1495,,,,
London,hour,2023-05-21 19:00:00,2023-05-21,19,6,1,spring,1151,,,,
London,hour,2023-05-21 20:00:00,2023-05-21,20,6,1,spring,962,,,,
London,hour,2023-05-21 21:00:00,2023-05-21,21,6,1,spring,579,,,,
London,hour,2023-05-21 22:00:00,2023-05-21,22,6,1,spring,469,,,,
London,hour,2023-05-21 23:00:00,2023-05-21,23,6,1,spring,272,,,,
London,hour,2023-05-22 00:00:00,2023-05-22,0,0,0,spring,175,,,,
London,hour,2023-05-22 01:00:00,2023-05-22,1,0,0,spring,77,,,,
London,hour,2023-05-22 02:00:00,2023-05-22,2,0,0,spring,39,,,,
London,hour,2023-05-22 03:00:00,2023-05-22,3,0,0,spring,31,,,,
London,hour,2023-05-22 04:00:00,2023-05-22,4,0,0,spring,57,,,,
London,hour,2023-05-22 05:00:00,2023-05-22,5,0,0,spring,178,,,,
London,hour,2023-05-22 06:00:00,2023-05-22,6,0,0,spring,712,,,,
London,hour,2023-05-22 07:00:00,2023-05-22,7,0,0,spring,1913,,,,
London,hour,2023-05-22 08:00:00,2023-05-22,8,0,0,spring,3198,,,,
London,hour,2023-05-22 09:00:00,2023-05-22,9,0,0,spring,1640,,,,
London,hour,2023-05-22 10:00:00,2023-05-22,10,0,0,spring,912,,,,
London,hour,2023-05-22 11:00:00,2023-05-22,11,0,0,spring,956,,,,
London,hour,2023-05-22 12:00:00,2023-05-22,12,0,0,spring,1128,,,,
London,hour,2023-05-22 13:00:00,2023-05-22,13,0,0,spring,1082,,,,
London,hour,2023-05-22 14:00:00,2023-05-22,14,0,0,spring,1042,,,,
London,hour,2023-05-22 15:00:00,2023-05-22,15,0,0,spring,1235,,,,
London,hour,2023-05-22 16:00:00,2023-05-22,16,0,0,spring,1794,,,,
London,hour,2023-05-22 17:00:00,2023-05-22,17,0,0,spring,3328,,,,
London,hour,2023-05-22 18:00:00,2023-05-22,18,0,0,spring,3419,,,,
London,hour,2023-05-22 19:00:00,2023-05-22,19,0,0,spring,2177,,,,
London,hour,2023-05-22 20:00:00,2023-05-22,20,0,0,spring,1396,,,,
London,hour,2023-05-22 21:00:00,2023-05-22,21,0,0,spring,898,,,,
London,hour,2023-05-22 22:00:00,2023-05-22,22,0,0,spring,557,,,,
London,hour,2023-05-22 23:00:00,2023-05-22,23,0,0,spring,321,,,,
London,hour,2023-05-23 00:00:00,2023-05-23,0,1,0,spring,125,,,,
London,hour,2023-05-23 01:00:00,2023-05-23,1,1,0,spring,67,,,,
London,hour,2023-05-23 02:00:00,2023-05-23,2,1,0,spring,51,,,,
London,hour,2023-05-23 03:00:00,2023-05-23,3,1,0,spring,29,,,,
London,hour,2023-05-23 04:00:00,2023-05-23,4,1,0,spring,65,,,,
London,hour,2023-05-23 05:00:00,2023-05-23,5,1,0,spring,189,,,,
London,hour,2023-05-23 06:00:00,2023-05-23,6,1,0,spring,880,,,,
London,hour,2023-05-23 07:00:00,2023-05-23,7,1,0,spring,2384,,,,
London,hour,2023-05-23 08:00:00,2023-05-23,8,1,0,spring,3872,,,,
London,hour,2023-05-23 09:00:00,2023-05-23,9,1,0,spring,2005,,,,
London,hour,2023-05-23 10:00:00,2023-05-23,10,1,0,spring,1037,,,,
London,hour,2023-05-23 11:00:00,2023-05-23,11,1,0,spring,1033,,,,
London,hour,2023-05-23 12:00:00,2023-05-23,12,1,0,spring,1200,,,,
London,hour,2023-05-23 13:00:00,2023-05-23,13,1,0,spring,1216,,,,
London,hour,2023-05-23 14:00:00,2023-05-23,14,1,0,spring,1134,,,,
London,hour,2023-05-23 15:00:00,2023-05-23,15,1,0,spring,1387,,,,
London,hour,2023-05-23 16:00:00,2023-05-23,16,1,0,spring,1922,,,,
London,hour,2023-05-23 17:00:00,2023-05-23,17,1,0,spring,3490,,,,
London,hour,2023-05-23 18:00:00,2023-05-23,18,1,0,spring,3682,,,,
London,hour,2023-05-23 19:00:00,2023-05-23,19,1,0,spring,2350,,,,
London,hour,2023-05-23 20:00:00,2023-05-23,20,1,0,spring,1466,,,,
London,hour,2023-05-23 21:00:00,2023-05-23,21,1,0,spring,940,,,,
London,hour,2023-05-23 22:00:00,2023-05-23,22,1,0,spring,676,,,,
London,hour,2023-05-23 23:00:00,2023-05-23,23,1,0,spring,352,,,,
London,hour,2023-05-24 00:00:00,2023-05-24,0,2,0,spring,164,,,,
London,hour,2023-05-24 01:00:00,2023-05-24,1,2,0,spring,99,,,,
London,hour,2023-05-24 02:00:00,2023-05-24,2,2,0,spring,62,,,,
London,hour,2023-05-24 03:00:00,2023-05-24,3,2,0,spring,31,,,,
London,hour,2023-05-24 04:00:00,2023-05-24,4,2,0,spring,63,,,,
London,hour,2023-05-24 05:00:00,2023-05-24,5,2,0,spring,192,,,,
London,hour,2023-05-24 06:00:00,2023-05-24,6,2,0,spring,816,,,,
London,hour,2023-05-24 07:00:00,2023-05-24,7,2,0,spring,2309,,,,
London,hour,2023-05-24 08:00:00,2023-05-24,8,2,0,spring,3990,,,,
London,hour,2023-05-24 09:00:00,2023-05-24,9,2,0,spring,2030,,,,
London,hour,2023-05-24 10:00:00,2023-05-24,10,2,0,spring,1174,,,,
London,hour,2023-05-24 11:00:00,2023-05-24,11,2,0,spring,1097,,,,
London,hour,2023-05-24 12:00:00,2023-05-24,12,2,0,spring,1255,,,,
London,hour,2023-05-24 13:00:00,2023-05-24,13,2,0,spring,1336,,,,
London,hour,2023-05-24 14:00:00,2023-05-24,14,2,0,spring,1257,,,,
London,hour,2023-05-24 15:00:00,2023-05-24,15,2,0,spring,1396,,,,
London,hour,2023-05-24 16:00:00,2023-05-24,16,2,0,spring,1955,,,,
London,hour,2023-05-24 17:00:00,2023-05-24,17,2,0,spring,3517,,,,
London,hour,2023-05-24 18:00:00,2023-05-24,18,2,0,spring,3698,,,,
London,hour,2023-05-24 19:00:00,2023-05-24,19,2,0,spring,2314,,,,
London,hour,2023-05-24 20:00:00,2023-05-24,20,2,0,spring,1597,,,,
London,hour,2023-05-24 21:00:00,2023-05-24,21,2,0,spring,1137,,,,
London,hour,2023-05-24 22:00:00,2023-05-24,22,2,0,spring,814,,,,
London,hour,2023-05-24 23:00:00,2023-05-24,23,2,0,spring,429,,,,
London,hour,2023-05-25 00:00:00,2023-05-25,0,3,0,spring,187,,,,
London,hour,2023-05-25 01:00:00,2023-05-25,1,3,0,spring,111,,,,
London,hour,2023-05-25 02:00:00,2023-05-25,2,3,0,spring,58,,,,
London,hour,2023-05-25 03:00:00,2023-05-25,3,3,0,spring,39,,,,
London,hour,2023-05-25 04:00:00,2023-05-25,4,3,0,spring,65,,,,
London,hour,2023-05-25 05:00:00,2023-05-25,5,3,0,spring,162,,,,
London,hour,2023-05-25 06:00:00,2023-05-25,6,3,0,spring,741,,,,
London,hour,2023-05-25 07:00:00,2023-05-25,7,3,0,spring,2213,,,,
London,hour,2023-05-25 08:00:00,2023-05-25,8,3,0,spring,3994,,,,
London,hour,2023-05-25 09:00:00,2023-05-25,9,3,0,spring,2099,,,,
London,hour,2023-05-25 10:00:00,2023-05-25,10,3,0,spring,1148,,,,
London,hour,2023-05-25 11:00:00,2023-05-25,11,3,0,spring,1080,,,,
London,hour,2023-05-25 12:00:00,2023-05-25,12,3,0,spring,1326,,,,
London,hour,2023-05-25 13:00:00,2023-05-25,13,3,0,spring,1246,,,,
London,hour,2023-05-25 14:00:00,2023-05-25,14,3,0,spring,1155,,,,
London,hour,2023-05-25 15:00:00,2023-05-25,15,3,0,spring,1374,,,,
London,hour,2023-05-25 16:00:00,2023-05-25,16,3,0,spring,1808,,,,
London,hour,2023-05-25 17:00:00,2023-05-25,17,3,0,spring,3312,,,,
London,hour,2023-05-25 18:00:00,2023-05-25,18,3,0,spring,3355,,,,
London,hour,2023-05-25 19:00:00,2023-05-25,19,3,0,spring,1999,,,,
London,hour,2023-05-25 20:00:00,2023-05-25,20,3,0,spring,1409,,,,
London,hour,2023-05-25 21:00:00,2023-05-25,21,3,0,spring,1052,,,,
London,hour,2023-05-25 22:00:00,2023-05-25,22,3,0,spring,830,,,,
London,hour,2023-05-25 23:00:00,2023-05-25,23,3,0,spring,509,,,,
London,hour,2023-05-26 00:00:00,2023-05-26,0,4,0,spring,227,,,,
London,hour,2023-05-26 01:00:00,2023-05-26,1,4,0,spring,132,,,,
London,hour,2023-05-26 02:00:00,2023-05-26,2,4,0,spring,77,,,,
London,hour,2023-05-26 03:00:00,2023-05-26,3,4,0,spring,57,,,,
London,hour,2023-05-26 04:00:00,2023-05-26,4,4,0,spring,70,,,,
London,hour,2023-05-26 05:00:00,2023-05-26,5,4,0,spring,152,,,,
London,hour,2023-05-26 06:00:00,2023-05-26,6,4,0,spring,547,,,,
London,hour,2023-05-26 07:00:00,2023-05-26,7,4,0,spring,1535,,,,
London,hour,2023-05-26 08:00:00,2023-05-26,8,4,0,spring,2346,,,,
London,hour,2023-05-26 09:00:00,2023-05-26,9,4,0,spring,1554,,,,
London,hour,2023-05-26 10:00:00,2023-05-26,10,4,0,spring,1110,,,,
London,hour,2023-05-26 11:00:00,2023-05-26,11,4,0,spring,1166,,,,
London,hour,2023-05-26 12:00:00,2023-05-26,12,4,0,spring,1450,,,,
London,hour,2023-05-26 13:00:00,2023-05-26,13,4,0,spring,1461,,,,
London,hour,2023-05-26 14:00:00,2023-05-26,14,4,0,spring,1496,,,,
London,hour,2023-05-26 15:00:00,2023-05-26,15,4,0,spring,1646,,,,
London,hour,2023-05-26 16:00:00,2023-05-26,16,4,0,spring,2138,,,,
London,hour,2023-05-26 17:00:00,2023-05-26,17,4,0,spring,2873,,,,
London,hour,2023-05-26 18:00:00,2023-05-26,18,4,0,spring,2735,,,,
London,hour,2023-05-26 19:00:00,2023-05-26,19,4,0,spring,1948,,,,
London,hour,2023-05-26 20:00:00,2023-05-26,20,4,0,spring,1290,,,,
London,hour,2023-05-26 21:00:00,2023-05-26,21,4,0,spring,858,,,,
London,hour,2023-05-26 22:00:00,2023-05-26,22,4,0,spring,658,,,,
London,hour,2023-05-26 23:00:00,2023-05-26,23,4,0,spring,537,,,,
London,hour,2023-05-27 00:00:00,2023-05-27,0,5,1,spring,355,,,,
London,hour,2023-05-27 01:00:00,2023-05-27,1,5,1,spring,208,,,,
London,hour,2023-05-27 02:00:00,2023-05-27,2,5,1,spring,145,,,,
London,hour,2023-05-27 03:00:00,2023-05-27,3,5,1,spring,102,,,,
London,hour,2023-05-27 04:00:00,2023-05-27,4,5,1,spring,92,,,,
London,hour,2023-05-27 05:00:00,2023-05-27,5,5,1,spring,80,,,,
London,hour,2023-05-27 06:00:00,2023-05-27,6,5,1,spring,150,,,,
London,hour,2023-05-27 07:00:00,2023-05-27,7,5,1,spring,344,,,,
London,hour,2023-05-27 08:00:00,2023-05-27,8,5,1,spring,706,,,,
London,hour,2023-05-27 09:00:00,2023-05-27,9,5,1,spring,1152,,,,
London,hour,2023-05-27 10:00:00,2023-05-27,10,5,1,spring,1457,,,,
London,hour,2023-05-27 11:00:00,2023-05-27,11,5,1,spring,1814,,,,
London,hour,2023-05-27 12:00:00,2023-05-27,12,5,1,spring,1951,,,,
London,hour,2023-05-27 13:00:00,2023-05-27,13,5,1,spring,2112,,,,
London,hour,2023-05-27 14:00:00,2023-05-27,14,5,1,spring,2092,,,,
London,hour,2023-05-27 15:00:00,2023-05-27,15,5,1,spring,2182,,,,
London,hour,2023-05-27 16:00:00,2023-05-27,16,5,1,spring,2176,,,,
London,hour,2023-05-27 17:00:00,2023-05-27,17,5,1,spring,2158,,,,
London,hour,2023-05-27 18:00:00,2023-05-27,18,5,1,spring,2011,,,,
London,hour,2023-05-27 19:00:00,2023-05-27,19,5,1,spring,1630,,,,
London,hour,2023-05-27 20:00:00,2023-05-27,20,5,1,spring,1251,,,,
London,hour,2023-05-27 21:00:00,2023-05-27,21,5,1,spring,827,,,,
London,hour,2023-05-27 22:00:00,2023-05-27,22,5,1,spring,695,,,,
London,hour,2023-05-27 23:00:00,2023-05-27,23,5,1,spring,513,,,,
London,hour,2023-05-28 00:00:00,2023-05-28,0,6,1,spring,403,,,,
London,hour,2023-05-28 01:00:00,2023-05-28,1,6,1,spring,271,,,,
London,hour,2023-05-28 02:00:00,2023-05-28,2,6,1,spring,191,,,,
London,hour,2023-05-28 03:00:00,2023-05-28,3,6,1,spring,129,,,,
London,hour,2023-05-28 04:00:00,2023-05-28,4,6,1,spring,95,,,,
London,hour,2023-05-28 05:00:00,2023-05-28,5,6,1,spring,104,,,,
London,hour,2023-05-28 06:00:00,2023-05-28,6,6,1,spring,177,,,,
London,hour,2023-05-28 07:00:00,2023-05-28,7,6,1,spring,274,,,,
London,hour,2023-05-28 08:00:00,2023-05-28,8,6,1,spring,518,,,,
London,hour,2023-05-28 09:00:00,2023-05-28,9,6,1,spring,1178,,,,
London,hour,2023-05-28 10:00:00,2023-05-28,10,6,1,spring,1859,,,,
London,hour,2023-05-28 11:00:00,2023-05-28,11,6,1,spring,2212,,,,
London,hour,2023-05-28 12:00:00,2023-05-28,12,6,1,spring,2486,,,,
London,hour,2023-05-28 13:00:00,2023-05-28,13,6,1,spring,2539,,,,
London,hour,2023-05-28 14:00:00,2023-05-28,14,6,1,spring,2240,,,,
London,hour,2023-05-28 15:00:00,2023-05-28,15,6,1,spring,2248,,,,
London,hour,2023-05-28 16:00:00,2023-05-28,16,6,1,spring,2290,,,,
London,hour,2023-05-28 17:00:00,2023-05-28,17,6,1,spring,2153,,,,
London,hour,2023-05-28 18:00:00,2023-05-28,18,6,1,spring,2023,,,,
London,hour,2023-05-28 19:00:00,2023-05-28,19,6,1,spring,1778,,,,
London,hour,2023-05-28 20:00:00,2023-05-28,20,6,1,spring,1214,,,,
London,hour,2023-05-28 21:00:00,2023-05-28,21,6,1,spring,820,,,,
London,hour,2023-05-28 22:00:00,2023-05-28,22,6,1,spring,576,,,,
London,hour,2023-05-28 23:00:00,2023-05-28,23,6,1,spring,458,,,,
London,hour,2023-06-01 00:00:00,2023-06-01,0,3,0,summer,122,,,,
London,hour,2023-06-01 01:00:00,2023-06-01,1,3,0,summer,40,,,,
London,hour,2023-06-01 02:00:00,2023-06-01,2,3,0,summer,37,,,,
London,hour,2023-06-01 03:00:00,2023-06-01,3,3,0,summer,25,,,,
London,hour,2023-06-01 04:00:00,2023-06-01,4,3,0,summer,24,,,,
London,hour,2023-06-01 05:00:00,2023-06-01,5,3,0,summer,90,,,,
London,hour,2023-06-01 06:00:00,2023-06-01,6,3,0,summer,366,,,,
London,hour,2023-06-01 07:00:00,2023-06-01,7,3,0,summer,921,,,,
London,hour,2023-06-01 08:00:00,2023-06-01,8,3,0,summer,1713,,,,
London,hour,2023-06-01 09:00:00,2023-06-01,9,3,0,summer,1123,,,,
London,hour,2023-06-01 10:00:00,2023-06-01,10,3,0,summer,796,,,,
London,hour,2023-06-01 11:00:00,2023-06-01,11,3,0,summer,851,,,,
London,hour,2023-06-01 12:00:00,2023-06-01,12,3,0,summer,1084,,,,
London,hour,2023-06-01 13:00:00,2023-06-01,13,3,0,summer,1044,,,,
London,hour,2023-06-01 14:00:00,2023-06-01,14,3,0,summer,917,,,,
London,hour,2023-06-01 15:00:00,2023-06-01,15,3,0,summer,1047,,,,
London,hour,2023-06-01 16:00:00,2023-06-01,16,3,0,summer,1312,,,,
London,hour,2023-06-01 17:00:00,2023-06-01,17,3,0,summer,1687,,,,
London,hour,2023-06-01 18:00:00,2023-06-01,18,3,0,summer,1626,,,,
London,hour,2023-06-01 19:00:00,2023-06-01,19,3,0,summer,1158,,,,
London,hour,2023-06-01 20:00:00,2023-06-01,20,3,0,summer,688,,,,
London,hour,2023-06-01 21:00:00,2023-06-01,21,3,0,summer,548,,,,
London,hour,2023-06-01 22:00:00,2023-06-01,22,3,0,summer,497,,,,
London,hour,2023-06-01 23:00:00,2023-06-01,23,3,0,summer,394,,,,
London,hour,2023-06-03 00:00:00,2023-06-03,0,5,1,summer,86,,,,
London,hour,2023-06-03 01:00:00,2023-06-03,1,5,1,summer,44,,,,
London,hour,2023-06-03 02:00:00,2023-06-03,2,5,1,summer,23,,,,
London,hour,2023-06-03 03:00:00,2023-06-03,3,5,1,summer,28,,,,
London,hour,2023-06-03 04:00:00,2023-06-03,4,5,1,summer,31,,,,
London,hour,2023-06-03 05:00:00,2023-06-03,5,5,1,summer,154,,,,
London,hour,2023-06-03 06:00:00,2023-06-03,6,5,1,summer,546,,,,
London,hour,2023-06-03 07:00:00,2023-06-03,7,5,1,summer,1396,,,,
London,hour,2023-06-03 08:00:00,2023-06-03,8,5,1,summer,2537,,,,
London,hour,2023-06-03 09:00:00,2023-06-03,9,5,1,summer,1445,,,,
London,hour,2023-06-03 10:00:00,2023-06-03,10,5,1,summer,838,,,,
London,hour,2023-06-03 11:00:00,2023-06-03,11,5,1,summer,725,,,,
London,hour,2023-06-03 12:00:00,2023-06-03,12,5,1,summer,862,,,,
London,hour,2023-06-03 13:00:00,2023-06-03,13,5,1,summer,847,,,,
London,hour,2023-06-03 14:00:00,2023-06-03,14,5,1,summer,706,,,,
London,hour,2023-06-03 15:00:00,2023-06-03,15,5,1,summer,800,,,,
London,hour,2023-06-03 16:00:00,2023-06-03,16,5,1,summer,1035,,,,
London,hour,2023-06-03 17:00:00,2023-06-03,17,5,1,summer,1967,,,,
London,hour,2023-06-03 18:00:00,2023-06-03,18,5,1,summer,1704,,,,
London,hour,2023-06-03 19:00:00,2023-06-03,19,5,1,summer,873,,,,
London,hour,2023-06-03 20:00:00,2023-06-03,20,5,1,summer,771,,,,
London,hour,2023-06-03 21:00:00,2023-06-03,21,5,1,summer,506,,,,
London,hour,2023-06-03 22:00:00,2023-06-03,22,5,1,summer,396,,,,
London,hour,2023-06-03 23:00:00,2023-06-03,23,5,1,summer,146,,,,
London,hour,2023-06-04 00:00:00,2023-06-04,0,6,1,summer,230,,,,
London,hour,2023-06-04 01:00:00,2023-06-04,1,6,1,summer,102,,,,
London,hour,2023-06-04 02:00:00,2023-06-04,2,6,1,summer,64,,,,
London,hour,2023-06-04 03:00:00,2023-06-04,3,6,1,summer,46,,,,
London,hour,2023-06-04 04:00:00,2023-06-04,4,6,1,summer,92,,,,
London,hour,2023-06-04 05:00:00,2023-06-04,5,6,1,summer,232,,,,
London,hour,2023-06-04 06:00:00,2023-06-04,6,6,1,summer,954,,,,
London,hour,2023-06-04 07:00:00,2023-06-04,7,6,1,summer,2448,,,,
London,hour,2023-06-04 08:00:00,2023-06-04,8,6,1,summer,4370,,,,
London,hour,2023-06-04 09:00:00,2023-06-04,9,6,1,summer,2386,,,,
London,hour,2023-06-04 10:00:00,2023-06-04,10,6,1,summer,1520,,,,
London,hour,2023-06-04 11:00:00,2023-06-04,11,6,1,summer,1506,,,,
London,hour,2023-06-04 12:00:00,2023-06-04,12,6,1,summer,1704,,,,
London,hour,2023-06-04 13:00:00,2023-06-04,13,6,1,summer,1990,,,,
London,hour,2023-06-04 14:00:00,2023-06-04,14,6,1,summer,2074,,,,
London,hour,2023-06-04 15:00:00,2023-06-04,15,6,1,summer,2192,,,,
London,hour,2023-06-04 16:00:00,2023-06-04,16,6,1,summer,2552,,,,
London,hour,2023-06-04 17:00:00,2023-06-04,17,6,1,summer,3718,,,,
London,hour,2023-06-04 18:00:00,2023-06-04,18,6,1,summer,3052,,,,
London,hour,2023-06-04 19:00:00,2023-06-04,19,6,1,summer,2490,,,,
London,hour,2023-06-04 20:00:00,2023-06-04,20,6,1,summer,1650,,,,
London,hour,2023-06-04 21:00:00,2023-06-04,21,6,1,summer,1372,,,,
London,hour,2023-06-04 22:00:00,2023-06-04,22,6,1,summer,1138,,,,
London,hour,2023-06-04 23:00:00,2023-06-04,23,6,1,summer,874,,,,
London,hour,2023-06-05 00:00:00,2023-06-05,0,0,0,summer,459,,,,
London,hour,2023-06-05 01:00:00,2023-06-05,1,0,0,summer,292,,,,
London,hour,2023-06-05 02:00:00,2023-06-05,2,0,0,summer,173,,,,
London,hour,2023-06-05 03:00:00,2023-06-05,3,0,0,summer,165,,,,
London,hour,2023-06-05 04:00:00,2023-06-05,4,0,0,summer,132,,,,
London,hour,2023-06-05 05:00:00,2023-06-05,5,0,0,summer,189,,,,
London,hour,2023-06-05 06:00:00,2023-06-05,6,0,0,summer,215,,,,
London,hour,2023-06-05 07:00:00,2023-06-05,7,0,0,summer,388,,,,
London,hour,2023-06-05 08:00:00,2023-06-05,8,0,0,summer,740,,,,
London,hour,2023-06-05 09:00:00,2023-06-05,9,0,0,summer,934,,,,
London,hour,2023-06-05 10:00:00,2023-06-05,10,0,0,summer,939,,,,
London,hour,2023-06-05 11:00:00,2023-06-05,11,0,0,summer,654,,,,
London,hour,2023-06-05 12:00:00,2023-06-05,12,0,0,summer,590,,,,
London,hour,2023-06-05 13:00:00,2023-06-05,13,0,0,summer,666,,,,
London,hour,2023-06-05 14:00:00,2023-06-05,14,0,0,summer,653,,,,
London,hour,2023-06-05 15:00:00,2023-06-05,15,0,0,summer,649,,,,
London,hour,2023-06-05 16:00:00,2023-06-05,16,0,0,summer,782,,,,
London,hour,2023-06-05 17:00:00,2023-06-05,17,0,0,summer,671,,,,
London,hour,2023-06-05 18:00:00,2023-06-05,18,0,0,summer,603,,,,
London,hour,2023-06-05 19:00:00,2023-06-05,19,0,0,summer,689,,,,
London,hour,2023-06-05 20:00:00,2023-06-05,20,0,0,summer,545,,,,
London,hour,2023-06-05 21:00:00,2023-06-05,21,0,0,summer,502,,,,
London,hour,2023-06-05 22:00:00,2023-06-05,22,0,0,summer,481,,,,
London,hour,2023-06-05 23:00:00,2023-06-05,23,0,0,summer,397,,,,
London,hour,2023-06-06 00:00:00,2023-06-06,0,1,0,summer,134,,,,
London,hour,2023-06-06 01:00:00,2023-06-06,1,1,0,summer,70,,,,
London,hour,2023-06-06 02:00:00,2023-06-06,2,1,0,summer,51,,,,
London,hour,2023-06-06 03:00:00,2023-06-06,3,1,0,summer,50,,,,
London,hour,2023-06-06 04:00:00,2023-06-06,4,1,0,summer,64,,,,
London,hour,2023-06-06 05:00:00,2023-06-06,5,1,0,summer,164,,,,
London,hour,2023-06-06 06:00:00,2023-06-06,6,1,0,summer,821,,,,
London,hour,2023-06-06 07:00:00,2023-06-06,7,1,0,summer,2175,,,,
London,hour,2023-06-06 08:00:00,2023-06-06,8,1,0,summer,3643,,,,
London,hour,2023-06-06 09:00:00,2023-06-06,9,1,0,summer,1961,,,,
London,hour,2023-06-06 10:00:00,2023-06-06,10,1,0,summer,1038,,,,
London,hour,2023-06-06 11:00:00,2023-06-06,11,1,0,summer,911,,,,
London,hour,2023-06-06 12:00:00,2023-06-06,12,1,0,summer,1101,,,,
London,hour,2023-06-06 13:00:00,2023-06-06,13,1,0,summer,1025,,,,
London,hour,2023-06-06 14:00:00,2023-06-06,14,1,0,summer,1027,,,,
London,hour,2023-06-06 15:00:00,2023-06-06,15,1,0,summer,1245,,,,
London,hour,2023-06-06 16:00:00,2023-06-06,16,1,0,summer,1794,,,,
London,hour,2023-06-06 17:00:00,2023-06-06,17,1,0,summer,3474,,,,
London,hour,2023-06-06 18:00:00,2023-06-06,18,1,0,summer,3524,,,,
London,hour,2023-06-06 19:00:00,2023-06-06,19,1,0,summer,2131,,,,
London,hour,2023-06-06 20:00:00,2023-06-06,20,1,0,summer,1350,,,,
London,hour,2023-06-06 21:00:00,2023-06-06,21,1,0,summer,884,,,,
London,hour,2023-06-06 22:00:00,2023-06-06,22,1,0,summer,610,,,,
London,hour,2023-06-06 23:00:00,2023-06-06,23,1,0,summer,315,,,,
London,hour,2023-06-07 00:00:00,2023-06-07,0,2,0,summer,302,,,,
London,hour,2023-06-07 01:00:00,2023-06-07,1,2,0,summer,141,,,,
London,hour,2023-06-07 02:00:00,2023-06-07,2,2,0,summer,73,,,,
London,hour,2023-06-07 03:00:00,2023-06-07,3,2,0,summer,46,,,,
London,hour,2023-06-07 04:00:00,2023-06-07,4,2,0,summer,79,,,,
London,hour,2023-06-07 05:00:00,2023-06-07,5,2,0,summer,169,,,,
London,hour,2023-06-07 06:00:00,2023-06-07,6,2,0,summer,735,,,,
London,hour,2023-06-07 07:00:00,2023-06-07,7,2,0,summer,2165,,,,
London,hour,2023-06-07 08:00:00,2023-06-07,8,2,0,summer,3797,,,,
London,hour,2023-06-07 09:00:00,2023-06-07,9,2,0,summer,2018,,,,
London,hour,2023-06-07 10:00:00,2023-06-07,10,2,0,summer,1216,,,,
London,hour,2023-06-07 11:00:00,2023-06-07,11,2,0,summer,1150,,,,
London,hour,2023-06-07 12:00:00,2023-06-07,12,2,0,summer,1431,,,,
London,hour,2023-06-07 13:00:00,2023-06-07,13,2,0,summer,1316,,,,
London,hour,2023-06-07 14:00:00,2023-06-07,14,2,0,summer,1332,,,,
London,hour,2023-06-07 15:00:00,2023-06-07,15,2,0,summer,1495,,,,
London,hour,2023-06-07 16:00:00,2023-06-07,16,2,0,summer,2039,,,,
London,hour,2023-06-07 17:00:00,2023-06-07,17,2,0,summer,3514,,,,
London,hour,2023-06-07 18:00:00,2023-06-07,18,2,0,summer,3490,,,,
London,hour,2023-06-07 19:00:00,2023-06-07,19,2,0,summer,2277,,,,
London,hour,2023-06-07 20:00:00,2023-06-07,20,2,0,summer,1562,,,,
London,hour,2023-06-07 21:00:00,2023-06-07,21,2,0,summer,1303,,,,
London,hour,2023-06-07 22:00:00,2023-06-07,22,2,0,summer,1124,,,,
London,hour,2023-06-07 23:00:00,2023-06-07,23,2,0,summer,645,,,,
London,hour,2023-06-08 00:00:00,2023-06-08,0,3,0,summer,264,,,,
London,hour,2023-06-08 01:00:00,2023-06-08,1,3,0,summer,221,,,,
London,hour,2023-06-08 02:00:00,2023-06-08,2,3,0,summer,186,,,,
London,hour,2023-06-08 03:00:00,2023-06-08,3,3,0,summer,96,,,,
London,hour,2023-06-08 04:00:00,2023-06-08,4,3,0,summer,82,,,,
London,hour,2023-06-08 05:00:00,2023-06-08,5,3,0,summer,68,,,,
London,hour,2023-06-08 06:00:00,2023-06-08,6,3,0,summer,153,,,,
London,hour,2023-06-08 07:00:00,2023-06-08,7,3,0,summer,263,,,,
London,hour,2023-06-08 08:00:00,2023-06-08,8,3,0,summer,476,,,,
London,hour,2023-06-08 09:00:00,2023-06-08,9,3,0,summer,804,,,,
London,hour,2023-06-08 10:00:00,2023-06-08,10,3,0,summer,1253,,,,
London,hour,2023-06-08 11:00:00,2023-06-08,11,3,0,summer,1465,,,,
London,hour,2023-06-08 12:00:00,2023-06-08,12,3,0,summer,1677,,,,
London,hour,2023-06-08 13:00:00,2023-06-08,13,3,0,summer,1706,,,,
London,hour,2023-06-08 14:00:00,2023-06-08,14,3,0,summer,1603,,,,
London,hour,2023-06-08 15:00:00,2023-06-08,15,3,0,summer,1674,,,,
London,hour,2023-06-08 16:00:00,2023-06-08,16,3,0,summer,1578,,,,
London,hour,2023-06-08 17:00:00,2023-06-08,17,3,0,summer,1582,,,,
London,hour,2023-06-08 18:00:00,2023-06-08,18,3,0,summer,1529,,,,
London,hour,2023-06-08 19:00:00,2023-06-08,19,3,0,summer,1324,,,,
London,hour,2023-06-08 20:00:00,2023-06-08,20,3,0,summer,1027,,,,
London,hour,2023-06-08 21:00:00,2023-06-08,21,3,0,summer,630,,,,
London,hour,2023-06-08 22:00:00,2023-06-08,22,3,0,summer,499,,,,
London,hour,2023-06-08 23:00:00,2023-06-08,23,3,0,summer,329,,,,
London,hour,2023-06-09 00:00:00,2023-06-09,0,4,0,summer,159,,,,
London,hour,2023-06-09 01:00:00,2023-06-09,1,4,0,summer,89,,,,
London,hour,2023-06-09 02:00:00,2023-06-09,2,4,0,summer,39,,,,
London,hour,2023-06-09 03:00:00,2023-06-09,3,4,0,summer,31,,,,
London,hour,2023-06-09 04:00:00,2023-06-09,4,4,0,summer,60,,,,
London,hour,2023-06-09 05:00:00,2023-06-09,5,4,0,summer,182,,,,
London,hour,2023-06-09 06:00:00,2023-06-09,6,4,0,summer,796,,,,
London,hour,2023-06-09 07:00:00,2023-06-09,7,4,0,summer,2303,,,,
London,hour,2023-06-09 08:00:00,2023-06-09,8,4,0,summer,3925,,,,
London,hour,2023-06-09 09:00:00,2023-06-09,9,4,0,summer,1929,,,,
London,hour,2023-06-09 10:00:00,2023-06-09,10,4,0,summer,1156,,,,
London,hour,2023-06-09 11:00:00,2023-06-09,11,4,0,summer,1082,,,,
London,hour,2023-06-09 12:00:00,2023-06-09,12,4,0,summer,1285,,,,
London,hour,2023-06-09 13:00:00,2023-06-09,13,4,0,summer,1267,,,,
London,hour,2023-06-09 14:00:00,2023-06-09,14,4,0,summer,1223,,,,
London,hour,2023-06-09 15:00:00,2023-06-09,15,4,0,summer,1399,,,,
London,hour,2023-06-09 16:00:00,2023-06-09,16,4,0,summer,1997,,,,
London,hour,2023-06-09 17:00:00,2023-06-09,17,4,0,summer,3759,,,,
London,hour,2023-06-09 18:00:00,2023-06-09,18,4,0,summer,3760,,,,
London,hour,2023-06-09 19:00:00,2023-06-09,19,4,0,summer,2435,,,,
London,hour,2023-06-09 20:00:00,2023-06-09,20,4,0,summer,1530,,,,
London,hour,2023-06-09 21:00:00,2023-06-09,21,4,0,summer,1079,,,,
London,hour,2023-06-09 22:00:00,2023-06-09,22,4,0,summer,865,,,,
London,hour,2023-06-09 23:00:00,2023-06-09,23,4,0,summer,455,,,,
London,hour,2023-06-10 00:00:00,2023-06-10,0,5,1,summer,286,,,,
London,hour,2023-06-10 01:00:00,2023-06-10,1,5,1,summer,155,,,,
London,hour,2023-06-10 02:00:00,2023-06-10,2,5,1,summer,89,,,,
London,hour,2023-06-10 03:00:00,2023-06-10,3,5,1,summer,60,,,,
London,hour,2023-06-10 04:00:00,2023-06-10,4,5,1,summer,65,,,,
London,hour,2023-06-10 05:00:00,2023-06-10,5,5,1,summer,163,,,,
London,hour,2023-06-10 06:00:00,2023-06-10,6,5,1,summer,575,,,,
London,hour,2023-06-10 07:00:00,2023-06-10,7,5,1,summer,1558,,,,
London,hour,2023-06-10 08:00:00,2023-06-10,8,5,1,summer,2937,,,,
London,hour,2023-06-10 09:00:00,2023-06-10,9,5,1,summer,1869,,,,
London,hour,2023-06-10 10:00:00,2023-06-10,10,5,1,summer,1338,,,,
London,hour,2023-06-10 11:00:00,2023-06-10,11,5,1,summer,1216,,,,
London,hour,2023-06-10 12:00:00,2023-06-10,12,5,1,summer,1518,,,,
London,hour,2023-06-10 13:00:00,2023-06-10,13,5,1,summer,1528,,,,
London,hour,2023-06-10 14:00:00,2023-06-10,14,5,1,summer,1504,,,,
London,hour,2023-06-10 15:00:00,2023-06-10,15,5,1,summer,1737,,,,
London,hour,2023-06-10 16:00:00,2023-06-10,16,5,1,summer,2108,,,,
London,hour,2023-06-10 17:00:00,2023-06-10,17,5,1,summer,3160,,,,
London,hour,2023-06-10 18:00:00,2023-06-10,18,5,1,summer,2945,,,,
London,hour,2023-06-10 19:00:00,2023-06-10,19,5,1,summer,1919,,,,
London,hour,2023-06-10 20:00:00,2023-06-10,20,5,1,summer,1185,,,,
London,hour,2023-06-10 21:00:00,2023-06-10,21,5,1,summer,858,,,,
London,hour,2023-06-10 22:00:00,2023-06-10,22,5,1,summer,885,,,,
London,hour,2023-06-10 23:00:00,2023-06-10,23,5,1,summer,688,,,,
London,hour,2023-06-11 00:00:00,2023-06-11,0,6,1,summer,131,,,,
London,hour,2023-06-11 01:00:00,2023-06-11,1,6,1,summer,72,,,,
London,hour,2023-06-11 02:00:00,2023-06-11,2,6,1,summer,32,,,,
London,hour,2023-06-11 03:00:00,2023-06-11,3,6,1,summer,27,,,,
London,hour,2023-06-11 04:00:00,2023-06-11,4,6,1,summer,42,,,,
London,hour,2023-06-11 05:00:00,2023-06-11,5,6,1,summer,160,,,,
London,hour,2023-06-11 06:00:00,2023-06-11,6,6,1,summer,660,,,,
London,hour,2023-06-11 07:00:00,2023-06-11,7,6,1,summer,1921,,,,
London,hour,2023-06-11 08:00:00,2023-06-11,8,6,1,summer,1407,,,,
London,hour,2023-06-12 09:00:00,2023-06-12,9,0,0,summer,134,,,,
London,hour,2023-06-12 10:00:00,2023-06-12,10,0,0,summer,1066,,,,
London,hour,2023-06-12 11:00:00,2023-06-12,11,0,0,summer,1009,,,,
London,hour,2023-06-12 12:00:00,2023-06-12,12,0,0,summer,1117,,,,
London,hour,2023-06-12 13:00:00,2023-06-12,13,0,0,summer,958,,,,
London,hour,2023-06-12 14:00:00,2023-06-12,14,0,0,summer,881,,,,
London,hour,2023-06-12 15:00:00,2023-06-12,15,0,0,summer,1191,,,,
London,hour,2023-06-12 16:00:00,2023-06-12,16,0,0,summer,1637,,,,
London,hour,2023-06-12 17:00:00,2023-06-12,17,0,0,summer,2858,,,,
London,hour,2023-06-12 18:00:00,2023-06-12,18,0,0,summer,3117,,,,
London,hour,2023-06-12 19:00:00,2023-06-12,19,0,0,summer,2017,,,,
London,hour,2023-06-12 20:00:00,2023-06-12,20,0,0,summer,1358,,,,
London,hour,2023-06-12 21:00:00,2023-06-12,21,0,0,summer,992,,,,
London,hour,2023-06-12 22:00:00,2023-06-12,22,0,0,summer,655,,,,
London,hour,2023-06-12 23:00:00,2023-06-12,23,0,0,summer,317,,,,
London,hour,2023-06-13 00:00:00,2023-06-13,0,1,0,summer,162,,,,
London,hour,2023-06-13 01:00:00,2023-06-13,1,1,0,summer,79,,,,
London,hour,2023-06-13 02:00:00,2023-06-13,2,1,0,summer,49,,,,
London,hour,2023-06-13 03:00:00,2023-06-13,3,1,0,summer,27,,,,
London,hour,2023-06-13 04:00:00,2023-06-13,4,1,0,summer,61,,,,
London,hour,2023-06-13 05:00:00,2023-06-13,5,1,0,summer,239,,,,
London,hour,2023-06-13 06:00:00,2023-06-13,6,1,0,summer,908,,,,
London,hour,2023-06-13 07:00:00,2023-06-13,7,1,0,summer,2457,,,,
London,hour,2023-06-13 08:00:00,2023-06-13,8,1,0,summer,3978,,,,
London,hour,2023-06-13 09:00:00,2023-06-13,9,1,0,summer,2017,,,,
London,hour,2023-06-13 10:00:00,2023-06-13,10,1,0,summer,1102,,,,
London,hour,2023-06-13 11:00:00,2023-06-13,11,1,0,summer,1108,,,,
London,hour,2023-06-13 12:00:00,2023-06-13,12,1,0,summer,1208,,,,
London,hour,2023-06-13 13:00:00,2023-06-13,13,1,0,summer,1241,,,,
London,hour,2023-06-13 14:00:00,2023-06-13,14,1,0,summer,1182,,,,
London,hour,2023-06-13 15:00:00,2023-06-13,15,1,0,summer,1438,,,,
London,hour,2023-06-13 16:00:00,2023-06-13,16,1,0,summer,2028,,,,
London,hour,2023-06-13 17:00:00,2023-06-13,17,1,0,summer,3769,,,,
London,hour,2023-06-13 18:00:00,2023-06-13,18,1,0,summer,3825,,,,
London,hour,2023-06-13 19:00:00,2023-06-13,19,1,0,summer,2482,,,,
London,hour,2023-06-13 20:00:00,2023-06-13,20,1,0,summer,1683,,,,
London,hour,2023-06-13 21:00:00,2023-06-13,21,1,0,summer,1285,,,,
London,hour,2023-06-13 22:00:00,2023-06-13,22,1,0,summer,886,,,,
London,hour,2023-06-13 23:00:00,2023-06-13,23,1,0,summer,419,,,,
London,hour,2023-06-14 00:00:00,2023-06-14,0,2,0,summer,203,,,,
London,hour,2023-06-14 01:00:00,2023-06-14,1,2,0,summer,99,,,,
London,hour,2023-06-14 02:00:00,2023-06-14,2,2,0,summer,38,,,,
London,hour,2023-06-14 03:00:00,2023-06-14,3,2,0,summer,44,,,,
London,hour,2023-06-14 04:00:00,2023-06-14,4,2,0,summer,58,,,,
London,hour,2023-06-14 05:00:00,2023-06-14,5,2,0,summer,193,,,,
London,hour,2023-06-14 06:00:00,2023-06-14,6,2,0,summer,867,,,,
London,hour,2023-06-14 07:00:00,2023-06-14,7,2,0,summer,2333,,,,
London,hour,2023-06-14 08:00:00,2023-06-14,8,2,0,summer,3864,,,,
London,hour,2023-06-14 09:00:00,2023-06-14,9,2,0,summer,2133,,,,
London,hour,2023-06-14 10:00:00,2023-06-14,10,2,0,summer,1214,,,,
London,hour,2023-06-14 11:00:00,2023-06-14,11,2,0,summer,1176,,,,
London,hour,2023-06-14 12:00:00,2023-06-14,12,2,0,summer,1358,,,,
London,hour,2023-06-14 13:00:00,2023-06-14,13,2,0,summer,1335,,,,
London,hour,2023-06-14 14:00:00,2023-06-14,14,2,0,summer,1327,,,,
London,hour,2023-06-14 15:00:00,2023-06-14,15,2,0,summer,1533,,,,
London,hour,2023-06-14 16:00:00,2023-06-14,16,2,0,summer,2048,,,,
London,hour,2023-06-14 17:00:00,2023-06-14,17,2,0,summer,3724,,,,
London,hour,2023-06-14 18:00:00,2023-06-14,18,2,0,summer,3762,,,,
London,hour,2023-06-14 19:00:00,2023-06-14,19,2,0,summer,2451,,,,
London,hour,2023-06-14 20:00:00,2023-06-14,20,2,0,summer,1624,,,,
London,hour,2023-06-14 21:00:00,2023-06-14,21,2,0,summer,1239,,,,
London,hour,2023-06-14 22:00:00,2023-06-14,22,2,0,summer,956,,,,
London,hour,2023-06-14 23:00:00,2023-06-14,23,2,0,summer,554,,,,
London,hour,2023-06-15 00:00:00,2023-06-15,0,3,0,summer,261,,,,
London,hour,2023-06-15 01:00:00,2023-06-15,1,3,0,summer,140,,,,
London,hour,2023-06-15 02:00:00,2023-06-15,2,3,0,summer,71,,,,
London,hour,2023-06-15 03:00:00,2023-06-15,3,3,0,summer,66,,,,
London,hour,2023-06-15 04:00:00,2023-06-15,4,3,0,summer,72,,,,
London,hour,2023-06-15 05:00:00,2023-06-15,5,3,0,summer,202,,,,
London,hour,2023-06-15 06:00:00,2023-06-15,6,3,0,summer,810,,,,
London,hour,2023-06-15 07:00:00,2023-06-15,7,3,0,summer,2270,,,,
London,hour,2023-06-15 08:00:00,2023-06-15,8,3,0,summer,3945,,,,
London,hour,2023-06-15 09:00:00,2023-06-15,9,3,0,summer,2157,,,,
London,hour,2023-06-15 10:00:00,2023-06-15,10,3,0,summer,1239,,,,
London,hour,2023-06-15 11:00:00,2023-06-15,11,3,0,summer,1166,,,,
London,hour,2023-06-15 12:00:00,2023-06-15,12,3,0,summer,1328,,,,
London,hour,2023-06-15 13:00:00,2023-06-15,13,3,0,summer,1369,,,,
London,hour,2023-06-15 14:00:00,2023-06-15,14,3,0,summer,1232,,,,
London,hour,2023-06-15 15:00:00,2023-06-15,15,3,0,summer,1498,,,,
London,hour,2023-06-15 16:00:00,2023-06-15,16,3,0,summer,2078,,,,
London,hour,2023-06-15 17:00:00,2023-06-15,17,3,0,summer,3625,,,,
London,hour,2023-06-15 18:00:00,2023-06-15,18,3,0,summer,3610,,,,
London,hour,2023-06-15 19:00:00,2023-06-15,19,3,0,summer,2348,,,,
London,hour,2023-06-15 20:00:00,2023-06-15,20,3,0,summer,1637,,,,
London,hour,2023-06-15 21:00:00,2023-06-15,21,3,0,summer,1269,,,,
London,hour,2023-06-15 22:00:00,2023-06-15,22,3,0,summer,969,,,,
London,hour,2023-06-15 23:00:00,2023-06-15,23,3,0,summer,632,,,,
London,hour,2023-06-16 00:00:00,2023-06-16,0,4,0,summer,330,,,,
London,hour,2023-06-16 01:00:00,2023-06-16,1,4,0,summer,150,,,,
London,hour,2023-06-16 02:00:00,2023-06-16,2,4,0,summer,79,,,,
London,hour,2023-06-16 03:00:00,2023-06-16,3,4,0,summer,73,,,,
London,hour,2023-06-16 04:00:00,2023-06-16,4,4,0,summer,77,,,,
London,hour,2023-06-16 05:00:00,2023-06-16,5,4,0,summer,164,,,,
London,hour,2023-06-16 06:00:00,2023-06-16,6,4,0,summer,632,,,,
London,hour,2023-06-16 07:00:00,2023-06-16,7,4,0,summer,1639,,,,
London,hour,2023-06-16 08:00:00,2023-06-16,8,4,0,summer,2633,,,,
London,hour,2023-06-16 09:00:00,2023-06-16,9,4,0,summer,1732,,,,
London,hour,2023-06-16 10:00:00,2023-06-16,10,4,0,summer,1265,,,,
London,hour,2023-06-16 11:00:00,2023-06-16,11,4,0,summer,1232,,,,
London,hour,2023-06-16 12:00:00,2023-06-16,12,4,0,summer,1508,,,,
London,hour,2023-06-16 13:00:00,2023-06-16,13,4,0,summer,1520,,,,
London,hour,2023-06-16 14:00:00,2023-06-16,14,4,0,summer,1403,,,,
London,hour,2023-06-16 15:00:00,2023-06-16,15,4,0,summer,1750,,,,
London,hour,2023-06-16 16:00:00,2023-06-16,16,4,0,summer,2218,,,,
London,hour,2023-06-16 17:00:00,2023-06-16,17,4,0,summer,3112,,,,
London,hour,2023-06-16 18:00:00,2023-06-16,18,4,0,summer,2940,,,,
London,hour,2023-06-16 19:00:00,2023-06-16,19,4,0,summer,2255,,,,
London,hour,2023-06-16 20:00:00,2023-06-16,20,4,0,summer,1532,,,,
London,hour,2023-06-16 21:00:00,2023-06-16,21,4,0,summer,1143,,,,
London,hour,2023-06-16 22:00:00,2023-06-16,22,4,0,summer,1017,,,,
London,hour,2023-06-16 23:00:00,2023-06-16,23,4,0,summer,810,,,,
London,hour,2023-06-17 00:00:00,2023-06-17,0,5,1,summer,568,,,,
London,hour,2023-06-17 01:00:00,2023-06-17,1,5,1,summer,342,,,,
London,hour,2023-06-17 02:00:00,2023-06-17,2,5,1,summer,220,,,,
London,hour,2023-06-17 03:00:00,2023-06-17,3,5,1,summer,146,,,,
London,hour,2023-06-17 04:00:00,2023-06-17,4,5,1,summer,119,,,,
London,hour,2023-06-17 05:00:00,2023-06-17,5,5,1,summer,113,,,,
London,hour,2023-06-17 06:00:00,2023-06-17,6,5,1,summer,205,,,,
London,hour,2023-06-17 07:00:00,2023-06-17,7,5,1,summer,422,,,,
London,hour,2023-06-17 08:00:00,2023-06-17,8,5,1,summer,772,,,,
London,hour,2023-06-17 09:00:00,2023-06-17,9,5,1,summer,1320,,,,
London,hour,2023-06-17 10:00:00,2023-06-17,10,5,1,summer,1614,,,,
London,hour,2023-06-17 11:00:00,2023-06-17,11,5,1,summer,1958,,,,
London,hour,2023-06-17 12:00:00,2023-06-17,12,5,1,summer,2068,,,,
London,hour,2023-06-17 13:00:00,2023-06-17,13,5,1,summer,2102,,,,
London,hour,2023-06-17 14:00:00,2023-06-17,14,5,1,summer,2090,,,,
London,hour,2023-06-17 15:00:00,2023-06-17,15,5,1,summer,2039,,,,
London,hour,2023-06-17 16:00:00,2023-06-17,16,5,1,summer,2216,,,,
London,hour,2023-06-17 17:00:00,2023-06-17,17,5,1,summer,2134,,,,
London,hour,2023-06-17 18:00:00,2023-06-17,18,5,1,summer,1994,,,,
London,hour,2023-06-17 19:00:00,2023-06-17,19,5,1,summer,1731,,,,
London,hour,2023-06-17 20:00:00,2023-06-17,20,5,1,summer,1373,,,,
London,hour,2023-06-17 21:00:00,2023-06-17,21,5,1,summer,990,,,,
London,hour,2023-06-17 22:00:00,2023-06-17,22,5,1,summer,758,,,,
London,hour,2023-06-17 23:00:00,2023-06-17,23,5,1,summer,631,,,,
London,hour,2023-06-18 00:00:00,2023-06-18,0,6,1,summer,545,,,,
London,hour,2023-06-18 01:00:00,2023-06-18,1,6,1,summer,411,,,,
London,hour,2023-06-18 02:00:00,2023-06-18,2,6,1,summer,190,,,,
London,hour,2023-06-18 03:00:00,2023-06-18,3,6,1,summer,154,,,,
London,hour,2023-06-18 04:00:00,2023-06-18,4,6,1,summer,75,,,,
London,hour,2023-06-18 05:00:00,2023-06-18,5,6,1,summer,63,,,,
London,hour,2023-06-18 06:00:00,2023-06-18,6,6,1,summer,143,,,,
London,hour,2023-06-18 07:00:00,2023-06-18,7,6,1,summer,275,,,,
London,hour,2023-06-18 08:00:00,2023-06-18,8,6,1,summer,535,,,,
London,hour,2023-06-18 09:00:00,2023-06-18,9,6,1,summer,958,,,,
London,hour,2023-06-18 10:00:00,2023-06-18,10,6,1,summer,1410,,,,
London,hour,2023-06-18 11:00:00,2023-06-18,11,6,1,summer,1718,,,,
London,hour,2023-06-18 12:00:00,2023-06-18,12,6,1,summer,2012,,,,
London,hour,2023-06-18 13:00:00,2023-06-18,13,6,1,summer,2073,,,,
London,hour,2023-06-18 14:00:00,2023-06-18,14,6,1,summer,1978,,,,
London,hour,2023-06-18 15:00:00,2023-06-18,15,6,1,summer,1781,,,,
London,hour,2023-06-18 16:00:00,2023-06-18,16,6,1,summer,1495,,,,
London,hour,2023-06-18 17:00:00,2023-06-18,17,6,1,summer,783,,,,
London,hour,2023-06-18 18:00:00,2023-06-18,18,6,1,summer,624,,,,
London,hour,2023-06-18 19:00:00,2023-06-18,19,6,1,summer,683,,,,
London,hour,2023-06-18 20:00:00,2023-06-18,20,6,1,summer,662,,,,
London,hour,2023-06-18 21:00:00,2023-06-18,21,6,1,summer,532,,,,
London,hour,2023-06-18 22:00:00,2023-06-18,22,6,1,summer,413,,,,
London,hour,2023-06-18 23:00:00,2023-06-18,23,6,1,summer,280,,,,
London,hour,2023-06-19 00:00:00,2023-06-19,0,0,0,summer,229,,,,
London,hour,2023-06-19 01:00:00,2023-06-19,1,0,0,summer,101,,,,
London,hour,2023-06-19 02:00:00,2023-06-19,2,0,0,summer,70,,,,
London,hour,2023-06-19 03:00:00,2023-06-19,3,0,0,summer,29,,,,
London,hour,2023-06-19 04:00:00,2023-06-19,4,0,0,summer,54,,,,
London,hour,2023-06-19 05:00:00,2023-06-19,5,0,0,summer,194,,,,
London,hour,2023-06-19 06:00:00,2023-06-19,6,0,0,summer,771,,,,
London,hour,2023-06-19 07:00:00,2023-06-19,7,0,0,summer,1900,,,,
London,hour,2023-06-19 08:00:00,2023-06-19,8,0,0,summer,3204,,,,
London,hour,2023-06-19 09:00:00,2023-06-19,9,0,0,summer,1773,,,,
London,hour,2023-06-19 10:00:00,2023-06-19,10,0,0,summer,1130,,,,
London,hour,2023-06-19 11:00:00,2023-06-19,11,0,0,summer,1149,,,,
London,hour,2023-06-19 12:00:00,2023-06-19,12,0,0,summer,1343,,,,
London,hour,2023-06-19 13:00:00,2023-06-19,13,0,0,summer,1301,,,,
London,hour,2023-06-19 14:00:00,2023-06-19,14,0,0,summer,1308,,,,
London,hour,2023-06-19 15:00:00,2023-06-19,15,0,0,summer,1527,,,,
London,hour,2023-06-19 16:00:00,2023-06-19,16,0,0,summer,2038,,,,
London,hour,2023-06-19 17:00:00,2023-06-19,17,0,0,summer,3465,,,,
London,hour,2023-06-19 18:00:00,2023-06-19,18,0,0,summer,3556,,,,
London,hour,2023-06-19 19:00:00,2023-06-19,19,0,0,summer,2372,,,,
London,hour,2023-06-19 20:00:00,2023-06-19,20,0,0,summer,1606,,,,
London,hour,2023-06-19 21:00:00,2023-06-19,21,0,0,summer,1062,,,,
London,hour,2023-06-19 22:00:00,2023-06-19,22,0,0,summer,730,,,,
London,hour,2023-06-19 23:00:00,2023-06-19,23,0,0,summer,407,,,,
London,hour,2023-06-20 00:00:00,2023-06-20,0,1,0,summer,169,,,,
London,hour,2023-06-20 01:00:00,2023-06-20,1,1,0,summer,100,,,,
London,hour,2023-06-20 02:00:00,2023-06-20,2,1,0,summer,59,,,,
London,hour,2023-06-20 03:00:00,2023-06-20,3,1,0,summer,54,,,,
London,hour,2023-06-20 04:00:00,2023-06-20,4,1,0,summer,54,,,,
London,hour,2023-06-20 05:00:00,2023-06-20,5,1,0,summer,195,,,,
London,hour,2023-06-20 06:00:00,2023-06-20,6,1,0,summer,515,,,,
London,hour,2023-06-20 07:00:00,2023-06-20,7,1,0,summer,697,,,,
London,hour,2023-06-20 08:00:00,2023-06-20,8,1,0,summer,2297,,,,
London,hour,2023-06-20 09:00:00,2023-06-20,9,1,0,summer,1841,,,,
London,hour,2023-06-20 10:00:00,2023-06-20,10,1,0,summer,1034,,,,
London,hour,2023-06-20 11:00:00,2023-06-20,11,1,0,summer,1023,,,,
London,hour,2023-06-20 12:00:00,2023-06-20,12,1,0,summer,1216,,,,
London,hour,2023-06-20 13:00:00,2023-06-20,13,1,0,summer,1271,,,,
London,hour,2023-06-20 14:00:00,2023-06-20,14,1,0,summer,1108,,,,
London,hour,2023-06-20 15:00:00,2023-06-20,15,1,0,summer,1381,,,,
London,hour,2023-06-20 16:00:00,2023-06-20,16,1,0,summer,1865,,,,
London,hour,2023-06-20 17:00:00,2023-06-20,17,1,0,summer,3512,,,,
London,hour,2023-06-20 18:00:00,2023-06-20,18,1,0,summer,3350,,,,
London,hour,2023-06-20 19:00:00,2023-06-20,19,1,0,summer,2241,,,,
London,hour,2023-06-20 20:00:00,2023-06-20,20,1,0,summer,1449,,,,
London,hour,2023-06-20 21:00:00,2023-06-20,21,1,0,summer,1154,,,,
London,hour,2023-06-20 22:00:00,2023-06-20,22,1,0,summer,754,,,,
London,hour,2023-06-20 23:00:00,2023-06-20,23,1,0,summer,456,,,,
London,hour,2023-06-21 00:00:00,2023-06-21,0,2,0,summer,159,,,,
London,hour,2023-06-21 01:00:00,2023-06-21,1,2,0,summer,98,,,,
London,hour,2023-06-21 02:00:00,2023-06-21,2,2,0,summer,45,,,,
London,hour,2023-06-21 03:00:00,2023-06-21,3,2,0,summer,43,,,,
London,hour,2023-06-21 04:00:00,2023-06-21,4,2,0,summer,62,,,,
London,hour,2023-06-21 05:00:00,2023-06-21,5,2,0,summer,198,,,,
London,hour,2023-06-21 06:00:00,2023-06-21,6,2,0,summer,830,,,,
London,hour,2023-06-21 07:00:00,2023-06-21,7,2,0,summer,2227,,,,
London,hour,2023-06-21 08:00:00,2023-06-21,8,2,0,summer,3919,,,,
London,hour,2023-06-21 09:00:00,2023-06-21,9,2,0,summer,2054,,,,
London,hour,2023-06-21 10:00:00,2023-06-21,10,2,0,summer,1238,,,,
London,hour,2023-06-21 11:00:00,2023-06-21,11,2,0,summer,1168,,,,
London,hour,2023-06-21 12:00:00,2023-06-21,12,2,0,summer,1428,,,,
London,hour,2023-06-21 13:00:00,2023-06-21,13,2,0,summer,1339,,,,
London,hour,2023-06-21 14:00:00,2023-06-21,14,2,0,summer,1293,,,,
London,hour,2023-06-21 15:00:00,2023-06-21,15,2,0,summer,1544,,,,
London,hour,2023-06-21 16:00:00,2023-06-21,16,2,0,summer,2171,,,,
London,hour,2023-06-21 17:00:00,2023-06-21,17,2,0,summer,3754,,,,
London,hour,2023-06-21 18:00:00,2023-06-21,18,2,0,summer,3882,,,,
London,hour,2023-06-21 19:00:00,2023-06-21,19,2,0,summer,2552,,,,
London,hour,2023-06-21 20:00:00,2023-06-21,20,2,0,summer,1642,,,,
London,hour,2023-06-21 21:00:00,2023-06-21,21,2,0,summer,1226,,,,
London,hour,2023-06-21 22:00:00,2023-06-21,22,2,0,summer,990,,,,
London,hour,2023-06-21 23:00:00,2023-06-21,23,2,0,summer,538,,,,
London,hour,2023-06-22 00:00:00,2023-06-22,0,3,0,summer,266,,,,
London,hour,2023-06-22 01:00:00,2023-06-22,1,3,0,summer,150,,,,
London,hour,2023-06-22 02:00:00,2023-06-22,2,3,0,summer,63,,,,
London,hour,2023-06-22 03:00:00,2023-06-22,3,3,0,summer,70,,,,
London,hour,2023-06-22 04:00:00,2023-06-22,4,3,0,summer,58,,,,
London,hour,2023-06-22 05:00:00,2023-06-22,5,3,0,summer,168,,,,
London,hour,2023-06-22 06:00:00,2023-06-22,6,3,0,summer,749,,,,
London,hour,2023-06-22 07:00:00,2023-06-22,7,3,0,summer,2208,,,,
London,hour,2023-06-22 08:00:00,2023-06-22,8,3,0,summer,3878,,,,
London,hour,2023-06-22 09:00:00,2023-06-22,9,3,0,summer,2138,,,,
London,hour,2023-06-22 10:00:00,2023-06-22,10,3,0,summer,1260,,,,
London,hour,2023-06-22 11:00:00,2023-06-22,11,3,0,summer,1242,,,,
London,hour,2023-06-22 12:00:00,2023-06-22,12,3,0,summer,1390,,,,
London,hour,2023-06-22 13:00:00,2023-06-22,13,3,0,summer,1391,,,,
London,hour,2023-06-22 14:00:00,2023-06-22,14,3,0,summer,1301,,,,
London,hour,2023-06-22 15:00:00,2023-06-22,15,3,0,summer,1431,,,,
London,hour,2023-06-22 16:00:00,2023-06-22,16,3,0,summer,2024,,,,
London,hour,2023-06-22 17:00:00,2023-06-22,17,3,0,summer,3643,,,,
London,hour,2023-06-22 18:00:00,2023-06-22,18,3,0,summer,3490,,,,
London,hour,2023-06-22 19:00:00,2023-06-22,19,3,0,summer,2110,,,,
London,hour,2023-06-22 20:00:00,2023-06-22,20,3,0,summer,1545,,,,
London,hour,2023-06-22 21:00:00,2023-06-22,21,3,0,summer,1229,,,,
London,hour,2023-06-22 22:00:00,2023-06-22,22,3,0,summer,975,,,,
London,hour,2023-06-22 23:00:00,2023-06-22,23,3,0,summer,635,,,,
London,hour,2023-06-23 00:00:00,2023-06-23,0,4,0,summer,350,,,,
London,hour,2023-06-23 01:00:00,2023-06-23,1,4,0,summer,195,,,,
London,hour,2023-06-23 02:00:00,2023-06-23,2,4,0,summer,101,,,,
London,hour,2023-06-23 03:00:00,2023-06-23,3,4,0,summer,69,,,,
London,hour,2023-06-23 04:00:00,2023-06-23,4,4,0,summer,64,,,,
London,hour,2023-06-23 05:00:00,2023-06-23,5,4,0,summer,167,,,,
London,hour,2023-06-23 06:00:00,2023-06-23,6,4,0,summer,646,,,,
London,hour,2023-06-23 07:00:00,2023-06-23,7,4,0,summer,1517,,,,
London,hour,2023-06-23 08:00:00,2023-06-23,8,4,0,summer,2583,,,,
London,hour,2023-06-23 09:00:00,2023-06-23,9,4,0,summer,1733,,,,
London,hour,2023-06-23 10:00:00,2023-06-23,10,4,0,summer,1238,,,,
London,hour,2023-06-23 11:00:00,2023-06-23,11,4,0,summer,1282,,,,
London,hour,2023-06-23 12:00:00,2023-06-23,12,4,0,summer,1551,,,,
London,hour,2023-06-23 13:00:00,2023-06-23,13,4,0,summer,1542,,,,
London,hour,2023-06-23 14:00:00,2023-06-23,14,4,0,summer,1548,,,,
London,hour,2023-06-23 15:00:00,2023-06-23,15,4,0,summer,1740,,,,
London,hour,2023-06-23 16:00:00,2023-06-23,16,4,0,summer,2147,,,,
London,hour,2023-06-23 17:00:00,2023-06-23,17,4,0,summer,3047,,,,
London,hour,2023-06-23 18:00:00,2023-06-23,18,4,0,summer,2931,,,,
London,hour,2023-06-23 19:00:00,2023-06-23,19,4,0,summer,2154,,,,
London,hour,2023-06-23 20:00:00,2023-06-23,20,4,0,summer,1596,,,,
London,hour,2023-06-23 21:00:00,2023-06-23,21,4,0,summer,1225,,,,
London,hour,2023-06-23 22:00:00,2023-06-23,22,4,0,summer,1108,,,,
London,hour,2023-06-23 23:00:00,2023-06-23,23,4,0,summer,853,,,,
London,hour,2023-06-24 00:00:00,2023-06-24,0,5,1,summer,491,,,,
London,hour,2023-06-24 01:00:00,2023-06-24,1,5,1,summer,366,,,,
London,hour,2023-06-24 02:00:00,2023-06-24,2,5,1,summer,231,,,,
London,hour,2023-06-24 03:00:00,2023-06-24,3,5,1,summer,174,,,,
London,hour,2023-06-24 04:00:00,2023-06-24,4,5,1,summer,99,,,,
London,hour,2023-06-24 05:00:00,2023-06-24,5,5,1,summer,119,,,,
London,hour,2023-06-24 06:00:00,2023-06-24,6,5,1,summer,194,,,,
London,hour,2023-06-24 07:00:00,2023-06-24,7,5,1,summer,393,,,,
London,hour,2023-06-24 08:00:00,2023-06-24,8,5,1,summer,844,,,,
London,hour,2023-06-24 09:00:00,2023-06-24,9,5,1,summer,1290,,,,
London,hour,2023-06-24 10:00:00,2023-06-24,10,5,1,summer,1495,,,,
London,hour,2023-06-24 11:00:00,2023-06-24,11,5,1,summer,1884,,,,
London,hour,2023-06-24 12:00:00,2023-06-24,12,5,1,summer,2107,,,,
London,hour,2023-06-24 13:00:00,2023-06-24,13,5,1,summer,2041,,,,
London,hour,2023-06-24 14:00:00,2023-06-24,14,5,1,summer,2026,,,,
London,hour,2023-06-24 15:00:00,2023-06-24,15,5,1,summer,2066,,,,
London,hour,2023-06-24 16:00:00,2023-06-24,16,5,1,summer,2085,,,,
London,hour,2023-06-24 17:00:00,2023-06-24,17,5,1,summer,2077,,,,
London,hour,2023-06-24 18:00:00,2023-06-24,18,5,1,summer,1925,,,,
London,hour,2023-06-24 19:00:00,2023-06-24,19,5,1,summer,1584,,,,
London,hour,2023-06-24 20:00:00,2023-06-24,20,5,1,summer,1319,,,,
London,hour,2023-06-24 21:00:00,2023-06-24,21,5,1,summer,1142,,,,
London,hour,2023-06-24 22:00:00,2023-06-24,22,5,1,summer,1021,,,,
London,hour,2023-06-24 23:00:00,2023-06-24,23,5,1,summer,863,,,,
London,hour,2023-06-25 00:00:00,2023-06-25,0,6,1,summer,601,,,,
London,hour,2023-06-25 01:00:00,2023-06-25,1,6,1,summer,477,,,,
London,hour,2023-06-25 02:00:00,2023-06-25,2,6,1,summer,259,,,,
London,hour,2023-06-25 03:00:00,2023-06-25,3,6,1,summer,173,,,,
London,hour,2023-06-25 04:00:00,2023-06-25,4,6,1,summer,116,,,,
London,hour,2023-06-25 05:00:00,2023-06-25,5,6,1,summer,123,,,,
London,hour,2023-06-25 06:00:00,2023-06-25,6,6,1,summer,199,,,,
London,hour,2023-06-25 07:00:00,2023-06-25,7,6,1,summer,318,,,,
London,hour,2023-06-25 08:00:00,2023-06-25,8,6,1,summer,604,,,,
London,hour,2023-06-25 09:00:00,2023-06-25,9,6,1,summer,1061,,,,
London,hour,2023-06-25 10:00:00,2023-06-25,10,6,1,summer,1544,,,,
London,hour,2023-06-25 11:00:00,2023-06-25,11,6,1,summer,1844,,,,
London,hour,2023-06-25 12:00:00,2023-06-25,12,6,1,summer,2133,,,,
London,hour,2023-06-25 13:00:00,2023-06-25,13,6,1,summer,2039,,,,
London,hour,2023-06-25 14:00:00,2023-06-25,14,6,1,summer,1993,,,,
London,hour,2023-06-25 15:00:00,2023-06-25,15,6,1,summer,1882,,,,
London,hour,2023-06-25 16:00:00,2023-06-25,16,6,1,summer,2026,,,,
London,hour,2023-06-25 17:00:00,2023-06-25,17,6,1,summer,2039,,,,
London,hour,2023-06-25 18:00:00,2023-06-25,18,6,1,summer,2051,,,,
London,hour,2023-06-25 19:00:00,2023-06-25,19,6,1,summer,1633,,,,
London,hour,2023-06-25 20:00:00,2023-06-25,20,6,1,summer,1320,,,,
London,hour,2023-06-25 21:00:00,2023-06-25,21,6,1,summer,861,,,,
London,hour,2023-06-25 22:00:00,2023-06-25,22,6,1,summer,708,,,,
London,hour,2023-06-25 23:00:00,2023-06-25,23,6,1,summer,417,,,,
London,hour,2023-06-26 00:00:00,2023-06-26,0,0,0,summer,212,,,,
London,hour,2023-06-26 01:00:00,2023-06-26,1,0,0,summer,105,,,,
London,hour,2023-06-26 02:00:00,2023-06-26,2,0,0,summer,74,,,,
London,hour,2023-06-26 03:00:00,2023-06-26,3,0,0,summer,44,,,,
London,hour,2023-06-26 04:00:00,2023-06-26,4,0,0,summer,68,,,,
London,hour,2023-06-26 05:00:00,2023-06-26,5,0,0,summer,192,,,,
London,hour,2023-06-26 06:00:00,2023-06-26,6,0,0,summer,718,,,,
London,hour,2023-06-26 07:00:00,2023-06-26,7,0,0,summer,2002,,,,
London,hour,2023-06-26 08:00:00,2023-06-26,8,0,0,summer,3245,,,,
London,hour,2023-06-26 09:00:00,2023-06-26,9,0,0,summer,1829,,,,
London,hour,2023-06-26 10:00:00,2023-06-26,10,0,0,summer,1114,,,,
London,hour,2023-06-26 11:00:00,2023-06-26,11,0,0,summer,1058,,,,
London,hour,2023-06-26 12:00:00,2023-06-26,12,0,0,summer,1250,,,,
London,hour,2023-06-26 13:00:00,2023-06-26,13,0,0,summer,1286,,,,
London,hour,2023-06-26 14:00:00,2023-06-26,14,0,0,summer,1269,,,,
London,hour,2023-06-26 15:00:00,2023-06-26,15,0,0,summer,1337,,,,
London,hour,2023-06-26 16:00:00,2023-06-26,16,0,0,summer,2012,,,,
London,hour,2023-06-26 17:00:00,2023-06-26,17,0,0,summer,3306,,,,
London,hour,2023-06-26 18:00:00,2023-06-26,18,0,0,summer,3363,,,,
London,hour,2023-06-26 19:00:00,2023-06-26,19,0,0,summer,2303,,,,
London,hour,2023-06-26 20:00:00,2023-06-26,20,0,0,summer,1579,,,,
London,hour,2023-06-26 21:00:00,2023-06-26,21,0,0,summer,1046,,,,
London,hour,2023-06-26 22:00:00,2023-06-26,22,0,0,summer,741,,,,
London,hour,2023-06-26 23:00:00,2023-06-26,23,0,0,summer,362,,,,
London,hour,2023-06-27 00:00:00,2023-06-27,0,1,0,summer,207,,,,
London,hour,2023-06-27 01:00:00,2023-06-27,1,1,0,summer,103,,,,
London,hour,2023-06-27 02:00:00,2023-06-27,2,1,0,summer,50,,,,
London,hour,2023-06-27 03:00:00,2023-06-27,3,1,0,summer,34,,,,
London,hour,2023-06-27 04:00:00,2023-06-27,4,1,0,summer,73,,,,
London,hour,2023-06-27 05:00:00,2023-06-27,5,1,0,summer,211,,,,
London,hour,2023-06-27 06:00:00,2023-06-27,6,1,0,summer,895,,,,
London,hour,2023-06-27 07:00:00,2023-06-27,7,1,0,summer,2353,,,,
London,hour,2023-06-27 08:00:00,2023-06-27,8,1,0,summer,3940,,,,
London,hour,2023-06-27 09:00:00,2023-06-27,9,1,0,summer,2071,,,,
London,hour,2023-06-27 10:00:00,2023-06-27,10,1,0,summer,1199,,,,
London,hour,2023-06-27 11:00:00,2023-06-27,11,1,0,summer,1093,,,,
London,hour,2023-06-27 12:00:00,2023-06-27,12,1,0,summer,1345,,,,
London,hour,2023-06-27 13:00:00,2023-06-27,13,1,0,summer,1330,,,,
London,hour,2023-06-27 14:00:00,2023-06-27,14,1,0,summer,1306,,,,
London,hour,2023-06-27 15:00:00,2023-06-27,15,1,0,summer,1473,,,,
London,hour,2023-06-27 16:00:00,2023-06-27,16,1,0,summer,2054,,,,
London,hour,2023-06-27 17:00:00,2023-06-27,17,1,0,summer,3621,,,,
London,hour,2023-06-27 18:00:00,2023-06-27,18,1,0,summer,3763,,,,
London,hour,2023-06-27 19:00:00,2023-06-27,19,1,0,summer,2338,,,,
London,hour,2023-06-27 20:00:00,2023-06-27,20,1,0,summer,1564,,,,
London,hour,2023-06-27 21:00:00,2023-06-27,21,1,0,summer,1081,,,,
London,hour,2023-06-27 22:00:00,2023-06-27,22,1,0,summer,783,,,,
London,hour,2023-06-27 23:00:00,2023-06-27,23,1,0,summer,424,,,,
London,hour,2023-06-28 00:00:00,2023-06-28,0,2,0,summer,235,,,,
London,hour,2023-06-28 01:00:00,2023-06-28,1,2,0,summer,115,,,,
London,hour,2023-06-28 02:00:00,2023-06-28,2,2,0,summer,57,,,,
London,hour,2023-06-28 03:00:00,2023-06-28,3,2,0,summer,48,,,,
London,hour,2023-06-28 04:00:00,2023-06-28,4,2,0,summer,69,,,,
London,hour,2023-06-28 05:00:00,2023-06-28,5,2,0,summer,215,,,,
London,hour,2023-06-28 06:00:00,2023-06-28,6,2,0,summer,858,,,,
London,hour,2023-06-28 07:00:00,2023-06-28,7,2,0,summer,2174,,,,
London,hour,2023-06-28 08:00:00,2023-06-28,8,2,0,summer,3962,,,,
London,hour,2023-06-28 09:00:00,2023-06-28,9,2,0,summer,2042,,,,
London,hour,2023-06-28 10:00:00,2023-06-28,10,2,0,summer,1197,,,,
London,hour,2023-06-28 11:00:00,2023-06-28,11,2,0,summer,1106,,,,
London,hour,2023-06-28 12:00:00,2023-06-28,12,2,0,summer,1236,,,,
London,hour,2023-06-28 13:00:00,2023-06-28,13,2,0,summer,1341,,,,
London,hour,2023-06-28 14:00:00,2023-06-28,14,2,0,summer,1309,,,,
London,hour,2023-06-28 15:00:00,2023-06-28,15,2,0,summer,1419,,,,
London,hour,2023-06-28 16:00:00,2023-06-28,16,2,0,summer,2008,,,,
London,hour,2023-06-28 17:00:00,2023-06-28,17,2,0,summer,3591,,,,
London,hour,2023-06-28 18:00:00,2023-06-28,18,2,0,summer,3780,,,,
London,hour,2023-06-28 19:00:00,2023-06-28,19,2,0,summer,2482,,,,
London,hour,2023-06-28 20:00:00,2023-06-28,20,2,0,summer,1609,,,,
London,hour,2023-06-28 21:00:00,2023-06-28,21,2,0,summer,1257,,,,
London,hour,2023-06-28 22:00:00,2023-06-28,22,2,0,summer,926,,,,
London,hour,2023-06-28 23:00:00,2023-06-28,23,2,0,summer,558,,,,
London,hour,2023-06-29 00:00:00,2023-06-29,0,3,0,summer,297,,,,
London,hour,2023-06-29 01:00:00,2023-06-29,1,3,0,summer,119,,,,
London,hour,2023-06-29 02:00:00,2023-06-29,2,3,0,summer,86,,,,
London,hour,2023-06-29 03:00:00,2023-06-29,3,3,0,summer,47,,,,
London,hour,2023-06-29 04:00:00,2023-06-29,4,3,0,summer,26,,,,
London,hour,2023-06-29 05:00:00,2023-06-29,5,3,0,summer,90,,,,
London,hour,2023-06-29 06:00:00,2023-06-29,6,3,0,summer,408,,,,
London,hour,2023-06-29 07:00:00,2023-06-29,7,3,0,summer,1085,,,,
London,hour,2023-06-29 08:00:00,2023-06-29,8,3,0,summer,2294,,,,
London,hour,2023-06-29 09:00:00,2023-06-29,9,3,0,summer,1604,,,,
London,hour,2023-06-29 10:00:00,2023-06-29,10,3,0,summer,1039,,,,
London,hour,2023-06-29 11:00:00,2023-06-29,11,3,0,summer,1103,,,,
London,hour,2023-06-29 12:00:00,2023-06-29,12,3,0,summer,1288,,,,
London,hour,2023-06-29 13:00:00,2023-06-29,13,3,0,summer,1384,,,,
London,hour,2023-06-29 14:00:00,2023-06-29,14,3,0,summer,1404,,,,
London,hour,2023-06-29 15:00:00,2023-06-29,15,3,0,summer,1570,,,,
London,hour,2023-06-29 16:00:00,2023-06-29,16,3,0,summer,1994,,,,
London,hour,2023-06-29 17:00:00,2023-06-29,17,3,0,summer,3422,,,,
London,hour,2023-06-29 18:00:00,2023-06-29,18,3,0,summer,3559,,,,
London,hour,2023-06-29 19:00:00,2023-06-29,19,3,0,summer,2292,,,,
London,hour,2023-06-29 20:00:00,2023-06-29,20,3,0,summer,1606,,,,
London,hour,2023-06-29 21:00:00,2023-06-29,21,3,0,summer,1177,,,,
London,hour,2023-06-29 22:00:00,2023-06-29,22,3,0,summer,1006,,,,
London,hour,2023-06-29 23:00:00,2023-06-29,23,3,0,summer,593,,,,
London,hour,2023-06-30 00:00:00,2023-06-30,0,4,0,summer,316,,,,
London,hour,2023-06-30 01:00:00,2023-06-30,1,4,0,summer,183,,,,
London,hour,2023-06-30 02:00:00,2023-06-30,2,4,0,summer,127,,,,
London,hour,2023-06-30 03:00:00,2023-06-30,3,4,0,summer,63,,,,
London,hour,2023-06-30 04:00:00,2023-06-30,4,4,0,summer,68,,,,
London,hour,2023-06-30 05:00:00,2023-06-30,5,4,0,summer,147,,,,
London,hour,2023-06-30 06:00:00,2023-06-30,6,4,0,summer,643,,,,
London,hour,2023-06-30 07:00:00,2023-06-30,7,4,0,summer,1557,,,,
London,hour,2023-06-30 08:00:00,2023-06-30,8,4,0,summer,2616,,,,
London,hour,2023-06-30 09:00:00,2023-06-30,9,4,0,summer,1853,,,,
London,hour,2023-06-30 10:00:00,2023-06-30,10,4,0,summer,1206,,,,
London,hour,2023-06-30 11:00:00,2023-06-30,11,4,0,summer,1250,,,,
London,hour,2023-06-30 12:00:00,2023-06-30,12,4,0,summer,1441,,,,
London,hour,2023-06-30 13:00:00,2023-06-30,13,4,0,summer,1484,,,,
London,hour,2023-06-30 14:00:00,2023-06-30,14,4,0,summer,1334,,,,
London,hour,2023-06-30 15:00:00,2023-06-30,15,4,0,summer,1456,,,,
London,hour,2023-06-30 16:00:00,2023-06-30,16,4,0,summer,1880,,,,
London,hour,2023-06-30 17:00:00,2023-06-30,17,4,0,summer,2606,,,,
London,hour,2023-06-30 18:00:00,2023-06-30,18,4,0,summer,2314,,,,
London,hour,2023-06-30 19:00:00,2023-06-30,19,4,0,summer,1667,,,,
London,hour,2023-06-30 20:00:00,2023-06-30,20,4,0,summer,1128,,,,
London,hour,2023-06-30 21:00:00,2023-06-30,21,4,0,summer,846,,,,
London,hour,2023-06-30 22:00:00,2023-06-30,22,4,0,summer,832,,,,
London,hour,2023-06-30 23:00:00,2023-06-30,23,4,0,summer,758,,,,
London,hour,2023-07-01 00:00:00,2023-07-01,0,5,1,summer,278,,,,
London,hour,2023-07-01 01:00:00,2023-07-01,1,5,1,summer,194,,,,
London,hour,2023-07-01 02:00:00,2023-07-01,2,5,1,summer,129,,,,
London,hour,2023-07-01 03:00:00,2023-07-01,3,5,1,summer,86,,,,
London,hour,2023-07-01 04:00:00,2023-07-01,4,5,1,summer,60,,,,
London,hour,2023-07-01 05:00:00,2023-07-01,5,5,1,summer,48,,,,
London,hour,2023-07-01 06:00:00,2023-07-01,6,5,1,summer,83,,,,
London,hour,2023-07-01 07:00:00,2023-07-01,7,5,1,summer,225,,,,
London,hour,2023-07-01 08:00:00,2023-07-01,8,5,1,summer,450,,,,
London,hour,2023-07-01 09:00:00,2023-07-01,9,5,1,summer,599,,,,
London,hour,2023-07-01 10:00:00,2023-07-01,10,5,1,summer,776,,,,
London,hour,2023-07-01 11:00:00,2023-07-01,11,5,1,summer,1019,,,,
London,hour,2023-07-01 12:00:00,2023-07-01,12,5,1,summer,1102,,,,
London,hour,2023-07-01 13:00:00,2023-07-01,13,5,1,summer,1082,,,,
London,hour,2023-07-01 14:00:00,2023-07-01,14,5,1,summer,961,,,,
London,hour,2023-07-01 15:00:00,2023-07-01,15,5,1,summer,975,,,,
London,hour,2023-07-01 16:00:00,2023-07-01,16,5,1,summer,739,,,,
London,hour,2023-07-01 17:00:00,2023-07-01,17,5,1,summer,682,,,,
London,hour,2023-07-01 18:00:00,2023-07-01,18,5,1,summer,580,,,,
London,hour,2023-07-01 19:00:00,2023-07-01,19,5,1,summer,583,,,,
London,hour,2023-07-01 20:00:00,2023-07-01,20,5,1,summer,433,,,,
London,hour,2023-07-01 21:00:00,2023-07-01,21,5,1,summer,372,,,,
London,hour,2023-07-01 22:00:00,2023-07-01,22,5,1,summer,320,,,,
London,hour,2023-07-01 23:00:00,2023-07-01,23,5,1,summer,301,,,,
London,hour,2023-07-03 00:00:00,2023-07-03,0,0,0,summer,101,,,,
London,hour,2023-07-03 01:00:00,2023-07-03,1,0,0,summer,41,,,,
London,hour,2023-07-03 02:00:00,2023-07-03,2,0,0,summer,21,,,,
London,hour,2023-07-03 03:00:00,2023-07-03,3,0,0,summer,20,,,,
London,hour,2023-07-03 04:00:00,2023-07-03,4,0,0,summer,37,,,,
London,hour,2023-07-03 05:00:00,2023-07-03,5,0,0,summer,130,,,,
London,hour,2023-07-03 06:00:00,2023-07-03,6,0,0,summer,607,,,,
London,hour,2023-07-03 07:00:00,2023-07-03,7,0,0,summer,1763,,,,
London,hour,2023-07-03 08:00:00,2023-07-03,8,0,0,summer,3071,,,,
London,hour,2023-07-03 09:00:00,2023-07-03,9,0,0,summer,1574,,,,
London,hour,2023-07-03 10:00:00,2023-07-03,10,0,0,summer,796,,,,
London,hour,2023-07-03 11:00:00,2023-07-03,11,0,0,summer,749,,,,
London,hour,2023-07-03 12:00:00,2023-07-03,12,0,0,summer,848,,,,
London,hour,2023-07-03 13:00:00,2023-07-03,13,0,0,summer,775,,,,
London,hour,2023-07-03 14:00:00,2023-07-03,14,0,0,summer,663,,,,
London,hour,2023-07-03 15:00:00,2023-07-03,15,0,0,summer,865,,,,
London,hour,2023-07-03 16:00:00,2023-07-03,16,0,0,summer,1341,,,,
London,hour,2023-07-03 17:00:00,2023-07-03,17,0,0,summer,2603,,,,
London,hour,2023-07-03 18:00:00,2023-07-03,18,0,0,summer,2630,,,,
London,hour,2023-07-03 19:00:00,2023-07-03,19,0,0,summer,1590,,,,
London,hour,2023-07-03 20:00:00,2023-07-03,20,0,0,summer,984,,,,
London,hour,2023-07-03 21:00:00,2023-07-03,21,0,0,summer,675,,,,
London,hour,2023-07-03 22:00:00,2023-07-03,22,0,0,summer,512,,,,
London,hour,2023-07-03 23:00:00,2023-07-03,23,0,0,summer,263,,,,
London,hour,2023-07-04 00:00:00,2023-07-04,0,1,0,summer,534,,,,
London,hour,2023-07-04 01:00:00,2023-07-04,1,1,0,summer,396,,,,
London,hour,2023-07-04 02:00:00,2023-07-04,2,1,0,summer,210,,,,
London,hour,2023-07-04 03:00:00,2023-07-04,3,1,0,summer,232,,,,
London,hour,2023-07-04 04:00:00,2023-07-04,4,1,0,summer,172,,,,
London,hour,2023-07-04 05:00:00,2023-07-04,5,1,0,summer,186,,,,
London,hour,2023-07-04 06:00:00,2023-07-04,6,1,0,summer,276,,,,
London,hour,2023-07-04 07:00:00,2023-07-04,7,1,0,summer,674,,,,
London,hour,2023-07-04 08:00:00,2023-07-04,8,1,0,summer,916,,,,
London,hour,2023-07-04 09:00:00,2023-07-04,9,1,0,summer,1686,,,,
London,hour,2023-07-04 10:00:00,2023-07-04,10,1,0,summer,2426,,,,
London,hour,2023-07-04 11:00:00,2023-07-04,11,1,0,summer,2814,,,,
London,hour,2023-07-04 12:00:00,2023-07-04,12,1,0,summer,3452,,,,
London,hour,2023-07-04 13:00:00,2023-07-04,13,1,0,summer,3452,,,,
London,hour,2023-07-04 14:00:00,2023-07-04,14,1,0,summer,3654,,,,
London,hour,2023-07-04 15:00:00,2023-07-04,15,1,0,summer,3562,,,,
London,hour,2023-07-04 16:00:00,2023-07-04,16,1,0,summer,3648,,,,
London,hour,2023-07-04 17:00:00,2023-07-04,17,1,0,summer,3352,,,,
London,hour,2023-07-04 18:00:00,2023-07-04,18,1,0,summer,3090,,,,
London,hour,2023-07-04 19:00:00,2023-07-04,19,1,0,summer,2312,,,,
London,hour,2023-07-04 20:00:00,2023-07-04,20,1,0,summer,1328,,,,
London,hour,2023-07-04 21:00:00,2023-07-04,21,1,0,summer,1052,,,,
London,hour,2023-07-04 22:00:00,2023-07-04,22,1,0,summer,880,,,,
London,hour,2023-07-04 23:00:00,2023-07-04,23,1,0,summer,698,,,,
London,hour,2023-07-05 00:00:00,2023-07-05,0,2,0,summer,340,,,,
London,hour,2023-07-05 01:00:00,2023-07-05,1,2,0,summer,244,,,,
London,hour,2023-07-05 02:00:00,2023-07-05,2,2,0,summer,178,,,,
London,hour,2023-07-05 03:00:00,2023-07-05,3,2,0,summer,122,,,,
London,hour,2023-07-05 04:00:00,2023-07-05,4,2,0,summer,96,,,,
London,hour,2023-07-05 05:00:00,2023-07-05,5,2,0,summer,65,,,,
London,hour,2023-07-05 06:00:00,2023-07-05,6,2,0,summer,101,,,,
London,hour,2023-07-05 07:00:00,2023-07-05,7,2,0,summer,212,,,,
London,hour,2023-07-05 08:00:00,2023-07-05,8,2,0,summer,443,,,,
London,hour,2023-07-05 09:00:00,2023-07-05,9,2,0,summer,811,,,,
London,hour,2023-07-05 10:00:00,2023-07-05,10,2,0,summer,1198,,,,
London,hour,2023-07-05 11:00:00,2023-07-05,11,2,0,summer,1421,,,,
London,hour,2023-07-05 12:00:00,2023-07-05,12,2,0,summer,1687,,,,
London,hour,2023-07-05 13:00:00,2023-07-05,13,2,0,summer,2015,,,,
London,hour,2023-07-05 14:00:00,2023-07-05,14,2,0,summer,1999,,,,
London,hour,2023-07-05 15:00:00,2023-07-05,15,2,0,summer,2074,,,,
London,hour,2023-07-05 16:00:00,2023-07-05,16,2,0,summer,2106,,,,
London,hour,2023-07-05 17:00:00,2023-07-05,17,2,0,summer,2112,,,,
London,hour,2023-07-05 18:00:00,2023-07-05,18,2,0,summer,2025,,,,
London,hour,2023-07-05 19:00:00,2023-07-05,19,2,0,summer,1623,,,,
London,hour,2023-07-05 20:00:00,2023-07-05,20,2,0,summer,1195,,,,
London,hour,2023-07-05 21:00:00,2023-07-05,21,2,0,summer,798,,,,
London,hour,2023-07-05 22:00:00,2023-07-05,22,2,0,summer,756,,,,
London,hour,2023-07-05 23:00:00,2023-07-05,23,2,0,summer,493,,,,
London,hour,2023-07-06 00:00:00,2023-07-06,0,3,0,summer,153,,,,
London,hour,2023-07-06 01:00:00,2023-07-06,1,3,0,summer,71,,,,
London,hour,2023-07-06 02:00:00,2023-07-06,2,3,0,summer,66,,,,
London,hour,2023-07-06 03:00:00,2023-07-06,3,3,0,summer,37,,,,
London,hour,2023-07-06 04:00:00,2023-07-06,4,3,0,summer,60,,,,
London,hour,2023-07-06 05:00:00,2023-07-06,5,3,0,summer,190,,,,
London,hour,2023-07-06 06:00:00,2023-07-06,6,3,0,summer,793,,,,
London,hour,2023-07-06 07:00:00,2023-07-06,7,3,0,summer,2180,,,,
London,hour,2023-07-06 08:00:00,2023-07-06,8,3,0,summer,3694,,,,
London,hour,2023-07-06 09:00:00,2023-07-06,9,3,0,summer,1966,,,,
London,hour,2023-07-06 10:00:00,2023-07-06,10,3,0,summer,1050,,,,
London,hour,2023-07-06 11:00:00,2023-07-06,11,3,0,summer,1011,,,,
London,hour,2023-07-06 12:00:00,2023-07-06,12,3,0,summer,1214,,,,
London,hour,2023-07-06 13:00:00,2023-07-06,13,3,0,summer,1266,,,,
London,hour,2023-07-06 14:00:00,2023-07-06,14,3,0,summer,1281,,,,
London,hour,2023-07-06 15:00:00,2023-07-06,15,3,0,summer,1424,,,,
London,hour,2023-07-06 16:00:00,2023-07-06,16,3,0,summer,1973,,,,
London,hour,2023-07-06 17:00:00,2023-07-06,17,3,0,summer,3552,,,,
London,hour,2023-07-06 18:00:00,2023-07-06,18,3,0,summer,3619,,,,
London,hour,2023-07-06 19:00:00,2023-07-06,19,3,0,summer,2214,,,,
London,hour,2023-07-06 20:00:00,2023-07-06,20,3,0,summer,1478,,,,
London,hour,2023-07-06 21:00:00,2023-07-06,21,3,0,summer,967,,,,
London,hour,2023-07-06 22:00:00,2023-07-06,22,3,0,summer,735,,,,
London,hour,2023-07-06 23:00:00,2023-07-06,23,3,0,summer,391,,,,
London,hour,2023-07-07 00:00:00,2023-07-07,0,4,0,summer,310,,,,
London,hour,2023-07-07 01:00:00,2023-07-07,1,4,0,summer,211,,,,
London,hour,2023-07-07 02:00:00,2023-07-07,2,4,0,summer,126,,,,
London,hour,2023-07-07 03:00:00,2023-07-07,3,4,0,summer,56,,,,
London,hour,2023-07-07 04:00:00,2023-07-07,4,4,0,summer,72,,,,
London,hour,2023-07-07 05:00:00,2023-07-07,5,4,0,summer,152,,,,
London,hour,2023-07-07 06:00:00,2023-07-07,6,4,0,summer,614,,,,
London,hour,2023-07-07 07:00:00,2023-07-07,7,4,0,summer,1521,,,,
London,hour,2023-07-07 08:00:00,2023-07-07,8,4,0,summer,2512,,,,
London,hour,2023-07-07 09:00:00,2023-07-07,9,4,0,summer,1780,,,,
London,hour,2023-07-07 10:00:00,2023-07-07,10,4,0,summer,1168,,,,
London,hour,2023-07-07 11:00:00,2023-07-07,11,4,0,summer,1237,,,,
London,hour,2023-07-07 12:00:00,2023-07-07,12,4,0,summer,1570,,,,
London,hour,2023-07-07 13:00:00,2023-07-07,13,4,0,summer,1582,,,,
London,hour,2023-07-07 14:00:00,2023-07-07,14,4,0,summer,1564,,,,
London,hour,2023-07-07 15:00:00,2023-07-07,15,4,0,summer,1603,,,,
London,hour,2023-07-07 16:00:00,2023-07-07,16,4,0,summer,2220,,,,
London,hour,2023-07-07 17:00:00,2023-07-07,17,4,0,summer,2821,,,,
London,hour,2023-07-07 18:00:00,2023-07-07,18,4,0,summer,2870,,,,
London,hour,2023-07-07 19:00:00,2023-07-07,19,4,0,summer,2209,,,,
London,hour,2023-07-07 20:00:00,2023-07-07,20,4,0,summer,1531,,,,
London,hour,2023-07-07 21:00:00,2023-07-07,21,4,0,summer,1202,,,,
London,hour,2023-07-07 22:00:00,2023-07-07,22,4,0,summer,1131,,,,
London,hour,2023-07-07 23:00:00,2023-07-07,23,4,0,summer,856,,,,
London,hour,2023-07-08 00:00:00,2023-07-08,0,5,1,summer,812,,,,
London,hour,2023-07-08 01:00:00,2023-07-08,1,5,1,summer,469,,,,
London,hour,2023-07-08 02:00:00,2023-07-08,2,5,1,summer,311,,,,
London,hour,2023-07-08 03:00:00,2023-07-08,3,5,1,summer,219,,,,
London,hour,2023-07-08 04:00:00,2023-07-08,4,5,1,summer,191,,,,
London,hour,2023-07-08 05:00:00,2023-07-08,5,5,1,summer,275,,,,
London,hour,2023-07-08 06:00:00,2023-07-08,6,5,1,summer,798,,,,
London,hour,2023-07-08 07:00:00,2023-07-08,7,5,1,summer,1964,,,,
London,hour,2023-07-08 08:00:00,2023-07-08,8,5,1,summer,1937,,,,
London,hour,2023-07-08 09:00:00,2023-07-08,9,5,1,summer,1142,,,,
London,hour,2023-07-08 10:00:00,2023-07-08,10,5,1,summer,1461,,,,
London,hour,2023-07-08 11:00:00,2023-07-08,11,5,1,summer,1775,,,,
London,hour,2023-07-08 12:00:00,2023-07-08,12,5,1,summer,1234,,,,
London,hour,2023-07-08 13:00:00,2023-07-08,13,5,1,summer,771,,,,
London,hour,2023-07-08 14:00:00,2023-07-08,14,5,1,summer,793,,,,
London,hour,2023-07-08 15:00:00,2023-07-08,15,5,1,summer,1513,,,,
London,hour,2023-07-08 16:00:00,2023-07-08,16,5,1,summer,1632,,,,
London,hour,2023-07-08 17:00:00,2023-07-08,17,5,1,summer,1878,,,,
London,hour,2023-07-08 18:00:00,2023-07-08,18,5,1,summer,1664,,,,
London,hour,2023-07-08 19:00:00,2023-07-08,19,5,1,summer,1314,,,,
London,hour,2023-07-08 20:00:00,2023-07-08,20,5,1,summer,755,,,,
London,hour,2023-07-08 21:00:00,2023-07-08,21,5,1,summer,693,,,,
London,hour,2023-07-08 22:00:00,2023-07-08,22,5,1,summer,920,,,,
London,hour,2023-07-08 23:00:00,2023-07-08,23,5,1,summer,648,,,,
London,hour,2023-07-09 00:00:00,2023-07-09,0,6,1,summer,726,,,,
London,hour,2023-07-09 01:00:00,2023-07-09,1,6,1,summer,523,,,,
London,hour,2023-07-09 02:00:00,2023-07-09,2,6,1,summer,323,,,,
London,hour,2023-07-09 03:00:00,2023-07-09,3,6,1,summer,201,,,,
London,hour,2023-07-09 04:00:00,2023-07-09,4,6,1,summer,173,,,,
London,hour,2023-07-09 05:00:00,2023-07-09,5,6,1,summer,274,,,,
London,hour,2023-07-09 06:00:00,2023-07-09,6,6,1,summer,921,,,,
London,hour,2023-07-09 07:00:00,2023-07-09,7,6,1,summer,2560,,,,
London,hour,2023-07-09 08:00:00,2023-07-09,8,6,1,summer,4617,,,,
London,hour,2023-07-09 09:00:00,2023-07-09,9,6,1,summer,3073,,,,
London,hour,2023-07-09 10:00:00,2023-07-09,10,6,1,summer,2417,,,,
London,hour,2023-07-09 11:00:00,2023-07-09,11,6,1,summer,2824,,,,
London,hour,2023-07-09 12:00:00,2023-07-09,12,6,1,summer,3204,,,,
London,hour,2023-07-09 13:00:00,2023-07-09,13,6,1,summer,3359,,,,
London,hour,2023-07-09 14:00:00,2023-07-09,14,6,1,summer,3302,,,,
London,hour,2023-07-09 15:00:00,2023-07-09,15,6,1,summer,3497,,,,
London,hour,2023-07-09 16:00:00,2023-07-09,16,6,1,summer,3959,,,,
London,hour,2023-07-09 17:00:00,2023-07-09,17,6,1,summer,5474,,,,
London,hour,2023-07-09 18:00:00,2023-07-09,18,6,1,summer,5482,,,,
London,hour,2023-07-09 19:00:00,2023-07-09,19,6,1,summer,3880,,,,
London,hour,2023-07-09 20:00:00,2023-07-09,20,6,1,summer,2735,,,,
London,hour,2023-07-09 21:00:00,2023-07-09,21,6,1,summer,1886,,,,
London,hour,2023-07-09 22:00:00,2023-07-09,22,6,1,summer,1554,,,,
London,hour,2023-07-09 23:00:00,2023-07-09,23,6,1,summer,1096,,,,
London,hour,2023-07-10 00:00:00,2023-07-10,0,0,0,summer,706,,,,
London,hour,2023-07-10 01:00:00,2023-07-10,1,0,0,summer,513,,,,
London,hour,2023-07-10 02:00:00,2023-07-10,2,0,0,summer,360,,,,
London,hour,2023-07-10 03:00:00,2023-07-10,3,0,0,summer,230,,,,
London,hour,2023-07-10 04:00:00,2023-07-10,4,0,0,summer,175,,,,
London,hour,2023-07-10 05:00:00,2023-07-10,5,0,0,summer,258,,,,
London,hour,2023-07-10 06:00:00,2023-07-10,6,0,0,summer,845,,,,
London,hour,2023-07-10 07:00:00,2023-07-10,7,0,0,summer,2261,,,,
London,hour,2023-07-10 08:00:00,2023-07-10,8,0,0,summer,4055,,,,
London,hour,2023-07-10 09:00:00,2023-07-10,9,0,0,summer,3033,,,,
London,hour,2023-07-10 10:00:00,2023-07-10,10,0,0,summer,2700,,,,
London,hour,2023-07-10 11:00:00,2023-07-10,11,0,0,summer,3081,,,,
London,hour,2023-07-10 12:00:00,2023-07-10,12,0,0,summer,3528,,,,
London,hour,2023-07-10 13:00:00,2023-07-10,13,0,0,summer,3697,,,,
London,hour,2023-07-10 14:00:00,2023-07-10,14,0,0,summer,3521,,,,
London,hour,2023-07-10 15:00:00,2023-07-10,15,0,0,summer,3719,,,,
London,hour,2023-07-10 16:00:00,2023-07-10,16,0,0,summer,4404,,,,
London,hour,2023-07-10 17:00:00,2023-07-10,17,0,0,summer,5810,,,,
London,hour,2023-07-10 18:00:00,2023-07-10,18,0,0,summer,5379,,,,
London,hour,2023-07-10 19:00:00,2023-07-10,19,0,0,summer,3665,,,,
London,hour,2023-07-10 20:00:00,2023-07-10,20,0,0,summer,2450,,,,
London,hour,2023-07-10 21:00:00,2023-07-10,21,0,0,summer,1701,,,,
London,hour,2023-07-10 22:00:00,2023-07-10,22,0,0,summer,1084,,,,
London,hour,2023-07-10 23:00:00,2023-07-10,23,0,0,summer,390,,,,
London,hour,2023-07-11 00:00:00,2023-07-11,0,1,0,summer,151,,,,
London,hour,2023-07-11 01:00:00,2023-07-11,1,1,0,summer,101,,,,
London,hour,2023-07-11 02:00:00,2023-07-11,2,1,0,summer,67,,,,
London,hour,2023-07-11 03:00:00,2023-07-11,3,1,0,summer,32,,,,
London,hour,2023-07-11 04:00:00,2023-07-11,4,1,0,summer,51,,,,
London,hour,2023-07-11 05:00:00,2023-07-11,5,1,0,summer,167,,,,
London,hour,2023-07-11 06:00:00,2023-07-11,6,1,0,summer,785,,,,
London,hour,2023-07-11 07:00:00,2023-07-11,7,1,0,summer,2179,,,,
London,hour,2023-07-11 08:00:00,2023-07-11,8,1,0,summer,3800,,,,
London,hour,2023-07-11 09:00:00,2023-07-11,9,1,0,summer,2062,,,,
London,hour,2023-07-11 10:00:00,2023-07-11,10,1,0,summer,1184,,,,
London,hour,2023-07-11 11:00:00,2023-07-11,11,1,0,summer,1145,,,,
London,hour,2023-07-11 12:00:00,2023-07-11,12,1,0,summer,1270,,,,
London,hour,2023-07-11 13:00:00,2023-07-11,13,1,0,summer,1215,,,,
London,hour,2023-07-11 14:00:00,2023-07-11,14,1,0,summer,1137,,,,
London,hour,2023-07-11 15:00:00,2023-07-11,15,1,0,summer,1107,,,,
London,hour,2023-07-11 16:00:00,2023-07-11,16,1,0,summer,1674,,,,
London,hour,2023-07-11 17:00:00,2023-07-11,17,1,0,summer,3506,,,,
London,hour,2023-07-11 18:00:00,2023-07-11,18,1,0,summer,3557,,,,
London,hour,2023-07-11 19:00:00,2023-07-11,19,1,0,summer,2253,,,,
London,hour,2023-07-11 20:00:00,2023-07-11,20,1,0,summer,1518,,,,
London,hour,2023-07-11 21:00:00,2023-07-11,21,1,0,summer,1096,,,,
London,hour,2023-07-11 22:00:00,2023-07-11,22,1,0,summer,833,,,,
London,hour,2023-07-11 23:00:00,2023-07-11,23,1,0,summer,443,,,,
London,hour,2023-07-12 00:00:00,2023-07-12,0,2,0,summer,207,,,,
London,hour,2023-07-12 01:00:00,2023-07-12,1,2,0,summer,95,,,,
London,hour,2023-07-12 02:00:00,2023-07-12,2,2,0,summer,52,,,,
London,hour,2023-07-12 03:00:00,2023-07-12,3,2,0,summer,33,,,,
London,hour,2023-07-12 04:00:00,2023-07-12,4,2,0,summer,60,,,,
London,hour,2023-07-12 05:00:00,2023-07-12,5,2,0,summer,179,,,,
London,hour,2023-07-12 06:00:00,2023-07-12,6,2,0,summer,818,,,,
London,hour,2023-07-12 07:00:00,2023-07-12,7,2,0,summer,2152,,,,
London,hour,2023-07-12 08:00:00,2023-07-12,8,2,0,summer,3806,,,,
London,hour,2023-07-12 09:00:00,2023-07-12,9,2,0,summer,2013,,,,
London,hour,2023-07-12 10:00:00,2023-07-12,10,2,0,summer,1169,,,,
London,hour,2023-07-12 11:00:00,2023-07-12,11,2,0,summer,1124,,,,
London,hour,2023-07-12 12:00:00,2023-07-12,12,2,0,summer,1321,,,,
London,hour,2023-07-12 13:00:00,2023-07-12,13,2,0,summer,1250,,,,
London,hour,2023-07-12 14:00:00,2023-07-12,14,2,0,summer,1153,,,,
London,hour,2023-07-12 15:00:00,2023-07-12,15,2,0,summer,1237,,,,
London,hour,2023-07-12 16:00:00,2023-07-12,16,2,0,summer,1853,,,,
London,hour,2023-07-12 17:00:00,2023-07-12,17,2,0,summer,3464,,,,
London,hour,2023-07-12 18:00:00,2023-07-12,18,2,0,summer,3569,,,,
London,hour,2023-07-12 19:00:00,2023-07-12,19,2,0,summer,2292,,,,
London,hour,2023-07-12 20:00:00,2023-07-12,20,2,0,summer,1593,,,,
London,hour,2023-07-12 21:00:00,2023-07-12,21,2,0,summer,1152,,,,
London,hour,2023-07-12 22:00:00,2023-07-12,22,2,0,summer,917,,,,
London,hour,2023-07-12 23:00:00,2023-07-12,23,2,0,summer,493,,,,
London,hour,2023-07-13 00:00:00,2023-07-13,0,3,0,summer,236,,,,
London,hour,2023-07-13 01:00:00,2023-07-13,1,3,0,summer,103,,,,
London,hour,2023-07-13 02:00:00,2023-07-13,2,3,0,summer,74,,,,
London,hour,2023-07-13 03:00:00,2023-07-13,3,3,0,summer,35,,,,
London,hour,2023-07-13 04:00:00,2023-07-13,4,3,0,summer,67,,,,
London,hour,2023-07-13 05:00:00,2023-07-13,5,3,0,summer,166,,,,
London,hour,2023-07-13 06:00:00,2023-07-13,6,3,0,summer,825,,,,
London,hour,2023-07-13 07:00:00,2023-07-13,7,3,0,summer,1997,,,,
London,hour,2023-07-13 08:00:00,2023-07-13,8,3,0,summer,3783,,,,
London,hour,2023-07-13 09:00:00,2023-07-13,9,3,0,summer,2025,,,,
London,hour,2023-07-13 10:00:00,2023-07-13,10,3,0,summer,1174,,,,
London,hour,2023-07-13 11:00:00,2023-07-13,11,3,0,summer,1103,,,,
London,hour,2023-07-13 12:00:00,2023-07-13,12,3,0,summer,1220,,,,
London,hour,2023-07-13 13:00:00,2023-07-13,13,3,0,summer,1278,,,,
London,hour,2023-07-13 14:00:00,2023-07-13,14,3,0,summer,1239,,,,
London,hour,2023-07-13 15:00:00,2023-07-13,15,3,0,summer,1367,,,,
London,hour,2023-07-13 16:00:00,2023-07-13,16,3,0,summer,1807,,,,
London,hour,2023-07-13 17:00:00,2023-07-13,17,3,0,summer,3317,,,,
London,hour,2023-07-13 18:00:00,2023-07-13,18,3,0,summer,3218,,,,
London,hour,2023-07-13 19:00:00,2023-07-13,19,3,0,summer,1921,,,,
London,hour,2023-07-13 20:00:00,2023-07-13,20,3,0,summer,1333,,,,
London,hour,2023-07-13 21:00:00,2023-07-13,21,3,0,summer,1058,,,,
London,hour,2023-07-13 22:00:00,2023-07-13,22,3,0,summer,903,,,,
London,hour,2023-07-13 23:00:00,2023-07-13,23,3,0,summer,550,,,,
London,hour,2023-07-14 00:00:00,2023-07-14,0,4,0,summer,329,,,,
London,hour,2023-07-14 01:00:00,2023-07-14,1,4,0,summer,152,,,,
London,hour,2023-07-14 02:00:00,2023-07-14,2,4,0,summer,99,,,,
London,hour,2023-07-14 03:00:00,2023-07-14,3,4,0,summer,82,,,,
London,hour,2023-07-14 04:00:00,2023-07-14,4,4,0,summer,54,,,,
London,hour,2023-07-14 05:00:00,2023-07-14,5,4,0,summer,165,,,,
London,hour,2023-07-14 06:00:00,2023-07-14,6,4,0,summer,668,,,,
London,hour,2023-07-14 07:00:00,2023-07-14,7,4,0,summer,1405,,,,
London,hour,2023-07-14 08:00:00,2023-07-14,8,4,0,summer,2316,,,,
London,hour,2023-07-14 09:00:00,2023-07-14,9,4,0,summer,1354,,,,
London,hour,2023-07-14 10:00:00,2023-07-14,10,4,0,summer,535,,,,
London,hour,2023-07-14 11:00:00,2023-07-14,11,4,0,summer,497,,,,
London,hour,2023-07-14 12:00:00,2023-07-14,12,4,0,summer,506,,,,
London,hour,2023-07-14 13:00:00,2023-07-14,13,4,0,summer,776,,,,
London,hour,2023-07-14 14:00:00,2023-07-14,14,4,0,summer,583,,,,
London,hour,2023-07-14 15:00:00,2023-07-14,15,4,0,summer,767,,,,
London,hour,2023-07-14 16:00:00,2023-07-14,16,4,0,summer,1165,,,,
London,hour,2023-07-14 17:00:00,2023-07-14,17,4,0,summer,1007,,,,
London,hour,2023-07-14 18:00:00,2023-07-14,18,4,0,summer,1081,,,,
London,hour,2023-07-14 19:00:00,2023-07-14,19,4,0,summer,877,,,,
London,hour,2023-07-14 20:00:00,2023-07-14,20,4,0,summer,664,,,,
London,hour,2023-07-14 21:00:00,2023-07-14,21,4,0,summer,617,,,,
London,hour,2023-07-14 22:00:00,2023-07-14,22,4,0,summer,587,,,,
London,hour,2023-07-14 23:00:00,2023-07-14,23,4,0,summer,550,,,,
London,hour,2023-07-15 00:00:00,2023-07-15,0,5,1,summer,406,,,,
London,hour,2023-07-15 01:00:00,2023-07-15,1,5,1,summer,286,,,,
London,hour,2023-07-15 02:00:00,2023-07-15,2,5,1,summer,193,,,,
London,hour,2023-07-15 03:00:00,2023-07-15,3,5,1,summer,159,,,,
London,hour,2023-07-15 04:00:00,2023-07-15,4,5,1,summer,118,,,,
London,hour,2023-07-15 05:00:00,2023-07-15,5,5,1,summer,113,,,,
London,hour,2023-07-15 06:00:00,2023-07-15,6,5,1,summer,158,,,,
London,hour,2023-07-15 07:00:00,2023-07-15,7,5,1,summer,362,,,,
London,hour,2023-07-15 08:00:00,2023-07-15,8,5,1,summer,717,,,,
London,hour,2023-07-15 09:00:00,2023-07-15,9,5,1,summer,1069,,,,
London,hour,2023-07-15 10:00:00,2023-07-15,10,5,1,summer,1408,,,,
London,hour,2023-07-15 11:00:00,2023-07-15,11,5,1,summer,1618,,,,
London,hour,2023-07-15 12:00:00,2023-07-15,12,5,1,summer,1757,,,,
London,hour,2023-07-15 13:00:00,2023-07-15,13,5,1,summer,1776,,,,
London,hour,2023-07-15 14:00:00,2023-07-15,14,5,1,summer,1728,,,,
London,hour,2023-07-15 15:00:00,2023-07-15,15,5,1,summer,1848,,,,
London,hour,2023-07-15 16:00:00,2023-07-15,16,5,1,summer,1959,,,,
London,hour,2023-07-15 17:00:00,2023-07-15,17,5,1,summer,1772,,,,
London,hour,2023-07-15 18:00:00,2023-07-15,18,5,1,summer,1562,,,,
London,hour,2023-07-15 19:00:00,2023-07-15,19,5,1,summer,1285,,,,
London,hour,2023-07-15 20:00:00,2023-07-15,20,5,1,summer,943,,,,
London,hour,2023-07-15 21:00:00,2023-07-15,21,5,1,summer,673,,,,
London,hour,2023-07-15 22:00:00,2023-07-15,22,5,1,summer,705,,,,
London,hour,2023-07-15 23:00:00,2023-07-15,23,5,1,summer,573,,,,
London,hour,2023-07-16 00:00:00,2023-07-16,0,6,1,summer,455,,,,
London,hour,2023-07-16 01:00:00,2023-07-16,1,6,1,summer,325,,,,
London,hour,2023-07-16 02:00:00,2023-07-16,2,6,1,summer,219,,,,
London,hour,2023-07-16 03:00:00,2023-07-16,3,6,1,summer,153,,,,
London,hour,2023-07-16 04:00:00,2023-07-16,4,6,1,summer,125,,,,
London,hour,2023-07-16 05:00:00,2023-07-16,5,6,1,summer,101,,,,
London,hour,2023-07-16 06:00:00,2023-07-16,6,6,1,summer,145,,,,
London,hour,2023-07-16 07:00:00,2023-07-16,7,6,1,summer,276,,,,
London,hour,2023-07-16 08:00:00,2023-07-16,8,6,1,summer,533,,,,
London,hour,2023-07-16 09:00:00,2023-07-16,9,6,1,summer,817,,,,
London,hour,2023-07-16 10:00:00,2023-07-16,10,6,1,summer,1283,,,,
London,hour,2023-07-16 11:00:00,2023-07-16,11,6,1,summer,1541,,,,
London,hour,2023-07-16 12:00:00,2023-07-16,12,6,1,summer,1843,,,,
London,hour,2023-07-16 13:00:00,2023-07-16,13,6,1,summer,1870,,,,
London,hour,2023-07-16 14:00:00,2023-07-16,14,6,1,summer,1650,,,,
London,hour,2023-07-16 15:00:00,2023-07-16,15,6,1,summer,1644,,,,
London,hour,2023-07-16 16:00:00,2023-07-16,16,6,1,summer,1695,,,,
London,hour,2023-07-16 17:00:00,2023-07-16,17,6,1,summer,1587,,,,
London,hour,2023-07-16 18:00:00,2023-07-16,18,6,1,summer,1386,,,,
London,hour,2023-07-16 19:00:00,2023-07-16,19,6,1,summer,1305,,,,
London,hour,2023-07-16 20:00:00,2023-07-16,20,6,1,summer,947,,,,
London,hour,2023-07-16 21:00:00,2023-07-16,21,6,1,summer,375,,,,
London,hour,2023-07-16 22:00:00,2023-07-16,22,6,1,summer,256,,,,
London,hour,2023-07-16 23:00:00,2023-07-16,23,6,1,summer,176,,,,
London,hour,2023-07-17 00:00:00,2023-07-17,0,0,0,summer,128,,,,
London,hour,2023-07-17 01:00:00,2023-07-17,1,0,0,summer,53,,,,
London,hour,2023-07-17 02:00:00,2023-07-17,2,0,0,summer,39,,,,
London,hour,2023-07-17 03:00:00,2023-07-17,3,0,0,summer,29,,,,
London,hour,2023-07-17 04:00:00,2023-07-17,4,0,0,summer,63,,,,
London,hour,2023-07-17 05:00:00,2023-07-17,5,0,0,summer,156,,,,
London,hour,2023-07-17 06:00:00,2023-07-17,6,0,0,summer,715,,,,
London,hour,2023-07-17 07:00:00,2023-07-17,7,0,0,summer,1785,,,,
London,hour,2023-07-17 08:00:00,2023-07-17,8,0,0,summer,3058,,,,
London,hour,2023-07-17 09:00:00,2023-07-17,9,0,0,summer,1722,,,,
London,hour,2023-07-17 10:00:00,2023-07-17,10,0,0,summer,969,,,,
London,hour,2023-07-17 11:00:00,2023-07-17,11,0,0,summer,1011,,,,
London,hour,2023-07-17 12:00:00,2023-07-17,12,0,0,summer,1107,,,,
London,hour,2023-07-17 13:00:00,2023-07-17,13,0,0,summer,1228,,,,
London,hour,2023-07-17 14:00:00,2023-07-17,14,0,0,summer,1132,,,,
London,hour,2023-07-17 15:00:00,2023-07-17,15,0,0,summer,1296,,,,
London,hour,2023-07-17 16:00:00,2023-07-17,16,0,0,summer,1774,,,,
London,hour,2023-07-17 17:00:00,2023-07-17,17,0,0,summer,3330,,,,
London,hour,2023-07-17 18:00:00,2023-07-17,18,0,0,summer,3380,,,,
London,hour,2023-07-17 19:00:00,2023-07-17,19,0,0,summer,2138,,,,
London,hour,2023-07-17 20:00:00,2023-07-17,20,0,0,summer,1458,,,,
London,hour,2023-07-17 21:00:00,2023-07-17,21,0,0,summer,959,,,,
London,hour,2023-07-17 22:00:00,2023-07-17,22,0,0,summer,701,,,,
London,hour,2023-07-17 23:00:00,2023-07-17,23,0,0,summer,364,,,,
London,hour,2023-07-18 00:00:00,2023-07-18,0,1,0,summer,186,,,,
London,hour,2023-07-18 01:00:00,2023-07-18,1,1,0,summer,105,,,,
London,hour,2023-07-18 02:00:00,2023-07-18,2,1,0,summer,52,,,,
London,hour,2023-07-18 03:00:00,2023-07-18,3,1,0,summer,30,,,,
London,hour,2023-07-18 04:00:00,2023-07-18,4,1,0,summer,65,,,,
London,hour,2023-07-18 05:00:00,2023-07-18,5,1,0,summer,188,,,,
London,hour,2023-07-18 06:00:00,2023-07-18,6,1,0,summer,840,,,,
London,hour,2023-07-18 07:00:00,2023-07-18,7,1,0,summer,2234,,,,
London,hour,2023-07-18 08:00:00,2023-07-18,8,1,0,summer,3831,,,,
London,hour,2023-07-18 09:00:00,2023-07-18,9,1,0,summer,1915,,,,
London,hour,2023-07-18 10:00:00,2023-07-18,10,1,0,summer,1114,,,,
London,hour,2023-07-18 11:00:00,2023-07-18,11,1,0,summer,1053,,,,
London,hour,2023-07-18 12:00:00,2023-07-18,12,1,0,summer,1230,,,,
London,hour,2023-07-18 13:00:00,2023-07-18,13,1,0,summer,1263,,,,
London,hour,2023-07-18 14:00:00,2023-07-18,14,1,0,summer,1247,,,,
London,hour,2023-07-18 15:00:00,2023-07-18,15,1,0,summer,1388,,,,
London,hour,2023-07-18 16:00:00,2023-07-18,16,1,0,summer,1909,,,,
London,hour,2023-07-18 17:00:00,2023-07-18,17,1,0,summer,3622,,,,
London,hour,2023-07-18 18:00:00,2023-07-18,18,1,0,summer,3810,,,,
London,hour,2023-07-18 19:00:00,2023-07-18,19,1,0,summer,2359,,,,
London,hour,2023-07-18 20:00:00,2023-07-18,20,1,0,summer,1552,,,,
London,hour,2023-07-18 21:00:00,2023-07-18,21,1,0,summer,1017,,,,
London,hour,2023-07-18 22:00:00,2023-07-18,22,1,0,summer,633,,,,
London,hour,2023-07-18 23:00:00,2023-07-18,23,1,0,summer,378,,,,
London,hour,2023-07-19 00:00:00,2023-07-19,0,2,0,summer,175,,,,
London,hour,2023-07-19 01:00:00,2023-07-19,1,2,0,summer,84,,,,
London,hour,2023-07-19 02:00:00,2023-07-19,2,2,0,summer,43,,,,
London,hour,2023-07-19 03:00:00,2023-07-19,3,2,0,summer,44,,,,
London,hour,2023-07-19 04:00:00,2023-07-19,4,2,0,summer,55,,,,
London,hour,2023-07-19 05:00:00,2023-07-19,5,2,0,summer,167,,,,
London,hour,2023-07-19 06:00:00,2023-07-19,6,2,0,summer,588,,,,
London,hour,2023-07-19 07:00:00,2023-07-19,7,2,0,summer,1668,,,,
London,hour,2023-07-19 08:00:00,2023-07-19,8,2,0,summer,3471,,,,
London,hour,2023-07-19 09:00:00,2023-07-19,9,2,0,summer,1887,,,,
London,hour,2023-07-19 10:00:00,2023-07-19,10,2,0,summer,1073,,,,
London,hour,2023-07-19 11:00:00,2023-07-19,11,2,0,summer,1016,,,,
London,hour,2023-07-19 12:00:00,2023-07-19,12,2,0,summer,1235,,,,
London,hour,2023-07-19 13:00:00,2023-07-19,13,2,0,summer,1192,,,,
London,hour,2023-07-19 14:00:00,2023-07-19,14,2,0,summer,1105,,,,
London,hour,2023-07-19 15:00:00,2023-07-19,15,2,0,summer,1362,,,,
London,hour,2023-07-19 16:00:00,2023-07-19,16,2,0,summer,1848,,,,
London,hour,2023-07-19 17:00:00,2023-07-19,17,2,0,summer,3499,,,,
London,hour,2023-07-19 18:00:00,2023-07-19,18,2,0,summer,3563,,,,
London,hour,2023-07-19 19:00:00,2023-07-19,19,2,0,summer,2193,,,,
London,hour,2023-07-19 20:00:00,2023-07-19,20,2,0,summer,1607,,,,
London,hour,2023-07-19 21:00:00,2023-07-19,21,2,0,summer,1200,,,,
London,hour,2023-07-19 22:00:00,2023-07-19,22,2,0,summer,901,,,,
London,hour,2023-07-19 23:00:00,2023-07-19,23,2,0,summer,488,,,,
London,hour,2023-07-20 00:00:00,2023-07-20,0,3,0,summer,180,,,,
London,hour,2023-07-20 01:00:00,2023-07-20,1,3,0,summer,103,,,,
London,hour,2023-07-20 02:00:00,2023-07-20,2,3,0,summer,47,,,,
London,hour,2023-07-20 03:00:00,2023-07-20,3,3,0,summer,37,,,,
London,hour,2023-07-20 04:00:00,2023-07-20,4,3,0,summer,41,,,,
London,hour,2023-07-20 05:00:00,2023-07-20,5,3,0,summer,166,,,,
London,hour,2023-07-20 06:00:00,2023-07-20,6,3,0,summer,671,,,,
London,hour,2023-07-20 07:00:00,2023-07-20,7,3,0,summer,1683,,,,
London,hour,2023-07-20 08:00:00,2023-07-20,8,3,0,summer,3242,,,,
London,hour,2023-07-20 09:00:00,2023-07-20,9,3,0,summer,1879,,,,
London,hour,2023-07-20 10:00:00,2023-07-20,10,3,0,summer,1055,,,,
London,hour,2023-07-20 11:00:00,2023-07-20,11,3,0,summer,1080,,,,
London,hour,2023-07-20 12:00:00,2023-07-20,12,3,0,summer,1282,,,,
London,hour,2023-07-20 13:00:00,2023-07-20,13,3,0,summer,1358,,,,
London,hour,2023-07-20 14:00:00,2023-07-20,14,3,0,summer,1160,,,,
London,hour,2023-07-20 15:00:00,2023-07-20,15,3,0,summer,1383,,,,
London,hour,2023-07-20 16:00:00,2023-07-20,16,3,0,summer,1723,,,,
London,hour,2023-07-20 17:00:00,2023-07-20,17,3,0,summer,3051,,,,
London,hour,2023-07-20 18:00:00,2023-07-20,18,3,0,summer,3183,,,,
London,hour,2023-07-20 19:00:00,2023-07-20,19,3,0,summer,2149,,,,
London,hour,2023-07-20 20:00:00,2023-07-20,20,3,0,summer,1393,,,,
London,hour,2023-07-20 21:00:00,2023-07-20,21,3,0,summer,975,,,,
London,hour,2023-07-20 22:00:00,2023-07-20,22,3,0,summer,805,,,,
London,hour,2023-07-20 23:00:00,2023-07-20,23,3,0,summer,567,,,,
London,hour,2023-07-21 00:00:00,2023-07-21,0,4,0,summer,295,,,,
London,hour,2023-07-21 01:00:00,2023-07-21,1,4,0,summer,157,,,,
London,hour,2023-07-21 02:00:00,2023-07-21,2,4,0,summer,108,,,,
London,hour,2023-07-21 03:00:00,2023-07-21,3,4,0,summer,47,,,,
London,hour,2023-07-21 04:00:00,2023-07-21,4,4,0,summer,70,,,,
London,hour,2023-07-21 05:00:00,2023-07-21,5,4,0,summer,163,,,,
London,hour,2023-07-21 06:00:00,2023-07-21,6,4,0,summer,585,,,,
London,hour,2023-07-21 07:00:00,2023-07-21,7,4,0,summer,1304,,,,
London,hour,2023-07-21 08:00:00,2023-07-21,8,4,0,summer,2323,,,,
London,hour,2023-07-21 09:00:00,2023-07-21,9,4,0,summer,1644,,,,
London,hour,2023-07-21 10:00:00,2023-07-21,10,4,0,summer,1086,,,,
London,hour,2023-07-21 11:00:00,2023-07-21,11,4,0,summer,1212,,,,
London,hour,2023-07-21 12:00:00,2023-07-21,12,4,0,summer,1398,,,,
London,hour,2023-07-21 13:00:00,2023-07-21,13,4,0,summer,1429,,,,
London,hour,2023-07-21 14:00:00,2023-07-21,14,4,0,summer,1321,,,,
London,hour,2023-07-21 15:00:00,2023-07-21,15,4,0,summer,1444,,,,
London,hour,2023-07-21 16:00:00,2023-07-21,16,4,0,summer,1771,,,,
London,hour,2023-07-21 17:00:00,2023-07-21,17,4,0,summer,2512,,,,
London,hour,2023-07-21 18:00:00,2023-07-21,18,4,0,summer,2455,,,,
London,hour,2023-07-21 19:00:00,2023-07-21,19,4,0,summer,1733,,,,
London,hour,2023-07-21 20:00:00,2023-07-21,20,4,0,summer,1270,,,,
London,hour,2023-07-21 21:00:00,2023-07-21,21,4,0,summer,921,,,,
London,hour,2023-07-21 22:00:00,2023-07-21,22,4,0,summer,767,,,,
London,hour,2023-07-21 23:00:00,2023-07-21,23,4,0,summer,608,,,,
London,hour,2023-07-22 00:00:00,2023-07-22,0,5,1,summer,456,,,,
London,hour,2023-07-22 01:00:00,2023-07-22,1,5,1,summer,358,,,,
London,hour,2023-07-22 02:00:00,2023-07-22,2,5,1,summer,190,,,,
London,hour,2023-07-22 03:00:00,2023-07-22,3,5,1,summer,141,,,,
London,hour,2023-07-22 04:00:00,2023-07-22,4,5,1,summer,132,,,,
London,hour,2023-07-22 05:00:00,2023-07-22,5,5,1,summer,85,,,,
London,hour,2023-07-22 06:00:00,2023-07-22,6,5,1,summer,173,,,,
London,hour,2023-07-22 07:00:00,2023-07-22,7,5,1,summer,324,,,,
London,hour,2023-07-22 08:00:00,2023-07-22,8,5,1,summer,588,,,,
London,hour,2023-07-22 09:00:00,2023-07-22,9,5,1,summer,1057,,,,
London,hour,2023-07-22 10:00:00,2023-07-22,10,5,1,summer,1468,,,,
London,hour,2023-07-22 11:00:00,2023-07-22,11,5,1,summer,1637,,,,
London,hour,2023-07-22 12:00:00,2023-07-22,12,5,1,summer,1629,,,,
London,hour,2023-07-22 13:00:00,2023-07-22,13,5,1,summer,626,,,,
London,hour,2023-07-22 14:00:00,2023-07-22,14,5,1,summer,483,,,,
London,hour,2023-07-22 15:00:00,2023-07-22,15,5,1,summer,407,,,,
London,hour,2023-07-22 16:00:00,2023-07-22,16,5,1,summer,388,,,,
London,hour,2023-07-22 17:00:00,2023-07-22,17,5,1,summer,472,,,,
London,hour,2023-07-22 18:00:00,2023-07-22,18,5,1,summer,463,,,,
London,hour,2023-07-22 19:00:00,2023-07-22,19,5,1,summer,441,,,,
London,hour,2023-07-22 20:00:00,2023-07-22,20,5,1,summer,401,,,,
London,hour,2023-07-22 21:00:00,2023-07-22,21,5,1,summer,230,,,,
London,hour,2023-07-22 22:00:00,2023-07-22,22,5,1,summer,217,,,,
London,hour,2023-07-22 23:00:00,2023-07-22,23,5,1,summer,189,,,,
London,hour,2023-07-23 00:00:00,2023-07-23,0,6,1,summer,133,,,,
London,hour,2023-07-23 01:00:00,2023-07-23,1,6,1,summer,123,,,,
London,hour,2023-07-23 02:00:00,2023-07-23,2,6,1,summer,133,,,,
London,hour,2023-07-23 03:00:00,2023-07-23,3,6,1,summer,117,,,,
London,hour,2023-07-23 04:00:00,2023-07-23,4,6,1,summer,96,,,,
London,hour,2023-07-23 05:00:00,2023-07-23,5,6,1,summer,72,,,,
London,hour,2023-07-23 06:00:00,2023-07-23,6,6,1,summer,136,,,,
London,hour,2023-07-23 07:00:00,2023-07-23,7,6,1,summer,256,,,,
London,hour,2023-07-23 08:00:00,2023-07-23,8,6,1,summer,444,,,,
London,hour,2023-07-23 09:00:00,2023-07-23,9,6,1,summer,831,,,,
London,hour,2023-07-23 10:00:00,2023-07-23,10,6,1,summer,1197,,,,
London,hour,2023-07-23 11:00:00,2023-07-23,11,6,1,summer,1506,,,,
London,hour,2023-07-23 12:00:00,2023-07-23,12,6,1,summer,1780,,,,
London,hour,2023-07-23 13:00:00,2023-07-23,13,6,1,summer,1871,,,,
London,hour,2023-07-23 14:00:00,2023-07-23,14,6,1,summer,1902,,,,
London,hour,2023-07-23 15:00:00,2023-07-23,15,6,1,summer,1732,,,,
London,hour,2023-07-23 16:00:00,2023-07-23,16,6,1,summer,1992,,,,
London,hour,2023-07-23 17:00:00,2023-07-23,17,6,1,summer,1886,,,,
London,hour,2023-07-23 18:00:00,2023-07-23,18,6,1,summer,1742,,,,
London,hour,2023-07-23 19:00:00,2023-07-23,19,6,1,summer,1460,,,,
London,hour,2023-07-23 20:00:00,2023-07-23,20,6,1,summer,1105,,,,
London,hour,2023-07-23 21:00:00,2023-07-23,21,6,1,summer,744,,,,
London,hour,2023-07-23 22:00:00,2023-07-23,22,6,1,summer,545,,,,
London,hour,2023-07-23 23:00:00,2023-07-23,23,6,1,summer,392,,,,
London,hour,2023-07-24 00:00:00,2023-07-24,0,0,0,summer,213,,,,
London,hour,2023-07-24 01:00:00,2023-07-24,1,0,0,summer,119,,,,
London,hour,2023-07-24 02:00:00,2023-07-24,2,0,0,summer,48,,,,
London,hour,2023-07-24 03:00:00,2023-07-24,3,0,0,summer,38,,,,
London,hour,2023-07-24 04:00:00,2023-07-24,4,0,0,summer,50,,,,
London,hour,2023-07-24 05:00:00,2023-07-24,5,0,0,summer,165,,,,
London,hour,2023-07-24 06:00:00,2023-07-24,6,0,0,summer,641,,,,
London,hour,2023-07-24 07:00:00,2023-07-24,7,0,0,summer,1637,,,,
London,hour,2023-07-24 08:00:00,2023-07-24,8,0,0,summer,2686,,,,
London,hour,2023-07-24 09:00:00,2023-07-24,9,0,0,summer,1282,,,,
London,hour,2023-07-24 10:00:00,2023-07-24,10,0,0,summer,832,,,,
London,hour,2023-07-24 11:00:00,2023-07-24,11,0,0,summer,775,,,,
London,hour,2023-07-24 12:00:00,2023-07-24,12,0,0,summer,959,,,,
London,hour,2023-07-24 13:00:00,2023-07-24,13,0,0,summer,1016,,,,
London,hour,2023-07-24 14:00:00,2023-07-24,14,0,0,summer,973,,,,
London,hour,2023-07-24 15:00:00,2023-07-24,15,0,0,summer,1125,,,,
London,hour,2023-07-24 16:00:00,2023-07-24,16,0,0,summer,1428,,,,
London,hour,2023-07-24 17:00:00,2023-07-24,17,0,0,summer,2212,,,,
London,hour,2023-07-24 18:00:00,2023-07-24,18,0,0,summer,2778,,,,
London,hour,2023-07-24 19:00:00,2023-07-24,19,0,0,summer,1818,,,,
London,hour,2023-07-24 20:00:00,2023-07-24,20,0,0,summer,1273,,,,
London,hour,2023-07-24 21:00:00,2023-07-24,21,0,0,summer,814,,,,
London,hour,2023-07-24 22:00:00,2023-07-24,22,0,0,summer,624,,,,
London,hour,2023-07-24 23:00:00,2023-07-24,23,0,0,summer,334,,,,
London,hour,2023-07-25 00:00:00,2023-07-25,0,1,0,summer,188,,,,
London,hour,2023-07-25 01:00:00,2023-07-25,1,1,0,summer,94,,,,
London,hour,2023-07-25 02:00:00,2023-07-25,2,1,0,summer,40,,,,
London,hour,2023-07-25 03:00:00,2023-07-25,3,1,0,summer,28,,,,
London,hour,2023-07-25 04:00:00,2023-07-25,4,1,0,summer,55,,,,
London,hour,2023-07-25 05:00:00,2023-07-25,5,1,0,summer,185,,,,
London,hour,2023-07-25 06:00:00,2023-07-25,6,1,0,summer,746,,,,
London,hour,2023-07-25 07:00:00,2023-07-25,7,1,0,summer,2031,,,,
London,hour,2023-07-25 08:00:00,2023-07-25,8,1,0,summer,3507,,,,
London,hour,2023-07-25 09:00:00,2023-07-25,9,1,0,summer,1882,,,,
London,hour,2023-07-25 10:00:00,2023-07-25,10,1,0,summer,1078,,,,
London,hour,2023-07-25 11:00:00,2023-07-25,11,1,0,summer,1026,,,,
London,hour,2023-07-25 12:00:00,2023-07-25,12,1,0,summer,1283,,,,
London,hour,2023-07-25 13:00:00,2023-07-25,13,1,0,summer,1257,,,,
London,hour,2023-07-25 14:00:00,2023-07-25,14,1,0,summer,1225,,,,
London,hour,2023-07-25 15:00:00,2023-07-25,15,1,0,summer,1320,,,,
London,hour,2023-07-25 16:00:00,2023-07-25,16,1,0,summer,1832,,,,
London,hour,2023-07-25 17:00:00,2023-07-25,17,1,0,summer,3607,,,,
London,hour,2023-07-25 18:00:00,2023-07-25,18,1,0,summer,3593,,,,
London,hour,2023-07-25 19:00:00,2023-07-25,19,1,0,summer,2298,,,,
London,hour,2023-07-25 20:00:00,2023-07-25,20,1,0,summer,1589,,,,
London,hour,2023-07-25 21:00:00,2023-07-25,21,1,0,summer,1139,,,,
London,hour,2023-07-25 22:00:00,2023-07-25,22,1,0,summer,764,,,,
London,hour,2023-07-25 23:00:00,2023-07-25,23,1,0,summer,491,,,,
London,hour,2023-07-26 00:00:00,2023-07-26,0,2,0,summer,195,,,,
London,hour,2023-07-26 01:00:00,2023-07-26,1,2,0,summer,120,,,,
London,hour,2023-07-26 02:00:00,2023-07-26,2,2,0,summer,45,,,,
London,hour,2023-07-26 03:00:00,2023-07-26,3,2,0,summer,25,,,,
London,hour,2023-07-26 04:00:00,2023-07-26,4,2,0,summer,70,,,,
London,hour,2023-07-26 05:00:00,2023-07-26,5,2,0,summer,177,,,,
London,hour,2023-07-26 06:00:00,2023-07-26,6,2,0,summer,814,,,,
London,hour,2023-07-26 07:00:00,2023-07-26,7,2,0,summer,2002,,,,
London,hour,2023-07-26 08:00:00,2023-07-26,8,2,0,summer,3612,,,,
London,hour,2023-07-26 09:00:00,2023-07-26,9,2,0,summer,1937,,,,
London,hour,2023-07-26 10:00:00,2023-07-26,10,2,0,summer,1071,,,,
London,hour,2023-07-26 11:00:00,2023-07-26,11,2,0,summer,1168,,,,
London,hour,2023-07-26 12:00:00,2023-07-26,12,2,0,summer,1273,,,,
London,hour,2023-07-26 13:00:00,2023-07-26,13,2,0,summer,1414,,,,
London,hour,2023-07-26 14:00:00,2023-07-26,14,2,0,summer,1228,,,,
London,hour,2023-07-26 15:00:00,2023-07-26,15,2,0,summer,1394,,,,
London,hour,2023-07-26 16:00:00,2023-07-26,16,2,0,summer,1580,,,,
London,hour,2023-07-26 17:00:00,2023-07-26,17,2,0,summer,3036,,,,
London,hour,2023-07-26 18:00:00,2023-07-26,18,2,0,summer,2389,,,,
London,hour,2023-07-26 19:00:00,2023-07-26,19,2,0,summer,916,,,,
London,hour,2023-07-26 20:00:00,2023-07-26,20,2,0,summer,459,,,,
London,hour,2023-07-26 21:00:00,2023-07-26,21,2,0,summer,315,,,,
London,hour,2023-07-26 22:00:00,2023-07-26,22,2,0,summer,260,,,,
London,hour,2023-07-26 23:00:00,2023-07-26,23,2,0,summer,201,,,,
London,hour,2023-07-27 00:00:00,2023-07-27,0,3,0,summer,80,,,,
London,hour,2023-07-27 01:00:00,2023-07-27,1,3,0,summer,45,,,,
London,hour,2023-07-27 02:00:00,2023-07-27,2,3,0,summer,39,,,,
London,hour,2023-07-27 03:00:00,2023-07-27,3,3,0,summer,28,,,,
London,hour,2023-07-27 04:00:00,2023-07-27,4,3,0,summer,42,,,,
London,hour,2023-07-27 05:00:00,2023-07-27,5,3,0,summer,144,,,,
London,hour,2023-07-27 06:00:00,2023-07-27,6,3,0,summer,685,,,,
London,hour,2023-07-27 07:00:00,2023-07-27,7,3,0,summer,1759,,,,
London,hour,2023-07-27 08:00:00,2023-07-27,8,3,0,summer,3104,,,,
London,hour,2023-07-27 09:00:00,2023-07-27,9,3,0,summer,1813,,,,
London,hour,2023-07-27 10:00:00,2023-07-27,10,3,0,summer,1044,,,,
London,hour,2023-07-27 11:00:00,2023-07-27,11,3,0,summer,988,,,,
London,hour,2023-07-27 12:00:00,2023-07-27,12,3,0,summer,1151,,,,
London,hour,2023-07-27 13:00:00,2023-07-27,13,3,0,summer,1090,,,,
London,hour,2023-07-27 14:00:00,2023-07-27,14,3,0,summer,1116,,,,
London,hour,2023-07-27 15:00:00,2023-07-27,15,3,0,summer,1224,,,,
London,hour,2023-07-27 16:00:00,2023-07-27,16,3,0,summer,1666,,,,
London,hour,2023-07-27 17:00:00,2023-07-27,17,3,0,summer,3022,,,,
London,hour,2023-07-27 18:00:00,2023-07-27,18,3,0,summer,3029,,,,
London,hour,2023-07-27 19:00:00,2023-07-27,19,3,0,summer,2106,,,,
London,hour,2023-07-27 20:00:00,2023-07-27,20,3,0,summer,1462,,,,
London,hour,2023-07-27 21:00:00,2023-07-27,21,3,0,summer,1086,,,,
London,hour,2023-07-27 22:00:00,2023-07-27,22,3,0,summer,890,,,,
London,hour,2023-07-27 23:00:00,2023-07-27,23,3,0,summer,644,,,,
London,hour,2023-07-28 00:00:00,2023-07-28,0,4,0,summer,310,,,,
London,hour,2023-07-28 01:00:00,2023-07-28,1,4,0,summer,162,,,,
London,hour,2023-07-28 02:00:00,2023-07-28,2,4,0,summer,93,,,,
London,hour,2023-07-28 03:00:00,2023-07-28,3,4,0,summer,72,,,,
London,hour,2023-07-28 04:00:00,2023-07-28,4,4,0,summer,73,,,,
London,hour,2023-07-28 05:00:00,2023-07-28,5,4,0,summer,173,,,,
London,hour,2023-07-28 06:00:00,2023-07-28,6,4,0,summer,572,,,,
London,hour,2023-07-28 07:00:00,2023-07-28,7,4,0,summer,1288,,,,
London,hour,2023-07-28 08:00:00,2023-07-28,8,4,0,summer,2116,,,,
London,hour,2023-07-28 09:00:00,2023-07-28,9,4,0,summer,1471,,,,
London,hour,2023-07-28 10:00:00,2023-07-28,10,4,0,summer,1101,,,,
London,hour,2023-07-28 11:00:00,2023-07-28,11,4,0,summer,1041,,,,
London,hour,2023-07-28 12:00:00,2023-07-28,12,4,0,summer,1287,,,,
London,hour,2023-07-28 13:00:00,2023-07-28,13,4,0,summer,1462,,,,
London,hour,2023-07-28 14:00:00,2023-07-28,14,4,0,summer,1279,,,,
London,hour,2023-07-28 15:00:00,2023-07-28,15,4,0,summer,1477,,,,
London,hour,2023-07-28 16:00:00,2023-07-28,16,4,0,summer,1924,,,,
London,hour,2023-07-28 17:00:00,2023-07-28,17,4,0,summer,2735,,,,
London,hour,2023-07-28 18:00:00,2023-07-28,18,4,0,summer,2623,,,,
London,hour,2023-07-28 19:00:00,2023-07-28,19,4,0,summer,1863,,,,
London,hour,2023-07-28 20:00:00,2023-07-28,20,4,0,summer,1281,,,,
London,hour,2023-07-28 21:00:00,2023-07-28,21,4,0,summer,1028,,,,
London,hour,2023-07-28 22:00:00,2023-07-28,22,4,0,summer,767,,,,
London,hour,2023-07-28 23:00:00,2023-07-28,23,4,0,summer,668,,,,
London,hour,2023-07-29 00:00:00,2023-07-29,0,5,1,summer,480,,,,
London,hour,2023-07-29 01:00:00,2023-07-29,1,5,1,summer,318,,,,
London,hour,2023-07-29 02:00:00,2023-07-29,2,5,1,summer,202,,,,
London,hour,2023-07-29 03:00:00,2023-07-29,3,5,1,summer,160,,,,
London,hour,2023-07-29 04:00:00,2023-07-29,4,5,1,summer,98,,,,
London,hour,2023-07-29 05:00:00,2023-07-29,5,5,1,summer,95,,,,
London,hour,2023-07-29 06:00:00,2023-07-29,6,5,1,summer,169,,,,
London,hour,2023-07-29 07:00:00,2023-07-29,7,5,1,summer,326,,,,
London,hour,2023-07-29 08:00:00,2023-07-29,8,5,1,summer,602,,,,
London,hour,2023-07-29 09:00:00,2023-07-29,9,5,1,summer,970,,,,
London,hour,2023-07-29 10:00:00,2023-07-29,10,5,1,summer,1366,,,,
London,hour,2023-07-29 11:00:00,2023-07-29,11,5,1,summer,1542,,,,
London,hour,2023-07-29 12:00:00,2023-07-29,12,5,1,summer,1739,,,,
London,hour,2023-07-29 13:00:00,2023-07-29,13,5,1,summer,1961,,,,
London,hour,2023-07-29 14:00:00,2023-07-29,14,5,1,summer,1977,,,,
London,hour,2023-07-29 15:00:00,2023-07-29,15,5,1,summer,1971,,,,
London,hour,2023-07-29 16:00:00,2023-07-29,16,5,1,summer,1937,,,,
London,hour,2023-07-29 17:00:00,2023-07-29,17,5,1,summer,2059,,,,
London,hour,2023-07-29 18:00:00,2023-07-29,18,5,1,summer,1908,,,,
London,hour,2023-07-29 19:00:00,2023-07-29,19,5,1,summer,1627,,,,
London,hour,2023-07-29 20:00:00,2023-07-29,20,5,1,summer,1260,,,,
London,hour,2023-07-29 21:00:00,2023-07-29,21,5,1,summer,888,,,,
London,hour,2023-07-29 22:00:00,2023-07-29,22,5,1,summer,746,,,,
London,hour,2023-07-29 23:00:00,2023-07-29,23,5,1,summer,629,,,,
London,hour,2023-07-30 00:00:00,2023-07-30,0,6,1,summer,586,,,,
London,hour,2023-07-30 01:00:00,2023-07-30,1,6,1,summer,350,,,,
London,hour,2023-07-30 02:00:00,2023-07-30,2,6,1,summer,212,,,,
London,hour,2023-07-30 03:00:00,2023-07-30,3,6,1,summer,158,,,,
London,hour,2023-07-30 04:00:00,2023-07-30,4,6,1,summer,116,,,,
London,hour,2023-07-30 05:00:00,2023-07-30,5,6,1,summer,65,,,,
London,hour,2023-07-30 06:00:00,2023-07-30,6,6,1,summer,157,,,,
London,hour,2023-07-30 07:00:00,2023-07-30,7,6,1,summer,224,,,,
London,hour,2023-07-30 08:00:00,2023-07-30,8,6,1,summer,494,,,,
London,hour,2023-07-30 09:00:00,2023-07-30,9,6,1,summer,942,,,,
London,hour,2023-07-30 10:00:00,2023-07-30,10,6,1,summer,1390,,,,
London,hour,2023-07-30 11:00:00,2023-07-30,11,6,1,summer,1626,,,,
London,hour,2023-07-30 12:00:00,2023-07-30,12,6,1,summer,1623,,,,
London,hour,2023-07-30 13:00:00,2023-07-30,13,6,1,summer,1575,,,,
London,hour,2023-07-30 14:00:00,2023-07-30,14,6,1,summer,1330,,,,
London,hour,2023-07-30 15:00:00,2023-07-30,15,6,1,summer,565,,,,
London,hour,2023-07-30 16:00:00,2023-07-30,16,6,1,summer,479,,,,
London,hour,2023-07-30 17:00:00,2023-07-30,17,6,1,summer,382,,,,
London,hour,2023-07-30 18:00:00,2023-07-30,18,6,1,summer,516,,,,
London,hour,2023-07-30 19:00:00,2023-07-30,19,6,1,summer,519,,,,
London,hour,2023-07-30 20:00:00,2023-07-30,20,6,1,summer,449,,,,
London,hour,2023-07-30 21:00:00,2023-07-30,21,6,1,summer,381,,,,
London,hour,2023-07-30 22:00:00,2023-07-30,22,6,1,summer,350,,,,
London,hour,2023-07-30 23:00:00,2023-07-30,23,6,1,summer,191,,,,
London,hour,2023-07-31 00:00:00,2023-07-31,0,0,0,summer,134,,,,
London,hour,2023-07-31 01:00:00,2023-07-31,1,0,0,summer,48,,,,
London,hour,2023-07-31 02:00:00,2023-07-31,2,0,0,summer,39,,,,
London,hour,2023-07-31 03:00:00,2023-07-31,3,0,0,summer,24,,,,
London,hour,2023-07-31 04:00:00,2023-07-31,4,0,0,summer,47,,,,
London,hour,2023-07-31 05:00:00,2023-07-31,5,0,0,summer,155,,,,
London,hour,2023-07-31 06:00:00,2023-07-31,6,0,0,summer,593,,,,
London,hour,2023-07-31 07:00:00,2023-07-31,7,0,0,summer,1341,,,,
London,hour,2023-07-31 08:00:00,2023-07-31,8,0,0,summer,2387,,,,
London,hour,2023-07-31 09:00:00,2023-07-31,9,0,0,summer,1164,,,,
London,hour,2023-07-31 10:00:00,2023-07-31,10,0,0,summer,782,,,,
London,hour,2023-07-31 11:00:00,2023-07-31,11,0,0,summer,829,,,,
London,hour,2023-07-31 12:00:00,2023-07-31,12,0,0,summer,1015,,,,
London,hour,2023-07-31 13:00:00,2023-07-31,13,0,0,summer,1025,,,,
London,hour,2023-07-31 14:00:00,2023-07-31,14,0,0,summer,533,,,,
London,hour,2023-07-31 15:00:00,2023-07-31,15,0,0,summer,693,,,,
London,hour,2023-07-31 16:00:00,2023-07-31,16,0,0,summer,1272,,,,
London,hour,2023-07-31 17:00:00,2023-07-31,17,0,0,summer,2793,,,,
London,hour,2023-07-31 18:00:00,2023-07-31,18,0,0,summer,2922,,,,
London,hour,2023-07-31 19:00:00,2023-07-31,19,0,0,summer,2214,,,,
London,hour,2023-07-31 20:00:00,2023-07-31,20,0,0,summer,1382,,,,
London,hour,2023-07-31 21:00:00,2023-07-31,21,0,0,summer,873,,,,
London,hour,2023-07-31 22:00:00,2023-07-31,22,0,0,summer,650,,,,
London,hour,2023-07-31 23:00:00,2023-07-31,23,0,0,summer,358,,,,
London,hour,2023-08-01 00:00:00,2023-08-01,0,1,0,summer,282,,,,
London,hour,2023-08-01 01:00:00,2023-08-01,1,1,0,summer,190,,,,
London,hour,2023-08-01 02:00:00,2023-08-01,2,1,0,summer,116,,,,
London,hour,2023-08-01 03:00:00,2023-08-01,3,1,0,summer,68,,,,
London,hour,2023-08-01 04:00:00,2023-08-01,4,1,0,summer,41,,,,
London,hour,2023-08-01 05:00:00,2023-08-01,5,1,0,summer,35,,,,
London,hour,2023-08-01 06:00:00,2023-08-01,6,1,0,summer,64,,,,
London,hour,2023-08-01 07:00:00,2023-08-01,7,1,0,summer,128,,,,
London,hour,2023-08-01 08:00:00,2023-08-01,8,1,0,summer,295,,,,
London,hour,2023-08-01 09:00:00,2023-08-01,9,1,0,summer,605,,,,
London,hour,2023-08-01 10:00:00,2023-08-01,10,1,0,summer,961,,,,
London,hour,2023-08-01 11:00:00,2023-08-01,11,1,0,summer,965,,,,
London,hour,2023-08-01 12:00:00,2023-08-01,12,1,0,summer,850,,,,
London,hour,2023-08-01 13:00:00,2023-08-01,13,1,0,summer,562,,,,
London,hour,2023-08-01 14:00:00,2023-08-01,14,1,0,summer,472,,,,
London,hour,2023-08-01 15:00:00,2023-08-01,15,1,0,summer,398,,,,
London,hour,2023-08-01 16:00:00,2023-08-01,16,1,0,summer,648,,,,
London,hour,2023-08-01 17:00:00,2023-08-01,17,1,0,summer,531,,,,
London,hour,2023-08-01 18:00:00,2023-08-01,18,1,0,summer,551,,,,
London,hour,2023-08-01 19:00:00,2023-08-01,19,1,0,summer,440,,,,
London,hour,2023-08-01 20:00:00,2023-08-01,20,1,0,summer,367,,,,
London,hour,2023-08-01 21:00:00,2023-08-01,21,1,0,summer,255,,,,
London,hour,2023-08-01 22:00:00,2023-08-01,22,1,0,summer,244,,,,
London,hour,2023-08-01 23:00:00,2023-08-01,23,1,0,summer,170,,,,
London,hour,2023-08-03 00:00:00,2023-08-03,0,3,0,summer,101,,,,
London,hour,2023-08-03 01:00:00,2023-08-03,1,3,0,summer,61,,,,
London,hour,2023-08-03 02:00:00,2023-08-03,2,3,0,summer,36,,,,
London,hour,2023-08-03 03:00:00,2023-08-03,3,3,0,summer,19,,,,
London,hour,2023-08-03 04:00:00,2023-08-03,4,3,0,summer,27,,,,
London,hour,2023-08-03 05:00:00,2023-08-03,5,3,0,summer,114,,,,
London,hour,2023-08-03 06:00:00,2023-08-03,6,3,0,summer,344,,,,
London,hour,2023-08-03 07:00:00,2023-08-03,7,3,0,summer,992,,,,
London,hour,2023-08-03 08:00:00,2023-08-03,8,3,0,summer,1755,,,,
London,hour,2023-08-03 09:00:00,2023-08-03,9,3,0,summer,1132,,,,
London,hour,2023-08-03 10:00:00,2023-08-03,10,3,0,summer,535,,,,
London,hour,2023-08-03 11:00:00,2023-08-03,11,3,0,summer,407,,,,
London,hour,2023-08-03 12:00:00,2023-08-03,12,3,0,summer,440,,,,
London,hour,2023-08-03 13:00:00,2023-08-03,13,3,0,summer,359,,,,
London,hour,2023-08-03 14:00:00,2023-08-03,14,3,0,summer,326,,,,
London,hour,2023-08-03 15:00:00,2023-08-03,15,3,0,summer,488,,,,
London,hour,2023-08-03 16:00:00,2023-08-03,16,3,0,summer,590,,,,
London,hour,2023-08-03 17:00:00,2023-08-03,17,3,0,summer,1281,,,,
London,hour,2023-08-03 18:00:00,2023-08-03,18,3,0,summer,1348,,,,
London,hour,2023-08-03 19:00:00,2023-08-03,19,3,0,summer,948,,,,
London,hour,2023-08-03 20:00:00,2023-08-03,20,3,0,summer,600,,,,
London,hour,2023-08-03 21:00:00,2023-08-03,21,3,0,summer,474,,,,
London,hour,2023-08-03 22:00:00,2023-08-03,22,3,0,summer,323,,,,
London,hour,2023-08-03 23:00:00,2023-08-03,23,3,0,summer,216,,,,
London,hour,2023-08-04 00:00:00,2023-08-04,0,4,0,summer,618,,,,
London,hour,2023-08-04 01:00:00,2023-08-04,1,4,0,summer,394,,,,
London,hour,2023-08-04 02:00:00,2023-08-04,2,4,0,summer,284,,,,
London,hour,2023-08-04 03:00:00,2023-08-04,3,4,0,summer,138,,,,
London,hour,2023-08-04 04:00:00,2023-08-04,4,4,0,summer,122,,,,
London,hour,2023-08-04 05:00:00,2023-08-04,5,4,0,summer,136,,,,
London,hour,2023-08-04 06:00:00,2023-08-04,6,4,0,summer,238,,,,
London,hour,2023-08-04 07:00:00,2023-08-04,7,4,0,summer,458,,,,
London,hour,2023-08-04 08:00:00,2023-08-04,8,4,0,summer,980,,,,
London,hour,2023-08-04 09:00:00,2023-08-04,9,4,0,summer,1670,,,,
London,hour,2023-08-04 10:00:00,2023-08-04,10,4,0,summer,2384,,,,
London,hour,2023-08-04 11:00:00,2023-08-04,11,4,0,summer,2846,,,,
London,hour,2023-08-04 12:00:00,2023-08-04,12,4,0,summer,3110,,,,
London,hour,2023-08-04 13:00:00,2023-08-04,13,4,0,summer,3150,,,,
London,hour,2023-08-04 14:00:00,2023-08-04,14,4,0,summer,3372,,,,
London,hour,2023-08-04 15:00:00,2023-08-04,15,4,0,summer,3324,,,,
London,hour,2023-08-04 16:00:00,2023-08-04,16,4,0,summer,3350,,,,
London,hour,2023-08-04 17:00:00,2023-08-04,17,4,0,summer,3158,,,,
London,hour,2023-08-04 18:00:00,2023-08-04,18,4,0,summer,2974,,,,
London,hour,2023-08-04 19:00:00,2023-08-04,19,4,0,summer,1830,,,,
London,hour,2023-08-04 20:00:00,2023-08-04,20,4,0,summer,1254,,,,
London,hour,2023-08-04 21:00:00,2023-08-04,21,4,0,summer,942,,,,
London,hour,2023-08-04 22:00:00,2023-08-04,22,4,0,summer,910,,,,
London,hour,2023-08-04 23:00:00,2023-08-04,23,4,0,summer,678,,,,
London,hour,2023-08-05 00:00:00,2023-08-05,0,5,1,summer,2,,,,
London,hour,2023-08-06 00:00:00,2023-08-06,0,6,1,summer,184,,,,
London,hour,2023-08-06 01:00:00,2023-08-06,1,6,1,summer,105,,,,
London,hour,2023-08-06 02:00:00,2023-08-06,2,6,1,summer,53,,,,
London,hour,2023-08-06 03:00:00,2023-08-06,3,6,1,summer,38,,,,
London,hour,2023-08-06 04:00:00,2023-08-06,4,6,1,summer,60,,,,
London,hour,2023-08-06 05:00:00,2023-08-06,5,6,1,summer,178,,,,
London,hour,2023-08-06 06:00:00,2023-08-06,6,6,1,summer,781,,,,
London,hour,2023-08-06 07:00:00,2023-08-06,7,6,1,summer,2066,,,,
London,hour,2023-08-06 08:00:00,2023-08-06,8,6,1,summer,3676,,,,
London,hour,2023-08-06 09:00:00,2023-08-06,9,6,1,summer,2007,,,,
London,hour,2023-08-06 10:00:00,2023-08-06,10,6,1,summer,1145,,,,
London,hour,2023-08-06 11:00:00,2023-08-06,11,6,1,summer,1142,,,,
London,hour,2023-08-06 12:00:00,2023-08-06,12,6,1,summer,1259,,,,
London,hour,2023-08-06 13:00:00,2023-08-06,13,6,1,summer,1374,,,,
London,hour,2023-08-06 14:00:00,2023-08-06,14,6,1,summer,1279,,,,
London,hour,2023-08-06 15:00:00,2023-08-06,15,6,1,summer,1476,,,,
London,hour,2023-08-06 16:00:00,2023-08-06,16,6,1,summer,2010,,,,
London,hour,2023-08-06 17:00:00,2023-08-06,17,6,1,summer,3496,,,,
London,hour,2023-08-06 18:00:00,2023-08-06,18,6,1,summer,3390,,,,
London,hour,2023-08-06 19:00:00,2023-08-06,19,6,1,summer,2254,,,,
London,hour,2023-08-06 20:00:00,2023-08-06,20,6,1,summer,1433,,,,
London,hour,2023-08-06 21:00:00,2023-08-06,21,6,1,summer,1097,,,,
London,hour,2023-08-06 22:00:00,2023-08-06,22,6,1,summer,809,,,,
London,hour,2023-08-06 23:00:00,2023-08-06,23,6,1,summer,493,,,,
London,hour,2023-08-07 08:00:00,2023-08-07,8,0,0,summer,1542,,,,
London,hour,2023-08-07 09:00:00,2023-08-07,9,0,0,summer,1488,,,,
London,hour,2023-08-07 10:00:00,2023-08-07,10,0,0,summer,934,,,,
London,hour,2023-08-07 11:00:00,2023-08-07,11,0,0,summer,957,,,,
London,hour,2023-08-07 12:00:00,2023-08-07,12,0,0,summer,1137,,,,
London,hour,2023-08-07 13:00:00,2023-08-07,13,0,0,summer,1134,,,,
London,hour,2023-08-07 14:00:00,2023-08-07,14,0,0,summer,1191,,,,
London,hour,2023-08-07 15:00:00,2023-08-07,15,0,0,summer,1229,,,,
London,hour,2023-08-07 16:00:00,2023-08-07,16,0,0,summer,1764,,,,
London,hour,2023-08-07 17:00:00,2023-08-07,17,0,0,summer,3140,,,,
London,hour,2023-08-07 18:00:00,2023-08-07,18,0,0,summer,3220,,,,
London,hour,2023-08-07 19:00:00,2023-08-07,19,0,0,summer,2038,,,,
London,hour,2023-08-07 20:00:00,2023-08-07,20,0,0,summer,1316,,,,
London,hour,2023-08-07 21:00:00,2023-08-07,21,0,0,summer,843,,,,
London,hour,2023-08-07 22:00:00,2023-08-07,22,0,0,summer,591,,,,
London,hour,2023-08-07 23:00:00,2023-08-07,23,0,0,summer,309,,,,
London,hour,2023-08-08 00:00:00,2023-08-08,0,1,0,summer,148,,,,
London,hour,2023-08-08 01:00:00,2023-08-08,1,1,0,summer,85,,,,
London,hour,2023-08-08 02:00:00,2023-08-08,2,1,0,summer,51,,,,
London,hour,2023-08-08 03:00:00,2023-08-08,3,1,0,summer,30,,,,
London,hour,2023-08-08 04:00:00,2023-08-08,4,1,0,summer,55,,,,
London,hour,2023-08-08 05:00:00,2023-08-08,5,1,0,summer,159,,,,
London,hour,2023-08-08 06:00:00,2023-08-08,6,1,0,summer,764,,,,
London,hour,2023-08-08 07:00:00,2023-08-08,7,1,0,summer,1887,,,,
London,hour,2023-08-08 08:00:00,2023-08-08,8,1,0,summer,3151,,,,
London,hour,2023-08-08 09:00:00,2023-08-08,9,1,0,summer,1607,,,,
London,hour,2023-08-08 10:00:00,2023-08-08,10,1,0,summer,614,,,,
London,hour,2023-08-08 11:00:00,2023-08-08,11,1,0,summer,484,,,,
London,hour,2023-08-08 12:00:00,2023-08-08,12,1,0,summer,582,,,,
London,hour,2023-08-08 13:00:00,2023-08-08,13,1,0,summer,519,,,,
London,hour,2023-08-08 14:00:00,2023-08-08,14,1,0,summer,485,,,,
London,hour,2023-08-08 15:00:00,2023-08-08,15,1,0,summer,801,,,,
London,hour,2023-08-08 16:00:00,2023-08-08,16,1,0,summer,1334,,,,
London,hour,2023-08-08 17:00:00,2023-08-08,17,1,0,summer,2740,,,,
London,hour,2023-08-08 18:00:00,2023-08-08,18,1,0,summer,2868,,,,
London,hour,2023-08-08 19:00:00,2023-08-08,19,1,0,summer,1452,,,,
London,hour,2023-08-08 20:00:00,2023-08-08,20,1,0,summer,1040,,,,
London,hour,2023-08-08 21:00:00,2023-08-08,21,1,0,summer,538,,,,
London,hour,2023-08-08 22:00:00,2023-08-08,22,1,0,summer,513,,,,
London,hour,2023-08-08 23:00:00,2023-08-08,23,1,0,summer,313,,,,
London,hour,2023-08-09 00:00:00,2023-08-09,0,2,0,summer,456,,,,
London,hour,2023-08-09 01:00:00,2023-08-09,1,2,0,summer,192,,,,
London,hour,2023-08-09 02:00:00,2023-08-09,2,2,0,summer,140,,,,
London,hour,2023-08-09 03:00:00,2023-08-09,3,2,0,summer,73,,,,
London,hour,2023-08-09 04:00:00,2023-08-09,4,2,0,summer,126,,,,
London,hour,2023-08-09 05:00:00,2023-08-09,5,2,0,summer,330,,,,
London,hour,2023-08-09 06:00:00,2023-08-09,6,2,0,summer,1383,,,,
London,hour,2023-08-09 07:00:00,2023-08-09,7,2,0,summer,3534,,,,
London,hour,2023-08-09 08:00:00,2023-08-09,8,2,0,summer,5925,,,,
London,hour,2023-08-09 09:00:00,2023-08-09,9,2,0,summer,2177,,,,
London,hour,2023-08-09 10:00:00,2023-08-09,10,2,0,summer,1147,,,,
London,hour,2023-08-09 11:00:00,2023-08-09,11,2,0,summer,1134,,,,
London,hour,2023-08-09 12:00:00,2023-08-09,12,2,0,summer,1401,,,,
London,hour,2023-08-09 13:00:00,2023-08-09,13,2,0,summer,1380,,,,
London,hour,2023-08-09 14:00:00,2023-08-09,14,2,0,summer,1363,,,,
London,hour,2023-08-09 15:00:00,2023-08-09,15,2,0,summer,1385,,,,
London,hour,2023-08-09 16:00:00,2023-08-09,16,2,0,summer,2021,,,,
London,hour,2023-08-09 17:00:00,2023-08-09,17,2,0,summer,3535,,,,
London,hour,2023-08-09 18:00:00,2023-08-09,18,2,0,summer,3537,,,,
London,hour,2023-08-09 19:00:00,2023-08-09,19,2,0,summer,2304,,,,
London,hour,2023-08-09 20:00:00,2023-08-09,20,2,0,summer,1615,,,,
London,hour,2023-08-09 21:00:00,2023-08-09,21,2,0,summer,1245,,,,
London,hour,2023-08-09 22:00:00,2023-08-09,22,2,0,summer,927,,,,
London,hour,2023-08-09 23:00:00,2023-08-09,23,2,0,summer,516,,,,
London,hour,2023-08-10 00:00:00,2023-08-10,0,3,0,summer,249,,,,
London,hour,2023-08-10 01:00:00,2023-08-10,1,3,0,summer,114,,,,
London,hour,2023-08-10 02:00:00,2023-08-10,2,3,0,summer,53,,,,
London,hour,2023-08-10 03:00:00,2023-08-10,3,3,0,summer,47,,,,
London,hour,2023-08-10 04:00:00,2023-08-10,4,3,0,summer,48,,,,
London,hour,2023-08-10 05:00:00,2023-08-10,5,3,0,summer,178,,,,
London,hour,2023-08-10 06:00:00,2023-08-10,6,3,0,summer,714,,,,
London,hour,2023-08-10 07:00:00,2023-08-10,7,3,0,summer,1875,,,,
London,hour,2023-08-10 08:00:00,2023-08-10,8,3,0,summer,3372,,,,
London,hour,2023-08-10 09:00:00,2023-08-10,9,3,0,summer,1863,,,,
London,hour,2023-08-10 10:00:00,2023-08-10,10,3,0,summer,1156,,,,
London,hour,2023-08-10 11:00:00,2023-08-10,11,3,0,summer,1163,,,,
London,hour,2023-08-10 12:00:00,2023-08-10,12,3,0,summer,1297,,,,
London,hour,2023-08-10 13:00:00,2023-08-10,13,3,0,summer,1193,,,,
London,hour,2023-08-10 14:00:00,2023-08-10,14,3,0,summer,1256,,,,
London,hour,2023-08-10 15:00:00,2023-08-10,15,3,0,summer,1428,,,,
London,hour,2023-08-10 16:00:00,2023-08-10,16,3,0,summer,1908,,,,
London,hour,2023-08-10 17:00:00,2023-08-10,17,3,0,summer,3300,,,,
London,hour,2023-08-10 18:00:00,2023-08-10,18,3,0,summer,3336,,,,
London,hour,2023-08-10 19:00:00,2023-08-10,19,3,0,summer,2194,,,,
London,hour,2023-08-10 20:00:00,2023-08-10,20,3,0,summer,1613,,,,
London,hour,2023-08-10 21:00:00,2023-08-10,21,3,0,summer,1155,,,,
London,hour,2023-08-10 22:00:00,2023-08-10,22,3,0,summer,934,,,,
London,hour,2023-08-10 23:00:00,2023-08-10,23,3,0,summer,504,,,,
London,hour,2023-08-11 00:00:00,2023-08-11,0,4,0,summer,282,,,,
London,hour,2023-08-11 01:00:00,2023-08-11,1,4,0,summer,166,,,,
London,hour,2023-08-11 02:00:00,2023-08-11,2,4,0,summer,113,,,,
London,hour,2023-08-11 03:00:00,2023-08-11,3,4,0,summer,44,,,,
London,hour,2023-08-11 04:00:00,2023-08-11,4,4,0,summer,80,,,,
London,hour,2023-08-11 05:00:00,2023-08-11,5,4,0,summer,137,,,,
London,hour,2023-08-11 06:00:00,2023-08-11,6,4,0,summer,504,,,,
London,hour,2023-08-11 07:00:00,2023-08-11,7,4,0,summer,1156,,,,
London,hour,2023-08-11 08:00:00,2023-08-11,8,4,0,summer,2037,,,,
London,hour,2023-08-11 09:00:00,2023-08-11,9,4,0,summer,1497,,,,
London,hour,2023-08-11 10:00:00,2023-08-11,10,4,0,summer,1051,,,,
London,hour,2023-08-11 11:00:00,2023-08-11,11,4,0,summer,1120,,,,
London,hour,2023-08-11 12:00:00,2023-08-11,12,4,0,summer,1316,,,,
London,hour,2023-08-11 13:00:00,2023-08-11,13,4,0,summer,1348,,,,
London,hour,2023-08-11 14:00:00,2023-08-11,14,4,0,summer,1282,,,,
London,hour,2023-08-11 15:00:00,2023-08-11,15,4,0,summer,1480,,,,
London,hour,2023-08-11 16:00:00,2023-08-11,16,4,0,summer,1920,,,,
London,hour,2023-08-11 17:00:00,2023-08-11,17,4,0,summer,2595,,,,
London,hour,2023-08-11 18:00:00,2023-08-11,18,4,0,summer,2532,,,,
London,hour,2023-08-11 19:00:00,2023-08-11,19,4,0,summer,1802,,,,
London,hour,2023-08-11 20:00:00,2023-08-11,20,4,0,summer,1256,,,,
London,hour,2023-08-11 21:00:00,2023-08-11,21,4,0,summer,835,,,,
London,hour,2023-08-11 22:00:00,2023-08-11,22,4,0,summer,730,,,,
London,hour,2023-08-11 23:00:00,2023-08-11,23,4,0,summer,636,,,,
London,hour,2023-08-12 00:00:00,2023-08-12,0,5,1,summer,453,,,,
London,hour,2023-08-12 01:00:00,2023-08-12,1,5,1,summer,318,,,,
London,hour,2023-08-12 02:00:00,2023-08-12,2,5,1,summer,194,,,,
London,hour,2023-08-12 03:00:00,2023-08-12,3,5,1,summer,116,,,,
London,hour,2023-08-12 04:00:00,2023-08-12,4,5,1,summer,109,,,,
London,hour,2023-08-12 05:00:00,2023-08-12,5,5,1,summer,96,,,,
London,hour,2023-08-12 06:00:00,2023-08-12,6,5,1,summer,150,,,,
London,hour,2023-08-12 07:00:00,2023-08-12,7,5,1,summer,328,,,,
London,hour,2023-08-12 08:00:00,2023-08-12,8,5,1,summer,707,,,,
London,hour,2023-08-12 09:00:00,2023-08-12,9,5,1,summer,1068,,,,
London,hour,2023-08-12 10:00:00,2023-08-12,10,5,1,summer,1429,,,,
London,hour,2023-08-12 11:00:00,2023-08-12,11,5,1,summer,1698,,,,
London,hour,2023-08-12 12:00:00,2023-08-12,12,5,1,summer,1445,,,,
London,hour,2023-08-12 13:00:00,2023-08-12,13,5,1,summer,1495,,,,
London,hour,2023-08-12 14:00:00,2023-08-12,14,5,1,summer,1598,,,,
London,hour,2023-08-12 15:00:00,2023-08-12,15,5,1,summer,1647,,,,
London,hour,2023-08-12 16:00:00,2023-08-12,16,5,1,summer,1671,,,,
London,hour,2023-08-12 17:00:00,2023-08-12,17,5,1,summer,1675,,,,
London,hour,2023-08-12 18:00:00,2023-08-12,18,5,1,summer,1388,,,,
London,hour,2023-08-12 19:00:00,2023-08-12,19,5,1,summer,1205,,,,
London,hour,2023-08-12 20:00:00,2023-08-12,20,5,1,summer,944,,,,
London,hour,2023-08-12 21:00:00,2023-08-12,21,5,1,summer,696,,,,
London,hour,2023-08-12 22:00:00,2023-08-12,22,5,1,summer,632,,,,
London,hour,2023-08-12 23:00:00,2023-08-12,23,5,1,summer,556,,,,
London,hour,2023-08-13 00:00:00,2023-08-13,0,6,1,summer,451,,,,
London,hour,2023-08-13 01:00:00,2023-08-13,1,6,1,summer,259,,,,
London,hour,2023-08-13 02:00:00,2023-08-13,2,6,1,summer,191,,,,
London,hour,2023-08-13 03:00:00,2023-08-13,3,6,1,summer,131,,,,
London,hour,2023-08-13 04:00:00,2023-08-13,4,6,1,summer,89,,,,
London,hour,2023-08-13 05:00:00,2023-08-13,5,6,1,summer,73,,,,
London,hour,2023-08-13 06:00:00,2023-08-13,6,6,1,summer,115,,,,
London,hour,2023-08-13 07:00:00,2023-08-13,7,6,1,summer,266,,,,
London,hour,2023-08-13 08:00:00,2023-08-13,8,6,1,summer,492,,,,
London,hour,2023-08-13 09:00:00,2023-08-13,9,6,1,summer,816,,,,
London,hour,2023-08-13 10:00:00,2023-08-13,10,6,1,summer,1185,,,,
London,hour,2023-08-13 11:00:00,2023-08-13,11,6,1,summer,1473,,,,
London,hour,2023-08-13 12:00:00,2023-08-13,12,6,1,summer,1708,,,,
London,hour,2023-08-13 13:00:00,2023-08-13,13,6,1,summer,1745,,,,
London,hour,2023-08-13 14:00:00,2023-08-13,14,6,1,summer,1678,,,,
London,hour,2023-08-13 15:00:00,2023-08-13,15,6,1,summer,1826,,,,
London,hour,2023-08-13 16:00:00,2023-08-13,16,6,1,summer,1796,,,,
London,hour,2023-08-13 17:00:00,2023-08-13,17,6,1,summer,1560,,,,
London,hour,2023-08-13 18:00:00,2023-08-13,18,6,1,summer,1642,,,,
London,hour,2023-08-13 19:00:00,2023-08-13,19,6,1,summer,1195,,,,
London,hour,2023-08-13 20:00:00,2023-08-13,20,6,1,summer,948,,,,
London,hour,2023-08-13 21:00:00,2023-08-13,21,6,1,summer,621,,,,
London,hour,2023-08-13 22:00:00,2023-08-13,22,6,1,summer,464,,,,
London,hour,2023-08-13 23:00:00,2023-08-13,23,6,1,summer,280,,,,
London,hour,2023-08-14 00:00:00,2023-08-14,0,0,0,summer,161,,,,
London,hour,2023-08-14 01:00:00,2023-08-14,1,0,0,summer,98,,,,
London,hour,2023-08-14 02:00:00,2023-08-14,2,0,0,summer,43,,,,
London,hour,2023-08-14 03:00:00,2023-08-14,3,0,0,summer,33,,,,
London,hour,2023-08-14 04:00:00,2023-08-14,4,0,0,summer,26,,,,
London,hour,2023-08-14 05:00:00,2023-08-14,5,0,0,summer,125,,,,
London,hour,2023-08-14 06:00:00,2023-08-14,6,0,0,summer,562,,,,
London,hour,2023-08-14 07:00:00,2023-08-14,7,0,0,summer,1267,,,,
London,hour,2023-08-14 08:00:00,2023-08-14,8,0,0,summer,2345,,,,
London,hour,2023-08-14 09:00:00,2023-08-14,9,0,0,summer,1406,,,,
London,hour,2023-08-14 10:00:00,2023-08-14,10,0,0,summer,856,,,,
London,hour,2023-08-14 11:00:00,2023-08-14,11,0,0,summer,990,,,,
London,hour,2023-08-14 12:00:00,2023-08-14,12,0,0,summer,1006,,,,
London,hour,2023-08-14 13:00:00,2023-08-14,13,0,0,summer,1161,,,,
London,hour,2023-08-14 14:00:00,2023-08-14,14,0,0,summer,949,,,,
London,hour,2023-08-14 15:00:00,2023-08-14,15,0,0,summer,936,,,,
London,hour,2023-08-14 16:00:00,2023-08-14,16,0,0,summer,1373,,,,
London,hour,2023-08-14 17:00:00,2023-08-14,17,0,0,summer,2725,,,,
London,hour,2023-08-14 18:00:00,2023-08-14,18,0,0,summer,2834,,,,
London,hour,2023-08-14 19:00:00,2023-08-14,19,0,0,summer,1895,,,,
London,hour,2023-08-14 20:00:00,2023-08-14,20,0,0,summer,1216,,,,
London,hour,2023-08-14 21:00:00,2023-08-14,21,0,0,summer,772,,,,
London,hour,2023-08-14 22:00:00,2023-08-14,22,0,0,summer,604,,,,
London,hour,2023-08-14 23:00:00,2023-08-14,23,0,0,summer,276,,,,
London,hour,2023-09-03 00:00:00,2023-09-03,0,6,1,fall,93,,,,
London,hour,2023-09-03 01:00:00,2023-09-03,1,6,1,fall,36,,,,
London,hour,2023-09-03 02:00:00,2023-09-03,2,6,1,fall,38,,,,
London,hour,2023-09-03 03:00:00,2023-09-03,3,6,1,fall,33,,,,
London,hour,2023-09-03 04:00:00,2023-09-03,4,6,1,fall,33,,,,
London,hour,2023-09-03 05:00:00,2023-09-03,5,6,1,fall,128,,,,
London,hour,2023-09-03 06:00:00,2023-09-03,6,6,1,fall,525,,,,
London,hour,2023-09-03 07:00:00,2023-09-03,7,6,1,fall,1056,,,,
London,hour,2023-09-03 08:00:00,2023-09-03,8,6,1,fall,1499,,,,
London,hour,2023-09-03 09:00:00,2023-09-03,9,6,1,fall,878,,,,
London,hour,2023-09-03 10:00:00,2023-09-03,10,6,1,fall,635,,,,
London,hour,2023-09-03 11:00:00,2023-09-03,11,6,1,fall,482,,,,
London,hour,2023-09-03 12:00:00,2023-09-03,12,6,1,fall,634,,,,
London,hour,2023-09-03 13:00:00,2023-09-03,13,6,1,fall,699,,,,
London,hour,2023-09-03 14:00:00,2023-09-03,14,6,1,fall,555,,,,
London,hour,2023-09-03 15:00:00,2023-09-03,15,6,1,fall,803,,,,
London,hour,2023-09-03 16:00:00,2023-09-03,16,6,1,fall,1203,,,,
London,hour,2023-09-03 17:00:00,2023-09-03,17,6,1,fall,2220,,,,
London,hour,2023-09-03 18:00:00,2023-09-03,18,6,1,fall,1881,,,,
London,hour,2023-09-03 19:00:00,2023-09-03,19,6,1,fall,1077,,,,
London,hour,2023-09-03 20:00:00,2023-09-03,20,6,1,fall,644,,,,
London,hour,2023-09-03 21:00:00,2023-09-03,21,6,1,fall,511,,,,
London,hour,2023-09-03 22:00:00,2023-09-03,22,6,1,fall,491,,,,
London,hour,2023-09-03 23:00:00,2023-09-03,23,6,1,fall,276,,,,
London,hour,2023-09-04 00:00:00,2023-09-04,0,0,0,fall,474,,,,
London,hour,2023-09-04 01:00:00,2023-09-04,1,0,0,fall,312,,,,
London,hour,2023-09-04 02:00:00,2023-09-04,2,0,0,fall,288,,,,
London,hour,2023-09-04 03:00:00,2023-09-04,3,0,0,fall,144,,,,
London,hour,2023-09-04 04:00:00,2023-09-04,4,0,0,fall,126,,,,
London,hour,2023-09-04 05:00:00,2023-09-04,5,0,0,fall,100,,,,
London,hour,2023-09-04 06:00:00,2023-09-04,6,0,0,fall,190,,,,
London,hour,2023-09-04 07:00:00,2023-09-04,7,0,0,fall,394,,,,
London,hour,2023-09-04 08:00:00,2023-09-04,8,0,0,fall,704,,,,
London,hour,2023-09-04 09:00:00,2023-09-04,9,0,0,fall,1298,,,,
London,hour,2023-09-04 10:00:00,2023-09-04,10,0,0,fall,1988,,,,
London,hour,2023-09-04 11:00:00,2023-09-04,11,0,0,fall,2692,,,,
London,hour,2023-09-04 12:00:00,2023-09-04,12,0,0,fall,3310,,,,
London,hour,2023-09-04 13:00:00,2023-09-04,13,0,0,fall,3542,,,,
London,hour,2023-09-04 14:00:00,2023-09-04,14,0,0,fall,3506,,,,
London,hour,2023-09-04 15:00:00,2023-09-04,15,0,0,fall,3830,,,,
London,hour,2023-09-04 16:00:00,2023-09-04,16,0,0,fall,3740,,,,
London,hour,2023-09-04 17:00:00,2023-09-04,17,0,0,fall,3074,,,,
London,hour,2023-09-04 18:00:00,2023-09-04,18,0,0,fall,2310,,,,
London,hour,2023-09-04 19:00:00,2023-09-04,19,0,0,fall,1752,,,,
London,hour,2023-09-04 20:00:00,2023-09-04,20,0,0,fall,1118,,,,
London,hour,2023-09-04 21:00:00,2023-09-04,21,0,0,fall,884,,,,
London,hour,2023-09-04 22:00:00,2023-09-04,22,0,0,fall,840,,,,
London,hour,2023-09-04 23:00:00,2023-09-04,23,0,0,fall,702,,,,
London,hour,2023-09-06 00:00:00,2023-09-06,0,2,0,fall,23,,,,
London,hour,2023-09-06 01:00:00,2023-09-06,1,2,0,fall,96,,,,
London,hour,2023-09-06 02:00:00,2023-09-06,2,2,0,fall,68,,,,
London,hour,2023-09-06 03:00:00,2023-09-06,3,2,0,fall,57,,,,
London,hour,2023-09-06 04:00:00,2023-09-06,4,2,0,fall,64,,,,
London,hour,2023-09-06 05:00:00,2023-09-06,5,2,0,fall,143,,,,
London,hour,2023-09-06 06:00:00,2023-09-06,6,2,0,fall,570,,,,
London,hour,2023-09-06 07:00:00,2023-09-06,7,2,0,fall,1481,,,,
London,hour,2023-09-06 08:00:00,2023-09-06,8,2,0,fall,2504,,,,
London,hour,2023-09-06 09:00:00,2023-09-06,9,2,0,fall,1613,,,,
London,hour,2023-09-06 10:00:00,2023-09-06,10,2,0,fall,1179,,,,
London,hour,2023-09-06 11:00:00,2023-09-06,11,2,0,fall,1179,,,,
London,hour,2023-09-06 12:00:00,2023-09-06,12,2,0,fall,1469,,,,
London,hour,2023-09-06 13:00:00,2023-09-06,13,2,0,fall,1377,,,,
London,hour,2023-09-06 14:00:00,2023-09-06,14,2,0,fall,1461,,,,
London,hour,2023-09-06 15:00:00,2023-09-06,15,2,0,fall,1599,,,,
London,hour,2023-09-06 16:00:00,2023-09-06,16,2,0,fall,2100,,,,
London,hour,2023-09-06 17:00:00,2023-09-06,17,2,0,fall,2822,,,,
London,hour,2023-09-06 18:00:00,2023-09-06,18,2,0,fall,2854,,,,
London,hour,2023-09-06 19:00:00,2023-09-06,19,2,0,fall,2053,,,,
London,hour,2023-09-06 20:00:00,2023-09-06,20,2,0,fall,1406,,,,
London,hour,2023-09-06 21:00:00,2023-09-06,21,2,0,fall,1025,,,,
London,hour,2023-09-06 22:00:00,2023-09-06,22,2,0,fall,889,,,,
London,hour,2023-09-06 23:00:00,2023-09-06,23,2,0,fall,650,,,,
London,hour,2023-09-08 09:00:00,2023-09-08,9,4,0,fall,1394,,,,
London,hour,2023-09-08 10:00:00,2023-09-08,10,4,0,fall,1121,,,,
London,hour,2023-09-08 11:00:00,2023-09-08,11,4,0,fall,1207,,,,
London,hour,2023-09-08 12:00:00,2023-09-08,12,4,0,fall,1340,,,,
London,hour,2023-09-08 13:00:00,2023-09-08,13,4,0,fall,1478,,,,
London,hour,2023-09-08 14:00:00,2023-09-08,14,4,0,fall,1394,,,,
London,hour,2023-09-08 15:00:00,2023-09-08,15,4,0,fall,1563,,,,
London,hour,2023-09-08 16:00:00,2023-09-08,16,4,0,fall,1935,,,,
London,hour,2023-09-08 17:00:00,2023-09-08,17,4,0,fall,2889,,,,
London,hour,2023-09-08 18:00:00,2023-09-08,18,4,0,fall,2774,,,,
London,hour,2023-09-08 19:00:00,2023-09-08,19,4,0,fall,2013,,,,
London,hour,2023-09-08 20:00:00,2023-09-08,20,4,0,fall,1174,,,,
London,hour,2023-09-08 21:00:00,2023-09-08,21,4,0,fall,876,,,,
London,hour,2023-09-08 22:00:00,2023-09-08,22,4,0,fall,933,,,,
London,hour,2023-09-08 23:00:00,2023-09-08,23,4,0,fall,809,,,,
London,hour,2023-09-09 00:00:00,2023-09-09,0,5,1,fall,546,,,,
London,hour,2023-09-09 01:00:00,2023-09-09,1,5,1,fall,394,,,,
London,hour,2023-09-09 02:00:00,2023-09-09,2,5,1,fall,229,,,,
London,hour,2023-09-09 03:00:00,2023-09-09,3,5,1,fall,115,,,,
London,hour,2023-09-09 04:00:00,2023-09-09,4,5,1,fall,107,,,,
London,hour,2023-09-09 05:00:00,2023-09-09,5,5,1,fall,132,,,,
London,hour,2023-09-09 06:00:00,2023-09-09,6,5,1,fall,210,,,,
London,hour,2023-09-09 07:00:00,2023-09-09,7,5,1,fall,411,,,,
London,hour,2023-09-09 08:00:00,2023-09-09,8,5,1,fall,832,,,,
London,hour,2023-09-09 09:00:00,2023-09-09,9,5,1,fall,1297,,,,
London,hour,2023-09-09 10:00:00,2023-09-09,10,5,1,fall,1658,,,,
London,hour,2023-09-09 11:00:00,2023-09-09,11,5,1,fall,1851,,,,
London,hour,2023-09-09 12:00:00,2023-09-09,12,5,1,fall,1939,,,,
London,hour,2023-09-09 13:00:00,2023-09-09,13,5,1,fall,1943,,,,
London,hour,2023-09-09 14:00:00,2023-09-09,14,5,1,fall,1899,,,,
London,hour,2023-09-09 15:00:00,2023-09-09,15,5,1,fall,1902,,,,
London,hour,2023-09-09 16:00:00,2023-09-09,16,5,1,fall,2098,,,,
London,hour,2023-09-09 17:00:00,2023-09-09,17,5,1,fall,1996,,,,
London,hour,2023-09-09 18:00:00,2023-09-09,18,5,1,fall,1972,,,,
London,hour,2023-09-09 19:00:00,2023-09-09,19,5,1,fall,1694,,,,
London,hour,2023-09-09 20:00:00,2023-09-09,20,5,1,fall,1126,,,,
London,hour,2023-09-09 21:00:00,2023-09-09,21,5,1,fall,983,,,,
London,hour,2023-09-09 22:00:00,2023-09-09,22,5,1,fall,930,,,,
London,hour,2023-09-09 23:00:00,2023-09-09,23,5,1,fall,785,,,,
London,hour,2023-09-10 00:00:00,2023-09-10,0,6,1,fall,601,,,,
London,hour,2023-09-10 01:00:00,2023-09-10,1,6,1,fall,455,,,,
London,hour,2023-09-10 02:00:00,2023-09-10,2,6,1,fall,238,,,,
London,hour,2023-09-10 03:00:00,2023-09-10,3,6,1,fall,144,,,,
London,hour,2023-09-10 04:00:00,2023-09-10,4,6,1,fall,104,,,,
London,hour,2023-09-10 05:00:00,2023-09-10,5,6,1,fall,92,,,,
London,hour,2023-09-10 06:00:00,2023-09-10,6,6,1,fall,187,,,,
London,hour,2023-09-10 07:00:00,2023-09-10,7,6,1,fall,293,,,,
London,hour,2023-09-10 08:00:00,2023-09-10,8,6,1,fall,567,,,,
London,hour,2023-09-10 09:00:00,2023-09-10,9,6,1,fall,985,,,,
London,hour,2023-09-10 10:00:00,2023-09-10,10,6,1,fall,1439,,,,
London,hour,2023-09-10 11:00:00,2023-09-10,11,6,1,fall,1661,,,,
London,hour,2023-09-10 12:00:00,2023-09-10,12,6,1,fall,1852,,,,
London,hour,2023-09-10 13:00:00,2023-09-10,13,6,1,fall,1929,,,,
London,hour,2023-09-10 14:00:00,2023-09-10,14,6,1,fall,1947,,,,
London,hour,2023-09-10 15:00:00,2023-09-10,15,6,1,fall,1878,,,,
London,hour,2023-09-10 16:00:00,2023-09-10,16,6,1,fall,1944,,,,
London,hour,2023-09-10 17:00:00,2023-09-10,17,6,1,fall,1863,,,,
London,hour,2023-09-10 18:00:00,2023-09-10,18,6,1,fall,1689,,,,
London,hour,2023-09-10 19:00:00,2023-09-10,19,6,1,fall,1484,,,,
London,hour,2023-09-10 20:00:00,2023-09-10,20,6,1,fall,897,,,,
London,hour,2023-09-10 21:00:00,2023-09-10,21,6,1,fall,721,,,,
London,hour,2023-09-10 22:00:00,2023-09-10,22,6,1,fall,571,,,,
London,hour,2023-09-10 23:00:00,2023-09-10,23,6,1,fall,333,,,,
London,hour,2023-09-11 00:00:00,2023-09-11,0,0,0,fall,195,,,,
London,hour,2023-09-11 01:00:00,2023-09-11,1,0,0,fall,99,,,,
London,hour,2023-09-11 02:00:00,2023-09-11,2,0,0,fall,36,,,,
London,hour,2023-09-11 03:00:00,2023-09-11,3,0,0,fall,39,,,,
London,hour,2023-09-11 04:00:00,2023-09-11,4,0,0,fall,58,,,,
London,hour,2023-09-11 05:00:00,2023-09-11,5,0,0,fall,170,,,,
London,hour,2023-09-11 06:00:00,2023-09-11,6,0,0,fall,734,,,,
London,hour,2023-09-11 07:00:00,2023-09-11,7,0,0,fall,2082,,,,
London,hour,2023-09-11 08:00:00,2023-09-11,8,0,0,fall,3491,,,,
London,hour,2023-09-11 09:00:00,2023-09-11,9,0,0,fall,1783,,,,
London,hour,2023-09-11 10:00:00,2023-09-11,10,0,0,fall,971,,,,
London,hour,2023-09-11 11:00:00,2023-09-11,11,0,0,fall,1024,,,,
London,hour,2023-09-11 12:00:00,2023-09-11,12,0,0,fall,1251,,,,
London,hour,2023-09-11 13:00:00,2023-09-11,13,0,0,fall,1221,,,,
London,hour,2023-09-11 14:00:00,2023-09-11,14,0,0,fall,1155,,,,
London,hour,2023-09-11 15:00:00,2023-09-11,15,0,0,fall,1327,,,,
London,hour,2023-09-11 16:00:00,2023-09-11,16,0,0,fall,1902,,,,
London,hour,2023-09-11 17:00:00,2023-09-11,17,0,0,fall,3430,,,,
London,hour,2023-09-11 18:00:00,2023-09-11,18,0,0,fall,3611,,,,
London,hour,2023-09-11 19:00:00,2023-09-11,19,0,0,fall,2208,,,,
London,hour,2023-09-11 20:00:00,2023-09-11,20,0,0,fall,1347,,,,
London,hour,2023-09-11 21:00:00,2023-09-11,21,0,0,fall,819,,,,
London,hour,2023-09-11 22:00:00,2023-09-11,22,0,0,fall,572,,,,
London,hour,2023-09-11 23:00:00,2023-09-11,23,0,0,fall,305,,,,
London,hour,2023-09-12 00:00:00,2023-09-12,0,1,0,fall,172,,,,
London,hour,2023-09-12 01:00:00,2023-09-12,1,1,0,fall,75,,,,
London,hour,2023-09-12 02:00:00,2023-09-12,2,1,0,fall,50,,,,
London,hour,2023-09-12 03:00:00,2023-09-12,3,1,0,fall,23,,,,
London,hour,2023-09-12 04:00:00,2023-09-12,4,1,0,fall,49,,,,
London,hour,2023-09-12 05:00:00,2023-09-12,5,1,0,fall,202,,,,
London,hour,2023-09-12 06:00:00,2023-09-12,6,1,0,fall,924,,,,
London,hour,2023-09-12 07:00:00,2023-09-12,7,1,0,fall,2481,,,,
London,hour,2023-09-12 08:00:00,2023-09-12,8,1,0,fall,4090,,,,
London,hour,2023-09-12 09:00:00,2023-09-12,9,1,0,fall,2074,,,,
London,hour,2023-09-12 10:00:00,2023-09-12,10,1,0,fall,1173,,,,
London,hour,2023-09-12 11:00:00,2023-09-12,11,1,0,fall,1080,,,,
London,hour,2023-09-12 12:00:00,2023-09-12,12,1,0,fall,1164,,,,
London,hour,2023-09-12 13:00:00,2023-09-12,13,1,0,fall,1236,,,,
London,hour,2023-09-12 14:00:00,2023-09-12,14,1,0,fall,1152,,,,
London,hour,2023-09-12 15:00:00,2023-09-12,15,1,0,fall,1354,,,,
London,hour,2023-09-12 16:00:00,2023-09-12,16,1,0,fall,1804,,,,
London,hour,2023-09-12 17:00:00,2023-09-12,17,1,0,fall,3379,,,,
London,hour,2023-09-12 18:00:00,2023-09-12,18,1,0,fall,3063,,,,
London,hour,2023-09-12 19:00:00,2023-09-12,19,1,0,fall,1623,,,,
London,hour,2023-09-12 20:00:00,2023-09-12,20,1,0,fall,1191,,,,
London,hour,2023-09-12 21:00:00,2023-09-12,21,1,0,fall,817,,,,
London,hour,2023-09-12 22:00:00,2023-09-12,22,1,0,fall,636,,,,
London,hour,2023-09-12 23:00:00,2023-09-12,23,1,0,fall,308,,,,
London,hour,2023-09-13 00:00:00,2023-09-13,0,2,0,fall,158,,,,
London,hour,2023-09-13 01:00:00,2023-09-13,1,2,0,fall,68,,,,
London,hour,2023-09-13 02:00:00,2023-09-13,2,2,0,fall,42,,,,
London,hour,2023-09-13 03:00:00,2023-09-13,3,2,0,fall,18,,,,
London,hour,2023-09-13 04:00:00,2023-09-13,4,2,0,fall,46,,,,
London,hour,2023-09-13 05:00:00,2023-09-13,5,2,0,fall,172,,,,
London,hour,2023-09-13 06:00:00,2023-09-13,6,2,0,fall,855,,,,
London,hour,2023-09-13 07:00:00,2023-09-13,7,2,0,fall,2350,,,,
London,hour,2023-09-13 08:00:00,2023-09-13,8,2,0,fall,4157,,,,
London,hour,2023-09-13 09:00:00,2023-09-13,9,2,0,fall,2053,,,,
London,hour,2023-09-13 10:00:00,2023-09-13,10,2,0,fall,1143,,,,
London,hour,2023-09-13 11:00:00,2023-09-13,11,2,0,fall,1155,,,,
London,hour,2023-09-13 12:00:00,2023-09-13,12,2,0,fall,1314,,,,
London,hour,2023-09-13 13:00:00,2023-09-13,13,2,0,fall,1254,,,,
London,hour,2023-09-13 14:00:00,2023-09-13,14,2,0,fall,1201,,,,
London,hour,2023-09-13 15:00:00,2023-09-13,15,2,0,fall,1418,,,,
London,hour,2023-09-13 16:00:00,2023-09-13,16,2,0,fall,1990,,,,
London,hour,2023-09-13 17:00:00,2023-09-13,17,2,0,fall,3681,,,,
London,hour,2023-09-13 18:00:00,2023-09-13,18,2,0,fall,3559,,,,
London,hour,2023-09-13 19:00:00,2023-09-13,19,2,0,fall,2185,,,,
London,hour,2023-09-13 20:00:00,2023-09-13,20,2,0,fall,1367,,,,
London,hour,2023-09-13 21:00:00,2023-09-13,21,2,0,fall,1026,,,,
London,hour,2023-09-13 22:00:00,2023-09-13,22,2,0,fall,793,,,,
London,hour,2023-09-13 23:00:00,2023-09-13,23,2,0,fall,493,,,,
London,hour,2023-09-14 00:00:00,2023-09-14,0,3,0,fall,228,,,,
London,hour,2023-09-14 01:00:00,2023-09-14,1,3,0,fall,87,,,,
London,hour,2023-09-14 02:00:00,2023-09-14,2,3,0,fall,76,,,,
London,hour,2023-09-14 03:00:00,2023-09-14,3,3,0,fall,45,,,,
London,hour,2023-09-14 04:00:00,2023-09-14,4,3,0,fall,63,,,,
London,hour,2023-09-14 05:00:00,2023-09-14,5,3,0,fall,191,,,,
London,hour,2023-09-14 06:00:00,2023-09-14,6,3,0,fall,811,,,,
London,hour,2023-09-14 07:00:00,2023-09-14,7,3,0,fall,2376,,,,
London,hour,2023-09-14 08:00:00,2023-09-14,8,3,0,fall,4099,,,,
London,hour,2023-09-14 09:00:00,2023-09-14,9,3,0,fall,2151,,,,
London,hour,2023-09-14 10:00:00,2023-09-14,10,3,0,fall,1242,,,,
London,hour,2023-09-14 11:00:00,2023-09-14,11,3,0,fall,1167,,,,
London,hour,2023-09-14 12:00:00,2023-09-14,12,3,0,fall,1317,,,,
London,hour,2023-09-14 13:00:00,2023-09-14,13,3,0,fall,1360,,,,
London,hour,2023-09-14 14:00:00,2023-09-14,14,3,0,fall,1220,,,,
London,hour,2023-09-14 15:00:00,2023-09-14,15,3,0,fall,1523,,,,
London,hour,2023-09-14 16:00:00,2023-09-14,16,3,0,fall,2060,,,,
London,hour,2023-09-14 17:00:00,2023-09-14,17,3,0,fall,3709,,,,
London,hour,2023-09-14 18:00:00,2023-09-14,18,3,0,fall,3613,,,,
London,hour,2023-09-14 19:00:00,2023-09-14,19,3,0,fall,2269,,,,
London,hour,2023-09-14 20:00:00,2023-09-14,20,3,0,fall,1516,,,,
London,hour,2023-09-14 21:00:00,2023-09-14,21,3,0,fall,1081,,,,
London,hour,2023-09-14 22:00:00,2023-09-14,22,3,0,fall,941,,,,
London,hour,2023-09-14 23:00:00,2023-09-14,23,3,0,fall,583,,,,
London,hour,2023-09-15 00:00:00,2023-09-15,0,4,0,fall,327,,,,
London,hour,2023-09-15 01:00:00,2023-09-15,1,4,0,fall,176,,,,
London,hour,2023-09-15 02:00:00,2023-09-15,2,4,0,fall,84,,,,
London,hour,2023-09-15 03:00:00,2023-09-15,3,4,0,fall,67,,,,
London,hour,2023-09-15 04:00:00,2023-09-15,4,4,0,fall,67,,,,
London,hour,2023-09-15 05:00:00,2023-09-15,5,4,0,fall,175,,,,
London,hour,2023-09-15 06:00:00,2023-09-15,6,4,0,fall,643,,,,
London,hour,2023-09-15 07:00:00,2023-09-15,7,4,0,fall,1676,,,,
London,hour,2023-09-15 08:00:00,2023-09-15,8,4,0,fall,2854,,,,
London,hour,2023-09-15 09:00:00,2023-09-15,9,4,0,fall,1809,,,,
London,hour,2023-09-15 10:00:00,2023-09-15,10,4,0,fall,1237,,,,
London,hour,2023-09-15 11:00:00,2023-09-15,11,4,0,fall,1263,,,,
London,hour,2023-09-15 12:00:00,2023-09-15,12,4,0,fall,1523,,,,
London,hour,2023-09-15 13:00:00,2023-09-15,13,4,0,fall,1569,,,,
London,hour,2023-09-15 14:00:00,2023-09-15,14,4,0,fall,1500,,,,
London,hour,2023-09-15 15:00:00,2023-09-15,15,4,0,fall,1695,,,,
London,hour,2023-09-15 16:00:00,2023-09-15,16,4,0,fall,2194,,,,
London,hour,2023-09-15 17:00:00,2023-09-15,17,4,0,fall,3161,,,,
London,hour,2023-09-15 18:00:00,2023-09-15,18,4,0,fall,3002,,,,
London,hour,2023-09-15 19:00:00,2023-09-15,19,4,0,fall,2166,,,,
London,hour,2023-09-15 20:00:00,2023-09-15,20,4,0,fall,1346,,,,
London,hour,2023-09-15 21:00:00,2023-09-15,21,4,0,fall,975,,,,
London,hour,2023-09-15 22:00:00,2023-09-15,22,4,0,fall,882,,,,
London,hour,2023-09-15 23:00:00,2023-09-15,23,4,0,fall,673,,,,
London,hour,2023-09-16 00:00:00,2023-09-16,0,5,1,fall,531,,,,
London,hour,2023-09-16 01:00:00,2023-09-16,1,5,1,fall,384,,,,
London,hour,2023-09-16 02:00:00,2023-09-16,2,5,1,fall,273,,,,
London,hour,2023-09-16 03:00:00,2023-09-16,3,5,1,fall,157,,,,
London,hour,2023-09-16 04:00:00,2023-09-16,4,5,1,fall,99,,,,
London,hour,2023-09-16 05:00:00,2023-09-16,5,5,1,fall,96,,,,
London,hour,2023-09-16 06:00:00,2023-09-16,6,5,1,fall,197,,,,
London,hour,2023-09-16 07:00:00,2023-09-16,7,5,1,fall,428,,,,
London,hour,2023-09-16 08:00:00,2023-09-16,8,5,1,fall,882,,,,
London,hour,2023-09-16 09:00:00,2023-09-16,9,5,1,fall,1377,,,,
London,hour,2023-09-16 10:00:00,2023-09-16,10,5,1,fall,1783,,,,
London,hour,2023-09-16 11:00:00,2023-09-16,11,5,1,fall,2251,,,,
London,hour,2023-09-16 12:00:00,2023-09-16,12,5,1,fall,2376,,,,
London,hour,2023-09-16 13:00:00,2023-09-16,13,5,1,fall,2387,,,,
London,hour,2023-09-16 14:00:00,2023-09-16,14,5,1,fall,2413,,,,
London,hour,2023-09-16 15:00:00,2023-09-16,15,5,1,fall,2364,,,,
London,hour,2023-09-16 16:00:00,2023-09-16,16,5,1,fall,2367,,,,
London,hour,2023-09-16 17:00:00,2023-09-16,17,5,1,fall,2543,,,,
London,hour,2023-09-16 18:00:00,2023-09-16,18,5,1,fall,2210,,,,
London,hour,2023-09-16 19:00:00,2023-09-16,19,5,1,fall,1803,,,,
London,hour,2023-09-16 20:00:00,2023-09-16,20,5,1,fall,1123,,,,
London,hour,2023-09-16 21:00:00,2023-09-16,21,5,1,fall,847,,,,
London,hour,2023-09-16 22:00:00,2023-09-16,22,5,1,fall,768,,,,
London,hour,2023-09-16 23:00:00,2023-09-16,23,5,1,fall,698,,,,
London,hour,2023-09-17 00:00:00,2023-09-17,0,6,1,fall,529,,,,
London,hour,2023-09-17 01:00:00,2023-09-17,1,6,1,fall,343,,,,
London,hour,2023-09-17 02:00:00,2023-09-17,2,6,1,fall,271,,,,
London,hour,2023-09-17 03:00:00,2023-09-17,3,6,1,fall,218,,,,
London,hour,2023-09-17 04:00:00,2023-09-17,4,6,1,fall,109,,,,
London,hour,2023-09-17 05:00:00,2023-09-17,5,6,1,fall,85,,,,
London,hour,2023-09-17 06:00:00,2023-09-17,6,6,1,fall,139,,,,
London,hour,2023-09-17 07:00:00,2023-09-17,7,6,1,fall,304,,,,
London,hour,2023-09-17 08:00:00,2023-09-17,8,6,1,fall,547,,,,
London,hour,2023-09-17 09:00:00,2023-09-17,9,6,1,fall,987,,,,
London,hour,2023-09-17 10:00:00,2023-09-17,10,6,1,fall,1458,,,,
London,hour,2023-09-17 11:00:00,2023-09-17,11,6,1,fall,1695,,,,
London,hour,2023-09-17 12:00:00,2023-09-17,12,6,1,fall,1870,,,,
London,hour,2023-09-17 13:00:00,2023-09-17,13,6,1,fall,1152,,,,
London,hour,2023-09-17 14:00:00,2023-09-17,14,6,1,fall,928,,,,
London,hour,2023-09-17 15:00:00,2023-09-17,15,6,1,fall,706,,,,
London,hour,2023-09-17 16:00:00,2023-09-17,16,6,1,fall,1330,,,,
London,hour,2023-09-17 17:00:00,2023-09-17,17,6,1,fall,1434,,,,
London,hour,2023-09-17 18:00:00,2023-09-17,18,6,1,fall,1400,,,,
London,hour,2023-09-17 19:00:00,2023-09-17,19,6,1,fall,1068,,,,
London,hour,2023-09-17 20:00:00,2023-09-17,20,6,1,fall,674,,,,
London,hour,2023-09-17 21:00:00,2023-09-17,21,6,1,fall,530,,,,
London,hour,2023-09-17 22:00:00,2023-09-17,22,6,1,fall,511,,,,
London,hour,2023-09-17 23:00:00,2023-09-17,23,6,1,fall,262,,,,
London,hour,2023-09-18 00:00:00,2023-09-18,0,0,0,fall,101,,,,
London,hour,2023-09-18 01:00:00,2023-09-18,1,0,0,fall,24,,,,
London,hour,2023-09-18 02:00:00,2023-09-18,2,0,0,fall,45,,,,
London,hour,2023-09-18 03:00:00,2023-09-18,3,0,0,fall,30,,,,
London,hour,2023-09-18 04:00:00,2023-09-18,4,0,0,fall,49,,,,
London,hour,2023-09-18 05:00:00,2023-09-18,5,0,0,fall,174,,,,
London,hour,2023-09-18 06:00:00,2023-09-18,6,0,0,fall,644,,,,
London,hour,2023-09-18 07:00:00,2023-09-18,7,0,0,fall,2066,,,,
London,hour,2023-09-18 08:00:00,2023-09-18,8,0,0,fall,3473,,,,
London,hour,2023-09-18 09:00:00,2023-09-18,9,0,0,fall,1774,,,,
London,hour,2023-09-18 10:00:00,2023-09-18,10,0,0,fall,945,,,,
London,hour,2023-09-18 11:00:00,2023-09-18,11,0,0,fall,823,,,,
London,hour,2023-09-18 12:00:00,2023-09-18,12,0,0,fall,1024,,,,
London,hour,2023-09-18 13:00:00,2023-09-18,13,0,0,fall,1068,,,,
London,hour,2023-09-18 14:00:00,2023-09-18,14,0,0,fall,930,,,,
London,hour,2023-09-18 15:00:00,2023-09-18,15,0,0,fall,1180,,,,
London,hour,2023-09-18 16:00:00,2023-09-18,16,0,0,fall,1757,,,,
London,hour,2023-09-18 17:00:00,2023-09-18,17,0,0,fall,3278,,,,
London,hour,2023-09-18 18:00:00,2023-09-18,18,0,0,fall,3401,,,,
London,hour,2023-09-18 19:00:00,2023-09-18,19,0,0,fall,1985,,,,
London,hour,2023-09-18 20:00:00,2023-09-18,20,0,0,fall,1238,,,,
London,hour,2023-09-18 21:00:00,2023-09-18,21,0,0,fall,796,,,,
London,hour,2023-09-18 22:00:00,2023-09-18,22,0,0,fall,541,,,,
London,hour,2023-09-18 23:00:00,2023-09-18,23,0,0,fall,294,,,,
London,hour,2023-09-19 00:00:00,2023-09-19,0,1,0,fall,122,,,,
London,hour,2023-09-19 01:00:00,2023-09-19,1,1,0,fall,79,,,,
London,hour,2023-09-19 02:00:00,2023-09-19,2,1,0,fall,68,,,,
London,hour,2023-09-19 03:00:00,2023-09-19,3,1,0,fall,33,,,,
London,hour,2023-09-19 04:00:00,2023-09-19,4,1,0,fall,51,,,,
London,hour,2023-09-19 05:00:00,2023-09-19,5,1,0,fall,205,,,,
London,hour,2023-09-19 06:00:00,2023-09-19,6,1,0,fall,799,,,,
London,hour,2023-09-19 07:00:00,2023-09-19,7,1,0,fall,2324,,,,
London,hour,2023-09-19 08:00:00,2023-09-19,8,1,0,fall,4062,,,,
London,hour,2023-09-19 09:00:00,2023-09-19,9,1,0,fall,1849,,,,
London,hour,2023-09-19 10:00:00,2023-09-19,10,1,0,fall,1034,,,,
London,hour,2023-09-19 11:00:00,2023-09-19,11,1,0,fall,937,,,,
London,hour,2023-09-19 12:00:00,2023-09-19,12,1,0,fall,1095,,,,
London,hour,2023-09-19 13:00:00,2023-09-19,13,1,0,fall,895,,,,
London,hour,2023-09-19 14:00:00,2023-09-19,14,1,0,fall,711,,,,
London,hour,2023-09-19 15:00:00,2023-09-19,15,1,0,fall,1092,,,,
London,hour,2023-09-19 16:00:00,2023-09-19,16,1,0,fall,1794,,,,
London,hour,2023-09-19 17:00:00,2023-09-19,17,1,0,fall,3440,,,,
London,hour,2023-09-19 18:00:00,2023-09-19,18,1,0,fall,3461,,,,
London,hour,2023-09-19 19:00:00,2023-09-19,19,1,0,fall,2058,,,,
London,hour,2023-09-19 20:00:00,2023-09-19,20,1,0,fall,1271,,,,
London,hour,2023-09-19 21:00:00,2023-09-19,21,1,0,fall,896,,,,
London,hour,2023-09-19 22:00:00,2023-09-19,22,1,0,fall,687,,,,
London,hour,2023-09-19 23:00:00,2023-09-19,23,1,0,fall,388,,,,
London,hour,2023-09-20 00:00:00,2023-09-20,0,2,0,fall,140,,,,
London,hour,2023-09-20 01:00:00,2023-09-20,1,2,0,fall,82,,,,
London,hour,2023-09-20 02:00:00,2023-09-20,2,2,0,fall,53,,,,
London,hour,2023-09-20 03:00:00,2023-09-20,3,2,0,fall,28,,,,
London,hour,2023-09-20 04:00:00,2023-09-20,4,2,0,fall,66,,,,
London,hour,2023-09-20 05:00:00,2023-09-20,5,2,0,fall,192,,,,
London,hour,2023-09-20 06:00:00,2023-09-20,6,2,0,fall,776,,,,
London,hour,2023-09-20 07:00:00,2023-09-20,7,2,0,fall,2181,,,,
London,hour,2023-09-20 08:00:00,2023-09-20,8,2,0,fall,3957,,,,
London,hour,2023-09-20 09:00:00,2023-09-20,9,2,0,fall,2041,,,,
London,hour,2023-09-20 10:00:00,2023-09-20,10,2,0,fall,1164,,,,
London,hour,2023-09-20 11:00:00,2023-09-20,11,2,0,fall,1083,,,,
London,hour,2023-09-20 12:00:00,2023-09-20,12,2,0,fall,1131,,,,
London,hour,2023-09-20 13:00:00,2023-09-20,13,2,0,fall,1102,,,,
London,hour,2023-09-20 14:00:00,2023-09-20,14,2,0,fall,427,,,,
London,hour,2023-09-20 15:00:00,2023-09-20,15,2,0,fall,379,,,,
London,hour,2023-09-20 16:00:00,2023-09-20,16,2,0,fall,756,,,,
London,hour,2023-09-20 17:00:00,2023-09-20,17,2,0,fall,1352,,,,
London,hour,2023-09-20 18:00:00,2023-09-20,18,2,0,fall,1191,,,,
London,hour,2023-09-20 19:00:00,2023-09-20,19,2,0,fall,776,,,,
London,hour,2023-09-20 20:00:00,2023-09-20,20,2,0,fall,517,,,,
London,hour,2023-09-20 21:00:00,2023-09-20,21,2,0,fall,355,,,,
London,hour,2023-09-20 22:00:00,2023-09-20,22,2,0,fall,207,,,,
London,hour,2023-09-20 23:00:00,2023-09-20,23,2,0,fall,299,,,,
London,hour,2023-09-21 00:00:00,2023-09-21,0,3,0,fall,143,,,,
London,hour,2023-09-21 01:00:00,2023-09-21,1,3,0,fall,82,,,,
London,hour,2023-09-21 02:00:00,2023-09-21,2,3,0,fall,52,,,,
London,hour,2023-09-21 03:00:00,2023-09-21,3,3,0,fall,43,,,,
London,hour,2023-09-21 04:00:00,2023-09-21,4,3,0,fall,57,,,,
London,hour,2023-09-21 05:00:00,2023-09-21,5,3,0,fall,172,,,,
London,hour,2023-09-21 06:00:00,2023-09-21,6,3,0,fall,788,,,,
London,hour,2023-09-21 07:00:00,2023-09-21,7,3,0,fall,2041,,,,
London,hour,2023-09-21 08:00:00,2023-09-21,8,3,0,fall,3789,,,,
London,hour,2023-09-21 09:00:00,2023-09-21,9,3,0,fall,2050,,,,
London,hour,2023-09-21 10:00:00,2023-09-21,10,3,0,fall,1102,,,,
London,hour,2023-09-21 11:00:00,2023-09-21,11,3,0,fall,1100,,,,
London,hour,2023-09-21 12:00:00,2023-09-21,12,3,0,fall,1229,,,,
London,hour,2023-09-21 13:00:00,2023-09-21,13,3,0,fall,1215,,,,
London,hour,2023-09-21 14:00:00,2023-09-21,14,3,0,fall,626,,,,
London,hour,2023-09-21 15:00:00,2023-09-21,15,3,0,fall,954,,,,
London,hour,2023-09-21 16:00:00,2023-09-21,16,3,0,fall,1812,,,,
London,hour,2023-09-21 17:00:00,2023-09-21,17,3,0,fall,2243,,,,
London,hour,2023-09-21 18:00:00,2023-09-21,18,3,0,fall,1633,,,,
London,hour,2023-09-21 19:00:00,2023-09-21,19,3,0,fall,1499,,,,
London,hour,2023-09-21 20:00:00,2023-09-21,20,3,0,fall,969,,,,
London,hour,2023-09-21 21:00:00,2023-09-21,21,3,0,fall,783,,,,
London,hour,2023-09-21 22:00:00,2023-09-21,22,3,0,fall,659,,,,
London,hour,2023-09-21 23:00:00,2023-09-21,23,3,0,fall,435,,,,
London,hour,2023-09-22 00:00:00,2023-09-22,0,4,0,fall,240,,,,
London,hour,2023-09-22 01:00:00,2023-09-22,1,4,0,fall,141,,,,
London,hour,2023-09-22 02:00:00,2023-09-22,2,4,0,fall,90,,,,
London,hour,2023-09-22 03:00:00,2023-09-22,3,4,0,fall,41,,,,
London,hour,2023-09-22 04:00:00,2023-09-22,4,4,0,fall,66,,,,
London,hour,2023-09-22 05:00:00,2023-09-22,5,4,0,fall,159,,,,
London,hour,2023-09-22 06:00:00,2023-09-22,6,4,0,fall,646,,,,
London,hour,2023-09-22 07:00:00,2023-09-22,7,4,0,fall,1588,,,,
London,hour,2023-09-22 08:00:00,2023-09-22,8,4,0,fall,2590,,,,
London,hour,2023-09-22 09:00:00,2023-09-22,9,4,0,fall,1805,,,,
London,hour,2023-09-22 10:00:00,2023-09-22,10,4,0,fall,1237,,,,
London,hour,2023-09-22 11:00:00,2023-09-22,11,4,0,fall,1300,,,,
London,hour,2023-09-22 12:00:00,2023-09-22,12,4,0,fall,1458,,,,
London,hour,2023-09-22 13:00:00,2023-09-22,13,4,0,fall,1491,,,,
London,hour,2023-09-22 14:00:00,2023-09-22,14,4,0,fall,1492,,,,
London,hour,2023-09-22 15:00:00,2023-09-22,15,4,0,fall,1615,,,,
London,hour,2023-09-22 16:00:00,2023-09-22,16,4,0,fall,1569,,,,
London,hour,2023-09-22 17:00:00,2023-09-22,17,4,0,fall,2398,,,,
London,hour,2023-09-22 18:00:00,2023-09-22,18,4,0,fall,2509,,,,
London,hour,2023-09-22 19:00:00,2023-09-22,19,4,0,fall,1630,,,,
London,hour,2023-09-22 20:00:00,2023-09-22,20,4,0,fall,1097,,,,
London,hour,2023-09-22 21:00:00,2023-09-22,21,4,0,fall,785,,,,
London,hour,2023-09-22 22:00:00,2023-09-22,22,4,0,fall,608,,,,
London,hour,2023-09-22 23:00:00,2023-09-22,23,4,0,fall,559,,,,
London,hour,2023-09-23 00:00:00,2023-09-23,0,5,1,fall,456,,,,
London,hour,2023-09-23 01:00:00,2023-09-23,1,5,1,fall,268,,,,
London,hour,2023-09-23 02:00:00,2023-09-23,2,5,1,fall,176,,,,
London,hour,2023-09-23 03:00:00,2023-09-23,3,5,1,fall,138,,,,
London,hour,2023-09-23 04:00:00,2023-09-23,4,5,1,fall,87,,,,
London,hour,2023-09-23 05:00:00,2023-09-23,5,5,1,fall,106,,,,
London,hour,2023-09-23 06:00:00,2023-09-23,6,5,1,fall,164,,,,
London,hour,2023-09-23 07:00:00,2023-09-23,7,5,1,fall,380,,,,
London,hour,2023-09-23 08:00:00,2023-09-23,8,5,1,fall,737,,,,
London,hour,2023-09-23 09:00:00,2023-09-23,9,5,1,fall,1259,,,,
London,hour,2023-09-23 10:00:00,2023-09-23,10,5,1,fall,1507,,,,
London,hour,2023-09-23 11:00:00,2023-09-23,11,5,1,fall,1913,,,,
London,hour,2023-09-23 12:00:00,2023-09-23,12,5,1,fall,2120,,,,
London,hour,2023-09-23 13:00:00,2023-09-23,13,5,1,fall,2242,,,,
London,hour,2023-09-23 14:00:00,2023-09-23,14,5,1,fall,2163,,,,
London,hour,2023-09-23 15:00:00,2023-09-23,15,5,1,fall,2172,,,,
London,hour,2023-09-23 16:00:00,2023-09-23,16,5,1,fall,2121,,,,
London,hour,2023-09-23 17:00:00,2023-09-23,17,5,1,fall,1936,,,,
London,hour,2023-09-23 18:00:00,2023-09-23,18,5,1,fall,1727,,,,
London,hour,2023-09-23 19:00:00,2023-09-23,19,5,1,fall,1311,,,,
London,hour,2023-09-23 20:00:00,2023-09-23,20,5,1,fall,859,,,,
London,hour,2023-09-23 21:00:00,2023-09-23,21,5,1,fall,661,,,,
London,hour,2023-09-23 22:00:00,2023-09-23,22,5,1,fall,703,,,,
London,hour,2023-09-23 23:00:00,2023-09-23,23,5,1,fall,568,,,,
London,hour,2023-09-24 00:00:00,2023-09-24,0,6,1,fall,477,,,,
London,hour,2023-09-24 01:00:00,2023-09-24,1,6,1,fall,314,,,,
London,hour,2023-09-24 02:00:00,2023-09-24,2,6,1,fall,240,,,,
London,hour,2023-09-24 03:00:00,2023-09-24,3,6,1,fall,152,,,,
London,hour,2023-09-24 04:00:00,2023-09-24,4,6,1,fall,96,,,,
London,hour,2023-09-24 05:00:00,2023-09-24,5,6,1,fall,73,,,,
London,hour,2023-09-24 06:00:00,2023-09-24,6,6,1,fall,153,,,,
London,hour,2023-09-24 07:00:00,2023-09-24,7,6,1,fall,259,,,,
London,hour,2023-09-24 08:00:00,2023-09-24,8,6,1,fall,541,,,,
London,hour,2023-09-24 09:00:00,2023-09-24,9,6,1,fall,924,,,,
London,hour,2023-09-24 10:00:00,2023-09-24,10,6,1,fall,1425,,,,
London,hour,2023-09-24 11:00:00,2023-09-24,11,6,1,fall,1758,,,,
London,hour,2023-09-24 12:00:00,2023-09-24,12,6,1,fall,1821,,,,
London,hour,2023-09-24 13:00:00,2023-09-24,13,6,1,fall,1910,,,,
London,hour,2023-09-24 14:00:00,2023-09-24,14,6,1,fall,1720,,,,
London,hour,2023-09-24 15:00:00,2023-09-24,15,6,1,fall,1715,,,,
London,hour,2023-09-24 16:00:00,2023-09-24,16,6,1,fall,1903,,,,
London,hour,2023-09-24 17:00:00,2023-09-24,17,6,1,fall,1723,,,,
London,hour,2023-09-24 18:00:00,2023-09-24,18,6,1,fall,1493,,,,
London,hour,2023-09-24 19:00:00,2023-09-24,19,6,1,fall,1057,,,,
London,hour,2023-09-24 20:00:00,2023-09-24,20,6,1,fall,711,,,,
London,hour,2023-09-24 21:00:00,2023-09-24,21,6,1,fall,485,,,,
London,hour,2023-09-24 22:00:00,2023-09-24,22,6,1,fall,447,,,,
London,hour,2023-09-24 23:00:00,2023-09-24,23,6,1,fall,275,,,,
London,hour,2023-09-25 00:00:00,2023-09-25,0,0,0,fall,146,,,,
London,hour,2023-09-25 01:00:00,2023-09-25,1,0,0,fall,83,,,,
London,hour,2023-09-25 02:00:00,2023-09-25,2,0,0,fall,61,,,,
London,hour,2023-09-25 03:00:00,2023-09-25,3,0,0,fall,44,,,,
London,hour,2023-09-25 04:00:00,2023-09-25,4,0,0,fall,45,,,,
London,hour,2023-09-25 05:00:00,2023-09-25,5,0,0,fall,178,,,,
London,hour,2023-09-25 06:00:00,2023-09-25,6,0,0,fall,692,,,,
London,hour,2023-09-25 07:00:00,2023-09-25,7,0,0,fall,2022,,,,
London,hour,2023-09-25 08:00:00,2023-09-25,8,0,0,fall,3430,,,,
London,hour,2023-09-25 09:00:00,2023-09-25,9,0,0,fall,1690,,,,
London,hour,2023-09-25 10:00:00,2023-09-25,10,0,0,fall,1029,,,,
London,hour,2023-09-25 11:00:00,2023-09-25,11,0,0,fall,987,,,,
London,hour,2023-09-25 12:00:00,2023-09-25,12,0,0,fall,1219,,,,
London,hour,2023-09-25 13:00:00,2023-09-25,13,0,0,fall,1215,,,,
London,hour,2023-09-25 14:00:00,2023-09-25,14,0,0,fall,1224,,,,
London,hour,2023-09-25 15:00:00,2023-09-25,15,0,0,fall,1429,,,,
London,hour,2023-09-25 16:00:00,2023-09-25,16,0,0,fall,1899,,,,
London,hour,2023-09-25 17:00:00,2023-09-25,17,0,0,fall,3601,,,,
London,hour,2023-09-25 18:00:00,2023-09-25,18,0,0,fall,3638,,,,
London,hour,2023-09-25 19:00:00,2023-09-25,19,0,0,fall,2184,,,,
London,hour,2023-09-25 20:00:00,2023-09-25,20,0,0,fall,1356,,,,
London,hour,2023-09-25 21:00:00,2023-09-25,21,0,0,fall,924,,,,
London,hour,2023-09-25 22:00:00,2023-09-25,22,0,0,fall,612,,,,
London,hour,2023-09-25 23:00:00,2023-09-25,23,0,0,fall,307,,,,
London,hour,2023-09-26 00:00:00,2023-09-26,0,1,0,fall,183,,,,
London,hour,2023-09-26 01:00:00,2023-09-26,1,1,0,fall,98,,,,
London,hour,2023-09-26 02:00:00,2023-09-26,2,1,0,fall,43,,,,
London,hour,2023-09-26 03:00:00,2023-09-26,3,1,0,fall,37,,,,
London,hour,2023-09-26 04:00:00,2023-09-26,4,1,0,fall,41,,,,
London,hour,2023-09-26 05:00:00,2023-09-26,5,1,0,fall,211,,,,
London,hour,2023-09-26 06:00:00,2023-09-26,6,1,0,fall,886,,,,
London,hour,2023-09-26 07:00:00,2023-09-26,7,1,0,fall,2334,,,,
London,hour,2023-09-26 08:00:00,2023-09-26,8,1,0,fall,4107,,,,
London,hour,2023-09-26 09:00:00,2023-09-26,9,1,0,fall,2030,,,,
London,hour,2023-09-26 10:00:00,2023-09-26,10,1,0,fall,1149,,,,
London,hour,2023-09-26 11:00:00,2023-09-26,11,1,0,fall,1039,,,,
London,hour,2023-09-26 12:00:00,2023-09-26,12,1,0,fall,1165,,,,
London,hour,2023-09-26 13:00:00,2023-09-26,13,1,0,fall,1323,,,,
London,hour,2023-09-26 14:00:00,2023-09-26,14,1,0,fall,1192,,,,
London,hour,2023-09-26 15:00:00,2023-09-26,15,1,0,fall,1425,,,,
London,hour,2023-09-26 16:00:00,2023-09-26,16,1,0,fall,2101,,,,
London,hour,2023-09-26 17:00:00,2023-09-26,17,1,0,fall,3835,,,,
London,hour,2023-09-26 18:00:00,2023-09-26,18,1,0,fall,3808,,,,
London,hour,2023-09-26 19:00:00,2023-09-26,19,1,0,fall,2217,,,,
London,hour,2023-09-26 20:00:00,2023-09-26,20,1,0,fall,1443,,,,
London,hour,2023-09-26 21:00:00,2023-09-26,21,1,0,fall,1054,,,,
London,hour,2023-09-26 22:00:00,2023-09-26,22,1,0,fall,700,,,,
London,hour,2023-09-26 23:00:00,2023-09-26,23,1,0,fall,396,,,,
London,hour,2023-09-27 00:00:00,2023-09-27,0,2,0,fall,175,,,,
London,hour,2023-09-27 01:00:00,2023-09-27,1,2,0,fall,77,,,,
London,hour,2023-09-27 02:00:00,2023-09-27,2,2,0,fall,64,,,,
London,hour,2023-09-27 03:00:00,2023-09-27,3,2,0,fall,16,,,,
London,hour,2023-09-27 04:00:00,2023-09-27,4,2,0,fall,60,,,,
London,hour,2023-09-27 05:00:00,2023-09-27,5,2,0,fall,186,,,,
London,hour,2023-09-27 06:00:00,2023-09-27,6,2,0,fall,831,,,,
London,hour,2023-09-27 07:00:00,2023-09-27,7,2,0,fall,2328,,,,
London,hour,2023-09-27 08:00:00,2023-09-27,8,2,0,fall,4145,,,,
London,hour,2023-09-27 09:00:00,2023-09-27,9,2,0,fall,2126,,,,
London,hour,2023-09-27 10:00:00,2023-09-27,10,2,0,fall,1323,,,,
London,hour,2023-09-27 11:00:00,2023-09-27,11,2,0,fall,1183,,,,
London,hour,2023-09-27 12:00:00,2023-09-27,12,2,0,fall,1394,,,,
London,hour,2023-09-27 13:00:00,2023-09-27,13,2,0,fall,1381,,,,
London,hour,2023-09-27 14:00:00,2023-09-27,14,2,0,fall,1322,,,,
London,hour,2023-09-27 15:00:00,2023-09-27,15,2,0,fall,1455,,,,
London,hour,2023-09-27 16:00:00,2023-09-27,16,2,0,fall,1935,,,,
London,hour,2023-09-27 17:00:00,2023-09-27,17,2,0,fall,3604,,,,
London,hour,2023-09-27 18:00:00,2023-09-27,18,2,0,fall,3517,,,,
London,hour,2023-09-27 19:00:00,2023-09-27,19,2,0,fall,2066,,,,
London,hour,2023-09-27 20:00:00,2023-09-27,20,2,0,fall,1256,,,,
London,hour,2023-09-27 21:00:00,2023-09-27,21,2,0,fall,1124,,,,
London,hour,2023-09-27 22:00:00,2023-09-27,22,2,0,fall,907,,,,
London,hour,2023-09-27 23:00:00,2023-09-27,23,2,0,fall,499,,,,
London,hour,2023-09-28 00:00:00,2023-09-28,0,3,0,fall,223,,,,
London,hour,2023-09-28 01:00:00,2023-09-28,1,3,0,fall,112,,,,
London,hour,2023-09-28 02:00:00,2023-09-28,2,3,0,fall,57,,,,
London,hour,2023-09-28 03:00:00,2023-09-28,3,3,0,fall,46,,,,
London,hour,2023-09-28 04:00:00,2023-09-28,4,3,0,fall,58,,,,
London,hour,2023-09-28 05:00:00,2023-09-28,5,3,0,fall,173,,,,
London,hour,2023-09-28 06:00:00,2023-09-28,6,3,0,fall,775,,,,
London,hour,2023-09-28 07:00:00,2023-09-28,7,3,0,fall,2263,,,,
London,hour,2023-09-28 08:00:00,2023-09-28,8,3,0,fall,4090,,,,
London,hour,2023-09-28 09:00:00,2023-09-28,9,3,0,fall,2136,,,,
London,hour,2023-09-28 10:00:00,2023-09-28,10,3,0,fall,1288,,,,
London,hour,2023-09-28 11:00:00,2023-09-28,11,3,0,fall,1144,,,,
London,hour,2023-09-28 12:00:00,2023-09-28,12,3,0,fall,1337,,,,
London,hour,2023-09-28 13:00:00,2023-09-28,13,3,0,fall,1378,,,,
London,hour,2023-09-28 14:00:00,2023-09-28,14,3,0,fall,1261,,,,
London,hour,2023-09-28 15:00:00,2023-09-28,15,3,0,fall,1391,,,,
London,hour,2023-09-28 16:00:00,2023-09-28,16,3,0,fall,1980,,,,
London,hour,2023-09-28 17:00:00,2023-09-28,17,3,0,fall,3392,,,,
London,hour,2023-09-28 18:00:00,2023-09-28,18,3,0,fall,3286,,,,
London,hour,2023-09-28 19:00:00,2023-09-28,19,3,0,fall,2070,,,,
London,hour,2023-09-28 20:00:00,2023-09-28,20,3,0,fall,1269,,,,
London,hour,2023-09-28 21:00:00,2023-09-28,21,3,0,fall,870,,,,
London,hour,2023-09-28 22:00:00,2023-09-28,22,3,0,fall,726,,,,
London,hour,2023-09-28 23:00:00,2023-09-28,23,3,0,fall,541,,,,
London,hour,2023-09-29 00:00:00,2023-09-29,0,4,0,fall,245,,,,
London,hour,2023-09-29 01:00:00,2023-09-29,1,4,0,fall,145,,,,
London,hour,2023-09-29 02:00:00,2023-09-29,2,4,0,fall,77,,,,
London,hour,2023-09-29 03:00:00,2023-09-29,3,4,0,fall,51,,,,
London,hour,2023-09-29 04:00:00,2023-09-29,4,4,0,fall,51,,,,
London,hour,2023-09-29 05:00:00,2023-09-29,5,4,0,fall,143,,,,
London,hour,2023-09-29 06:00:00,2023-09-29,6,4,0,fall,557,,,,
London,hour,2023-09-29 07:00:00,2023-09-29,7,4,0,fall,1578,,,,
London,hour,2023-09-29 08:00:00,2023-09-29,8,4,0,fall,2739,,,,
London,hour,2023-09-29 09:00:00,2023-09-29,9,4,0,fall,1758,,,,
London,hour,2023-09-29 10:00:00,2023-09-29,10,4,0,fall,1175,,,,
London,hour,2023-09-29 11:00:00,2023-09-29,11,4,0,fall,1279,,,,
London,hour,2023-09-29 12:00:00,2023-09-29,12,4,0,fall,1502,,,,
London,hour,2023-09-29 13:00:00,2023-09-29,13,4,0,fall,1630,,,,
London,hour,2023-09-29 14:00:00,2023-09-29,14,4,0,fall,1549,,,,
London,hour,2023-09-29 15:00:00,2023-09-29,15,4,0,fall,1642,,,,
London,hour,2023-09-29 16:00:00,2023-09-29,16,4,0,fall,2090,,,,
London,hour,2023-09-29 17:00:00,2023-09-29,17,4,0,fall,3082,,,,
London,hour,2023-09-29 18:00:00,2023-09-29,18,4,0,fall,2852,,,,
London,hour,2023-09-29 19:00:00,2023-09-29,19,4,0,fall,1790,,,,
London,hour,2023-09-29 20:00:00,2023-09-29,20,4,0,fall,1147,,,,
London,hour,2023-09-29 21:00:00,2023-09-29,21,4,0,fall,836,,,,
London,hour,2023-09-29 22:00:00,2023-09-29,22,4,0,fall,771,,,,
London,hour,2023-09-29 23:00:00,2023-09-29,23,4,0,fall,656,,,,
London,hour,2023-09-30 00:00:00,2023-09-30,0,5,1,fall,492,,,,
London,hour,2023-09-30 01:00:00,2023-09-30,1,5,1,fall,352,,,,
London,hour,2023-09-30 02:00:00,2023-09-30,2,5,1,fall,222,,,,
London,hour,2023-09-30 03:00:00,2023-09-30,3,5,1,fall,183,,,,
London,hour,2023-09-30 04:00:00,2023-09-30,4,5,1,fall,151,,,,
London,hour,2023-09-30 05:00:00,2023-09-30,5,5,1,fall,104,,,,
London,hour,2023-09-30 06:00:00,2023-09-30,6,5,1,fall,159,,,,
London,hour,2023-09-30 07:00:00,2023-09-30,7,5,1,fall,362,,,,
London,hour,2023-09-30 08:00:00,2023-09-30,8,5,1,fall,773,,,,
London,hour,2023-09-30 09:00:00,2023-09-30,9,5,1,fall,1287,,,,
London,hour,2023-09-30 10:00:00,2023-09-30,10,5,1,fall,1569,,,,
London,hour,2023-09-30 11:00:00,2023-09-30,11,5,1,fall,2057,,,,
London,hour,2023-09-30 12:00:00,2023-09-30,12,5,1,fall,2154,,,,
London,hour,2023-09-30 13:00:00,2023-09-30,13,5,1,fall,2288,,,,
London,hour,2023-09-30 14:00:00,2023-09-30,14,5,1,fall,2164,,,,
London,hour,2023-09-30 15:00:00,2023-09-30,15,5,1,fall,2076,,,,
London,hour,2023-09-30 16:00:00,2023-09-30,16,5,1,fall,2182,,,,
London,hour,2023-09-30 17:00:00,2023-09-30,17,5,1,fall,2268,,,,
London,hour,2023-09-30 18:00:00,2023-09-30,18,5,1,fall,1732,,,,
London,hour,2023-09-30 19:00:00,2023-09-30,19,5,1,fall,1317,,,,
London,hour,2023-09-30 20:00:00,2023-09-30,20,5,1,fall,973,,,,
London,hour,2023-09-30 21:00:00,2023-09-30,21,5,1,fall,743,,,,
London,hour,2023-09-30 22:00:00,2023-09-30,22,5,1,fall,721,,,,
London,hour,2023-09-30 23:00:00,2023-09-30,23,5,1,fall,656,,,,
London,hour,2023-10-01 00:00:00,2023-10-01,0,6,1,fall,3,,,,
London,hour,2023-10-03 00:00:00,2023-10-03,0,1,0,fall,115,,,,
London,hour,2023-10-03 01:00:00,2023-10-03,1,1,0,fall,59,,,,
London,hour,2023-10-03 02:00:00,2023-10-03,2,1,0,fall,33,,,,
London,hour,2023-10-03 03:00:00,2023-10-03,3,1,0,fall,42,,,,
London,hour,2023-10-03 04:00:00,2023-10-03,4,1,0,fall,35,,,,
London,hour,2023-10-03 05:00:00,2023-10-03,5,1,0,fall,106,,,,
London,hour,2023-10-03 06:00:00,2023-10-03,6,1,0,fall,387,,,,
London,hour,2023-10-03 07:00:00,2023-10-03,7,1,0,fall,837,,,,
London,hour,2023-10-03 08:00:00,2023-10-03,8,1,0,fall,1161,,,,
London,hour,2023-10-03 09:00:00,2023-10-03,9,1,0,fall,824,,,,
London,hour,2023-10-03 10:00:00,2023-10-03,10,1,0,fall,693,,,,
London,hour,2023-10-03 11:00:00,2023-10-03,11,1,0,fall,722,,,,
London,hour,2023-10-03 12:00:00,2023-10-03,12,1,0,fall,854,,,,
London,hour,2023-10-03 13:00:00,2023-10-03,13,1,0,fall,907,,,,
London,hour,2023-10-03 14:00:00,2023-10-03,14,1,0,fall,860,,,,
London,hour,2023-10-03 15:00:00,2023-10-03,15,1,0,fall,1045,,,,
London,hour,2023-10-03 16:00:00,2023-10-03,16,1,0,fall,1330,,,,
London,hour,2023-10-03 17:00:00,2023-10-03,17,1,0,fall,1902,,,,
London,hour,2023-10-03 18:00:00,2023-10-03,18,1,0,fall,1778,,,,
London,hour,2023-10-03 19:00:00,2023-10-03,19,1,0,fall,1159,,,,
London,hour,2023-10-03 20:00:00,2023-10-03,20,1,0,fall,728,,,,
London,hour,2023-10-03 21:00:00,2023-10-03,21,1,0,fall,473,,,,
London,hour,2023-10-03 22:00:00,2023-10-03,22,1,0,fall,468,,,,
London,hour,2023-10-03 23:00:00,2023-10-03,23,1,0,fall,351,,,,
London,hour,2023-10-06 00:00:00,2023-10-06,0,4,0,fall,451,,,,
London,hour,2023-10-06 01:00:00,2023-10-06,1,4,0,fall,293,,,,
London,hour,2023-10-06 02:00:00,2023-10-06,2,4,0,fall,159,,,,
London,hour,2023-10-06 03:00:00,2023-10-06,3,4,0,fall,105,,,,
London,hour,2023-10-06 04:00:00,2023-10-06,4,4,0,fall,87,,,,
London,hour,2023-10-06 05:00:00,2023-10-06,5,4,0,fall,89,,,,
London,hour,2023-10-06 06:00:00,2023-10-06,6,4,0,fall,154,,,,
London,hour,2023-10-06 07:00:00,2023-10-06,7,4,0,fall,372,,,,
London,hour,2023-10-06 08:00:00,2023-10-06,8,4,0,fall,847,,,,
London,hour,2023-10-06 09:00:00,2023-10-06,9,4,0,fall,1326,,,,
London,hour,2023-10-06 10:00:00,2023-10-06,10,4,0,fall,1735,,,,
London,hour,2023-10-06 11:00:00,2023-10-06,11,4,0,fall,1963,,,,
London,hour,2023-10-06 12:00:00,2023-10-06,12,4,0,fall,2135,,,,
London,hour,2023-10-06 13:00:00,2023-10-06,13,4,0,fall,2311,,,,
London,hour,2023-10-06 14:00:00,2023-10-06,14,4,0,fall,2294,,,,
London,hour,2023-10-06 15:00:00,2023-10-06,15,4,0,fall,2064,,,,
London,hour,2023-10-06 16:00:00,2023-10-06,16,4,0,fall,2193,,,,
London,hour,2023-10-06 17:00:00,2023-10-06,17,4,0,fall,2182,,,,
London,hour,2023-10-06 18:00:00,2023-10-06,18,4,0,fall,2034,,,,
London,hour,2023-10-06 19:00:00,2023-10-06,19,4,0,fall,1827,,,,
London,hour,2023-10-06 20:00:00,2023-10-06,20,4,0,fall,1394,,,,
London,hour,2023-10-06 21:00:00,2023-10-06,21,4,0,fall,1039,,,,
London,hour,2023-10-06 22:00:00,2023-10-06,22,4,0,fall,1039,,,,
London,hour,2023-10-06 23:00:00,2023-10-06,23,4,0,fall,849,,,,
London,hour,2023-10-07 22:00:00,2023-10-07,22,5,1,fall,435,,,,
London,hour,2023-10-07 23:00:00,2023-10-07,23,5,1,fall,706,,,,
London,hour,2023-10-08 00:00:00,2023-10-08,0,6,1,fall,576,,,,
London,hour,2023-10-08 01:00:00,2023-10-08,1,6,1,fall,418,,,,
London,hour,2023-10-08 02:00:00,2023-10-08,2,6,1,fall,274,,,,
London,hour,2023-10-08 03:00:00,2023-10-08,3,6,1,fall,166,,,,
London,hour,2023-10-08 04:00:00,2023-10-08,4,6,1,fall,117,,,,
London,hour,2023-10-08 05:00:00,2023-10-08,5,6,1,fall,79,,,,
London,hour,2023-10-08 06:00:00,2023-10-08,6,6,1,fall,145,,,,
London,hour,2023-10-08 07:00:00,2023-10-08,7,6,1,fall,310,,,,
London,hour,2023-10-08 08:00:00,2023-10-08,8,6,1,fall,590,,,,
London,hour,2023-10-08 09:00:00,2023-10-08,9,6,1,fall,1034,,,,
London,hour,2023-10-08 10:00:00,2023-10-08,10,6,1,fall,1533,,,,
London,hour,2023-10-08 11:00:00,2023-10-08,11,6,1,fall,1949,,,,
London,hour,2023-10-08 12:00:00,2023-10-08,12,6,1,fall,2286,,,,
London,hour,2023-10-08 13:00:00,2023-10-08,13,6,1,fall,2394,,,,
London,hour,2023-10-08 14:00:00,2023-10-08,14,6,1,fall,2240,,,,
London,hour,2023-10-08 15:00:00,2023-10-08,15,6,1,fall,2457,,,,
London,hour,2023-10-08 16:00:00,2023-10-08,16,6,1,fall,2487,,,,
London,hour,2023-10-08 17:00:00,2023-10-08,17,6,1,fall,2334,,,,
London,hour,2023-10-08 18:00:00,2023-10-08,18,6,1,fall,1854,,,,
London,hour,2023-10-08 19:00:00,2023-10-08,19,6,1,fall,1244,,,,
London,hour,2023-10-08 20:00:00,2023-10-08,20,6,1,fall,915,,,,
London,hour,2023-10-08 21:00:00,2023-10-08,21,6,1,fall,623,,,,
London,hour,2023-10-08 22:00:00,2023-10-08,22,6,1,fall,540,,,,
London,hour,2023-10-08 23:00:00,2023-10-08,23,6,1,fall,332,,,,
London,hour,2023-10-09 00:00:00,2023-10-09,0,0,0,fall,154,,,,
London,hour,2023-10-09 01:00:00,2023-10-09,1,0,0,fall,85,,,,
London,hour,2023-10-09 02:00:00,2023-10-09,2,0,0,fall,39,,,,
London,hour,2023-10-09 03:00:00,2023-10-09,3,0,0,fall,26,,,,
London,hour,2023-10-09 04:00:00,2023-10-09,4,0,0,fall,59,,,,
London,hour,2023-10-09 05:00:00,2023-10-09,5,0,0,fall,144,,,,
London,hour,2023-10-09 06:00:00,2023-10-09,6,0,0,fall,705,,,,
London,hour,2023-10-09 07:00:00,2023-10-09,7,0,0,fall,2018,,,,
London,hour,2023-10-09 08:00:00,2023-10-09,8,0,0,fall,3780,,,,
London,hour,2023-10-09 09:00:00,2023-10-09,9,0,0,fall,2039,,,,
London,hour,2023-10-09 10:00:00,2023-10-09,10,0,0,fall,1212,,,,
London,hour,2023-10-09 11:00:00,2023-10-09,11,0,0,fall,1074,,,,
London,hour,2023-10-09 12:00:00,2023-10-09,12,0,0,fall,1300,,,,
London,hour,2023-10-09 13:00:00,2023-10-09,13,0,0,fall,1405,,,,
London,hour,2023-10-09 14:00:00,2023-10-09,14,0,0,fall,1335,,,,
London,hour,2023-10-09 15:00:00,2023-10-09,15,0,0,fall,1530,,,,
London,hour,2023-10-09 16:00:00,2023-10-09,16,0,0,fall,2067,,,,
London,hour,2023-10-09 17:00:00,2023-10-09,17,0,0,fall,3812,,,,
London,hour,2023-10-09 18:00:00,2023-10-09,18,0,0,fall,3725,,,,
London,hour,2023-10-09 19:00:00,2023-10-09,19,0,0,fall,2210,,,,
London,hour,2023-10-09 20:00:00,2023-10-09,20,0,0,fall,1384,,,,
London,hour,2023-10-09 21:00:00,2023-10-09,21,0,0,fall,943,,,,
London,hour,2023-10-09 22:00:00,2023-10-09,22,0,0,fall,696,,,,
London,hour,2023-10-09 23:00:00,2023-10-09,23,0,0,fall,356,,,,
London,hour,2023-10-10 00:00:00,2023-10-10,0,1,0,fall,164,,,,
London,hour,2023-10-10 01:00:00,2023-10-10,1,1,0,fall,71,,,,
London,hour,2023-10-10 02:00:00,2023-10-10,2,1,0,fall,38,,,,
London,hour,2023-10-10 03:00:00,2023-10-10,3,1,0,fall,14,,,,
London,hour,2023-10-10 04:00:00,2023-10-10,4,1,0,fall,54,,,,
London,hour,2023-10-10 05:00:00,2023-10-10,5,1,0,fall,196,,,,
London,hour,2023-10-10 06:00:00,2023-10-10,6,1,0,fall,840,,,,
London,hour,2023-10-10 07:00:00,2023-10-10,7,1,0,fall,2415,,,,
London,hour,2023-10-10 08:00:00,2023-10-10,8,1,0,fall,4647,,,,
London,hour,2023-10-10 09:00:00,2023-10-10,9,1,0,fall,2284,,,,
London,hour,2023-10-10 10:00:00,2023-10-10,10,1,0,fall,1376,,,,
London,hour,2023-10-10 11:00:00,2023-10-10,11,1,0,fall,1236,,,,
London,hour,2023-10-10 12:00:00,2023-10-10,12,1,0,fall,1391,,,,
London,hour,2023-10-10 13:00:00,2023-10-10,13,1,0,fall,1420,,,,
London,hour,2023-10-10 14:00:00,2023-10-10,14,1,0,fall,1352,,,,
London,hour,2023-10-10 15:00:00,2023-10-10,15,1,0,fall,1588,,,,
London,hour,2023-10-10 16:00:00,2023-10-10,16,1,0,fall,2144,,,,
London,hour,2023-10-10 17:00:00,2023-10-10,17,1,0,fall,4013,,,,
London,hour,2023-10-10 18:00:00,2023-10-10,18,1,0,fall,3911,,,,
London,hour,2023-10-10 19:00:00,2023-10-10,19,1,0,fall,2148,,,,
London,hour,2023-10-10 20:00:00,2023-10-10,20,1,0,fall,1380,,,,
London,hour,2023-10-10 21:00:00,2023-10-10,21,1,0,fall,936,,,,
London,hour,2023-10-10 22:00:00,2023-10-10,22,1,0,fall,715,,,,
London,hour,2023-10-10 23:00:00,2023-10-10,23,1,0,fall,418,,,,
London,hour,2023-10-11 00:00:00,2023-10-11,0,2,0,fall,164,,,,
London,hour,2023-10-11 01:00:00,2023-10-11,1,2,0,fall,68,,,,
London,hour,2023-10-11 02:00:00,2023-10-11,2,2,0,fall,60,,,,
London,hour,2023-10-11 03:00:00,2023-10-11,3,2,0,fall,24,,,,
London,hour,2023-10-11 04:00:00,2023-10-11,4,2,0,fall,48,,,,
London,hour,2023-10-11 05:00:00,2023-10-11,5,2,0,fall,186,,,,
London,hour,2023-10-11 06:00:00,2023-10-11,6,2,0,fall,798,,,,
London,hour,2023-10-11 07:00:00,2023-10-11,7,2,0,fall,2287,,,,
London,hour,2023-10-11 08:00:00,2023-10-11,8,2,0,fall,4432,,,,
London,hour,2023-10-11 09:00:00,2023-10-11,9,2,0,fall,2316,,,,
London,hour,2023-10-11 10:00:00,2023-10-11,10,2,0,fall,1272,,,,
London,hour,2023-10-11 11:00:00,2023-10-11,11,2,0,fall,1153,,,,
London,hour,2023-10-11 12:00:00,2023-10-11,12,2,0,fall,1416,,,,
London,hour,2023-10-11 13:00:00,2023-10-11,13,2,0,fall,1462,,,,
London,hour,2023-10-11 14:00:00,2023-10-11,14,2,0,fall,1311,,,,
London,hour,2023-10-11 15:00:00,2023-10-11,15,2,0,fall,1463,,,,
London,hour,2023-10-11 16:00:00,2023-10-11,16,2,0,fall,1878,,,,
London,hour,2023-10-11 17:00:00,2023-10-11,17,2,0,fall,3357,,,,
London,hour,2023-10-11 18:00:00,2023-10-11,18,2,0,fall,3364,,,,
London,hour,2023-10-11 19:00:00,2023-10-11,19,2,0,fall,1667,,,,
London,hour,2023-10-11 20:00:00,2023-10-11,20,2,0,fall,895,,,,
London,hour,2023-10-11 21:00:00,2023-10-11,21,2,0,fall,589,,,,
London,hour,2023-10-11 22:00:00,2023-10-11,22,2,0,fall,424,,,,
London,hour,2023-10-11 23:00:00,2023-10-11,23,2,0,fall,235,,,,
London,hour,2023-10-12 00:00:00,2023-10-12,0,3,0,fall,134,,,,
London,hour,2023-10-12 01:00:00,2023-10-12,1,3,0,fall,110,,,,
London,hour,2023-10-12 02:00:00,2023-10-12,2,3,0,fall,59,,,,
London,hour,2023-10-12 03:00:00,2023-10-12,3,3,0,fall,23,,,,
London,hour,2023-10-12 04:00:00,2023-10-12,4,3,0,fall,27,,,,
London,hour,2023-10-12 05:00:00,2023-10-12,5,3,0,fall,125,,,,
London,hour,2023-10-12 06:00:00,2023-10-12,6,3,0,fall,564,,,,
London,hour,2023-10-12 07:00:00,2023-10-12,7,3,0,fall,1532,,,,
London,hour,2023-10-12 08:00:00,2023-10-12,8,3,0,fall,2904,,,,
London,hour,2023-10-12 09:00:00,2023-10-12,9,3,0,fall,1474,,,,
London,hour,2023-10-12 10:00:00,2023-10-12,10,3,0,fall,886,,,,
London,hour,2023-10-12 11:00:00,2023-10-12,11,3,0,fall,859,,,,
London,hour,2023-10-12 12:00:00,2023-10-12,12,3,0,fall,1052,,,,
London,hour,2023-10-12 13:00:00,2023-10-12,13,3,0,fall,1037,,,,
London,hour,2023-10-12 14:00:00,2023-10-12,14,3,0,fall,1021,,,,
London,hour,2023-10-12 15:00:00,2023-10-12,15,3,0,fall,1228,,,,
London,hour,2023-10-12 16:00:00,2023-10-12,16,3,0,fall,1873,,,,
London,hour,2023-10-12 17:00:00,2023-10-12,17,3,0,fall,3169,,,,
London,hour,2023-10-12 18:00:00,2023-10-12,18,3,0,fall,3055,,,,
London,hour,2023-10-12 19:00:00,2023-10-12,19,3,0,fall,1918,,,,
London,hour,2023-10-12 20:00:00,2023-10-12,20,3,0,fall,1272,,,,
London,hour,2023-10-12 21:00:00,2023-10-12,21,3,0,fall,880,,,,
London,hour,2023-10-12 22:00:00,2023-10-12,22,3,0,fall,515,,,,
London,hour,2023-10-12 23:00:00,2023-10-12,23,3,0,fall,320,,,,
London,hour,2023-10-13 00:00:00,2023-10-13,0,4,0,fall,100,,,,
London,hour,2023-10-13 01:00:00,2023-10-13,1,4,0,fall,64,,,,
London,hour,2023-10-13 02:00:00,2023-10-13,2,4,0,fall,30,,,,
London,hour,2023-10-13 03:00:00,2023-10-13,3,4,0,fall,31,,,,
London,hour,2023-10-13 04:00:00,2023-10-13,4,4,0,fall,45,,,,
London,hour,2023-10-13 05:00:00,2023-10-13,5,4,0,fall,146,,,,
London,hour,2023-10-13 06:00:00,2023-10-13,6,4,0,fall,536,,,,
London,hour,2023-10-13 07:00:00,2023-10-13,7,4,0,fall,1355,,,,
London,hour,2023-10-13 08:00:00,2023-10-13,8,4,0,fall,2205,,,,
London,hour,2023-10-13 09:00:00,2023-10-13,9,4,0,fall,1275,,,,
London,hour,2023-10-13 10:00:00,2023-10-13,10,4,0,fall,909,,,,
London,hour,2023-10-13 11:00:00,2023-10-13,11,4,0,fall,963,,,,
London,hour,2023-10-13 12:00:00,2023-10-13,12,4,0,fall,1282,,,,
London,hour,2023-10-13 13:00:00,2023-10-13,13,4,0,fall,1455,,,,
London,hour,2023-10-13 14:00:00,2023-10-13,14,4,0,fall,1382,,,,
London,hour,2023-10-13 15:00:00,2023-10-13,15,4,0,fall,1520,,,,
London,hour,2023-10-13 16:00:00,2023-10-13,16,4,0,fall,1996,,,,
London,hour,2023-10-13 17:00:00,2023-10-13,17,4,0,fall,2948,,,,
London,hour,2023-10-13 18:00:00,2023-10-13,18,4,0,fall,2046,,,,
London,hour,2023-10-13 19:00:00,2023-10-13,19,4,0,fall,797,,,,
London,hour,2023-10-13 20:00:00,2023-10-13,20,4,0,fall,520,,,,
London,hour,2023-10-13 21:00:00,2023-10-13,21,4,0,fall,601,,,,
London,hour,2023-10-13 22:00:00,2023-10-13,22,4,0,fall,570,,,,
London,hour,2023-10-13 23:00:00,2023-10-13,23,4,0,fall,470,,,,
London,hour,2023-10-14 00:00:00,2023-10-14,0,5,1,fall,402,,,,
London,hour,2023-10-14 01:00:00,2023-10-14,1,5,1,fall,253,,,,
London,hour,2023-10-14 02:00:00,2023-10-14,2,5,1,fall,200,,,,
London,hour,2023-10-14 03:00:00,2023-10-14,3,5,1,fall,154,,,,
London,hour,2023-10-14 04:00:00,2023-10-14,4,5,1,fall,94,,,,
London,hour,2023-10-14 05:00:00,2023-10-14,5,5,1,fall,81,,,,
London,hour,2023-10-14 06:00:00,2023-10-14,6,5,1,fall,139,,,,
London,hour,2023-10-14 07:00:00,2023-10-14,7,5,1,fall,377,,,,
London,hour,2023-10-14 08:00:00,2023-10-14,8,5,1,fall,700,,,,
London,hour,2023-10-14 09:00:00,2023-10-14,9,5,1,fall,1257,,,,
London,hour,2023-10-14 10:00:00,2023-10-14,10,5,1,fall,1581,,,,
London,hour,2023-10-14 11:00:00,2023-10-14,11,5,1,fall,2011,,,,
London,hour,2023-10-14 12:00:00,2023-10-14,12,5,1,fall,2124,,,,
London,hour,2023-10-14 13:00:00,2023-10-14,13,5,1,fall,2031,,,,
London,hour,2023-10-14 14:00:00,2023-10-14,14,5,1,fall,2079,,,,
London,hour,2023-10-14 15:00:00,2023-10-14,15,5,1,fall,2219,,,,
London,hour,2023-10-14 16:00:00,2023-10-14,16,5,1,fall,2173,,,,
London,hour,2023-10-14 17:00:00,2023-10-14,17,5,1,fall,1777,,,,
London,hour,2023-10-14 18:00:00,2023-10-14,18,5,1,fall,1680,,,,
London,hour,2023-10-14 19:00:00,2023-10-14,19,5,1,fall,1202,,,,
London,hour,2023-10-14 20:00:00,2023-10-14,20,5,1,fall,737,,,,
London,hour,2023-10-14 21:00:00,2023-10-14,21,5,1,fall,556,,,,
London,hour,2023-10-14 22:00:00,2023-10-14,22,5,1,fall,620,,,,
London,hour,2023-10-14 23:00:00,2023-10-14,23,5,1,fall,512,,,,
London,hour,2023-10-15 00:00:00,2023-10-15,0,6,1,fall,480,,,,
London,hour,2023-10-15 01:00:00,2023-10-15,1,6,1,fall,316,,,,
London,hour,2023-10-15 02:00:00,2023-10-15,2,6,1,fall,186,,,,
London,hour,2023-10-15 03:00:00,2023-10-15,3,6,1,fall,129,,,,
London,hour,2023-10-15 04:00:00,2023-10-15,4,6,1,fall,83,,,,
London,hour,2023-10-15 05:00:00,2023-10-15,5,6,1,fall,66,,,,
London,hour,2023-10-15 06:00:00,2023-10-15,6,6,1,fall,120,,,,
London,hour,2023-10-15 07:00:00,2023-10-15,7,6,1,fall,219,,,,
London,hour,2023-10-15 08:00:00,2023-10-15,8,6,1,fall,479,,,,
London,hour,2023-10-15 09:00:00,2023-10-15,9,6,1,fall,864,,,,
London,hour,2023-10-15 10:00:00,2023-10-15,10,6,1,fall,1301,,,,
London,hour,2023-10-15 11:00:00,2023-10-15,11,6,1,fall,1492,,,,
London,hour,2023-10-15 12:00:00,2023-10-15,12,6,1,fall,1852,,,,
London,hour,2023-10-15 13:00:00,2023-10-15,13,6,1,fall,1871,,,,
London,hour,2023-10-15 14:00:00,2023-10-15,14,6,1,fall,1889,,,,
London,hour,2023-10-15 15:00:00,2023-10-15,15,6,1,fall,1959,,,,
London,hour,2023-10-15 16:00:00,2023-10-15,16,6,1,fall,1676,,,,
London,hour,2023-10-15 17:00:00,2023-10-15,17,6,1,fall,1513,,,,
London,hour,2023-10-15 18:00:00,2023-10-15,18,6,1,fall,1403,,,,
London,hour,2023-10-15 19:00:00,2023-10-15,19,6,1,fall,894,,,,
London,hour,2023-10-15 20:00:00,2023-10-15,20,6,1,fall,606,,,,
London,hour,2023-10-15 21:00:00,2023-10-15,21,6,1,fall,442,,,,
London,hour,2023-10-15 22:00:00,2023-10-15,22,6,1,fall,494,,,,
London,hour,2023-10-15 23:00:00,2023-10-15,23,6,1,fall,295,,,,
London,hour,2023-10-16 00:00:00,2023-10-16,0,0,0,fall,145,,,,
London,hour,2023-10-16 01:00:00,2023-10-16,1,0,0,fall,72,,,,
London,hour,2023-10-16 02:00:00,2023-10-16,2,0,0,fall,28,,,,
London,hour,2023-10-16 03:00:00,2023-10-16,3,0,0,fall,27,,,,
London,hour,2023-10-16 04:00:00,2023-10-16,4,0,0,fall,34,,,,
London,hour,2023-10-16 05:00:00,2023-10-16,5,0,0,fall,128,,,,
London,hour,2023-10-16 06:00:00,2023-10-16,6,0,0,fall,611,,,,
London,hour,2023-10-16 07:00:00,2023-10-16,7,0,0,fall,1667,,,,
London,hour,2023-10-16 08:00:00,2023-10-16,8,0,0,fall,3230,,,,
London,hour,2023-10-16 09:00:00,2023-10-16,9,0,0,fall,1765,,,,
London,hour,2023-10-16 10:00:00,2023-10-16,10,0,0,fall,997,,,,
London,hour,2023-10-16 11:00:00,2023-10-16,11,0,0,fall,917,,,,
London,hour,2023-10-16 12:00:00,2023-10-16,12,0,0,fall,1188,,,,
London,hour,2023-10-16 13:00:00,2023-10-16,13,0,0,fall,1140,,,,
London,hour,2023-10-16 14:00:00,2023-10-16,14,0,0,fall,1015,,,,
London,hour,2023-10-16 15:00:00,2023-10-16,15,0,0,fall,1230,,,,
London,hour,2023-10-16 16:00:00,2023-10-16,16,0,0,fall,1645,,,,
London,hour,2023-10-16 17:00:00,2023-10-16,17,0,0,fall,3075,,,,
London,hour,2023-10-16 18:00:00,2023-10-16,18,0,0,fall,2998,,,,
London,hour,2023-10-16 19:00:00,2023-10-16,19,0,0,fall,1802,,,,
London,hour,2023-10-16 20:00:00,2023-10-16,20,0,0,fall,1104,,,,
London,hour,2023-10-16 21:00:00,2023-10-16,21,0,0,fall,774,,,,
London,hour,2023-10-16 22:00:00,2023-10-16,22,0,0,fall,547,,,,
London,hour,2023-10-16 23:00:00,2023-10-16,23,0,0,fall,248,,,,
London,hour,2023-10-17 00:00:00,2023-10-17,0,1,0,fall,118,,,,
London,hour,2023-10-17 01:00:00,2023-10-17,1,1,0,fall,61,,,,
London,hour,2023-10-17 02:00:00,2023-10-17,2,1,0,fall,34,,,,
London,hour,2023-10-17 03:00:00,2023-10-17,3,1,0,fall,21,,,,
London,hour,2023-10-17 04:00:00,2023-10-17,4,1,0,fall,41,,,,
London,hour,2023-10-17 05:00:00,2023-10-17,5,1,0,fall,168,,,,
London,hour,2023-10-17 06:00:00,2023-10-17,6,1,0,fall,723,,,,
London,hour,2023-10-17 07:00:00,2023-10-17,7,1,0,fall,2131,,,,
London,hour,2023-10-17 08:00:00,2023-10-17,8,1,0,fall,4154,,,,
London,hour,2023-10-17 09:00:00,2023-10-17,9,1,0,fall,2106,,,,
London,hour,2023-10-17 10:00:00,2023-10-17,10,1,0,fall,1197,,,,
London,hour,2023-10-17 11:00:00,2023-10-17,11,1,0,fall,979,,,,
London,hour,2023-10-17 12:00:00,2023-10-17,12,1,0,fall,1139,,,,
London,hour,2023-10-17 13:00:00,2023-10-17,13,1,0,fall,1199,,,,
London,hour,2023-10-17 14:00:00,2023-10-17,14,1,0,fall,1098,,,,
London,hour,2023-10-17 15:00:00,2023-10-17,15,1,0,fall,1291,,,,
London,hour,2023-10-17 16:00:00,2023-10-17,16,1,0,fall,1862,,,,
London,hour,2023-10-17 17:00:00,2023-10-17,17,1,0,fall,3546,,,,
London,hour,2023-10-17 18:00:00,2023-10-17,18,1,0,fall,3326,,,,
London,hour,2023-10-17 19:00:00,2023-10-17,19,1,0,fall,1869,,,,
London,hour,2023-10-17 20:00:00,2023-10-17,20,1,0,fall,1173,,,,
London,hour,2023-10-17 21:00:00,2023-10-17,21,1,0,fall,848,,,,
London,hour,2023-10-17 22:00:00,2023-10-17,22,1,0,fall,660,,,,
London,hour,2023-10-17 23:00:00,2023-10-17,23,1,0,fall,335,,,,
London,hour,2023-10-18 00:00:00,2023-10-18,0,2,0,fall,136,,,,
London,hour,2023-10-18 01:00:00,2023-10-18,1,2,0,fall,76,,,,
London,hour,2023-10-18 02:00:00,2023-10-18,2,2,0,fall,31,,,,
London,hour,2023-10-18 03:00:00,2023-10-18,3,2,0,fall,25,,,,
London,hour,2023-10-18 04:00:00,2023-10-18,4,2,0,fall,54,,,,
London,hour,2023-10-18 05:00:00,2023-10-18,5,2,0,fall,161,,,,
London,hour,2023-10-18 06:00:00,2023-10-18,6,2,0,fall,721,,,,
London,hour,2023-10-18 07:00:00,2023-10-18,7,2,0,fall,2085,,,,
London,hour,2023-10-18 08:00:00,2023-10-18,8,2,0,fall,4053,,,,
London,hour,2023-10-18 09:00:00,2023-10-18,9,2,0,fall,2081,,,,
London,hour,2023-10-18 10:00:00,2023-10-18,10,2,0,fall,1026,,,,
London,hour,2023-10-18 11:00:00,2023-10-18,11,2,0,fall,883,,,,
London,hour,2023-10-18 12:00:00,2023-10-18,12,2,0,fall,1098,,,,
London,hour,2023-10-18 13:00:00,2023-10-18,13,2,0,fall,1132,,,,
London,hour,2023-10-18 14:00:00,2023-10-18,14,2,0,fall,860,,,,
London,hour,2023-10-18 15:00:00,2023-10-18,15,2,0,fall,525,,,,
London,hour,2023-10-18 16:00:00,2023-10-18,16,2,0,fall,702,,,,
London,hour,2023-10-18 17:00:00,2023-10-18,17,2,0,fall,1106,,,,
London,hour,2023-10-18 18:00:00,2023-10-18,18,2,0,fall,1298,,,,
London,hour,2023-10-18 19:00:00,2023-10-18,19,2,0,fall,775,,,,
London,hour,2023-10-18 20:00:00,2023-10-18,20,2,0,fall,500,,,,
London,hour,2023-10-18 21:00:00,2023-10-18,21,2,0,fall,573,,,,
London,hour,2023-10-18 22:00:00,2023-10-18,22,2,0,fall,530,,,,
London,hour,2023-10-18 23:00:00,2023-10-18,23,2,0,fall,332,,,,
London,hour,2023-10-19 00:00:00,2023-10-19,0,3,0,fall,165,,,,
London,hour,2023-10-19 01:00:00,2023-10-19,1,3,0,fall,125,,,,
London,hour,2023-10-19 02:00:00,2023-10-19,2,3,0,fall,74,,,,
London,hour,2023-10-19 03:00:00,2023-10-19,3,3,0,fall,41,,,,
London,hour,2023-10-19 04:00:00,2023-10-19,4,3,0,fall,63,,,,
London,hour,2023-10-19 05:00:00,2023-10-19,5,3,0,fall,146,,,,
London,hour,2023-10-19 06:00:00,2023-10-19,6,3,0,fall,581,,,,
London,hour,2023-10-19 07:00:00,2023-10-19,7,3,0,fall,1567,,,,
London,hour,2023-10-19 08:00:00,2023-10-19,8,3,0,fall,3238,,,,
London,hour,2023-10-19 09:00:00,2023-10-19,9,3,0,fall,1884,,,,
London,hour,2023-10-19 10:00:00,2023-10-19,10,3,0,fall,838,,,,
London,hour,2023-10-19 11:00:00,2023-10-19,11,3,0,fall,793,,,,
London,hour,2023-10-19 12:00:00,2023-10-19,12,3,0,fall,1011,,,,
London,hour,2023-10-19 13:00:00,2023-10-19,13,3,0,fall,907,,,,
London,hour,2023-10-19 14:00:00,2023-10-19,14,3,0,fall,903,,,,
London,hour,2023-10-19 15:00:00,2023-10-19,15,3,0,fall,1196,,,,
London,hour,2023-10-19 16:00:00,2023-10-19,16,3,0,fall,1663,,,,
London,hour,2023-10-19 17:00:00,2023-10-19,17,3,0,fall,2929,,,,
London,hour,2023-10-19 18:00:00,2023-10-19,18,3,0,fall,2687,,,,
London,hour,2023-10-19 19:00:00,2023-10-19,19,3,0,fall,1374,,,,
London,hour,2023-10-19 20:00:00,2023-10-19,20,3,0,fall,870,,,,
London,hour,2023-10-19 21:00:00,2023-10-19,21,3,0,fall,465,,,,
London,hour,2023-10-19 22:00:00,2023-10-19,22,3,0,fall,369,,,,
London,hour,2023-10-19 23:00:00,2023-10-19,23,3,0,fall,351,,,,
London,hour,2023-10-20 00:00:00,2023-10-20,0,4,0,fall,125,,,,
London,hour,2023-10-20 01:00:00,2023-10-20,1,4,0,fall,55,,,,
London,hour,2023-10-20 02:00:00,2023-10-20,2,4,0,fall,43,,,,
London,hour,2023-10-20 03:00:00,2023-10-20,3,4,0,fall,25,,,,
London,hour,2023-10-20 04:00:00,2023-10-20,4,4,0,fall,32,,,,
London,hour,2023-10-20 05:00:00,2023-10-20,5,4,0,fall,119,,,,
London,hour,2023-10-20 06:00:00,2023-10-20,6,4,0,fall,482,,,,
London,hour,2023-10-20 07:00:00,2023-10-20,7,4,0,fall,1229,,,,
London,hour,2023-10-20 08:00:00,2023-10-20,8,4,0,fall,2210,,,,
London,hour,2023-10-20 09:00:00,2023-10-20,9,4,0,fall,1475,,,,
London,hour,2023-10-20 10:00:00,2023-10-20,10,4,0,fall,859,,,,
London,hour,2023-10-20 11:00:00,2023-10-20,11,4,0,fall,915,,,,
London,hour,2023-10-20 12:00:00,2023-10-20,12,4,0,fall,1105,,,,
London,hour,2023-10-20 13:00:00,2023-10-20,13,4,0,fall,1107,,,,
London,hour,2023-10-20 14:00:00,2023-10-20,14,4,0,fall,1133,,,,
London,hour,2023-10-20 15:00:00,2023-10-20,15,4,0,fall,1303,,,,
London,hour,2023-10-20 16:00:00,2023-10-20,16,4,0,fall,1731,,,,
London,hour,2023-10-20 17:00:00,2023-10-20,17,4,0,fall,2485,,,,
London,hour,2023-10-20 18:00:00,2023-10-20,18,4,0,fall,2325,,,,
London,hour,2023-10-20 19:00:00,2023-10-20,19,4,0,fall,1548,,,,
London,hour,2023-10-20 20:00:00,2023-10-20,20,4,0,fall,956,,,,
London,hour,2023-10-20 21:00:00,2023-10-20,21,4,0,fall,740,,,,
London,hour,2023-10-20 22:00:00,2023-10-20,22,4,0,fall,707,,,,
London,hour,2023-10-20 23:00:00,2023-10-20,23,4,0,fall,545,,,,
London,hour,2023-10-21 00:00:00,2023-10-21,0,5,1,fall,427,,,,
London,hour,2023-10-21 01:00:00,2023-10-21,1,5,1,fall,293,,,,
London,hour,2023-10-21 02:00:00,2023-10-21,2,5,1,fall,218,,,,
London,hour,2023-10-21 03:00:00,2023-10-21,3,5,1,fall,141,,,,
London,hour,2023-10-21 04:00:00,2023-10-21,4,5,1,fall,85,,,,
London,hour,2023-10-21 05:00:00,2023-10-21,5,5,1,fall,78,,,,
London,hour,2023-10-21 06:00:00,2023-10-21,6,5,1,fall,103,,,,
London,hour,2023-10-21 07:00:00,2023-10-21,7,5,1,fall,250,,,,
London,hour,2023-10-21 08:00:00,2023-10-21,8,5,1,fall,454,,,,
London,hour,2023-10-21 09:00:00,2023-10-21,9,5,1,fall,405,,,,
London,hour,2023-10-21 10:00:00,2023-10-21,10,5,1,fall,755,,,,
London,hour,2023-10-21 11:00:00,2023-10-21,11,5,1,fall,1101,,,,
London,hour,2023-10-21 12:00:00,2023-10-21,12,5,1,fall,1195,,,,
London,hour,2023-10-21 13:00:00,2023-10-21,13,5,1,fall,1230,,,,
London,hour,2023-10-21 14:00:00,2023-10-21,14,5,1,fall,1278,,,,
London,hour,2023-10-21 15:00:00,2023-10-21,15,5,1,fall,1076,,,,
London,hour,2023-10-21 16:00:00,2023-10-21,16,5,1,fall,1178,,,,
London,hour,2023-10-21 17:00:00,2023-10-21,17,5,1,fall,580,,,,
London,hour,2023-10-21 18:00:00,2023-10-21,18,5,1,fall,372,,,,
London,hour,2023-10-21 19:00:00,2023-10-21,19,5,1,fall,651,,,,
London,hour,2023-10-21 20:00:00,2023-10-21,20,5,1,fall,462,,,,
London,hour,2023-10-21 21:00:00,2023-10-21,21,5,1,fall,397,,,,
London,hour,2023-10-21 22:00:00,2023-10-21,22,5,1,fall,462,,,,
London,hour,2023-10-21 23:00:00,2023-10-21,23,5,1,fall,416,,,,
London,hour,2023-10-22 00:00:00,2023-10-22,0,6,1,fall,379,,,,
London,hour,2023-10-22 01:00:00,2023-10-22,1,6,1,fall,247,,,,
London,hour,2023-10-22 02:00:00,2023-10-22,2,6,1,fall,197,,,,
London,hour,2023-10-22 03:00:00,2023-10-22,3,6,1,fall,159,,,,
London,hour,2023-10-22 04:00:00,2023-10-22,4,6,1,fall,99,,,,
London,hour,2023-10-22 05:00:00,2023-10-22,5,6,1,fall,83,,,,
London,hour,2023-10-22 06:00:00,2023-10-22,6,6,1,fall,93,,,,
London,hour,2023-10-22 07:00:00,2023-10-22,7,6,1,fall,201,,,,
London,hour,2023-10-22 08:00:00,2023-10-22,8,6,1,fall,378,,,,
London,hour,2023-10-22 09:00:00,2023-10-22,9,6,1,fall,718,,,,
London,hour,2023-10-22 10:00:00,2023-10-22,10,6,1,fall,1254,,,,
London,hour,2023-10-22 11:00:00,2023-10-22,11,6,1,fall,1590,,,,
London,hour,2023-10-22 12:00:00,2023-10-22,12,6,1,fall,1958,,,,
London,hour,2023-10-22 13:00:00,2023-10-22,13,6,1,fall,1893,,,,
London,hour,2023-10-22 14:00:00,2023-10-22,14,6,1,fall,2102,,,,
London,hour,2023-10-22 15:00:00,2023-10-22,15,6,1,fall,2013,,,,
London,hour,2023-10-22 16:00:00,2023-10-22,16,6,1,fall,1837,,,,
London,hour,2023-10-22 17:00:00,2023-10-22,17,6,1,fall,1716,,,,
London,hour,2023-10-22 18:00:00,2023-10-22,18,6,1,fall,1226,,,,
London,hour,2023-10-22 19:00:00,2023-10-22,19,6,1,fall,805,,,,
London,hour,2023-10-22 20:00:00,2023-10-22,20,6,1,fall,567,,,,
London,hour,2023-10-22 21:00:00,2023-10-22,21,6,1,fall,467,,,,
London,hour,2023-10-22 22:00:00,2023-10-22,22,6,1,fall,390,,,,
London,hour,2023-10-22 23:00:00,2023-10-22,23,6,1,fall,235,,,,
London,hour,2023-10-23 00:00:00,2023-10-23,0,0,0,fall,153,,,,
London,hour,2023-10-23 01:00:00,2023-10-23,1,0,0,fall,69,,,,
London,hour,2023-10-23 02:00:00,2023-10-23,2,0,0,fall,46,,,,
London,hour,2023-10-23 03:00:00,2023-10-23,3,0,0,fall,22,,,,
London,hour,2023-10-23 04:00:00,2023-10-23,4,0,0,fall,53,,,,
London,hour,2023-10-23 05:00:00,2023-10-23,5,0,0,fall,136,,,,
London,hour,2023-10-23 06:00:00,2023-10-23,6,0,0,fall,548,,,,
London,hour,2023-10-23 07:00:00,2023-10-23,7,0,0,fall,1389,,,,
London,hour,2023-10-23 08:00:00,2023-10-23,8,0,0,fall,2810,,,,
London,hour,2023-10-23 09:00:00,2023-10-23,9,0,0,fall,1619,,,,
London,hour,2023-10-23 10:00:00,2023-10-23,10,0,0,fall,979,,,,
London,hour,2023-10-23 11:00:00,2023-10-23,11,0,0,fall,940,,,,
London,hour,2023-10-23 12:00:00,2023-10-23,12,0,0,fall,1126,,,,
London,hour,2023-10-23 13:00:00,2023-10-23,13,0,0,fall,1064,,,,
London,hour,2023-10-23 14:00:00,2023-10-23,14,0,0,fall,1067,,,,
London,hour,2023-10-23 15:00:00,2023-10-23,15,0,0,fall,1072,,,,
London,hour,2023-10-23 16:00:00,2023-10-23,16,0,0,fall,1509,,,,
London,hour,2023-10-23 17:00:00,2023-10-23,17,0,0,fall,2690,,,,
London,hour,2023-10-23 18:00:00,2023-10-23,18,0,0,fall,2196,,,,
London,hour,2023-10-23 19:00:00,2023-10-23,19,0,0,fall,1188,,,,
London,hour,2023-10-23 20:00:00,2023-10-23,20,0,0,fall,842,,,,
London,hour,2023-10-23 21:00:00,2023-10-23,21,0,0,fall,704,,,,
London,hour,2023-10-23 22:00:00,2023-10-23,22,0,0,fall,515,,,,
London,hour,2023-10-23 23:00:00,2023-10-23,23,0,0,fall,253,,,,
London,hour,2023-10-24 00:00:00,2023-10-24,0,1,0,fall,120,,,,
London,hour,2023-10-24 01:00:00,2023-10-24,1,1,0,fall,68,,,,
London,hour,2023-10-24 02:00:00,2023-10-24,2,1,0,fall,50,,,,
London,hour,2023-10-24 03:00:00,2023-10-24,3,1,0,fall,30,,,,
London,hour,2023-10-24 04:00:00,2023-10-24,4,1,0,fall,54,,,,
London,hour,2023-10-24 05:00:00,2023-10-24,5,1,0,fall,108,,,,
London,hour,2023-10-24 06:00:00,2023-10-24,6,1,0,fall,268,,,,
London,hour,2023-10-24 07:00:00,2023-10-24,7,1,0,fall,1209,,,,
London,hour,2023-10-24 08:00:00,2023-10-24,8,1,0,fall,2870,,,,
London,hour,2023-10-24 09:00:00,2023-10-24,9,1,0,fall,1726,,,,
London,hour,2023-10-24 10:00:00,2023-10-24,10,1,0,fall,982,,,,
London,hour,2023-10-24 11:00:00,2023-10-24,11,1,0,fall,964,,,,
London,hour,2023-10-24 12:00:00,2023-10-24,12,1,0,fall,1096,,,,
London,hour,2023-10-24 13:00:00,2023-10-24,13,1,0,fall,1156,,,,
London,hour,2023-10-24 14:00:00,2023-10-24,14,1,0,fall,1105,,,,
London,hour,2023-10-24 15:00:00,2023-10-24,15,1,0,fall,1260,,,,
London,hour,2023-10-24 16:00:00,2023-10-24,16,1,0,fall,1669,,,,
London,hour,2023-10-24 17:00:00,2023-10-24,17,1,0,fall,2229,,,,
London,hour,2023-10-24 18:00:00,2023-10-24,18,1,0,fall,2668,,,,
London,hour,2023-10-24 19:00:00,2023-10-24,19,1,0,fall,1658,,,,
London,hour,2023-10-24 20:00:00,2023-10-24,20,1,0,fall,1064,,,,
London,hour,2023-10-24 21:00:00,2023-10-24,21,1,0,fall,733,,,,
London,hour,2023-10-24 22:00:00,2023-10-24,22,1,0,fall,619,,,,
London,hour,2023-10-24 23:00:00,2023-10-24,23,1,0,fall,318,,,,
London,hour,2023-10-25 00:00:00,2023-10-25,0,2,0,fall,140,,,,
London,hour,2023-10-25 01:00:00,2023-10-25,1,2,0,fall,68,,,,
London,hour,2023-10-25 02:00:00,2023-10-25,2,2,0,fall,37,,,,
London,hour,2023-10-25 03:00:00,2023-10-25,3,2,0,fall,25,,,,
London,hour,2023-10-25 04:00:00,2023-10-25,4,2,0,fall,37,,,,
London,hour,2023-10-25 05:00:00,2023-10-25,5,2,0,fall,109,,,,
London,hour,2023-10-25 06:00:00,2023-10-25,6,2,0,fall,532,,,,
London,hour,2023-10-25 07:00:00,2023-10-25,7,2,0,fall,1402,,,,
London,hour,2023-10-25 08:00:00,2023-10-25,8,2,0,fall,3068,,,,
London,hour,2023-10-25 09:00:00,2023-10-25,9,2,0,fall,1702,,,,
London,hour,2023-10-25 10:00:00,2023-10-25,10,2,0,fall,1033,,,,
London,hour,2023-10-25 11:00:00,2023-10-25,11,2,0,fall,965,,,,
London,hour,2023-10-25 12:00:00,2023-10-25,12,2,0,fall,1159,,,,
London,hour,2023-10-25 13:00:00,2023-10-25,13,2,0,fall,1145,,,,
London,hour,2023-10-25 14:00:00,2023-10-25,14,2,0,fall,1129,,,,
London,hour,2023-10-25 15:00:00,2023-10-25,15,2,0,fall,1177,,,,
London,hour,2023-10-25 16:00:00,2023-10-25,16,2,0,fall,1685,,,,
London,hour,2023-10-25 17:00:00,2023-10-25,17,2,0,fall,2957,,,,
London,hour,2023-10-25 18:00:00,2023-10-25,18,2,0,fall,2797,,,,
London,hour,2023-10-25 19:00:00,2023-10-25,19,2,0,fall,1720,,,,
London,hour,2023-10-25 20:00:00,2023-10-25,20,2,0,fall,1049,,,,
London,hour,2023-10-25 21:00:00,2023-10-25,21,2,0,fall,794,,,,
London,hour,2023-10-25 22:00:00,2023-10-25,22,2,0,fall,641,,,,
London,hour,2023-10-25 23:00:00,2023-10-25,23,2,0,fall,371,,,,
London,hour,2023-10-26 00:00:00,2023-10-26,0,3,0,fall,192,,,,
London,hour,2023-10-26 01:00:00,2023-10-26,1,3,0,fall,101,,,,
London,hour,2023-10-26 02:00:00,2023-10-26,2,3,0,fall,62,,,,
London,hour,2023-10-26 03:00:00,2023-10-26,3,3,0,fall,42,,,,
London,hour,2023-10-26 04:00:00,2023-10-26,4,3,0,fall,39,,,,
London,hour,2023-10-26 05:00:00,2023-10-26,5,3,0,fall,88,,,,
London,hour,2023-10-26 06:00:00,2023-10-26,6,3,0,fall,347,,,,
London,hour,2023-10-26 07:00:00,2023-10-26,7,3,0,fall,1064,,,,
London,hour,2023-10-26 08:00:00,2023-10-26,8,3,0,fall,2734,,,,
London,hour,2023-10-26 09:00:00,2023-10-26,9,3,0,fall,1739,,,,
London,hour,2023-10-26 10:00:00,2023-10-26,10,3,0,fall,757,,,,
London,hour,2023-10-26 11:00:00,2023-10-26,11,3,0,fall,861,,,,
London,hour,2023-10-26 12:00:00,2023-10-26,12,3,0,fall,1075,,,,
London,hour,2023-10-26 13:00:00,2023-10-26,13,3,0,fall,1201,,,,
London,hour,2023-10-26 14:00:00,2023-10-26,14,3,0,fall,1087,,,,
London,hour,2023-10-26 15:00:00,2023-10-26,15,3,0,fall,1331,,,,
London,hour,2023-10-26 16:00:00,2023-10-26,16,3,0,fall,1714,,,,
London,hour,2023-10-26 17:00:00,2023-10-26,17,3,0,fall,2827,,,,
London,hour,2023-10-26 18:00:00,2023-10-26,18,3,0,fall,2767,,,,
London,hour,2023-10-26 19:00:00,2023-10-26,19,3,0,fall,1681,,,,
London,hour,2023-10-26 20:00:00,2023-10-26,20,3,0,fall,1122,,,,
London,hour,2023-10-26 21:00:00,2023-10-26,21,3,0,fall,852,,,,
London,hour,2023-10-26 22:00:00,2023-10-26,22,3,0,fall,721,,,,
London,hour,2023-10-26 23:00:00,2023-10-26,23,3,0,fall,515,,,,
London,hour,2023-10-27 00:00:00,2023-10-27,0,4,0,fall,217,,,,
London,hour,2023-10-27 01:00:00,2023-10-27,1,4,0,fall,162,,,,
London,hour,2023-10-27 02:00:00,2023-10-27,2,4,0,fall,77,,,,
London,hour,2023-10-27 03:00:00,2023-10-27,3,4,0,fall,53,,,,
London,hour,2023-10-27 04:00:00,2023-10-27,4,4,0,fall,43,,,,
London,hour,2023-10-27 05:00:00,2023-10-27,5,4,0,fall,142,,,,
London,hour,2023-10-27 06:00:00,2023-10-27,6,4,0,fall,486,,,,
London,hour,2023-10-27 07:00:00,2023-10-27,7,4,0,fall,1121,,,,
London,hour,2023-10-27 08:00:00,2023-10-27,8,4,0,fall,2146,,,,
London,hour,2023-10-27 09:00:00,2023-10-27,9,4,0,fall,1388,,,,
London,hour,2023-10-27 10:00:00,2023-10-27,10,4,0,fall,878,,,,
London,hour,2023-10-27 11:00:00,2023-10-27,11,4,0,fall,988,,,,
London,hour,2023-10-27 12:00:00,2023-10-27,12,4,0,fall,1260,,,,
London,hour,2023-10-27 13:00:00,2023-10-27,13,4,0,fall,1402,,,,
London,hour,2023-10-27 14:00:00,2023-10-27,14,4,0,fall,1192,,,,
London,hour,2023-10-27 15:00:00,2023-10-27,15,4,0,fall,1061,,,,
London,hour,2023-10-27 16:00:00,2023-10-27,16,4,0,fall,1644,,,,
London,hour,2023-10-27 17:00:00,2023-10-27,17,4,0,fall,2401,,,,
London,hour,2023-10-27 18:00:00,2023-10-27,18,4,0,fall,2137,,,,
London,hour,2023-10-27 19:00:00,2023-10-27,19,4,0,fall,1533,,,,
London,hour,2023-10-27 20:00:00,2023-10-27,20,4,0,fall,947,,,,
London,hour,2023-10-27 21:00:00,2023-10-27,21,4,0,fall,739,,,,
London,hour,2023-10-27 22:00:00,2023-10-27,22,4,0,fall,674,,,,
London,hour,2023-10-27 23:00:00,2023-10-27,23,4,0,fall,479,,,,
London,hour,2023-10-28 00:00:00,2023-10-28,0,5,1,fall,291,,,,
London,hour,2023-10-28 01:00:00,2023-10-28,1,5,1,fall,283,,,,
London,hour,2023-10-28 02:00:00,2023-10-28,2,5,1,fall,188,,,,
London,hour,2023-10-28 03:00:00,2023-10-28,3,5,1,fall,156,,,,
London,hour,2023-10-28 04:00:00,2023-10-28,4,5,1,fall,98,,,,
London,hour,2023-10-28 05:00:00,2023-10-28,5,5,1,fall,86,,,,
London,hour,2023-10-28 06:00:00,2023-10-28,6,5,1,fall,121,,,,
London,hour,2023-10-28 07:00:00,2023-10-28,7,5,1,fall,267,,,,
London,hour,2023-10-28 08:00:00,2023-10-28,8,5,1,fall,594,,,,
London,hour,2023-10-28 09:00:00,2023-10-28,9,5,1,fall,943,,,,
London,hour,2023-10-28 10:00:00,2023-10-28,10,5,1,fall,1249,,,,
London,hour,2023-10-28 11:00:00,2023-10-28,11,5,1,fall,1718,,,,
London,hour,2023-10-28 12:00:00,2023-10-28,12,5,1,fall,1883,,,,
London,hour,2023-10-28 13:00:00,2023-10-28,13,5,1,fall,1617,,,,
London,hour,2023-10-28 14:00:00,2023-10-28,14,5,1,fall,1685,,,,
London,hour,2023-10-28 15:00:00,2023-10-28,15,5,1,fall,1763,,,,
London,hour,2023-10-28 16:00:00,2023-10-28,16,5,1,fall,1591,,,,
London,hour,2023-10-28 17:00:00,2023-10-28,17,5,1,fall,1243,,,,
London,hour,2023-10-28 18:00:00,2023-10-28,18,5,1,fall,812,,,,
London,hour,2023-10-28 19:00:00,2023-10-28,19,5,1,fall,709,,,,
London,hour,2023-10-28 20:00:00,2023-10-28,20,5,1,fall,531,,,,
London,hour,2023-10-28 21:00:00,2023-10-28,21,5,1,fall,388,,,,
London,hour,2023-10-28 22:00:00,2023-10-28,22,5,1,fall,410,,,,
London,hour,2023-10-28 23:00:00,2023-10-28,23,5,1,fall,291,,,,
London,hour,2023-10-29 00:00:00,2023-10-29,0,6,1,fall,261,,,,
London,hour,2023-10-29 01:00:00,2023-10-29,1,6,1,fall,422,,,,
London,hour,2023-10-29 02:00:00,2023-10-29,2,6,1,fall,172,,,,
London,hour,2023-10-29 03:00:00,2023-10-29,3,6,1,fall,77,,,,
London,hour,2023-10-29 04:00:00,2023-10-29,4,6,1,fall,71,,,,
London,hour,2023-10-29 05:00:00,2023-10-29,5,6,1,fall,82,,,,
London,hour,2023-10-29 06:00:00,2023-10-29,6,6,1,fall,139,,,,
London,hour,2023-10-29 07:00:00,2023-10-29,7,6,1,fall,226,,,,
London,hour,2023-10-29 08:00:00,2023-10-29,8,6,1,fall,465,,,,
London,hour,2023-10-29 09:00:00,2023-10-29,9,6,1,fall,882,,,,
London,hour,2023-10-29 10:00:00,2023-10-29,10,6,1,fall,930,,,,
London,hour,2023-10-29 11:00:00,2023-10-29,11,6,1,fall,439,,,,
London,hour,2023-10-29 12:00:00,2023-10-29,12,6,1,fall,652,,,,
London,hour,2023-10-29 13:00:00,2023-10-29,13,6,1,fall,661,,,,
London,hour,2023-10-29 14:00:00,2023-10-29,14,6,1,fall,705,,,,
London,hour,2023-10-29 15:00:00,2023-10-29,15,6,1,fall,1254,,,,
London,hour,2023-10-29 16:00:00,2023-10-29,16,6,1,fall,1257,,,,
London,hour,2023-10-29 17:00:00,2023-10-29,17,6,1,fall,991,,,,
London,hour,2023-10-29 18:00:00,2023-10-29,18,6,1,fall,726,,,,
London,hour,2023-10-29 19:00:00,2023-10-29,19,6,1,fall,564,,,,
London,hour,2023-10-29 20:00:00,2023-10-29,20,6,1,fall,456,,,,
London,hour,2023-10-29 21:00:00,2023-10-29,21,6,1,fall,364,,,,
London,hour,2023-10-29 22:00:00,2023-10-29,22,6,1,fall,322,,,,
London,hour,2023-10-29 23:00:00,2023-10-29,23,6,1,fall,165,,,,
London,hour,2023-10-30 00:00:00,2023-10-30,0,0,0,fall,111,,,,
London,hour,2023-10-30 01:00:00,2023-10-30,1,0,0,fall,54,,,,
London,hour,2023-10-30 02:00:00,2023-10-30,2,0,0,fall,31,,,,
London,hour,2023-10-30 03:00:00,2023-10-30,3,0,0,fall,27,,,,
London,hour,2023-10-30 04:00:00,2023-10-30,4,0,0,fall,45,,,,
London,hour,2023-10-30 05:00:00,2023-10-30,5,0,0,fall,160,,,,
London,hour,2023-10-30 06:00:00,2023-10-30,6,0,0,fall,690,,,,
London,hour,2023-10-30 07:00:00,2023-10-30,7,0,0,fall,1888,,,,
London,hour,2023-10-30 08:00:00,2023-10-30,8,0,0,fall,3213,,,,
London,hour,2023-10-30 09:00:00,2023-10-30,9,0,0,fall,1717,,,,
London,hour,2023-10-30 10:00:00,2023-10-30,10,0,0,fall,943,,,,
London,hour,2023-10-30 11:00:00,2023-10-30,11,0,0,fall,839,,,,
London,hour,2023-10-30 12:00:00,2023-10-30,12,0,0,fall,976,,,,
London,hour,2023-10-30 13:00:00,2023-10-30,13,0,0,fall,1077,,,,
London,hour,2023-10-30 14:00:00,2023-10-30,14,0,0,fall,880,,,,
London,hour,2023-10-30 15:00:00,2023-10-30,15,0,0,fall,1189,,,,
London,hour,2023-10-30 16:00:00,2023-10-30,16,0,0,fall,1629,,,,
London,hour,2023-10-30 17:00:00,2023-10-30,17,0,0,fall,2851,,,,
London,hour,2023-10-30 18:00:00,2023-10-30,18,0,0,fall,2695,,,,
London,hour,2023-10-30 19:00:00,2023-10-30,19,0,0,fall,1665,,,,
London,hour,2023-10-30 20:00:00,2023-10-30,20,0,0,fall,1061,,,,
London,hour,2023-10-30 21:00:00,2023-10-30,21,0,0,fall,712,,,,
London,hour,2023-10-30 22:00:00,2023-10-30,22,0,0,fall,500,,,,
London,hour,2023-10-30 23:00:00,2023-10-30,23,0,0,fall,264,,,,
London,hour,2023-10-31 00:00:00,2023-10-31,0,1,0,fall,120,,,,
London,hour,2023-10-31 01:00:00,2023-10-31,1,1,0,fall,72,,,,
London,hour,2023-10-31 02:00:00,2023-10-31,2,1,0,fall,46,,,,
London,hour,2023-10-31 03:00:00,2023-10-31,3,1,0,fall,32,,,,
London,hour,2023-10-31 04:00:00,2023-10-31,4,1,0,fall,49,,,,
London,hour,2023-10-31 05:00:00,2023-10-31,5,1,0,fall,180,,,,
London,hour,2023-10-31 06:00:00,2023-10-31,6,1,0,fall,781,,,,
London,hour,2023-10-31 07:00:00,2023-10-31,7,1,0,fall,2207,,,,
London,hour,2023-10-31 08:00:00,2023-10-31,8,1,0,fall,3970,,,,
London,hour,2023-10-31 09:00:00,2023-10-31,9,1,0,fall,2059,,,,
London,hour,2023-10-31 10:00:00,2023-10-31,10,1,0,fall,1105,,,,
London,hour,2023-10-31 11:00:00,2023-10-31,11,1,0,fall,1005,,,,
London,hour,2023-10-31 12:00:00,2023-10-31,12,1,0,fall,1165,,,,
London,hour,2023-10-31 13:00:00,2023-10-31,13,1,0,fall,1201,,,,
London,hour,2023-10-31 14:00:00,2023-10-31,14,1,0,fall,1167,,,,
London,hour,2023-10-31 15:00:00,2023-10-31,15,1,0,fall,1066,,,,
London,hour,2023-10-31 16:00:00,2023-10-31,16,1,0,fall,1289,,,,
London,hour,2023-10-31 17:00:00,2023-10-31,17,1,0,fall,2883,,,,
London,hour,2023-10-31 18:00:00,2023-10-31,18,1,0,fall,2681,,,,
London,hour,2023-10-31 19:00:00,2023-10-31,19,1,0,fall,1720,,,,
London,hour,2023-10-31 20:00:00,2023-10-31,20,1,0,fall,994,,,,
London,hour,2023-10-31 21:00:00,2023-10-31,21,1,0,fall,586,,,,
London,hour,2023-10-31 22:00:00,2023-10-31,22,1,0,fall,423,,,,
London,hour,2023-10-31 23:00:00,2023-10-31,23,1,0,fall,176,,,,
London,hour,2023-11-01 00:00:00,2023-11-01,0,2,0,fall,1,,,,
London,hour,2023-11-03 00:00:00,2023-11-03,0,4,0,fall,266,,,,
London,hour,2023-11-03 01:00:00,2023-11-03,1,4,0,fall,156,,,,
London,hour,2023-11-03 02:00:00,2023-11-03,2,4,0,fall,134,,,,
London,hour,2023-11-03 03:00:00,2023-11-03,3,4,0,fall,100,,,,
London,hour,2023-11-03 04:00:00,2023-11-03,4,4,0,fall,69,,,,
London,hour,2023-11-03 05:00:00,2023-11-03,5,4,0,fall,47,,,,
London,hour,2023-11-03 06:00:00,2023-11-03,6,4,0,fall,106,,,,
London,hour,2023-11-03 07:00:00,2023-11-03,7,4,0,fall,281,,,,
London,hour,2023-11-03 08:00:00,2023-11-03,8,4,0,fall,589,,,,
London,hour,2023-11-03 09:00:00,2023-11-03,9,4,0,fall,882,,,,
London,hour,2023-11-03 10:00:00,2023-11-03,10,4,0,fall,1193,,,,
London,hour,2023-11-03 11:00:00,2023-11-03,11,4,0,fall,1406,,,,
London,hour,2023-11-03 12:00:00,2023-11-03,12,4,0,fall,1624,,,,
London,hour,2023-11-03 13:00:00,2023-11-03,13,4,0,fall,1589,,,,
London,hour,2023-11-03 14:00:00,2023-11-03,14,4,0,fall,1550,,,,
London,hour,2023-11-03 15:00:00,2023-11-03,15,4,0,fall,1514,,,,
London,hour,2023-11-03 16:00:00,2023-11-03,16,4,0,fall,1430,,,,
London,hour,2023-11-03 17:00:00,2023-11-03,17,4,0,fall,737,,,,
London,hour,2023-11-03 18:00:00,2023-11-03,18,4,0,fall,617,,,,
London,hour,2023-11-03 19:00:00,2023-11-03,19,4,0,fall,422,,,,
London,hour,2023-11-03 20:00:00,2023-11-03,20,4,0,fall,434,,,,
London,hour,2023-11-03 21:00:00,2023-11-03,21,4,0,fall,315,,,,
London,hour,2023-11-03 22:00:00,2023-11-03,22,4,0,fall,336,,,,
London,hour,2023-11-03 23:00:00,2023-11-03,23,4,0,fall,275,,,,
London,hour,2023-11-06 00:00:00,2023-11-06,0,0,0,fall,550,,,,
London,hour,2023-11-06 01:00:00,2023-11-06,1,0,0,fall,349,,,,
London,hour,2023-11-06 02:00:00,2023-11-06,2,0,0,fall,230,,,,
London,hour,2023-11-06 03:00:00,2023-11-06,3,0,0,fall,163,,,,
London,hour,2023-11-06 04:00:00,2023-11-06,4,0,0,fall,133,,,,
London,hour,2023-11-06 05:00:00,2023-11-06,5,0,0,fall,97,,,,
London,hour,2023-11-06 06:00:00,2023-11-06,6,0,0,fall,162,,,,
London,hour,2023-11-06 07:00:00,2023-11-06,7,0,0,fall,281,,,,
London,hour,2023-11-06 08:00:00,2023-11-06,8,0,0,fall,2539,,,,
London,hour,2023-11-06 09:00:00,2023-11-06,9,0,0,fall,2698,,,,
London,hour,2023-11-06 10:00:00,2023-11-06,10,0,0,fall,2305,,,,
London,hour,2023-11-06 11:00:00,2023-11-06,11,0,0,fall,2613,,,,
London,hour,2023-11-06 12:00:00,2023-11-06,12,0,0,fall,2995,,,,
London,hour,2023-11-06 13:00:00,2023-11-06,13,0,0,fall,3130,,,,
London,hour,2023-11-06 14:00:00,2023-11-06,14,0,0,fall,3060,,,,
London,hour,2023-11-06 15:00:00,2023-11-06,15,0,0,fall,3127,,,,
London,hour,2023-11-06 16:00:00,2023-11-06,16,0,0,fall,3440,,,,
London,hour,2023-11-06 17:00:00,2023-11-06,17,0,0,fall,4730,,,,
London,hour,2023-11-06 18:00:00,2023-11-06,18,0,0,fall,4286,,,,
London,hour,2023-11-06 19:00:00,2023-11-06,19,0,0,fall,3037,,,,
London,hour,2023-11-06 20:00:00,2023-11-06,20,0,0,fall,2001,,,,
London,hour,2023-11-06 21:00:00,2023-11-06,21,0,0,fall,1367,,,,
London,hour,2023-11-06 22:00:00,2023-11-06,22,0,0,fall,1082,,,,
London,hour,2023-11-06 23:00:00,2023-11-06,23,0,0,fall,607,,,,
London,hour,2023-11-07 00:00:00,2023-11-07,0,1,0,fall,111,,,,
London,hour,2023-11-07 01:00:00,2023-11-07,1,1,0,fall,65,,,,
London,hour,2023-11-07 02:00:00,2023-11-07,2,1,0,fall,28,,,,
London,hour,2023-11-07 03:00:00,2023-11-07,3,1,0,fall,10,,,,
London,hour,2023-11-07 04:00:00,2023-11-07,4,1,0,fall,39,,,,
London,hour,2023-11-07 05:00:00,2023-11-07,5,1,0,fall,170,,,,
London,hour,2023-11-07 06:00:00,2023-11-07,6,1,0,fall,734,,,,
London,hour,2023-11-07 07:00:00,2023-11-07,7,1,0,fall,2222,,,,
London,hour,2023-11-07 08:00:00,2023-11-07,8,1,0,fall,4040,,,,
London,hour,2023-11-07 09:00:00,2023-11-07,9,1,0,fall,2015,,,,
London,hour,2023-11-07 10:00:00,2023-11-07,10,1,0,fall,1080,,,,
London,hour,2023-11-07 11:00:00,2023-11-07,11,1,0,fall,1005,,,,
London,hour,2023-11-07 12:00:00,2023-11-07,12,1,0,fall,1117,,,,
London,hour,2023-11-07 13:00:00,2023-11-07,13,1,0,fall,1068,,,,
London,hour,2023-11-07 14:00:00,2023-11-07,14,1,0,fall,980,,,,
London,hour,2023-11-07 15:00:00,2023-11-07,15,1,0,fall,1172,,,,
London,hour,2023-11-07 16:00:00,2023-11-07,16,1,0,fall,1759,,,,
London,hour,2023-11-07 17:00:00,2023-11-07,17,1,0,fall,3085,,,,
London,hour,2023-11-07 18:00:00,2023-11-07,18,1,0,fall,3079,,,,
London,hour,2023-11-07 19:00:00,2023-11-07,19,1,0,fall,1866,,,,
London,hour,2023-11-07 20:00:00,2023-11-07,20,1,0,fall,1194,,,,
London,hour,2023-11-07 21:00:00,2023-11-07,21,1,0,fall,859,,,,
London,hour,2023-11-07 22:00:00,2023-11-07,22,1,0,fall,607,,,,
London,hour,2023-11-07 23:00:00,2023-11-07,23,1,0,fall,339,,,,
London,hour,2023-11-08 00:00:00,2023-11-08,0,2,0,fall,134,,,,
London,hour,2023-11-08 01:00:00,2023-11-08,1,2,0,fall,62,,,,
London,hour,2023-11-08 02:00:00,2023-11-08,2,2,0,fall,31,,,,
London,hour,2023-11-08 03:00:00,2023-11-08,3,2,0,fall,25,,,,
London,hour,2023-11-08 04:00:00,2023-11-08,4,2,0,fall,54,,,,
London,hour,2023-11-08 05:00:00,2023-11-08,5,2,0,fall,128,,,,
London,hour,2023-11-08 06:00:00,2023-11-08,6,2,0,fall,585,,,,
London,hour,2023-11-08 07:00:00,2023-11-08,7,2,0,fall,1370,,,,
London,hour,2023-11-08 08:00:00,2023-11-08,8,2,0,fall,2507,,,,
London,hour,2023-11-08 09:00:00,2023-11-08,9,2,0,fall,1271,,,,
London,hour,2023-11-08 10:00:00,2023-11-08,10,2,0,fall,763,,,,
London,hour,2023-11-08 11:00:00,2023-11-08,11,2,0,fall,618,,,,
London,hour,2023-11-08 12:00:00,2023-11-08,12,2,0,fall,689,,,,
London,hour,2023-11-08 13:00:00,2023-11-08,13,2,0,fall,559,,,,
London,hour,2023-11-08 14:00:00,2023-11-08,14,2,0,fall,477,,,,
London,hour,2023-11-08 15:00:00,2023-11-08,15,2,0,fall,828,,,,
London,hour,2023-11-08 16:00:00,2023-11-08,16,2,0,fall,1323,,,,
London,hour,2023-11-08 17:00:00,2023-11-08,17,2,0,fall,2674,,,,
London,hour,2023-11-08 18:00:00,2023-11-08,18,2,0,fall,2512,,,,
London,hour,2023-11-08 19:00:00,2023-11-08,19,2,0,fall,1617,,,,
London,hour,2023-11-08 20:00:00,2023-11-08,20,2,0,fall,958,,,,
London,hour,2023-11-08 21:00:00,2023-11-08,21,2,0,fall,713,,,,
London,hour,2023-11-08 22:00:00,2023-11-08,22,2,0,fall,588,,,,
London,hour,2023-11-08 23:00:00,2023-11-08,23,2,0,fall,321,,,,
London,hour,2023-11-09 00:00:00,2023-11-09,0,3,0,fall,125,,,,
London,hour,2023-11-09 01:00:00,2023-11-09,1,3,0,fall,73,,,,
London,hour,2023-11-09 02:00:00,2023-11-09,2,3,0,fall,34,,,,
London,hour,2023-11-09 03:00:00,2023-11-09,3,3,0,fall,24,,,,
London,hour,2023-11-09 04:00:00,2023-11-09,4,3,0,fall,38,,,,
London,hour,2023-11-09 05:00:00,2023-11-09,5,3,0,fall,128,,,,
London,hour,2023-11-09 06:00:00,2023-11-09,6,3,0,fall,570,,,,
London,hour,2023-11-09 07:00:00,2023-11-09,7,3,0,fall,1863,,,,
London,hour,2023-11-09 08:00:00,2023-11-09,8,3,0,fall,3416,,,,
London,hour,2023-11-09 09:00:00,2023-11-09,9,3,0,fall,1899,,,,
London,hour,2023-11-09 10:00:00,2023-11-09,10,3,0,fall,1028,,,,
London,hour,2023-11-09 11:00:00,2023-11-09,11,3,0,fall,926,,,,
London,hour,2023-11-09 12:00:00,2023-11-09,12,3,0,fall,1100,,,,
London,hour,2023-11-09 13:00:00,2023-11-09,13,3,0,fall,1144,,,,
London,hour,2023-11-09 14:00:00,2023-11-09,14,3,0,fall,872,,,,
London,hour,2023-11-09 15:00:00,2023-11-09,15,3,0,fall,1091,,,,
London,hour,2023-11-09 16:00:00,2023-11-09,16,3,0,fall,1480,,,,
London,hour,2023-11-09 17:00:00,2023-11-09,17,3,0,fall,2493,,,,
London,hour,2023-11-09 18:00:00,2023-11-09,18,3,0,fall,2316,,,,
London,hour,2023-11-09 19:00:00,2023-11-09,19,3,0,fall,1447,,,,
London,hour,2023-11-09 20:00:00,2023-11-09,20,3,0,fall,914,,,,
London,hour,2023-11-09 21:00:00,2023-11-09,21,3,0,fall,723,,,,
London,hour,2023-11-09 22:00:00,2023-11-09,22,3,0,fall,577,,,,
London,hour,2023-11-09 23:00:00,2023-11-09,23,3,0,fall,387,,,,
London,hour,2023-11-10 00:00:00,2023-11-10,0,4,0,fall,185,,,,
London,hour,2023-11-10 01:00:00,2023-11-10,1,4,0,fall,108,,,,
London,hour,2023-11-10 02:00:00,2023-11-10,2,4,0,fall,71,,,,
London,hour,2023-11-10 03:00:00,2023-11-10,3,4,0,fall,40,,,,
London,hour,2023-11-10 04:00:00,2023-11-10,4,4,0,fall,55,,,,
London,hour,2023-11-10 05:00:00,2023-11-10,5,4,0,fall,123,,,,
London,hour,2023-11-10 06:00:00,2023-11-10,6,4,0,fall,521,,,,
London,hour,2023-11-10 07:00:00,2023-11-10,7,4,0,fall,1318,,,,
London,hour,2023-11-10 08:00:00,2023-11-10,8,4,0,fall,2290,,,,
London,hour,2023-11-10 09:00:00,2023-11-10,9,4,0,fall,1244,,,,
London,hour,2023-11-10 10:00:00,2023-11-10,10,4,0,fall,789,,,,
London,hour,2023-11-10 11:00:00,2023-11-10,11,4,0,fall,776,,,,
London,hour,2023-11-10 12:00:00,2023-11-10,12,4,0,fall,1021,,,,
London,hour,2023-11-10 13:00:00,2023-11-10,13,4,0,fall,1105,,,,
London,hour,2023-11-10 14:00:00,2023-11-10,14,4,0,fall,1106,,,,
London,hour,2023-11-10 15:00:00,2023-11-10,15,4,0,fall,1241,,,,
London,hour,2023-11-10 16:00:00,2023-11-10,16,4,0,fall,1514,,,,
London,hour,2023-11-10 17:00:00,2023-11-10,17,4,0,fall,2113,,,,
London,hour,2023-11-10 18:00:00,2023-11-10,18,4,0,fall,1989,,,,
London,hour,2023-11-10 19:00:00,2023-11-10,19,4,0,fall,1297,,,,
London,hour,2023-11-10 20:00:00,2023-11-10,20,4,0,fall,841,,,,
London,hour,2023-11-10 21:00:00,2023-11-10,21,4,0,fall,625,,,,
London,hour,2023-11-10 22:00:00,2023-11-10,22,4,0,fall,575,,,,
London,hour,2023-11-10 23:00:00,2023-11-10,23,4,0,fall,423,,,,
London,hour,2023-11-11 00:00:00,2023-11-11,0,5,1,fall,380,,,,
London,hour,2023-11-11 01:00:00,2023-11-11,1,5,1,fall,246,,,,
London,hour,2023-11-11 02:00:00,2023-11-11,2,5,1,fall,172,,,,
London,hour,2023-11-11 03:00:00,2023-11-11,3,5,1,fall,95,,,,
London,hour,2023-11-11 04:00:00,2023-11-11,4,5,1,fall,71,,,,
London,hour,2023-11-11 05:00:00,2023-11-11,5,5,1,fall,72,,,,
London,hour,2023-11-11 06:00:00,2023-11-11,6,5,1,fall,153,,,,
London,hour,2023-11-11 07:00:00,2023-11-11,7,5,1,fall,326,,,,
London,hour,2023-11-11 08:00:00,2023-11-11,8,5,1,fall,718,,,,
London,hour,2023-11-11 09:00:00,2023-11-11,9,5,1,fall,1205,,,,
London,hour,2023-11-11 10:00:00,2023-11-11,10,5,1,fall,1506,,,,
London,hour,2023-11-11 11:00:00,2023-11-11,11,5,1,fall,1917,,,,
London,hour,2023-11-11 12:00:00,2023-11-11,12,5,1,fall,2300,,,,
London,hour,2023-11-11 13:00:00,2023-11-11,13,5,1,fall,2276,,,,
London,hour,2023-11-11 14:00:00,2023-11-11,14,5,1,fall,2056,,,,
London,hour,2023-11-11 15:00:00,2023-11-11,15,5,1,fall,2037,,,,
London,hour,2023-11-11 16:00:00,2023-11-11,16,5,1,fall,1867,,,,
London,hour,2023-11-11 17:00:00,2023-11-11,17,5,1,fall,1774,,,,
London,hour,2023-11-11 18:00:00,2023-11-11,18,5,1,fall,1310,,,,
London,hour,2023-11-11 19:00:00,2023-11-11,19,5,1,fall,1004,,,,
London,hour,2023-11-11 20:00:00,2023-11-11,20,5,1,fall,682,,,,
London,hour,2023-11-11 21:00:00,2023-11-11,21,5,1,fall,506,,,,
London,hour,2023-11-11 22:00:00,2023-11-11,22,5,1,fall,476,,,,
London,hour,2023-11-11 23:00:00,2023-11-11,23,5,1,fall,435,,,,
London,hour,2023-11-12 00:00:00,2023-11-12,0,6,1,fall,326,,,,
London,hour,2023-11-12 01:00:00,2023-11-12,1,6,1,fall,274,,,,
London,hour,2023-11-12 02:00:00,2023-11-12,2,6,1,fall,180,,,,
London,hour,2023-11-12 03:00:00,2023-11-12,3,6,1,fall,128,,,,
London,hour,2023-11-12 04:00:00,2023-11-12,4,6,1,fall,65,,,,
London,hour,2023-11-12 05:00:00,2023-11-12,5,6,1,fall,62,,,,
London,hour,2023-11-12 06:00:00,2023-11-12,6,6,1,fall,122,,,,
London,hour,2023-11-12 07:00:00,2023-11-12,7,6,1,fall,206,,,,
London,hour,2023-11-12 08:00:00,2023-11-12,8,6,1,fall,415,,,,
London,hour,2023-11-12 09:00:00,2023-11-12,9,6,1,fall,710,,,,
London,hour,2023-11-12 10:00:00,2023-11-12,10,6,1,fall,729,,,,
London,hour,2023-11-12 11:00:00,2023-11-12,11,6,1,fall,1019,,,,
London,hour,2023-11-12 12:00:00,2023-11-12,12,6,1,fall,1132,,,,
London,hour,2023-11-12 13:00:00,2023-11-12,13,6,1,fall,1291,,,,
London,hour,2023-11-12 14:00:00,2023-11-12,14,6,1,fall,1176,,,,
London,hour,2023-11-12 15:00:00,2023-11-12,15,6,1,fall,1158,,,,
London,hour,2023-11-12 16:00:00,2023-11-12,16,6,1,fall,1008,,,,
London,hour,2023-11-12 17:00:00,2023-11-12,17,6,1,fall,816,,,,
London,hour,2023-11-12 18:00:00,2023-11-12,18,6,1,fall,509,,,,
London,hour,2023-11-12 19:00:00,2023-11-12,19,6,1,fall,546,,,,
London,hour,2023-11-12 20:00:00,2023-11-12,20,6,1,fall,411,,,,
London,hour,2023-11-12 21:00:00,2023-11-12,21,6,1,fall,346,,,,
London,hour,2023-11-12 22:00:00,2023-11-12,22,6,1,fall,329,,,,
London,hour,2023-11-12 23:00:00,2023-11-12,23,6,1,fall,180,,,,
London,hour,2023-11-13 00:00:00,2023-11-13,0,0,0,fall,100,,,,
London,hour,2023-11-13 01:00:00,2023-11-13,1,0,0,fall,49,,,,
London,hour,2023-11-13 02:00:00,2023-11-13,2,0,0,fall,20,,,,
London,hour,2023-11-13 03:00:00,2023-11-13,3,0,0,fall,15,,,,
London,hour,2023-11-13 04:00:00,2023-11-13,4,0,0,fall,24,,,,
London,hour,2023-11-13 05:00:00,2023-11-13,5,0,0,fall,72,,,,
London,hour,2023-11-13 06:00:00,2023-11-13,6,0,0,fall,518,,,,
London,hour,2023-11-13 07:00:00,2023-11-13,7,0,0,fall,1159,,,,
London,hour,2023-11-13 08:00:00,2023-11-13,8,0,0,fall,2538,,,,
London,hour,2023-11-13 09:00:00,2023-11-13,9,0,0,fall,1660,,,,
London,hour,2023-11-13 10:00:00,2023-11-13,10,0,0,fall,899,,,,
London,hour,2023-11-13 11:00:00,2023-11-13,11,0,0,fall,860,,,,
London,hour,2023-11-13 12:00:00,2023-11-13,12,0,0,fall,1053,,,,
London,hour,2023-11-13 13:00:00,2023-11-13,13,0,0,fall,994,,,,
London,hour,2023-11-13 14:00:00,2023-11-13,14,0,0,fall,901,,,,
London,hour,2023-11-13 15:00:00,2023-11-13,15,0,0,fall,1076,,,,
London,hour,2023-11-13 16:00:00,2023-11-13,16,0,0,fall,1464,,,,
London,hour,2023-11-13 17:00:00,2023-11-13,17,0,0,fall,2652,,,,
London,hour,2023-11-13 18:00:00,2023-11-13,18,0,0,fall,2637,,,,
London,hour,2023-11-13 19:00:00,2023-11-13,19,0,0,fall,1657,,,,
London,hour,2023-11-13 20:00:00,2023-11-13,20,0,0,fall,977,,,,
London,hour,2023-11-13 21:00:00,2023-11-13,21,0,0,fall,674,,,,
London,hour,2023-11-13 22:00:00,2023-11-13,22,0,0,fall,495,,,,
London,hour,2023-11-13 23:00:00,2023-11-13,23,0,0,fall,214,,,,
London,hour,2023-11-14 00:00:00,2023-11-14,0,1,0,fall,108,,,,
London,hour,2023-11-14 01:00:00,2023-11-14,1,1,0,fall,27,,,,
London,hour,2023-11-14 02:00:00,2023-11-14,2,1,0,fall,33,,,,
London,hour,2023-11-14 03:00:00,2023-11-14,3,1,0,fall,19,,,,
London,hour,2023-11-14 04:00:00,2023-11-14,4,1,0,fall,44,,,,
London,hour,2023-11-14 05:00:00,2023-11-14,5,1,0,fall,165,,,,
London,hour,2023-11-14 06:00:00,2023-11-14,6,1,0,fall,740,,,,
London,hour,2023-11-14 07:00:00,2023-11-14,7,1,0,fall,2051,,,,
London,hour,2023-11-14 08:00:00,2023-11-14,8,1,0,fall,3953,,,,
London,hour,2023-11-14 09:00:00,2023-11-14,9,1,0,fall,1985,,,,
London,hour,2023-11-14 10:00:00,2023-11-14,10,1,0,fall,1029,,,,
London,hour,2023-11-14 11:00:00,2023-11-14,11,1,0,fall,337,,,,
London,hour,2023-11-14 12:00:00,2023-11-14,12,1,0,fall,196,,,,
London,hour,2023-11-14 13:00:00,2023-11-14,13,1,0,fall,307,,,,
London,hour,2023-11-14 14:00:00,2023-11-14,14,1,0,fall,566,,,,
London,hour,2023-11-14 15:00:00,2023-11-14,15,1,0,fall,965,,,,
London,hour,2023-11-14 16:00:00,2023-11-14,16,1,0,fall,1470,,,,
London,hour,2023-11-14 17:00:00,2023-11-14,17,1,0,fall,2867,,,,
London,hour,2023-11-14 18:00:00,2023-11-14,18,1,0,fall,2777,,,,
London,hour,2023-11-14 19:00:00,2023-11-14,19,1,0,fall,1675,,,,
London,hour,2023-11-14 20:00:00,2023-11-14,20,1,0,fall,1057,,,,
London,hour,2023-11-14 21:00:00,2023-11-14,21,1,0,fall,780,,,,
London,hour,2023-11-14 22:00:00,2023-11-14,22,1,0,fall,525,,,,
London,hour,2023-11-14 23:00:00,2023-11-14,23,1,0,fall,306,,,,
London,hour,2023-11-15 00:00:00,2023-11-15,0,2,0,fall,133,,,,
London,hour,2023-11-15 01:00:00,2023-11-15,1,2,0,fall,65,,,,
London,hour,2023-11-15 02:00:00,2023-11-15,2,2,0,fall,27,,,,
London,hour,2023-11-15 03:00:00,2023-11-15,3,2,0,fall,19,,,,
London,hour,2023-11-15 04:00:00,2023-11-15,4,2,0,fall,48,,,,
London,hour,2023-11-15 05:00:00,2023-11-15,5,2,0,fall,148,,,,
London,hour,2023-11-15 06:00:00,2023-11-15,6,2,0,fall,704,,,,
London,hour,2023-11-15 07:00:00,2023-11-15,7,2,0,fall,1997,,,,
London,hour,2023-11-15 08:00:00,2023-11-15,8,2,0,fall,3773,,,,
London,hour,2023-11-15 09:00:00,2023-11-15,9,2,0,fall,2043,,,,
London,hour,2023-11-15 10:00:00,2023-11-15,10,2,0,fall,1106,,,,
London,hour,2023-11-15 11:00:00,2023-11-15,11,2,0,fall,1002,,,,
London,hour,2023-11-15 12:00:00,2023-11-15,12,2,0,fall,1231,,,,
London,hour,2023-11-15 13:00:00,2023-11-15,13,2,0,fall,1173,,,,
London,hour,2023-11-15 14:00:00,2023-11-15,14,2,0,fall,1033,,,,
London,hour,2023-11-15 15:00:00,2023-11-15,15,2,0,fall,1204,,,,
London,hour,2023-11-15 16:00:00,2023-11-15,16,2,0,fall,1618,,,,
London,hour,2023-11-15 17:00:00,2023-11-15,17,2,0,fall,2901,,,,
London,hour,2023-11-15 18:00:00,2023-11-15,18,2,0,fall,2784,,,,
London,hour,2023-11-15 19:00:00,2023-11-15,19,2,0,fall,1759,,,,
London,hour,2023-11-15 20:00:00,2023-11-15,20,2,0,fall,1093,,,,
London,hour,2023-11-15 21:00:00,2023-11-15,21,2,0,fall,876,,,,
London,hour,2023-11-15 22:00:00,2023-11-15,22,2,0,fall,653,,,,
London,hour,2023-11-15 23:00:00,2023-11-15,23,2,0,fall,358,,,,
London,hour,2023-11-16 00:00:00,2023-11-16,0,3,0,fall,173,,,,
London,hour,2023-11-16 01:00:00,2023-11-16,1,3,0,fall,100,,,,
London,hour,2023-11-16 02:00:00,2023-11-16,2,3,0,fall,49,,,,
London,hour,2023-11-16 03:00:00,2023-11-16,3,3,0,fall,28,,,,
London,hour,2023-11-16 04:00:00,2023-11-16,4,3,0,fall,54,,,,
London,hour,2023-11-16 05:00:00,2023-11-16,5,3,0,fall,143,,,,
London,hour,2023-11-16 06:00:00,2023-11-16,6,3,0,fall,671,,,,
London,hour,2023-11-16 07:00:00,2023-11-16,7,3,0,fall,1842,,,,
London,hour,2023-11-16 08:00:00,2023-11-16,8,3,0,fall,3477,,,,
London,hour,2023-11-16 09:00:00,2023-11-16,9,3,0,fall,1784,,,,
London,hour,2023-11-16 10:00:00,2023-11-16,10,3,0,fall,887,,,,
London,hour,2023-11-16 11:00:00,2023-11-16,11,3,0,fall,888,,,,
London,hour,2023-11-16 12:00:00,2023-11-16,12,3,0,fall,1025,,,,
London,hour,2023-11-16 13:00:00,2023-11-16,13,3,0,fall,932,,,,
London,hour,2023-11-16 14:00:00,2023-11-16,14,3,0,fall,924,,,,
London,hour,2023-11-16 15:00:00,2023-11-16,15,3,0,fall,962,,,,
London,hour,2023-11-16 16:00:00,2023-11-16,16,3,0,fall,1134,,,,
London,hour,2023-11-16 17:00:00,2023-11-16,17,3,0,fall,2099,,,,
London,hour,2023-11-16 18:00:00,2023-11-16,18,3,0,fall,2313,,,,
London,hour,2023-11-16 19:00:00,2023-11-16,19,3,0,fall,1501,,,,
London,hour,2023-11-16 20:00:00,2023-11-16,20,3,0,fall,1002,,,,
London,hour,2023-11-16 21:00:00,2023-11-16,21,3,0,fall,783,,,,
London,hour,2023-11-16 22:00:00,2023-11-16,22,3,0,fall,672,,,,
London,hour,2023-11-16 23:00:00,2023-11-16,23,3,0,fall,431,,,,
London,hour,2023-11-17 00:00:00,2023-11-17,0,4,0,fall,240,,,,
London,hour,2023-11-17 01:00:00,2023-11-17,1,4,0,fall,93,,,,
London,hour,2023-11-17 02:00:00,2023-11-17,2,4,0,fall,61,,,,
London,hour,2023-11-17 03:00:00,2023-11-17,3,4,0,fall,56,,,,
London,hour,2023-11-17 04:00:00,2023-11-17,4,4,0,fall,69,,,,
London,hour,2023-11-17 05:00:00,2023-11-17,5,4,0,fall,119,,,,
London,hour,2023-11-17 06:00:00,2023-11-17,6,4,0,fall,543,,,,
London,hour,2023-11-17 07:00:00,2023-11-17,7,4,0,fall,1280,,,,
London,hour,2023-11-17 08:00:00,2023-11-17,8,4,0,fall,2427,,,,
London,hour,2023-11-17 09:00:00,2023-11-17,9,4,0,fall,1611,,,,
London,hour,2023-11-17 10:00:00,2023-11-17,10,4,0,fall,1164,,,,
London,hour,2023-11-17 11:00:00,2023-11-17,11,4,0,fall,1178,,,,
London,hour,2023-11-17 12:00:00,2023-11-17,12,4,0,fall,1339,,,,
London,hour,2023-11-17 13:00:00,2023-11-17,13,4,0,fall,1323,,,,
London,hour,2023-11-17 14:00:00,2023-11-17,14,4,0,fall,1237,,,,
London,hour,2023-11-17 15:00:00,2023-11-17,15,4,0,fall,1301,,,,
London,hour,2023-11-17 16:00:00,2023-11-17,16,4,0,fall,1603,,,,
London,hour,2023-11-17 17:00:00,2023-11-17,17,4,0,fall,2245,,,,
London,hour,2023-11-17 18:00:00,2023-11-17,18,4,0,fall,2041,,,,
London,hour,2023-11-17 19:00:00,2023-11-17,19,4,0,fall,1371,,,,
London,hour,2023-11-17 20:00:00,2023-11-17,20,4,0,fall,882,,,,
London,hour,2023-11-17 21:00:00,2023-11-17,21,4,0,fall,661,,,,
London,hour,2023-11-17 22:00:00,2023-11-17,22,4,0,fall,608,,,,
London,hour,2023-11-17 23:00:00,2023-11-17,23,4,0,fall,469,,,,
London,hour,2023-11-18 00:00:00,2023-11-18,0,5,1,fall,242,,,,
London,hour,2023-11-18 01:00:00,2023-11-18,1,5,1,fall,215,,,,
London,hour,2023-11-18 02:00:00,2023-11-18,2,5,1,fall,182,,,,
London,hour,2023-11-18 03:00:00,2023-11-18,3,5,1,fall,110,,,,
London,hour,2023-11-18 04:00:00,2023-11-18,4,5,1,fall,42,,,,
London,hour,2023-11-18 05:00:00,2023-11-18,5,5,1,fall,68,,,,
London,hour,2023-11-18 06:00:00,2023-11-18,6,5,1,fall,121,,,,
London,hour,2023-11-18 07:00:00,2023-11-18,7,5,1,fall,206,,,,
London,hour,2023-11-18 08:00:00,2023-11-18,8,5,1,fall,478,,,,
London,hour,2023-11-18 09:00:00,2023-11-18,9,5,1,fall,653,,,,
London,hour,2023-11-18 10:00:00,2023-11-18,10,5,1,fall,819,,,,
London,hour,2023-11-18 11:00:00,2023-11-18,11,5,1,fall,1025,,,,
London,hour,2023-11-18 12:00:00,2023-11-18,12,5,1,fall,1057,,,,
London,hour,2023-11-18 13:00:00,2023-11-18,13,5,1,fall,1170,,,,
London,hour,2023-11-18 14:00:00,2023-11-18,14,5,1,fall,1291,,,,
London,hour,2023-11-18 15:00:00,2023-11-18,15,5,1,fall,1353,,,,
London,hour,2023-11-18 16:00:00,2023-11-18,16,5,1,fall,1308,,,,
London,hour,2023-11-18 17:00:00,2023-11-18,17,5,1,fall,1119,,,,
London,hour,2023-11-18 18:00:00,2023-11-18,18,5,1,fall,1143,,,,
London,hour,2023-11-18 19:00:00,2023-11-18,19,5,1,fall,881,,,,
London,hour,2023-11-18 20:00:00,2023-11-18,20,5,1,fall,675,,,,
London,hour,2023-11-18 21:00:00,2023-11-18,21,5,1,fall,524,,,,
London,hour,2023-11-18 22:00:00,2023-11-18,22,5,1,fall,585,,,,
London,hour,2023-11-18 23:00:00,2023-11-18,23,5,1,fall,466,,,,
London,hour,2023-11-19 00:00:00,2023-11-19,0,6,1,fall,427,,,,
London,hour,2023-11-19 01:00:00,2023-11-19,1,6,1,fall,269,,,,
London,hour,2023-11-19 02:00:00,2023-11-19,2,6,1,fall,209,,,,
London,hour,2023-11-19 03:00:00,2023-11-19,3,6,1,fall,138,,,,
London,hour,2023-11-19 04:00:00,2023-11-19,4,6,1,fall,102,,,,
London,hour,2023-11-19 05:00:00,2023-11-19,5,6,1,fall,74,,,,
London,hour,2023-11-19 06:00:00,2023-11-19,6,6,1,fall,118,,,,
London,hour,2023-11-19 07:00:00,2023-11-19,7,6,1,fall,215,,,,
London,hour,2023-11-19 08:00:00,2023-11-19,8,6,1,fall,448,,,,
London,hour,2023-11-19 09:00:00,2023-11-19,9,6,1,fall,774,,,,
London,hour,2023-11-19 10:00:00,2023-11-19,10,6,1,fall,1078,,,,
London,hour,2023-11-19 11:00:00,2023-11-19,11,6,1,fall,1368,,,,
London,hour,2023-11-19 12:00:00,2023-11-19,12,6,1,fall,1435,,,,
London,hour,2023-11-19 13:00:00,2023-11-19,13,6,1,fall,1492,,,,
London,hour,2023-11-19 14:00:00,2023-11-19,14,6,1,fall,1392,,,,
London,hour,2023-11-19 15:00:00,2023-11-19,15,6,1,fall,1259,,,,
London,hour,2023-11-19 16:00:00,2023-11-19,16,6,1,fall,1056,,,,
London,hour,2023-11-19 17:00:00,2023-11-19,17,6,1,fall,936,,,,
London,hour,2023-11-19 18:00:00,2023-11-19,18,6,1,fall,904,,,,
London,hour,2023-11-19 19:00:00,2023-11-19,19,6,1,fall,693,,,,
London,hour,2023-11-19 20:00:00,2023-11-19,20,6,1,fall,548,,,,
London,hour,2023-11-19 21:00:00,2023-11-19,21,6,1,fall,427,,,,
London,hour,2023-11-19 22:00:00,2023-11-19,22,6,1,fall,333,,,,
London,hour,2023-11-19 23:00:00,2023-11-19,23,6,1,fall,230,,,,
London,hour,2023-11-20 00:00:00,2023-11-20,0,0,0,fall,122,,,,
London,hour,2023-11-20 01:00:00,2023-11-20,1,0,0,fall,62,,,,
London,hour,2023-11-20 02:00:00,2023-11-20,2,0,0,fall,56,,,,
London,hour,2023-11-20 03:00:00,2023-11-20,3,0,0,fall,22,,,,
London,hour,2023-11-20 04:00:00,2023-11-20,4,0,0,fall,64,,,,
London,hour,2023-11-20 05:00:00,2023-11-20,5,0,0,fall,131,,,,
London,hour,2023-11-20 06:00:00,2023-11-20,6,0,0,fall,628,,,,
London,hour,2023-11-20 07:00:00,2023-11-20,7,0,0,fall,1616,,,,
London,hour,2023-11-20 08:00:00,2023-11-20,8,0,0,fall,3218,,,,
London,hour,2023-11-20 09:00:00,2023-11-20,9,0,0,fall,1742,,,,
London,hour,2023-11-20 10:00:00,2023-11-20,10,0,0,fall,984,,,,
London,hour,2023-11-20 11:00:00,2023-11-20,11,0,0,fall,871,,,,
London,hour,2023-11-20 12:00:00,2023-11-20,12,0,0,fall,1142,,,,
London,hour,2023-11-20 13:00:00,2023-11-20,13,0,0,fall,1118,,,,
London,hour,2023-11-20 14:00:00,2023-11-20,14,0,0,fall,1010,,,,
London,hour,2023-11-20 15:00:00,2023-11-20,15,0,0,fall,1194,,,,
London,hour,2023-11-20 16:00:00,2023-11-20,16,0,0,fall,1502,,,,
London,hour,2023-11-20 17:00:00,2023-11-20,17,0,0,fall,2556,,,,
London,hour,2023-11-20 18:00:00,2023-11-20,18,0,0,fall,2680,,,,
London,hour,2023-11-20 19:00:00,2023-11-20,19,0,0,fall,1584,,,,
London,hour,2023-11-20 20:00:00,2023-11-20,20,0,0,fall,1052,,,,
London,hour,2023-11-20 21:00:00,2023-11-20,21,0,0,fall,730,,,,
London,hour,2023-11-20 22:00:00,2023-11-20,22,0,0,fall,540,,,,
London,hour,2023-11-20 23:00:00,2023-11-20,23,0,0,fall,269,,,,
London,hour,2023-11-21 00:00:00,2023-11-21,0,1,0,fall,111,,,,
London,hour,2023-11-21 01:00:00,2023-11-21,1,1,0,fall,52,,,,
London,hour,2023-11-21 02:00:00,2023-11-21,2,1,0,fall,42,,,,
London,hour,2023-11-21 03:00:00,2023-11-21,3,1,0,fall,21,,,,
London,hour,2023-11-21 04:00:00,2023-11-21,4,1,0,fall,50,,,,
London,hour,2023-11-21 05:00:00,2023-11-21,5,1,0,fall,164,,,,
London,hour,2023-11-21 06:00:00,2023-11-21,6,1,0,fall,702,,,,
London,hour,2023-11-21 07:00:00,2023-11-21,7,1,0,fall,1982,,,,
London,hour,2023-11-21 08:00:00,2023-11-21,8,1,0,fall,3885,,,,
London,hour,2023-11-21 09:00:00,2023-11-21,9,1,0,fall,2030,,,,
London,hour,2023-11-21 10:00:00,2023-11-21,10,1,0,fall,1048,,,,
London,hour,2023-11-21 11:00:00,2023-11-21,11,1,0,fall,947,,,,
London,hour,2023-11-21 12:00:00,2023-11-21,12,1,0,fall,1006,,,,
London,hour,2023-11-21 13:00:00,2023-11-21,13,1,0,fall,880,,,,
London,hour,2023-11-21 14:00:00,2023-11-21,14,1,0,fall,853,,,,
London,hour,2023-11-21 15:00:00,2023-11-21,15,1,0,fall,1088,,,,
London,hour,2023-11-21 16:00:00,2023-11-21,16,1,0,fall,1590,,,,
London,hour,2023-11-21 17:00:00,2023-11-21,17,1,0,fall,2893,,,,
London,hour,2023-11-21 18:00:00,2023-11-21,18,1,0,fall,2903,,,,
London,hour,2023-11-21 19:00:00,2023-11-21,19,1,0,fall,1746,,,,
London,hour,2023-11-21 20:00:00,2023-11-21,20,1,0,fall,1141,,,,
London,hour,2023-11-21 21:00:00,2023-11-21,21,1,0,fall,794,,,,
London,hour,2023-11-21 22:00:00,2023-11-21,22,1,0,fall,558,,,,
London,hour,2023-11-21 23:00:00,2023-11-21,23,1,0,fall,323,,,,
London,hour,2023-11-22 00:00:00,2023-11-22,0,2,0,fall,141,,,,
London,hour,2023-11-22 01:00:00,2023-11-22,1,2,0,fall,49,,,,
London,hour,2023-11-22 02:00:00,2023-11-22,2,2,0,fall,25,,,,
London,hour,2023-11-22 03:00:00,2023-11-22,3,2,0,fall,28,,,,
London,hour,2023-11-22 04:00:00,2023-11-22,4,2,0,fall,52,,,,
London,hour,2023-11-22 05:00:00,2023-11-22,5,2,0,fall,152,,,,
London,hour,2023-11-22 06:00:00,2023-11-22,6,2,0,fall,647,,,,
London,hour,2023-11-22 07:00:00,2023-11-22,7,2,0,fall,1945,,,,
London,hour,2023-11-22 08:00:00,2023-11-22,8,2,0,fall,3836,,,,
London,hour,2023-11-22 09:00:00,2023-11-22,9,2,0,fall,1941,,,,
London,hour,2023-11-22 10:00:00,2023-11-22,10,2,0,fall,1083,,,,
London,hour,2023-11-22 11:00:00,2023-11-22,11,2,0,fall,957,,,,
London,hour,2023-11-22 12:00:00,2023-11-22,12,2,0,fall,1086,,,,
London,hour,2023-11-22 13:00:00,2023-11-22,13,2,0,fall,1156,,,,
London,hour,2023-11-22 14:00:00,2023-11-22,14,2,0,fall,991,,,,
London,hour,2023-11-22 15:00:00,2023-11-22,15,2,0,fall,1115,,,,
London,hour,2023-11-22 16:00:00,2023-11-22,16,2,0,fall,1572,,,,
London,hour,2023-11-22 17:00:00,2023-11-22,17,2,0,fall,2806,,,,
London,hour,2023-11-22 18:00:00,2023-11-22,18,2,0,fall,2734,,,,
London,hour,2023-11-22 19:00:00,2023-11-22,19,2,0,fall,1637,,,,
London,hour,2023-11-22 20:00:00,2023-11-22,20,2,0,fall,1119,,,,
London,hour,2023-11-22 21:00:00,2023-11-22,21,2,0,fall,805,,,,
London,hour,2023-11-22 22:00:00,2023-11-22,22,2,0,fall,693,,,,
London,hour,2023-11-22 23:00:00,2023-11-22,23,2,0,fall,417,,,,
London,hour,2023-11-23 00:00:00,2023-11-23,0,3,0,fall,170,,,,
London,hour,2023-11-23 01:00:00,2023-11-23,1,3,0,fall,81,,,,
London,hour,2023-11-23 02:00:00,2023-11-23,2,3,0,fall,68,,,,
London,hour,2023-11-23 03:00:00,2023-11-23,3,3,0,fall,36,,,,
London,hour,2023-11-23 04:00:00,2023-11-23,4,3,0,fall,56,,,,
London,hour,2023-11-23 05:00:00,2023-11-23,5,3,0,fall,150,,,,
London,hour,2023-11-23 06:00:00,2023-11-23,6,3,0,fall,648,,,,
London,hour,2023-11-23 07:00:00,2023-11-23,7,3,0,fall,1893,,,,
London,hour,2023-11-23 08:00:00,2023-11-23,8,3,0,fall,3849,,,,
London,hour,2023-11-23 09:00:00,2023-11-23,9,3,0,fall,2087,,,,
London,hour,2023-11-23 10:00:00,2023-11-23,10,3,0,fall,1170,,,,
London,hour,2023-11-23 11:00:00,2023-11-23,11,3,0,fall,1061,,,,
London,hour,2023-11-23 12:00:00,2023-11-23,12,3,0,fall,1261,,,,
London,hour,2023-11-23 13:00:00,2023-11-23,13,3,0,fall,1335,,,,
London,hour,2023-11-23 14:00:00,2023-11-23,14,3,0,fall,1178,,,,
London,hour,2023-11-23 15:00:00,2023-11-23,15,3,0,fall,1300,,,,
London,hour,2023-11-23 16:00:00,2023-11-23,16,3,0,fall,1715,,,,
London,hour,2023-11-23 17:00:00,2023-11-23,17,3,0,fall,2768,,,,
London,hour,2023-11-23 18:00:00,2023-11-23,18,3,0,fall,2697,,,,
London,hour,2023-11-23 19:00:00,2023-11-23,19,3,0,fall,1672,,,,
London,hour,2023-11-23 20:00:00,2023-11-23,20,3,0,fall,1094,,,,
London,hour,2023-11-23 21:00:00,2023-11-23,21,3,0,fall,916,,,,
London,hour,2023-11-23 22:00:00,2023-11-23,22,3,0,fall,708,,,,
London,hour,2023-11-23 23:00:00,2023-11-23,23,3,0,fall,515,,,,
London,hour,2023-11-24 00:00:00,2023-11-24,0,4,0,fall,249,,,,
London,hour,2023-11-24 01:00:00,2023-11-24,1,4,0,fall,167,,,,
London,hour,2023-11-24 02:00:00,2023-11-24,2,4,0,fall,73,,,,
London,hour,2023-11-24 03:00:00,2023-11-24,3,4,0,fall,55,,,,
London,hour,2023-11-24 04:00:00,2023-11-24,4,4,0,fall,51,,,,
London,hour,2023-11-24 05:00:00,2023-11-24,5,4,0,fall,123,,,,
London,hour,2023-11-24 06:00:00,2023-11-24,6,4,0,fall,512,,,,
London,hour,2023-11-24 07:00:00,2023-11-24,7,4,0,fall,1210,,,,
London,hour,2023-11-24 08:00:00,2023-11-24,8,4,0,fall,2427,,,,
London,hour,2023-11-24 09:00:00,2023-11-24,9,4,0,fall,1568,,,,
London,hour,2023-11-24 10:00:00,2023-11-24,10,4,0,fall,1100,,,,
London,hour,2023-11-24 11:00:00,2023-11-24,11,4,0,fall,1029,,,,
London,hour,2023-11-24 12:00:00,2023-11-24,12,4,0,fall,1325,,,,
London,hour,2023-11-24 13:00:00,2023-11-24,13,4,0,fall,1227,,,,
London,hour,2023-11-24 14:00:00,2023-11-24,14,4,0,fall,1141,,,,
London,hour,2023-11-24 15:00:00,2023-11-24,15,4,0,fall,1310,,,,
London,hour,2023-11-24 16:00:00,2023-11-24,16,4,0,fall,1548,,,,
London,hour,2023-11-24 17:00:00,2023-11-24,17,4,0,fall,2100,,,,
London,hour,2023-11-24 18:00:00,2023-11-24,18,4,0,fall,1962,,,,
London,hour,2023-11-24 19:00:00,2023-11-24,19,4,0,fall,1296,,,,
London,hour,2023-11-24 20:00:00,2023-11-24,20,4,0,fall,862,,,,
London,hour,2023-11-24 21:00:00,2023-11-24,21,4,0,fall,599,,,,
London,hour,2023-11-24 22:00:00,2023-11-24,22,4,0,fall,572,,,,
London,hour,2023-11-24 23:00:00,2023-11-24,23,4,0,fall,432,,,,
London,hour,2023-11-25 00:00:00,2023-11-25,0,5,1,fall,325,,,,
London,hour,2023-11-25 01:00:00,2023-11-25,1,5,1,fall,233,,,,
London,hour,2023-11-25 02:00:00,2023-11-25,2,5,1,fall,152,,,,
London,hour,2023-11-25 03:00:00,2023-11-25,3,5,1,fall,86,,,,
London,hour,2023-11-25 04:00:00,2023-11-25,4,5,1,fall,77,,,,
London,hour,2023-11-25 05:00:00,2023-11-25,5,5,1,fall,73,,,,
London,hour,2023-11-25 06:00:00,2023-11-25,6,5,1,fall,132,,,,
London,hour,2023-11-25 07:00:00,2023-11-25,7,5,1,fall,300,,,,
London,hour,2023-11-25 08:00:00,2023-11-25,8,5,1,fall,617,,,,
London,hour,2023-11-25 09:00:00,2023-11-25,9,5,1,fall,988,,,,
London,hour,2023-11-25 10:00:00,2023-11-25,10,5,1,fall,1223,,,,
London,hour,2023-11-25 11:00:00,2023-11-25,11,5,1,fall,1526,,,,
London,hour,2023-11-25 12:00:00,2023-11-25,12,5,1,fall,1592,,,,
London,hour,2023-11-25 13:00:00,2023-11-25,13,5,1,fall,1545,,,,
London,hour,2023-11-25 14:00:00,2023-11-25,14,5,1,fall,1545,,,,
London,hour,2023-11-25 15:00:00,2023-11-25,15,5,1,fall,1494,,,,
London,hour,2023-11-25 16:00:00,2023-11-25,16,5,1,fall,1339,,,,
London,hour,2023-11-25 17:00:00,2023-11-25,17,5,1,fall,1197,,,,
London,hour,2023-11-25 18:00:00,2023-11-25,18,5,1,fall,976,,,,
London,hour,2023-11-25 19:00:00,2023-11-25,19,5,1,fall,838,,,,
London,hour,2023-11-25 20:00:00,2023-11-25,20,5,1,fall,565,,,,
London,hour,2023-11-25 21:00:00,2023-11-25,21,5,1,fall,460,,,,
London,hour,2023-11-25 22:00:00,2023-11-25,22,5,1,fall,470,,,,
London,hour,2023-11-25 23:00:00,2023-11-25,23,5,1,fall,421,,,,
London,hour,2023-11-26 00:00:00,2023-11-26,0,6,1,fall,307,,,,
London,hour,2023-11-26 01:00:00,2023-11-26,1,6,1,fall,278,,,,
London,hour,2023-11-26 02:00:00,2023-11-26,2,6,1,fall,150,,,,
London,hour,2023-11-26 03:00:00,2023-11-26,3,6,1,fall,104,,,,
London,hour,2023-11-26 04:00:00,2023-11-26,4,6,1,fall,68,,,,
London,hour,2023-11-26 05:00:00,2023-11-26,5,6,1,fall,59,,,,
London,hour,2023-11-26 06:00:00,2023-11-26,6,6,1,fall,112,,,,
London,hour,2023-11-26 07:00:00,2023-11-26,7,6,1,fall,185,,,,
London,hour,2023-11-26 08:00:00,2023-11-26,8,6,1,fall,389,,,,
London,hour,2023-11-26 09:00:00,2023-11-26,9,6,1,fall,670,,,,
London,hour,2023-11-26 10:00:00,2023-11-26,10,6,1,fall,961,,,,
London,hour,2023-11-26 11:00:00,2023-11-26,11,6,1,fall,1055,,,,
London,hour,2023-11-26 12:00:00,2023-11-26,12,6,1,fall,1295,,,,
London,hour,2023-11-26 13:00:00,2023-11-26,13,6,1,fall,1197,,,,
London,hour,2023-11-26 14:00:00,2023-11-26,14,6,1,fall,997,,,,
London,hour,2023-11-26 15:00:00,2023-11-26,15,6,1,fall,1008,,,,
London,hour,2023-11-26 16:00:00,2023-11-26,16,6,1,fall,1001,,,,
London,hour,2023-11-26 17:00:00,2023-11-26,17,6,1,fall,715,,,,
London,hour,2023-11-26 18:00:00,2023-11-26,18,6,1,fall,572,,,,
London,hour,2023-11-26 19:00:00,2023-11-26,19,6,1,fall,367,,,,
London,hour,2023-11-26 20:00:00,2023-11-26,20,6,1,fall,307,,,,
London,hour,2023-11-26 21:00:00,2023-11-26,21,6,1,fall,232,,,,
London,hour,2023-11-26 22:00:00,2023-11-26,22,6,1,fall,180,,,,
London,hour,2023-11-26 23:00:00,2023-11-26,23,6,1,fall,143,,,,
London,hour,2023-11-27 00:00:00,2023-11-27,0,0,0,fall,96,,,,
London,hour,2023-11-27 01:00:00,2023-11-27,1,0,0,fall,57,,,,
London,hour,2023-11-27 02:00:00,2023-11-27,2,0,0,fall,42,,,,
London,hour,2023-11-27 03:00:00,2023-11-27,3,0,0,fall,15,,,,
London,hour,2023-11-27 04:00:00,2023-11-27,4,0,0,fall,33,,,,
London,hour,2023-11-27 05:00:00,2023-11-27,5,0,0,fall,85,,,,
London,hour,2023-11-27 06:00:00,2023-11-27,6,0,0,fall,469,,,,
London,hour,2023-11-27 07:00:00,2023-11-27,7,0,0,fall,1280,,,,
London,hour,2023-11-27 08:00:00,2023-11-27,8,0,0,fall,2777,,,,
London,hour,2023-11-27 09:00:00,2023-11-27,9,0,0,fall,1557,,,,
London,hour,2023-11-27 10:00:00,2023-11-27,10,0,0,fall,851,,,,
London,hour,2023-11-27 11:00:00,2023-11-27,11,0,0,fall,720,,,,
London,hour,2023-11-27 12:00:00,2023-11-27,12,0,0,fall,528,,,,
London,hour,2023-11-27 13:00:00,2023-11-27,13,0,0,fall,481,,,,
London,hour,2023-11-27 14:00:00,2023-11-27,14,0,0,fall,582,,,,
London,hour,2023-11-27 15:00:00,2023-11-27,15,0,0,fall,751,,,,
London,hour,2023-11-27 16:00:00,2023-11-27,16,0,0,fall,1034,,,,
London,hour,2023-11-27 17:00:00,2023-11-27,17,0,0,fall,1953,,,,
London,hour,2023-11-27 18:00:00,2023-11-27,18,0,0,fall,2059,,,,
London,hour,2023-11-27 19:00:00,2023-11-27,19,0,0,fall,1319,,,,
London,hour,2023-11-27 20:00:00,2023-11-27,20,0,0,fall,919,,,,
London,hour,2023-11-27 21:00:00,2023-11-27,21,0,0,fall,548,,,,
London,hour,2023-11-27 22:00:00,2023-11-27,22,0,0,fall,494,,,,
London,hour,2023-11-27 23:00:00,2023-11-27,23,0,0,fall,226,,,,
London,hour,2023-11-28 00:00:00,2023-11-28,0,1,0,fall,98,,,,
London,hour,2023-11-28 01:00:00,2023-11-28,1,1,0,fall,51,,,,
London,hour,2023-11-28 02:00:00,2023-11-28,2,1,0,fall,28,,,,
London,hour,2023-11-28 03:00:00,2023-11-28,3,1,0,fall,10,,,,
London,hour,2023-11-28 04:00:00,2023-11-28,4,1,0,fall,45,,,,
London,hour,2023-11-28 05:00:00,2023-11-28,5,1,0,fall,155,,,,
London,hour,2023-11-28 06:00:00,2023-11-28,6,1,0,fall,670,,,,
London,hour,2023-11-28 07:00:00,2023-11-28,7,1,0,fall,1898,,,,
London,hour,2023-11-28 08:00:00,2023-11-28,8,1,0,fall,3551,,,,
London,hour,2023-11-28 09:00:00,2023-11-28,9,1,0,fall,1972,,,,
London,hour,2023-11-28 10:00:00,2023-11-28,10,1,0,fall,1042,,,,
London,hour,2023-11-28 11:00:00,2023-11-28,11,1,0,fall,1013,,,,
London,hour,2023-11-28 12:00:00,2023-11-28,12,1,0,fall,994,,,,
London,hour,2023-11-28 13:00:00,2023-11-28,13,1,0,fall,1056,,,,
London,hour,2023-11-28 14:00:00,2023-11-28,14,1,0,fall,907,,,,
London,hour,2023-11-28 15:00:00,2023-11-28,15,1,0,fall,1087,,,,
London,hour,2023-11-28 16:00:00,2023-11-28,16,1,0,fall,1417,,,,
London,hour,2023-11-28 17:00:00,2023-11-28,17,1,0,fall,2735,,,,
London,hour,2023-11-28 18:00:00,2023-11-28,18,1,0,fall,2642,,,,
London,hour,2023-11-28 19:00:00,2023-11-28,19,1,0,fall,1712,,,,
London,hour,2023-11-28 20:00:00,2023-11-28,20,1,0,fall,1053,,,,
London,hour,2023-11-28 21:00:00,2023-11-28,21,1,0,fall,734,,,,
London,hour,2023-11-28 22:00:00,2023-11-28,22,1,0,fall,576,,,,
London,hour,2023-11-28 23:00:00,2023-11-28,23,1,0,fall,326,,,,
London,hour,2023-11-29 00:00:00,2023-11-29,0,2,0,fall,130,,,,
London,hour,2023-11-29 01:00:00,2023-11-29,1,2,0,fall,73,,,,
London,hour,2023-11-29 02:00:00,2023-11-29,2,2,0,fall,36,,,,
London,hour,2023-11-29 03:00:00,2023-11-29,3,2,0,fall,22,,,,
London,hour,2023-11-29 04:00:00,2023-11-29,4,2,0,fall,47,,,,
London,hour,2023-11-29 05:00:00,2023-11-29,5,2,0,fall,144,,,,
London,hour,2023-11-29 06:00:00,2023-11-29,6,2,0,fall,668,,,,
London,hour,2023-11-29 07:00:00,2023-11-29,7,2,0,fall,1845,,,,
London,hour,2023-11-29 08:00:00,2023-11-29,8,2,0,fall,3583,,,,
London,hour,2023-11-29 09:00:00,2023-11-29,9,2,0,fall,1884,,,,
London,hour,2023-11-29 10:00:00,2023-11-29,10,2,0,fall,1045,,,,
London,hour,2023-11-29 11:00:00,2023-11-29,11,2,0,fall,917,,,,
London,hour,2023-11-29 12:00:00,2023-11-29,12,2,0,fall,1091,,,,
London,hour,2023-11-29 13:00:00,2023-11-29,13,2,0,fall,1027,,,,
London,hour,2023-11-29 14:00:00,2023-11-29,14,2,0,fall,955,,,,
London,hour,2023-11-29 15:00:00,2023-11-29,15,2,0,fall,1126,,,,
London,hour,2023-11-29 16:00:00,2023-11-29,16,2,0,fall,1437,,,,
London,hour,2023-11-29 17:00:00,2023-11-29,17,2,0,fall,2537,,,,
London,hour,2023-11-29 18:00:00,2023-11-29,18,2,0,fall,2513,,,,
London,hour,2023-11-29 19:00:00,2023-11-29,19,2,0,fall,1557,,,,
London,hour,2023-11-29 20:00:00,2023-11-29,20,2,0,fall,931,,,,
London,hour,2023-11-29 21:00:00,2023-11-29,21,2,0,fall,780,,,,
London,hour,2023-11-29 22:00:00,2023-11-29,22,2,0,fall,658,,,,
London,hour,2023-11-29 23:00:00,2023-11-29,23,2,0,fall,356,,,,
London,hour,2023-11-30 00:00:00,2023-11-30,0,3,0,fall,175,,,,
London,hour,2023-11-30 01:00:00,2023-11-30,1,3,0,fall,89,,,,
London,hour,2023-11-30 02:00:00,2023-11-30,2,3,0,fall,50,,,,
London,hour,2023-11-30 03:00:00,2023-11-30,3,3,0,fall,32,,,,
London,hour,2023-11-30 04:00:00,2023-11-30,4,3,0,fall,42,,,,
London,hour,2023-11-30 05:00:00,2023-11-30,5,3,0,fall,135,,,,
London,hour,2023-11-30 06:00:00,2023-11-30,6,3,0,fall,561,,,,
London,hour,2023-11-30 07:00:00,2023-11-30,7,3,0,fall,1611,,,,
London,hour,2023-11-30 08:00:00,2023-11-30,8,3,0,fall,3198,,,,
London,hour,2023-11-30 09:00:00,2023-11-30,9,3,0,fall,1755,,,,
London,hour,2023-11-30 10:00:00,2023-11-30,10,3,0,fall,1045,,,,
London,hour,2023-11-30 11:00:00,2023-11-30,11,3,0,fall,876,,,,
London,hour,2023-11-30 12:00:00,2023-11-30,12,3,0,fall,1041,,,,
London,hour,2023-11-30 13:00:00,2023-11-30,13,3,0,fall,984,,,,
London,hour,2023-11-30 14:00:00,2023-11-30,14,3,0,fall,939,,,,
London,hour,2023-11-30 15:00:00,2023-11-30,15,3,0,fall,1047,,,,
London,hour,2023-11-30 16:00:00,2023-11-30,16,3,0,fall,1448,,,,
London,hour,2023-11-30 17:00:00,2023-11-30,17,3,0,fall,2350,,,,
London,hour,2023-11-30 18:00:00,2023-11-30,18,3,0,fall,2240,,,,
London,hour,2023-11-30 19:00:00,2023-11-30,19,3,0,fall,1466,,,,
London,hour,2023-11-30 20:00:00,2023-11-30,20,3,0,fall,876,,,,
London,hour,2023-11-30 21:00:00,2023-11-30,21,3,0,fall,669,,,,
London,hour,2023-11-30 22:00:00,2023-11-30,22,3,0,fall,613,,,,
London,hour,2023-11-30 23:00:00,2023-11-30,23,3,0,fall,413,,,,
London,hour,2023-12-03 00:00:00,2023-12-03,0,6,1,winter,260,,,,
London,hour,2023-12-03 01:00:00,2023-12-03,1,6,1,winter,197,,,,
London,hour,2023-12-03 02:00:00,2023-12-03,2,6,1,winter,163,,,,
London,hour,2023-12-03 03:00:00,2023-12-03,3,6,1,winter,118,,,,
London,hour,2023-12-03 04:00:00,2023-12-03,4,6,1,winter,78,,,,
London,hour,2023-12-03 05:00:00,2023-12-03,5,6,1,winter,58,,,,
London,hour,2023-12-03 06:00:00,2023-12-03,6,6,1,winter,94,,,,
London,hour,2023-12-03 07:00:00,2023-12-03,7,6,1,winter,209,,,,
London,hour,2023-12-03 08:00:00,2023-12-03,8,6,1,winter,438,,,,
London,hour,2023-12-03 09:00:00,2023-12-03,9,6,1,winter,746,,,,
London,hour,2023-12-03 10:00:00,2023-12-03,10,6,1,winter,1096,,,,
London,hour,2023-12-03 11:00:00,2023-12-03,11,6,1,winter,1267,,,,
London,hour,2023-12-03 12:00:00,2023-12-03,12,6,1,winter,1462,,,,
London,hour,2023-12-03 13:00:00,2023-12-03,13,6,1,winter,1582,,,,
London,hour,2023-12-03 14:00:00,2023-12-03,14,6,1,winter,1401,,,,
London,hour,2023-12-03 15:00:00,2023-12-03,15,6,1,winter,1356,,,,
London,hour,2023-12-03 16:00:00,2023-12-03,16,6,1,winter,1355,,,,
London,hour,2023-12-03 17:00:00,2023-12-03,17,6,1,winter,1122,,,,
London,hour,2023-12-03 18:00:00,2023-12-03,18,6,1,winter,661,,,,
London,hour,2023-12-03 19:00:00,2023-12-03,19,6,1,winter,443,,,,
London,hour,2023-12-03 20:00:00,2023-12-03,20,6,1,winter,349,,,,
London,hour,2023-12-03 21:00:00,2023-12-03,21,6,1,winter,198,,,,
London,hour,2023-12-03 22:00:00,2023-12-03,22,6,1,winter,269,,,,
London,hour,2023-12-03 23:00:00,2023-12-03,23,6,1,winter,208,,,,
London,hour,2023-12-05 07:00:00,2023-12-05,7,1,0,winter,252,,,,
London,hour,2023-12-05 08:00:00,2023-12-05,8,1,0,winter,2943,,,,
London,hour,2023-12-05 09:00:00,2023-12-05,9,1,0,winter,1547,,,,
London,hour,2023-12-05 10:00:00,2023-12-05,10,1,0,winter,815,,,,
London,hour,2023-12-05 11:00:00,2023-12-05,11,1,0,winter,745,,,,
London,hour,2023-12-05 12:00:00,2023-12-05,12,1,0,winter,788,,,,
London,hour,2023-12-05 13:00:00,2023-12-05,13,1,0,winter,787,,,,
London,hour,2023-12-05 14:00:00,2023-12-05,14,1,0,winter,701,,,,
London,hour,2023-12-05 15:00:00,2023-12-05,15,1,0,winter,810,,,,
London,hour,2023-12-05 16:00:00,2023-12-05,16,1,0,winter,1184,,,,
London,hour,2023-12-05 17:00:00,2023-12-05,17,1,0,winter,2295,,,,
London,hour,2023-12-05 18:00:00,2023-12-05,18,1,0,winter,2341,,,,
London,hour,2023-12-05 19:00:00,2023-12-05,19,1,0,winter,1408,,,,
London,hour,2023-12-05 20:00:00,2023-12-05,20,1,0,winter,999,,,,
London,hour,2023-12-05 21:00:00,2023-12-05,21,1,0,winter,629,,,,
London,hour,2023-12-05 22:00:00,2023-12-05,22,1,0,winter,563,,,,
London,hour,2023-12-05 23:00:00,2023-12-05,23,1,0,winter,302,,,,
London,hour,2023-12-06 00:00:00,2023-12-06,0,2,0,winter,365,,,,
London,hour,2023-12-06 01:00:00,2023-12-06,1,2,0,winter,174,,,,
London,hour,2023-12-06 02:00:00,2023-12-06,2,2,0,winter,75,,,,
London,hour,2023-12-06 03:00:00,2023-12-06,3,2,0,winter,69,,,,
London,hour,2023-12-06 04:00:00,2023-12-06,4,2,0,winter,118,,,,
London,hour,2023-12-06 05:00:00,2023-12-06,5,2,0,winter,304,,,,
London,hour,2023-12-06 06:00:00,2023-12-06,6,2,0,winter,1221,,,,
London,hour,2023-12-06 07:00:00,2023-12-06,7,2,0,winter,3294,,,,
London,hour,2023-12-06 08:00:00,2023-12-06,8,2,0,winter,6227,,,,
London,hour,2023-12-06 09:00:00,2023-12-06,9,2,0,winter,3271,,,,
London,hour,2023-12-06 10:00:00,2023-12-06,10,2,0,winter,1005,,,,
London,hour,2023-12-06 11:00:00,2023-12-06,11,2,0,winter,930,,,,
London,hour,2023-12-06 12:00:00,2023-12-06,12,2,0,winter,1058,,,,
London,hour,2023-12-06 13:00:00,2023-12-06,13,2,0,winter,1034,,,,
London,hour,2023-12-06 14:00:00,2023-12-06,14,2,0,winter,972,,,,
London,hour,2023-12-06 15:00:00,2023-12-06,15,2,0,winter,1062,,,,
London,hour,2023-12-06 16:00:00,2023-12-06,16,2,0,winter,1280,,,,
London,hour,2023-12-06 17:00:00,2023-12-06,17,2,0,winter,2263,,,,
London,hour,2023-12-06 18:00:00,2023-12-06,18,2,0,winter,2278,,,,
London,hour,2023-12-06 19:00:00,2023-12-06,19,2,0,winter,1528,,,,
London,hour,2023-12-06 20:00:00,2023-12-06,20,2,0,winter,955,,,,
London,hour,2023-12-06 21:00:00,2023-12-06,21,2,0,winter,751,,,,
London,hour,2023-12-06 22:00:00,2023-12-06,22,2,0,winter,734,,,,
London,hour,2023-12-06 23:00:00,2023-12-06,23,2,0,winter,478,,,,
London,hour,2023-12-07 00:00:00,2023-12-07,0,3,0,winter,240,,,,
London,hour,2023-12-07 01:00:00,2023-12-07,1,3,0,winter,113,,,,
London,hour,2023-12-07 02:00:00,2023-12-07,2,3,0,winter,66,,,,
London,hour,2023-12-07 03:00:00,2023-12-07,3,3,0,winter,37,,,,
London,hour,2023-12-07 04:00:00,2023-12-07,4,3,0,winter,51,,,,
London,hour,2023-12-07 05:00:00,2023-12-07,5,3,0,winter,96,,,,
London,hour,2023-12-07 06:00:00,2023-12-07,6,3,0,winter,478,,,,
London,hour,2023-12-07 07:00:00,2023-12-07,7,3,0,winter,1461,,,,
London,hour,2023-12-07 08:00:00,2023-12-07,8,3,0,winter,3092,,,,
London,hour,2023-12-07 09:00:00,2023-12-07,9,3,0,winter,1820,,,,
London,hour,2023-12-07 10:00:00,2023-12-07,10,3,0,winter,1012,,,,
London,hour,2023-12-07 11:00:00,2023-12-07,11,3,0,winter,929,,,,
London,hour,2023-12-07 12:00:00,2023-12-07,12,3,0,winter,1083,,,,
London,hour,2023-12-07 13:00:00,2023-12-07,13,3,0,winter,948,,,,
London,hour,2023-12-07 14:00:00,2023-12-07,14,3,0,winter,713,,,,
London,hour,2023-12-07 15:00:00,2023-12-07,15,3,0,winter,874,,,,
London,hour,2023-12-07 16:00:00,2023-12-07,16,3,0,winter,1081,,,,
London,hour,2023-12-07 17:00:00,2023-12-07,17,3,0,winter,1795,,,,
London,hour,2023-12-07 18:00:00,2023-12-07,18,3,0,winter,1411,,,,
London,hour,2023-12-07 19:00:00,2023-12-07,19,3,0,winter,905,,,,
London,hour,2023-12-07 20:00:00,2023-12-07,20,3,0,winter,855,,,,
London,hour,2023-12-07 21:00:00,2023-12-07,21,3,0,winter,665,,,,
London,hour,2023-12-07 22:00:00,2023-12-07,22,3,0,winter,610,,,,
London,hour,2023-12-07 23:00:00,2023-12-07,23,3,0,winter,540,,,,
London,hour,2023-12-08 00:00:00,2023-12-08,0,4,0,winter,336,,,,
London,hour,2023-12-08 01:00:00,2023-12-08,1,4,0,winter,241,,,,
London,hour,2023-12-08 02:00:00,2023-12-08,2,4,0,winter,169,,,,
London,hour,2023-12-08 03:00:00,2023-12-08,3,4,0,winter,81,,,,
London,hour,2023-12-08 04:00:00,2023-12-08,4,4,0,winter,70,,,,
London,hour,2023-12-08 05:00:00,2023-12-08,5,4,0,winter,112,,,,
London,hour,2023-12-08 06:00:00,2023-12-08,6,4,0,winter,418,,,,
London,hour,2023-12-08 07:00:00,2023-12-08,7,4,0,winter,1144,,,,
London,hour,2023-12-08 08:00:00,2023-12-08,8,4,0,winter,2156,,,,
London,hour,2023-12-08 09:00:00,2023-12-08,9,4,0,winter,1562,,,,
London,hour,2023-12-08 10:00:00,2023-12-08,10,4,0,winter,1089,,,,
London,hour,2023-12-08 11:00:00,2023-12-08,11,4,0,winter,1061,,,,
London,hour,2023-12-08 12:00:00,2023-12-08,12,4,0,winter,1242,,,,
London,hour,2023-12-08 13:00:00,2023-12-08,13,4,0,winter,1255,,,,
London,hour,2023-12-08 14:00:00,2023-12-08,14,4,0,winter,1187,,,,
London,hour,2023-12-08 15:00:00,2023-12-08,15,4,0,winter,1260,,,,
London,hour,2023-12-08 16:00:00,2023-12-08,16,4,0,winter,1428,,,,
London,hour,2023-12-08 17:00:00,2023-12-08,17,4,0,winter,2006,,,,
London,hour,2023-12-08 18:00:00,2023-12-08,18,4,0,winter,1912,,,,
London,hour,2023-12-08 19:00:00,2023-12-08,19,4,0,winter,1301,,,,
London,hour,2023-12-08 20:00:00,2023-12-08,20,4,0,winter,811,,,,
London,hour,2023-12-08 21:00:00,2023-12-08,21,4,0,winter,637,,,,
London,hour,2023-12-08 22:00:00,2023-12-08,22,4,0,winter,626,,,,
London,hour,2023-12-08 23:00:00,2023-12-08,23,4,0,winter,547,,,,
London,hour,2023-12-09 00:00:00,2023-12-09,0,5,1,winter,403,,,,
London,hour,2023-12-09 01:00:00,2023-12-09,1,5,1,winter,307,,,,
London,hour,2023-12-09 02:00:00,2023-12-09,2,5,1,winter,210,,,,
London,hour,2023-12-09 03:00:00,2023-12-09,3,5,1,winter,131,,,,
London,hour,2023-12-09 04:00:00,2023-12-09,4,5,1,winter,71,,,,
London,hour,2023-12-09 05:00:00,2023-12-09,5,5,1,winter,61,,,,
London,hour,2023-12-09 06:00:00,2023-12-09,6,5,1,winter,71,,,,
London,hour,2023-12-09 07:00:00,2023-12-09,7,5,1,winter,119,,,,
London,hour,2023-12-09 08:00:00,2023-12-09,8,5,1,winter,287,,,,
London,hour,2023-12-09 09:00:00,2023-12-09,9,5,1,winter,396,,,,
London,hour,2023-12-09 10:00:00,2023-12-09,10,5,1,winter,710,,,,
London,hour,2023-12-09 11:00:00,2023-12-09,11,5,1,winter,859,,,,
London,hour,2023-12-09 12:00:00,2023-12-09,12,5,1,winter,1135,,,,
London,hour,2023-12-09 13:00:00,2023-12-09,13,5,1,winter,1249,,,,
London,hour,2023-12-09 14:00:00,2023-12-09,14,5,1,winter,1269,,,,
London,hour,2023-12-09 15:00:00,2023-12-09,15,5,1,winter,1343,,,,
London,hour,2023-12-09 16:00:00,2023-12-09,16,5,1,winter,1258,,,,
London,hour,2023-12-09 17:00:00,2023-12-09,17,5,1,winter,1101,,,,
London,hour,2023-12-09 18:00:00,2023-12-09,18,5,1,winter,993,,,,
London,hour,2023-12-09 19:00:00,2023-12-09,19,5,1,winter,866,,,,
London,hour,2023-12-09 20:00:00,2023-12-09,20,5,1,winter,627,,,,
London,hour,2023-12-09 21:00:00,2023-12-09,21,5,1,winter,478,,,,
London,hour,2023-12-09 22:00:00,2023-12-09,22,5,1,winter,418,,,,
London,hour,2023-12-09 23:00:00,2023-12-09,23,5,1,winter,446,,,,
London,hour,2023-12-10 00:00:00,2023-12-10,0,6,1,winter,347,,,,
London,hour,2023-12-10 01:00:00,2023-12-10,1,6,1,winter,264,,,,
London,hour,2023-12-10 02:00:00,2023-12-10,2,6,1,winter,198,,,,
London,hour,2023-12-10 03:00:00,2023-12-10,3,6,1,winter,116,,,,
London,hour,2023-12-10 04:00:00,2023-12-10,4,6,1,winter,75,,,,
London,hour,2023-12-10 05:00:00,2023-12-10,5,6,1,winter,78,,,,
London,hour,2023-12-10 06:00:00,2023-12-10,6,6,1,winter,102,,,,
London,hour,2023-12-10 07:00:00,2023-12-10,7,6,1,winter,160,,,,
London,hour,2023-12-10 08:00:00,2023-12-10,8,6,1,winter,343,,,,
London,hour,2023-12-10 09:00:00,2023-12-10,9,6,1,winter,646,,,,
London,hour,2023-12-10 10:00:00,2023-12-10,10,6,1,winter,858,,,,
London,hour,2023-12-10 11:00:00,2023-12-10,11,6,1,winter,566,,,,
London,hour,2023-12-10 12:00:00,2023-12-10,12,6,1,winter,609,,,,
London,hour,2023-12-10 13:00:00,2023-12-10,13,6,1,winter,667,,,,
London,hour,2023-12-10 14:00:00,2023-12-10,14,6,1,winter,800,,,,
London,hour,2023-12-10 15:00:00,2023-12-10,15,6,1,winter,985,,,,
London,hour,2023-12-10 16:00:00,2023-12-10,16,6,1,winter,999,,,,
London,hour,2023-12-10 17:00:00,2023-12-10,17,6,1,winter,844,,,,
London,hour,2023-12-10 18:00:00,2023-12-10,18,6,1,winter,848,,,,
London,hour,2023-12-10 19:00:00,2023-12-10,19,6,1,winter,598,,,,
London,hour,2023-12-10 20:00:00,2023-12-10,20,6,1,winter,457,,,,
London,hour,2023-12-10 21:00:00,2023-12-10,21,6,1,winter,378,,,,
London,hour,2023-12-10 22:00:00,2023-12-10,22,6,1,winter,311,,,,
London,hour,2023-12-10 23:00:00,2023-12-10,23,6,1,winter,209,,,,
London,hour,2023-12-11 00:00:00,2023-12-11,0,0,0,winter,115,,,,
London,hour,2023-12-11 01:00:00,2023-12-11,1,0,0,winter,70,,,,
London,hour,2023-12-11 02:00:00,2023-12-11,2,0,0,winter,38,,,,
London,hour,2023-12-11 03:00:00,2023-12-11,3,0,0,winter,19,,,,
London,hour,2023-12-11 04:00:00,2023-12-11,4,0,0,winter,61,,,,
London,hour,2023-12-11 05:00:00,2023-12-11,5,0,0,winter,139,,,,
London,hour,2023-12-11 06:00:00,2023-12-11,6,0,0,winter,556,,,,
London,hour,2023-12-11 07:00:00,2023-12-11,7,0,0,winter,1531,,,,
London,hour,2023-12-11 08:00:00,2023-12-11,8,0,0,winter,2888,,,,
London,hour,2023-12-11 09:00:00,2023-12-11,9,0,0,winter,1597,,,,
London,hour,2023-12-11 10:00:00,2023-12-11,10,0,0,winter,914,,,,
London,hour,2023-12-11 11:00:00,2023-12-11,11,0,0,winter,856,,,,
London,hour,2023-12-11 12:00:00,2023-12-11,12,0,0,winter,1038,,,,
London,hour,2023-12-11 13:00:00,2023-12-11,13,0,0,winter,1073,,,,
London,hour,2023-12-11 14:00:00,2023-12-11,14,0,0,winter,996,,,,
London,hour,2023-12-11 15:00:00,2023-12-11,15,0,0,winter,1129,,,,
London,hour,2023-12-11 16:00:00,2023-12-11,16,0,0,winter,1424,,,,
London,hour,2023-12-11 17:00:00,2023-12-11,17,0,0,winter,2391,,,,
London,hour,2023-12-11 18:00:00,2023-12-11,18,0,0,winter,2427,,,,
London,hour,2023-12-11 19:00:00,2023-12-11,19,0,0,winter,1521,,,,
London,hour,2023-12-11 20:00:00,2023-12-11,20,0,0,winter,1021,,,,
London,hour,2023-12-11 21:00:00,2023-12-11,21,0,0,winter,715,,,,
London,hour,2023-12-11 22:00:00,2023-12-11,22,0,0,winter,519,,,,
London,hour,2023-12-11 23:00:00,2023-12-11,23,0,0,winter,278,,,,
London,hour,2023-12-12 00:00:00,2023-12-12,0,1,0,winter,119,,,,
London,hour,2023-12-12 01:00:00,2023-12-12,1,1,0,winter,50,,,,
London,hour,2023-12-12 02:00:00,2023-12-12,2,1,0,winter,25,,,,
London,hour,2023-12-12 03:00:00,2023-12-12,3,1,0,winter,14,,,,
London,hour,2023-12-12 04:00:00,2023-12-12,4,1,0,winter,55,,,,
London,hour,2023-12-12 05:00:00,2023-12-12,5,1,0,winter,78,,,,
London,hour,2023-12-12 06:00:00,2023-12-12,6,1,0,winter,391,,,,
London,hour,2023-12-12 07:00:00,2023-12-12,7,1,0,winter,1497,,,,
London,hour,2023-12-12 08:00:00,2023-12-12,8,1,0,winter,3242,,,,
London,hour,2023-12-12 09:00:00,2023-12-12,9,1,0,winter,1869,,,,
London,hour,2023-12-12 10:00:00,2023-12-12,10,1,0,winter,1004,,,,
London,hour,2023-12-12 11:00:00,2023-12-12,11,1,0,winter,564,,,,
London,hour,2023-12-12 12:00:00,2023-12-12,12,1,0,winter,748,,,,
London,hour,2023-12-12 13:00:00,2023-12-12,13,1,0,winter,648,,,,
London,hour,2023-12-12 14:00:00,2023-12-12,14,1,0,winter,404,,,,
London,hour,2023-12-12 15:00:00,2023-12-12,15,1,0,winter,833,,,,
London,hour,2023-12-12 16:00:00,2023-12-12,16,1,0,winter,1269,,,,
London,hour,2023-12-12 17:00:00,2023-12-12,17,1,0,winter,2329,,,,
London,hour,2023-12-12 18:00:00,2023-12-12,18,1,0,winter,2276,,,,
London,hour,2023-12-12 19:00:00,2023-12-12,19,1,0,winter,1477,,,,
London,hour,2023-12-12 20:00:00,2023-12-12,20,1,0,winter,954,,,,
London,hour,2023-12-12 21:00:00,2023-12-12,21,1,0,winter,742,,,,
London,hour,2023-12-12 22:00:00,2023-12-12,22,1,0,winter,667,,,,
London,hour,2023-12-12 23:00:00,2023-12-12,23,1,0,winter,253,,,,
London,hour,2023-12-13 00:00:00,2023-12-13,0,2,0,winter,66,,,,
London,hour,2023-12-13 01:00:00,2023-12-13,1,2,0,winter,63,,,,
London,hour,2023-12-13 02:00:00,2023-12-13,2,2,0,winter,38,,,,
London,hour,2023-12-13 03:00:00,2023-12-13,3,2,0,winter,36,,,,
London,hour,2023-12-13 04:00:00,2023-12-13,4,2,0,winter,49,,,,
London,hour,2023-12-13 05:00:00,2023-12-13,5,2,0,winter,145,,,,
London,hour,2023-12-13 06:00:00,2023-12-13,6,2,0,winter,560,,,,
London,hour,2023-12-13 07:00:00,2023-12-13,7,2,0,winter,1519,,,,
London,hour,2023-12-13 08:00:00,2023-12-13,8,2,0,winter,3068,,,,
London,hour,2023-12-13 09:00:00,2023-12-13,9,2,0,winter,1639,,,,
London,hour,2023-12-13 10:00:00,2023-12-13,10,2,0,winter,868,,,,
London,hour,2023-12-13 11:00:00,2023-12-13,11,2,0,winter,760,,,,
London,hour,2023-12-13 12:00:00,2023-12-13,12,2,0,winter,977,,,,
London,hour,2023-12-13 13:00:00,2023-12-13,13,2,0,winter,907,,,,
London,hour,2023-12-13 14:00:00,2023-12-13,14,2,0,winter,687,,,,
London,hour,2023-12-13 15:00:00,2023-12-13,15,2,0,winter,832,,,,
London,hour,2023-12-13 16:00:00,2023-12-13,16,2,0,winter,1125,,,,
London,hour,2023-12-13 17:00:00,2023-12-13,17,2,0,winter,2163,,,,
London,hour,2023-12-13 18:00:00,2023-12-13,18,2,0,winter,2164,,,,
London,hour,2023-12-13 19:00:00,2023-12-13,19,2,0,winter,1335,,,,
London,hour,2023-12-13 20:00:00,2023-12-13,20,2,0,winter,880,,,,
London,hour,2023-12-13 21:00:00,2023-12-13,21,2,0,winter,727,,,,
London,hour,2023-12-13 22:00:00,2023-12-13,22,2,0,winter,675,,,,
London,hour,2023-12-13 23:00:00,2023-12-13,23,2,0,winter,372,,,,
London,hour,2023-12-14 00:00:00,2023-12-14,0,3,0,winter,243,,,,
London,hour,2023-12-14 01:00:00,2023-12-14,1,3,0,winter,176,,,,
London,hour,2023-12-14 02:00:00,2023-12-14,2,3,0,winter,95,,,,
London,hour,2023-12-14 03:00:00,2023-12-14,3,3,0,winter,49,,,,
London,hour,2023-12-14 04:00:00,2023-12-14,4,3,0,winter,47,,,,
London,hour,2023-12-14 05:00:00,2023-12-14,5,3,0,winter,132,,,,
London,hour,2023-12-14 06:00:00,2023-12-14,6,3,0,winter,540,,,,
London,hour,2023-12-14 07:00:00,2023-12-14,7,3,0,winter,1462,,,,
London,hour,2023-12-14 08:00:00,2023-12-14,8,3,0,winter,2337,,,,
London,hour,2023-12-14 09:00:00,2023-12-14,9,3,0,winter,1613,,,,
London,hour,2023-12-14 10:00:00,2023-12-14,10,3,0,winter,843,,,,
London,hour,2023-12-14 11:00:00,2023-12-14,11,3,0,winter,762,,,,
London,hour,2023-12-14 12:00:00,2023-12-14,12,3,0,winter,885,,,,
London,hour,2023-12-14 13:00:00,2023-12-14,13,3,0,winter,886,,,,
London,hour,2023-12-14 14:00:00,2023-12-14,14,3,0,winter,827,,,,
London,hour,2023-12-14 15:00:00,2023-12-14,15,3,0,winter,1054,,,,
London,hour,2023-12-14 16:00:00,2023-12-14,16,3,0,winter,1220,,,,
London,hour,2023-12-14 17:00:00,2023-12-14,17,3,0,winter,2056,,,,
London,hour,2023-12-14 18:00:00,2023-12-14,18,3,0,winter,1989,,,,
London,hour,2023-12-14 19:00:00,2023-12-14,19,3,0,winter,1183,,,,
London,hour,2023-12-14 20:00:00,2023-12-14,20,3,0,winter,789,,,,
London,hour,2023-12-14 21:00:00,2023-12-14,21,3,0,winter,730,,,,
London,hour,2023-12-14 22:00:00,2023-12-14,22,3,0,winter,722,,,,
London,hour,2023-12-14 23:00:00,2023-12-14,23,3,0,winter,493,,,,
London,hour,2023-12-15 00:00:00,2023-12-15,0,4,0,winter,387,,,,
London,hour,2023-12-15 01:00:00,2023-12-15,1,4,0,winter,279,,,,
London,hour,2023-12-15 02:00:00,2023-12-15,2,4,0,winter,185,,,,
London,hour,2023-12-15 03:00:00,2023-12-15,3,4,0,winter,99,,,,
London,hour,2023-12-15 04:00:00,2023-12-15,4,4,0,winter,80,,,,
London,hour,2023-12-15 05:00:00,2023-12-15,5,4,0,winter,113,,,,
London,hour,2023-12-15 06:00:00,2023-12-15,6,4,0,winter,436,,,,
London,hour,2023-12-15 07:00:00,2023-12-15,7,4,0,winter,993,,,,
London,hour,2023-12-15 08:00:00,2023-12-15,8,4,0,winter,2044,,,,
London,hour,2023-12-15 09:00:00,2023-12-15,9,4,0,winter,1369,,,,
London,hour,2023-12-15 10:00:00,2023-12-15,10,4,0,winter,933,,,,
London,hour,2023-12-15 11:00:00,2023-12-15,11,4,0,winter,909,,,,
London,hour,2023-12-15 12:00:00,2023-12-15,12,4,0,winter,1173,,,,
London,hour,2023-12-15 13:00:00,2023-12-15,13,4,0,winter,1148,,,,
London,hour,2023-12-15 14:00:00,2023-12-15,14,4,0,winter,1046,,,,
London,hour,2023-12-15 15:00:00,2023-12-15,15,4,0,winter,1173,,,,
London,hour,2023-12-15 16:00:00,2023-12-15,16,4,0,winter,1454,,,,
London,hour,2023-12-15 17:00:00,2023-12-15,17,4,0,winter,1795,,,,
London,hour,2023-12-15 18:00:00,2023-12-15,18,4,0,winter,1689,,,,
London,hour,2023-12-15 19:00:00,2023-12-15,19,4,0,winter,1170,,,,
London,hour,2023-12-15 20:00:00,2023-12-15,20,4,0,winter,763,,,,
London,hour,2023-12-15 21:00:00,2023-12-15,21,4,0,winter,540,,,,
London,hour,2023-12-15 22:00:00,2023-12-15,22,4,0,winter,554,,,,
London,hour,2023-12-15 23:00:00,2023-12-15,23,4,0,winter,445,,,,
London,hour,2023-12-16 00:00:00,2023-12-16,0,5,1,winter,388,,,,
London,hour,2023-12-16 01:00:00,2023-12-16,1,5,1,winter,275,,,,
London,hour,2023-12-16 02:00:00,2023-12-16,2,5,1,winter,204,,,,
London,hour,2023-12-16 03:00:00,2023-12-16,3,5,1,winter,145,,,,
London,hour,2023-12-16 04:00:00,2023-12-16,4,5,1,winter,93,,,,
London,hour,2023-12-16 05:00:00,2023-12-16,5,5,1,winter,64,,,,
London,hour,2023-12-16 06:00:00,2023-12-16,6,5,1,winter,118,,,,
London,hour,2023-12-16 07:00:00,2023-12-16,7,5,1,winter,229,,,,
London,hour,2023-12-16 08:00:00,2023-12-16,8,5,1,winter,468,,,,
London,hour,2023-12-16 09:00:00,2023-12-16,9,5,1,winter,752,,,,
London,hour,2023-12-16 10:00:00,2023-12-16,10,5,1,winter,1045,,,,
London,hour,2023-12-16 11:00:00,2023-12-16,11,5,1,winter,1168,,,,
London,hour,2023-12-16 12:00:00,2023-12-16,12,5,1,winter,1417,,,,
London,hour,2023-12-16 13:00:00,2023-12-16,13,5,1,winter,1247,,,,
London,hour,2023-12-16 14:00:00,2023-12-16,14,5,1,winter,1276,,,,
London,hour,2023-12-16 15:00:00,2023-12-16,15,5,1,winter,1291,,,,
London,hour,2023-12-16 16:00:00,2023-12-16,16,5,1,winter,1155,,,,
London,hour,2023-12-16 17:00:00,2023-12-16,17,5,1,winter,1121,,,,
London,hour,2023-12-16 18:00:00,2023-12-16,18,5,1,winter,971,,,,
London,hour,2023-12-16 19:00:00,2023-12-16,19,5,1,winter,729,,,,
London,hour,2023-12-16 20:00:00,2023-12-16,20,5,1,winter,551,,,,
London,hour,2023-12-16 21:00:00,2023-12-16,21,5,1,winter,426,,,,
London,hour,2023-12-16 22:00:00,2023-12-16,22,5,1,winter,473,,,,
London,hour,2023-12-16 23:00:00,2023-12-16,23,5,1,winter,424,,,,
London,hour,2023-12-17 00:00:00,2023-12-17,0,6,1,winter,382,,,,
London,hour,2023-12-17 01:00:00,2023-12-17,1,6,1,winter,258,,,,
London,hour,2023-12-17 02:00:00,2023-12-17,2,6,1,winter,187,,,,
London,hour,2023-12-17 03:00:00,2023-12-17,3,6,1,winter,122,,,,
London,hour,2023-12-17 04:00:00,2023-12-17,4,6,1,winter,84,,,,
London,hour,2023-12-17 05:00:00,2023-12-17,5,6,1,winter,64,,,,
London,hour,2023-12-17 06:00:00,2023-12-17,6,6,1,winter,110,,,,
London,hour,2023-12-17 07:00:00,2023-12-17,7,6,1,winter,172,,,,
London,hour,2023-12-17 08:00:00,2023-12-17,8,6,1,winter,320,,,,
London,hour,2023-12-17 09:00:00,2023-12-17,9,6,1,winter,559,,,,
London,hour,2023-12-17 10:00:00,2023-12-17,10,6,1,winter,864,,,,
London,hour,2023-12-17 11:00:00,2023-12-17,11,6,1,winter,1120,,,,
London,hour,2023-12-17 12:00:00,2023-12-17,12,6,1,winter,1156,,,,
London,hour,2023-12-17 13:00:00,2023-12-17,13,6,1,winter,1276,,,,
London,hour,2023-12-17 14:00:00,2023-12-17,14,6,1,winter,1199,,,,
London,hour,2023-12-17 15:00:00,2023-12-17,15,6,1,winter,1138,,,,
London,hour,2023-12-17 16:00:00,2023-12-17,16,6,1,winter,989,,,,
London,hour,2023-12-17 17:00:00,2023-12-17,17,6,1,winter,902,,,,
London,hour,2023-12-17 18:00:00,2023-12-17,18,6,1,winter,709,,,,
London,hour,2023-12-17 19:00:00,2023-12-17,19,6,1,winter,568,,,,
London,hour,2023-12-17 20:00:00,2023-12-17,20,6,1,winter,420,,,,
London,hour,2023-12-17 21:00:00,2023-12-17,21,6,1,winter,379,,,,
London,hour,2023-12-17 22:00:00,2023-12-17,22,6,1,winter,319,,,,
London,hour,2023-12-17 23:00:00,2023-12-17,23,6,1,winter,235,,,,
London,hour,2023-12-18 00:00:00,2023-12-18,0,0,0,winter,154,,,,
London,hour,2023-12-18 01:00:00,2023-12-18,1,0,0,winter,76,,,,
London,hour,2023-12-18 02:00:00,2023-12-18,2,0,0,winter,49,,,,
London,hour,2023-12-18 03:00:00,2023-12-18,3,0,0,winter,33,,,,
London,hour,2023-12-18 04:00:00,2023-12-18,4,0,0,winter,56,,,,
London,hour,2023-12-18 05:00:00,2023-12-18,5,0,0,winter,102,,,,
London,hour,2023-12-18 06:00:00,2023-12-18,6,0,0,winter,457,,,,
London,hour,2023-12-18 07:00:00,2023-12-18,7,0,0,winter,1152,,,,
London,hour,2023-12-18 08:00:00,2023-12-18,8,0,0,winter,2282,,,,
London,hour,2023-12-18 09:00:00,2023-12-18,9,0,0,winter,1220,,,,
London,hour,2023-12-18 10:00:00,2023-12-18,10,0,0,winter,806,,,,
London,hour,2023-12-18 11:00:00,2023-12-18,11,0,0,winter,788,,,,
London,hour,2023-12-18 12:00:00,2023-12-18,12,0,0,winter,904,,,,
London,hour,2023-12-18 13:00:00,2023-12-18,13,0,0,winter,943,,,,
London,hour,2023-12-18 14:00:00,2023-12-18,14,0,0,winter,938,,,,
London,hour,2023-12-18 15:00:00,2023-12-18,15,0,0,winter,984,,,,
London,hour,2023-12-18 16:00:00,2023-12-18,16,0,0,winter,1187,,,,
London,hour,2023-12-18 17:00:00,2023-12-18,17,0,0,winter,1946,,,,
London,hour,2023-12-18 18:00:00,2023-12-18,18,0,0,winter,1813,,,,
London,hour,2023-12-18 19:00:00,2023-12-18,19,0,0,winter,1064,,,,
London,hour,2023-12-18 20:00:00,2023-12-18,20,0,0,winter,721,,,,
London,hour,2023-12-18 21:00:00,2023-12-18,21,0,0,winter,559,,,,
London,hour,2023-12-18 22:00:00,2023-12-18,22,0,0,winter,503,,,,
London,hour,2023-12-18 23:00:00,2023-12-18,23,0,0,winter,283,,,,
London,hour,2023-12-19 00:00:00,2023-12-19,0,1,0,winter,130,,,,
London,hour,2023-12-19 01:00:00,2023-12-19,1,1,0,winter,78,,,,
London,hour,2023-12-19 02:00:00,2023-12-19,2,1,0,winter,27,,,,
London,hour,2023-12-19 03:00:00,2023-12-19,3,1,0,winter,23,,,,
London,hour,2023-12-19 04:00:00,2023-12-19,4,1,0,winter,42,,,,
London,hour,2023-12-19 05:00:00,2023-12-19,5,1,0,winter,111,,,,
London,hour,2023-12-19 06:00:00,2023-12-19,6,1,0,winter,315,,,,
London,hour,2023-12-19 07:00:00,2023-12-19,7,1,0,winter,700,,,,
London,hour,2023-12-19 08:00:00,2023-12-19,8,1,0,winter,1017,,,,
London,hour,2023-12-19 09:00:00,2023-12-19,9,1,0,winter,619,,,,
London,hour,2023-12-19 10:00:00,2023-12-19,10,1,0,winter,321,,,,
London,hour,2023-12-19 11:00:00,2023-12-19,11,1,0,winter,218,,,,
London,hour,2023-12-19 12:00:00,2023-12-19,12,1,0,winter,267,,,,
London,hour,2023-12-19 13:00:00,2023-12-19,13,1,0,winter,367,,,,
London,hour,2023-12-19 14:00:00,2023-12-19,14,1,0,winter,421,,,,
London,hour,2023-12-19 15:00:00,2023-12-19,15,1,0,winter,652,,,,
London,hour,2023-12-19 16:00:00,2023-12-19,16,1,0,winter,999,,,,
London,hour,2023-12-19 17:00:00,2023-12-19,17,1,0,winter,1729,,,,
London,hour,2023-12-19 18:00:00,2023-12-19,18,1,0,winter,1661,,,,
London,hour,2023-12-19 19:00:00,2023-12-19,19,1,0,winter,977,,,,
London,hour,2023-12-19 20:00:00,2023-12-19,20,1,0,winter,604,,,,
London,hour,2023-12-19 21:00:00,2023-12-19,21,1,0,winter,472,,,,
London,hour,2023-12-19 22:00:00,2023-12-19,22,1,0,winter,488,,,,
London,hour,2023-12-19 23:00:00,2023-12-19,23,1,0,winter,274,,,,
London,hour,2023-12-20 00:00:00,2023-12-20,0,2,0,winter,152,,,,
London,hour,2023-12-20 01:00:00,2023-12-20,1,2,0,winter,77,,,,
London,hour,2023-12-20 02:00:00,2023-12-20,2,2,0,winter,51,,,,
London,hour,2023-12-20 03:00:00,2023-12-20,3,2,0,winter,20,,,,
London,hour,2023-12-20 04:00:00,2023-12-20,4,2,0,winter,45,,,,
London,hour,2023-12-20 05:00:00,2023-12-20,5,2,0,winter,115,,,,
London,hour,2023-12-20 06:00:00,2023-12-20,6,2,0,winter,431,,,,
London,hour,2023-12-20 07:00:00,2023-12-20,7,2,0,winter,1069,,,,
London,hour,2023-12-20 08:00:00,2023-12-20,8,2,0,winter,2074,,,,
London,hour,2023-12-20 09:00:00,2023-12-20,9,2,0,winter,1219,,,,
London,hour,2023-12-20 10:00:00,2023-12-20,10,2,0,winter,802,,,,
London,hour,2023-12-20 11:00:00,2023-12-20,11,2,0,winter,843,,,,
London,hour,2023-12-20 12:00:00,2023-12-20,12,2,0,winter,977,,,,
London,hour,2023-12-20 13:00:00,2023-12-20,13,2,0,winter,1049,,,,
London,hour,2023-12-20 14:00:00,2023-12-20,14,2,0,winter,1008,,,,
London,hour,2023-12-20 15:00:00,2023-12-20,15,2,0,winter,1011,,,,
London,hour,2023-12-20 16:00:00,2023-12-20,16,2,0,winter,1246,,,,
London,hour,2023-12-20 17:00:00,2023-12-20,17,2,0,winter,1841,,,,
London,hour,2023-12-20 18:00:00,2023-12-20,18,2,0,winter,1630,,,,
London,hour,2023-12-20 19:00:00,2023-12-20,19,2,0,winter,1052,,,,
London,hour,2023-12-20 20:00:00,2023-12-20,20,2,0,winter,624,,,,
London,hour,2023-12-20 21:00:00,2023-12-20,21,2,0,winter,557,,,,
London,hour,2023-12-20 22:00:00,2023-12-20,22,2,0,winter,475,,,,
London,hour,2023-12-20 23:00:00,2023-12-20,23,2,0,winter,355,,,,
London,hour,2023-12-21 00:00:00,2023-12-21,0,3,0,winter,176,,,,
London,hour,2023-12-21 01:00:00,2023-12-21,1,3,0,winter,99,,,,
London,hour,2023-12-21 02:00:00,2023-12-21,2,3,0,winter,60,,,,
London,hour,2023-12-21 03:00:00,2023-12-21,3,3,0,winter,32,,,,
London,hour,2023-12-21 04:00:00,2023-12-21,4,3,0,winter,45,,,,
London,hour,2023-12-21 05:00:00,2023-12-21,5,3,0,winter,99,,,,
London,hour,2023-12-21 06:00:00,2023-12-21,6,3,0,winter,356,,,,
London,hour,2023-12-21 07:00:00,2023-12-21,7,3,0,winter,856,,,,
London,hour,2023-12-21 08:00:00,2023-12-21,8,3,0,winter,1468,,,,
London,hour,2023-12-21 09:00:00,2023-12-21,9,3,0,winter,995,,,,
London,hour,2023-12-21 10:00:00,2023-12-21,10,3,0,winter,765,,,,
London,hour,2023-12-21 11:00:00,2023-12-21,11,3,0,winter,834,,,,
London,hour,2023-12-21 12:00:00,2023-12-21,12,3,0,winter,931,,,,
London,hour,2023-12-21 13:00:00,2023-12-21,13,3,0,winter,1006,,,,
London,hour,2023-12-21 14:00:00,2023-12-21,14,3,0,winter,931,,,,
London,hour,2023-12-21 15:00:00,2023-12-21,15,3,0,winter,971,,,,
London,hour,2023-12-21 16:00:00,2023-12-21,16,3,0,winter,1159,,,,
London,hour,2023-12-21 17:00:00,2023-12-21,17,3,0,winter,1453,,,,
London,hour,2023-12-21 18:00:00,2023-12-21,18,3,0,winter,1257,,,,
London,hour,2023-12-21 19:00:00,2023-12-21,19,3,0,winter,832,,,,
London,hour,2023-12-21 20:00:00,2023-12-21,20,3,0,winter,551,,,,
London,hour,2023-12-21 21:00:00,2023-12-21,21,3,0,winter,449,,,,
London,hour,2023-12-21 22:00:00,2023-12-21,22,3,0,winter,429,,,,
London,hour,2023-12-21 23:00:00,2023-12-21,23,3,0,winter,314,,,,
London,hour,2023-12-22 00:00:00,2023-12-22,0,4,0,winter,165,,,,
London,hour,2023-12-22 01:00:00,2023-12-22,1,4,0,winter,100,,,,
London,hour,2023-12-22 02:00:00,2023-12-22,2,4,0,winter,59,,,,
London,hour,2023-12-22 03:00:00,2023-12-22,3,4,0,winter,38,,,,
London,hour,2023-12-22 04:00:00,2023-12-22,4,4,0,winter,48,,,,
London,hour,2023-12-22 05:00:00,2023-12-22,5,4,0,winter,78,,,,
London,hour,2023-12-22 06:00:00,2023-12-22,6,4,0,winter,207,,,,
London,hour,2023-12-22 07:00:00,2023-12-22,7,4,0,winter,421,,,,
London,hour,2023-12-22 08:00:00,2023-12-22,8,4,0,winter,826,,,,
London,hour,2023-12-22 09:00:00,2023-12-22,9,4,0,winter,787,,,,
London,hour,2023-12-22 10:00:00,2023-12-22,10,4,0,winter,707,,,,
London,hour,2023-12-22 11:00:00,2023-12-22,11,4,0,winter,744,,,,
London,hour,2023-12-22 12:00:00,2023-12-22,12,4,0,winter,980,,,,
London,hour,2023-12-22 13:00:00,2023-12-22,13,4,0,winter,959,,,,
London,hour,2023-12-22 14:00:00,2023-12-22,14,4,0,winter,1015,,,,
London,hour,2023-12-22 15:00:00,2023-12-22,15,4,0,winter,906,,,,
London,hour,2023-12-22 16:00:00,2023-12-22,16,4,0,winter,1000,,,,
London,hour,2023-12-22 17:00:00,2023-12-22,17,4,0,winter,929,,,,
London,hour,2023-12-22 18:00:00,2023-12-22,18,4,0,winter,841,,,,
London,hour,2023-12-22 19:00:00,2023-12-22,19,4,0,winter,649,,,,
London,hour,2023-12-22 20:00:00,2023-12-22,20,4,0,winter,454,,,,
London,hour,2023-12-22 21:00:00,2023-12-22,21,4,0,winter,392,,,,
London,hour,2023-12-22 22:00:00,2023-12-22,22,4,0,winter,380,,,,
London,hour,2023-12-22 23:00:00,2023-12-22,23,4,0,winter,250,,,,
London,hour,2023-12-23 00:00:00,2023-12-23,0,5,1,winter,170,,,,
London,hour,2023-12-23 01:00:00,2023-12-23,1,5,1,winter,115,,,,
London,hour,2023-12-23 02:00:00,2023-12-23,2,5,1,winter,68,,,,
London,hour,2023-12-23 03:00:00,2023-12-23,3,5,1,winter,51,,,,
London,hour,2023-12-23 04:00:00,2023-12-23,4,5,1,winter,44,,,,
London,hour,2023-12-23 05:00:00,2023-12-23,5,5,1,winter,56,,,,
London,hour,2023-12-23 06:00:00,2023-12-23,6,5,1,winter,100,,,,
London,hour,2023-12-23 07:00:00,2023-12-23,7,5,1,winter,171,,,,
London,hour,2023-12-23 08:00:00,2023-12-23,8,5,1,winter,325,,,,
London,hour,2023-12-23 09:00:00,2023-12-23,9,5,1,winter,563,,,,
London,hour,2023-12-23 10:00:00,2023-12-23,10,5,1,winter,669,,,,
London,hour,2023-12-23 11:00:00,2023-12-23,11,5,1,winter,781,,,,
London,hour,2023-12-23 12:00:00,2023-12-23,12,5,1,winter,839,,,,
London,hour,2023-12-23 13:00:00,2023-12-23,13,5,1,winter,735,,,,
London,hour,2023-12-23 14:00:00,2023-12-23,14,5,1,winter,780,,,,
London,hour,2023-12-23 15:00:00,2023-12-23,15,5,1,winter,739,,,,
London,hour,2023-12-23 16:00:00,2023-12-23,16,5,1,winter,729,,,,
London,hour,2023-12-23 17:00:00,2023-12-23,17,5,1,winter,643,,,,
London,hour,2023-12-23 18:00:00,2023-12-23,18,5,1,winter,475,,,,
London,hour,2023-12-23 19:00:00,2023-12-23,19,5,1,winter,444,,,,
London,hour,2023-12-23 20:00:00,2023-12-23,20,5,1,winter,351,,,,
London,hour,2023-12-23 21:00:00,2023-12-23,21,5,1,winter,322,,,,
London,hour,2023-12-23 22:00:00,2023-12-23,22,5,1,winter,256,,,,
London,hour,2023-12-23 23:00:00,2023-12-23,23,5,1,winter,204,,,,
London,hour,2023-12-24 00:00:00,2023-12-24,0,6,1,winter,138,,,,
London,hour,2023-12-24 01:00:00,2023-12-24,1,6,1,winter,67,,,,
London,hour,2023-12-24 02:00:00,2023-12-24,2,6,1,winter,37,,,,
London,hour,2023-12-24 03:00:00,2023-12-24,3,6,1,winter,40,,,,
London,hour,2023-12-24 04:00:00,2023-12-24,4,6,1,winter,29,,,,
London,hour,2023-12-24 05:00:00,2023-12-24,5,6,1,winter,37,,,,
London,hour,2023-12-24 06:00:00,2023-12-24,6,6,1,winter,67,,,,
London,hour,2023-12-24 07:00:00,2023-12-24,7,6,1,winter,113,,,,
London,hour,2023-12-24 08:00:00,2023-12-24,8,6,1,winter,209,,,,
London,hour,2023-12-24 09:00:00,2023-12-24,9,6,1,winter,332,,,,
London,hour,2023-12-24 10:00:00,2023-12-24,10,6,1,winter,488,,,,
London,hour,2023-12-24 11:00:00,2023-12-24,11,6,1,winter,594,,,,
London,hour,2023-12-24 12:00:00,2023-12-24,12,6,1,winter,617,,,,
London,hour,2023-12-24 13:00:00,2023-12-24,13,6,1,winter,623,,,,
London,hour,2023-12-24 14:00:00,2023-12-24,14,6,1,winter,592,,,,
London,hour,2023-12-24 15:00:00,2023-12-24,15,6,1,winter,570,,,,
London,hour,2023-12-24 16:00:00,2023-12-24,16,6,1,winter,550,,,,
London,hour,2023-12-24 17:00:00,2023-12-24,17,6,1,winter,392,,,,
London,hour,2023-12-24 18:00:00,2023-12-24,18,6,1,winter,355,,,,
London,hour,2023-12-24 19:00:00,2023-12-24,19,6,1,winter,256,,,,
London,hour,2023-12-24 20:00:00,2023-12-24,20,6,1,winter,218,,,,
London,hour,2023-12-24 21:00:00,2023-12-24,21,6,1,winter,224,,,,
London,hour,2023-12-24 22:00:00,2023-12-24,22,6,1,winter,200,,,,
London,hour,2023-12-24 23:00:00,2023-12-24,23,6,1,winter,172,,,,
London,hour,2023-12-25 00:00:00,2023-12-25,0,0,0,winter,170,,,,
London,hour,2023-12-25 01:00:00,2023-12-25,1,0,0,winter,203,,,,
London,hour,2023-12-25 02:00:00,2023-12-25,2,0,0,winter,84,,,,
London,hour,2023-12-25 03:00:00,2023-12-25,3,0,0,winter,41,,,,
London,hour,2023-12-25 04:00:00,2023-12-25,4,0,0,winter,37,,,,
London,hour,2023-12-25 05:00:00,2023-12-25,5,0,0,winter,55,,,,
London,hour,2023-12-25 06:00:00,2023-12-25,6,0,0,winter,99,,,,
London,hour,2023-12-25 07:00:00,2023-12-25,7,0,0,winter,111,,,,
London,hour,2023-12-25 08:00:00,2023-12-25,8,0,0,winter,196,,,,
London,hour,2023-12-25 09:00:00,2023-12-25,9,0,0,winter,432,,,,
London,hour,2023-12-25 10:00:00,2023-12-25,10,0,0,winter,946,,,,
London,hour,2023-12-25 11:00:00,2023-12-25,11,0,0,winter,1239,,,,
London,hour,2023-12-25 12:00:00,2023-12-25,12,0,0,winter,1451,,,,
London,hour,2023-12-25 13:00:00,2023-12-25,13,0,0,winter,1375,,,,
London,hour,2023-12-25 14:00:00,2023-12-25,14,0,0,winter,1400,,,,
London,hour,2023-12-25 15:00:00,2023-12-25,15,0,0,winter,1411,,,,
London,hour,2023-12-25 16:00:00,2023-12-25,16,0,0,winter,952,,,,
London,hour,2023-12-25 17:00:00,2023-12-25,17,0,0,winter,786,,,,
London,hour,2023-12-25 18:00:00,2023-12-25,18,0,0,winter,738,,,,
London,hour,2023-12-25 19:00:00,2023-12-25,19,0,0,winter,545,,,,
London,hour,2023-12-25 20:00:00,2023-12-25,20,0,0,winter,288,,,,
London,hour,2023-12-25 21:00:00,2023-12-25,21,0,0,winter,290,,,,
London,hour,2023-12-25 22:00:00,2023-12-25,22,0,0,winter,242,,,,
London,hour,2023-12-25 23:00:00,2023-12-25,23,0,0,winter,211,,,,
London,hour,2023-12-26 00:00:00,2023-12-26,0,1,0,winter,149,,,,
London,hour,2023-12-26 01:00:00,2023-12-26,1,1,0,winter,62,,,,
London,hour,2023-12-26 02:00:00,2023-12-26,2,1,0,winter,30,,,,
London,hour,2023-12-26 03:00:00,2023-12-26,3,1,0,winter,30,,,,
London,hour,2023-12-26 04:00:00,2023-12-26,4,1,0,winter,22,,,,
London,hour,2023-12-26 05:00:00,2023-12-26,5,1,0,winter,45,,,,
London,hour,2023-12-26 06:00:00,2023-12-26,6,1,0,winter,64,,,,
London,hour,2023-12-26 07:00:00,2023-12-26,7,1,0,winter,120,,,,
London,hour,2023-12-26 08:00:00,2023-12-26,8,1,0,winter,159,,,,
London,hour,2023-12-26 09:00:00,2023-12-26,9,1,0,winter,301,,,,
London,hour,2023-12-26 10:00:00,2023-12-26,10,1,0,winter,494,,,,
London,hour,2023-12-26 11:00:00,2023-12-26,11,1,0,winter,572,,,,
London,hour,2023-12-26 12:00:00,2023-12-26,12,1,0,winter,535,,,,
London,hour,2023-12-26 13:00:00,2023-12-26,13,1,0,winter,692,,,,
London,hour,2023-12-26 14:00:00,2023-12-26,14,1,0,winter,658,,,,
London,hour,2023-12-26 15:00:00,2023-12-26,15,1,0,winter,689,,,,
London,hour,2023-12-26 16:00:00,2023-12-26,16,1,0,winter,644,,,,
London,hour,2023-12-26 17:00:00,2023-12-26,17,1,0,winter,397,,,,
London,hour,2023-12-26 18:00:00,2023-12-26,18,1,0,winter,356,,,,
London,hour,2023-12-26 19:00:00,2023-12-26,19,1,0,winter,325,,,,
London,hour,2023-12-26 20:00:00,2023-12-26,20,1,0,winter,282,,,,
London,hour,2023-12-26 21:00:00,2023-12-26,21,1,0,winter,221,,,,
London,hour,2023-12-26 22:00:00,2023-12-26,22,1,0,winter,218,,,,
London,hour,2023-12-26 23:00:00,2023-12-26,23,1,0,winter,133,,,,
London,hour,2023-12-27 00:00:00,2023-12-27,0,2,0,winter,92,,,,
London,hour,2023-12-27 01:00:00,2023-12-27,1,2,0,winter,43,,,,
London,hour,2023-12-27 02:00:00,2023-12-27,2,2,0,winter,18,,,,
London,hour,2023-12-27 03:00:00,2023-12-27,3,2,0,winter,17,,,,
London,hour,2023-12-27 04:00:00,2023-12-27,4,2,0,winter,19,,,,
London,hour,2023-12-27 05:00:00,2023-12-27,5,2,0,winter,50,,,,
London,hour,2023-12-27 06:00:00,2023-12-27,6,2,0,winter,129,,,,
London,hour,2023-12-27 07:00:00,2023-12-27,7,2,0,winter,260,,,,
London,hour,2023-12-27 08:00:00,2023-12-27,8,2,0,winter,388,,,,
London,hour,2023-12-27 09:00:00,2023-12-27,9,2,0,winter,409,,,,
London,hour,2023-12-27 10:00:00,2023-12-27,10,2,0,winter,433,,,,
London,hour,2023-12-27 11:00:00,2023-12-27,11,2,0,winter,458,,,,
London,hour,2023-12-27 12:00:00,2023-12-27,12,2,0,winter,494,,,,
London,hour,2023-12-27 13:00:00,2023-12-27,13,2,0,winter,478,,,,
London,hour,2023-12-27 14:00:00,2023-12-27,14,2,0,winter,344,,,,
London,hour,2023-12-27 15:00:00,2023-12-27,15,2,0,winter,385,,,,
London,hour,2023-12-27 16:00:00,2023-12-27,16,2,0,winter,398,,,,
London,hour,2023-12-27 17:00:00,2023-12-27,17,2,0,winter,438,,,,
London,hour,2023-12-27 18:00:00,2023-12-27,18,2,0,winter,475,,,,
London,hour,2023-12-27 19:00:00,2023-12-27,19,2,0,winter,397,,,,
London,hour,2023-12-27 20:00:00,2023-12-27,20,2,0,winter,290,,,,
London,hour,2023-12-27 21:00:00,2023-12-27,21,2,0,winter,284,,,,
London,hour,2023-12-27 22:00:00,2023-12-27,22,2,0,winter,227,,,,
London,hour,2023-12-27 23:00:00,2023-12-27,23,2,0,winter,178,,,,
London,hour,2023-12-28 00:00:00,2023-12-28,0,3,0,winter,77,,,,
London,hour,2023-12-28 01:00:00,2023-12-28,1,3,0,winter,51,,,,
London,hour,2023-12-28 02:00:00,2023-12-28,2,3,0,winter,32,,,,
London,hour,2023-12-28 03:00:00,2023-12-28,3,3,0,winter,11,,,,
London,hour,2023-12-28 04:00:00,2023-12-28,4,3,0,winter,33,,,,
London,hour,2023-12-28 05:00:00,2023-12-28,5,3,0,winter,73,,,,
London,hour,2023-12-28 06:00:00,2023-12-28,6,3,0,winter,153,,,,
London,hour,2023-12-28 07:00:00,2023-12-28,7,3,0,winter,310,,,,
London,hour,2023-12-28 08:00:00,2023-12-28,8,3,0,winter,451,,,,
London,hour,2023-12-28 09:00:00,2023-12-28,9,3,0,winter,343,,,,
London,hour,2023-12-28 10:00:00,2023-12-28,10,3,0,winter,481,,,,
London,hour,2023-12-28 11:00:00,2023-12-28,11,3,0,winter,422,,,,
London,hour,2023-12-28 12:00:00,2023-12-28,12,3,0,winter,283,,,,
London,hour,2023-12-28 13:00:00,2023-12-28,13,3,0,winter,577,,,,
London,hour,2023-12-28 14:00:00,2023-12-28,14,3,0,winter,689,,,,
London,hour,2023-12-28 15:00:00,2023-12-28,15,3,0,winter,622,,,,
London,hour,2023-12-28 16:00:00,2023-12-28,16,3,0,winter,642,,,,
London,hour,2023-12-28 17:00:00,2023-12-28,17,3,0,winter,633,,,,
London,hour,2023-12-28 18:00:00,2023-12-28,18,3,0,winter,570,,,,
London,hour,2023-12-28 19:00:00,2023-12-28,19,3,0,winter,505,,,,
London,hour,2023-12-28 20:00:00,2023-12-28,20,3,0,winter,310,,,,
London,hour,2023-12-28 21:00:00,2023-12-28,21,3,0,winter,241,,,,
London,hour,2023-12-28 22:00:00,2023-12-28,22,3,0,winter,259,,,,
London,hour,2023-12-28 23:00:00,2023-12-28,23,3,0,winter,179,,,,
London,hour,2023-12-29 00:00:00,2023-12-29,0,4,0,winter,151,,,,
London,hour,2023-12-29 01:00:00,2023-12-29,1,4,0,winter,65,,,,
London,hour,2023-12-29 02:00:00,2023-12-29,2,4,0,winter,56,,,,
London,hour,2023-12-29 03:00:00,2023-12-29,3,4,0,winter,31,,,,
London,hour,2023-12-29 04:00:00,2023-12-29,4,4,0,winter,36,,,,
London,hour,2023-12-29 05:00:00,2023-12-29,5,4,0,winter,62,,,,
London,hour,2023-12-29 06:00:00,2023-12-29,6,4,0,winter,160,,,,
London,hour,2023-12-29 07:00:00,2023-12-29,7,4,0,winter,323,,,,
London,hour,2023-12-29 08:00:00,2023-12-29,8,4,0,winter,476,,,,
London,hour,2023-12-29 09:00:00,2023-12-29,9,4,0,winter,573,,,,
London,hour,2023-12-29 10:00:00,2023-12-29,10,4,0,winter,569,,,,
London,hour,2023-12-29 11:00:00,2023-12-29,11,4,0,winter,711,,,,
London,hour,2023-12-29 12:00:00,2023-12-29,12,4,0,winter,860,,,,
London,hour,2023-12-29 13:00:00,2023-12-29,13,4,0,winter,925,,,,
London,hour,2023-12-29 14:00:00,2023-12-29,14,4,0,winter,886,,,,
London,hour,2023-12-29 15:00:00,2023-12-29,15,4,0,winter,878,,,,
London,hour,2023-12-29 16:00:00,2023-12-29,16,4,0,winter,803,,,,
London,hour,2023-12-29 17:00:00,2023-12-29,17,4,0,winter,864,,,,
London,hour,2023-12-29 18:00:00,2023-12-29,18,4,0,winter,721,,,,
London,hour,2023-12-29 19:00:00,2023-12-29,19,4,0,winter,534,,,,
London,hour,2023-12-29 20:00:00,2023-12-29,20,4,0,winter,437,,,,
London,hour,2023-12-29 21:00:00,2023-12-29,21,4,0,winter,352,,,,
London,hour,2023-12-29 22:00:00,2023-12-29,22,4,0,winter,321,,,,
London,hour,2023-12-29 23:00:00,2023-12-29,23,4,0,winter,193,,,,
London,hour,2023-12-30 00:00:00,2023-12-30,0,5,1,winter,175,,,,
London,hour,2023-12-30 01:00:00,2023-12-30,1,5,1,winter,110,,,,
London,hour,2023-12-30 02:00:00,2023-12-30,2,5,1,winter,44,,,,
London,hour,2023-12-30 03:00:00,2023-12-30,3,5,1,winter,54,,,,
London,hour,2023-12-30 04:00:00,2023-12-30,4,5,1,winter,35,,,,
London,hour,2023-12-30 05:00:00,2023-12-30,5,5,1,winter,44,,,,
London,hour,2023-12-30 06:00:00,2023-12-30,6,5,1,winter,85,,,,
London,hour,2023-12-30 07:00:00,2023-12-30,7,5,1,winter,166,,,,
London,hour,2023-12-30 08:00:00,2023-12-30,8,5,1,winter,248,,,,
London,hour,2023-12-30 09:00:00,2023-12-30,9,5,1,winter,399,,,,
London,hour,2023-12-30 10:00:00,2023-12-30,10,5,1,winter,559,,,,
London,hour,2023-12-30 11:00:00,2023-12-30,11,5,1,winter,682,,,,
London,hour,2023-12-30 12:00:00,2023-12-30,12,5,1,winter,797,,,,
London,hour,2023-12-30 13:00:00,2023-12-30,13,5,1,winter,799,,,,
London,hour,2023-12-30 14:00:00,2023-12-30,14,5,1,winter,835,,,,
London,hour,2023-12-30 15:00:00,2023-12-30,15,5,1,winter,713,,,,
London,hour,2023-12-30 16:00:00,2023-12-30,16,5,1,winter,615,,,,
London,hour,2023-12-30 17:00:00,2023-12-30,17,5,1,winter,478,,,,
London,hour,2023-12-30 18:00:00,2023-12-30,18,5,1,winter,476,,,,
London,hour,2023-12-30 19:00:00,2023-12-30,19,5,1,winter,428,,,,
London,hour,2023-12-30 20:00:00,2023-12-30,20,5,1,winter,347,,,,
London,hour,2023-12-30 21:00:00,2023-12-30,21,5,1,winter,310,,,,
London,hour,2023-12-30 22:00:00,2023-12-30,22,5,1,winter,204,,,,
London,hour,2023-12-30 23:00:00,2023-12-30,23,5,1,winter,178,,,,
London,hour,2023-12-31 00:00:00,2023-12-31,0,6,1,winter,68,,,,
London,hour,2023-12-31 01:00:00,2023-12-31,1,6,1,winter,76,,,,
London,hour,2023-12-31 02:00:00,2023-12-31,2,6,1,winter,31,,,,
London,hour,2023-12-31 03:00:00,2023-12-31,3,6,1,winter,27,,,,
London,hour,2023-12-31 04:00:00,2023-12-31,4,6,1,winter,42,,,,
London,hour,2023-12-31 05:00:00,2023-12-31,5,6,1,winter,31,,,,
London,hour,2023-12-31 06:00:00,2023-12-31,6,6,1,winter,74,,,,
London,hour,2023-12-31 07:00:00,2023-12-31,7,6,1,winter,123,,,,
London,hour,2023-12-31 08:00:00,2023-12-31,8,6,1,winter,199,,,,
London,hour,2023-12-31 09:00:00,2023-12-31,9,6,1,winter,410,,,,
London,hour,2023-12-31 10:00:00,2023-12-31,10,6,1,winter,431,,,,
London,hour,2023-12-31 11:00:00,2023-12-31,11,6,1,winter,656,,,,
London,hour,2023-12-31 12:00:00,2023-12-31,12,6,1,winter,746,,,,
London,hour,2023-12-31 13:00:00,2023-12-31,13,6,1,winter,872,,,,
London,hour,2023-12-31 14:00:00,2023-12-31,14,6,1,winter,784,,,,
London,hour,2023-12-31 15:00:00,2023-12-31,15,6,1,winter,639,,,,
London,hour,2023-12-31 16:00:00,2023-12-31,16,6,1,winter,413,,,,
London,hour,2023-12-31 17:00:00,2023-12-31,17,6,1,winter,402,,,,
London,hour,2023-12-31 18:00:00,2023-12-31,18,6,1,winter,375,,,,
London,hour,2023-12-31 19:00:00,2023-12-31,19,6,1,winter,344,,,,
London,hour,2023-12-31 20:00:00,2023-12-31,20,6,1,winter,320,,,,
London,hour,2023-12-31 21:00:00,2023-12-31,21,6,1,winter,305,,,,
London,hour,2023-12-31 22:00:00,2023-12-31,22,6,1,winter,415,,,,
London,hour,2023-12-31 23:00:00,2023-12-31,23,6,1,winter,580,,,,
