city,time_grain,datetime,date,hour,weekday,is_weekend,season,bike_count,temp,rain,humidity,wind
London,hour,2024-01-01 00:00:00,2024-01-01,0,0,0,winter,759,,,,
London,hour,2024-01-01 01:00:00,2024-01-01,1,0,0,winter,979,,,,
London,hour,2024-01-01 02:00:00,2024-01-01,2,0,0,winter,532,,,,
London,hour,2024-01-01 03:00:00,2024-01-01,3,0,0,winter,275,,,,
London,hour,2024-01-01 04:00:00,2024-01-01,4,0,0,winter,198,,,,
London,hour,2024-01-01 05:00:00,2024-01-01,5,0,0,winter,108,,,,
London,hour,2024-01-01 06:00:00,2024-01-01,6,0,0,winter,94,,,,
London,hour,2024-01-01 07:00:00,2024-01-01,7,0,0,winter,95,,,,
London,hour,2024-01-01 08:00:00,2024-01-01,8,0,0,winter,153,,,,
London,hour,2024-01-01 09:00:00,2024-01-01,9,0,0,winter,244,,,,
London,hour,2024-01-01 10:00:00,2024-01-01,10,0,0,winter,336,,,,
London,hour,2024-01-01 11:00:00,2024-01-01,11,0,0,winter,498,,,,
London,hour,2024-01-01 12:00:00,2024-01-01,12,0,0,winter,588,,,,
London,hour,2024-01-01 13:00:00,2024-01-01,13,0,0,winter,674,,,,
London,hour,2024-01-01 14:00:00,2024-01-01,14,0,0,winter,694,,,,
London,hour,2024-01-01 15:00:00,2024-01-01,15,0,0,winter,611,,,,
London,hour,2024-01-01 16:00:00,2024-01-01,16,0,0,winter,337,,,,
London,hour,2024-01-01 17:00:00,2024-01-01,17,0,0,winter,283,,,,
London,hour,2024-01-01 18:00:00,2024-01-01,18,0,0,winter,202,,,,
London,hour,2024-01-01 19:00:00,2024-01-01,19,0,0,winter,161,,,,
London,hour,2024-01-01 20:00:00,2024-01-01,20,0,0,winter,119,,,,
London,hour,2024-01-01 21:00:00,2024-01-01,21,0,0,winter,80,,,,
London,hour,2024-01-01 22:00:00,2024-01-01,22,0,0,winter,90,,,,
London,hour,2024-01-01 23:00:00,2024-01-01,23,0,0,winter,55,,,,
London,hour,2024-01-02 00:00:00,2024-01-02,0,1,0,winter,124,,,,
London,hour,2024-01-02 01:00:00,2024-01-02,1,1,0,winter,76,,,,
London,hour,2024-01-02 02:00:00,2024-01-02,2,1,0,winter,51,,,,
London,hour,2024-01-02 03:00:00,2024-01-02,3,1,0,winter,23,,,,
London,hour,2024-01-02 04:00:00,2024-01-02,4,1,0,winter,47,,,,
London,hour,2024-01-02 05:00:00,2024-01-02,5,1,0,winter,139,,,,
London,hour,2024-01-02 06:00:00,2024-01-02,6,1,0,winter,607,,,,
London,hour,2024-01-02 07:00:00,2024-01-02,7,1,0,winter,1742,,,,
London,hour,2024-01-02 08:00:00,2024-01-02,8,1,0,winter,3416,,,,
London,hour,2024-01-02 09:00:00,2024-01-02,9,1,0,winter,1840,,,,
London,hour,2024-01-02 10:00:00,2024-01-02,10,1,0,winter,1065,,,,
London,hour,2024-01-02 11:00:00,2024-01-02,11,1,0,winter,872,,,,
London,hour,2024-01-02 12:00:00,2024-01-02,12,1,0,winter,1043,,,,
London,hour,2024-01-02 13:00:00,2024-01-02,13,1,0,winter,1032,,,,
London,hour,2024-01-02 14:00:00,2024-01-02,14,1,0,winter,962,,,,
London,hour,2024-01-02 15:00:00,2024-01-02,15,1,0,winter,1326,,,,
London,hour,2024-01-02 16:00:00,2024-01-02,16,1,0,winter,2227,,,,
London,hour,2024-01-02 17:00:00,2024-01-02,17,1,0,winter,3946,,,,
London,hour,2024-01-02 18:00:00,2024-01-02,18,1,0,winter,3634,,,,
London,hour,2024-01-02 19:00:00,2024-01-02,19,1,0,winter,2173,,,,
London,hour,2024-01-02 20:00:00,2024-01-02,20,1,0,winter,1423,,,,
London,hour,2024-01-02 21:00:00,2024-01-02,21,1,0,winter,1068,,,,
London,hour,2024-01-02 22:00:00,2024-01-02,22,1,0,winter,785,,,,
London,hour,2024-01-02 23:00:00,2024-01-02,23,1,0,winter,476,,,,
London,hour,2024-01-03 00:00:00,2024-01-03,0,2,0,winter,301,,,,
London,hour,2024-01-03 01:00:00,2024-01-03,1,2,0,winter,133,,,,
London,hour,2024-01-03 02:00:00,2024-01-03,2,2,0,winter,87,,,,
London,hour,2024-01-03 03:00:00,2024-01-03,3,2,0,winter,44,,,,
London,hour,2024-01-03 04:00:00,2024-01-03,4,2,0,winter,90,,,,
London,hour,2024-01-03 05:00:00,2024-01-03,5,2,0,winter,252,,,,
London,hour,2024-01-03 06:00:00,2024-01-03,6,2,0,winter,946,,,,
London,hour,2024-01-03 07:00:00,2024-01-03,7,2,0,winter,1627,,,,
London,hour,2024-01-03 08:00:00,2024-01-03,8,2,0,winter,2971,,,,
London,hour,2024-01-03 09:00:00,2024-01-03,9,2,0,winter,2097,,,,
London,hour,2024-01-03 10:00:00,2024-01-03,10,2,0,winter,1422,,,,
London,hour,2024-01-03 11:00:00,2024-01-03,11,2,0,winter,1271,,,,
London,hour,2024-01-03 12:00:00,2024-01-03,12,2,0,winter,1551,,,,
London,hour,2024-01-03 13:00:00,2024-01-03,13,2,0,winter,1724,,,,
London,hour,2024-01-03 14:00:00,2024-01-03,14,2,0,winter,1710,,,,
London,hour,2024-01-03 15:00:00,2024-01-03,15,2,0,winter,1763,,,,
London,hour,2024-01-03 16:00:00,2024-01-03,16,2,0,winter,2402,,,,
London,hour,2024-01-03 17:00:00,2024-01-03,17,2,0,winter,3121,,,,
London,hour,2024-01-03 18:00:00,2024-01-03,18,2,0,winter,2345,,,,
London,hour,2024-01-03 19:00:00,2024-01-03,19,2,0,winter,1536,,,,
London,hour,2024-01-03 20:00:00,2024-01-03,20,2,0,winter,1108,,,,
London,hour,2024-01-03 21:00:00,2024-01-03,21,2,0,winter,831,,,,
London,hour,2024-01-03 22:00:00,2024-01-03,22,2,0,winter,668,,,,
London,hour,2024-01-03 23:00:00,2024-01-03,23,2,0,winter,502,,,,
London,hour,2024-01-04 00:00:00,2024-01-04,0,3,0,winter,298,,,,
London,hour,2024-01-04 01:00:00,2024-01-04,1,3,0,winter,184,,,,
London,hour,2024-01-04 02:00:00,2024-01-04,2,3,0,winter,110,,,,
London,hour,2024-01-04 03:00:00,2024-01-04,3,3,0,winter,60,,,,
London,hour,2024-01-04 04:00:00,2024-01-04,4,3,0,winter,84,,,,
London,hour,2024-01-04 05:00:00,2024-01-04,5,3,0,winter,195,,,,
London,hour,2024-01-04 06:00:00,2024-01-04,6,3,0,winter,601,,,,
London,hour,2024-01-04 07:00:00,2024-01-04,7,3,0,winter,1465,,,,
London,hour,2024-01-04 08:00:00,2024-01-04,8,3,0,winter,2774,,,,
London,hour,2024-01-04 09:00:00,2024-01-04,9,3,0,winter,1908,,,,
London,hour,2024-01-04 10:00:00,2024-01-04,10,3,0,winter,1795,,,,
London,hour,2024-01-04 11:00:00,2024-01-04,11,3,0,winter,2035,,,,
London,hour,2024-01-04 12:00:00,2024-01-04,12,3,0,winter,2308,,,,
London,hour,2024-01-04 13:00:00,2024-01-04,13,3,0,winter,2255,,,,
London,hour,2024-01-04 14:00:00,2024-01-04,14,3,0,winter,2226,,,,
London,hour,2024-01-04 15:00:00,2024-01-04,15,3,0,winter,2079,,,,
London,hour,2024-01-04 16:00:00,2024-01-04,16,3,0,winter,1815,,,,
London,hour,2024-01-04 17:00:00,2024-01-04,17,3,0,winter,2087,,,,
London,hour,2024-01-04 18:00:00,2024-01-04,18,3,0,winter,1910,,,,
London,hour,2024-01-04 19:00:00,2024-01-04,19,3,0,winter,1334,,,,
London,hour,2024-01-04 20:00:00,2024-01-04,20,3,0,winter,994,,,,
London,hour,2024-01-04 21:00:00,2024-01-04,21,3,0,winter,760,,,,
London,hour,2024-01-04 22:00:00,2024-01-04,22,3,0,winter,598,,,,
London,hour,2024-01-04 23:00:00,2024-01-04,23,3,0,winter,360,,,,
London,hour,2024-01-05 00:00:00,2024-01-05,0,4,0,winter,211,,,,
London,hour,2024-01-05 01:00:00,2024-01-05,1,4,0,winter,89,,,,
London,hour,2024-01-05 02:00:00,2024-01-05,2,4,0,winter,79,,,,
London,hour,2024-01-05 03:00:00,2024-01-05,3,4,0,winter,50,,,,
London,hour,2024-01-05 04:00:00,2024-01-05,4,4,0,winter,79,,,,
London,hour,2024-01-05 05:00:00,2024-01-05,5,4,0,winter,244,,,,
London,hour,2024-01-05 06:00:00,2024-01-05,6,4,0,winter,1087,,,,
London,hour,2024-01-05 07:00:00,2024-01-05,7,4,0,winter,2881,,,,
London,hour,2024-01-05 08:00:00,2024-01-05,8,4,0,winter,5265,,,,
London,hour,2024-01-05 09:00:00,2024-01-05,9,4,0,winter,2910,,,,
London,hour,2024-01-05 10:00:00,2024-01-05,10,4,0,winter,1781,,,,
London,hour,2024-01-05 11:00:00,2024-01-05,11,4,0,winter,1790,,,,
London,hour,2024-01-05 12:00:00,2024-01-05,12,4,0,winter,2088,,,,
London,hour,2024-01-05 13:00:00,2024-01-05,13,4,0,winter,2126,,,,
London,hour,2024-01-05 14:00:00,2024-01-05,14,4,0,winter,1990,,,,
London,hour,2024-01-05 15:00:00,2024-01-05,15,4,0,winter,2237,,,,
London,hour,2024-01-05 16:00:00,2024-01-05,16,4,0,winter,2977,,,,
London,hour,2024-01-05 17:00:00,2024-01-05,17,4,0,winter,4972,,,,
London,hour,2024-01-05 18:00:00,2024-01-05,18,4,0,winter,4759,,,,
London,hour,2024-01-05 19:00:00,2024-01-05,19,4,0,winter,2764,,,,
London,hour,2024-01-05 20:00:00,2024-01-05,20,4,0,winter,1889,,,,
London,hour,2024-01-05 21:00:00,2024-01-05,21,4,0,winter,1330,,,,
London,hour,2024-01-05 22:00:00,2024-01-05,22,4,0,winter,1077,,,,
London,hour,2024-01-05 23:00:00,2024-01-05,23,4,0,winter,621,,,,
London,hour,2024-01-06 00:00:00,2024-01-06,0,5,1,winter,545,,,,
London,hour,2024-01-06 01:00:00,2024-01-06,1,5,1,winter,349,,,,
London,hour,2024-01-06 02:00:00,2024-01-06,2,5,1,winter,237,,,,
London,hour,2024-01-06 03:00:00,2024-01-06,3,5,1,winter,173,,,,
London,hour,2024-01-06 04:00:00,2024-01-06,4,5,1,winter,121,,,,
London,hour,2024-01-06 05:00:00,2024-01-06,5,5,1,winter,125,,,,
London,hour,2024-01-06 06:00:00,2024-01-06,6,5,1,winter,245,,,,
London,hour,2024-01-06 07:00:00,2024-01-06,7,5,1,winter,599,,,,
London,hour,2024-01-06 08:00:00,2024-01-06,8,5,1,winter,1229,,,,
London,hour,2024-01-06 09:00:00,2024-01-06,9,5,1,winter,1816,,,,
London,hour,2024-01-06 10:00:00,2024-01-06,10,5,1,winter,2264,,,,
London,hour,2024-01-06 11:00:00,2024-01-06,11,5,1,winter,2682,,,,
London,hour,2024-01-06 12:00:00,2024-01-06,12,5,1,winter,2886,,,,
London,hour,2024-01-06 13:00:00,2024-01-06,13,5,1,winter,2870,,,,
London,hour,2024-01-06 14:00:00,2024-01-06,14,5,1,winter,3026,,,,
London,hour,2024-01-06 15:00:00,2024-01-06,15,5,1,winter,2982,,,,
London,hour,2024-01-06 16:00:00,2024-01-06,16,5,1,winter,2979,,,,
London,hour,2024-01-06 17:00:00,2024-01-06,17,5,1,winter,2585,,,,
London,hour,2024-01-06 18:00:00,2024-01-06,18,5,1,winter,2423,,,,
London,hour,2024-01-06 19:00:00,2024-01-06,19,5,1,winter,2147,,,,
London,hour,2024-01-06 20:00:00,2024-01-06,20,5,1,winter,1292,,,,
London,hour,2024-01-06 21:00:00,2024-01-06,21,5,1,winter,858,,,,
London,hour,2024-01-06 22:00:00,2024-01-06,22,5,1,winter,1158,,,,
London,hour,2024-01-06 23:00:00,2024-01-06,23,5,1,winter,903,,,,
London,hour,2024-01-07 00:00:00,2024-01-07,0,6,1,winter,375,,,,
London,hour,2024-01-07 01:00:00,2024-01-07,1,6,1,winter,215,,,,
London,hour,2024-01-07 02:00:00,2024-01-07,2,6,1,winter,133,,,,
London,hour,2024-01-07 03:00:00,2024-01-07,3,6,1,winter,104,,,,
London,hour,2024-01-07 04:00:00,2024-01-07,4,6,1,winter,97,,,,
London,hour,2024-01-07 05:00:00,2024-01-07,5,6,1,winter,213,,,,
London,hour,2024-01-07 06:00:00,2024-01-07,6,6,1,winter,723,,,,
London,hour,2024-01-07 07:00:00,2024-01-07,7,6,1,winter,1952,,,,
London,hour,2024-01-07 08:00:00,2024-01-07,8,6,1,winter,3536,,,,
London,hour,2024-01-07 09:00:00,2024-01-07,9,6,1,winter,2267,,,,
London,hour,2024-01-07 10:00:00,2024-01-07,10,6,1,winter,1868,,,,
London,hour,2024-01-07 11:00:00,2024-01-07,11,6,1,winter,2151,,,,
London,hour,2024-01-07 12:00:00,2024-01-07,12,6,1,winter,2418,,,,
London,hour,2024-01-07 13:00:00,2024-01-07,13,6,1,winter,2349,,,,
London,hour,2024-01-07 14:00:00,2024-01-07,14,6,1,winter,2234,,,,
London,hour,2024-01-07 15:00:00,2024-01-07,15,6,1,winter,2418,,,,
London,hour,2024-01-07 16:00:00,2024-01-07,16,6,1,winter,2836,,,,
London,hour,2024-01-07 17:00:00,2024-01-07,17,6,1,winter,3900,,,,
London,hour,2024-01-07 18:00:00,2024-01-07,18,6,1,winter,3601,,,,
London,hour,2024-01-07 19:00:00,2024-01-07,19,6,1,winter,2421,,,,
London,hour,2024-01-07 20:00:00,2024-01-07,20,6,1,winter,1616,,,,
London,hour,2024-01-07 21:00:00,2024-01-07,21,6,1,winter,1133,,,,
London,hour,2024-01-07 22:00:00,2024-01-07,22,6,1,winter,772,,,,
London,hour,2024-01-07 23:00:00,2024-01-07,23,6,1,winter,445,,,,
London,hour,2024-01-08 00:00:00,2024-01-08,0,0,0,winter,69,,,,
London,hour,2024-01-08 01:00:00,2024-01-08,1,0,0,winter,45,,,,
London,hour,2024-01-08 02:00:00,2024-01-08,2,0,0,winter,17,,,,
London,hour,2024-01-08 03:00:00,2024-01-08,3,0,0,winter,16,,,,
London,hour,2024-01-08 04:00:00,2024-01-08,4,0,0,winter,39,,,,
London,hour,2024-01-08 05:00:00,2024-01-08,5,0,0,winter,146,,,,
London,hour,2024-01-08 06:00:00,2024-01-08,6,0,0,winter,545,,,,
London,hour,2024-01-08 07:00:00,2024-01-08,7,0,0,winter,1515,,,,
London,hour,2024-01-08 08:00:00,2024-01-08,8,0,0,winter,2735,,,,
London,hour,2024-01-08 09:00:00,2024-01-08,9,0,0,winter,1206,,,,
London,hour,2024-01-08 10:00:00,2024-01-08,10,0,0,winter,598,,,,
London,hour,2024-01-08 11:00:00,2024-01-08,11,0,0,winter,524,,,,
London,hour,2024-01-08 12:00:00,2024-01-08,12,0,0,winter,621,,,,
London,hour,2024-01-08 13:00:00,2024-01-08,13,0,0,winter,654,,,,
London,hour,2024-01-08 14:00:00,2024-01-08,14,0,0,winter,608,,,,
London,hour,2024-01-08 15:00:00,2024-01-08,15,0,0,winter,698,,,,
London,hour,2024-01-08 16:00:00,2024-01-08,16,0,0,winter,921,,,,
London,hour,2024-01-08 17:00:00,2024-01-08,17,0,0,winter,1909,,,,
London,hour,2024-01-08 18:00:00,2024-01-08,18,0,0,winter,1891,,,,
London,hour,2024-01-08 19:00:00,2024-01-08,19,0,0,winter,1122,,,,
London,hour,2024-01-08 20:00:00,2024-01-08,20,0,0,winter,683,,,,
London,hour,2024-01-08 21:00:00,2024-01-08,21,0,0,winter,404,,,,
London,hour,2024-01-08 22:00:00,2024-01-08,22,0,0,winter,298,,,,
London,hour,2024-01-08 23:00:00,2024-01-08,23,0,0,winter,110,,,,
London,hour,2024-01-09 00:00:00,2024-01-09,0,1,0,winter,74,,,,
London,hour,2024-01-09 01:00:00,2024-01-09,1,1,0,winter,22,,,,
London,hour,2024-01-09 02:00:00,2024-01-09,2,1,0,winter,18,,,,
London,hour,2024-01-09 03:00:00,2024-01-09,3,1,0,winter,11,,,,
London,hour,2024-01-09 04:00:00,2024-01-09,4,1,0,winter,37,,,,
London,hour,2024-01-09 05:00:00,2024-01-09,5,1,0,winter,126,,,,
London,hour,2024-01-09 06:00:00,2024-01-09,6,1,0,winter,606,,,,
London,hour,2024-01-09 07:00:00,2024-01-09,7,1,0,winter,1627,,,,
London,hour,2024-01-09 08:00:00,2024-01-09,8,1,0,winter,3128,,,,
London,hour,2024-01-09 09:00:00,2024-01-09,9,1,0,winter,1578,,,,
London,hour,2024-01-09 10:00:00,2024-01-09,10,1,0,winter,750,,,,
London,hour,2024-01-09 11:00:00,2024-01-09,11,1,0,winter,677,,,,
London,hour,2024-01-09 12:00:00,2024-01-09,12,1,0,winter,714,,,,
London,hour,2024-01-09 13:00:00,2024-01-09,13,1,0,winter,780,,,,
London,hour,2024-01-09 14:00:00,2024-01-09,14,1,0,winter,728,,,,
London,hour,2024-01-09 15:00:00,2024-01-09,15,1,0,winter,827,,,,
London,hour,2024-01-09 16:00:00,2024-01-09,16,1,0,winter,1204,,,,
London,hour,2024-01-09 17:00:00,2024-01-09,17,1,0,winter,2437,,,,
London,hour,2024-01-09 18:00:00,2024-01-09,18,1,0,winter,2251,,,,
London,hour,2024-01-09 19:00:00,2024-01-09,19,1,0,winter,1205,,,,
London,hour,2024-01-09 20:00:00,2024-01-09,20,1,0,winter,780,,,,
London,hour,2024-01-09 21:00:00,2024-01-09,21,1,0,winter,536,,,,
London,hour,2024-01-09 22:00:00,2024-01-09,22,1,0,winter,322,,,,
London,hour,2024-01-09 23:00:00,2024-01-09,23,1,0,winter,183,,,,
London,hour,2024-01-10 00:00:00,2024-01-10,0,2,0,winter,194,,,,
London,hour,2024-01-10 01:00:00,2024-01-10,1,2,0,winter,97,,,,
London,hour,2024-01-10 02:00:00,2024-01-10,2,2,0,winter,61,,,,
London,hour,2024-01-10 03:00:00,2024-01-10,3,2,0,winter,40,,,,
London,hour,2024-01-10 04:00:00,2024-01-10,4,2,0,winter,78,,,,
London,hour,2024-01-10 05:00:00,2024-01-10,5,2,0,winter,296,,,,
London,hour,2024-01-10 06:00:00,2024-01-10,6,2,0,winter,1196,,,,
London,hour,2024-01-10 07:00:00,2024-01-10,7,2,0,winter,3599,,,,
London,hour,2024-01-10 08:00:00,2024-01-10,8,2,0,winter,7023,,,,
London,hour,2024-01-10 09:00:00,2024-01-10,9,2,0,winter,3409,,,,
London,hour,2024-01-10 10:00:00,2024-01-10,10,2,0,winter,1595,,,,
London,hour,2024-01-10 11:00:00,2024-01-10,11,2,0,winter,1110,,,,
London,hour,2024-01-10 12:00:00,2024-01-10,12,2,0,winter,1560,,,,
London,hour,2024-01-10 13:00:00,2024-01-10,13,2,0,winter,1684,,,,
London,hour,2024-01-10 14:00:00,2024-01-10,14,2,0,winter,1420,,,,
London,hour,2024-01-10 15:00:00,2024-01-10,15,2,0,winter,1294,,,,
London,hour,2024-01-10 16:00:00,2024-01-10,16,2,0,winter,1730,,,,
London,hour,2024-01-10 17:00:00,2024-01-10,17,2,0,winter,4139,,,,
London,hour,2024-01-10 18:00:00,2024-01-10,18,2,0,winter,4097,,,,
London,hour,2024-01-10 19:00:00,2024-01-10,19,2,0,winter,2694,,,,
London,hour,2024-01-10 20:00:00,2024-01-10,20,2,0,winter,1707,,,,
London,hour,2024-01-10 21:00:00,2024-01-10,21,2,0,winter,1250,,,,
London,hour,2024-01-10 22:00:00,2024-01-10,22,2,0,winter,907,,,,
London,hour,2024-01-10 23:00:00,2024-01-10,23,2,0,winter,444,,,,
London,hour,2024-01-11 00:00:00,2024-01-11,0,3,0,winter,406,,,,
London,hour,2024-01-11 01:00:00,2024-01-11,1,3,0,winter,251,,,,
London,hour,2024-01-11 02:00:00,2024-01-11,2,3,0,winter,218,,,,
London,hour,2024-01-11 03:00:00,2024-01-11,3,3,0,winter,161,,,,
London,hour,2024-01-11 04:00:00,2024-01-11,4,3,0,winter,145,,,,
London,hour,2024-01-11 05:00:00,2024-01-11,5,3,0,winter,283,,,,
London,hour,2024-01-11 06:00:00,2024-01-11,6,3,0,winter,1060,,,,
London,hour,2024-01-11 07:00:00,2024-01-11,7,3,0,winter,2898,,,,
London,hour,2024-01-11 08:00:00,2024-01-11,8,3,0,winter,5742,,,,
London,hour,2024-01-11 09:00:00,2024-01-11,9,3,0,winter,3313,,,,
London,hour,2024-01-11 10:00:00,2024-01-11,10,3,0,winter,2297,,,,
London,hour,2024-01-11 11:00:00,2024-01-11,11,3,0,winter,2069,,,,
London,hour,2024-01-11 12:00:00,2024-01-11,12,3,0,winter,2339,,,,
London,hour,2024-01-11 13:00:00,2024-01-11,13,3,0,winter,2372,,,,
London,hour,2024-01-11 14:00:00,2024-01-11,14,3,0,winter,2137,,,,
London,hour,2024-01-11 15:00:00,2024-01-11,15,3,0,winter,2455,,,,
London,hour,2024-01-11 16:00:00,2024-01-11,16,3,0,winter,3111,,,,
London,hour,2024-01-11 17:00:00,2024-01-11,17,3,0,winter,4918,,,,
London,hour,2024-01-11 18:00:00,2024-01-11,18,3,0,winter,4335,,,,
London,hour,2024-01-11 19:00:00,2024-01-11,19,3,0,winter,2630,,,,
London,hour,2024-01-11 20:00:00,2024-01-11,20,3,0,winter,1815,,,,
London,hour,2024-01-11 21:00:00,2024-01-11,21,3,0,winter,1323,,,,
London,hour,2024-01-11 22:00:00,2024-01-11,22,3,0,winter,1068,,,,
London,hour,2024-01-11 23:00:00,2024-01-11,23,3,0,winter,794,,,,
London,hour,2024-01-12 00:00:00,2024-01-12,0,4,0,winter,539,,,,
London,hour,2024-01-12 01:00:00,2024-01-12,1,4,0,winter,369,,,,
London,hour,2024-01-12 02:00:00,2024-01-12,2,4,0,winter,238,,,,
London,hour,2024-01-12 03:00:00,2024-01-12,3,4,0,winter,143,,,,
London,hour,2024-01-12 04:00:00,2024-01-12,4,4,0,winter,104,,,,
London,hour,2024-01-12 05:00:00,2024-01-12,5,4,0,winter,202,,,,
London,hour,2024-01-12 06:00:00,2024-01-12,6,4,0,winter,575,,,,
London,hour,2024-01-12 07:00:00,2024-01-12,7,4,0,winter,1381,,,,
London,hour,2024-01-12 08:00:00,2024-01-12,8,4,0,winter,2542,,,,
London,hour,2024-01-12 09:00:00,2024-01-12,9,4,0,winter,1991,,,,
London,hour,2024-01-12 10:00:00,2024-01-12,10,4,0,winter,1468,,,,
London,hour,2024-01-12 11:00:00,2024-01-12,11,4,0,winter,1453,,,,
London,hour,2024-01-12 12:00:00,2024-01-12,12,4,0,winter,1500,,,,
London,hour,2024-01-12 13:00:00,2024-01-12,13,4,0,winter,1825,,,,
London,hour,2024-01-12 14:00:00,2024-01-12,14,4,0,winter,1911,,,,
London,hour,2024-01-12 15:00:00,2024-01-12,15,4,0,winter,2223,,,,
London,hour,2024-01-12 16:00:00,2024-01-12,16,4,0,winter,2418,,,,
London,hour,2024-01-12 17:00:00,2024-01-12,17,4,0,winter,2720,,,,
London,hour,2024-01-12 18:00:00,2024-01-12,18,4,0,winter,2572,,,,
London,hour,2024-01-12 19:00:00,2024-01-12,19,4,0,winter,1916,,,,
London,hour,2024-01-12 20:00:00,2024-01-12,20,4,0,winter,1263,,,,
London,hour,2024-01-12 21:00:00,2024-01-12,21,4,0,winter,948,,,,
London,hour,2024-01-12 22:00:00,2024-01-12,22,4,0,winter,845,,,,
London,hour,2024-01-12 23:00:00,2024-01-12,23,4,0,winter,592,,,,
London,hour,2024-01-13 00:00:00,2024-01-13,0,5,1,winter,239,,,,
London,hour,2024-01-13 01:00:00,2024-01-13,1,5,1,winter,169,,,,
London,hour,2024-01-13 02:00:00,2024-01-13,2,5,1,winter,115,,,,
London,hour,2024-01-13 03:00:00,2024-01-13,3,5,1,winter,71,,,,
London,hour,2024-01-13 04:00:00,2024-01-13,4,5,1,winter,42,,,,
London,hour,2024-01-13 05:00:00,2024-01-13,5,5,1,winter,36,,,,
London,hour,2024-01-13 06:00:00,2024-01-13,6,5,1,winter,101,,,,
London,hour,2024-01-13 07:00:00,2024-01-13,7,5,1,winter,241,,,,
London,hour,2024-01-13 08:00:00,2024-01-13,8,5,1,winter,537,,,,
London,hour,2024-01-13 09:00:00,2024-01-13,9,5,1,winter,790,,,,
London,hour,2024-01-13 10:00:00,2024-01-13,10,5,1,winter,976,,,,
London,hour,2024-01-13 11:00:00,2024-01-13,11,5,1,winter,1165,,,,
London,hour,2024-01-13 12:00:00,2024-01-13,12,5,1,winter,1110,,,,
London,hour,2024-01-13 13:00:00,2024-01-13,13,5,1,winter,1215,,,,
London,hour,2024-01-13 14:00:00,2024-01-13,14,5,1,winter,1196,,,,
London,hour,2024-01-13 15:00:00,2024-01-13,15,5,1,winter,1191,,,,
London,hour,2024-01-13 16:00:00,2024-01-13,16,5,1,winter,1173,,,,
London,hour,2024-01-13 17:00:00,2024-01-13,17,5,1,winter,1025,,,,
London,hour,2024-01-13 18:00:00,2024-01-13,18,5,1,winter,897,,,,
London,hour,2024-01-13 19:00:00,2024-01-13,19,5,1,winter,734,,,,
London,hour,2024-01-13 20:00:00,2024-01-13,20,5,1,winter,536,,,,
London,hour,2024-01-13 21:00:00,2024-01-13,21,5,1,winter,409,,,,
London,hour,2024-01-13 22:00:00,2024-01-13,22,5,1,winter,382,,,,
London,hour,2024-01-13 23:00:00,2024-01-13,23,5,1,winter,318,,,,
London,hour,2024-01-14 00:00:00,2024-01-14,0,6,1,winter,243,,,,
London,hour,2024-01-14 01:00:00,2024-01-14,1,6,1,winter,204,,,,
London,hour,2024-01-14 02:00:00,2024-01-14,2,6,1,winter,105,,,,
London,hour,2024-01-14 03:00:00,2024-01-14,3,6,1,winter,84,,,,
London,hour,2024-01-14 04:00:00,2024-01-14,4,6,1,winter,34,,,,
London,hour,2024-01-14 05:00:00,2024-01-14,5,6,1,winter,31,,,,
London,hour,2024-01-14 06:00:00,2024-01-14,6,6,1,winter,97,,,,
London,hour,2024-01-14 07:00:00,2024-01-14,7,6,1,winter,166,,,,
London,hour,2024-01-14 08:00:00,2024-01-14,8,6,1,winter,296,,,,
London,hour,2024-01-14 09:00:00,2024-01-14,9,6,1,winter,611,,,,
London,hour,2024-01-14 10:00:00,2024-01-14,10,6,1,winter,875,,,,
London,hour,2024-01-14 11:00:00,2024-01-14,11,6,1,winter,1096,,,,
London,hour,2024-01-14 12:00:00,2024-01-14,12,6,1,winter,1229,,,,
London,hour,2024-01-14 13:00:00,2024-01-14,13,6,1,winter,1211,,,,
London,hour,2024-01-14 14:00:00,2024-01-14,14,6,1,winter,1191,,,,
London,hour,2024-01-14 15:00:00,2024-01-14,15,6,1,winter,1162,,,,
London,hour,2024-01-14 16:00:00,2024-01-14,16,6,1,winter,1043,,,,
London,hour,2024-01-14 17:00:00,2024-01-14,17,6,1,winter,830,,,,
London,hour,2024-01-14 18:00:00,2024-01-14,18,6,1,winter,699,,,,
London,hour,2024-01-14 19:00:00,2024-01-14,19,6,1,winter,549,,,,
London,hour,2024-01-14 20:00:00,2024-01-14,20,6,1,winter,422,,,,
London,hour,2024-01-14 21:00:00,2024-01-14,21,6,1,winter,334,,,,
London,hour,2024-01-14 22:00:00,2024-01-14,22,6,1,winter,220,,,,
London,hour,2024-01-14 23:00:00,2024-01-14,23,6,1,winter,159,,,,
London,hour,2024-01-15 00:00:00,2024-01-15,0,0,0,winter,89,,,,
London,hour,2024-01-15 01:00:00,2024-01-15,1,0,0,winter,35,,,,
London,hour,2024-01-15 02:00:00,2024-01-15,2,0,0,winter,27,,,,
London,hour,2024-01-15 03:00:00,2024-01-15,3,0,0,winter,21,,,,
London,hour,2024-01-15 04:00:00,2024-01-15,4,0,0,winter,34,,,,
London,hour,2024-01-15 05:00:00,2024-01-15,5,0,0,winter,117,,,,
London,hour,2024-01-15 06:00:00,2024-01-15,6,0,0,winter,567,,,,
London,hour,2024-01-15 07:00:00,2024-01-15,7,0,0,winter,1463,,,,
London,hour,2024-01-15 08:00:00,2024-01-15,8,0,0,winter,2898,,,,
London,hour,2024-01-15 09:00:00,2024-01-15,9,0,0,winter,1453,,,,
London,hour,2024-01-15 10:00:00,2024-01-15,10,0,0,winter,787,,,,
London,hour,2024-01-15 11:00:00,2024-01-15,11,0,0,winter,672,,,,
London,hour,2024-01-15 12:00:00,2024-01-15,12,0,0,winter,871,,,,
London,hour,2024-01-15 13:00:00,2024-01-15,13,0,0,winter,827,,,,
London,hour,2024-01-15 14:00:00,2024-01-15,14,0,0,winter,805,,,,
London,hour,2024-01-15 15:00:00,2024-01-15,15,0,0,winter,868,,,,
London,hour,2024-01-15 16:00:00,2024-01-15,16,0,0,winter,1187,,,,
London,hour,2024-01-15 17:00:00,2024-01-15,17,0,0,winter,2182,,,,
London,hour,2024-01-15 18:00:00,2024-01-15,18,0,0,winter,2236,,,,
London,hour,2024-01-15 19:00:00,2024-01-15,19,0,0,winter,1299,,,,
London,hour,2024-01-15 20:00:00,2024-01-15,20,0,0,winter,813,,,,
London,hour,2024-01-15 21:00:00,2024-01-15,21,0,0,winter,517,,,,
London,hour,2024-01-15 22:00:00,2024-01-15,22,0,0,winter,328,,,,
London,hour,2024-01-15 23:00:00,2024-01-15,23,0,0,winter,146,,,,
London,hour,2024-01-16 00:00:00,2024-01-16,0,1,0,winter,62,,,,
London,hour,2024-01-16 01:00:00,2024-01-16,1,1,0,winter,21,,,,
London,hour,2024-01-16 02:00:00,2024-01-16,2,1,0,winter,13,,,,
London,hour,2024-01-16 03:00:00,2024-01-16,3,1,0,winter,12,,,,
London,hour,2024-01-16 04:00:00,2024-01-16,4,1,0,winter,43,,,,
London,hour,2024-01-16 05:00:00,2024-01-16,5,1,0,winter,145,,,,
London,hour,2024-01-16 06:00:00,2024-01-16,6,1,0,winter,602,,,,
London,hour,2024-01-16 07:00:00,2024-01-16,7,1,0,winter,1621,,,,
London,hour,2024-01-16 08:00:00,2024-01-16,8,1,0,winter,3350,,,,
London,hour,2024-01-16 09:00:00,2024-01-16,9,1,0,winter,1716,,,,
London,hour,2024-01-16 10:00:00,2024-01-16,10,1,0,winter,897,,,,
London,hour,2024-01-16 11:00:00,2024-01-16,11,1,0,winter,754,,,,
London,hour,2024-01-16 12:00:00,2024-01-16,12,1,0,winter,870,,,,
London,hour,2024-01-16 13:00:00,2024-01-16,13,1,0,winter,824,,,,
London,hour,2024-01-16 14:00:00,2024-01-16,14,1,0,winter,756,,,,
London,hour,2024-01-16 15:00:00,2024-01-16,15,1,0,winter,874,,,,
London,hour,2024-01-16 16:00:00,2024-01-16,16,1,0,winter,1328,,,,
London,hour,2024-01-16 17:00:00,2024-01-16,17,1,0,winter,2540,,,,
London,hour,2024-01-16 18:00:00,2024-01-16,18,1,0,winter,2511,,,,
London,hour,2024-01-16 19:00:00,2024-01-16,19,1,0,winter,1393,,,,
London,hour,2024-01-16 20:00:00,2024-01-16,20,1,0,winter,862,,,,
London,hour,2024-01-16 21:00:00,2024-01-16,21,1,0,winter,597,,,,
London,hour,2024-01-16 22:00:00,2024-01-16,22,1,0,winter,370,,,,
London,hour,2024-01-16 23:00:00,2024-01-16,23,1,0,winter,184,,,,
London,hour,2024-01-17 00:00:00,2024-01-17,0,2,0,winter,106,,,,
London,hour,2024-01-17 01:00:00,2024-01-17,1,2,0,winter,36,,,,
London,hour,2024-01-17 02:00:00,2024-01-17,2,2,0,winter,19,,,,
London,hour,2024-01-17 03:00:00,2024-01-17,3,2,0,winter,19,,,,
London,hour,2024-01-17 04:00:00,2024-01-17,4,2,0,winter,35,,,,
London,hour,2024-01-17 05:00:00,2024-01-17,5,2,0,winter,124,,,,
London,hour,2024-01-17 06:00:00,2024-01-17,6,2,0,winter,622,,,,
London,hour,2024-01-17 07:00:00,2024-01-17,7,2,0,winter,1659,,,,
London,hour,2024-01-17 08:00:00,2024-01-17,8,2,0,winter,3290,,,,
London,hour,2024-01-17 09:00:00,2024-01-17,9,2,0,winter,1673,,,,
London,hour,2024-01-17 10:00:00,2024-01-17,10,2,0,winter,897,,,,
London,hour,2024-01-17 11:00:00,2024-01-17,11,2,0,winter,760,,,,
London,hour,2024-01-17 12:00:00,2024-01-17,12,2,0,winter,938,,,,
London,hour,2024-01-17 13:00:00,2024-01-17,13,2,0,winter,866,,,,
London,hour,2024-01-17 14:00:00,2024-01-17,14,2,0,winter,776,,,,
London,hour,2024-01-17 15:00:00,2024-01-17,15,2,0,winter,919,,,,
London,hour,2024-01-17 16:00:00,2024-01-17,16,2,0,winter,1203,,,,
London,hour,2024-01-17 17:00:00,2024-01-17,17,2,0,winter,2407,,,,
London,hour,2024-01-17 18:00:00,2024-01-17,18,2,0,winter,2346,,,,
London,hour,2024-01-17 19:00:00,2024-01-17,19,2,0,winter,1387,,,,
London,hour,2024-01-17 20:00:00,2024-01-17,20,2,0,winter,813,,,,
London,hour,2024-01-17 21:00:00,2024-01-17,21,2,0,winter,561,,,,
London,hour,2024-01-17 22:00:00,2024-01-17,22,2,0,winter,377,,,,
London,hour,2024-01-17 23:00:00,2024-01-17,23,2,0,winter,217,,,,
London,hour,2024-01-18 00:00:00,2024-01-18,0,3,0,winter,109,,,,
London,hour,2024-01-18 01:00:00,2024-01-18,1,3,0,winter,47,,,,
London,hour,2024-01-18 02:00:00,2024-01-18,2,3,0,winter,31,,,,
London,hour,2024-01-18 03:00:00,2024-01-18,3,3,0,winter,21,,,,
London,hour,2024-01-18 04:00:00,2024-01-18,4,3,0,winter,36,,,,
London,hour,2024-01-18 05:00:00,2024-01-18,5,3,0,winter,121,,,,
London,hour,2024-01-18 06:00:00,2024-01-18,6,3,0,winter,541,,,,
London,hour,2024-01-18 07:00:00,2024-01-18,7,3,0,winter,1454,,,,
London,hour,2024-01-18 08:00:00,2024-01-18,8,3,0,winter,3165,,,,
London,hour,2024-01-18 09:00:00,2024-01-18,9,3,0,winter,1679,,,,
London,hour,2024-01-18 10:00:00,2024-01-18,10,3,0,winter,880,,,,
London,hour,2024-01-18 11:00:00,2024-01-18,11,3,0,winter,767,,,,
London,hour,2024-01-18 12:00:00,2024-01-18,12,3,0,winter,863,,,,
London,hour,2024-01-18 13:00:00,2024-01-18,13,3,0,winter,915,,,,
London,hour,2024-01-18 14:00:00,2024-01-18,14,3,0,winter,768,,,,
London,hour,2024-01-18 15:00:00,2024-01-18,15,3,0,winter,895,,,,
London,hour,2024-01-18 16:00:00,2024-01-18,16,3,0,winter,1317,,,,
London,hour,2024-01-18 17:00:00,2024-01-18,17,3,0,winter,2220,,,,
London,hour,2024-01-18 18:00:00,2024-01-18,18,3,0,winter,2091,,,,
London,hour,2024-01-18 19:00:00,2024-01-18,19,3,0,winter,1302,,,,
London,hour,2024-01-18 20:00:00,2024-01-18,20,3,0,winter,839,,,,
London,hour,2024-01-18 21:00:00,2024-01-18,21,3,0,winter,620,,,,
London,hour,2024-01-18 22:00:00,2024-01-18,22,3,0,winter,441,,,,
London,hour,2024-01-18 23:00:00,2024-01-18,23,3,0,winter,240,,,,
London,hour,2024-01-19 00:00:00,2024-01-19,0,4,0,winter,99,,,,
London,hour,2024-01-19 01:00:00,2024-01-19,1,4,0,winter,58,,,,
London,hour,2024-01-19 02:00:00,2024-01-19,2,4,0,winter,29,,,,
London,hour,2024-01-19 03:00:00,2024-01-19,3,4,0,winter,17,,,,
London,hour,2024-01-19 04:00:00,2024-01-19,4,4,0,winter,37,,,,
London,hour,2024-01-19 05:00:00,2024-01-19,5,4,0,winter,111,,,,
London,hour,2024-01-19 06:00:00,2024-01-19,6,4,0,winter,417,,,,
London,hour,2024-01-19 07:00:00,2024-01-19,7,4,0,winter,1075,,,,
London,hour,2024-01-19 08:00:00,2024-01-19,8,4,0,winter,1999,,,,
London,hour,2024-01-19 09:00:00,2024-01-19,9,4,0,winter,1302,,,,
London,hour,2024-01-19 10:00:00,2024-01-19,10,4,0,winter,849,,,,
London,hour,2024-01-19 11:00:00,2024-01-19,11,4,0,winter,821,,,,
London,hour,2024-01-19 12:00:00,2024-01-19,12,4,0,winter,1004,,,,
London,hour,2024-01-19 13:00:00,2024-01-19,13,4,0,winter,1004,,,,
London,hour,2024-01-19 14:00:00,2024-01-19,14,4,0,winter,958,,,,
London,hour,2024-01-19 15:00:00,2024-01-19,15,4,0,winter,1026,,,,
London,hour,2024-01-19 16:00:00,2024-01-19,16,4,0,winter,1348,,,,
London,hour,2024-01-19 17:00:00,2024-01-19,17,4,0,winter,1854,,,,
London,hour,2024-01-19 18:00:00,2024-01-19,18,4,0,winter,1715,,,,
London,hour,2024-01-19 19:00:00,2024-01-19,19,4,0,winter,1130,,,,
London,hour,2024-01-19 20:00:00,2024-01-19,20,4,0,winter,675,,,,
London,hour,2024-01-19 21:00:00,2024-01-19,21,4,0,winter,476,,,,
London,hour,2024-01-19 22:00:00,2024-01-19,22,4,0,winter,405,,,,
London,hour,2024-01-19 23:00:00,2024-01-19,23,4,0,winter,352,,,,
London,hour,2024-01-20 00:00:00,2024-01-20,0,5,1,winter,263,,,,
London,hour,2024-01-20 01:00:00,2024-01-20,1,5,1,winter,153,,,,
London,hour,2024-01-20 02:00:00,2024-01-20,2,5,1,winter,117,,,,
London,hour,2024-01-20 03:00:00,2024-01-20,3,5,1,winter,76,,,,
London,hour,2024-01-20 04:00:00,2024-01-20,4,5,1,winter,47,,,,
London,hour,2024-01-20 05:00:00,2024-01-20,5,5,1,winter,48,,,,
London,hour,2024-01-20 06:00:00,2024-01-20,6,5,1,winter,94,,,,
London,hour,2024-01-20 07:00:00,2024-01-20,7,5,1,winter,239,,,,
London,hour,2024-01-20 08:00:00,2024-01-20,8,5,1,winter,580,,,,
London,hour,2024-01-20 09:00:00,2024-01-20,9,5,1,winter,854,,,,
London,hour,2024-01-20 10:00:00,2024-01-20,10,5,1,winter,993,,,,
London,hour,2024-01-20 11:00:00,2024-01-20,11,5,1,winter,1177,,,,
London,hour,2024-01-20 12:00:00,2024-01-20,12,5,1,winter,1289,,,,
London,hour,2024-01-20 13:00:00,2024-01-20,13,5,1,winter,1245,,,,
London,hour,2024-01-20 14:00:00,2024-01-20,14,5,1,winter,1133,,,,
London,hour,2024-01-20 15:00:00,2024-01-20,15,5,1,winter,1114,,,,
London,hour,2024-01-20 16:00:00,2024-01-20,16,5,1,winter,1090,,,,
London,hour,2024-01-20 17:00:00,2024-01-20,17,5,1,winter,946,,,,
London,hour,2024-01-20 18:00:00,2024-01-20,18,5,1,winter,783,,,,
London,hour,2024-01-20 19:00:00,2024-01-20,19,5,1,winter,709,,,,
London,hour,2024-01-20 20:00:00,2024-01-20,20,5,1,winter,526,,,,
London,hour,2024-01-20 21:00:00,2024-01-20,21,5,1,winter,387,,,,
London,hour,2024-01-20 22:00:00,2024-01-20,22,5,1,winter,374,,,,
London,hour,2024-01-20 23:00:00,2024-01-20,23,5,1,winter,310,,,,
London,hour,2024-01-21 00:00:00,2024-01-21,0,6,1,winter,280,,,,
London,hour,2024-01-21 01:00:00,2024-01-21,1,6,1,winter,173,,,,
London,hour,2024-01-21 02:00:00,2024-01-21,2,6,1,winter,78,,,,
London,hour,2024-01-21 03:00:00,2024-01-21,3,6,1,winter,66,,,,
London,hour,2024-01-21 04:00:00,2024-01-21,4,6,1,winter,42,,,,
London,hour,2024-01-21 05:00:00,2024-01-21,5,6,1,winter,37,,,,
London,hour,2024-01-21 06:00:00,2024-01-21,6,6,1,winter,62,,,,
London,hour,2024-01-21 07:00:00,2024-01-21,7,6,1,winter,143,,,,
London,hour,2024-01-21 08:00:00,2024-01-21,8,6,1,winter,287,,,,
London,hour,2024-01-21 09:00:00,2024-01-21,9,6,1,winter,601,,,,
London,hour,2024-01-21 10:00:00,2024-01-21,10,6,1,winter,880,,,,
London,hour,2024-01-21 11:00:00,2024-01-21,11,6,1,winter,1049,,,,
London,hour,2024-01-21 12:00:00,2024-01-21,12,6,1,winter,1199,,,,
London,hour,2024-01-21 13:00:00,2024-01-21,13,6,1,winter,1235,,,,
London,hour,2024-01-21 14:00:00,2024-01-21,14,6,1,winter,1166,,,,
London,hour,2024-01-21 15:00:00,2024-01-21,15,6,1,winter,1006,,,,
London,hour,2024-01-21 16:00:00,2024-01-21,16,6,1,winter,1005,,,,
London,hour,2024-01-21 17:00:00,2024-01-21,17,6,1,winter,586,,,,
London,hour,2024-01-21 18:00:00,2024-01-21,18,6,1,winter,502,,,,
London,hour,2024-01-21 19:00:00,2024-01-21,19,6,1,winter,443,,,,
London,hour,2024-01-21 20:00:00,2024-01-21,20,6,1,winter,325,,,,
London,hour,2024-01-21 21:00:00,2024-01-21,21,6,1,winter,230,,,,
London,hour,2024-01-21 22:00:00,2024-01-21,22,6,1,winter,125,,,,
London,hour,2024-01-21 23:00:00,2024-01-21,23,6,1,winter,67,,,,
London,hour,2024-01-22 00:00:00,2024-01-22,0,0,0,winter,48,,,,
London,hour,2024-01-22 01:00:00,2024-01-22,1,0,0,winter,32,,,,
London,hour,2024-01-22 02:00:00,2024-01-22,2,0,0,winter,23,,,,
London,hour,2024-01-22 03:00:00,2024-01-22,3,0,0,winter,7,,,,
London,hour,2024-01-22 04:00:00,2024-01-22,4,0,0,winter,32,,,,
London,hour,2024-01-22 05:00:00,2024-01-22,5,0,0,winter,97,,,,
London,hour,2024-01-22 06:00:00,2024-01-22,6,0,0,winter,533,,,,
London,hour,2024-01-22 07:00:00,2024-01-22,7,0,0,winter,1383,,,,
London,hour,2024-01-22 08:00:00,2024-01-22,8,0,0,winter,2828,,,,
London,hour,2024-01-22 09:00:00,2024-01-22,9,0,0,winter,1518,,,,
London,hour,2024-01-22 10:00:00,2024-01-22,10,0,0,winter,788,,,,
London,hour,2024-01-22 11:00:00,2024-01-22,11,0,0,winter,756,,,,
London,hour,2024-01-22 12:00:00,2024-01-22,12,0,0,winter,875,,,,
London,hour,2024-01-22 13:00:00,2024-01-22,13,0,0,winter,832,,,,
London,hour,2024-01-22 14:00:00,2024-01-22,14,0,0,winter,830,,,,
London,hour,2024-01-22 15:00:00,2024-01-22,15,0,0,winter,873,,,,
London,hour,2024-01-22 16:00:00,2024-01-22,16,0,0,winter,1234,,,,
London,hour,2024-01-22 17:00:00,2024-01-22,17,0,0,winter,2405,,,,
London,hour,2024-01-22 18:00:00,2024-01-22,18,0,0,winter,2450,,,,
London,hour,2024-01-22 19:00:00,2024-01-22,19,0,0,winter,1368,,,,
London,hour,2024-01-22 20:00:00,2024-01-22,20,0,0,winter,932,,,,
London,hour,2024-01-22 21:00:00,2024-01-22,21,0,0,winter,596,,,,
London,hour,2024-01-22 22:00:00,2024-01-22,22,0,0,winter,392,,,,
London,hour,2024-01-22 23:00:00,2024-01-22,23,0,0,winter,196,,,,
London,hour,2024-01-23 00:00:00,2024-01-23,0,1,0,winter,99,,,,
London,hour,2024-01-23 01:00:00,2024-01-23,1,1,0,winter,40,,,,
London,hour,2024-01-23 02:00:00,2024-01-23,2,1,0,winter,18,,,,
London,hour,2024-01-23 03:00:00,2024-01-23,3,1,0,winter,17,,,,
London,hour,2024-01-23 04:00:00,2024-01-23,4,1,0,winter,38,,,,
London,hour,2024-01-23 05:00:00,2024-01-23,5,1,0,winter,145,,,,
London,hour,2024-01-23 06:00:00,2024-01-23,6,1,0,winter,655,,,,
London,hour,2024-01-23 07:00:00,2024-01-23,7,1,0,winter,1856,,,,
London,hour,2024-01-23 08:00:00,2024-01-23,8,1,0,winter,2850,,,,
London,hour,2024-01-23 09:00:00,2024-01-23,9,1,0,winter,1231,,,,
London,hour,2024-01-23 10:00:00,2024-01-23,10,1,0,winter,458,,,,
London,hour,2024-01-23 11:00:00,2024-01-23,11,1,0,winter,464,,,,
London,hour,2024-01-23 12:00:00,2024-01-23,12,1,0,winter,687,,,,
London,hour,2024-01-23 13:00:00,2024-01-23,13,1,0,winter,717,,,,
London,hour,2024-01-23 14:00:00,2024-01-23,14,1,0,winter,610,,,,
London,hour,2024-01-23 15:00:00,2024-01-23,15,1,0,winter,778,,,,
London,hour,2024-01-23 16:00:00,2024-01-23,16,1,0,winter,1270,,,,
London,hour,2024-01-23 17:00:00,2024-01-23,17,1,0,winter,2507,,,,
London,hour,2024-01-23 18:00:00,2024-01-23,18,1,0,winter,2436,,,,
London,hour,2024-01-23 19:00:00,2024-01-23,19,1,0,winter,1468,,,,
London,hour,2024-01-23 20:00:00,2024-01-23,20,1,0,winter,805,,,,
London,hour,2024-01-23 21:00:00,2024-01-23,21,1,0,winter,625,,,,
London,hour,2024-01-23 22:00:00,2024-01-23,22,1,0,winter,413,,,,
London,hour,2024-01-23 23:00:00,2024-01-23,23,1,0,winter,230,,,,
London,hour,2024-01-24 00:00:00,2024-01-24,0,2,0,winter,92,,,,
London,hour,2024-01-24 01:00:00,2024-01-24,1,2,0,winter,46,,,,
London,hour,2024-01-24 02:00:00,2024-01-24,2,2,0,winter,30,,,,
London,hour,2024-01-24 03:00:00,2024-01-24,3,2,0,winter,23,,,,
London,hour,2024-01-24 04:00:00,2024-01-24,4,2,0,winter,45,,,,
London,hour,2024-01-24 05:00:00,2024-01-24,5,2,0,winter,141,,,,
London,hour,2024-01-24 06:00:00,2024-01-24,6,2,0,winter,644,,,,
London,hour,2024-01-24 07:00:00,2024-01-24,7,2,0,winter,1754,,,,
London,hour,2024-01-24 08:00:00,2024-01-24,8,2,0,winter,3489,,,,
London,hour,2024-01-24 09:00:00,2024-01-24,9,2,0,winter,1840,,,,
London,hour,2024-01-24 10:00:00,2024-01-24,10,2,0,winter,950,,,,
London,hour,2024-01-24 11:00:00,2024-01-24,11,2,0,winter,844,,,,
London,hour,2024-01-24 12:00:00,2024-01-24,12,2,0,winter,1064,,,,
London,hour,2024-01-24 13:00:00,2024-01-24,13,2,0,winter,1033,,,,
London,hour,2024-01-24 14:00:00,2024-01-24,14,2,0,winter,969,,,,
London,hour,2024-01-24 15:00:00,2024-01-24,15,2,0,winter,992,,,,
London,hour,2024-01-24 16:00:00,2024-01-24,16,2,0,winter,1452,,,,
London,hour,2024-01-24 17:00:00,2024-01-24,17,2,0,winter,2698,,,,
London,hour,2024-01-24 18:00:00,2024-01-24,18,2,0,winter,2544,,,,
London,hour,2024-01-24 19:00:00,2024-01-24,19,2,0,winter,1546,,,,
London,hour,2024-01-24 20:00:00,2024-01-24,20,2,0,winter,894,,,,
London,hour,2024-01-24 21:00:00,2024-01-24,21,2,0,winter,687,,,,
London,hour,2024-01-24 22:00:00,2024-01-24,22,2,0,winter,568,,,,
London,hour,2024-01-24 23:00:00,2024-01-24,23,2,0,winter,262,,,,
London,hour,2024-01-25 00:00:00,2024-01-25,0,3,0,winter,130,,,,
London,hour,2024-01-25 01:00:00,2024-01-25,1,3,0,winter,65,,,,
London,hour,2024-01-25 02:00:00,2024-01-25,2,3,0,winter,34,,,,
London,hour,2024-01-25 03:00:00,2024-01-25,3,3,0,winter,26,,,,
London,hour,2024-01-25 04:00:00,2024-01-25,4,3,0,winter,51,,,,
London,hour,2024-01-25 05:00:00,2024-01-25,5,3,0,winter,146,,,,
London,hour,2024-01-25 06:00:00,2024-01-25,6,3,0,winter,605,,,,
London,hour,2024-01-25 07:00:00,2024-01-25,7,3,0,winter,1748,,,,
London,hour,2024-01-25 08:00:00,2024-01-25,8,3,0,winter,3418,,,,
London,hour,2024-01-25 09:00:00,2024-01-25,9,3,0,winter,1838,,,,
London,hour,2024-01-25 10:00:00,2024-01-25,10,3,0,winter,952,,,,
London,hour,2024-01-25 11:00:00,2024-01-25,11,3,0,winter,882,,,,
London,hour,2024-01-25 12:00:00,2024-01-25,12,3,0,winter,1008,,,,
London,hour,2024-01-25 13:00:00,2024-01-25,13,3,0,winter,1003,,,,
London,hour,2024-01-25 14:00:00,2024-01-25,14,3,0,winter,969,,,,
London,hour,2024-01-25 15:00:00,2024-01-25,15,3,0,winter,1014,,,,
London,hour,2024-01-25 16:00:00,2024-01-25,16,3,0,winter,1468,,,,
London,hour,2024-01-25 17:00:00,2024-01-25,17,3,0,winter,2632,,,,
London,hour,2024-01-25 18:00:00,2024-01-25,18,3,0,winter,2442,,,,
London,hour,2024-01-25 19:00:00,2024-01-25,19,3,0,winter,1571,,,,
London,hour,2024-01-25 20:00:00,2024-01-25,20,3,0,winter,1015,,,,
London,hour,2024-01-25 21:00:00,2024-01-25,21,3,0,winter,696,,,,
London,hour,2024-01-25 22:00:00,2024-01-25,22,3,0,winter,579,,,,
London,hour,2024-01-25 23:00:00,2024-01-25,23,3,0,winter,338,,,,
London,hour,2024-01-26 00:00:00,2024-01-26,0,4,0,winter,175,,,,
London,hour,2024-01-26 01:00:00,2024-01-26,1,4,0,winter,76,,,,
London,hour,2024-01-26 02:00:00,2024-01-26,2,4,0,winter,41,,,,
London,hour,2024-01-26 03:00:00,2024-01-26,3,4,0,winter,26,,,,
London,hour,2024-01-26 04:00:00,2024-01-26,4,4,0,winter,70,,,,
London,hour,2024-01-26 05:00:00,2024-01-26,5,4,0,winter,118,,,,
London,hour,2024-01-26 06:00:00,2024-01-26,6,4,0,winter,469,,,,
London,hour,2024-01-26 07:00:00,2024-01-26,7,4,0,winter,1205,,,,
London,hour,2024-01-26 08:00:00,2024-01-26,8,4,0,winter,2288,,,,
London,hour,2024-01-26 09:00:00,2024-01-26,9,4,0,winter,1460,,,,
London,hour,2024-01-26 10:00:00,2024-01-26,10,4,0,winter,892,,,,
London,hour,2024-01-26 11:00:00,2024-01-26,11,4,0,winter,917,,,,
London,hour,2024-01-26 12:00:00,2024-01-26,12,4,0,winter,1190,,,,
London,hour,2024-01-26 13:00:00,2024-01-26,13,4,0,winter,1180,,,,
London,hour,2024-01-26 14:00:00,2024-01-26,14,4,0,winter,1088,,,,
London,hour,2024-01-26 15:00:00,2024-01-26,15,4,0,winter,1183,,,,
London,hour,2024-01-26 16:00:00,2024-01-26,16,4,0,winter,1548,,,,
London,hour,2024-01-26 17:00:00,2024-01-26,17,4,0,winter,2072,,,,
London,hour,2024-01-26 18:00:00,2024-01-26,18,4,0,winter,1994,,,,
London,hour,2024-01-26 19:00:00,2024-01-26,19,4,0,winter,1291,,,,
London,hour,2024-01-26 20:00:00,2024-01-26,20,4,0,winter,812,,,,
London,hour,2024-01-26 21:00:00,2024-01-26,21,4,0,winter,555,,,,
London,hour,2024-01-26 22:00:00,2024-01-26,22,4,0,winter,534,,,,
London,hour,2024-01-26 23:00:00,2024-01-26,23,4,0,winter,451,,,,
London,hour,2024-01-27 00:00:00,2024-01-27,0,5,1,winter,302,,,,
London,hour,2024-01-27 01:00:00,2024-01-27,1,5,1,winter,230,,,,
London,hour,2024-01-27 02:00:00,2024-01-27,2,5,1,winter,117,,,,
London,hour,2024-01-27 03:00:00,2024-01-27,3,5,1,winter,71,,,,
London,hour,2024-01-27 04:00:00,2024-01-27,4,5,1,winter,55,,,,
London,hour,2024-01-27 05:00:00,2024-01-27,5,5,1,winter,56,,,,
London,hour,2024-01-27 06:00:00,2024-01-27,6,5,1,winter,112,,,,
London,hour,2024-01-27 07:00:00,2024-01-27,7,5,1,winter,266,,,,
London,hour,2024-01-27 08:00:00,2024-01-27,8,5,1,winter,589,,,,
London,hour,2024-01-27 09:00:00,2024-01-27,9,5,1,winter,900,,,,
London,hour,2024-01-27 10:00:00,2024-01-27,10,5,1,winter,1155,,,,
London,hour,2024-01-27 11:00:00,2024-01-27,11,5,1,winter,1302,,,,
London,hour,2024-01-27 12:00:00,2024-01-27,12,5,1,winter,1427,,,,
London,hour,2024-01-27 13:00:00,2024-01-27,13,5,1,winter,1404,,,,
London,hour,2024-01-27 14:00:00,2024-01-27,14,5,1,winter,1448,,,,
London,hour,2024-01-27 15:00:00,2024-01-27,15,5,1,winter,1422,,,,
London,hour,2024-01-27 16:00:00,2024-01-27,16,5,1,winter,1287,,,,
London,hour,2024-01-27 17:00:00,2024-01-27,17,5,1,winter,1219,,,,
London,hour,2024-01-27 18:00:00,2024-01-27,18,5,1,winter,1053,,,,
London,hour,2024-01-27 19:00:00,2024-01-27,19,5,1,winter,818,,,,
London,hour,2024-01-27 20:00:00,2024-01-27,20,5,1,winter,535,,,,
London,hour,2024-01-27 21:00:00,2024-01-27,21,5,1,winter,403,,,,
London,hour,2024-01-27 22:00:00,2024-01-27,22,5,1,winter,399,,,,
London,hour,2024-01-27 23:00:00,2024-01-27,23,5,1,winter,356,,,,
London,hour,2024-01-28 00:00:00,2024-01-28,0,6,1,winter,327,,,,
London,hour,2024-01-28 01:00:00,2024-01-28,1,6,1,winter,220,,,,
London,hour,2024-01-28 02:00:00,2024-01-28,2,6,1,winter,162,,,,
London,hour,2024-01-28 03:00:00,2024-01-28,3,6,1,winter,92,,,,
London,hour,2024-01-28 04:00:00,2024-01-28,4,6,1,winter,51,,,,
London,hour,2024-01-28 05:00:00,2024-01-28,5,6,1,winter,42,,,,
London,hour,2024-01-28 06:00:00,2024-01-28,6,6,1,winter,80,,,,
London,hour,2024-01-28 07:00:00,2024-01-28,7,6,1,winter,192,,,,
London,hour,2024-01-28 08:00:00,2024-01-28,8,6,1,winter,318,,,,
London,hour,2024-01-28 09:00:00,2024-01-28,9,6,1,winter,663,,,,
London,hour,2024-01-28 10:00:00,2024-01-28,10,6,1,winter,985,,,,
London,hour,2024-01-28 11:00:00,2024-01-28,11,6,1,winter,1281,,,,
London,hour,2024-01-28 12:00:00,2024-01-28,12,6,1,winter,1461,,,,
London,hour,2024-01-28 13:00:00,2024-01-28,13,6,1,winter,1586,,,,
London,hour,2024-01-28 14:00:00,2024-01-28,14,6,1,winter,1376,,,,
London,hour,2024-01-28 15:00:00,2024-01-28,15,6,1,winter,1515,,,,
London,hour,2024-01-28 16:00:00,2024-01-28,16,6,1,winter,1368,,,,
London,hour,2024-01-28 17:00:00,2024-01-28,17,6,1,winter,1105,,,,
London,hour,2024-01-28 18:00:00,2024-01-28,18,6,1,winter,816,,,,
London,hour,2024-01-28 19:00:00,2024-01-28,19,6,1,winter,594,,,,
London,hour,2024-01-28 20:00:00,2024-01-28,20,6,1,winter,465,,,,
London,hour,2024-01-28 21:00:00,2024-01-28,21,6,1,winter,319,,,,
London,hour,2024-01-28 22:00:00,2024-01-28,22,6,1,winter,292,,,,
London,hour,2024-01-28 23:00:00,2024-01-28,23,6,1,winter,186,,,,
London,hour,2024-01-29 00:00:00,2024-01-29,0,0,0,winter,117,,,,
London,hour,2024-01-29 01:00:00,2024-01-29,1,0,0,winter,53,,,,
London,hour,2024-01-29 02:00:00,2024-01-29,2,0,0,winter,27,,,,
London,hour,2024-01-29 03:00:00,2024-01-29,3,0,0,winter,11,,,,
London,hour,2024-01-29 04:00:00,2024-01-29,4,0,0,winter,37,,,,
London,hour,2024-01-29 05:00:00,2024-01-29,5,0,0,winter,134,,,,
London,hour,2024-01-29 06:00:00,2024-01-29,6,0,0,winter,577,,,,
London,hour,2024-01-29 07:00:00,2024-01-29,7,0,0,winter,1580,,,,
London,hour,2024-01-29 08:00:00,2024-01-29,8,0,0,winter,3097,,,,
London,hour,2024-01-29 09:00:00,2024-01-29,9,0,0,winter,1556,,,,
London,hour,2024-01-29 10:00:00,2024-01-29,10,0,0,winter,850,,,,
London,hour,2024-01-29 11:00:00,2024-01-29,11,0,0,winter,751,,,,
London,hour,2024-01-29 12:00:00,2024-01-29,12,0,0,winter,985,,,,
London,hour,2024-01-29 13:00:00,2024-01-29,13,0,0,winter,997,,,,
London,hour,2024-01-29 14:00:00,2024-01-29,14,0,0,winter,875,,,,
London,hour,2024-01-29 15:00:00,2024-01-29,15,0,0,winter,1030,,,,
London,hour,2024-01-29 16:00:00,2024-01-29,16,0,0,winter,1405,,,,
London,hour,2024-01-29 17:00:00,2024-01-29,17,0,0,winter,2504,,,,
London,hour,2024-01-29 18:00:00,2024-01-29,18,0,0,winter,2497,,,,
London,hour,2024-01-29 19:00:00,2024-01-29,19,0,0,winter,1483,,,,
London,hour,2024-01-29 20:00:00,2024-01-29,20,0,0,winter,960,,,,
London,hour,2024-01-29 21:00:00,2024-01-29,21,0,0,winter,571,,,,
London,hour,2024-01-29 22:00:00,2024-01-29,22,0,0,winter,471,,,,
London,hour,2024-01-29 23:00:00,2024-01-29,23,0,0,winter,238,,,,
London,hour,2024-01-30 00:00:00,2024-01-30,0,1,0,winter,83,,,,
London,hour,2024-01-30 01:00:00,2024-01-30,1,1,0,winter,13,,,,
London,hour,2024-01-30 02:00:00,2024-01-30,2,1,0,winter,2,,,,
London,hour,2024-01-30 03:00:00,2024-01-30,3,1,0,winter,3,,,,
London,hour,2024-01-30 04:00:00,2024-01-30,4,1,0,winter,10,,,,
London,hour,2024-01-30 05:00:00,2024-01-30,5,1,0,winter,157,,,,
London,hour,2024-01-30 06:00:00,2024-01-30,6,1,0,winter,566,,,,
London,hour,2024-01-30 07:00:00,2024-01-30,7,1,0,winter,1635,,,,
London,hour,2024-01-30 08:00:00,2024-01-30,8,1,0,winter,3098,,,,
London,hour,2024-01-30 09:00:00,2024-01-30,9,1,0,winter,1613,,,,
London,hour,2024-01-30 10:00:00,2024-01-30,10,1,0,winter,837,,,,
London,hour,2024-01-30 11:00:00,2024-01-30,11,1,0,winter,787,,,,
London,hour,2024-01-30 12:00:00,2024-01-30,12,1,0,winter,839,,,,
London,hour,2024-01-30 13:00:00,2024-01-30,13,1,0,winter,782,,,,
London,hour,2024-01-30 14:00:00,2024-01-30,14,1,0,winter,740,,,,
London,hour,2024-01-30 15:00:00,2024-01-30,15,1,0,winter,912,,,,
London,hour,2024-01-30 16:00:00,2024-01-30,16,1,0,winter,1294,,,,
London,hour,2024-01-30 17:00:00,2024-01-30,17,1,0,winter,2365,,,,
London,hour,2024-01-30 18:00:00,2024-01-30,18,1,0,winter,2549,,,,
London,hour,2024-01-30 19:00:00,2024-01-30,19,1,0,winter,1572,,,,
London,hour,2024-01-30 20:00:00,2024-01-30,20,1,0,winter,992,,,,
London,hour,2024-01-30 21:00:00,2024-01-30,21,1,0,winter,671,,,,
London,hour,2024-01-30 22:00:00,2024-01-30,22,1,0,winter,471,,,,
London,hour,2024-01-30 23:00:00,2024-01-30,23,1,0,winter,263,,,,
London,hour,2024-01-31 00:00:00,2024-01-31,0,2,0,winter,102,,,,
London,hour,2024-01-31 01:00:00,2024-01-31,1,2,0,winter,50,,,,
London,hour,2024-01-31 02:00:00,2024-01-31,2,2,0,winter,20,,,,
London,hour,2024-01-31 03:00:00,2024-01-31,3,2,0,winter,28,,,,
London,hour,2024-01-31 04:00:00,2024-01-31,4,2,0,winter,30,,,,
London,hour,2024-01-31 05:00:00,2024-01-31,5,2,0,winter,153,,,,
London,hour,2024-01-31 06:00:00,2024-01-31,6,2,0,winter,651,,,,
London,hour,2024-01-31 07:00:00,2024-01-31,7,2,0,winter,1744,,,,
London,hour,2024-01-31 08:00:00,2024-01-31,8,2,0,winter,3458,,,,
London,hour,2024-01-31 09:00:00,2024-01-31,9,2,0,winter,1864,,,,
London,hour,2024-01-31 10:00:00,2024-01-31,10,2,0,winter,900,,,,
London,hour,2024-01-31 11:00:00,2024-01-31,11,2,0,winter,831,,,,
London,hour,2024-01-31 12:00:00,2024-01-31,12,2,0,winter,1009,,,,
London,hour,2024-01-31 13:00:00,2024-01-31,13,2,0,winter,998,,,,
London,hour,2024-01-31 14:00:00,2024-01-31,14,2,0,winter,870,,,,
London,hour,2024-01-31 15:00:00,2024-01-31,15,2,0,winter,990,,,,
London,hour,2024-01-31 16:00:00,2024-01-31,16,2,0,winter,1410,,,,
London,hour,2024-01-31 17:00:00,2024-01-31,17,2,0,winter,2588,,,,
London,hour,2024-01-31 18:00:00,2024-01-31,18,2,0,winter,2558,,,,
London,hour,2024-01-31 19:00:00,2024-01-31,19,2,0,winter,1633,,,,
London,hour,2024-01-31 20:00:00,2024-01-31,20,2,0,winter,1095,,,,
London,hour,2024-01-31 21:00:00,2024-01-31,21,2,0,winter,711,,,,
London,hour,2024-01-31 22:00:00,2024-01-31,22,2,0,winter,505,,,,
London,hour,2024-01-31 23:00:00,2024-01-31,23,2,0,winter,254,,,,
London,hour,2024-02-01 00:00:00,2024-02-01,0,3,0,winter,69,,,,
London,hour,2024-02-01 01:00:00,2024-02-01,1,3,0,winter,35,,,,
London,hour,2024-02-01 02:00:00,2024-02-01,2,3,0,winter,26,,,,
London,hour,2024-02-01 03:00:00,2024-02-01,3,3,0,winter,31,,,,
London,hour,2024-02-01 04:00:00,2024-02-01,4,3,0,winter,36,,,,
London,hour,2024-02-01 05:00:00,2024-02-01,5,3,0,winter,109,,,,
London,hour,2024-02-01 06:00:00,2024-02-01,6,3,0,winter,373,,,,
London,hour,2024-02-01 07:00:00,2024-02-01,7,3,0,winter,676,,,,
London,hour,2024-02-01 08:00:00,2024-02-01,8,3,0,winter,836,,,,
London,hour,2024-02-01 09:00:00,2024-02-01,9,3,0,winter,318,,,,
London,hour,2024-02-01 10:00:00,2024-02-01,10,3,0,winter,220,,,,
London,hour,2024-02-01 11:00:00,2024-02-01,11,3,0,winter,228,,,,
London,hour,2024-02-01 12:00:00,2024-02-01,12,3,0,winter,296,,,,
London,hour,2024-02-01 13:00:00,2024-02-01,13,3,0,winter,447,,,,
London,hour,2024-02-01 14:00:00,2024-02-01,14,3,0,winter,438,,,,
London,hour,2024-02-01 15:00:00,2024-02-01,15,3,0,winter,279,,,,
London,hour,2024-02-02 00:00:00,2024-02-02,0,4,0,winter,144,,,,
London,hour,2024-02-02 01:00:00,2024-02-02,1,4,0,winter,101,,,,
London,hour,2024-02-02 02:00:00,2024-02-02,2,4,0,winter,41,,,,
London,hour,2024-02-02 03:00:00,2024-02-02,3,4,0,winter,28,,,,
London,hour,2024-02-02 04:00:00,2024-02-02,4,4,0,winter,53,,,,
London,hour,2024-02-02 05:00:00,2024-02-02,5,4,0,winter,121,,,,
London,hour,2024-02-02 06:00:00,2024-02-02,6,4,0,winter,465,,,,
London,hour,2024-02-02 07:00:00,2024-02-02,7,4,0,winter,1158,,,,
London,hour,2024-02-02 08:00:00,2024-02-02,8,4,0,winter,2216,,,,
London,hour,2024-02-02 09:00:00,2024-02-02,9,4,0,winter,1438,,,,
London,hour,2024-02-02 10:00:00,2024-02-02,10,4,0,winter,930,,,,
London,hour,2024-02-02 11:00:00,2024-02-02,11,4,0,winter,873,,,,
London,hour,2024-02-02 12:00:00,2024-02-02,12,4,0,winter,1105,,,,
London,hour,2024-02-02 13:00:00,2024-02-02,13,4,0,winter,1175,,,,
London,hour,2024-02-02 14:00:00,2024-02-02,14,4,0,winter,1060,,,,
London,hour,2024-02-02 15:00:00,2024-02-02,15,4,0,winter,1203,,,,
London,hour,2024-02-02 16:00:00,2024-02-02,16,4,0,winter,1556,,,,
London,hour,2024-02-02 17:00:00,2024-02-02,17,4,0,winter,2049,,,,
London,hour,2024-02-02 18:00:00,2024-02-02,18,4,0,winter,1856,,,,
London,hour,2024-02-02 19:00:00,2024-02-02,19,4,0,winter,1351,,,,
London,hour,2024-02-02 20:00:00,2024-02-02,20,4,0,winter,779,,,,
London,hour,2024-02-02 21:00:00,2024-02-02,21,4,0,winter,604,,,,
London,hour,2024-02-02 22:00:00,2024-02-02,22,4,0,winter,569,,,,
London,hour,2024-02-02 23:00:00,2024-02-02,23,4,0,winter,471,,,,
London,hour,2024-02-03 00:00:00,2024-02-03,0,5,1,winter,220,,,,
London,hour,2024-02-03 01:00:00,2024-02-03,1,5,1,winter,164,,,,
London,hour,2024-02-03 02:00:00,2024-02-03,2,5,1,winter,100,,,,
London,hour,2024-02-03 03:00:00,2024-02-03,3,5,1,winter,76,,,,
London,hour,2024-02-03 04:00:00,2024-02-03,4,5,1,winter,57,,,,
London,hour,2024-02-03 05:00:00,2024-02-03,5,5,1,winter,42,,,,
London,hour,2024-02-03 06:00:00,2024-02-03,6,5,1,winter,75,,,,
London,hour,2024-02-03 07:00:00,2024-02-03,7,5,1,winter,202,,,,
London,hour,2024-02-03 08:00:00,2024-02-03,8,5,1,winter,350,,,,
London,hour,2024-02-03 09:00:00,2024-02-03,9,5,1,winter,441,,,,
London,hour,2024-02-03 10:00:00,2024-02-03,10,5,1,winter,507,,,,
London,hour,2024-02-03 11:00:00,2024-02-03,11,5,1,winter,637,,,,
London,hour,2024-02-03 12:00:00,2024-02-03,12,5,1,winter,1033,,,,
London,hour,2024-02-03 13:00:00,2024-02-03,13,5,1,winter,1131,,,,
London,hour,2024-02-03 14:00:00,2024-02-03,14,5,1,winter,1245,,,,
London,hour,2024-02-03 15:00:00,2024-02-03,15,5,1,winter,1076,,,,
London,hour,2024-02-03 16:00:00,2024-02-03,16,5,1,winter,1072,,,,
London,hour,2024-02-03 17:00:00,2024-02-03,17,5,1,winter,1146,,,,
London,hour,2024-02-03 18:00:00,2024-02-03,18,5,1,winter,1028,,,,
London,hour,2024-02-03 19:00:00,2024-02-03,19,5,1,winter,757,,,,
London,hour,2024-02-03 20:00:00,2024-02-03,20,5,1,winter,595,,,,
London,hour,2024-02-03 21:00:00,2024-02-03,21,5,1,winter,425,,,,
London,hour,2024-02-03 22:00:00,2024-02-03,22,5,1,winter,375,,,,
London,hour,2024-02-03 23:00:00,2024-02-03,23,5,1,winter,340,,,,
London,hour,2024-02-04 00:00:00,2024-02-04,0,6,1,winter,117,,,,
London,hour,2024-02-04 01:00:00,2024-02-04,1,6,1,winter,79,,,,
London,hour,2024-02-04 02:00:00,2024-02-04,2,6,1,winter,37,,,,
London,hour,2024-02-04 03:00:00,2024-02-04,3,6,1,winter,28,,,,
London,hour,2024-02-04 04:00:00,2024-02-04,4,6,1,winter,39,,,,
London,hour,2024-02-04 05:00:00,2024-02-04,5,6,1,winter,135,,,,
London,hour,2024-02-04 06:00:00,2024-02-04,6,6,1,winter,429,,,,
London,hour,2024-02-04 07:00:00,2024-02-04,7,6,1,winter,1300,,,,
London,hour,2024-02-04 08:00:00,2024-02-04,8,6,1,winter,2381,,,,
London,hour,2024-02-04 09:00:00,2024-02-04,9,6,1,winter,1343,,,,
London,hour,2024-02-04 10:00:00,2024-02-04,10,6,1,winter,865,,,,
London,hour,2024-02-04 11:00:00,2024-02-04,11,6,1,winter,832,,,,
London,hour,2024-02-04 12:00:00,2024-02-04,12,6,1,winter,1005,,,,
London,hour,2024-02-04 13:00:00,2024-02-04,13,6,1,winter,1035,,,,
London,hour,2024-02-04 14:00:00,2024-02-04,14,6,1,winter,1018,,,,
London,hour,2024-02-04 15:00:00,2024-02-04,15,6,1,winter,1907,,,,
London,hour,2024-02-04 16:00:00,2024-02-04,16,6,1,winter,2736,,,,
London,hour,2024-02-04 17:00:00,2024-02-04,17,6,1,winter,3133,,,,
London,hour,2024-02-04 18:00:00,2024-02-04,18,6,1,winter,2044,,,,
London,hour,2024-02-04 19:00:00,2024-02-04,19,6,1,winter,1384,,,,
London,hour,2024-02-04 20:00:00,2024-02-04,20,6,1,winter,909,,,,
London,hour,2024-02-04 21:00:00,2024-02-04,21,6,1,winter,777,,,,
London,hour,2024-02-04 22:00:00,2024-02-04,22,6,1,winter,614,,,,
London,hour,2024-02-04 23:00:00,2024-02-04,23,6,1,winter,371,,,,
London,hour,2024-02-05 00:00:00,2024-02-05,0,0,0,winter,274,,,,
London,hour,2024-02-05 01:00:00,2024-02-05,1,0,0,winter,134,,,,
London,hour,2024-02-05 02:00:00,2024-02-05,2,0,0,winter,63,,,,
London,hour,2024-02-05 03:00:00,2024-02-05,3,0,0,winter,50,,,,
London,hour,2024-02-05 04:00:00,2024-02-05,4,0,0,winter,64,,,,
London,hour,2024-02-05 05:00:00,2024-02-05,5,0,0,winter,205,,,,
London,hour,2024-02-05 06:00:00,2024-02-05,6,0,0,winter,1175,,,,
London,hour,2024-02-05 07:00:00,2024-02-05,7,0,0,winter,3412,,,,
London,hour,2024-02-05 08:00:00,2024-02-05,8,0,0,winter,6342,,,,
London,hour,2024-02-05 09:00:00,2024-02-05,9,0,0,winter,3386,,,,
London,hour,2024-02-05 10:00:00,2024-02-05,10,0,0,winter,2001,,,,
London,hour,2024-02-05 11:00:00,2024-02-05,11,0,0,winter,1830,,,,
London,hour,2024-02-05 12:00:00,2024-02-05,12,0,0,winter,2162,,,,
London,hour,2024-02-05 13:00:00,2024-02-05,13,0,0,winter,2158,,,,
London,hour,2024-02-05 14:00:00,2024-02-05,14,0,0,winter,1988,,,,
London,hour,2024-02-05 15:00:00,2024-02-05,15,0,0,winter,2140,,,,
London,hour,2024-02-05 16:00:00,2024-02-05,16,0,0,winter,3088,,,,
London,hour,2024-02-05 17:00:00,2024-02-05,17,0,0,winter,5650,,,,
London,hour,2024-02-05 18:00:00,2024-02-05,18,0,0,winter,5333,,,,
London,hour,2024-02-05 19:00:00,2024-02-05,19,0,0,winter,3302,,,,
London,hour,2024-02-05 20:00:00,2024-02-05,20,0,0,winter,2020,,,,
London,hour,2024-02-05 21:00:00,2024-02-05,21,0,0,winter,1433,,,,
London,hour,2024-02-05 22:00:00,2024-02-05,22,0,0,winter,1058,,,,
London,hour,2024-02-05 23:00:00,2024-02-05,23,0,0,winter,560,,,,
London,hour,2024-02-06 00:00:00,2024-02-06,0,1,0,winter,530,,,,
London,hour,2024-02-06 01:00:00,2024-02-06,1,1,0,winter,325,,,,
London,hour,2024-02-06 02:00:00,2024-02-06,2,1,0,winter,208,,,,
London,hour,2024-02-06 03:00:00,2024-02-06,3,1,0,winter,135,,,,
London,hour,2024-02-06 04:00:00,2024-02-06,4,1,0,winter,130,,,,
London,hour,2024-02-06 05:00:00,2024-02-06,5,1,0,winter,218,,,,
London,hour,2024-02-06 06:00:00,2024-02-06,6,1,0,winter,811,,,,
London,hour,2024-02-06 07:00:00,2024-02-06,7,1,0,winter,2120,,,,
London,hour,2024-02-06 08:00:00,2024-02-06,8,1,0,winter,4009,,,,
London,hour,2024-02-06 09:00:00,2024-02-06,9,1,0,winter,2730,,,,
London,hour,2024-02-06 10:00:00,2024-02-06,10,1,0,winter,2411,,,,
London,hour,2024-02-06 11:00:00,2024-02-06,11,1,0,winter,2706,,,,
London,hour,2024-02-06 12:00:00,2024-02-06,12,1,0,winter,3211,,,,
London,hour,2024-02-06 13:00:00,2024-02-06,13,1,0,winter,3394,,,,
London,hour,2024-02-06 14:00:00,2024-02-06,14,1,0,winter,3243,,,,
London,hour,2024-02-06 15:00:00,2024-02-06,15,1,0,winter,3502,,,,
London,hour,2024-02-06 16:00:00,2024-02-06,16,1,0,winter,3953,,,,
London,hour,2024-02-06 17:00:00,2024-02-06,17,1,0,winter,5043,,,,
London,hour,2024-02-06 18:00:00,2024-02-06,18,1,0,winter,4461,,,,
London,hour,2024-02-06 19:00:00,2024-02-06,19,1,0,winter,2711,,,,
London,hour,2024-02-06 20:00:00,2024-02-06,20,1,0,winter,2157,,,,
London,hour,2024-02-06 21:00:00,2024-02-06,21,1,0,winter,1335,,,,
London,hour,2024-02-06 22:00:00,2024-02-06,22,1,0,winter,960,,,,
London,hour,2024-02-06 23:00:00,2024-02-06,23,1,0,winter,487,,,,
London,hour,2024-02-07 00:00:00,2024-02-07,0,2,0,winter,197,,,,
London,hour,2024-02-07 01:00:00,2024-02-07,1,2,0,winter,101,,,,
London,hour,2024-02-07 02:00:00,2024-02-07,2,2,0,winter,58,,,,
London,hour,2024-02-07 03:00:00,2024-02-07,3,2,0,winter,47,,,,
London,hour,2024-02-07 04:00:00,2024-02-07,4,2,0,winter,92,,,,
London,hour,2024-02-07 05:00:00,2024-02-07,5,2,0,winter,321,,,,
London,hour,2024-02-07 06:00:00,2024-02-07,6,2,0,winter,1371,,,,
London,hour,2024-02-07 07:00:00,2024-02-07,7,2,0,winter,3727,,,,
London,hour,2024-02-07 08:00:00,2024-02-07,8,2,0,winter,7122,,,,
London,hour,2024-02-07 09:00:00,2024-02-07,9,2,0,winter,3572,,,,
London,hour,2024-02-07 10:00:00,2024-02-07,10,2,0,winter,2058,,,,
London,hour,2024-02-07 11:00:00,2024-02-07,11,2,0,winter,1724,,,,
London,hour,2024-02-07 12:00:00,2024-02-07,12,2,0,winter,1775,,,,
London,hour,2024-02-07 13:00:00,2024-02-07,13,2,0,winter,2011,,,,
London,hour,2024-02-07 14:00:00,2024-02-07,14,2,0,winter,1852,,,,
London,hour,2024-02-07 15:00:00,2024-02-07,15,2,0,winter,2302,,,,
London,hour,2024-02-07 16:00:00,2024-02-07,16,2,0,winter,3354,,,,
London,hour,2024-02-07 17:00:00,2024-02-07,17,2,0,winter,6102,,,,
London,hour,2024-02-07 18:00:00,2024-02-07,18,2,0,winter,5811,,,,
London,hour,2024-02-07 19:00:00,2024-02-07,19,2,0,winter,3685,,,,
London,hour,2024-02-07 20:00:00,2024-02-07,20,2,0,winter,2389,,,,
London,hour,2024-02-07 21:00:00,2024-02-07,21,2,0,winter,1702,,,,
London,hour,2024-02-07 22:00:00,2024-02-07,22,2,0,winter,1253,,,,
London,hour,2024-02-07 23:00:00,2024-02-07,23,2,0,winter,659,,,,
London,hour,2024-02-08 00:00:00,2024-02-08,0,3,0,winter,135,,,,
London,hour,2024-02-08 01:00:00,2024-02-08,1,3,0,winter,74,,,,
London,hour,2024-02-08 02:00:00,2024-02-08,2,3,0,winter,35,,,,
London,hour,2024-02-08 03:00:00,2024-02-08,3,3,0,winter,30,,,,
London,hour,2024-02-08 04:00:00,2024-02-08,4,3,0,winter,42,,,,
London,hour,2024-02-08 05:00:00,2024-02-08,5,3,0,winter,83,,,,
London,hour,2024-02-08 06:00:00,2024-02-08,6,3,0,winter,265,,,,
London,hour,2024-02-08 07:00:00,2024-02-08,7,3,0,winter,782,,,,
London,hour,2024-02-08 08:00:00,2024-02-08,8,3,0,winter,1374,,,,
London,hour,2024-02-08 09:00:00,2024-02-08,9,3,0,winter,702,,,,
London,hour,2024-02-08 10:00:00,2024-02-08,10,3,0,winter,420,,,,
London,hour,2024-02-08 11:00:00,2024-02-08,11,3,0,winter,385,,,,
London,hour,2024-02-08 12:00:00,2024-02-08,12,3,0,winter,483,,,,
London,hour,2024-02-08 13:00:00,2024-02-08,13,3,0,winter,584,,,,
London,hour,2024-02-08 14:00:00,2024-02-08,14,3,0,winter,645,,,,
London,hour,2024-02-08 15:00:00,2024-02-08,15,3,0,winter,795,,,,
London,hour,2024-02-08 16:00:00,2024-02-08,16,3,0,winter,915,,,,
London,hour,2024-02-08 17:00:00,2024-02-08,17,3,0,winter,1169,,,,
London,hour,2024-02-08 18:00:00,2024-02-08,18,3,0,winter,1127,,,,
London,hour,2024-02-08 19:00:00,2024-02-08,19,3,0,winter,757,,,,
London,hour,2024-02-08 20:00:00,2024-02-08,20,3,0,winter,534,,,,
London,hour,2024-02-08 21:00:00,2024-02-08,21,3,0,winter,331,,,,
London,hour,2024-02-08 22:00:00,2024-02-08,22,3,0,winter,333,,,,
London,hour,2024-02-08 23:00:00,2024-02-08,23,3,0,winter,236,,,,
London,hour,2024-02-09 00:00:00,2024-02-09,0,4,0,winter,89,,,,
London,hour,2024-02-09 01:00:00,2024-02-09,1,4,0,winter,62,,,,
London,hour,2024-02-09 02:00:00,2024-02-09,2,4,0,winter,47,,,,
London,hour,2024-02-09 03:00:00,2024-02-09,3,4,0,winter,27,,,,
London,hour,2024-02-09 04:00:00,2024-02-09,4,4,0,winter,42,,,,
London,hour,2024-02-09 05:00:00,2024-02-09,5,4,0,winter,119,,,,
London,hour,2024-02-09 06:00:00,2024-02-09,6,4,0,winter,295,,,,
London,hour,2024-02-09 07:00:00,2024-02-09,7,4,0,winter,993,,,,
London,hour,2024-02-09 08:00:00,2024-02-09,8,4,0,winter,1878,,,,
London,hour,2024-02-09 09:00:00,2024-02-09,9,4,0,winter,1365,,,,
London,hour,2024-02-09 10:00:00,2024-02-09,10,4,0,winter,790,,,,
London,hour,2024-02-09 11:00:00,2024-02-09,11,4,0,winter,606,,,,
London,hour,2024-02-09 12:00:00,2024-02-09,12,4,0,winter,679,,,,
London,hour,2024-02-09 13:00:00,2024-02-09,13,4,0,winter,947,,,,
London,hour,2024-02-09 14:00:00,2024-02-09,14,4,0,winter,895,,,,
London,hour,2024-02-09 15:00:00,2024-02-09,15,4,0,winter,973,,,,
London,hour,2024-02-09 16:00:00,2024-02-09,16,4,0,winter,1351,,,,
London,hour,2024-02-09 17:00:00,2024-02-09,17,4,0,winter,1863,,,,
London,hour,2024-02-09 18:00:00,2024-02-09,18,4,0,winter,1575,,,,
London,hour,2024-02-09 19:00:00,2024-02-09,19,4,0,winter,942,,,,
London,hour,2024-02-09 20:00:00,2024-02-09,20,4,0,winter,668,,,,
London,hour,2024-02-09 21:00:00,2024-02-09,21,4,0,winter,504,,,,
London,hour,2024-02-09 22:00:00,2024-02-09,22,4,0,winter,378,,,,
London,hour,2024-02-09 23:00:00,2024-02-09,23,4,0,winter,385,,,,
London,hour,2024-02-10 00:00:00,2024-02-10,0,5,1,winter,393,,,,
London,hour,2024-02-10 01:00:00,2024-02-10,1,5,1,winter,248,,,,
London,hour,2024-02-10 02:00:00,2024-02-10,2,5,1,winter,179,,,,
London,hour,2024-02-10 03:00:00,2024-02-10,3,5,1,winter,137,,,,
London,hour,2024-02-10 04:00:00,2024-02-10,4,5,1,winter,114,,,,
London,hour,2024-02-10 05:00:00,2024-02-10,5,5,1,winter,230,,,,
London,hour,2024-02-10 06:00:00,2024-02-10,6,5,1,winter,679,,,,
London,hour,2024-02-10 07:00:00,2024-02-10,7,5,1,winter,2101,,,,
London,hour,2024-02-10 08:00:00,2024-02-10,8,5,1,winter,4372,,,,
London,hour,2024-02-10 09:00:00,2024-02-10,9,5,1,winter,2790,,,,
London,hour,2024-02-10 10:00:00,2024-02-10,10,5,1,winter,2251,,,,
London,hour,2024-02-10 11:00:00,2024-02-10,11,5,1,winter,2174,,,,
London,hour,2024-02-10 12:00:00,2024-02-10,12,5,1,winter,2510,,,,
London,hour,2024-02-10 13:00:00,2024-02-10,13,5,1,winter,2643,,,,
London,hour,2024-02-10 14:00:00,2024-02-10,14,5,1,winter,2171,,,,
London,hour,2024-02-10 15:00:00,2024-02-10,15,5,1,winter,2404,,,,
London,hour,2024-02-10 16:00:00,2024-02-10,16,5,1,winter,2846,,,,
London,hour,2024-02-10 17:00:00,2024-02-10,17,5,1,winter,4196,,,,
London,hour,2024-02-10 18:00:00,2024-02-10,18,5,1,winter,4017,,,,
London,hour,2024-02-10 19:00:00,2024-02-10,19,5,1,winter,2803,,,,
London,hour,2024-02-10 20:00:00,2024-02-10,20,5,1,winter,1810,,,,
London,hour,2024-02-10 21:00:00,2024-02-10,21,5,1,winter,1266,,,,
London,hour,2024-02-10 22:00:00,2024-02-10,22,5,1,winter,1150,,,,
London,hour,2024-02-10 23:00:00,2024-02-10,23,5,1,winter,791,,,,
London,hour,2024-02-11 00:00:00,2024-02-11,0,6,1,winter,766,,,,
London,hour,2024-02-11 01:00:00,2024-02-11,1,6,1,winter,581,,,,
London,hour,2024-02-11 02:00:00,2024-02-11,2,6,1,winter,404,,,,
London,hour,2024-02-11 03:00:00,2024-02-11,3,6,1,winter,239,,,,
London,hour,2024-02-11 04:00:00,2024-02-11,4,6,1,winter,173,,,,
London,hour,2024-02-11 05:00:00,2024-02-11,5,6,1,winter,174,,,,
London,hour,2024-02-11 06:00:00,2024-02-11,6,6,1,winter,261,,,,
London,hour,2024-02-11 07:00:00,2024-02-11,7,6,1,winter,537,,,,
London,hour,2024-02-11 08:00:00,2024-02-11,8,6,1,winter,1041,,,,
London,hour,2024-02-11 09:00:00,2024-02-11,9,6,1,winter,1687,,,,
London,hour,2024-02-11 10:00:00,2024-02-11,10,6,1,winter,2464,,,,
London,hour,2024-02-11 11:00:00,2024-02-11,11,6,1,winter,2724,,,,
London,hour,2024-02-11 12:00:00,2024-02-11,12,6,1,winter,3437,,,,
London,hour,2024-02-11 13:00:00,2024-02-11,13,6,1,winter,3328,,,,
London,hour,2024-02-11 14:00:00,2024-02-11,14,6,1,winter,3313,,,,
London,hour,2024-02-11 15:00:00,2024-02-11,15,6,1,winter,3260,,,,
London,hour,2024-02-11 16:00:00,2024-02-11,16,6,1,winter,3188,,,,
London,hour,2024-02-11 17:00:00,2024-02-11,17,6,1,winter,2782,,,,
London,hour,2024-02-11 18:00:00,2024-02-11,18,6,1,winter,2435,,,,
London,hour,2024-02-11 19:00:00,2024-02-11,19,6,1,winter,1831,,,,
London,hour,2024-02-11 20:00:00,2024-02-11,20,6,1,winter,1356,,,,
London,hour,2024-02-11 21:00:00,2024-02-11,21,6,1,winter,1193,,,,
London,hour,2024-02-11 22:00:00,2024-02-11,22,6,1,winter,1083,,,,
London,hour,2024-02-11 23:00:00,2024-02-11,23,6,1,winter,830,,,,
London,hour,2024-02-12 00:00:00,2024-02-12,0,0,0,winter,220,,,,
London,hour,2024-02-12 01:00:00,2024-02-12,1,0,0,winter,140,,,,
London,hour,2024-02-12 02:00:00,2024-02-12,2,0,0,winter,63,,,,
London,hour,2024-02-12 03:00:00,2024-02-12,3,0,0,winter,65,,,,
London,hour,2024-02-12 04:00:00,2024-02-12,4,0,0,winter,129,,,,
London,hour,2024-02-12 05:00:00,2024-02-12,5,0,0,winter,268,,,,
London,hour,2024-02-12 06:00:00,2024-02-12,6,0,0,winter,1087,,,,
London,hour,2024-02-12 07:00:00,2024-02-12,7,0,0,winter,2986,,,,
London,hour,2024-02-12 08:00:00,2024-02-12,8,0,0,winter,5857,,,,
London,hour,2024-02-12 09:00:00,2024-02-12,9,0,0,winter,3297,,,,
London,hour,2024-02-12 10:00:00,2024-02-12,10,0,0,winter,1828,,,,
London,hour,2024-02-12 11:00:00,2024-02-12,11,0,0,winter,1916,,,,
London,hour,2024-02-12 12:00:00,2024-02-12,12,0,0,winter,2131,,,,
London,hour,2024-02-12 13:00:00,2024-02-12,13,0,0,winter,2131,,,,
London,hour,2024-02-12 14:00:00,2024-02-12,14,0,0,winter,1981,,,,
London,hour,2024-02-12 15:00:00,2024-02-12,15,0,0,winter,2226,,,,
London,hour,2024-02-12 16:00:00,2024-02-12,16,0,0,winter,2727,,,,
London,hour,2024-02-12 17:00:00,2024-02-12,17,0,0,winter,5155,,,,
London,hour,2024-02-12 18:00:00,2024-02-12,18,0,0,winter,4844,,,,
London,hour,2024-02-12 19:00:00,2024-02-12,19,0,0,winter,3177,,,,
London,hour,2024-02-12 20:00:00,2024-02-12,20,0,0,winter,1971,,,,
London,hour,2024-02-12 21:00:00,2024-02-12,21,0,0,winter,1340,,,,
London,hour,2024-02-12 22:00:00,2024-02-12,22,0,0,winter,1010,,,,
London,hour,2024-02-12 23:00:00,2024-02-12,23,0,0,winter,499,,,,
London,hour,2024-02-13 00:00:00,2024-02-13,0,1,0,winter,44,,,,
London,hour,2024-02-13 01:00:00,2024-02-13,1,1,0,winter,5,,,,
London,hour,2024-02-13 04:00:00,2024-02-13,4,1,0,winter,21,,,,
London,hour,2024-02-13 05:00:00,2024-02-13,5,1,0,winter,153,,,,
London,hour,2024-02-13 06:00:00,2024-02-13,6,1,0,winter,598,,,,
London,hour,2024-02-13 07:00:00,2024-02-13,7,1,0,winter,1705,,,,
London,hour,2024-02-13 08:00:00,2024-02-13,8,1,0,winter,3217,,,,
London,hour,2024-02-13 09:00:00,2024-02-13,9,1,0,winter,1382,,,,
London,hour,2024-02-13 10:00:00,2024-02-13,10,1,0,winter,532,,,,
London,hour,2024-02-13 11:00:00,2024-02-13,11,1,0,winter,607,,,,
London,hour,2024-02-13 12:00:00,2024-02-13,12,1,0,winter,529,,,,
London,hour,2024-02-13 13:00:00,2024-02-13,13,1,0,winter,623,,,,
London,hour,2024-02-13 14:00:00,2024-02-13,14,1,0,winter,541,,,,
London,hour,2024-02-13 15:00:00,2024-02-13,15,1,0,winter,714,,,,
London,hour,2024-02-13 16:00:00,2024-02-13,16,1,0,winter,1100,,,,
London,hour,2024-02-13 17:00:00,2024-02-13,17,1,0,winter,2374,,,,
London,hour,2024-02-13 18:00:00,2024-02-13,18,1,0,winter,2372,,,,
London,hour,2024-02-13 19:00:00,2024-02-13,19,1,0,winter,1434,,,,
London,hour,2024-02-13 20:00:00,2024-02-13,20,1,0,winter,894,,,,
London,hour,2024-02-13 21:00:00,2024-02-13,21,1,0,winter,625,,,,
London,hour,2024-02-13 22:00:00,2024-02-13,22,1,0,winter,471,,,,
London,hour,2024-02-13 23:00:00,2024-02-13,23,1,0,winter,252,,,,
London,hour,2024-02-14 00:00:00,2024-02-14,0,2,0,winter,124,,,,
London,hour,2024-02-14 01:00:00,2024-02-14,1,2,0,winter,48,,,,
London,hour,2024-02-14 02:00:00,2024-02-14,2,2,0,winter,30,,,,
London,hour,2024-02-14 03:00:00,2024-02-14,3,2,0,winter,19,,,,
London,hour,2024-02-14 04:00:00,2024-02-14,4,2,0,winter,36,,,,
London,hour,2024-02-14 05:00:00,2024-02-14,5,2,0,winter,150,,,,
London,hour,2024-02-14 06:00:00,2024-02-14,6,2,0,winter,536,,,,
London,hour,2024-02-14 07:00:00,2024-02-14,7,2,0,winter,1353,,,,
London,hour,2024-02-14 08:00:00,2024-02-14,8,2,0,winter,2686,,,,
London,hour,2024-02-14 09:00:00,2024-02-14,9,2,0,winter,1526,,,,
London,hour,2024-02-14 10:00:00,2024-02-14,10,2,0,winter,713,,,,
London,hour,2024-02-14 11:00:00,2024-02-14,11,2,0,winter,701,,,,
London,hour,2024-02-14 12:00:00,2024-02-14,12,2,0,winter,1002,,,,
London,hour,2024-02-14 13:00:00,2024-02-14,13,2,0,winter,930,,,,
London,hour,2024-02-14 14:00:00,2024-02-14,14,2,0,winter,875,,,,
London,hour,2024-02-14 15:00:00,2024-02-14,15,2,0,winter,956,,,,
London,hour,2024-02-14 16:00:00,2024-02-14,16,2,0,winter,1412,,,,
London,hour,2024-02-14 17:00:00,2024-02-14,17,2,0,winter,2709,,,,
London,hour,2024-02-14 18:00:00,2024-02-14,18,2,0,winter,2424,,,,
London,hour,2024-02-14 19:00:00,2024-02-14,19,2,0,winter,1403,,,,
London,hour,2024-02-14 20:00:00,2024-02-14,20,2,0,winter,881,,,,
London,hour,2024-02-14 21:00:00,2024-02-14,21,2,0,winter,592,,,,
London,hour,2024-02-14 22:00:00,2024-02-14,22,2,0,winter,440,,,,
London,hour,2024-02-14 23:00:00,2024-02-14,23,2,0,winter,296,,,,
London,hour,2024-02-15 00:00:00,2024-02-15,0,3,0,winter,119,,,,
London,hour,2024-02-15 01:00:00,2024-02-15,1,3,0,winter,73,,,,
London,hour,2024-02-15 02:00:00,2024-02-15,2,3,0,winter,49,,,,
London,hour,2024-02-15 03:00:00,2024-02-15,3,3,0,winter,25,,,,
London,hour,2024-02-15 04:00:00,2024-02-15,4,3,0,winter,51,,,,
London,hour,2024-02-15 05:00:00,2024-02-15,5,3,0,winter,145,,,,
London,hour,2024-02-15 06:00:00,2024-02-15,6,3,0,winter,551,,,,
London,hour,2024-02-15 07:00:00,2024-02-15,7,3,0,winter,1538,,,,
London,hour,2024-02-15 08:00:00,2024-02-15,8,3,0,winter,3120,,,,
London,hour,2024-02-15 09:00:00,2024-02-15,9,3,0,winter,1766,,,,
London,hour,2024-02-15 10:00:00,2024-02-15,10,3,0,winter,1023,,,,
London,hour,2024-02-15 11:00:00,2024-02-15,11,3,0,winter,960,,,,
London,hour,2024-02-15 12:00:00,2024-02-15,12,3,0,winter,1092,,,,
London,hour,2024-02-15 13:00:00,2024-02-15,13,3,0,winter,1194,,,,
London,hour,2024-02-15 14:00:00,2024-02-15,14,3,0,winter,1083,,,,
London,hour,2024-02-15 15:00:00,2024-02-15,15,3,0,winter,1122,,,,
London,hour,2024-02-15 16:00:00,2024-02-15,16,3,0,winter,1508,,,,
London,hour,2024-02-15 17:00:00,2024-02-15,17,3,0,winter,2639,,,,
London,hour,2024-02-15 18:00:00,2024-02-15,18,3,0,winter,2391,,,,
London,hour,2024-02-15 19:00:00,2024-02-15,19,3,0,winter,1524,,,,
London,hour,2024-02-15 20:00:00,2024-02-15,20,3,0,winter,1071,,,,
London,hour,2024-02-15 21:00:00,2024-02-15,21,3,0,winter,771,,,,
London,hour,2024-02-15 22:00:00,2024-02-15,22,3,0,winter,616,,,,
London,hour,2024-02-15 23:00:00,2024-02-15,23,3,0,winter,422,,,,
London,hour,2024-02-16 00:00:00,2024-02-16,0,4,0,winter,162,,,,
London,hour,2024-02-16 01:00:00,2024-02-16,1,4,0,winter,110,,,,
London,hour,2024-02-16 02:00:00,2024-02-16,2,4,0,winter,65,,,,
London,hour,2024-02-16 03:00:00,2024-02-16,3,4,0,winter,30,,,,
London,hour,2024-02-16 04:00:00,2024-02-16,4,4,0,winter,41,,,,
London,hour,2024-02-16 05:00:00,2024-02-16,5,4,0,winter,99,,,,
London,hour,2024-02-16 06:00:00,2024-02-16,6,4,0,winter,443,,,,
London,hour,2024-02-16 07:00:00,2024-02-16,7,4,0,winter,1077,,,,
London,hour,2024-02-16 08:00:00,2024-02-16,8,4,0,winter,2033,,,,
London,hour,2024-02-16 09:00:00,2024-02-16,9,4,0,winter,1421,,,,
London,hour,2024-02-16 10:00:00,2024-02-16,10,4,0,winter,1020,,,,
London,hour,2024-02-16 11:00:00,2024-02-16,11,4,0,winter,1023,,,,
London,hour,2024-02-16 12:00:00,2024-02-16,12,4,0,winter,1229,,,,
London,hour,2024-02-16 13:00:00,2024-02-16,13,4,0,winter,1289,,,,
London,hour,2024-02-16 14:00:00,2024-02-16,14,4,0,winter,1006,,,,
London,hour,2024-02-16 15:00:00,2024-02-16,15,4,0,winter,1150,,,,
London,hour,2024-02-16 16:00:00,2024-02-16,16,4,0,winter,1515,,,,
London,hour,2024-02-16 17:00:00,2024-02-16,17,4,0,winter,2098,,,,
London,hour,2024-02-16 18:00:00,2024-02-16,18,4,0,winter,1995,,,,
London,hour,2024-02-16 19:00:00,2024-02-16,19,4,0,winter,1333,,,,
London,hour,2024-02-16 20:00:00,2024-02-16,20,4,0,winter,845,,,,
London,hour,2024-02-16 21:00:00,2024-02-16,21,4,0,winter,630,,,,
London,hour,2024-02-16 22:00:00,2024-02-16,22,4,0,winter,568,,,,
London,hour,2024-02-16 23:00:00,2024-02-16,23,4,0,winter,471,,,,
London,hour,2024-02-17 00:00:00,2024-02-17,0,5,1,winter,324,,,,
London,hour,2024-02-17 01:00:00,2024-02-17,1,5,1,winter,232,,,,
London,hour,2024-02-17 02:00:00,2024-02-17,2,5,1,winter,148,,,,
London,hour,2024-02-17 03:00:00,2024-02-17,3,5,1,winter,112,,,,
London,hour,2024-02-17 04:00:00,2024-02-17,4,5,1,winter,62,,,,
London,hour,2024-02-17 05:00:00,2024-02-17,5,5,1,winter,78,,,,
London,hour,2024-02-17 06:00:00,2024-02-17,6,5,1,winter,127,,,,
London,hour,2024-02-17 07:00:00,2024-02-17,7,5,1,winter,259,,,,
London,hour,2024-02-17 08:00:00,2024-02-17,8,5,1,winter,526,,,,
London,hour,2024-02-17 09:00:00,2024-02-17,9,5,1,winter,813,,,,
London,hour,2024-02-17 10:00:00,2024-02-17,10,5,1,winter,1193,,,,
London,hour,2024-02-17 11:00:00,2024-02-17,11,5,1,winter,1418,,,,
London,hour,2024-02-17 12:00:00,2024-02-17,12,5,1,winter,1567,,,,
London,hour,2024-02-17 13:00:00,2024-02-17,13,5,1,winter,1432,,,,
London,hour,2024-02-17 14:00:00,2024-02-17,14,5,1,winter,1474,,,,
London,hour,2024-02-17 15:00:00,2024-02-17,15,5,1,winter,1425,,,,
London,hour,2024-02-17 16:00:00,2024-02-17,16,5,1,winter,1371,,,,
London,hour,2024-02-17 17:00:00,2024-02-17,17,5,1,winter,1352,,,,
London,hour,2024-02-17 18:00:00,2024-02-17,18,5,1,winter,1061,,,,
London,hour,2024-02-17 19:00:00,2024-02-17,19,5,1,winter,830,,,,
London,hour,2024-02-17 20:00:00,2024-02-17,20,5,1,winter,446,,,,
London,hour,2024-02-17 21:00:00,2024-02-17,21,5,1,winter,203,,,,
London,hour,2024-02-17 22:00:00,2024-02-17,22,5,1,winter,184,,,,
London,hour,2024-02-17 23:00:00,2024-02-17,23,5,1,winter,150,,,,
London,hour,2024-02-18 00:00:00,2024-02-18,0,6,1,winter,119,,,,
London,hour,2024-02-18 01:00:00,2024-02-18,1,6,1,winter,106,,,,
London,hour,2024-02-18 02:00:00,2024-02-18,2,6,1,winter,86,,,,
London,hour,2024-02-18 03:00:00,2024-02-18,3,6,1,winter,52,,,,
London,hour,2024-02-18 04:00:00,2024-02-18,4,6,1,winter,33,,,,
London,hour,2024-02-18 05:00:00,2024-02-18,5,6,1,winter,32,,,,
London,hour,2024-02-18 06:00:00,2024-02-18,6,6,1,winter,41,,,,
London,hour,2024-02-18 07:00:00,2024-02-18,7,6,1,winter,98,,,,
London,hour,2024-02-18 08:00:00,2024-02-18,8,6,1,winter,250,,,,
London,hour,2024-02-18 09:00:00,2024-02-18,9,6,1,winter,525,,,,
London,hour,2024-02-18 10:00:00,2024-02-18,10,6,1,winter,865,,,,
London,hour,2024-02-18 11:00:00,2024-02-18,11,6,1,winter,1095,,,,
London,hour,2024-02-18 12:00:00,2024-02-18,12,6,1,winter,1276,,,,
London,hour,2024-02-18 13:00:00,2024-02-18,13,6,1,winter,1451,,,,
London,hour,2024-02-18 14:00:00,2024-02-18,14,6,1,winter,1551,,,,
London,hour,2024-02-18 15:00:00,2024-02-18,15,6,1,winter,1482,,,,
London,hour,2024-02-18 16:00:00,2024-02-18,16,6,1,winter,1474,,,,
London,hour,2024-02-18 17:00:00,2024-02-18,17,6,1,winter,1365,,,,
London,hour,2024-02-18 18:00:00,2024-02-18,18,6,1,winter,958,,,,
London,hour,2024-02-18 19:00:00,2024-02-18,19,6,1,winter,704,,,,
London,hour,2024-02-18 20:00:00,2024-02-18,20,6,1,winter,474,,,,
London,hour,2024-02-18 21:00:00,2024-02-18,21,6,1,winter,412,,,,
London,hour,2024-02-18 22:00:00,2024-02-18,22,6,1,winter,306,,,,
London,hour,2024-02-18 23:00:00,2024-02-18,23,6,1,winter,188,,,,
London,hour,2024-02-19 00:00:00,2024-02-19,0,0,0,winter,124,,,,
London,hour,2024-02-19 01:00:00,2024-02-19,1,0,0,winter,57,,,,
London,hour,2024-02-19 02:00:00,2024-02-19,2,0,0,winter,47,,,,
London,hour,2024-02-19 03:00:00,2024-02-19,3,0,0,winter,16,,,,
London,hour,2024-02-19 04:00:00,2024-02-19,4,0,0,winter,30,,,,
London,hour,2024-02-19 05:00:00,2024-02-19,5,0,0,winter,134,,,,
London,hour,2024-02-19 06:00:00,2024-02-19,6,0,0,winter,567,,,,
London,hour,2024-02-19 07:00:00,2024-02-19,7,0,0,winter,1629,,,,
London,hour,2024-02-19 08:00:00,2024-02-19,8,0,0,winter,2961,,,,
London,hour,2024-02-19 09:00:00,2024-02-19,9,0,0,winter,1427,,,,
London,hour,2024-02-19 10:00:00,2024-02-19,10,0,0,winter,766,,,,
London,hour,2024-02-19 11:00:00,2024-02-19,11,0,0,winter,672,,,,
London,hour,2024-02-19 12:00:00,2024-02-19,12,0,0,winter,885,,,,
London,hour,2024-02-19 13:00:00,2024-02-19,13,0,0,winter,958,,,,
London,hour,2024-02-19 14:00:00,2024-02-19,14,0,0,winter,947,,,,
London,hour,2024-02-19 15:00:00,2024-02-19,15,0,0,winter,1046,,,,
London,hour,2024-02-19 16:00:00,2024-02-19,16,0,0,winter,1454,,,,
London,hour,2024-02-19 17:00:00,2024-02-19,17,0,0,winter,2640,,,,
London,hour,2024-02-19 18:00:00,2024-02-19,18,0,0,winter,2503,,,,
London,hour,2024-02-19 19:00:00,2024-02-19,19,0,0,winter,1467,,,,
London,hour,2024-02-19 20:00:00,2024-02-19,20,0,0,winter,967,,,,
London,hour,2024-02-19 21:00:00,2024-02-19,21,0,0,winter,633,,,,
London,hour,2024-02-19 22:00:00,2024-02-19,22,0,0,winter,442,,,,
London,hour,2024-02-19 23:00:00,2024-02-19,23,0,0,winter,212,,,,
London,hour,2024-02-20 00:00:00,2024-02-20,0,1,0,winter,95,,,,
London,hour,2024-02-20 01:00:00,2024-02-20,1,1,0,winter,47,,,,
London,hour,2024-02-20 02:00:00,2024-02-20,2,1,0,winter,27,,,,
London,hour,2024-02-20 03:00:00,2024-02-20,3,1,0,winter,13,,,,
London,hour,2024-02-20 04:00:00,2024-02-20,4,1,0,winter,41,,,,
London,hour,2024-02-20 05:00:00,2024-02-20,5,1,0,winter,176,,,,
London,hour,2024-02-20 06:00:00,2024-02-20,6,1,0,winter,663,,,,
London,hour,2024-02-20 07:00:00,2024-02-20,7,1,0,winter,1961,,,,
London,hour,2024-02-20 08:00:00,2024-02-20,8,1,0,winter,3559,,,,
London,hour,2024-02-20 09:00:00,2024-02-20,9,1,0,winter,1695,,,,
London,hour,2024-02-20 10:00:00,2024-02-20,10,1,0,winter,916,,,,
London,hour,2024-02-20 11:00:00,2024-02-20,11,1,0,winter,816,,,,
London,hour,2024-02-20 12:00:00,2024-02-20,12,1,0,winter,953,,,,
London,hour,2024-02-20 13:00:00,2024-02-20,13,1,0,winter,975,,,,
London,hour,2024-02-20 14:00:00,2024-02-20,14,1,0,winter,857,,,,
London,hour,2024-02-20 15:00:00,2024-02-20,15,1,0,winter,1134,,,,
London,hour,2024-02-20 16:00:00,2024-02-20,16,1,0,winter,1427,,,,
London,hour,2024-02-20 17:00:00,2024-02-20,17,1,0,winter,2846,,,,
London,hour,2024-02-20 18:00:00,2024-02-20,18,1,0,winter,2756,,,,
London,hour,2024-02-20 19:00:00,2024-02-20,19,1,0,winter,1627,,,,
London,hour,2024-02-20 20:00:00,2024-02-20,20,1,0,winter,1023,,,,
London,hour,2024-02-20 21:00:00,2024-02-20,21,1,0,winter,722,,,,
London,hour,2024-02-20 22:00:00,2024-02-20,22,1,0,winter,580,,,,
London,hour,2024-02-20 23:00:00,2024-02-20,23,1,0,winter,252,,,,
London,hour,2024-02-21 00:00:00,2024-02-21,0,2,0,winter,100,,,,
London,hour,2024-02-21 01:00:00,2024-02-21,1,2,0,winter,69,,,,
London,hour,2024-02-21 02:00:00,2024-02-21,2,2,0,winter,47,,,,
London,hour,2024-02-21 03:00:00,2024-02-21,3,2,0,winter,19,,,,
London,hour,2024-02-21 04:00:00,2024-02-21,4,2,0,winter,39,,,,
London,hour,2024-02-21 05:00:00,2024-02-21,5,2,0,winter,140,,,,
London,hour,2024-02-21 06:00:00,2024-02-21,6,2,0,winter,396,,,,
London,hour,2024-02-21 07:00:00,2024-02-21,7,2,0,winter,1131,,,,
London,hour,2024-02-21 08:00:00,2024-02-21,8,2,0,winter,2006,,,,
London,hour,2024-02-21 09:00:00,2024-02-21,9,2,0,winter,830,,,,
London,hour,2024-02-21 10:00:00,2024-02-21,10,2,0,winter,366,,,,
London,hour,2024-02-21 11:00:00,2024-02-21,11,2,0,winter,347,,,,
London,hour,2024-02-21 12:00:00,2024-02-21,12,2,0,winter,488,,,,
London,hour,2024-02-21 13:00:00,2024-02-21,13,2,0,winter,613,,,,
London,hour,2024-02-21 14:00:00,2024-02-21,14,2,0,winter,503,,,,
London,hour,2024-02-21 15:00:00,2024-02-21,15,2,0,winter,736,,,,
London,hour,2024-02-21 16:00:00,2024-02-21,16,2,0,winter,1130,,,,
London,hour,2024-02-21 17:00:00,2024-02-21,17,2,0,winter,2157,,,,
London,hour,2024-02-21 18:00:00,2024-02-21,18,2,0,winter,2188,,,,
London,hour,2024-02-21 19:00:00,2024-02-21,19,2,0,winter,1405,,,,
London,hour,2024-02-21 20:00:00,2024-02-21,20,2,0,winter,860,,,,
London,hour,2024-02-21 21:00:00,2024-02-21,21,2,0,winter,588,,,,
London,hour,2024-02-21 22:00:00,2024-02-21,22,2,0,winter,478,,,,
London,hour,2024-02-21 23:00:00,2024-02-21,23,2,0,winter,271,,,,
London,hour,2024-02-22 00:00:00,2024-02-22,0,3,0,winter,150,,,,
London,hour,2024-02-22 01:00:00,2024-02-22,1,3,0,winter,82,,,,
London,hour,2024-02-22 02:00:00,2024-02-22,2,3,0,winter,28,,,,
London,hour,2024-02-22 03:00:00,2024-02-22,3,3,0,winter,22,,,,
London,hour,2024-02-22 04:00:00,2024-02-22,4,3,0,winter,45,,,,
London,hour,2024-02-22 05:00:00,2024-02-22,5,3,0,winter,139,,,,
London,hour,2024-02-22 06:00:00,2024-02-22,6,3,0,winter,540,,,,
London,hour,2024-02-22 07:00:00,2024-02-22,7,3,0,winter,1429,,,,
London,hour,2024-02-22 08:00:00,2024-02-22,8,3,0,winter,2859,,,,
London,hour,2024-02-22 09:00:00,2024-02-22,9,3,0,winter,1406,,,,
London,hour,2024-02-22 10:00:00,2024-02-22,10,3,0,winter,739,,,,
London,hour,2024-02-22 11:00:00,2024-02-22,11,3,0,winter,535,,,,
London,hour,2024-02-22 12:00:00,2024-02-22,12,3,0,winter,326,,,,
London,hour,2024-02-22 13:00:00,2024-02-22,13,3,0,winter,328,,,,
London,hour,2024-02-22 14:00:00,2024-02-22,14,3,0,winter,275,,,,
London,hour,2024-02-22 15:00:00,2024-02-22,15,3,0,winter,408,,,,
London,hour,2024-02-22 16:00:00,2024-02-22,16,3,0,winter,546,,,,
London,hour,2024-02-22 17:00:00,2024-02-22,17,3,0,winter,1284,,,,
London,hour,2024-02-22 18:00:00,2024-02-22,18,3,0,winter,1728,,,,
London,hour,2024-02-22 19:00:00,2024-02-22,19,3,0,winter,1208,,,,
London,hour,2024-02-22 20:00:00,2024-02-22,20,3,0,winter,774,,,,
London,hour,2024-02-22 21:00:00,2024-02-22,21,3,0,winter,573,,,,
London,hour,2024-02-22 22:00:00,2024-02-22,22,3,0,winter,499,,,,
London,hour,2024-02-22 23:00:00,2024-02-22,23,3,0,winter,317,,,,
London,hour,2024-02-23 00:00:00,2024-02-23,0,4,0,winter,151,,,,
London,hour,2024-02-23 01:00:00,2024-02-23,1,4,0,winter,84,,,,
London,hour,2024-02-23 02:00:00,2024-02-23,2,4,0,winter,43,,,,
London,hour,2024-02-23 03:00:00,2024-02-23,3,4,0,winter,22,,,,
London,hour,2024-02-23 04:00:00,2024-02-23,4,4,0,winter,34,,,,
London,hour,2024-02-23 05:00:00,2024-02-23,5,4,0,winter,125,,,,
London,hour,2024-02-23 06:00:00,2024-02-23,6,4,0,winter,450,,,,
London,hour,2024-02-23 07:00:00,2024-02-23,7,4,0,winter,1259,,,,
London,hour,2024-02-23 08:00:00,2024-02-23,8,4,0,winter,2199,,,,
London,hour,2024-02-23 09:00:00,2024-02-23,9,4,0,winter,1358,,,,
London,hour,2024-02-23 10:00:00,2024-02-23,10,4,0,winter,973,,,,
London,hour,2024-02-23 11:00:00,2024-02-23,11,4,0,winter,986,,,,
London,hour,2024-02-23 12:00:00,2024-02-23,12,4,0,winter,1202,,,,
London,hour,2024-02-23 13:00:00,2024-02-23,13,4,0,winter,1147,,,,
London,hour,2024-02-23 14:00:00,2024-02-23,14,4,0,winter,1062,,,,
London,hour,2024-02-23 15:00:00,2024-02-23,15,4,0,winter,939,,,,
London,hour,2024-02-23 16:00:00,2024-02-23,16,4,0,winter,852,,,,
London,hour,2024-02-23 17:00:00,2024-02-23,17,4,0,winter,1175,,,,
London,hour,2024-02-23 18:00:00,2024-02-23,18,4,0,winter,1371,,,,
London,hour,2024-02-23 19:00:00,2024-02-23,19,4,0,winter,1055,,,,
London,hour,2024-02-23 20:00:00,2024-02-23,20,4,0,winter,697,,,,
London,hour,2024-02-23 21:00:00,2024-02-23,21,4,0,winter,510,,,,
London,hour,2024-02-23 22:00:00,2024-02-23,22,4,0,winter,464,,,,
London,hour,2024-02-23 23:00:00,2024-02-23,23,4,0,winter,330,,,,
London,hour,2024-02-24 00:00:00,2024-02-24,0,5,1,winter,284,,,,
London,hour,2024-02-24 01:00:00,2024-02-24,1,5,1,winter,166,,,,
London,hour,2024-02-24 02:00:00,2024-02-24,2,5,1,winter,83,,,,
London,hour,2024-02-24 03:00:00,2024-02-24,3,5,1,winter,91,,,,
London,hour,2024-02-24 04:00:00,2024-02-24,4,5,1,winter,62,,,,
London,hour,2024-02-24 05:00:00,2024-02-24,5,5,1,winter,68,,,,
London,hour,2024-02-24 06:00:00,2024-02-24,6,5,1,winter,115,,,,
London,hour,2024-02-24 07:00:00,2024-02-24,7,5,1,winter,287,,,,
London,hour,2024-02-24 08:00:00,2024-02-24,8,5,1,winter,595,,,,
London,hour,2024-02-24 09:00:00,2024-02-24,9,5,1,winter,966,,,,
London,hour,2024-02-24 10:00:00,2024-02-24,10,5,1,winter,1293,,,,
London,hour,2024-02-24 11:00:00,2024-02-24,11,5,1,winter,1377,,,,
London,hour,2024-02-24 12:00:00,2024-02-24,12,5,1,winter,1443,,,,
London,hour,2024-02-24 13:00:00,2024-02-24,13,5,1,winter,1507,,,,
London,hour,2024-02-24 14:00:00,2024-02-24,14,5,1,winter,1480,,,,
London,hour,2024-02-24 15:00:00,2024-02-24,15,5,1,winter,1357,,,,
London,hour,2024-02-24 16:00:00,2024-02-24,16,5,1,winter,1426,,,,
London,hour,2024-02-24 17:00:00,2024-02-24,17,5,1,winter,1215,,,,
London,hour,2024-02-24 18:00:00,2024-02-24,18,5,1,winter,1034,,,,
London,hour,2024-02-24 19:00:00,2024-02-24,19,5,1,winter,844,,,,
London,hour,2024-02-24 20:00:00,2024-02-24,20,5,1,winter,593,,,,
London,hour,2024-02-24 21:00:00,2024-02-24,21,5,1,winter,442,,,,
London,hour,2024-02-24 22:00:00,2024-02-24,22,5,1,winter,451,,,,
London,hour,2024-02-24 23:00:00,2024-02-24,23,5,1,winter,386,,,,
London,hour,2024-02-25 00:00:00,2024-02-25,0,6,1,winter,315,,,,
London,hour,2024-02-25 01:00:00,2024-02-25,1,6,1,winter,207,,,,
London,hour,2024-02-25 02:00:00,2024-02-25,2,6,1,winter,155,,,,
London,hour,2024-02-25 03:00:00,2024-02-25,3,6,1,winter,92,,,,
London,hour,2024-02-25 04:00:00,2024-02-25,4,6,1,winter,51,,,,
London,hour,2024-02-25 05:00:00,2024-02-25,5,6,1,winter,55,,,,
London,hour,2024-02-25 06:00:00,2024-02-25,6,6,1,winter,96,,,,
London,hour,2024-02-25 07:00:00,2024-02-25,7,6,1,winter,215,,,,
London,hour,2024-02-25 08:00:00,2024-02-25,8,6,1,winter,418,,,,
London,hour,2024-02-25 09:00:00,2024-02-25,9,6,1,winter,706,,,,
London,hour,2024-02-25 10:00:00,2024-02-25,10,6,1,winter,1021,,,,
London,hour,2024-02-25 11:00:00,2024-02-25,11,6,1,winter,1324,,,,
London,hour,2024-02-25 12:00:00,2024-02-25,12,6,1,winter,1341,,,,
London,hour,2024-02-25 13:00:00,2024-02-25,13,6,1,winter,1349,,,,
London,hour,2024-02-25 14:00:00,2024-02-25,14,6,1,winter,1252,,,,
London,hour,2024-02-25 15:00:00,2024-02-25,15,6,1,winter,1029,,,,
London,hour,2024-02-25 16:00:00,2024-02-25,16,6,1,winter,877,,,,
London,hour,2024-02-25 17:00:00,2024-02-25,17,6,1,winter,663,,,,
London,hour,2024-02-25 18:00:00,2024-02-25,18,6,1,winter,568,,,,
London,hour,2024-02-25 19:00:00,2024-02-25,19,6,1,winter,333,,,,
London,hour,2024-02-25 20:00:00,2024-02-25,20,6,1,winter,207,,,,
London,hour,2024-02-25 21:00:00,2024-02-25,21,6,1,winter,118,,,,
London,hour,2024-02-25 22:00:00,2024-02-25,22,6,1,winter,118,,,,
London,hour,2024-02-25 23:00:00,2024-02-25,23,6,1,winter,90,,,,
London,hour,2024-02-26 00:00:00,2024-02-26,0,0,0,winter,78,,,,
London,hour,2024-02-26 01:00:00,2024-02-26,1,0,0,winter,31,,,,
London,hour,2024-02-26 02:00:00,2024-02-26,2,0,0,winter,36,,,,
London,hour,2024-02-26 03:00:00,2024-02-26,3,0,0,winter,11,,,,
London,hour,2024-02-26 04:00:00,2024-02-26,4,0,0,winter,28,,,,
London,hour,2024-02-26 05:00:00,2024-02-26,5,0,0,winter,129,,,,
London,hour,2024-02-26 06:00:00,2024-02-26,6,0,0,winter,498,,,,
London,hour,2024-02-26 07:00:00,2024-02-26,7,0,0,winter,1470,,,,
London,hour,2024-02-26 08:00:00,2024-02-26,8,0,0,winter,2813,,,,
London,hour,2024-02-26 09:00:00,2024-02-26,9,0,0,winter,1376,,,,
London,hour,2024-02-26 10:00:00,2024-02-26,10,0,0,winter,772,,,,
London,hour,2024-02-26 11:00:00,2024-02-26,11,0,0,winter,745,,,,
London,hour,2024-02-26 12:00:00,2024-02-26,12,0,0,winter,833,,,,
London,hour,2024-02-26 13:00:00,2024-02-26,13,0,0,winter,816,,,,
London,hour,2024-02-26 14:00:00,2024-02-26,14,0,0,winter,829,,,,
London,hour,2024-02-26 15:00:00,2024-02-26,15,0,0,winter,850,,,,
London,hour,2024-02-26 16:00:00,2024-02-26,16,0,0,winter,1252,,,,
London,hour,2024-02-26 17:00:00,2024-02-26,17,0,0,winter,2394,,,,
London,hour,2024-02-26 18:00:00,2024-02-26,18,0,0,winter,2298,,,,
London,hour,2024-02-26 19:00:00,2024-02-26,19,0,0,winter,1373,,,,
London,hour,2024-02-26 20:00:00,2024-02-26,20,0,0,winter,823,,,,
London,hour,2024-02-26 21:00:00,2024-02-26,21,0,0,winter,557,,,,
London,hour,2024-02-26 22:00:00,2024-02-26,22,0,0,winter,436,,,,
London,hour,2024-02-26 23:00:00,2024-02-26,23,0,0,winter,173,,,,
London,hour,2024-02-27 00:00:00,2024-02-27,0,1,0,winter,101,,,,
London,hour,2024-02-27 01:00:00,2024-02-27,1,1,0,winter,43,,,,
London,hour,2024-02-27 02:00:00,2024-02-27,2,1,0,winter,26,,,,
London,hour,2024-02-27 03:00:00,2024-02-27,3,1,0,winter,15,,,,
London,hour,2024-02-27 04:00:00,2024-02-27,4,1,0,winter,40,,,,
London,hour,2024-02-27 05:00:00,2024-02-27,5,1,0,winter,150,,,,
London,hour,2024-02-27 06:00:00,2024-02-27,6,1,0,winter,627,,,,
London,hour,2024-02-27 07:00:00,2024-02-27,7,1,0,winter,1852,,,,
London,hour,2024-02-27 08:00:00,2024-02-27,8,1,0,winter,3425,,,,
London,hour,2024-02-27 09:00:00,2024-02-27,9,1,0,winter,1727,,,,
London,hour,2024-02-27 10:00:00,2024-02-27,10,1,0,winter,999,,,,
London,hour,2024-02-27 11:00:00,2024-02-27,11,1,0,winter,814,,,,
London,hour,2024-02-27 12:00:00,2024-02-27,12,1,0,winter,1002,,,,
London,hour,2024-02-27 13:00:00,2024-02-27,13,1,0,winter,867,,,,
London,hour,2024-02-27 14:00:00,2024-02-27,14,1,0,winter,864,,,,
London,hour,2024-02-27 15:00:00,2024-02-27,15,1,0,winter,1034,,,,
London,hour,2024-02-27 16:00:00,2024-02-27,16,1,0,winter,1545,,,,
London,hour,2024-02-27 17:00:00,2024-02-27,17,1,0,winter,2780,,,,
London,hour,2024-02-27 18:00:00,2024-02-27,18,1,0,winter,2621,,,,
London,hour,2024-02-27 19:00:00,2024-02-27,19,1,0,winter,1584,,,,
London,hour,2024-02-27 20:00:00,2024-02-27,20,1,0,winter,1035,,,,
London,hour,2024-02-27 21:00:00,2024-02-27,21,1,0,winter,763,,,,
London,hour,2024-02-27 22:00:00,2024-02-27,22,1,0,winter,486,,,,
London,hour,2024-02-27 23:00:00,2024-02-27,23,1,0,winter,272,,,,
London,hour,2024-02-28 00:00:00,2024-02-28,0,2,0,winter,101,,,,
London,hour,2024-02-28 01:00:00,2024-02-28,1,2,0,winter,48,,,,
London,hour,2024-02-28 02:00:00,2024-02-28,2,2,0,winter,36,,,,
London,hour,2024-02-28 03:00:00,2024-02-28,3,2,0,winter,24,,,,
London,hour,2024-02-28 04:00:00,2024-02-28,4,2,0,winter,46,,,,
London,hour,2024-02-28 05:00:00,2024-02-28,5,2,0,winter,156,,,,
London,hour,2024-02-28 06:00:00,2024-02-28,6,2,0,winter,631,,,,
London,hour,2024-02-28 07:00:00,2024-02-28,7,2,0,winter,1816,,,,
London,hour,2024-02-28 08:00:00,2024-02-28,8,2,0,winter,3447,,,,
London,hour,2024-02-28 09:00:00,2024-02-28,9,2,0,winter,1797,,,,
London,hour,2024-02-28 10:00:00,2024-02-28,10,2,0,winter,971,,,,
London,hour,2024-02-28 11:00:00,2024-02-28,11,2,0,winter,859,,,,
London,hour,2024-02-28 12:00:00,2024-02-28,12,2,0,winter,1060,,,,
London,hour,2024-02-28 13:00:00,2024-02-28,13,2,0,winter,1080,,,,
London,hour,2024-02-28 14:00:00,2024-02-28,14,2,0,winter,839,,,,
London,hour,2024-02-28 15:00:00,2024-02-28,15,2,0,winter,1072,,,,
London,hour,2024-02-28 16:00:00,2024-02-28,16,2,0,winter,1362,,,,
London,hour,2024-02-28 17:00:00,2024-02-28,17,2,0,winter,2523,,,,
London,hour,2024-02-28 18:00:00,2024-02-28,18,2,0,winter,2219,,,,
London,hour,2024-02-28 19:00:00,2024-02-28,19,2,0,winter,1418,,,,
London,hour,2024-02-28 20:00:00,2024-02-28,20,2,0,winter,918,,,,
London,hour,2024-02-28 21:00:00,2024-02-28,21,2,0,winter,718,,,,
London,hour,2024-02-28 22:00:00,2024-02-28,22,2,0,winter,584,,,,
London,hour,2024-02-28 23:00:00,2024-02-28,23,2,0,winter,341,,,,
London,hour,2024-02-29 00:00:00,2024-02-29,0,3,0,winter,133,,,,
London,hour,2024-02-29 01:00:00,2024-02-29,1,3,0,winter,71,,,,
London,hour,2024-02-29 02:00:00,2024-02-29,2,3,0,winter,40,,,,
London,hour,2024-02-29 03:00:00,2024-02-29,3,3,0,winter,30,,,,
London,hour,2024-02-29 04:00:00,2024-02-29,4,3,0,winter,41,,,,
London,hour,2024-02-29 05:00:00,2024-02-29,5,3,0,winter,136,,,,
London,hour,2024-02-29 06:00:00,2024-02-29,6,3,0,winter,553,,,,
London,hour,2024-02-29 07:00:00,2024-02-29,7,3,0,winter,1625,,,,
London,hour,2024-02-29 08:00:00,2024-02-29,8,3,0,winter,2900,,,,
London,hour,2024-02-29 09:00:00,2024-02-29,9,3,0,winter,1634,,,,
London,hour,2024-02-29 10:00:00,2024-02-29,10,3,0,winter,772,,,,
London,hour,2024-02-29 11:00:00,2024-02-29,11,3,0,winter,436,,,,
London,hour,2024-02-29 12:00:00,2024-02-29,12,3,0,winter,416,,,,
London,hour,2024-02-29 13:00:00,2024-02-29,13,3,0,winter,566,,,,
London,hour,2024-02-29 14:00:00,2024-02-29,14,3,0,winter,509,,,,
London,hour,2024-02-29 15:00:00,2024-02-29,15,3,0,winter,375,,,,
London,hour,2024-02-29 16:00:00,2024-02-29,16,3,0,winter,846,,,,
London,hour,2024-02-29 17:00:00,2024-02-29,17,3,0,winter,1679,,,,
London,hour,2024-02-29 18:00:00,2024-02-29,18,3,0,winter,1433,,,,
London,hour,2024-02-29 19:00:00,2024-02-29,19,3,0,winter,1175,,,,
London,hour,2024-02-29 20:00:00,2024-02-29,20,3,0,winter,880,,,,
London,hour,2024-02-29 21:00:00,2024-02-29,21,3,0,winter,619,,,,
London,hour,2024-02-29 22:00:00,2024-02-29,22,3,0,winter,565,,,,
London,hour,2024-02-29 23:00:00,2024-02-29,23,3,0,winter,361,,,,
London,hour,2024-03-02 00:00:00,2024-03-02,0,5,1,spring,363,,,,
London,hour,2024-03-02 01:00:00,2024-03-02,1,5,1,spring,208,,,,
London,hour,2024-03-02 02:00:00,2024-03-02,2,5,1,spring,177,,,,
London,hour,2024-03-02 03:00:00,2024-03-02,3,5,1,spring,124,,,,
London,hour,2024-03-02 04:00:00,2024-03-02,4,5,1,spring,72,,,,
London,hour,2024-03-02 05:00:00,2024-03-02,5,5,1,spring,79,,,,
London,hour,2024-03-02 06:00:00,2024-03-02,6,5,1,spring,133,,,,
London,hour,2024-03-02 07:00:00,2024-03-02,7,5,1,spring,277,,,,
London,hour,2024-03-02 08:00:00,2024-03-02,8,5,1,spring,583,,,,
London,hour,2024-03-02 09:00:00,2024-03-02,9,5,1,spring,926,,,,
London,hour,2024-03-02 10:00:00,2024-03-02,10,5,1,spring,1159,,,,
London,hour,2024-03-02 11:00:00,2024-03-02,11,5,1,spring,1400,,,,
London,hour,2024-03-02 12:00:00,2024-03-02,12,5,1,spring,1477,,,,
London,hour,2024-03-02 13:00:00,2024-03-02,13,5,1,spring,1502,,,,
London,hour,2024-03-02 14:00:00,2024-03-02,14,5,1,spring,1414,,,,
London,hour,2024-03-02 15:00:00,2024-03-02,15,5,1,spring,1282,,,,
London,hour,2024-03-02 16:00:00,2024-03-02,16,5,1,spring,1370,,,,
London,hour,2024-03-02 17:00:00,2024-03-02,17,5,1,spring,1144,,,,
London,hour,2024-03-02 18:00:00,2024-03-02,18,5,1,spring,1025,,,,
London,hour,2024-03-02 19:00:00,2024-03-02,19,5,1,spring,881,,,,
London,hour,2024-03-02 20:00:00,2024-03-02,20,5,1,spring,497,,,,
London,hour,2024-03-02 21:00:00,2024-03-02,21,5,1,spring,461,,,,
London,hour,2024-03-02 22:00:00,2024-03-02,22,5,1,spring,414,,,,
London,hour,2024-03-02 23:00:00,2024-03-02,23,5,1,spring,385,,,,
London,hour,2024-03-03 00:00:00,2024-03-03,0,6,1,spring,286,,,,
London,hour,2024-03-03 01:00:00,2024-03-03,1,6,1,spring,221,,,,
London,hour,2024-03-03 02:00:00,2024-03-03,2,6,1,spring,139,,,,
London,hour,2024-03-03 03:00:00,2024-03-03,3,6,1,spring,81,,,,
London,hour,2024-03-03 04:00:00,2024-03-03,4,6,1,spring,50,,,,
London,hour,2024-03-03 05:00:00,2024-03-03,5,6,1,spring,47,,,,
London,hour,2024-03-03 06:00:00,2024-03-03,6,6,1,spring,95,,,,
London,hour,2024-03-03 07:00:00,2024-03-03,7,6,1,spring,209,,,,
London,hour,2024-03-03 08:00:00,2024-03-03,8,6,1,spring,345,,,,
London,hour,2024-03-03 09:00:00,2024-03-03,9,6,1,spring,688,,,,
London,hour,2024-03-03 10:00:00,2024-03-03,10,6,1,spring,970,,,,
London,hour,2024-03-03 11:00:00,2024-03-03,11,6,1,spring,1322,,,,
London,hour,2024-03-03 12:00:00,2024-03-03,12,6,1,spring,1463,,,,
London,hour,2024-03-03 13:00:00,2024-03-03,13,6,1,spring,1524,,,,
London,hour,2024-03-03 14:00:00,2024-03-03,14,6,1,spring,1496,,,,
London,hour,2024-03-03 15:00:00,2024-03-03,15,6,1,spring,1541,,,,
London,hour,2024-03-03 16:00:00,2024-03-03,16,6,1,spring,1375,,,,
London,hour,2024-03-03 17:00:00,2024-03-03,17,6,1,spring,1256,,,,
London,hour,2024-03-03 18:00:00,2024-03-03,18,6,1,spring,939,,,,
London,hour,2024-03-03 19:00:00,2024-03-03,19,6,1,spring,684,,,,
London,hour,2024-03-03 20:00:00,2024-03-03,20,6,1,spring,516,,,,
London,hour,2024-03-03 21:00:00,2024-03-03,21,6,1,spring,415,,,,
London,hour,2024-03-03 22:00:00,2024-03-03,22,6,1,spring,300,,,,
London,hour,2024-03-03 23:00:00,2024-03-03,23,6,1,spring,203,,,,
London,hour,2024-03-04 00:00:00,2024-03-04,0,0,0,spring,107,,,,
London,hour,2024-03-04 01:00:00,2024-03-04,1,0,0,spring,48,,,,
London,hour,2024-03-04 02:00:00,2024-03-04,2,0,0,spring,31,,,,
London,hour,2024-03-04 03:00:00,2024-03-04,3,0,0,spring,14,,,,
London,hour,2024-03-04 04:00:00,2024-03-04,4,0,0,spring,50,,,,
London,hour,2024-03-04 05:00:00,2024-03-04,5,0,0,spring,152,,,,
London,hour,2024-03-04 06:00:00,2024-03-04,6,0,0,spring,527,,,,
London,hour,2024-03-04 07:00:00,2024-03-04,7,0,0,spring,1407,,,,
London,hour,2024-03-04 08:00:00,2024-03-04,8,0,0,spring,2480,,,,
London,hour,2024-03-04 09:00:00,2024-03-04,9,0,0,spring,1404,,,,
London,hour,2024-03-04 10:00:00,2024-03-04,10,0,0,spring,845,,,,
London,hour,2024-03-04 11:00:00,2024-03-04,11,0,0,spring,782,,,,
London,hour,2024-03-04 12:00:00,2024-03-04,12,0,0,spring,928,,,,
London,hour,2024-03-04 13:00:00,2024-03-04,13,0,0,spring,947,,,,
London,hour,2024-03-04 14:00:00,2024-03-04,14,0,0,spring,896,,,,
London,hour,2024-03-04 15:00:00,2024-03-04,15,0,0,spring,945,,,,
London,hour,2024-03-04 16:00:00,2024-03-04,16,0,0,spring,1390,,,,
London,hour,2024-03-04 17:00:00,2024-03-04,17,0,0,spring,2682,,,,
London,hour,2024-03-04 18:00:00,2024-03-04,18,0,0,spring,2733,,,,
London,hour,2024-03-04 19:00:00,2024-03-04,19,0,0,spring,1674,,,,
London,hour,2024-03-04 20:00:00,2024-03-04,20,0,0,spring,1063,,,,
London,hour,2024-03-04 21:00:00,2024-03-04,21,0,0,spring,778,,,,
London,hour,2024-03-04 22:00:00,2024-03-04,22,0,0,spring,564,,,,
London,hour,2024-03-04 23:00:00,2024-03-04,23,0,0,spring,300,,,,
London,hour,2024-03-05 00:00:00,2024-03-05,0,1,0,spring,145,,,,
London,hour,2024-03-05 01:00:00,2024-03-05,1,1,0,spring,84,,,,
London,hour,2024-03-05 02:00:00,2024-03-05,2,1,0,spring,51,,,,
London,hour,2024-03-05 03:00:00,2024-03-05,3,1,0,spring,25,,,,
London,hour,2024-03-05 04:00:00,2024-03-05,4,1,0,spring,45,,,,
London,hour,2024-03-05 05:00:00,2024-03-05,5,1,0,spring,103,,,,
London,hour,2024-03-05 06:00:00,2024-03-05,6,1,0,spring,443,,,,
London,hour,2024-03-05 07:00:00,2024-03-05,7,1,0,spring,824,,,,
London,hour,2024-03-05 08:00:00,2024-03-05,8,1,0,spring,1208,,,,
London,hour,2024-03-05 09:00:00,2024-03-05,9,1,0,spring,679,,,,
London,hour,2024-03-05 10:00:00,2024-03-05,10,1,0,spring,425,,,,
London,hour,2024-03-05 11:00:00,2024-03-05,11,1,0,spring,423,,,,
London,hour,2024-03-05 12:00:00,2024-03-05,12,1,0,spring,493,,,,
London,hour,2024-03-05 13:00:00,2024-03-05,13,1,0,spring,641,,,,
London,hour,2024-03-05 14:00:00,2024-03-05,14,1,0,spring,712,,,,
London,hour,2024-03-05 15:00:00,2024-03-05,15,1,0,spring,894,,,,
London,hour,2024-03-05 16:00:00,2024-03-05,16,1,0,spring,1260,,,,
London,hour,2024-03-05 17:00:00,2024-03-05,17,1,0,spring,3157,,,,
London,hour,2024-03-05 18:00:00,2024-03-05,18,1,0,spring,4491,,,,
London,hour,2024-03-05 19:00:00,2024-03-05,19,1,0,spring,3061,,,,
London,hour,2024-03-05 20:00:00,2024-03-05,20,1,0,spring,1866,,,,
London,hour,2024-03-05 21:00:00,2024-03-05,21,1,0,spring,1372,,,,
London,hour,2024-03-05 22:00:00,2024-03-05,22,1,0,spring,998,,,,
London,hour,2024-03-05 23:00:00,2024-03-05,23,1,0,spring,664,,,,
London,hour,2024-03-06 00:00:00,2024-03-06,0,2,0,spring,333,,,,
London,hour,2024-03-06 01:00:00,2024-03-06,1,2,0,spring,135,,,,
London,hour,2024-03-06 02:00:00,2024-03-06,2,2,0,spring,96,,,,
London,hour,2024-03-06 03:00:00,2024-03-06,3,2,0,spring,70,,,,
London,hour,2024-03-06 04:00:00,2024-03-06,4,2,0,spring,91,,,,
London,hour,2024-03-06 05:00:00,2024-03-06,5,2,0,spring,275,,,,
London,hour,2024-03-06 06:00:00,2024-03-06,6,2,0,spring,1353,,,,
London,hour,2024-03-06 07:00:00,2024-03-06,7,2,0,spring,3546,,,,
London,hour,2024-03-06 08:00:00,2024-03-06,8,2,0,spring,6620,,,,
London,hour,2024-03-06 09:00:00,2024-03-06,9,2,0,spring,3497,,,,
London,hour,2024-03-06 10:00:00,2024-03-06,10,2,0,spring,1992,,,,
London,hour,2024-03-06 11:00:00,2024-03-06,11,2,0,spring,1818,,,,
London,hour,2024-03-06 12:00:00,2024-03-06,12,2,0,spring,2242,,,,
London,hour,2024-03-06 13:00:00,2024-03-06,13,2,0,spring,2272,,,,
London,hour,2024-03-06 14:00:00,2024-03-06,14,2,0,spring,2135,,,,
London,hour,2024-03-06 15:00:00,2024-03-06,15,2,0,spring,2371,,,,
London,hour,2024-03-06 16:00:00,2024-03-06,16,2,0,spring,3423,,,,
London,hour,2024-03-06 17:00:00,2024-03-06,17,2,0,spring,6033,,,,
London,hour,2024-03-06 18:00:00,2024-03-06,18,2,0,spring,5666,,,,
London,hour,2024-03-06 19:00:00,2024-03-06,19,2,0,spring,3700,,,,
London,hour,2024-03-06 20:00:00,2024-03-06,20,2,0,spring,2219,,,,
London,hour,2024-03-06 21:00:00,2024-03-06,21,2,0,spring,1644,,,,
London,hour,2024-03-06 22:00:00,2024-03-06,22,2,0,spring,1220,,,,
London,hour,2024-03-06 23:00:00,2024-03-06,23,2,0,spring,667,,,,
London,hour,2024-03-07 00:00:00,2024-03-07,0,3,0,spring,284,,,,
London,hour,2024-03-07 01:00:00,2024-03-07,1,3,0,spring,163,,,,
London,hour,2024-03-07 02:00:00,2024-03-07,2,3,0,spring,72,,,,
London,hour,2024-03-07 03:00:00,2024-03-07,3,3,0,spring,55,,,,
London,hour,2024-03-07 04:00:00,2024-03-07,4,3,0,spring,69,,,,
London,hour,2024-03-07 05:00:00,2024-03-07,5,3,0,spring,288,,,,
London,hour,2024-03-07 06:00:00,2024-03-07,6,3,0,spring,1322,,,,
London,hour,2024-03-07 07:00:00,2024-03-07,7,3,0,spring,3578,,,,
London,hour,2024-03-07 08:00:00,2024-03-07,8,3,0,spring,6565,,,,
London,hour,2024-03-07 09:00:00,2024-03-07,9,3,0,spring,3766,,,,
London,hour,2024-03-07 10:00:00,2024-03-07,10,3,0,spring,2230,,,,
London,hour,2024-03-07 11:00:00,2024-03-07,11,3,0,spring,1909,,,,
London,hour,2024-03-07 12:00:00,2024-03-07,12,3,0,spring,2204,,,,
London,hour,2024-03-07 13:00:00,2024-03-07,13,3,0,spring,2210,,,,
London,hour,2024-03-07 14:00:00,2024-03-07,14,3,0,spring,2166,,,,
London,hour,2024-03-07 15:00:00,2024-03-07,15,3,0,spring,2526,,,,
London,hour,2024-03-07 16:00:00,2024-03-07,16,3,0,spring,3323,,,,
London,hour,2024-03-07 17:00:00,2024-03-07,17,3,0,spring,6081,,,,
London,hour,2024-03-07 18:00:00,2024-03-07,18,3,0,spring,5752,,,,
London,hour,2024-03-07 19:00:00,2024-03-07,19,3,0,spring,3469,,,,
London,hour,2024-03-07 20:00:00,2024-03-07,20,3,0,spring,2350,,,,
London,hour,2024-03-07 21:00:00,2024-03-07,21,3,0,spring,1796,,,,
London,hour,2024-03-07 22:00:00,2024-03-07,22,3,0,spring,1387,,,,
London,hour,2024-03-07 23:00:00,2024-03-07,23,3,0,spring,780,,,,
London,hour,2024-03-08 00:00:00,2024-03-08,0,4,0,spring,175,,,,
London,hour,2024-03-08 01:00:00,2024-03-08,1,4,0,spring,74,,,,
London,hour,2024-03-08 02:00:00,2024-03-08,2,4,0,spring,57,,,,
London,hour,2024-03-08 03:00:00,2024-03-08,3,4,0,spring,29,,,,
London,hour,2024-03-08 04:00:00,2024-03-08,4,4,0,spring,49,,,,
London,hour,2024-03-08 05:00:00,2024-03-08,5,4,0,spring,130,,,,
London,hour,2024-03-08 06:00:00,2024-03-08,6,4,0,spring,490,,,,
London,hour,2024-03-08 07:00:00,2024-03-08,7,4,0,spring,1336,,,,
London,hour,2024-03-08 08:00:00,2024-03-08,8,4,0,spring,2316,,,,
London,hour,2024-03-08 09:00:00,2024-03-08,9,4,0,spring,1502,,,,
London,hour,2024-03-08 10:00:00,2024-03-08,10,4,0,spring,1049,,,,
London,hour,2024-03-08 11:00:00,2024-03-08,11,4,0,spring,1086,,,,
London,hour,2024-03-08 12:00:00,2024-03-08,12,4,0,spring,1244,,,,
London,hour,2024-03-08 13:00:00,2024-03-08,13,4,0,spring,1295,,,,
London,hour,2024-03-08 14:00:00,2024-03-08,14,4,0,spring,1217,,,,
London,hour,2024-03-08 15:00:00,2024-03-08,15,4,0,spring,1288,,,,
London,hour,2024-03-08 16:00:00,2024-03-08,16,4,0,spring,1644,,,,
London,hour,2024-03-08 17:00:00,2024-03-08,17,4,0,spring,2217,,,,
London,hour,2024-03-08 18:00:00,2024-03-08,18,4,0,spring,1792,,,,
London,hour,2024-03-08 19:00:00,2024-03-08,19,4,0,spring,1292,,,,
London,hour,2024-03-08 20:00:00,2024-03-08,20,4,0,spring,805,,,,
London,hour,2024-03-08 21:00:00,2024-03-08,21,4,0,spring,604,,,,
London,hour,2024-03-08 22:00:00,2024-03-08,22,4,0,spring,529,,,,
London,hour,2024-03-08 23:00:00,2024-03-08,23,4,0,spring,397,,,,
London,hour,2024-03-09 00:00:00,2024-03-09,0,5,1,spring,289,,,,
London,hour,2024-03-09 01:00:00,2024-03-09,1,5,1,spring,229,,,,
London,hour,2024-03-09 02:00:00,2024-03-09,2,5,1,spring,140,,,,
London,hour,2024-03-09 03:00:00,2024-03-09,3,5,1,spring,92,,,,
London,hour,2024-03-09 04:00:00,2024-03-09,4,5,1,spring,60,,,,
London,hour,2024-03-09 05:00:00,2024-03-09,5,5,1,spring,93,,,,
London,hour,2024-03-09 06:00:00,2024-03-09,6,5,1,spring,130,,,,
London,hour,2024-03-09 07:00:00,2024-03-09,7,5,1,spring,331,,,,
London,hour,2024-03-09 08:00:00,2024-03-09,8,5,1,spring,707,,,,
London,hour,2024-03-09 09:00:00,2024-03-09,9,5,1,spring,1050,,,,
London,hour,2024-03-09 10:00:00,2024-03-09,10,5,1,spring,1273,,,,
London,hour,2024-03-09 11:00:00,2024-03-09,11,5,1,spring,1693,,,,
London,hour,2024-03-09 12:00:00,2024-03-09,12,5,1,spring,1954,,,,
London,hour,2024-03-09 13:00:00,2024-03-09,13,5,1,spring,2048,,,,
London,hour,2024-03-09 14:00:00,2024-03-09,14,5,1,spring,1858,,,,
London,hour,2024-03-09 15:00:00,2024-03-09,15,5,1,spring,1788,,,,
London,hour,2024-03-09 16:00:00,2024-03-09,16,5,1,spring,1725,,,,
London,hour,2024-03-09 17:00:00,2024-03-09,17,5,1,spring,1446,,,,
London,hour,2024-03-09 18:00:00,2024-03-09,18,5,1,spring,1144,,,,
London,hour,2024-03-09 19:00:00,2024-03-09,19,5,1,spring,939,,,,
London,hour,2024-03-09 20:00:00,2024-03-09,20,5,1,spring,685,,,,
London,hour,2024-03-09 21:00:00,2024-03-09,21,5,1,spring,591,,,,
London,hour,2024-03-09 22:00:00,2024-03-09,22,5,1,spring,489,,,,
London,hour,2024-03-09 23:00:00,2024-03-09,23,5,1,spring,220,,,,
London,hour,2024-03-10 00:00:00,2024-03-10,0,6,1,spring,325,,,,
London,hour,2024-03-10 01:00:00,2024-03-10,1,6,1,spring,237,,,,
London,hour,2024-03-10 02:00:00,2024-03-10,2,6,1,spring,147,,,,
London,hour,2024-03-10 03:00:00,2024-03-10,3,6,1,spring,100,,,,
London,hour,2024-03-10 04:00:00,2024-03-10,4,6,1,spring,98,,,,
London,hour,2024-03-10 05:00:00,2024-03-10,5,6,1,spring,223,,,,
London,hour,2024-03-10 06:00:00,2024-03-10,6,6,1,spring,750,,,,
London,hour,2024-03-10 07:00:00,2024-03-10,7,6,1,spring,2103,,,,
London,hour,2024-03-10 08:00:00,2024-03-10,8,6,1,spring,4237,,,,
London,hour,2024-03-10 09:00:00,2024-03-10,9,6,1,spring,2827,,,,
London,hour,2024-03-10 10:00:00,2024-03-10,10,6,1,spring,1893,,,,
London,hour,2024-03-10 11:00:00,2024-03-10,11,6,1,spring,1517,,,,
London,hour,2024-03-10 12:00:00,2024-03-10,12,6,1,spring,1790,,,,
London,hour,2024-03-10 13:00:00,2024-03-10,13,6,1,spring,1630,,,,
London,hour,2024-03-10 14:00:00,2024-03-10,14,6,1,spring,1657,,,,
London,hour,2024-03-10 15:00:00,2024-03-10,15,6,1,spring,1740,,,,
London,hour,2024-03-10 16:00:00,2024-03-10,16,6,1,spring,2456,,,,
London,hour,2024-03-10 17:00:00,2024-03-10,17,6,1,spring,3863,,,,
London,hour,2024-03-10 18:00:00,2024-03-10,18,6,1,spring,3751,,,,
London,hour,2024-03-10 19:00:00,2024-03-10,19,6,1,spring,2269,,,,
London,hour,2024-03-10 20:00:00,2024-03-10,20,6,1,spring,1582,,,,
London,hour,2024-03-10 21:00:00,2024-03-10,21,6,1,spring,1230,,,,
London,hour,2024-03-10 22:00:00,2024-03-10,22,6,1,spring,1022,,,,
London,hour,2024-03-10 23:00:00,2024-03-10,23,6,1,spring,614,,,,
London,hour,2024-03-11 00:00:00,2024-03-11,0,0,0,spring,528,,,,
London,hour,2024-03-11 01:00:00,2024-03-11,1,0,0,spring,384,,,,
London,hour,2024-03-11 02:00:00,2024-03-11,2,0,0,spring,241,,,,
London,hour,2024-03-11 03:00:00,2024-03-11,3,0,0,spring,199,,,,
London,hour,2024-03-11 04:00:00,2024-03-11,4,0,0,spring,145,,,,
London,hour,2024-03-11 05:00:00,2024-03-11,5,0,0,spring,222,,,,
London,hour,2024-03-11 06:00:00,2024-03-11,6,0,0,spring,738,,,,
London,hour,2024-03-11 07:00:00,2024-03-11,7,0,0,spring,1807,,,,
London,hour,2024-03-11 08:00:00,2024-03-11,8,0,0,spring,3170,,,,
London,hour,2024-03-11 09:00:00,2024-03-11,9,0,0,spring,2197,,,,
London,hour,2024-03-11 10:00:00,2024-03-11,10,0,0,spring,2129,,,,
London,hour,2024-03-11 11:00:00,2024-03-11,11,0,0,spring,2288,,,,
London,hour,2024-03-11 12:00:00,2024-03-11,12,0,0,spring,2665,,,,
London,hour,2024-03-11 13:00:00,2024-03-11,13,0,0,spring,2795,,,,
London,hour,2024-03-11 14:00:00,2024-03-11,14,0,0,spring,2611,,,,
London,hour,2024-03-11 15:00:00,2024-03-11,15,0,0,spring,2774,,,,
London,hour,2024-03-11 16:00:00,2024-03-11,16,0,0,spring,3044,,,,
London,hour,2024-03-11 17:00:00,2024-03-11,17,0,0,spring,4023,,,,
London,hour,2024-03-11 18:00:00,2024-03-11,18,0,0,spring,3646,,,,
London,hour,2024-03-11 19:00:00,2024-03-11,19,0,0,spring,2518,,,,
London,hour,2024-03-11 20:00:00,2024-03-11,20,0,0,spring,1743,,,,
London,hour,2024-03-11 21:00:00,2024-03-11,21,0,0,spring,1199,,,,
London,hour,2024-03-11 22:00:00,2024-03-11,22,0,0,spring,1021,,,,
London,hour,2024-03-11 23:00:00,2024-03-11,23,0,0,spring,536,,,,
London,hour,2024-03-12 00:00:00,2024-03-12,0,1,0,spring,130,,,,
London,hour,2024-03-12 01:00:00,2024-03-12,1,1,0,spring,106,,,,
London,hour,2024-03-12 02:00:00,2024-03-12,2,1,0,spring,61,,,,
London,hour,2024-03-12 03:00:00,2024-03-12,3,1,0,spring,46,,,,
London,hour,2024-03-12 04:00:00,2024-03-12,4,1,0,spring,93,,,,
London,hour,2024-03-12 05:00:00,2024-03-12,5,1,0,spring,280,,,,
London,hour,2024-03-12 06:00:00,2024-03-12,6,1,0,spring,1077,,,,
London,hour,2024-03-12 07:00:00,2024-03-12,7,1,0,spring,2797,,,,
London,hour,2024-03-12 08:00:00,2024-03-12,8,1,0,spring,5310,,,,
London,hour,2024-03-12 09:00:00,2024-03-12,9,1,0,spring,2749,,,,
London,hour,2024-03-12 10:00:00,2024-03-12,10,1,0,spring,1554,,,,
London,hour,2024-03-12 11:00:00,2024-03-12,11,1,0,spring,1272,,,,
London,hour,2024-03-12 12:00:00,2024-03-12,12,1,0,spring,1485,,,,
London,hour,2024-03-12 13:00:00,2024-03-12,13,1,0,spring,1457,,,,
London,hour,2024-03-12 14:00:00,2024-03-12,14,1,0,spring,1478,,,,
London,hour,2024-03-12 15:00:00,2024-03-12,15,1,0,spring,1942,,,,
London,hour,2024-03-12 16:00:00,2024-03-12,16,1,0,spring,2882,,,,
London,hour,2024-03-12 17:00:00,2024-03-12,17,1,0,spring,5342,,,,
London,hour,2024-03-12 18:00:00,2024-03-12,18,1,0,spring,4991,,,,
London,hour,2024-03-12 19:00:00,2024-03-12,19,1,0,spring,3135,,,,
London,hour,2024-03-12 20:00:00,2024-03-12,20,1,0,spring,2055,,,,
London,hour,2024-03-12 21:00:00,2024-03-12,21,1,0,spring,1508,,,,
London,hour,2024-03-12 22:00:00,2024-03-12,22,1,0,spring,1182,,,,
London,hour,2024-03-12 23:00:00,2024-03-12,23,1,0,spring,658,,,,
London,hour,2024-03-13 00:00:00,2024-03-13,0,2,0,spring,115,,,,
London,hour,2024-03-13 01:00:00,2024-03-13,1,2,0,spring,49,,,,
London,hour,2024-03-13 02:00:00,2024-03-13,2,2,0,spring,44,,,,
London,hour,2024-03-13 03:00:00,2024-03-13,3,2,0,spring,15,,,,
London,hour,2024-03-13 04:00:00,2024-03-13,4,2,0,spring,48,,,,
London,hour,2024-03-13 05:00:00,2024-03-13,5,2,0,spring,147,,,,
London,hour,2024-03-13 06:00:00,2024-03-13,6,2,0,spring,676,,,,
London,hour,2024-03-13 07:00:00,2024-03-13,7,2,0,spring,1878,,,,
London,hour,2024-03-13 08:00:00,2024-03-13,8,2,0,spring,3418,,,,
London,hour,2024-03-13 09:00:00,2024-03-13,9,2,0,spring,1755,,,,
London,hour,2024-03-13 10:00:00,2024-03-13,10,2,0,spring,1019,,,,
London,hour,2024-03-13 11:00:00,2024-03-13,11,2,0,spring,919,,,,
London,hour,2024-03-13 12:00:00,2024-03-13,12,2,0,spring,1035,,,,
London,hour,2024-03-13 13:00:00,2024-03-13,13,2,0,spring,1074,,,,
London,hour,2024-03-13 14:00:00,2024-03-13,14,2,0,spring,1026,,,,
London,hour,2024-03-13 15:00:00,2024-03-13,15,2,0,spring,1090,,,,
London,hour,2024-03-13 16:00:00,2024-03-13,16,2,0,spring,1660,,,,
London,hour,2024-03-13 17:00:00,2024-03-13,17,2,0,spring,2824,,,,
London,hour,2024-03-13 18:00:00,2024-03-13,18,2,0,spring,2681,,,,
London,hour,2024-03-13 19:00:00,2024-03-13,19,2,0,spring,1673,,,,
London,hour,2024-03-13 20:00:00,2024-03-13,20,2,0,spring,1053,,,,
London,hour,2024-03-13 21:00:00,2024-03-13,21,2,0,spring,794,,,,
London,hour,2024-03-13 22:00:00,2024-03-13,22,2,0,spring,660,,,,
London,hour,2024-03-13 23:00:00,2024-03-13,23,2,0,spring,361,,,,
London,hour,2024-03-14 00:00:00,2024-03-14,0,3,0,spring,174,,,,
London,hour,2024-03-14 01:00:00,2024-03-14,1,3,0,spring,66,,,,
London,hour,2024-03-14 02:00:00,2024-03-14,2,3,0,spring,41,,,,
London,hour,2024-03-14 03:00:00,2024-03-14,3,3,0,spring,28,,,,
London,hour,2024-03-14 04:00:00,2024-03-14,4,3,0,spring,48,,,,
London,hour,2024-03-14 05:00:00,2024-03-14,5,3,0,spring,161,,,,
London,hour,2024-03-14 06:00:00,2024-03-14,6,3,0,spring,633,,,,
London,hour,2024-03-14 07:00:00,2024-03-14,7,3,0,spring,1849,,,,
London,hour,2024-03-14 08:00:00,2024-03-14,8,3,0,spring,3525,,,,
London,hour,2024-03-14 09:00:00,2024-03-14,9,3,0,spring,1886,,,,
London,hour,2024-03-14 10:00:00,2024-03-14,10,3,0,spring,1081,,,,
London,hour,2024-03-14 11:00:00,2024-03-14,11,3,0,spring,889,,,,
London,hour,2024-03-14 12:00:00,2024-03-14,12,3,0,spring,1126,,,,
London,hour,2024-03-14 13:00:00,2024-03-14,13,3,0,spring,1154,,,,
London,hour,2024-03-14 14:00:00,2024-03-14,14,3,0,spring,1120,,,,
London,hour,2024-03-14 15:00:00,2024-03-14,15,3,0,spring,1160,,,,
London,hour,2024-03-14 16:00:00,2024-03-14,16,3,0,spring,1388,,,,
London,hour,2024-03-14 17:00:00,2024-03-14,17,3,0,spring,2647,,,,
London,hour,2024-03-14 18:00:00,2024-03-14,18,3,0,spring,2340,,,,
London,hour,2024-03-14 19:00:00,2024-03-14,19,3,0,spring,1403,,,,
London,hour,2024-03-14 20:00:00,2024-03-14,20,3,0,spring,1080,,,,
London,hour,2024-03-14 21:00:00,2024-03-14,21,3,0,spring,756,,,,
London,hour,2024-03-14 22:00:00,2024-03-14,22,3,0,spring,684,,,,
London,hour,2024-03-14 23:00:00,2024-03-14,23,3,0,spring,399,,,,
London,hour,2024-03-15 00:00:00,2024-03-15,0,4,0,spring,229,,,,
London,hour,2024-03-15 01:00:00,2024-03-15,1,4,0,spring,100,,,,
London,hour,2024-03-15 02:00:00,2024-03-15,2,4,0,spring,78,,,,
London,hour,2024-03-15 03:00:00,2024-03-15,3,4,0,spring,38,,,,
London,hour,2024-03-15 04:00:00,2024-03-15,4,4,0,spring,57,,,,
London,hour,2024-03-15 05:00:00,2024-03-15,5,4,0,spring,142,,,,
London,hour,2024-03-15 06:00:00,2024-03-15,6,4,0,spring,480,,,,
London,hour,2024-03-15 07:00:00,2024-03-15,7,4,0,spring,1379,,,,
London,hour,2024-03-15 08:00:00,2024-03-15,8,4,0,spring,2251,,,,
London,hour,2024-03-15 09:00:00,2024-03-15,9,4,0,spring,1434,,,,
London,hour,2024-03-15 10:00:00,2024-03-15,10,4,0,spring,1036,,,,
London,hour,2024-03-15 11:00:00,2024-03-15,11,4,0,spring,966,,,,
London,hour,2024-03-15 12:00:00,2024-03-15,12,4,0,spring,1235,,,,
London,hour,2024-03-15 13:00:00,2024-03-15,13,4,0,spring,1270,,,,
London,hour,2024-03-15 14:00:00,2024-03-15,14,4,0,spring,1223,,,,
London,hour,2024-03-15 15:00:00,2024-03-15,15,4,0,spring,1256,,,,
London,hour,2024-03-15 16:00:00,2024-03-15,16,4,0,spring,1662,,,,
London,hour,2024-03-15 17:00:00,2024-03-15,17,4,0,spring,1860,,,,
London,hour,2024-03-15 18:00:00,2024-03-15,18,4,0,spring,1919,,,,
London,hour,2024-03-15 19:00:00,2024-03-15,19,4,0,spring,1302,,,,
London,hour,2024-03-15 20:00:00,2024-03-15,20,4,0,spring,890,,,,
London,hour,2024-03-15 21:00:00,2024-03-15,21,4,0,spring,623,,,,
London,hour,2024-03-15 22:00:00,2024-03-15,22,4,0,spring,585,,,,
London,hour,2024-03-15 23:00:00,2024-03-15,23,4,0,spring,457,,,,
London,hour,2024-03-16 00:00:00,2024-03-16,0,5,1,spring,379,,,,
London,hour,2024-03-16 01:00:00,2024-03-16,1,5,1,spring,212,,,,
London,hour,2024-03-16 02:00:00,2024-03-16,2,5,1,spring,151,,,,
London,hour,2024-03-16 03:00:00,2024-03-16,3,5,1,spring,98,,,,
London,hour,2024-03-16 04:00:00,2024-03-16,4,5,1,spring,92,,,,
London,hour,2024-03-16 05:00:00,2024-03-16,5,5,1,spring,69,,,,
London,hour,2024-03-16 06:00:00,2024-03-16,6,5,1,spring,145,,,,
London,hour,2024-03-16 07:00:00,2024-03-16,7,5,1,spring,344,,,,
London,hour,2024-03-16 08:00:00,2024-03-16,8,5,1,spring,692,,,,
London,hour,2024-03-16 09:00:00,2024-03-16,9,5,1,spring,1224,,,,
London,hour,2024-03-16 10:00:00,2024-03-16,10,5,1,spring,1583,,,,
London,hour,2024-03-16 11:00:00,2024-03-16,11,5,1,spring,1880,,,,
London,hour,2024-03-16 12:00:00,2024-03-16,12,5,1,spring,2017,,,,
London,hour,2024-03-16 13:00:00,2024-03-16,13,5,1,spring,2142,,,,
London,hour,2024-03-16 14:00:00,2024-03-16,14,5,1,spring,1932,,,,
London,hour,2024-03-16 15:00:00,2024-03-16,15,5,1,spring,1856,,,,
London,hour,2024-03-16 16:00:00,2024-03-16,16,5,1,spring,1740,,,,
London,hour,2024-03-16 17:00:00,2024-03-16,17,5,1,spring,1641,,,,
London,hour,2024-03-16 18:00:00,2024-03-16,18,5,1,spring,1388,,,,
London,hour,2024-03-16 19:00:00,2024-03-16,19,5,1,spring,1128,,,,
London,hour,2024-03-16 20:00:00,2024-03-16,20,5,1,spring,712,,,,
London,hour,2024-03-16 21:00:00,2024-03-16,21,5,1,spring,608,,,,
London,hour,2024-03-16 22:00:00,2024-03-16,22,5,1,spring,565,,,,
London,hour,2024-03-16 23:00:00,2024-03-16,23,5,1,spring,393,,,,
London,hour,2024-03-17 00:00:00,2024-03-17,0,6,1,spring,352,,,,
London,hour,2024-03-17 01:00:00,2024-03-17,1,6,1,spring,257,,,,
London,hour,2024-03-17 02:00:00,2024-03-17,2,6,1,spring,163,,,,
London,hour,2024-03-17 03:00:00,2024-03-17,3,6,1,spring,106,,,,
London,hour,2024-03-17 04:00:00,2024-03-17,4,6,1,spring,53,,,,
London,hour,2024-03-17 05:00:00,2024-03-17,5,6,1,spring,51,,,,
London,hour,2024-03-17 06:00:00,2024-03-17,6,6,1,spring,79,,,,
London,hour,2024-03-17 07:00:00,2024-03-17,7,6,1,spring,145,,,,
London,hour,2024-03-17 08:00:00,2024-03-17,8,6,1,spring,252,,,,
London,hour,2024-03-17 09:00:00,2024-03-17,9,6,1,spring,286,,,,
London,hour,2024-03-17 10:00:00,2024-03-17,10,6,1,spring,599,,,,
London,hour,2024-03-17 11:00:00,2024-03-17,11,6,1,spring,1003,,,,
London,hour,2024-03-17 12:00:00,2024-03-17,12,6,1,spring,1292,,,,
London,hour,2024-03-17 13:00:00,2024-03-17,13,6,1,spring,1367,,,,
London,hour,2024-03-17 14:00:00,2024-03-17,14,6,1,spring,1548,,,,
London,hour,2024-03-17 15:00:00,2024-03-17,15,6,1,spring,1704,,,,
London,hour,2024-03-17 16:00:00,2024-03-17,16,6,1,spring,1750,,,,
London,hour,2024-03-17 17:00:00,2024-03-17,17,6,1,spring,1579,,,,
London,hour,2024-03-17 18:00:00,2024-03-17,18,6,1,spring,1349,,,,
London,hour,2024-03-17 19:00:00,2024-03-17,19,6,1,spring,877,,,,
London,hour,2024-03-17 20:00:00,2024-03-17,20,6,1,spring,644,,,,
London,hour,2024-03-17 21:00:00,2024-03-17,21,6,1,spring,484,,,,
London,hour,2024-03-17 22:00:00,2024-03-17,22,6,1,spring,417,,,,
London,hour,2024-03-17 23:00:00,2024-03-17,23,6,1,spring,254,,,,
London,hour,2024-03-18 00:00:00,2024-03-18,0,0,0,spring,167,,,,
London,hour,2024-03-18 01:00:00,2024-03-18,1,0,0,spring,84,,,,
London,hour,2024-03-18 02:00:00,2024-03-18,2,0,0,spring,49,,,,
London,hour,2024-03-18 03:00:00,2024-03-18,3,0,0,spring,38,,,,
London,hour,2024-03-18 04:00:00,2024-03-18,4,0,0,spring,49,,,,
London,hour,2024-03-18 05:00:00,2024-03-18,5,0,0,spring,153,,,,
London,hour,2024-03-18 06:00:00,2024-03-18,6,0,0,spring,636,,,,
London,hour,2024-03-18 07:00:00,2024-03-18,7,0,0,spring,1813,,,,
London,hour,2024-03-18 08:00:00,2024-03-18,8,0,0,spring,3101,,,,
London,hour,2024-03-18 09:00:00,2024-03-18,9,0,0,spring,1599,,,,
London,hour,2024-03-18 10:00:00,2024-03-18,10,0,0,spring,1028,,,,
London,hour,2024-03-18 11:00:00,2024-03-18,11,0,0,spring,908,,,,
London,hour,2024-03-18 12:00:00,2024-03-18,12,0,0,spring,1136,,,,
London,hour,2024-03-18 13:00:00,2024-03-18,13,0,0,spring,1086,,,,
London,hour,2024-03-18 14:00:00,2024-03-18,14,0,0,spring,1089,,,,
London,hour,2024-03-18 15:00:00,2024-03-18,15,0,0,spring,1152,,,,
London,hour,2024-03-18 16:00:00,2024-03-18,16,0,0,spring,1609,,,,
London,hour,2024-03-18 17:00:00,2024-03-18,17,0,0,spring,2975,,,,
London,hour,2024-03-18 18:00:00,2024-03-18,18,0,0,spring,2624,,,,
London,hour,2024-03-18 19:00:00,2024-03-18,19,0,0,spring,1711,,,,
London,hour,2024-03-18 20:00:00,2024-03-18,20,0,0,spring,1015,,,,
London,hour,2024-03-18 21:00:00,2024-03-18,21,0,0,spring,725,,,,
London,hour,2024-03-18 22:00:00,2024-03-18,22,0,0,spring,515,,,,
London,hour,2024-03-18 23:00:00,2024-03-18,23,0,0,spring,270,,,,
London,hour,2024-03-19 00:00:00,2024-03-19,0,1,0,spring,101,,,,
London,hour,2024-03-19 01:00:00,2024-03-19,1,1,0,spring,81,,,,
London,hour,2024-03-19 02:00:00,2024-03-19,2,1,0,spring,28,,,,
London,hour,2024-03-19 03:00:00,2024-03-19,3,1,0,spring,18,,,,
London,hour,2024-03-19 04:00:00,2024-03-19,4,1,0,spring,48,,,,
London,hour,2024-03-19 05:00:00,2024-03-19,5,1,0,spring,157,,,,
London,hour,2024-03-19 06:00:00,2024-03-19,6,1,0,spring,741,,,,
London,hour,2024-03-19 07:00:00,2024-03-19,7,1,0,spring,2152,,,,
London,hour,2024-03-19 08:00:00,2024-03-19,8,1,0,spring,3687,,,,
London,hour,2024-03-19 09:00:00,2024-03-19,9,1,0,spring,1750,,,,
London,hour,2024-03-19 10:00:00,2024-03-19,10,1,0,spring,1050,,,,
London,hour,2024-03-19 11:00:00,2024-03-19,11,1,0,spring,925,,,,
London,hour,2024-03-19 12:00:00,2024-03-19,12,1,0,spring,1002,,,,
London,hour,2024-03-19 13:00:00,2024-03-19,13,1,0,spring,1053,,,,
London,hour,2024-03-19 14:00:00,2024-03-19,14,1,0,spring,966,,,,
London,hour,2024-03-19 15:00:00,2024-03-19,15,1,0,spring,1127,,,,
London,hour,2024-03-19 16:00:00,2024-03-19,16,1,0,spring,1696,,,,
London,hour,2024-03-19 17:00:00,2024-03-19,17,1,0,spring,3071,,,,
London,hour,2024-03-19 18:00:00,2024-03-19,18,1,0,spring,2865,,,,
London,hour,2024-03-19 19:00:00,2024-03-19,19,1,0,spring,1704,,,,
London,hour,2024-03-19 20:00:00,2024-03-19,20,1,0,spring,1077,,,,
London,hour,2024-03-19 21:00:00,2024-03-19,21,1,0,spring,829,,,,
London,hour,2024-03-19 22:00:00,2024-03-19,22,1,0,spring,598,,,,
London,hour,2024-03-19 23:00:00,2024-03-19,23,1,0,spring,321,,,,
London,hour,2024-03-20 00:00:00,2024-03-20,0,2,0,spring,146,,,,
London,hour,2024-03-20 01:00:00,2024-03-20,1,2,0,spring,57,,,,
London,hour,2024-03-20 02:00:00,2024-03-20,2,2,0,spring,38,,,,
London,hour,2024-03-20 03:00:00,2024-03-20,3,2,0,spring,29,,,,
London,hour,2024-03-20 04:00:00,2024-03-20,4,2,0,spring,65,,,,
London,hour,2024-03-20 05:00:00,2024-03-20,5,2,0,spring,149,,,,
London,hour,2024-03-20 06:00:00,2024-03-20,6,2,0,spring,672,,,,
London,hour,2024-03-20 07:00:00,2024-03-20,7,2,0,spring,1732,,,,
London,hour,2024-03-20 08:00:00,2024-03-20,8,2,0,spring,3503,,,,
London,hour,2024-03-20 09:00:00,2024-03-20,9,2,0,spring,1975,,,,
London,hour,2024-03-20 10:00:00,2024-03-20,10,2,0,spring,1088,,,,
London,hour,2024-03-20 11:00:00,2024-03-20,11,2,0,spring,1013,,,,
London,hour,2024-03-20 12:00:00,2024-03-20,12,2,0,spring,1182,,,,
London,hour,2024-03-20 13:00:00,2024-03-20,13,2,0,spring,1220,,,,
London,hour,2024-03-20 14:00:00,2024-03-20,14,2,0,spring,1148,,,,
London,hour,2024-03-20 15:00:00,2024-03-20,15,2,0,spring,1234,,,,
London,hour,2024-03-20 16:00:00,2024-03-20,16,2,0,spring,1789,,,,
London,hour,2024-03-20 17:00:00,2024-03-20,17,2,0,spring,3233,,,,
London,hour,2024-03-20 18:00:00,2024-03-20,18,2,0,spring,2987,,,,
London,hour,2024-03-20 19:00:00,2024-03-20,19,2,0,spring,1885,,,,
London,hour,2024-03-20 20:00:00,2024-03-20,20,2,0,spring,1162,,,,
London,hour,2024-03-20 21:00:00,2024-03-20,21,2,0,spring,911,,,,
London,hour,2024-03-20 22:00:00,2024-03-20,22,2,0,spring,719,,,,
London,hour,2024-03-20 23:00:00,2024-03-20,23,2,0,spring,402,,,,
London,hour,2024-03-21 00:00:00,2024-03-21,0,3,0,spring,164,,,,
London,hour,2024-03-21 01:00:00,2024-03-21,1,3,0,spring,83,,,,
London,hour,2024-03-21 02:00:00,2024-03-21,2,3,0,spring,57,,,,
London,hour,2024-03-21 03:00:00,2024-03-21,3,3,0,spring,37,,,,
London,hour,2024-03-21 04:00:00,2024-03-21,4,3,0,spring,64,,,,
London,hour,2024-03-21 05:00:00,2024-03-21,5,3,0,spring,145,,,,
London,hour,2024-03-21 06:00:00,2024-03-21,6,3,0,spring,657,,,,
London,hour,2024-03-21 07:00:00,2024-03-21,7,3,0,spring,1967,,,,
London,hour,2024-03-21 08:00:00,2024-03-21,8,3,0,spring,3756,,,,
London,hour,2024-03-21 09:00:00,2024-03-21,9,3,0,spring,1969,,,,
London,hour,2024-03-21 10:00:00,2024-03-21,10,3,0,spring,1121,,,,
London,hour,2024-03-21 11:00:00,2024-03-21,11,3,0,spring,1077,,,,
London,hour,2024-03-21 12:00:00,2024-03-21,12,3,0,spring,1224,,,,
London,hour,2024-03-21 13:00:00,2024-03-21,13,3,0,spring,1181,,,,
London,hour,2024-03-21 14:00:00,2024-03-21,14,3,0,spring,1132,,,,
London,hour,2024-03-21 15:00:00,2024-03-21,15,3,0,spring,1319,,,,
London,hour,2024-03-21 16:00:00,2024-03-21,16,3,0,spring,1657,,,,
London,hour,2024-03-21 17:00:00,2024-03-21,17,3,0,spring,2989,,,,
London,hour,2024-03-21 18:00:00,2024-03-21,18,3,0,spring,2724,,,,
London,hour,2024-03-21 19:00:00,2024-03-21,19,3,0,spring,1712,,,,
London,hour,2024-03-21 20:00:00,2024-03-21,20,3,0,spring,1084,,,,
London,hour,2024-03-21 21:00:00,2024-03-21,21,3,0,spring,850,,,,
London,hour,2024-03-21 22:00:00,2024-03-21,22,3,0,spring,749,,,,
London,hour,2024-03-21 23:00:00,2024-03-21,23,3,0,spring,453,,,,
London,hour,2024-03-22 00:00:00,2024-03-22,0,4,0,spring,203,,,,
London,hour,2024-03-22 01:00:00,2024-03-22,1,4,0,spring,96,,,,
London,hour,2024-03-22 02:00:00,2024-03-22,2,4,0,spring,71,,,,
London,hour,2024-03-22 03:00:00,2024-03-22,3,4,0,spring,43,,,,
London,hour,2024-03-22 04:00:00,2024-03-22,4,4,0,spring,49,,,,
London,hour,2024-03-22 05:00:00,2024-03-22,5,4,0,spring,155,,,,
London,hour,2024-03-22 06:00:00,2024-03-22,6,4,0,spring,536,,,,
London,hour,2024-03-22 07:00:00,2024-03-22,7,4,0,spring,1369,,,,
London,hour,2024-03-22 08:00:00,2024-03-22,8,4,0,spring,2258,,,,
London,hour,2024-03-22 09:00:00,2024-03-22,9,4,0,spring,1452,,,,
London,hour,2024-03-22 10:00:00,2024-03-22,10,4,0,spring,921,,,,
London,hour,2024-03-22 11:00:00,2024-03-22,11,4,0,spring,695,,,,
London,hour,2024-03-22 12:00:00,2024-03-22,12,4,0,spring,834,,,,
London,hour,2024-03-22 13:00:00,2024-03-22,13,4,0,spring,1063,,,,
London,hour,2024-03-22 14:00:00,2024-03-22,14,4,0,spring,1066,,,,
London,hour,2024-03-22 15:00:00,2024-03-22,15,4,0,spring,1169,,,,
London,hour,2024-03-22 16:00:00,2024-03-22,16,4,0,spring,1597,,,,
London,hour,2024-03-22 17:00:00,2024-03-22,17,4,0,spring,2479,,,,
London,hour,2024-03-22 18:00:00,2024-03-22,18,4,0,spring,2180,,,,
London,hour,2024-03-22 19:00:00,2024-03-22,19,4,0,spring,1409,,,,
London,hour,2024-03-22 20:00:00,2024-03-22,20,4,0,spring,898,,,,
London,hour,2024-03-22 21:00:00,2024-03-22,21,4,0,spring,661,,,,
London,hour,2024-03-22 22:00:00,2024-03-22,22,4,0,spring,567,,,,
London,hour,2024-03-22 23:00:00,2024-03-22,23,4,0,spring,466,,,,
London,hour,2024-03-23 00:00:00,2024-03-23,0,5,1,spring,330,,,,
London,hour,2024-03-23 01:00:00,2024-03-23,1,5,1,spring,219,,,,
London,hour,2024-03-23 02:00:00,2024-03-23,2,5,1,spring,180,,,,
London,hour,2024-03-23 03:00:00,2024-03-23,3,5,1,spring,117,,,,
London,hour,2024-03-23 04:00:00,2024-03-23,4,5,1,spring,55,,,,
London,hour,2024-03-23 05:00:00,2024-03-23,5,5,1,spring,73,,,,
London,hour,2024-03-23 06:00:00,2024-03-23,6,5,1,spring,136,,,,
London,hour,2024-03-23 07:00:00,2024-03-23,7,5,1,spring,328,,,,
London,hour,2024-03-23 08:00:00,2024-03-23,8,5,1,spring,688,,,,
London,hour,2024-03-23 09:00:00,2024-03-23,9,5,1,spring,1039,,,,
London,hour,2024-03-23 10:00:00,2024-03-23,10,5,1,spring,1284,,,,
London,hour,2024-03-23 11:00:00,2024-03-23,11,5,1,spring,1456,,,,
London,hour,2024-03-23 12:00:00,2024-03-23,12,5,1,spring,1603,,,,
London,hour,2024-03-23 13:00:00,2024-03-23,13,5,1,spring,1649,,,,
London,hour,2024-03-23 14:00:00,2024-03-23,14,5,1,spring,1537,,,,
London,hour,2024-03-23 15:00:00,2024-03-23,15,5,1,spring,1378,,,,
London,hour,2024-03-23 16:00:00,2024-03-23,16,5,1,spring,1421,,,,
London,hour,2024-03-23 17:00:00,2024-03-23,17,5,1,spring,1517,,,,
London,hour,2024-03-23 18:00:00,2024-03-23,18,5,1,spring,1244,,,,
London,hour,2024-03-23 19:00:00,2024-03-23,19,5,1,spring,845,,,,
London,hour,2024-03-23 20:00:00,2024-03-23,20,5,1,spring,610,,,,
London,hour,2024-03-23 21:00:00,2024-03-23,21,5,1,spring,511,,,,
London,hour,2024-03-23 22:00:00,2024-03-23,22,5,1,spring,474,,,,
London,hour,2024-03-23 23:00:00,2024-03-23,23,5,1,spring,420,,,,
London,hour,2024-03-24 00:00:00,2024-03-24,0,6,1,spring,299,,,,
London,hour,2024-03-24 01:00:00,2024-03-24,1,6,1,spring,186,,,,
London,hour,2024-03-24 02:00:00,2024-03-24,2,6,1,spring,125,,,,
London,hour,2024-03-24 03:00:00,2024-03-24,3,6,1,spring,83,,,,
London,hour,2024-03-24 04:00:00,2024-03-24,4,6,1,spring,54,,,,
London,hour,2024-03-24 05:00:00,2024-03-24,5,6,1,spring,48,,,,
London,hour,2024-03-24 06:00:00,2024-03-24,6,6,1,spring,107,,,,
London,hour,2024-03-24 07:00:00,2024-03-24,7,6,1,spring,242,,,,
London,hour,2024-03-24 08:00:00,2024-03-24,8,6,1,spring,417,,,,
London,hour,2024-03-24 09:00:00,2024-03-24,9,6,1,spring,753,,,,
London,hour,2024-03-24 10:00:00,2024-03-24,10,6,1,spring,1088,,,,
London,hour,2024-03-24 11:00:00,2024-03-24,11,6,1,spring,1258,,,,
London,hour,2024-03-24 12:00:00,2024-03-24,12,6,1,spring,1663,,,,
London,hour,2024-03-24 13:00:00,2024-03-24,13,6,1,spring,1669,,,,
London,hour,2024-03-24 14:00:00,2024-03-24,14,6,1,spring,1679,,,,
London,hour,2024-03-24 15:00:00,2024-03-24,15,6,1,spring,1683,,,,
London,hour,2024-03-24 16:00:00,2024-03-24,16,6,1,spring,1635,,,,
London,hour,2024-03-24 17:00:00,2024-03-24,17,6,1,spring,1650,,,,
London,hour,2024-03-24 18:00:00,2024-03-24,18,6,1,spring,1232,,,,
London,hour,2024-03-24 19:00:00,2024-03-24,19,6,1,spring,795,,,,
London,hour,2024-03-24 20:00:00,2024-03-24,20,6,1,spring,536,,,,
London,hour,2024-03-24 21:00:00,2024-03-24,21,6,1,spring,420,,,,
London,hour,2024-03-24 22:00:00,2024-03-24,22,6,1,spring,358,,,,
London,hour,2024-03-24 23:00:00,2024-03-24,23,6,1,spring,204,,,,
London,hour,2024-03-25 00:00:00,2024-03-25,0,0,0,spring,129,,,,
London,hour,2024-03-25 01:00:00,2024-03-25,1,0,0,spring,51,,,,
London,hour,2024-03-25 02:00:00,2024-03-25,2,0,0,spring,37,,,,
London,hour,2024-03-25 03:00:00,2024-03-25,3,0,0,spring,19,,,,
London,hour,2024-03-25 04:00:00,2024-03-25,4,0,0,spring,50,,,,
London,hour,2024-03-25 05:00:00,2024-03-25,5,0,0,spring,141,,,,
London,hour,2024-03-25 06:00:00,2024-03-25,6,0,0,spring,657,,,,
London,hour,2024-03-25 07:00:00,2024-03-25,7,0,0,spring,1656,,,,
London,hour,2024-03-25 08:00:00,2024-03-25,8,0,0,spring,2824,,,,
London,hour,2024-03-25 09:00:00,2024-03-25,9,0,0,spring,1451,,,,
London,hour,2024-03-25 10:00:00,2024-03-25,10,0,0,spring,900,,,,
London,hour,2024-03-25 11:00:00,2024-03-25,11,0,0,spring,889,,,,
London,hour,2024-03-25 12:00:00,2024-03-25,12,0,0,spring,981,,,,
London,hour,2024-03-25 13:00:00,2024-03-25,13,0,0,spring,1003,,,,
London,hour,2024-03-25 14:00:00,2024-03-25,14,0,0,spring,932,,,,
London,hour,2024-03-25 15:00:00,2024-03-25,15,0,0,spring,1169,,,,
London,hour,2024-03-25 16:00:00,2024-03-25,16,0,0,spring,1557,,,,
London,hour,2024-03-25 17:00:00,2024-03-25,17,0,0,spring,2664,,,,
London,hour,2024-03-25 18:00:00,2024-03-25,18,0,0,spring,2458,,,,
London,hour,2024-03-25 19:00:00,2024-03-25,19,0,0,spring,1525,,,,
London,hour,2024-03-25 20:00:00,2024-03-25,20,0,0,spring,937,,,,
London,hour,2024-03-25 21:00:00,2024-03-25,21,0,0,spring,635,,,,
London,hour,2024-03-25 22:00:00,2024-03-25,22,0,0,spring,455,,,,
London,hour,2024-03-25 23:00:00,2024-03-25,23,0,0,spring,245,,,,
London,hour,2024-03-26 00:00:00,2024-03-26,0,1,0,spring,113,,,,
London,hour,2024-03-26 01:00:00,2024-03-26,1,1,0,spring,66,,,,
London,hour,2024-03-26 02:00:00,2024-03-26,2,1,0,spring,23,,,,
London,hour,2024-03-26 03:00:00,2024-03-26,3,1,0,spring,17,,,,
London,hour,2024-03-26 04:00:00,2024-03-26,4,1,0,spring,48,,,,
London,hour,2024-03-26 05:00:00,2024-03-26,5,1,0,spring,165,,,,
London,hour,2024-03-26 06:00:00,2024-03-26,6,1,0,spring,746,,,,
London,hour,2024-03-26 07:00:00,2024-03-26,7,1,0,spring,1913,,,,
London,hour,2024-03-26 08:00:00,2024-03-26,8,1,0,spring,3436,,,,
London,hour,2024-03-26 09:00:00,2024-03-26,9,1,0,spring,1757,,,,
London,hour,2024-03-26 10:00:00,2024-03-26,10,1,0,spring,1078,,,,
London,hour,2024-03-26 11:00:00,2024-03-26,11,1,0,spring,1031,,,,
London,hour,2024-03-26 12:00:00,2024-03-26,12,1,0,spring,1153,,,,
London,hour,2024-03-26 13:00:00,2024-03-26,13,1,0,spring,1058,,,,
London,hour,2024-03-26 14:00:00,2024-03-26,14,1,0,spring,896,,,,
London,hour,2024-03-26 15:00:00,2024-03-26,15,1,0,spring,798,,,,
London,hour,2024-03-26 16:00:00,2024-03-26,16,1,0,spring,763,,,,
London,hour,2024-03-26 17:00:00,2024-03-26,17,1,0,spring,1246,,,,
London,hour,2024-03-26 18:00:00,2024-03-26,18,1,0,spring,1153,,,,
London,hour,2024-03-26 19:00:00,2024-03-26,19,1,0,spring,643,,,,
London,hour,2024-03-26 20:00:00,2024-03-26,20,1,0,spring,410,,,,
London,hour,2024-03-26 21:00:00,2024-03-26,21,1,0,spring,285,,,,
London,hour,2024-03-26 22:00:00,2024-03-26,22,1,0,spring,244,,,,
London,hour,2024-03-26 23:00:00,2024-03-26,23,1,0,spring,214,,,,
London,hour,2024-03-27 00:00:00,2024-03-27,0,2,0,spring,104,,,,
London,hour,2024-03-27 01:00:00,2024-03-27,1,2,0,spring,49,,,,
London,hour,2024-03-27 02:00:00,2024-03-27,2,2,0,spring,21,,,,
London,hour,2024-03-27 03:00:00,2024-03-27,3,2,0,spring,22,,,,
London,hour,2024-03-27 04:00:00,2024-03-27,4,2,0,spring,62,,,,
London,hour,2024-03-27 05:00:00,2024-03-27,5,2,0,spring,160,,,,
London,hour,2024-03-27 06:00:00,2024-03-27,6,2,0,spring,697,,,,
London,hour,2024-03-27 07:00:00,2024-03-27,7,2,0,spring,1819,,,,
London,hour,2024-03-27 08:00:00,2024-03-27,8,2,0,spring,3173,,,,
London,hour,2024-03-27 09:00:00,2024-03-27,9,2,0,spring,1641,,,,
London,hour,2024-03-27 10:00:00,2024-03-27,10,2,0,spring,918,,,,
London,hour,2024-03-27 11:00:00,2024-03-27,11,2,0,spring,877,,,,
London,hour,2024-03-27 12:00:00,2024-03-27,12,2,0,spring,770,,,,
London,hour,2024-03-27 13:00:00,2024-03-27,13,2,0,spring,467,,,,
London,hour,2024-03-27 14:00:00,2024-03-27,14,2,0,spring,843,,,,
London,hour,2024-03-27 15:00:00,2024-03-27,15,2,0,spring,1024,,,,
London,hour,2024-03-27 16:00:00,2024-03-27,16,2,0,spring,1485,,,,
London,hour,2024-03-27 17:00:00,2024-03-27,17,2,0,spring,2599,,,,
London,hour,2024-03-27 18:00:00,2024-03-27,18,2,0,spring,2469,,,,
London,hour,2024-03-27 19:00:00,2024-03-27,19,2,0,spring,1415,,,,
London,hour,2024-03-27 20:00:00,2024-03-27,20,2,0,spring,886,,,,
London,hour,2024-03-27 21:00:00,2024-03-27,21,2,0,spring,733,,,,
London,hour,2024-03-27 22:00:00,2024-03-27,22,2,0,spring,565,,,,
London,hour,2024-03-27 23:00:00,2024-03-27,23,2,0,spring,336,,,,
London,hour,2024-03-28 00:00:00,2024-03-28,0,3,0,spring,162,,,,
London,hour,2024-03-28 01:00:00,2024-03-28,1,3,0,spring,42,,,,
London,hour,2024-03-28 02:00:00,2024-03-28,2,3,0,spring,15,,,,
London,hour,2024-03-28 03:00:00,2024-03-28,3,3,0,spring,24,,,,
London,hour,2024-03-28 04:00:00,2024-03-28,4,3,0,spring,61,,,,
London,hour,2024-03-28 05:00:00,2024-03-28,5,3,0,spring,131,,,,
London,hour,2024-03-28 06:00:00,2024-03-28,6,3,0,spring,523,,,,
London,hour,2024-03-28 07:00:00,2024-03-28,7,3,0,spring,1434,,,,
London,hour,2024-03-28 08:00:00,2024-03-28,8,3,0,spring,2006,,,,
London,hour,2024-03-28 09:00:00,2024-03-28,9,3,0,spring,1303,,,,
London,hour,2024-03-28 10:00:00,2024-03-28,10,3,0,spring,906,,,,
London,hour,2024-03-28 11:00:00,2024-03-28,11,3,0,spring,513,,,,
London,hour,2024-03-28 12:00:00,2024-03-28,12,3,0,spring,306,,,,
London,hour,2024-03-28 13:00:00,2024-03-28,13,3,0,spring,479,,,,
London,hour,2024-03-28 14:00:00,2024-03-28,14,3,0,spring,534,,,,
London,hour,2024-03-28 15:00:00,2024-03-28,15,3,0,spring,674,,,,
London,hour,2024-03-28 16:00:00,2024-03-28,16,3,0,spring,1082,,,,
London,hour,2024-03-28 17:00:00,2024-03-28,17,3,0,spring,1751,,,,
London,hour,2024-03-28 18:00:00,2024-03-28,18,3,0,spring,1714,,,,
London,hour,2024-03-28 19:00:00,2024-03-28,19,3,0,spring,1036,,,,
London,hour,2024-03-28 20:00:00,2024-03-28,20,3,0,spring,660,,,,
London,hour,2024-03-28 21:00:00,2024-03-28,21,3,0,spring,531,,,,
London,hour,2024-03-28 22:00:00,2024-03-28,22,3,0,spring,362,,,,
London,hour,2024-03-28 23:00:00,2024-03-28,23,3,0,spring,306,,,,
London,hour,2024-03-29 00:00:00,2024-03-29,0,4,0,spring,212,,,,
London,hour,2024-03-29 01:00:00,2024-03-29,1,4,0,spring,121,,,,
London,hour,2024-03-29 02:00:00,2024-03-29,2,4,0,spring,100,,,,
London,hour,2024-03-29 03:00:00,2024-03-29,3,4,0,spring,74,,,,
London,hour,2024-03-29 04:00:00,2024-03-29,4,4,0,spring,50,,,,
London,hour,2024-03-29 05:00:00,2024-03-29,5,4,0,spring,58,,,,
London,hour,2024-03-29 06:00:00,2024-03-29,6,4,0,spring,136,,,,
London,hour,2024-03-29 07:00:00,2024-03-29,7,4,0,spring,260,,,,
London,hour,2024-03-29 08:00:00,2024-03-29,8,4,0,spring,420,,,,
London,hour,2024-03-29 09:00:00,2024-03-29,9,4,0,spring,660,,,,
London,hour,2024-03-29 10:00:00,2024-03-29,10,4,0,spring,789,,,,
London,hour,2024-03-29 11:00:00,2024-03-29,11,4,0,spring,1009,,,,
London,hour,2024-03-29 12:00:00,2024-03-29,12,4,0,spring,1150,,,,
London,hour,2024-03-29 13:00:00,2024-03-29,13,4,0,spring,1252,,,,
London,hour,2024-03-29 14:00:00,2024-03-29,14,4,0,spring,1320,,,,
London,hour,2024-03-29 15:00:00,2024-03-29,15,4,0,spring,1378,,,,
London,hour,2024-03-29 16:00:00,2024-03-29,16,4,0,spring,1319,,,,
London,hour,2024-03-29 17:00:00,2024-03-29,17,4,0,spring,1377,,,,
London,hour,2024-03-29 18:00:00,2024-03-29,18,4,0,spring,1244,,,,
London,hour,2024-03-29 19:00:00,2024-03-29,19,4,0,spring,827,,,,
London,hour,2024-03-29 20:00:00,2024-03-29,20,4,0,spring,623,,,,
London,hour,2024-03-29 21:00:00,2024-03-29,21,4,0,spring,487,,,,
London,hour,2024-03-29 22:00:00,2024-03-29,22,4,0,spring,439,,,,
London,hour,2024-03-29 23:00:00,2024-03-29,23,4,0,spring,361,,,,
London,hour,2024-03-30 00:00:00,2024-03-30,0,5,1,spring,243,,,,
London,hour,2024-03-30 01:00:00,2024-03-30,1,5,1,spring,150,,,,
London,hour,2024-03-30 02:00:00,2024-03-30,2,5,1,spring,118,,,,
London,hour,2024-03-30 03:00:00,2024-03-30,3,5,1,spring,90,,,,
London,hour,2024-03-30 04:00:00,2024-03-30,4,5,1,spring,71,,,,
London,hour,2024-03-30 05:00:00,2024-03-30,5,5,1,spring,79,,,,
London,hour,2024-03-30 06:00:00,2024-03-30,6,5,1,spring,127,,,,
London,hour,2024-03-30 07:00:00,2024-03-30,7,5,1,spring,244,,,,
London,hour,2024-03-30 08:00:00,2024-03-30,8,5,1,spring,523,,,,
London,hour,2024-03-30 09:00:00,2024-03-30,9,5,1,spring,834,,,,
London,hour,2024-03-30 10:00:00,2024-03-30,10,5,1,spring,1185,,,,
London,hour,2024-03-30 11:00:00,2024-03-30,11,5,1,spring,1451,,,,
London,hour,2024-03-30 12:00:00,2024-03-30,12,5,1,spring,1679,,,,
London,hour,2024-03-30 13:00:00,2024-03-30,13,5,1,spring,1677,,,,
London,hour,2024-03-30 14:00:00,2024-03-30,14,5,1,spring,1871,,,,
London,hour,2024-03-30 15:00:00,2024-03-30,15,5,1,spring,1813,,,,
London,hour,2024-03-30 16:00:00,2024-03-30,16,5,1,spring,1795,,,,
London,hour,2024-03-30 17:00:00,2024-03-30,17,5,1,spring,1768,,,,
London,hour,2024-03-30 18:00:00,2024-03-30,18,5,1,spring,1330,,,,
London,hour,2024-03-30 19:00:00,2024-03-30,19,5,1,spring,905,,,,
London,hour,2024-03-30 20:00:00,2024-03-30,20,5,1,spring,609,,,,
London,hour,2024-03-30 21:00:00,2024-03-30,21,5,1,spring,488,,,,
London,hour,2024-03-30 22:00:00,2024-03-30,22,5,1,spring,453,,,,
London,hour,2024-03-30 23:00:00,2024-03-30,23,5,1,spring,336,,,,
London,hour,2024-03-31 00:00:00,2024-03-31,0,6,1,spring,234,,,,
London,hour,2024-03-31 02:00:00,2024-03-31,2,6,1,spring,210,,,,
London,hour,2024-03-31 03:00:00,2024-03-31,3,6,1,spring,144,,,,
London,hour,2024-03-31 04:00:00,2024-03-31,4,6,1,spring,77,,,,
London,hour,2024-03-31 05:00:00,2024-03-31,5,6,1,spring,65,,,,
London,hour,2024-03-31 06:00:00,2024-03-31,6,6,1,spring,90,,,,
London,hour,2024-03-31 07:00:00,2024-03-31,7,6,1,spring,148,,,,
London,hour,2024-03-31 08:00:00,2024-03-31,8,6,1,spring,249,,,,
London,hour,2024-03-31 09:00:00,2024-03-31,9,6,1,spring,486,,,,
London,hour,2024-03-31 10:00:00,2024-03-31,10,6,1,spring,736,,,,
London,hour,2024-03-31 11:00:00,2024-03-31,11,6,1,spring,862,,,,
London,hour,2024-03-31 12:00:00,2024-03-31,12,6,1,spring,1098,,,,
London,hour,2024-03-31 13:00:00,2024-03-31,13,6,1,spring,1158,,,,
London,hour,2024-03-31 14:00:00,2024-03-31,14,6,1,spring,1255,,,,
London,hour,2024-03-31 15:00:00,2024-03-31,15,6,1,spring,1231,,,,
London,hour,2024-03-31 16:00:00,2024-03-31,16,6,1,spring,1191,,,,
London,hour,2024-03-31 17:00:00,2024-03-31,17,6,1,spring,1121,,,,
London,hour,2024-03-31 18:00:00,2024-03-31,18,6,1,spring,1057,,,,
London,hour,2024-03-31 19:00:00,2024-03-31,19,6,1,spring,794,,,,
London,hour,2024-03-31 20:00:00,2024-03-31,20,6,1,spring,559,,,,
London,hour,2024-03-31 21:00:00,2024-03-31,21,6,1,spring,411,,,,
London,hour,2024-03-31 22:00:00,2024-03-31,22,6,1,spring,378,,,,
London,hour,2024-03-31 23:00:00,2024-03-31,23,6,1,spring,292,,,,
London,hour,2024-04-02 00:00:00,2024-04-02,0,1,0,spring,305,,,,
London,hour,2024-04-02 01:00:00,2024-04-02,1,1,0,spring,218,,,,
London,hour,2024-04-02 02:00:00,2024-04-02,2,1,0,spring,167,,,,
London,hour,2024-04-02 03:00:00,2024-04-02,3,1,0,spring,101,,,,
London,hour,2024-04-02 04:00:00,2024-04-02,4,1,0,spring,62,,,,
London,hour,2024-04-02 05:00:00,2024-04-02,5,1,0,spring,51,,,,
London,hour,2024-04-02 06:00:00,2024-04-02,6,1,0,spring,87,,,,
London,hour,2024-04-02 07:00:00,2024-04-02,7,1,0,spring,164,,,,
London,hour,2024-04-02 08:00:00,2024-04-02,8,1,0,spring,328,,,,
London,hour,2024-04-02 09:00:00,2024-04-02,9,1,0,spring,673,,,,
London,hour,2024-04-02 10:00:00,2024-04-02,10,1,0,spring,1016,,,,
London,hour,2024-04-02 11:00:00,2024-04-02,11,1,0,spring,1217,,,,
London,hour,2024-04-02 12:00:00,2024-04-02,12,1,0,spring,1453,,,,
London,hour,2024-04-02 13:00:00,2024-04-02,13,1,0,spring,1365,,,,
London,hour,2024-04-02 14:00:00,2024-04-02,14,1,0,spring,1317,,,,
London,hour,2024-04-02 15:00:00,2024-04-02,15,1,0,spring,342,,,,
London,hour,2024-04-03 00:00:00,2024-04-03,0,2,0,spring,93,,,,
London,hour,2024-04-03 01:00:00,2024-04-03,1,2,0,spring,60,,,,
London,hour,2024-04-03 02:00:00,2024-04-03,2,2,0,spring,32,,,,
London,hour,2024-04-03 03:00:00,2024-04-03,3,2,0,spring,18,,,,
London,hour,2024-04-03 04:00:00,2024-04-03,4,2,0,spring,46,,,,
London,hour,2024-04-03 05:00:00,2024-04-03,5,2,0,spring,140,,,,
London,hour,2024-04-03 06:00:00,2024-04-03,6,2,0,spring,559,,,,
London,hour,2024-04-03 07:00:00,2024-04-03,7,2,0,spring,1554,,,,
London,hour,2024-04-03 08:00:00,2024-04-03,8,2,0,spring,3043,,,,
London,hour,2024-04-03 09:00:00,2024-04-03,9,2,0,spring,1628,,,,
London,hour,2024-04-03 10:00:00,2024-04-03,10,2,0,spring,924,,,,
London,hour,2024-04-03 11:00:00,2024-04-03,11,2,0,spring,776,,,,
London,hour,2024-04-03 12:00:00,2024-04-03,12,2,0,spring,1020,,,,
London,hour,2024-04-03 13:00:00,2024-04-03,13,2,0,spring,997,,,,
London,hour,2024-04-03 14:00:00,2024-04-03,14,2,0,spring,919,,,,
London,hour,2024-04-03 15:00:00,2024-04-03,15,2,0,spring,990,,,,
London,hour,2024-04-03 16:00:00,2024-04-03,16,2,0,spring,1377,,,,
London,hour,2024-04-03 17:00:00,2024-04-03,17,2,0,spring,2468,,,,
London,hour,2024-04-03 18:00:00,2024-04-03,18,2,0,spring,2440,,,,
London,hour,2024-04-03 19:00:00,2024-04-03,19,2,0,spring,1467,,,,
London,hour,2024-04-03 20:00:00,2024-04-03,20,2,0,spring,930,,,,
London,hour,2024-04-03 21:00:00,2024-04-03,21,2,0,spring,582,,,,
London,hour,2024-04-03 22:00:00,2024-04-03,22,2,0,spring,440,,,,
London,hour,2024-04-03 23:00:00,2024-04-03,23,2,0,spring,205,,,,
London,hour,2024-04-04 00:00:00,2024-04-04,0,3,0,spring,107,,,,
London,hour,2024-04-04 01:00:00,2024-04-04,1,3,0,spring,59,,,,
London,hour,2024-04-04 02:00:00,2024-04-04,2,3,0,spring,42,,,,
London,hour,2024-04-04 03:00:00,2024-04-04,3,3,0,spring,26,,,,
London,hour,2024-04-04 04:00:00,2024-04-04,4,3,0,spring,37,,,,
London,hour,2024-04-04 05:00:00,2024-04-04,5,3,0,spring,106,,,,
London,hour,2024-04-04 06:00:00,2024-04-04,6,3,0,spring,492,,,,
London,hour,2024-04-04 07:00:00,2024-04-04,7,3,0,spring,1462,,,,
London,hour,2024-04-04 08:00:00,2024-04-04,8,3,0,spring,2828,,,,
London,hour,2024-04-04 09:00:00,2024-04-04,9,3,0,spring,1675,,,,
London,hour,2024-04-04 10:00:00,2024-04-04,10,3,0,spring,813,,,,
London,hour,2024-04-04 11:00:00,2024-04-04,11,3,0,spring,810,,,,
London,hour,2024-04-04 12:00:00,2024-04-04,12,3,0,spring,1058,,,,
London,hour,2024-04-04 13:00:00,2024-04-04,13,3,0,spring,1084,,,,
London,hour,2024-04-04 14:00:00,2024-04-04,14,3,0,spring,871,,,,
London,hour,2024-04-04 15:00:00,2024-04-04,15,3,0,spring,753,,,,
London,hour,2024-04-04 16:00:00,2024-04-04,16,3,0,spring,1224,,,,
London,hour,2024-04-04 17:00:00,2024-04-04,17,3,0,spring,2540,,,,
London,hour,2024-04-04 18:00:00,2024-04-04,18,3,0,spring,2525,,,,
London,hour,2024-04-04 19:00:00,2024-04-04,19,3,0,spring,1516,,,,
London,hour,2024-04-04 20:00:00,2024-04-04,20,3,0,spring,776,,,,
London,hour,2024-04-04 21:00:00,2024-04-04,21,3,0,spring,594,,,,
London,hour,2024-04-04 22:00:00,2024-04-04,22,3,0,spring,397,,,,
London,hour,2024-04-04 23:00:00,2024-04-04,23,3,0,spring,270,,,,
London,hour,2024-04-05 00:00:00,2024-04-05,0,4,0,spring,244,,,,
London,hour,2024-04-05 01:00:00,2024-04-05,1,4,0,spring,176,,,,
London,hour,2024-04-05 02:00:00,2024-04-05,2,4,0,spring,116,,,,
London,hour,2024-04-05 03:00:00,2024-04-05,3,4,0,spring,72,,,,
London,hour,2024-04-05 04:00:00,2024-04-05,4,4,0,spring,70,,,,
London,hour,2024-04-05 05:00:00,2024-04-05,5,4,0,spring,72,,,,
London,hour,2024-04-05 06:00:00,2024-04-05,6,4,0,spring,139,,,,
London,hour,2024-04-05 07:00:00,2024-04-05,7,4,0,spring,346,,,,
London,hour,2024-04-05 08:00:00,2024-04-05,8,4,0,spring,701,,,,
London,hour,2024-04-05 09:00:00,2024-04-05,9,4,0,spring,1157,,,,
London,hour,2024-04-05 10:00:00,2024-04-05,10,4,0,spring,1545,,,,
London,hour,2024-04-05 11:00:00,2024-04-05,11,4,0,spring,1903,,,,
London,hour,2024-04-05 12:00:00,2024-04-05,12,4,0,spring,1963,,,,
London,hour,2024-04-05 13:00:00,2024-04-05,13,4,0,spring,2018,,,,
London,hour,2024-04-05 14:00:00,2024-04-05,14,4,0,spring,1840,,,,
London,hour,2024-04-05 15:00:00,2024-04-05,15,4,0,spring,1689,,,,
London,hour,2024-04-05 16:00:00,2024-04-05,16,4,0,spring,1824,,,,
London,hour,2024-04-05 17:00:00,2024-04-05,17,4,0,spring,1914,,,,
London,hour,2024-04-05 18:00:00,2024-04-05,18,4,0,spring,1830,,,,
London,hour,2024-04-05 19:00:00,2024-04-05,19,4,0,spring,1486,,,,
London,hour,2024-04-05 20:00:00,2024-04-05,20,4,0,spring,1048,,,,
London,hour,2024-04-05 21:00:00,2024-04-05,21,4,0,spring,769,,,,
London,hour,2024-04-05 22:00:00,2024-04-05,22,4,0,spring,666,,,,
London,hour,2024-04-05 23:00:00,2024-04-05,23,4,0,spring,515,,,,
London,hour,2024-04-06 00:00:00,2024-04-06,0,5,1,spring,146,,,,
London,hour,2024-04-06 01:00:00,2024-04-06,1,5,1,spring,79,,,,
London,hour,2024-04-06 02:00:00,2024-04-06,2,5,1,spring,39,,,,
London,hour,2024-04-06 03:00:00,2024-04-06,3,5,1,spring,38,,,,
London,hour,2024-04-06 04:00:00,2024-04-06,4,5,1,spring,54,,,,
London,hour,2024-04-06 05:00:00,2024-04-06,5,5,1,spring,168,,,,
London,hour,2024-04-06 06:00:00,2024-04-06,6,5,1,spring,736,,,,
London,hour,2024-04-06 07:00:00,2024-04-06,7,5,1,spring,2076,,,,
London,hour,2024-04-06 08:00:00,2024-04-06,8,5,1,spring,3833,,,,
London,hour,2024-04-06 09:00:00,2024-04-06,9,5,1,spring,1877,,,,
London,hour,2024-04-06 10:00:00,2024-04-06,10,5,1,spring,1122,,,,
London,hour,2024-04-06 11:00:00,2024-04-06,11,5,1,spring,1058,,,,
London,hour,2024-04-06 12:00:00,2024-04-06,12,5,1,spring,1207,,,,
London,hour,2024-04-06 13:00:00,2024-04-06,13,5,1,spring,1163,,,,
London,hour,2024-04-06 14:00:00,2024-04-06,14,5,1,spring,1175,,,,
London,hour,2024-04-06 15:00:00,2024-04-06,15,5,1,spring,1237,,,,
London,hour,2024-04-06 16:00:00,2024-04-06,16,5,1,spring,3400,,,,
London,hour,2024-04-06 17:00:00,2024-04-06,17,5,1,spring,5170,,,,
London,hour,2024-04-06 18:00:00,2024-04-06,18,5,1,spring,4809,,,,
London,hour,2024-04-06 19:00:00,2024-04-06,19,5,1,spring,3234,,,,
London,hour,2024-04-06 20:00:00,2024-04-06,20,5,1,spring,2142,,,,
London,hour,2024-04-06 21:00:00,2024-04-06,21,5,1,spring,1586,,,,
London,hour,2024-04-06 22:00:00,2024-04-06,22,5,1,spring,987,,,,
London,hour,2024-04-06 23:00:00,2024-04-06,23,5,1,spring,698,,,,
London,hour,2024-04-07 00:00:00,2024-04-07,0,6,1,spring,509,,,,
London,hour,2024-04-07 01:00:00,2024-04-07,1,6,1,spring,340,,,,
London,hour,2024-04-07 02:00:00,2024-04-07,2,6,1,spring,205,,,,
London,hour,2024-04-07 03:00:00,2024-04-07,3,6,1,spring,157,,,,
London,hour,2024-04-07 04:00:00,2024-04-07,4,6,1,spring,134,,,,
London,hour,2024-04-07 05:00:00,2024-04-07,5,6,1,spring,266,,,,
London,hour,2024-04-07 06:00:00,2024-04-07,6,6,1,spring,808,,,,
London,hour,2024-04-07 07:00:00,2024-04-07,7,6,1,spring,2266,,,,
London,hour,2024-04-07 08:00:00,2024-04-07,8,6,1,spring,4144,,,,
London,hour,2024-04-07 09:00:00,2024-04-07,9,6,1,spring,2878,,,,
London,hour,2024-04-07 10:00:00,2024-04-07,10,6,1,spring,2460,,,,
London,hour,2024-04-07 11:00:00,2024-04-07,11,6,1,spring,2787,,,,
London,hour,2024-04-07 12:00:00,2024-04-07,12,6,1,spring,3125,,,,
London,hour,2024-04-07 13:00:00,2024-04-07,13,6,1,spring,3128,,,,
London,hour,2024-04-07 14:00:00,2024-04-07,14,6,1,spring,3124,,,,
London,hour,2024-04-07 15:00:00,2024-04-07,15,6,1,spring,3378,,,,
London,hour,2024-04-07 16:00:00,2024-04-07,16,6,1,spring,3906,,,,
London,hour,2024-04-07 17:00:00,2024-04-07,17,6,1,spring,5051,,,,
London,hour,2024-04-07 18:00:00,2024-04-07,18,6,1,spring,4696,,,,
London,hour,2024-04-07 19:00:00,2024-04-07,19,6,1,spring,3187,,,,
London,hour,2024-04-07 20:00:00,2024-04-07,20,6,1,spring,2230,,,,
London,hour,2024-04-07 21:00:00,2024-04-07,21,6,1,spring,1703,,,,
London,hour,2024-04-07 22:00:00,2024-04-07,22,6,1,spring,1223,,,,
London,hour,2024-04-07 23:00:00,2024-04-07,23,6,1,spring,739,,,,
London,hour,2024-04-08 00:00:00,2024-04-08,0,0,0,spring,142,,,,
London,hour,2024-04-08 01:00:00,2024-04-08,1,0,0,spring,92,,,,
London,hour,2024-04-08 02:00:00,2024-04-08,2,0,0,spring,54,,,,
London,hour,2024-04-08 03:00:00,2024-04-08,3,0,0,spring,43,,,,
London,hour,2024-04-08 04:00:00,2024-04-08,4,0,0,spring,47,,,,
London,hour,2024-04-08 05:00:00,2024-04-08,5,0,0,spring,136,,,,
London,hour,2024-04-08 06:00:00,2024-04-08,6,0,0,spring,495,,,,
London,hour,2024-04-08 07:00:00,2024-04-08,7,0,0,spring,1325,,,,
London,hour,2024-04-08 08:00:00,2024-04-08,8,0,0,spring,2415,,,,
London,hour,2024-04-08 09:00:00,2024-04-08,9,0,0,spring,1395,,,,
London,hour,2024-04-08 10:00:00,2024-04-08,10,0,0,spring,866,,,,
London,hour,2024-04-08 11:00:00,2024-04-08,11,0,0,spring,843,,,,
London,hour,2024-04-08 12:00:00,2024-04-08,12,0,0,spring,950,,,,
London,hour,2024-04-08 13:00:00,2024-04-08,13,0,0,spring,1021,,,,
London,hour,2024-04-08 14:00:00,2024-04-08,14,0,0,spring,955,,,,
London,hour,2024-04-08 15:00:00,2024-04-08,15,0,0,spring,1159,,,,
London,hour,2024-04-08 16:00:00,2024-04-08,16,0,0,spring,1394,,,,
London,hour,2024-04-08 17:00:00,2024-04-08,17,0,0,spring,2402,,,,
London,hour,2024-04-08 18:00:00,2024-04-08,18,0,0,spring,2240,,,,
London,hour,2024-04-08 19:00:00,2024-04-08,19,0,0,spring,1249,,,,
London,hour,2024-04-08 20:00:00,2024-04-08,20,0,0,spring,805,,,,
London,hour,2024-04-08 21:00:00,2024-04-08,21,0,0,spring,587,,,,
London,hour,2024-04-08 22:00:00,2024-04-08,22,0,0,spring,511,,,,
London,hour,2024-04-08 23:00:00,2024-04-08,23,0,0,spring,257,,,,
London,hour,2024-04-09 00:00:00,2024-04-09,0,1,0,spring,109,,,,
London,hour,2024-04-09 01:00:00,2024-04-09,1,1,0,spring,44,,,,
London,hour,2024-04-09 02:00:00,2024-04-09,2,1,0,spring,33,,,,
London,hour,2024-04-09 03:00:00,2024-04-09,3,1,0,spring,35,,,,
London,hour,2024-04-09 04:00:00,2024-04-09,4,1,0,spring,40,,,,
London,hour,2024-04-09 05:00:00,2024-04-09,5,1,0,spring,144,,,,
London,hour,2024-04-09 06:00:00,2024-04-09,6,1,0,spring,524,,,,
London,hour,2024-04-09 07:00:00,2024-04-09,7,1,0,spring,1344,,,,
London,hour,2024-04-09 08:00:00,2024-04-09,8,1,0,spring,2512,,,,
London,hour,2024-04-09 09:00:00,2024-04-09,9,1,0,spring,1387,,,,
London,hour,2024-04-09 10:00:00,2024-04-09,10,1,0,spring,780,,,,
London,hour,2024-04-09 11:00:00,2024-04-09,11,1,0,spring,722,,,,
London,hour,2024-04-09 12:00:00,2024-04-09,12,1,0,spring,743,,,,
London,hour,2024-04-09 13:00:00,2024-04-09,13,1,0,spring,654,,,,
London,hour,2024-04-09 14:00:00,2024-04-09,14,1,0,spring,720,,,,
London,hour,2024-04-09 15:00:00,2024-04-09,15,1,0,spring,889,,,,
London,hour,2024-04-09 16:00:00,2024-04-09,16,1,0,spring,1414,,,,
London,hour,2024-04-09 17:00:00,2024-04-09,17,1,0,spring,2915,,,,
London,hour,2024-04-09 18:00:00,2024-04-09,18,1,0,spring,2970,,,,
London,hour,2024-04-09 19:00:00,2024-04-09,19,1,0,spring,1743,,,,
London,hour,2024-04-09 20:00:00,2024-04-09,20,1,0,spring,960,,,,
London,hour,2024-04-09 21:00:00,2024-04-09,21,1,0,spring,687,,,,
London,hour,2024-04-09 22:00:00,2024-04-09,22,1,0,spring,646,,,,
London,hour,2024-04-09 23:00:00,2024-04-09,23,1,0,spring,296,,,,
London,hour,2024-04-10 00:00:00,2024-04-10,0,2,0,spring,334,,,,
London,hour,2024-04-10 01:00:00,2024-04-10,1,2,0,spring,176,,,,
London,hour,2024-04-10 02:00:00,2024-04-10,2,2,0,spring,93,,,,
London,hour,2024-04-10 03:00:00,2024-04-10,3,2,0,spring,94,,,,
London,hour,2024-04-10 04:00:00,2024-04-10,4,2,0,spring,84,,,,
London,hour,2024-04-10 05:00:00,2024-04-10,5,2,0,spring,288,,,,
London,hour,2024-04-10 06:00:00,2024-04-10,6,2,0,spring,1112,,,,
London,hour,2024-04-10 07:00:00,2024-04-10,7,2,0,spring,3215,,,,
London,hour,2024-04-10 08:00:00,2024-04-10,8,2,0,spring,6018,,,,
London,hour,2024-04-10 09:00:00,2024-04-10,9,2,0,spring,3622,,,,
London,hour,2024-04-10 10:00:00,2024-04-10,10,2,0,spring,2364,,,,
London,hour,2024-04-10 11:00:00,2024-04-10,11,2,0,spring,2174,,,,
London,hour,2024-04-10 12:00:00,2024-04-10,12,2,0,spring,2509,,,,
London,hour,2024-04-10 13:00:00,2024-04-10,13,2,0,spring,2561,,,,
London,hour,2024-04-10 14:00:00,2024-04-10,14,2,0,spring,2366,,,,
London,hour,2024-04-10 15:00:00,2024-04-10,15,2,0,spring,2460,,,,
London,hour,2024-04-10 16:00:00,2024-04-10,16,2,0,spring,3156,,,,
London,hour,2024-04-10 17:00:00,2024-04-10,17,2,0,spring,5327,,,,
London,hour,2024-04-10 18:00:00,2024-04-10,18,2,0,spring,5129,,,,
London,hour,2024-04-10 19:00:00,2024-04-10,19,2,0,spring,3381,,,,
London,hour,2024-04-10 20:00:00,2024-04-10,20,2,0,spring,2016,,,,
London,hour,2024-04-10 21:00:00,2024-04-10,21,2,0,spring,1535,,,,
London,hour,2024-04-10 22:00:00,2024-04-10,22,2,0,spring,1351,,,,
London,hour,2024-04-10 23:00:00,2024-04-10,23,2,0,spring,852,,,,
London,hour,2024-04-11 00:00:00,2024-04-11,0,3,0,spring,328,,,,
London,hour,2024-04-11 01:00:00,2024-04-11,1,3,0,spring,171,,,,
London,hour,2024-04-11 02:00:00,2024-04-11,2,3,0,spring,75,,,,
London,hour,2024-04-11 03:00:00,2024-04-11,3,3,0,spring,55,,,,
London,hour,2024-04-11 04:00:00,2024-04-11,4,3,0,spring,91,,,,
London,hour,2024-04-11 05:00:00,2024-04-11,5,3,0,spring,305,,,,
London,hour,2024-04-11 06:00:00,2024-04-11,6,3,0,spring,1280,,,,
London,hour,2024-04-11 07:00:00,2024-04-11,7,3,0,spring,3534,,,,
London,hour,2024-04-11 08:00:00,2024-04-11,8,3,0,spring,6778,,,,
London,hour,2024-04-11 09:00:00,2024-04-11,9,3,0,spring,3514,,,,
London,hour,2024-04-11 10:00:00,2024-04-11,10,3,0,spring,1910,,,,
London,hour,2024-04-11 11:00:00,2024-04-11,11,3,0,spring,1890,,,,
London,hour,2024-04-11 12:00:00,2024-04-11,12,3,0,spring,2194,,,,
London,hour,2024-04-11 13:00:00,2024-04-11,13,3,0,spring,2204,,,,
London,hour,2024-04-11 14:00:00,2024-04-11,14,3,0,spring,2221,,,,
London,hour,2024-04-11 15:00:00,2024-04-11,15,3,0,spring,2461,,,,
London,hour,2024-04-11 16:00:00,2024-04-11,16,3,0,spring,3492,,,,
London,hour,2024-04-11 17:00:00,2024-04-11,17,3,0,spring,6021,,,,
London,hour,2024-04-11 18:00:00,2024-04-11,18,3,0,spring,6057,,,,
London,hour,2024-04-11 19:00:00,2024-04-11,19,3,0,spring,3922,,,,
London,hour,2024-04-11 20:00:00,2024-04-11,20,3,0,spring,2441,,,,
London,hour,2024-04-11 21:00:00,2024-04-11,21,3,0,spring,1682,,,,
London,hour,2024-04-11 22:00:00,2024-04-11,22,3,0,spring,1432,,,,
London,hour,2024-04-11 23:00:00,2024-04-11,23,3,0,spring,794,,,,
London,hour,2024-04-12 00:00:00,2024-04-12,0,4,0,spring,411,,,,
London,hour,2024-04-12 01:00:00,2024-04-12,1,4,0,spring,190,,,,
London,hour,2024-04-12 02:00:00,2024-04-12,2,4,0,spring,93,,,,
London,hour,2024-04-12 03:00:00,2024-04-12,3,4,0,spring,70,,,,
London,hour,2024-04-12 04:00:00,2024-04-12,4,4,0,spring,106,,,,
London,hour,2024-04-12 05:00:00,2024-04-12,5,4,0,spring,285,,,,
London,hour,2024-04-12 06:00:00,2024-04-12,6,4,0,spring,1108,,,,
London,hour,2024-04-12 07:00:00,2024-04-12,7,4,0,spring,3068,,,,
London,hour,2024-04-12 08:00:00,2024-04-12,8,4,0,spring,5759,,,,
London,hour,2024-04-12 09:00:00,2024-04-12,9,4,0,spring,3732,,,,
London,hour,2024-04-12 10:00:00,2024-04-12,10,4,0,spring,2204,,,,
London,hour,2024-04-12 11:00:00,2024-04-12,11,4,0,spring,2075,,,,
London,hour,2024-04-12 12:00:00,2024-04-12,12,4,0,spring,2436,,,,
London,hour,2024-04-12 13:00:00,2024-04-12,13,4,0,spring,2557,,,,
London,hour,2024-04-12 14:00:00,2024-04-12,14,4,0,spring,2459,,,,
London,hour,2024-04-12 15:00:00,2024-04-12,15,4,0,spring,2667,,,,
London,hour,2024-04-12 16:00:00,2024-04-12,16,4,0,spring,3621,,,,
London,hour,2024-04-12 17:00:00,2024-04-12,17,4,0,spring,5588,,,,
London,hour,2024-04-12 18:00:00,2024-04-12,18,4,0,spring,5297,,,,
London,hour,2024-04-12 19:00:00,2024-04-12,19,4,0,spring,3133,,,,
London,hour,2024-04-12 20:00:00,2024-04-12,20,4,0,spring,1028,,,,
London,hour,2024-04-12 21:00:00,2024-04-12,21,4,0,spring,834,,,,
London,hour,2024-04-12 22:00:00,2024-04-12,22,4,0,spring,669,,,,
London,hour,2024-04-12 23:00:00,2024-04-12,23,4,0,spring,585,,,,
London,hour,2024-04-13 00:00:00,2024-04-13,0,5,1,spring,386,,,,
London,hour,2024-04-13 01:00:00,2024-04-13,1,5,1,spring,219,,,,
London,hour,2024-04-13 02:00:00,2024-04-13,2,5,1,spring,168,,,,
London,hour,2024-04-13 03:00:00,2024-04-13,3,5,1,spring,98,,,,
London,hour,2024-04-13 04:00:00,2024-04-13,4,5,1,spring,69,,,,
London,hour,2024-04-13 05:00:00,2024-04-13,5,5,1,spring,70,,,,
London,hour,2024-04-13 06:00:00,2024-04-13,6,5,1,spring,133,,,,
London,hour,2024-04-13 07:00:00,2024-04-13,7,5,1,spring,321,,,,
London,hour,2024-04-13 08:00:00,2024-04-13,8,5,1,spring,741,,,,
London,hour,2024-04-13 09:00:00,2024-04-13,9,5,1,spring,1114,,,,
London,hour,2024-04-13 10:00:00,2024-04-13,10,5,1,spring,1466,,,,
London,hour,2024-04-13 11:00:00,2024-04-13,11,5,1,spring,1931,,,,
London,hour,2024-04-13 12:00:00,2024-04-13,12,5,1,spring,2259,,,,
London,hour,2024-04-13 13:00:00,2024-04-13,13,5,1,spring,2352,,,,
London,hour,2024-04-13 14:00:00,2024-04-13,14,5,1,spring,2450,,,,
London,hour,2024-04-13 15:00:00,2024-04-13,15,5,1,spring,2540,,,,
London,hour,2024-04-13 16:00:00,2024-04-13,16,5,1,spring,2519,,,,
London,hour,2024-04-13 17:00:00,2024-04-13,17,5,1,spring,2507,,,,
London,hour,2024-04-13 18:00:00,2024-04-13,18,5,1,spring,2317,,,,
London,hour,2024-04-13 19:00:00,2024-04-13,19,5,1,spring,1449,,,,
London,hour,2024-04-13 20:00:00,2024-04-13,20,5,1,spring,934,,,,
London,hour,2024-04-13 21:00:00,2024-04-13,21,5,1,spring,731,,,,
London,hour,2024-04-13 22:00:00,2024-04-13,22,5,1,spring,581,,,,
London,hour,2024-04-13 23:00:00,2024-04-13,23,5,1,spring,542,,,,
London,hour,2024-04-14 00:00:00,2024-04-14,0,6,1,spring,356,,,,
London,hour,2024-04-14 01:00:00,2024-04-14,1,6,1,spring,269,,,,
London,hour,2024-04-14 02:00:00,2024-04-14,2,6,1,spring,177,,,,
London,hour,2024-04-14 03:00:00,2024-04-14,3,6,1,spring,106,,,,
London,hour,2024-04-14 04:00:00,2024-04-14,4,6,1,spring,69,,,,
London,hour,2024-04-14 05:00:00,2024-04-14,5,6,1,spring,69,,,,
London,hour,2024-04-14 06:00:00,2024-04-14,6,6,1,spring,116,,,,
London,hour,2024-04-14 07:00:00,2024-04-14,7,6,1,spring,244,,,,
London,hour,2024-04-14 08:00:00,2024-04-14,8,6,1,spring,447,,,,
London,hour,2024-04-14 09:00:00,2024-04-14,9,6,1,spring,856,,,,
London,hour,2024-04-14 10:00:00,2024-04-14,10,6,1,spring,1370,,,,
London,hour,2024-04-14 11:00:00,2024-04-14,11,6,1,spring,1611,,,,
London,hour,2024-04-14 12:00:00,2024-04-14,12,6,1,spring,1941,,,,
London,hour,2024-04-14 13:00:00,2024-04-14,13,6,1,spring,2083,,,,
London,hour,2024-04-14 14:00:00,2024-04-14,14,6,1,spring,1896,,,,
London,hour,2024-04-14 15:00:00,2024-04-14,15,6,1,spring,1963,,,,
London,hour,2024-04-14 16:00:00,2024-04-14,16,6,1,spring,1955,,,,
London,hour,2024-04-14 17:00:00,2024-04-14,17,6,1,spring,1525,,,,
London,hour,2024-04-14 18:00:00,2024-04-14,18,6,1,spring,1401,,,,
London,hour,2024-04-14 19:00:00,2024-04-14,19,6,1,spring,1026,,,,
London,hour,2024-04-14 20:00:00,2024-04-14,20,6,1,spring,663,,,,
London,hour,2024-04-14 21:00:00,2024-04-14,21,6,1,spring,461,,,,
London,hour,2024-04-14 22:00:00,2024-04-14,22,6,1,spring,314,,,,
London,hour,2024-04-14 23:00:00,2024-04-14,23,6,1,spring,211,,,,
London,hour,2024-04-15 00:00:00,2024-04-15,0,0,0,spring,116,,,,
London,hour,2024-04-15 01:00:00,2024-04-15,1,0,0,spring,67,,,,
London,hour,2024-04-15 02:00:00,2024-04-15,2,0,0,spring,27,,,,
London,hour,2024-04-15 03:00:00,2024-04-15,3,0,0,spring,31,,,,
London,hour,2024-04-15 04:00:00,2024-04-15,4,0,0,spring,40,,,,
London,hour,2024-04-15 05:00:00,2024-04-15,5,0,0,spring,146,,,,
London,hour,2024-04-15 06:00:00,2024-04-15,6,0,0,spring,620,,,,
London,hour,2024-04-15 07:00:00,2024-04-15,7,0,0,spring,1564,,,,
London,hour,2024-04-15 08:00:00,2024-04-15,8,0,0,spring,2870,,,,
London,hour,2024-04-15 09:00:00,2024-04-15,9,0,0,spring,906,,,,
London,hour,2024-04-15 10:00:00,2024-04-15,10,0,0,spring,536,,,,
London,hour,2024-04-15 11:00:00,2024-04-15,11,0,0,spring,622,,,,
London,hour,2024-04-15 12:00:00,2024-04-15,12,0,0,spring,804,,,,
London,hour,2024-04-15 13:00:00,2024-04-15,13,0,0,spring,806,,,,
London,hour,2024-04-15 14:00:00,2024-04-15,14,0,0,spring,748,,,,
London,hour,2024-04-15 15:00:00,2024-04-15,15,0,0,spring,891,,,,
London,hour,2024-04-15 16:00:00,2024-04-15,16,0,0,spring,1212,,,,
London,hour,2024-04-15 17:00:00,2024-04-15,17,0,0,spring,2285,,,,
London,hour,2024-04-15 18:00:00,2024-04-15,18,0,0,spring,2542,,,,
London,hour,2024-04-15 19:00:00,2024-04-15,19,0,0,spring,1571,,,,
London,hour,2024-04-15 20:00:00,2024-04-15,20,0,0,spring,907,,,,
London,hour,2024-04-15 21:00:00,2024-04-15,21,0,0,spring,556,,,,
London,hour,2024-04-15 22:00:00,2024-04-15,22,0,0,spring,477,,,,
London,hour,2024-04-15 23:00:00,2024-04-15,23,0,0,spring,198,,,,
London,hour,2024-04-16 00:00:00,2024-04-16,0,1,0,spring,83,,,,
London,hour,2024-04-16 01:00:00,2024-04-16,1,1,0,spring,38,,,,
London,hour,2024-04-16 02:00:00,2024-04-16,2,1,0,spring,18,,,,
London,hour,2024-04-16 03:00:00,2024-04-16,3,1,0,spring,19,,,,
London,hour,2024-04-16 04:00:00,2024-04-16,4,1,0,spring,42,,,,
London,hour,2024-04-16 05:00:00,2024-04-16,5,1,0,spring,156,,,,
London,hour,2024-04-16 06:00:00,2024-04-16,6,1,0,spring,696,,,,
London,hour,2024-04-16 07:00:00,2024-04-16,7,1,0,spring,2077,,,,
London,hour,2024-04-16 08:00:00,2024-04-16,8,1,0,spring,3627,,,,
London,hour,2024-04-16 09:00:00,2024-04-16,9,1,0,spring,1651,,,,
London,hour,2024-04-16 10:00:00,2024-04-16,10,1,0,spring,831,,,,
London,hour,2024-04-16 11:00:00,2024-04-16,11,1,0,spring,823,,,,
London,hour,2024-04-16 12:00:00,2024-04-16,12,1,0,spring,879,,,,
London,hour,2024-04-16 13:00:00,2024-04-16,13,1,0,spring,695,,,,
London,hour,2024-04-16 14:00:00,2024-04-16,14,1,0,spring,783,,,,
London,hour,2024-04-16 15:00:00,2024-04-16,15,1,0,spring,778,,,,
London,hour,2024-04-16 16:00:00,2024-04-16,16,1,0,spring,1410,,,,
London,hour,2024-04-16 17:00:00,2024-04-16,17,1,0,spring,3170,,,,
London,hour,2024-04-16 18:00:00,2024-04-16,18,1,0,spring,2980,,,,
London,hour,2024-04-16 19:00:00,2024-04-16,19,1,0,spring,1742,,,,
London,hour,2024-04-16 20:00:00,2024-04-16,20,1,0,spring,944,,,,
London,hour,2024-04-16 21:00:00,2024-04-16,21,1,0,spring,727,,,,
London,hour,2024-04-16 22:00:00,2024-04-16,22,1,0,spring,536,,,,
London,hour,2024-04-16 23:00:00,2024-04-16,23,1,0,spring,242,,,,
London,hour,2024-04-17 00:00:00,2024-04-17,0,2,0,spring,116,,,,
London,hour,2024-04-17 01:00:00,2024-04-17,1,2,0,spring,42,,,,
London,hour,2024-04-17 02:00:00,2024-04-17,2,2,0,spring,24,,,,
London,hour,2024-04-17 03:00:00,2024-04-17,3,2,0,spring,26,,,,
London,hour,2024-04-17 04:00:00,2024-04-17,4,2,0,spring,48,,,,
London,hour,2024-04-17 05:00:00,2024-04-17,5,2,0,spring,173,,,,
London,hour,2024-04-17 06:00:00,2024-04-17,6,2,0,spring,700,,,,
London,hour,2024-04-17 07:00:00,2024-04-17,7,2,0,spring,1954,,,,
London,hour,2024-04-17 08:00:00,2024-04-17,8,2,0,spring,3526,,,,
London,hour,2024-04-17 09:00:00,2024-04-17,9,2,0,spring,1805,,,,
London,hour,2024-04-17 10:00:00,2024-04-17,10,2,0,spring,949,,,,
London,hour,2024-04-17 11:00:00,2024-04-17,11,2,0,spring,891,,,,
London,hour,2024-04-17 12:00:00,2024-04-17,12,2,0,spring,1089,,,,
London,hour,2024-04-17 13:00:00,2024-04-17,13,2,0,spring,1069,,,,
London,hour,2024-04-17 14:00:00,2024-04-17,14,2,0,spring,937,,,,
London,hour,2024-04-17 15:00:00,2024-04-17,15,2,0,spring,1026,,,,
London,hour,2024-04-17 16:00:00,2024-04-17,16,2,0,spring,1507,,,,
London,hour,2024-04-17 17:00:00,2024-04-17,17,2,0,spring,2919,,,,
London,hour,2024-04-17 18:00:00,2024-04-17,18,2,0,spring,2870,,,,
London,hour,2024-04-17 19:00:00,2024-04-17,19,2,0,spring,1746,,,,
London,hour,2024-04-17 20:00:00,2024-04-17,20,2,0,spring,991,,,,
London,hour,2024-04-17 21:00:00,2024-04-17,21,2,0,spring,682,,,,
London,hour,2024-04-17 22:00:00,2024-04-17,22,2,0,spring,630,,,,
London,hour,2024-04-17 23:00:00,2024-04-17,23,2,0,spring,301,,,,
London,hour,2024-04-18 00:00:00,2024-04-18,0,3,0,spring,107,,,,
London,hour,2024-04-18 01:00:00,2024-04-18,1,3,0,spring,63,,,,
London,hour,2024-04-18 02:00:00,2024-04-18,2,3,0,spring,41,,,,
London,hour,2024-04-18 03:00:00,2024-04-18,3,3,0,spring,27,,,,
London,hour,2024-04-18 04:00:00,2024-04-18,4,3,0,spring,40,,,,
London,hour,2024-04-18 05:00:00,2024-04-18,5,3,0,spring,151,,,,
London,hour,2024-04-18 06:00:00,2024-04-18,6,3,0,spring,703,,,,
London,hour,2024-04-18 07:00:00,2024-04-18,7,3,0,spring,1955,,,,
London,hour,2024-04-18 08:00:00,2024-04-18,8,3,0,spring,3643,,,,
London,hour,2024-04-18 09:00:00,2024-04-18,9,3,0,spring,1848,,,,
London,hour,2024-04-18 10:00:00,2024-04-18,10,3,0,spring,1056,,,,
London,hour,2024-04-18 11:00:00,2024-04-18,11,3,0,spring,1001,,,,
London,hour,2024-04-18 12:00:00,2024-04-18,12,3,0,spring,1157,,,,
London,hour,2024-04-18 13:00:00,2024-04-18,13,3,0,spring,1226,,,,
London,hour,2024-04-18 14:00:00,2024-04-18,14,3,0,spring,1118,,,,
London,hour,2024-04-18 15:00:00,2024-04-18,15,3,0,spring,1234,,,,
London,hour,2024-04-18 16:00:00,2024-04-18,16,3,0,spring,1717,,,,
London,hour,2024-04-18 17:00:00,2024-04-18,17,3,0,spring,3054,,,,
London,hour,2024-04-18 18:00:00,2024-04-18,18,3,0,spring,2880,,,,
London,hour,2024-04-18 19:00:00,2024-04-18,19,3,0,spring,1611,,,,
London,hour,2024-04-18 20:00:00,2024-04-18,20,3,0,spring,986,,,,
London,hour,2024-04-18 21:00:00,2024-04-18,21,3,0,spring,689,,,,
London,hour,2024-04-18 22:00:00,2024-04-18,22,3,0,spring,431,,,,
London,hour,2024-04-18 23:00:00,2024-04-18,23,3,0,spring,298,,,,
London,hour,2024-04-19 00:00:00,2024-04-19,0,4,0,spring,126,,,,
London,hour,2024-04-19 01:00:00,2024-04-19,1,4,0,spring,83,,,,
London,hour,2024-04-19 02:00:00,2024-04-19,2,4,0,spring,47,,,,
London,hour,2024-04-19 03:00:00,2024-04-19,3,4,0,spring,29,,,,
London,hour,2024-04-19 04:00:00,2024-04-19,4,4,0,spring,52,,,,
London,hour,2024-04-19 05:00:00,2024-04-19,5,4,0,spring,138,,,,
London,hour,2024-04-19 06:00:00,2024-04-19,6,4,0,spring,591,,,,
London,hour,2024-04-19 07:00:00,2024-04-19,7,4,0,spring,1301,,,,
London,hour,2024-04-19 08:00:00,2024-04-19,8,4,0,spring,2294,,,,
London,hour,2024-04-19 09:00:00,2024-04-19,9,4,0,spring,1376,,,,
London,hour,2024-04-19 10:00:00,2024-04-19,10,4,0,spring,904,,,,
London,hour,2024-04-19 11:00:00,2024-04-19,11,4,0,spring,750,,,,
London,hour,2024-04-19 12:00:00,2024-04-19,12,4,0,spring,508,,,,
London,hour,2024-04-19 13:00:00,2024-04-19,13,4,0,spring,917,,,,
London,hour,2024-04-19 14:00:00,2024-04-19,14,4,0,spring,1048,,,,
London,hour,2024-04-19 15:00:00,2024-04-19,15,4,0,spring,1240,,,,
London,hour,2024-04-19 16:00:00,2024-04-19,16,4,0,spring,1520,,,,
London,hour,2024-04-19 17:00:00,2024-04-19,17,4,0,spring,1992,,,,
London,hour,2024-04-19 18:00:00,2024-04-19,18,4,0,spring,1833,,,,
London,hour,2024-04-19 19:00:00,2024-04-19,19,4,0,spring,1379,,,,
London,hour,2024-04-19 20:00:00,2024-04-19,20,4,0,spring,909,,,,
London,hour,2024-04-19 21:00:00,2024-04-19,21,4,0,spring,633,,,,
London,hour,2024-04-19 22:00:00,2024-04-19,22,4,0,spring,514,,,,
London,hour,2024-04-19 23:00:00,2024-04-19,23,4,0,spring,443,,,,
London,hour,2024-04-20 00:00:00,2024-04-20,0,5,1,spring,274,,,,
London,hour,2024-04-20 01:00:00,2024-04-20,1,5,1,spring,172,,,,
London,hour,2024-04-20 02:00:00,2024-04-20,2,5,1,spring,119,,,,
London,hour,2024-04-20 03:00:00,2024-04-20,3,5,1,spring,74,,,,
London,hour,2024-04-20 04:00:00,2024-04-20,4,5,1,spring,87,,,,
London,hour,2024-04-20 05:00:00,2024-04-20,5,5,1,spring,54,,,,
London,hour,2024-04-20 06:00:00,2024-04-20,6,5,1,spring,149,,,,
London,hour,2024-04-20 07:00:00,2024-04-20,7,5,1,spring,323,,,,
London,hour,2024-04-20 08:00:00,2024-04-20,8,5,1,spring,677,,,,
London,hour,2024-04-20 09:00:00,2024-04-20,9,5,1,spring,1155,,,,
London,hour,2024-04-20 10:00:00,2024-04-20,10,5,1,spring,1426,,,,
London,hour,2024-04-20 11:00:00,2024-04-20,11,5,1,spring,1617,,,,
London,hour,2024-04-20 12:00:00,2024-04-20,12,5,1,spring,1787,,,,
London,hour,2024-04-20 13:00:00,2024-04-20,13,5,1,spring,1737,,,,
London,hour,2024-04-20 14:00:00,2024-04-20,14,5,1,spring,1830,,,,
London,hour,2024-04-20 15:00:00,2024-04-20,15,5,1,spring,1748,,,,
London,hour,2024-04-20 16:00:00,2024-04-20,16,5,1,spring,1652,,,,
London,hour,2024-04-20 17:00:00,2024-04-20,17,5,1,spring,1635,,,,
London,hour,2024-04-20 18:00:00,2024-04-20,18,5,1,spring,1390,,,,
London,hour,2024-04-20 19:00:00,2024-04-20,19,5,1,spring,1278,,,,
London,hour,2024-04-20 20:00:00,2024-04-20,20,5,1,spring,779,,,,
London,hour,2024-04-20 21:00:00,2024-04-20,21,5,1,spring,567,,,,
London,hour,2024-04-20 22:00:00,2024-04-20,22,5,1,spring,542,,,,
London,hour,2024-04-20 23:00:00,2024-04-20,23,5,1,spring,431,,,,
London,hour,2024-04-21 00:00:00,2024-04-21,0,6,1,spring,330,,,,
London,hour,2024-04-21 01:00:00,2024-04-21,1,6,1,spring,239,,,,
London,hour,2024-04-21 02:00:00,2024-04-21,2,6,1,spring,134,,,,
London,hour,2024-04-21 03:00:00,2024-04-21,3,6,1,spring,96,,,,
London,hour,2024-04-21 04:00:00,2024-04-21,4,6,1,spring,64,,,,
London,hour,2024-04-21 05:00:00,2024-04-21,5,6,1,spring,64,,,,
London,hour,2024-04-21 06:00:00,2024-04-21,6,6,1,spring,104,,,,
London,hour,2024-04-21 07:00:00,2024-04-21,7,6,1,spring,273,,,,
London,hour,2024-04-21 08:00:00,2024-04-21,8,6,1,spring,445,,,,
London,hour,2024-04-21 09:00:00,2024-04-21,9,6,1,spring,931,,,,
London,hour,2024-04-21 10:00:00,2024-04-21,10,6,1,spring,1210,,,,
London,hour,2024-04-21 11:00:00,2024-04-21,11,6,1,spring,1457,,,,
London,hour,2024-04-21 12:00:00,2024-04-21,12,6,1,spring,1494,,,,
London,hour,2024-04-21 13:00:00,2024-04-21,13,6,1,spring,1650,,,,
London,hour,2024-04-21 14:00:00,2024-04-21,14,6,1,spring,1577,,,,
London,hour,2024-04-21 15:00:00,2024-04-21,15,6,1,spring,1603,,,,
London,hour,2024-04-21 16:00:00,2024-04-21,16,6,1,spring,1460,,,,
London,hour,2024-04-21 17:00:00,2024-04-21,17,6,1,spring,1412,,,,
London,hour,2024-04-21 18:00:00,2024-04-21,18,6,1,spring,1237,,,,
London,hour,2024-04-21 19:00:00,2024-04-21,19,6,1,spring,916,,,,
London,hour,2024-04-21 20:00:00,2024-04-21,20,6,1,spring,656,,,,
London,hour,2024-04-21 21:00:00,2024-04-21,21,6,1,spring,422,,,,
London,hour,2024-04-21 22:00:00,2024-04-21,22,6,1,spring,329,,,,
London,hour,2024-04-21 23:00:00,2024-04-21,23,6,1,spring,199,,,,
London,hour,2024-04-22 00:00:00,2024-04-22,0,0,0,spring,105,,,,
London,hour,2024-04-22 01:00:00,2024-04-22,1,0,0,spring,44,,,,
London,hour,2024-04-22 02:00:00,2024-04-22,2,0,0,spring,31,,,,
London,hour,2024-04-22 03:00:00,2024-04-22,3,0,0,spring,13,,,,
London,hour,2024-04-22 04:00:00,2024-04-22,4,0,0,spring,50,,,,
London,hour,2024-04-22 05:00:00,2024-04-22,5,0,0,spring,143,,,,
London,hour,2024-04-22 06:00:00,2024-04-22,6,0,0,spring,658,,,,
London,hour,2024-04-22 07:00:00,2024-04-22,7,0,0,spring,1708,,,,
London,hour,2024-04-22 08:00:00,2024-04-22,8,0,0,spring,3139,,,,
London,hour,2024-04-22 09:00:00,2024-04-22,9,0,0,spring,1508,,,,
London,hour,2024-04-22 10:00:00,2024-04-22,10,0,0,spring,871,,,,
London,hour,2024-04-22 11:00:00,2024-04-22,11,0,0,spring,876,,,,
London,hour,2024-04-22 12:00:00,2024-04-22,12,0,0,spring,996,,,,
London,hour,2024-04-22 13:00:00,2024-04-22,13,0,0,spring,936,,,,
London,hour,2024-04-22 14:00:00,2024-04-22,14,0,0,spring,884,,,,
London,hour,2024-04-22 15:00:00,2024-04-22,15,0,0,spring,900,,,,
London,hour,2024-04-22 16:00:00,2024-04-22,16,0,0,spring,1400,,,,
London,hour,2024-04-22 17:00:00,2024-04-22,17,0,0,spring,2735,,,,
London,hour,2024-04-22 18:00:00,2024-04-22,18,0,0,spring,2653,,,,
London,hour,2024-04-22 19:00:00,2024-04-22,19,0,0,spring,1688,,,,
London,hour,2024-04-22 20:00:00,2024-04-22,20,0,0,spring,1045,,,,
London,hour,2024-04-22 21:00:00,2024-04-22,21,0,0,spring,686,,,,
London,hour,2024-04-22 22:00:00,2024-04-22,22,0,0,spring,469,,,,
London,hour,2024-04-22 23:00:00,2024-04-22,23,0,0,spring,225,,,,
London,hour,2024-04-23 00:00:00,2024-04-23,0,1,0,spring,104,,,,
London,hour,2024-04-23 01:00:00,2024-04-23,1,1,0,spring,45,,,,
London,hour,2024-04-23 02:00:00,2024-04-23,2,1,0,spring,31,,,,
London,hour,2024-04-23 03:00:00,2024-04-23,3,1,0,spring,10,,,,
London,hour,2024-04-23 04:00:00,2024-04-23,4,1,0,spring,34,,,,
London,hour,2024-04-23 05:00:00,2024-04-23,5,1,0,spring,139,,,,
London,hour,2024-04-23 06:00:00,2024-04-23,6,1,0,spring,635,,,,
London,hour,2024-04-23 07:00:00,2024-04-23,7,1,0,spring,1850,,,,
London,hour,2024-04-23 08:00:00,2024-04-23,8,1,0,spring,3226,,,,
London,hour,2024-04-23 09:00:00,2024-04-23,9,1,0,spring,1656,,,,
London,hour,2024-04-23 10:00:00,2024-04-23,10,1,0,spring,888,,,,
London,hour,2024-04-23 11:00:00,2024-04-23,11,1,0,spring,738,,,,
London,hour,2024-04-23 12:00:00,2024-04-23,12,1,0,spring,734,,,,
London,hour,2024-04-23 13:00:00,2024-04-23,13,1,0,spring,868,,,,
London,hour,2024-04-23 14:00:00,2024-04-23,14,1,0,spring,876,,,,
London,hour,2024-04-23 15:00:00,2024-04-23,15,1,0,spring,980,,,,
London,hour,2024-04-23 16:00:00,2024-04-23,16,1,0,spring,1466,,,,
London,hour,2024-04-23 17:00:00,2024-04-23,17,1,0,spring,2961,,,,
London,hour,2024-04-23 18:00:00,2024-04-23,18,1,0,spring,2730,,,,
London,hour,2024-04-23 19:00:00,2024-04-23,19,1,0,spring,1731,,,,
London,hour,2024-04-23 20:00:00,2024-04-23,20,1,0,spring,1058,,,,
London,hour,2024-04-23 21:00:00,2024-04-23,21,1,0,spring,693,,,,
London,hour,2024-04-23 22:00:00,2024-04-23,22,1,0,spring,523,,,,
London,hour,2024-04-23 23:00:00,2024-04-23,23,1,0,spring,255,,,,
London,hour,2024-04-24 00:00:00,2024-04-24,0,2,0,spring,120,,,,
London,hour,2024-04-24 01:00:00,2024-04-24,1,2,0,spring,50,,,,
London,hour,2024-04-24 02:00:00,2024-04-24,2,2,0,spring,27,,,,
London,hour,2024-04-24 03:00:00,2024-04-24,3,2,0,spring,25,,,,
London,hour,2024-04-24 04:00:00,2024-04-24,4,2,0,spring,40,,,,
London,hour,2024-04-24 05:00:00,2024-04-24,5,2,0,spring,175,,,,
London,hour,2024-04-24 06:00:00,2024-04-24,6,2,0,spring,689,,,,
London,hour,2024-04-24 07:00:00,2024-04-24,7,2,0,spring,1894,,,,
London,hour,2024-04-24 08:00:00,2024-04-24,8,2,0,spring,3521,,,,
London,hour,2024-04-24 09:00:00,2024-04-24,9,2,0,spring,1878,,,,
London,hour,2024-04-24 10:00:00,2024-04-24,10,2,0,spring,958,,,,
London,hour,2024-04-24 11:00:00,2024-04-24,11,2,0,spring,934,,,,
London,hour,2024-04-24 12:00:00,2024-04-24,12,2,0,spring,1062,,,,
London,hour,2024-04-24 13:00:00,2024-04-24,13,2,0,spring,1018,,,,
London,hour,2024-04-24 14:00:00,2024-04-24,14,2,0,spring,961,,,,
London,hour,2024-04-24 15:00:00,2024-04-24,15,2,0,spring,1022,,,,
London,hour,2024-04-24 16:00:00,2024-04-24,16,2,0,spring,1581,,,,
London,hour,2024-04-24 17:00:00,2024-04-24,17,2,0,spring,2950,,,,
London,hour,2024-04-24 18:00:00,2024-04-24,18,2,0,spring,2805,,,,
London,hour,2024-04-24 19:00:00,2024-04-24,19,2,0,spring,1827,,,,
London,hour,2024-04-24 20:00:00,2024-04-24,20,2,0,spring,1084,,,,
London,hour,2024-04-24 21:00:00,2024-04-24,21,2,0,spring,793,,,,
London,hour,2024-04-24 22:00:00,2024-04-24,22,2,0,spring,634,,,,
London,hour,2024-04-24 23:00:00,2024-04-24,23,2,0,spring,336,,,,
London,hour,2024-04-25 00:00:00,2024-04-25,0,3,0,spring,124,,,,
London,hour,2024-04-25 01:00:00,2024-04-25,1,3,0,spring,85,,,,
London,hour,2024-04-25 02:00:00,2024-04-25,2,3,0,spring,38,,,,
London,hour,2024-04-25 03:00:00,2024-04-25,3,3,0,spring,29,,,,
London,hour,2024-04-25 04:00:00,2024-04-25,4,3,0,spring,76,,,,
London,hour,2024-04-25 05:00:00,2024-04-25,5,3,0,spring,153,,,,
London,hour,2024-04-25 06:00:00,2024-04-25,6,3,0,spring,646,,,,
London,hour,2024-04-25 07:00:00,2024-04-25,7,3,0,spring,1919,,,,
London,hour,2024-04-25 08:00:00,2024-04-25,8,3,0,spring,3508,,,,
London,hour,2024-04-25 09:00:00,2024-04-25,9,3,0,spring,1929,,,,
London,hour,2024-04-25 10:00:00,2024-04-25,10,3,0,spring,1115,,,,
London,hour,2024-04-25 11:00:00,2024-04-25,11,3,0,spring,978,,,,
London,hour,2024-04-25 12:00:00,2024-04-25,12,3,0,spring,1161,,,,
London,hour,2024-04-25 13:00:00,2024-04-25,13,3,0,spring,1027,,,,
London,hour,2024-04-25 14:00:00,2024-04-25,14,3,0,spring,1004,,,,
London,hour,2024-04-25 15:00:00,2024-04-25,15,3,0,spring,1024,,,,
London,hour,2024-04-25 16:00:00,2024-04-25,16,3,0,spring,911,,,,
London,hour,2024-04-25 17:00:00,2024-04-25,17,3,0,spring,1748,,,,
London,hour,2024-04-25 18:00:00,2024-04-25,18,3,0,spring,1937,,,,
London,hour,2024-04-25 19:00:00,2024-04-25,19,3,0,spring,1377,,,,
London,hour,2024-04-25 20:00:00,2024-04-25,20,3,0,spring,901,,,,
London,hour,2024-04-25 21:00:00,2024-04-25,21,3,0,spring,727,,,,
London,hour,2024-04-25 22:00:00,2024-04-25,22,3,0,spring,616,,,,
London,hour,2024-04-25 23:00:00,2024-04-25,23,3,0,spring,361,,,,
London,hour,2024-04-26 00:00:00,2024-04-26,0,4,0,spring,184,,,,
London,hour,2024-04-26 01:00:00,2024-04-26,1,4,0,spring,103,,,,
London,hour,2024-04-26 02:00:00,2024-04-26,2,4,0,spring,68,,,,
London,hour,2024-04-26 03:00:00,2024-04-26,3,4,0,spring,40,,,,
London,hour,2024-04-26 04:00:00,2024-04-26,4,4,0,spring,61,,,,
London,hour,2024-04-26 05:00:00,2024-04-26,5,4,0,spring,136,,,,
London,hour,2024-04-26 06:00:00,2024-04-26,6,4,0,spring,509,,,,
London,hour,2024-04-26 07:00:00,2024-04-26,7,4,0,spring,1386,,,,
London,hour,2024-04-26 08:00:00,2024-04-26,8,4,0,spring,2424,,,,
London,hour,2024-04-26 09:00:00,2024-04-26,9,4,0,spring,1642,,,,
London,hour,2024-04-26 10:00:00,2024-04-26,10,4,0,spring,1073,,,,
London,hour,2024-04-26 11:00:00,2024-04-26,11,4,0,spring,1126,,,,
London,hour,2024-04-26 12:00:00,2024-04-26,12,4,0,spring,1314,,,,
London,hour,2024-04-26 13:00:00,2024-04-26,13,4,0,spring,1273,,,,
London,hour,2024-04-26 14:00:00,2024-04-26,14,4,0,spring,1339,,,,
London,hour,2024-04-26 15:00:00,2024-04-26,15,4,0,spring,1407,,,,
London,hour,2024-04-26 16:00:00,2024-04-26,16,4,0,spring,1781,,,,
London,hour,2024-04-26 17:00:00,2024-04-26,17,4,0,spring,2527,,,,
London,hour,2024-04-26 18:00:00,2024-04-26,18,4,0,spring,2414,,,,
London,hour,2024-04-26 19:00:00,2024-04-26,19,4,0,spring,1682,,,,
London,hour,2024-04-26 20:00:00,2024-04-26,20,4,0,spring,1013,,,,
London,hour,2024-04-26 21:00:00,2024-04-26,21,4,0,spring,740,,,,
London,hour,2024-04-26 22:00:00,2024-04-26,22,4,0,spring,625,,,,
London,hour,2024-04-26 23:00:00,2024-04-26,23,4,0,spring,489,,,,
London,hour,2024-04-27 00:00:00,2024-04-27,0,5,1,spring,322,,,,
London,hour,2024-04-27 01:00:00,2024-04-27,1,5,1,spring,183,,,,
London,hour,2024-04-27 02:00:00,2024-04-27,2,5,1,spring,126,,,,
London,hour,2024-04-27 03:00:00,2024-04-27,3,5,1,spring,55,,,,
London,hour,2024-04-27 04:00:00,2024-04-27,4,5,1,spring,33,,,,
London,hour,2024-04-27 05:00:00,2024-04-27,5,5,1,spring,37,,,,
London,hour,2024-04-27 06:00:00,2024-04-27,6,5,1,spring,113,,,,
London,hour,2024-04-27 07:00:00,2024-04-27,7,5,1,spring,243,,,,
London,hour,2024-04-27 08:00:00,2024-04-27,8,5,1,spring,559,,,,
London,hour,2024-04-27 09:00:00,2024-04-27,9,5,1,spring,914,,,,
London,hour,2024-04-27 10:00:00,2024-04-27,10,5,1,spring,1205,,,,
London,hour,2024-04-27 11:00:00,2024-04-27,11,5,1,spring,1361,,,,
London,hour,2024-04-27 12:00:00,2024-04-27,12,5,1,spring,1519,,,,
London,hour,2024-04-27 13:00:00,2024-04-27,13,5,1,spring,1457,,,,
London,hour,2024-04-27 14:00:00,2024-04-27,14,5,1,spring,1540,,,,
London,hour,2024-04-27 15:00:00,2024-04-27,15,5,1,spring,1531,,,,
London,hour,2024-04-27 16:00:00,2024-04-27,16,5,1,spring,1546,,,,
London,hour,2024-04-27 17:00:00,2024-04-27,17,5,1,spring,1190,,,,
London,hour,2024-04-27 18:00:00,2024-04-27,18,5,1,spring,419,,,,
London,hour,2024-04-27 19:00:00,2024-04-27,19,5,1,spring,321,,,,
London,hour,2024-04-27 20:00:00,2024-04-27,20,5,1,spring,324,,,,
London,hour,2024-04-27 21:00:00,2024-04-27,21,5,1,spring,204,,,,
London,hour,2024-04-27 22:00:00,2024-04-27,22,5,1,spring,203,,,,
London,hour,2024-04-27 23:00:00,2024-04-27,23,5,1,spring,137,,,,
London,hour,2024-04-28 00:00:00,2024-04-28,0,6,1,spring,142,,,,
London,hour,2024-04-28 01:00:00,2024-04-28,1,6,1,spring,127,,,,
London,hour,2024-04-28 02:00:00,2024-04-28,2,6,1,spring,78,,,,
London,hour,2024-04-28 03:00:00,2024-04-28,3,6,1,spring,42,,,,
London,hour,2024-04-28 04:00:00,2024-04-28,4,6,1,spring,28,,,,
London,hour,2024-04-28 05:00:00,2024-04-28,5,6,1,spring,23,,,,
London,hour,2024-04-28 06:00:00,2024-04-28,6,6,1,spring,47,,,,
London,hour,2024-04-28 07:00:00,2024-04-28,7,6,1,spring,95,,,,
London,hour,2024-04-28 08:00:00,2024-04-28,8,6,1,spring,221,,,,
London,hour,2024-04-28 09:00:00,2024-04-28,9,6,1,spring,432,,,,
London,hour,2024-04-28 10:00:00,2024-04-28,10,6,1,spring,753,,,,
London,hour,2024-04-28 11:00:00,2024-04-28,11,6,1,spring,907,,,,
London,hour,2024-04-28 12:00:00,2024-04-28,12,6,1,spring,741,,,,
London,hour,2024-04-28 13:00:00,2024-04-28,13,6,1,spring,767,,,,
London,hour,2024-04-28 14:00:00,2024-04-28,14,6,1,spring,826,,,,
London,hour,2024-04-28 15:00:00,2024-04-28,15,6,1,spring,1061,,,,
London,hour,2024-04-28 16:00:00,2024-04-28,16,6,1,spring,1341,,,,
London,hour,2024-04-28 17:00:00,2024-04-28,17,6,1,spring,1481,,,,
London,hour,2024-04-28 18:00:00,2024-04-28,18,6,1,spring,1334,,,,
London,hour,2024-04-28 19:00:00,2024-04-28,19,6,1,spring,910,,,,
London,hour,2024-04-28 20:00:00,2024-04-28,20,6,1,spring,610,,,,
London,hour,2024-04-28 21:00:00,2024-04-28,21,6,1,spring,452,,,,
London,hour,2024-04-28 22:00:00,2024-04-28,22,6,1,spring,359,,,,
London,hour,2024-04-28 23:00:00,2024-04-28,23,6,1,spring,226,,,,
London,hour,2024-04-29 00:00:00,2024-04-29,0,0,0,spring,128,,,,
London,hour,2024-04-29 01:00:00,2024-04-29,1,0,0,spring,68,,,,
London,hour,2024-04-29 02:00:00,2024-04-29,2,0,0,spring,46,,,,
London,hour,2024-04-29 03:00:00,2024-04-29,3,0,0,spring,31,,,,
London,hour,2024-04-29 04:00:00,2024-04-29,4,0,0,spring,53,,,,
London,hour,2024-04-29 05:00:00,2024-04-29,5,0,0,spring,131,,,,
London,hour,2024-04-29 06:00:00,2024-04-29,6,0,0,spring,688,,,,
London,hour,2024-04-29 07:00:00,2024-04-29,7,0,0,spring,1855,,,,
London,hour,2024-04-29 08:00:00,2024-04-29,8,0,0,spring,3234,,,,
London,hour,2024-04-29 09:00:00,2024-04-29,9,0,0,spring,1626,,,,
London,hour,2024-04-29 10:00:00,2024-04-29,10,0,0,spring,977,,,,
London,hour,2024-04-29 11:00:00,2024-04-29,11,0,0,spring,963,,,,
London,hour,2024-04-29 12:00:00,2024-04-29,12,0,0,spring,1146,,,,
London,hour,2024-04-29 13:00:00,2024-04-29,13,0,0,spring,1215,,,,
London,hour,2024-04-29 14:00:00,2024-04-29,14,0,0,spring,1059,,,,
London,hour,2024-04-29 15:00:00,2024-04-29,15,0,0,spring,1245,,,,
London,hour,2024-04-29 16:00:00,2024-04-29,16,0,0,spring,1709,,,,
London,hour,2024-04-29 17:00:00,2024-04-29,17,0,0,spring,3112,,,,
London,hour,2024-04-29 18:00:00,2024-04-29,18,0,0,spring,3017,,,,
London,hour,2024-04-29 19:00:00,2024-04-29,19,0,0,spring,1924,,,,
London,hour,2024-04-29 20:00:00,2024-04-29,20,0,0,spring,1121,,,,
London,hour,2024-04-29 21:00:00,2024-04-29,21,0,0,spring,777,,,,
London,hour,2024-04-29 22:00:00,2024-04-29,22,0,0,spring,484,,,,
London,hour,2024-04-29 23:00:00,2024-04-29,23,0,0,spring,260,,,,
London,hour,2024-04-30 00:00:00,2024-04-30,0,1,0,spring,127,,,,
London,hour,2024-04-30 01:00:00,2024-04-30,1,1,0,spring,57,,,,
London,hour,2024-04-30 02:00:00,2024-04-30,2,1,0,spring,26,,,,
London,hour,2024-04-30 03:00:00,2024-04-30,3,1,0,spring,30,,,,
London,hour,2024-04-30 04:00:00,2024-04-30,4,1,0,spring,51,,,,
London,hour,2024-04-30 05:00:00,2024-04-30,5,1,0,spring,163,,,,
London,hour,2024-04-30 06:00:00,2024-04-30,6,1,0,spring,772,,,,
London,hour,2024-04-30 07:00:00,2024-04-30,7,1,0,spring,2140,,,,
London,hour,2024-04-30 08:00:00,2024-04-30,8,1,0,spring,3903,,,,
London,hour,2024-04-30 09:00:00,2024-04-30,9,1,0,spring,1947,,,,
London,hour,2024-04-30 10:00:00,2024-04-30,10,1,0,spring,1085,,,,
London,hour,2024-04-30 11:00:00,2024-04-30,11,1,0,spring,1170,,,,
London,hour,2024-04-30 12:00:00,2024-04-30,12,1,0,spring,1165,,,,
London,hour,2024-04-30 13:00:00,2024-04-30,13,1,0,spring,1265,,,,
London,hour,2024-04-30 14:00:00,2024-04-30,14,1,0,spring,1127,,,,
London,hour,2024-04-30 15:00:00,2024-04-30,15,1,0,spring,1308,,,,
London,hour,2024-04-30 16:00:00,2024-04-30,16,1,0,spring,1952,,,,
London,hour,2024-04-30 17:00:00,2024-04-30,17,1,0,spring,3440,,,,
London,hour,2024-04-30 18:00:00,2024-04-30,18,1,0,spring,3526,,,,
London,hour,2024-04-30 19:00:00,2024-04-30,19,1,0,spring,2216,,,,
London,hour,2024-04-30 20:00:00,2024-04-30,20,1,0,spring,1358,,,,
London,hour,2024-04-30 21:00:00,2024-04-30,21,1,0,spring,903,,,,
London,hour,2024-04-30 22:00:00,2024-04-30,22,1,0,spring,660,,,,
London,hour,2024-04-30 23:00:00,2024-04-30,23,1,0,spring,317,,,,
London,hour,2024-05-01 00:00:00,2024-05-01,0,2,0,spring,1,,,,
London,hour,2024-05-03 00:00:00,2024-05-03,0,4,0,spring,107,,,,
London,hour,2024-05-03 01:00:00,2024-05-03,1,4,0,spring,32,,,,
London,hour,2024-05-03 02:00:00,2024-05-03,2,4,0,spring,22,,,,
London,hour,2024-05-03 03:00:00,2024-05-03,3,4,0,spring,15,,,,
London,hour,2024-05-03 04:00:00,2024-05-03,4,4,0,spring,40,,,,
London,hour,2024-05-03 05:00:00,2024-05-03,5,4,0,spring,157,,,,
London,hour,2024-05-03 06:00:00,2024-05-03,6,4,0,spring,646,,,,
London,hour,2024-05-03 07:00:00,2024-05-03,7,4,0,spring,1664,,,,
London,hour,2024-05-03 08:00:00,2024-05-03,8,4,0,spring,3349,,,,
London,hour,2024-05-03 09:00:00,2024-05-03,9,4,0,spring,1597,,,,
London,hour,2024-05-03 10:00:00,2024-05-03,10,4,0,spring,953,,,,
London,hour,2024-05-03 11:00:00,2024-05-03,11,4,0,spring,852,,,,
London,hour,2024-05-03 12:00:00,2024-05-03,12,4,0,spring,949,,,,
London,hour,2024-05-03 13:00:00,2024-05-03,13,4,0,spring,989,,,,
London,hour,2024-05-03 14:00:00,2024-05-03,14,4,0,spring,938,,,,
London,hour,2024-05-03 15:00:00,2024-05-03,15,4,0,spring,1034,,,,
London,hour,2024-05-03 16:00:00,2024-05-03,16,4,0,spring,1418,,,,
London,hour,2024-05-03 17:00:00,2024-05-03,17,4,0,spring,1645,,,,
London,hour,2024-05-04 00:00:00,2024-05-04,0,5,1,spring,166,,,,
London,hour,2024-05-04 01:00:00,2024-05-04,1,5,1,spring,88,,,,
London,hour,2024-05-04 02:00:00,2024-05-04,2,5,1,spring,67,,,,
London,hour,2024-05-04 03:00:00,2024-05-04,3,5,1,spring,32,,,,
London,hour,2024-05-04 04:00:00,2024-05-04,4,5,1,spring,55,,,,
London,hour,2024-05-04 05:00:00,2024-05-04,5,5,1,spring,99,,,,
London,hour,2024-05-04 06:00:00,2024-05-04,6,5,1,spring,248,,,,
London,hour,2024-05-04 07:00:00,2024-05-04,7,5,1,spring,692,,,,
London,hour,2024-05-04 08:00:00,2024-05-04,8,5,1,spring,1446,,,,
London,hour,2024-05-04 09:00:00,2024-05-04,9,5,1,spring,1206,,,,
London,hour,2024-05-04 10:00:00,2024-05-04,10,5,1,spring,882,,,,
London,hour,2024-05-04 11:00:00,2024-05-04,11,5,1,spring,980,,,,
London,hour,2024-05-04 12:00:00,2024-05-04,12,5,1,spring,1221,,,,
London,hour,2024-05-04 13:00:00,2024-05-04,13,5,1,spring,1200,,,,
London,hour,2024-05-04 14:00:00,2024-05-04,14,5,1,spring,1164,,,,
London,hour,2024-05-04 15:00:00,2024-05-04,15,5,1,spring,1156,,,,
London,hour,2024-05-04 16:00:00,2024-05-04,16,5,1,spring,1542,,,,
London,hour,2024-05-04 17:00:00,2024-05-04,17,5,1,spring,2307,,,,
London,hour,2024-05-04 18:00:00,2024-05-04,18,5,1,spring,2107,,,,
London,hour,2024-05-04 19:00:00,2024-05-04,19,5,1,spring,1546,,,,
London,hour,2024-05-04 20:00:00,2024-05-04,20,5,1,spring,811,,,,
London,hour,2024-05-04 21:00:00,2024-05-04,21,5,1,spring,629,,,,
London,hour,2024-05-04 22:00:00,2024-05-04,22,5,1,spring,629,,,,
London,hour,2024-05-04 23:00:00,2024-05-04,23,5,1,spring,521,,,,
London,hour,2024-05-05 00:00:00,2024-05-05,0,6,1,spring,356,,,,
London,hour,2024-05-05 01:00:00,2024-05-05,1,6,1,spring,253,,,,
London,hour,2024-05-05 02:00:00,2024-05-05,2,6,1,spring,147,,,,
London,hour,2024-05-05 03:00:00,2024-05-05,3,6,1,spring,97,,,,
London,hour,2024-05-05 04:00:00,2024-05-05,4,6,1,spring,64,,,,
London,hour,2024-05-05 05:00:00,2024-05-05,5,6,1,spring,68,,,,
London,hour,2024-05-05 06:00:00,2024-05-05,6,6,1,spring,111,,,,
London,hour,2024-05-05 07:00:00,2024-05-05,7,6,1,spring,268,,,,
London,hour,2024-05-05 08:00:00,2024-05-05,8,6,1,spring,516,,,,
London,hour,2024-05-05 09:00:00,2024-05-05,9,6,1,spring,1047,,,,
London,hour,2024-05-05 10:00:00,2024-05-05,10,6,1,spring,1625,,,,
London,hour,2024-05-05 11:00:00,2024-05-05,11,6,1,spring,1822,,,,
London,hour,2024-05-05 12:00:00,2024-05-05,12,6,1,spring,2151,,,,
London,hour,2024-05-05 13:00:00,2024-05-05,13,6,1,spring,2265,,,,
London,hour,2024-05-05 14:00:00,2024-05-05,14,6,1,spring,1947,,,,
London,hour,2024-05-05 15:00:00,2024-05-05,15,6,1,spring,1849,,,,
London,hour,2024-05-05 16:00:00,2024-05-05,16,6,1,spring,1762,,,,
London,hour,2024-05-05 17:00:00,2024-05-05,17,6,1,spring,1636,,,,
London,hour,2024-05-05 18:00:00,2024-05-05,18,6,1,spring,1554,,,,
London,hour,2024-05-05 19:00:00,2024-05-05,19,6,1,spring,1163,,,,
London,hour,2024-05-05 20:00:00,2024-05-05,20,6,1,spring,914,,,,
London,hour,2024-05-05 21:00:00,2024-05-05,21,6,1,spring,604,,,,
London,hour,2024-05-05 22:00:00,2024-05-05,22,6,1,spring,556,,,,
London,hour,2024-05-05 23:00:00,2024-05-05,23,6,1,spring,435,,,,
London,hour,2024-05-06 00:00:00,2024-05-06,0,0,0,spring,122,,,,
London,hour,2024-05-06 01:00:00,2024-05-06,1,0,0,spring,67,,,,
London,hour,2024-05-06 02:00:00,2024-05-06,2,0,0,spring,36,,,,
London,hour,2024-05-06 03:00:00,2024-05-06,3,0,0,spring,35,,,,
London,hour,2024-05-06 04:00:00,2024-05-06,4,0,0,spring,62,,,,
London,hour,2024-05-06 05:00:00,2024-05-06,5,0,0,spring,165,,,,
London,hour,2024-05-06 06:00:00,2024-05-06,6,0,0,spring,809,,,,
London,hour,2024-05-06 07:00:00,2024-05-06,7,0,0,spring,2021,,,,
London,hour,2024-05-06 08:00:00,2024-05-06,8,0,0,spring,3794,,,,
London,hour,2024-05-06 09:00:00,2024-05-06,9,0,0,spring,2120,,,,
London,hour,2024-05-06 10:00:00,2024-05-06,10,0,0,spring,1184,,,,
London,hour,2024-05-06 11:00:00,2024-05-06,11,0,0,spring,1113,,,,
London,hour,2024-05-06 12:00:00,2024-05-06,12,0,0,spring,1322,,,,
London,hour,2024-05-06 13:00:00,2024-05-06,13,0,0,spring,1189,,,,
London,hour,2024-05-06 14:00:00,2024-05-06,14,0,0,spring,1193,,,,
London,hour,2024-05-06 15:00:00,2024-05-06,15,0,0,spring,1359,,,,
London,hour,2024-05-06 16:00:00,2024-05-06,16,0,0,spring,1852,,,,
London,hour,2024-05-06 17:00:00,2024-05-06,17,0,0,spring,3391,,,,
London,hour,2024-05-06 18:00:00,2024-05-06,18,0,0,spring,3423,,,,
London,hour,2024-05-06 19:00:00,2024-05-06,19,0,0,spring,2130,,,,
London,hour,2024-05-06 20:00:00,2024-05-06,20,0,0,spring,1484,,,,
London,hour,2024-05-06 21:00:00,2024-05-06,21,0,0,spring,1081,,,,
London,hour,2024-05-06 22:00:00,2024-05-06,22,0,0,spring,743,,,,
London,hour,2024-05-06 23:00:00,2024-05-06,23,0,0,spring,374,,,,
London,hour,2024-05-07 00:00:00,2024-05-07,0,1,0,spring,266,,,,
London,hour,2024-05-07 01:00:00,2024-05-07,1,1,0,spring,156,,,,
London,hour,2024-05-07 02:00:00,2024-05-07,2,1,0,spring,75,,,,
London,hour,2024-05-07 03:00:00,2024-05-07,3,1,0,spring,60,,,,
London,hour,2024-05-07 04:00:00,2024-05-07,4,1,0,spring,69,,,,
London,hour,2024-05-07 05:00:00,2024-05-07,5,1,0,spring,152,,,,
London,hour,2024-05-07 06:00:00,2024-05-07,6,1,0,spring,303,,,,
London,hour,2024-05-07 07:00:00,2024-05-07,7,1,0,spring,546,,,,
London,hour,2024-05-07 08:00:00,2024-05-07,8,1,0,spring,913,,,,
London,hour,2024-05-07 09:00:00,2024-05-07,9,1,0,spring,931,,,,
London,hour,2024-05-07 10:00:00,2024-05-07,10,1,0,spring,793,,,,
London,hour,2024-05-07 11:00:00,2024-05-07,11,1,0,spring,808,,,,
London,hour,2024-05-07 12:00:00,2024-05-07,12,1,0,spring,1096,,,,
London,hour,2024-05-07 13:00:00,2024-05-07,13,1,0,spring,1294,,,,
London,hour,2024-05-07 14:00:00,2024-05-07,14,1,0,spring,1241,,,,
London,hour,2024-05-07 15:00:00,2024-05-07,15,1,0,spring,1252,,,,
London,hour,2024-05-07 16:00:00,2024-05-07,16,1,0,spring,1745,,,,
London,hour,2024-05-07 17:00:00,2024-05-07,17,1,0,spring,1537,,,,
London,hour,2024-05-07 18:00:00,2024-05-07,18,1,0,spring,805,,,,
London,hour,2024-05-07 19:00:00,2024-05-07,19,1,0,spring,582,,,,
London,hour,2024-05-07 20:00:00,2024-05-07,20,1,0,spring,629,,,,
London,hour,2024-05-07 21:00:00,2024-05-07,21,1,0,spring,322,,,,
London,hour,2024-05-07 22:00:00,2024-05-07,22,1,0,spring,252,,,,
London,hour,2024-05-07 23:00:00,2024-05-07,23,1,0,spring,228,,,,
London,hour,2024-05-08 13:00:00,2024-05-08,13,2,0,spring,5,,,,
London,hour,2024-05-08 14:00:00,2024-05-08,14,2,0,spring,1286,,,,
London,hour,2024-05-08 15:00:00,2024-05-08,15,2,0,spring,1467,,,,
London,hour,2024-05-08 16:00:00,2024-05-08,16,2,0,spring,2084,,,,
London,hour,2024-05-08 17:00:00,2024-05-08,17,2,0,spring,3740,,,,
London,hour,2024-05-08 18:00:00,2024-05-08,18,2,0,spring,3571,,,,
London,hour,2024-05-08 19:00:00,2024-05-08,19,2,0,spring,2213,,,,
London,hour,2024-05-08 20:00:00,2024-05-08,20,2,0,spring,1393,,,,
London,hour,2024-05-08 21:00:00,2024-05-08,21,2,0,spring,929,,,,
London,hour,2024-05-08 22:00:00,2024-05-08,22,2,0,spring,816,,,,
London,hour,2024-05-08 23:00:00,2024-05-08,23,2,0,spring,384,,,,
London,hour,2024-05-09 00:00:00,2024-05-09,0,3,0,spring,177,,,,
London,hour,2024-05-09 01:00:00,2024-05-09,1,3,0,spring,81,,,,
London,hour,2024-05-09 02:00:00,2024-05-09,2,3,0,spring,37,,,,
London,hour,2024-05-09 03:00:00,2024-05-09,3,3,0,spring,26,,,,
London,hour,2024-05-09 04:00:00,2024-05-09,4,3,0,spring,60,,,,
London,hour,2024-05-09 05:00:00,2024-05-09,5,3,0,spring,152,,,,
London,hour,2024-05-09 06:00:00,2024-05-09,6,3,0,spring,729,,,,
London,hour,2024-05-09 07:00:00,2024-05-09,7,3,0,spring,2160,,,,
London,hour,2024-05-09 08:00:00,2024-05-09,8,3,0,spring,4085,,,,
London,hour,2024-05-09 09:00:00,2024-05-09,9,3,0,spring,2258,,,,
London,hour,2024-05-09 10:00:00,2024-05-09,10,3,0,spring,1343,,,,
London,hour,2024-05-09 11:00:00,2024-05-09,11,3,0,spring,1337,,,,
London,hour,2024-05-09 12:00:00,2024-05-09,12,3,0,spring,1503,,,,
London,hour,2024-05-09 13:00:00,2024-05-09,13,3,0,spring,1568,,,,
London,hour,2024-05-09 14:00:00,2024-05-09,14,3,0,spring,1522,,,,
London,hour,2024-05-09 15:00:00,2024-05-09,15,3,0,spring,1560,,,,
London,hour,2024-05-09 16:00:00,2024-05-09,16,3,0,spring,2149,,,,
London,hour,2024-05-09 17:00:00,2024-05-09,17,3,0,spring,3804,,,,
London,hour,2024-05-09 18:00:00,2024-05-09,18,3,0,spring,3724,,,,
London,hour,2024-05-09 19:00:00,2024-05-09,19,3,0,spring,2426,,,,
London,hour,2024-05-09 20:00:00,2024-05-09,20,3,0,spring,1618,,,,
London,hour,2024-05-09 21:00:00,2024-05-09,21,3,0,spring,1105,,,,
London,hour,2024-05-09 22:00:00,2024-05-09,22,3,0,spring,905,,,,
London,hour,2024-05-09 23:00:00,2024-05-09,23,3,0,spring,538,,,,
London,hour,2024-05-10 00:00:00,2024-05-10,0,4,0,spring,672,,,,
London,hour,2024-05-10 01:00:00,2024-05-10,1,4,0,spring,382,,,,
London,hour,2024-05-10 02:00:00,2024-05-10,2,4,0,spring,236,,,,
London,hour,2024-05-10 03:00:00,2024-05-10,3,4,0,spring,188,,,,
London,hour,2024-05-10 04:00:00,2024-05-10,4,4,0,spring,136,,,,
London,hour,2024-05-10 05:00:00,2024-05-10,5,4,0,spring,246,,,,
London,hour,2024-05-10 06:00:00,2024-05-10,6,4,0,spring,728,,,,
London,hour,2024-05-10 07:00:00,2024-05-10,7,4,0,spring,1933,,,,
London,hour,2024-05-10 08:00:00,2024-05-10,8,4,0,spring,3446,,,,
London,hour,2024-05-10 09:00:00,2024-05-10,9,4,0,spring,3049,,,,
London,hour,2024-05-10 10:00:00,2024-05-10,10,4,0,spring,2997,,,,
London,hour,2024-05-10 11:00:00,2024-05-10,11,4,0,spring,3433,,,,
London,hour,2024-05-10 12:00:00,2024-05-10,12,4,0,spring,3930,,,,
London,hour,2024-05-10 13:00:00,2024-05-10,13,4,0,spring,3874,,,,
London,hour,2024-05-10 14:00:00,2024-05-10,14,4,0,spring,4034,,,,
London,hour,2024-05-10 15:00:00,2024-05-10,15,4,0,spring,4213,,,,
London,hour,2024-05-10 16:00:00,2024-05-10,16,4,0,spring,4761,,,,
London,hour,2024-05-10 17:00:00,2024-05-10,17,4,0,spring,5661,,,,
London,hour,2024-05-10 18:00:00,2024-05-10,18,4,0,spring,5074,,,,
London,hour,2024-05-10 19:00:00,2024-05-10,19,4,0,spring,3579,,,,
London,hour,2024-05-10 20:00:00,2024-05-10,20,4,0,spring,2380,,,,
London,hour,2024-05-10 21:00:00,2024-05-10,21,4,0,spring,1776,,,,
London,hour,2024-05-10 22:00:00,2024-05-10,22,4,0,spring,1550,,,,
London,hour,2024-05-10 23:00:00,2024-05-10,23,4,0,spring,1161,,,,
London,hour,2024-05-11 00:00:00,2024-05-11,0,5,1,spring,536,,,,
London,hour,2024-05-11 01:00:00,2024-05-11,1,5,1,spring,363,,,,
London,hour,2024-05-11 02:00:00,2024-05-11,2,5,1,spring,169,,,,
London,hour,2024-05-11 03:00:00,2024-05-11,3,5,1,spring,100,,,,
London,hour,2024-05-11 04:00:00,2024-05-11,4,5,1,spring,134,,,,
London,hour,2024-05-11 05:00:00,2024-05-11,5,5,1,spring,238,,,,
London,hour,2024-05-11 06:00:00,2024-05-11,6,5,1,spring,895,,,,
London,hour,2024-05-11 07:00:00,2024-05-11,7,5,1,spring,2552,,,,
London,hour,2024-05-11 08:00:00,2024-05-11,8,5,1,spring,4803,,,,
London,hour,2024-05-11 09:00:00,2024-05-11,9,5,1,spring,3390,,,,
London,hour,2024-05-11 10:00:00,2024-05-11,10,5,1,spring,2846,,,,
London,hour,2024-05-11 11:00:00,2024-05-11,11,5,1,spring,3136,,,,
London,hour,2024-05-11 12:00:00,2024-05-11,12,5,1,spring,3616,,,,
London,hour,2024-05-11 13:00:00,2024-05-11,13,5,1,spring,3563,,,,
London,hour,2024-05-11 14:00:00,2024-05-11,14,5,1,spring,3602,,,,
London,hour,2024-05-11 15:00:00,2024-05-11,15,5,1,spring,3935,,,,
London,hour,2024-05-11 16:00:00,2024-05-11,16,5,1,spring,4637,,,,
London,hour,2024-05-11 17:00:00,2024-05-11,17,5,1,spring,5787,,,,
London,hour,2024-05-11 18:00:00,2024-05-11,18,5,1,spring,5567,,,,
London,hour,2024-05-11 19:00:00,2024-05-11,19,5,1,spring,3915,,,,
London,hour,2024-05-11 20:00:00,2024-05-11,20,5,1,spring,2695,,,,
London,hour,2024-05-11 21:00:00,2024-05-11,21,5,1,spring,1774,,,,
London,hour,2024-05-11 22:00:00,2024-05-11,22,5,1,spring,1471,,,,
London,hour,2024-05-11 23:00:00,2024-05-11,23,5,1,spring,1055,,,,
London,hour,2024-05-12 00:00:00,2024-05-12,0,6,1,spring,580,,,,
London,hour,2024-05-12 01:00:00,2024-05-12,1,6,1,spring,320,,,,
London,hour,2024-05-12 02:00:00,2024-05-12,2,6,1,spring,175,,,,
London,hour,2024-05-12 03:00:00,2024-05-12,3,6,1,spring,96,,,,
London,hour,2024-05-12 04:00:00,2024-05-12,4,6,1,spring,86,,,,
London,hour,2024-05-12 05:00:00,2024-05-12,5,6,1,spring,82,,,,
London,hour,2024-05-12 06:00:00,2024-05-12,6,6,1,spring,124,,,,
London,hour,2024-05-12 07:00:00,2024-05-12,7,6,1,spring,271,,,,
London,hour,2024-05-12 08:00:00,2024-05-12,8,6,1,spring,567,,,,
London,hour,2024-05-12 09:00:00,2024-05-12,9,6,1,spring,1111,,,,
London,hour,2024-05-12 10:00:00,2024-05-12,10,6,1,spring,1523,,,,
London,hour,2024-05-12 11:00:00,2024-05-12,11,6,1,spring,2088,,,,
London,hour,2024-05-12 12:00:00,2024-05-12,12,6,1,spring,2374,,,,
London,hour,2024-05-12 13:00:00,2024-05-12,13,6,1,spring,2332,,,,
London,hour,2024-05-12 14:00:00,2024-05-12,14,6,1,spring,2384,,,,
London,hour,2024-05-12 15:00:00,2024-05-12,15,6,1,spring,2414,,,,
London,hour,2024-05-12 16:00:00,2024-05-12,16,6,1,spring,2489,,,,
London,hour,2024-05-12 17:00:00,2024-05-12,17,6,1,spring,2346,,,,
London,hour,2024-05-12 18:00:00,2024-05-12,18,6,1,spring,2243,,,,
London,hour,2024-05-12 19:00:00,2024-05-12,19,6,1,spring,1861,,,,
London,hour,2024-05-12 20:00:00,2024-05-12,20,6,1,spring,1382,,,,
London,hour,2024-05-12 21:00:00,2024-05-12,21,6,1,spring,882,,,,
London,hour,2024-05-12 22:00:00,2024-05-12,22,6,1,spring,622,,,,
London,hour,2024-05-12 23:00:00,2024-05-12,23,6,1,spring,341,,,,
London,hour,2024-05-13 00:00:00,2024-05-13,0,0,0,spring,206,,,,
London,hour,2024-05-13 01:00:00,2024-05-13,1,0,0,spring,109,,,,
London,hour,2024-05-13 02:00:00,2024-05-13,2,0,0,spring,43,,,,
London,hour,2024-05-13 03:00:00,2024-05-13,3,0,0,spring,30,,,,
London,hour,2024-05-13 04:00:00,2024-05-13,4,0,0,spring,64,,,,
London,hour,2024-05-13 05:00:00,2024-05-13,5,0,0,spring,171,,,,
London,hour,2024-05-13 06:00:00,2024-05-13,6,0,0,spring,739,,,,
London,hour,2024-05-13 07:00:00,2024-05-13,7,0,0,spring,1943,,,,
London,hour,2024-05-13 08:00:00,2024-05-13,8,0,0,spring,3405,,,,
London,hour,2024-05-13 09:00:00,2024-05-13,9,0,0,spring,1758,,,,
London,hour,2024-05-13 10:00:00,2024-05-13,10,0,0,spring,1074,,,,
London,hour,2024-05-13 11:00:00,2024-05-13,11,0,0,spring,1077,,,,
London,hour,2024-05-13 12:00:00,2024-05-13,12,0,0,spring,1232,,,,
London,hour,2024-05-13 13:00:00,2024-05-13,13,0,0,spring,1160,,,,
London,hour,2024-05-13 14:00:00,2024-05-13,14,0,0,spring,1107,,,,
London,hour,2024-05-13 15:00:00,2024-05-13,15,0,0,spring,1245,,,,
London,hour,2024-05-13 16:00:00,2024-05-13,16,0,0,spring,1757,,,,
London,hour,2024-05-13 17:00:00,2024-05-13,17,0,0,spring,3289,,,,
London,hour,2024-05-13 18:00:00,2024-05-13,18,0,0,spring,3232,,,,
London,hour,2024-05-13 19:00:00,2024-05-13,19,0,0,spring,2125,,,,
London,hour,2024-05-13 20:00:00,2024-05-13,20,0,0,spring,1343,,,,
London,hour,2024-05-13 21:00:00,2024-05-13,21,0,0,spring,871,,,,
London,hour,2024-05-13 22:00:00,2024-05-13,22,0,0,spring,610,,,,
London,hour,2024-05-13 23:00:00,2024-05-13,23,0,0,spring,334,,,,
London,hour,2024-05-14 00:00:00,2024-05-14,0,1,0,spring,150,,,,
London,hour,2024-05-14 01:00:00,2024-05-14,1,1,0,spring,85,,,,
London,hour,2024-05-14 02:00:00,2024-05-14,2,1,0,spring,29,,,,
London,hour,2024-05-14 03:00:00,2024-05-14,3,1,0,spring,23,,,,
London,hour,2024-05-14 04:00:00,2024-05-14,4,1,0,spring,32,,,,
London,hour,2024-05-14 05:00:00,2024-05-14,5,1,0,spring,126,,,,
London,hour,2024-05-14 06:00:00,2024-05-14,6,1,0,spring,445,,,,
London,hour,2024-05-14 07:00:00,2024-05-14,7,1,0,spring,1254,,,,
London,hour,2024-05-14 08:00:00,2024-05-14,8,1,0,spring,2408,,,,
London,hour,2024-05-14 09:00:00,2024-05-14,9,1,0,spring,1362,,,,
London,hour,2024-05-14 10:00:00,2024-05-14,10,1,0,spring,919,,,,
London,hour,2024-05-14 11:00:00,2024-05-14,11,1,0,spring,884,,,,
London,hour,2024-05-14 12:00:00,2024-05-14,12,1,0,spring,1073,,,,
London,hour,2024-05-14 13:00:00,2024-05-14,13,1,0,spring,1095,,,,
London,hour,2024-05-14 14:00:00,2024-05-14,14,1,0,spring,1089,,,,
London,hour,2024-05-14 15:00:00,2024-05-14,15,1,0,spring,1175,,,,
London,hour,2024-05-14 16:00:00,2024-05-14,16,1,0,spring,1751,,,,
London,hour,2024-05-14 17:00:00,2024-05-14,17,1,0,spring,3336,,,,
London,hour,2024-05-14 18:00:00,2024-05-14,18,1,0,spring,3296,,,,
London,hour,2024-05-14 19:00:00,2024-05-14,19,1,0,spring,2070,,,,
London,hour,2024-05-14 20:00:00,2024-05-14,20,1,0,spring,1289,,,,
London,hour,2024-05-14 21:00:00,2024-05-14,21,1,0,spring,857,,,,
London,hour,2024-05-14 22:00:00,2024-05-14,22,1,0,spring,571,,,,
London,hour,2024-05-14 23:00:00,2024-05-14,23,1,0,spring,236,,,,
London,hour,2024-05-15 00:00:00,2024-05-15,0,2,0,spring,104,,,,
London,hour,2024-05-15 01:00:00,2024-05-15,1,2,0,spring,57,,,,
London,hour,2024-05-15 02:00:00,2024-05-15,2,2,0,spring,35,,,,
London,hour,2024-05-15 03:00:00,2024-05-15,3,2,0,spring,29,,,,
London,hour,2024-05-15 04:00:00,2024-05-15,4,2,0,spring,59,,,,
London,hour,2024-05-15 05:00:00,2024-05-15,5,2,0,spring,166,,,,
London,hour,2024-05-15 06:00:00,2024-05-15,6,2,0,spring,773,,,,
London,hour,2024-05-15 07:00:00,2024-05-15,7,2,0,spring,2081,,,,
London,hour,2024-05-15 08:00:00,2024-05-15,8,2,0,spring,3878,,,,
London,hour,2024-05-15 09:00:00,2024-05-15,9,2,0,spring,2018,,,,
London,hour,2024-05-15 10:00:00,2024-05-15,10,2,0,spring,1113,,,,
London,hour,2024-05-15 11:00:00,2024-05-15,11,2,0,spring,1056,,,,
London,hour,2024-05-15 12:00:00,2024-05-15,12,2,0,spring,1230,,,,
London,hour,2024-05-15 13:00:00,2024-05-15,13,2,0,spring,1373,,,,
London,hour,2024-05-15 14:00:00,2024-05-15,14,2,0,spring,1265,,,,
London,hour,2024-05-15 15:00:00,2024-05-15,15,2,0,spring,1441,,,,
London,hour,2024-05-15 16:00:00,2024-05-15,16,2,0,spring,2008,,,,
London,hour,2024-05-15 17:00:00,2024-05-15,17,2,0,spring,3670,,,,
London,hour,2024-05-15 18:00:00,2024-05-15,18,2,0,spring,3723,,,,
London,hour,2024-05-15 19:00:00,2024-05-15,19,2,0,spring,2498,,,,
London,hour,2024-05-15 20:00:00,2024-05-15,20,2,0,spring,1638,,,,
London,hour,2024-05-15 21:00:00,2024-05-15,21,2,0,spring,1166,,,,
London,hour,2024-05-15 22:00:00,2024-05-15,22,2,0,spring,827,,,,
London,hour,2024-05-15 23:00:00,2024-05-15,23,2,0,spring,478,,,,
London,hour,2024-05-16 00:00:00,2024-05-16,0,3,0,spring,197,,,,
London,hour,2024-05-16 01:00:00,2024-05-16,1,3,0,spring,86,,,,
London,hour,2024-05-16 02:00:00,2024-05-16,2,3,0,spring,58,,,,
London,hour,2024-05-16 03:00:00,2024-05-16,3,3,0,spring,30,,,,
London,hour,2024-05-16 04:00:00,2024-05-16,4,3,0,spring,52,,,,
London,hour,2024-05-16 05:00:00,2024-05-16,5,3,0,spring,147,,,,
London,hour,2024-05-16 06:00:00,2024-05-16,6,3,0,spring,677,,,,
London,hour,2024-05-16 07:00:00,2024-05-16,7,3,0,spring,2080,,,,
London,hour,2024-05-16 08:00:00,2024-05-16,8,3,0,spring,3300,,,,
London,hour,2024-05-16 09:00:00,2024-05-16,9,3,0,spring,1603,,,,
London,hour,2024-05-16 10:00:00,2024-05-16,10,3,0,spring,922,,,,
London,hour,2024-05-16 11:00:00,2024-05-16,11,3,0,spring,707,,,,
London,hour,2024-05-16 12:00:00,2024-05-16,12,3,0,spring,910,,,,
London,hour,2024-05-16 13:00:00,2024-05-16,13,3,0,spring,804,,,,
London,hour,2024-05-16 14:00:00,2024-05-16,14,3,0,spring,731,,,,
London,hour,2024-05-16 15:00:00,2024-05-16,15,3,0,spring,988,,,,
London,hour,2024-05-16 16:00:00,2024-05-16,16,3,0,spring,1664,,,,
London,hour,2024-05-16 17:00:00,2024-05-16,17,3,0,spring,2916,,,,
London,hour,2024-05-16 18:00:00,2024-05-16,18,3,0,spring,2899,,,,
London,hour,2024-05-16 19:00:00,2024-05-16,19,3,0,spring,1849,,,,
London,hour,2024-05-16 20:00:00,2024-05-16,20,3,0,spring,1275,,,,
London,hour,2024-05-16 21:00:00,2024-05-16,21,3,0,spring,912,,,,
London,hour,2024-05-16 22:00:00,2024-05-16,22,3,0,spring,781,,,,
London,hour,2024-05-16 23:00:00,2024-05-16,23,3,0,spring,455,,,,
London,hour,2024-05-17 00:00:00,2024-05-17,0,4,0,spring,224,,,,
London,hour,2024-05-17 01:00:00,2024-05-17,1,4,0,spring,110,,,,
London,hour,2024-05-17 02:00:00,2024-05-17,2,4,0,spring,46,,,,
London,hour,2024-05-17 03:00:00,2024-05-17,3,4,0,spring,55,,,,
London,hour,2024-05-17 04:00:00,2024-05-17,4,4,0,spring,62,,,,
London,hour,2024-05-17 05:00:00,2024-05-17,5,4,0,spring,131,,,,
London,hour,2024-05-17 06:00:00,2024-05-17,6,4,0,spring,596,,,,
London,hour,2024-05-17 07:00:00,2024-05-17,7,4,0,spring,1558,,,,
London,hour,2024-05-17 08:00:00,2024-05-17,8,4,0,spring,2594,,,,
London,hour,2024-05-17 09:00:00,2024-05-17,9,4,0,spring,1803,,,,
London,hour,2024-05-17 10:00:00,2024-05-17,10,4,0,spring,1172,,,,
London,hour,2024-05-17 11:00:00,2024-05-17,11,4,0,spring,1256,,,,
London,hour,2024-05-17 12:00:00,2024-05-17,12,4,0,spring,1454,,,,
London,hour,2024-05-17 13:00:00,2024-05-17,13,4,0,spring,1526,,,,
London,hour,2024-05-17 14:00:00,2024-05-17,14,4,0,spring,1523,,,,
London,hour,2024-05-17 15:00:00,2024-05-17,15,4,0,spring,1724,,,,
London,hour,2024-05-17 16:00:00,2024-05-17,16,4,0,spring,2072,,,,
London,hour,2024-05-17 17:00:00,2024-05-17,17,4,0,spring,2952,,,,
London,hour,2024-05-17 18:00:00,2024-05-17,18,4,0,spring,2667,,,,
London,hour,2024-05-17 19:00:00,2024-05-17,19,4,0,spring,1955,,,,
London,hour,2024-05-17 20:00:00,2024-05-17,20,4,0,spring,1363,,,,
London,hour,2024-05-17 21:00:00,2024-05-17,21,4,0,spring,952,,,,
London,hour,2024-05-17 22:00:00,2024-05-17,22,4,0,spring,846,,,,
London,hour,2024-05-17 23:00:00,2024-05-17,23,4,0,spring,647,,,,
London,hour,2024-05-18 00:00:00,2024-05-18,0,5,1,spring,405,,,,
London,hour,2024-05-18 01:00:00,2024-05-18,1,5,1,spring,259,,,,
London,hour,2024-05-18 02:00:00,2024-05-18,2,5,1,spring,147,,,,
London,hour,2024-05-18 03:00:00,2024-05-18,3,5,1,spring,114,,,,
London,hour,2024-05-18 04:00:00,2024-05-18,4,5,1,spring,85,,,,
London,hour,2024-05-18 05:00:00,2024-05-18,5,5,1,spring,76,,,,
London,hour,2024-05-18 06:00:00,2024-05-18,6,5,1,spring,162,,,,
London,hour,2024-05-18 07:00:00,2024-05-18,7,5,1,spring,372,,,,
London,hour,2024-05-18 08:00:00,2024-05-18,8,5,1,spring,613,,,,
London,hour,2024-05-18 09:00:00,2024-05-18,9,5,1,spring,1053,,,,
London,hour,2024-05-18 10:00:00,2024-05-18,10,5,1,spring,1499,,,,
London,hour,2024-05-18 11:00:00,2024-05-18,11,5,1,spring,1871,,,,
London,hour,2024-05-18 12:00:00,2024-05-18,12,5,1,spring,2007,,,,
London,hour,2024-05-18 13:00:00,2024-05-18,13,5,1,spring,2009,,,,
London,hour,2024-05-18 14:00:00,2024-05-18,14,5,1,spring,2013,,,,
London,hour,2024-05-18 15:00:00,2024-05-18,15,5,1,spring,2050,,,,
London,hour,2024-05-18 16:00:00,2024-05-18,16,5,1,spring,2214,,,,
London,hour,2024-05-18 17:00:00,2024-05-18,17,5,1,spring,2244,,,,
London,hour,2024-05-18 18:00:00,2024-05-18,18,5,1,spring,2168,,,,
London,hour,2024-05-18 19:00:00,2024-05-18,19,5,1,spring,1817,,,,
London,hour,2024-05-18 20:00:00,2024-05-18,20,5,1,spring,1344,,,,
London,hour,2024-05-18 21:00:00,2024-05-18,21,5,1,spring,1003,,,,
London,hour,2024-05-18 22:00:00,2024-05-18,22,5,1,spring,826,,,,
London,hour,2024-05-18 23:00:00,2024-05-18,23,5,1,spring,614,,,,
London,hour,2024-05-19 00:00:00,2024-05-19,0,6,1,spring,485,,,,
London,hour,2024-05-19 01:00:00,2024-05-19,1,6,1,spring,315,,,,
London,hour,2024-05-19 02:00:00,2024-05-19,2,6,1,spring,226,,,,
London,hour,2024-05-19 03:00:00,2024-05-19,3,6,1,spring,135,,,,
London,hour,2024-05-19 04:00:00,2024-05-19,4,6,1,spring,80,,,,
London,hour,2024-05-19 05:00:00,2024-05-19,5,6,1,spring,74,,,,
London,hour,2024-05-19 06:00:00,2024-05-19,6,6,1,spring,127,,,,
London,hour,2024-05-19 07:00:00,2024-05-19,7,6,1,spring,318,,,,
London,hour,2024-05-19 08:00:00,2024-05-19,8,6,1,spring,621,,,,
London,hour,2024-05-19 09:00:00,2024-05-19,9,6,1,spring,1065,,,,
London,hour,2024-05-19 10:00:00,2024-05-19,10,6,1,spring,1711,,,,
London,hour,2024-05-19 11:00:00,2024-05-19,11,6,1,spring,2081,,,,
London,hour,2024-05-19 12:00:00,2024-05-19,12,6,1,spring,2458,,,,
London,hour,2024-05-19 13:00:00,2024-05-19,13,6,1,spring,2523,,,,
London,hour,2024-05-19 14:00:00,2024-05-19,14,6,1,spring,2444,,,,
London,hour,2024-05-19 15:00:00,2024-05-19,15,6,1,spring,2631,,,,
London,hour,2024-05-19 16:00:00,2024-05-19,16,6,1,spring,2513,,,,
London,hour,2024-05-19 17:00:00,2024-05-19,17,6,1,spring,2202,,,,
London,hour,2024-05-19 18:00:00,2024-05-19,18,6,1,spring,2364,,,,
London,hour,2024-05-19 19:00:00,2024-05-19,19,6,1,spring,1760,,,,
London,hour,2024-05-19 20:00:00,2024-05-19,20,6,1,spring,1320,,,,
London,hour,2024-05-19 21:00:00,2024-05-19,21,6,1,spring,856,,,,
London,hour,2024-05-19 22:00:00,2024-05-19,22,6,1,spring,657,,,,
London,hour,2024-05-19 23:00:00,2024-05-19,23,6,1,spring,361,,,,
London,hour,2024-05-20 00:00:00,2024-05-20,0,0,0,spring,208,,,,
London,hour,2024-05-20 01:00:00,2024-05-20,1,0,0,spring,89,,,,
London,hour,2024-05-20 02:00:00,2024-05-20,2,0,0,spring,55,,,,
London,hour,2024-05-20 03:00:00,2024-05-20,3,0,0,spring,22,,,,
London,hour,2024-05-20 04:00:00,2024-05-20,4,0,0,spring,48,,,,
London,hour,2024-05-20 05:00:00,2024-05-20,5,0,0,spring,146,,,,
London,hour,2024-05-20 06:00:00,2024-05-20,6,0,0,spring,695,,,,
London,hour,2024-05-20 07:00:00,2024-05-20,7,0,0,spring,1870,,,,
London,hour,2024-05-20 08:00:00,2024-05-20,8,0,0,spring,3325,,,,
London,hour,2024-05-20 09:00:00,2024-05-20,9,0,0,spring,1838,,,,
London,hour,2024-05-20 10:00:00,2024-05-20,10,0,0,spring,1196,,,,
London,hour,2024-05-20 11:00:00,2024-05-20,11,0,0,spring,1258,,,,
London,hour,2024-05-20 12:00:00,2024-05-20,12,0,0,spring,1486,,,,
London,hour,2024-05-20 13:00:00,2024-05-20,13,0,0,spring,1563,,,,
London,hour,2024-05-20 14:00:00,2024-05-20,14,0,0,spring,1481,,,,
London,hour,2024-05-20 15:00:00,2024-05-20,15,0,0,spring,1583,,,,
London,hour,2024-05-20 16:00:00,2024-05-20,16,0,0,spring,2138,,,,
London,hour,2024-05-20 17:00:00,2024-05-20,17,0,0,spring,3632,,,,
London,hour,2024-05-20 18:00:00,2024-05-20,18,0,0,spring,3603,,,,
London,hour,2024-05-20 19:00:00,2024-05-20,19,0,0,spring,2308,,,,
London,hour,2024-05-20 20:00:00,2024-05-20,20,0,0,spring,1511,,,,
London,hour,2024-05-20 21:00:00,2024-05-20,21,0,0,spring,1001,,,,
London,hour,2024-05-20 22:00:00,2024-05-20,22,0,0,spring,675,,,,
London,hour,2024-05-20 23:00:00,2024-05-20,23,0,0,spring,298,,,,
London,hour,2024-05-21 00:00:00,2024-05-21,0,1,0,spring,126,,,,
London,hour,2024-05-21 01:00:00,2024-05-21,1,1,0,spring,69,,,,
London,hour,2024-05-21 02:00:00,2024-05-21,2,1,0,spring,30,,,,
London,hour,2024-05-21 03:00:00,2024-05-21,3,1,0,spring,27,,,,
London,hour,2024-05-21 04:00:00,2024-05-21,4,1,0,spring,43,,,,
London,hour,2024-05-21 05:00:00,2024-05-21,5,1,0,spring,166,,,,
London,hour,2024-05-21 06:00:00,2024-05-21,6,1,0,spring,768,,,,
London,hour,2024-05-21 07:00:00,2024-05-21,7,1,0,spring,2120,,,,
London,hour,2024-05-21 08:00:00,2024-05-21,8,1,0,spring,3803,,,,
London,hour,2024-05-21 09:00:00,2024-05-21,9,1,0,spring,1962,,,,
London,hour,2024-05-21 10:00:00,2024-05-21,10,1,0,spring,1119,,,,
London,hour,2024-05-21 11:00:00,2024-05-21,11,1,0,spring,1021,,,,
London,hour,2024-05-21 12:00:00,2024-05-21,12,1,0,spring,706,,,,
London,hour,2024-05-21 13:00:00,2024-05-21,13,1,0,spring,644,,,,
London,hour,2024-05-21 14:00:00,2024-05-21,14,1,0,spring,510,,,,
London,hour,2024-05-21 15:00:00,2024-05-21,15,1,0,spring,589,,,,
London,hour,2024-05-21 16:00:00,2024-05-21,16,1,0,spring,666,,,,
London,hour,2024-05-21 17:00:00,2024-05-21,17,1,0,spring,1177,,,,
London,hour,2024-05-21 18:00:00,2024-05-21,18,1,0,spring,1090,,,,
London,hour,2024-05-21 19:00:00,2024-05-21,19,1,0,spring,650,,,,
London,hour,2024-05-21 20:00:00,2024-05-21,20,1,0,spring,442,,,,
London,hour,2024-05-21 21:00:00,2024-05-21,21,1,0,spring,367,,,,
London,hour,2024-05-21 22:00:00,2024-05-21,22,1,0,spring,423,,,,
London,hour,2024-05-21 23:00:00,2024-05-21,23,1,0,spring,252,,,,
London,hour,2024-05-22 00:00:00,2024-05-22,0,2,0,spring,137,,,,
London,hour,2024-05-22 01:00:00,2024-05-22,1,2,0,spring,69,,,,
London,hour,2024-05-22 02:00:00,2024-05-22,2,2,0,spring,47,,,,
London,hour,2024-05-22 03:00:00,2024-05-22,3,2,0,spring,30,,,,
London,hour,2024-05-22 04:00:00,2024-05-22,4,2,0,spring,34,,,,
London,hour,2024-05-22 05:00:00,2024-05-22,5,2,0,spring,109,,,,
London,hour,2024-05-22 06:00:00,2024-05-22,6,2,0,spring,349,,,,
London,hour,2024-05-22 07:00:00,2024-05-22,7,2,0,spring,849,,,,
London,hour,2024-05-22 08:00:00,2024-05-22,8,2,0,spring,2059,,,,
London,hour,2024-05-22 09:00:00,2024-05-22,9,2,0,spring,1333,,,,
London,hour,2024-05-22 10:00:00,2024-05-22,10,2,0,spring,712,,,,
London,hour,2024-05-22 11:00:00,2024-05-22,11,2,0,spring,588,,,,
London,hour,2024-05-22 12:00:00,2024-05-22,12,2,0,spring,617,,,,
London,hour,2024-05-22 13:00:00,2024-05-22,13,2,0,spring,764,,,,
London,hour,2024-05-22 14:00:00,2024-05-22,14,2,0,spring,622,,,,
London,hour,2024-05-22 15:00:00,2024-05-22,15,2,0,spring,594,,,,
London,hour,2024-05-22 16:00:00,2024-05-22,16,2,0,spring,835,,,,
London,hour,2024-05-22 17:00:00,2024-05-22,17,2,0,spring,1459,,,,
London,hour,2024-05-22 18:00:00,2024-05-22,18,2,0,spring,1717,,,,
London,hour,2024-05-22 19:00:00,2024-05-22,19,2,0,spring,1269,,,,
London,hour,2024-05-22 20:00:00,2024-05-22,20,2,0,spring,991,,,,
London,hour,2024-05-22 21:00:00,2024-05-22,21,2,0,spring,738,,,,
London,hour,2024-05-22 22:00:00,2024-05-22,22,2,0,spring,637,,,,
London,hour,2024-05-22 23:00:00,2024-05-22,23,2,0,spring,353,,,,
London,hour,2024-05-23 00:00:00,2024-05-23,0,3,0,spring,170,,,,
London,hour,2024-05-23 01:00:00,2024-05-23,1,3,0,spring,76,,,,
London,hour,2024-05-23 02:00:00,2024-05-23,2,3,0,spring,55,,,,
London,hour,2024-05-23 03:00:00,2024-05-23,3,3,0,spring,48,,,,
London,hour,2024-05-23 04:00:00,2024-05-23,4,3,0,spring,63,,,,
London,hour,2024-05-23 05:00:00,2024-05-23,5,3,0,spring,138,,,,
London,hour,2024-05-23 06:00:00,2024-05-23,6,3,0,spring,778,,,,
London,hour,2024-05-23 07:00:00,2024-05-23,7,3,0,spring,1914,,,,
London,hour,2024-05-23 08:00:00,2024-05-23,8,3,0,spring,3589,,,,
London,hour,2024-05-23 09:00:00,2024-05-23,9,3,0,spring,1897,,,,
London,hour,2024-05-23 10:00:00,2024-05-23,10,3,0,spring,1103,,,,
London,hour,2024-05-23 11:00:00,2024-05-23,11,3,0,spring,1014,,,,
London,hour,2024-05-23 12:00:00,2024-05-23,12,3,0,spring,1212,,,,
London,hour,2024-05-23 13:00:00,2024-05-23,13,3,0,spring,1252,,,,
London,hour,2024-05-23 14:00:00,2024-05-23,14,3,0,spring,1198,,,,
London,hour,2024-05-23 15:00:00,2024-05-23,15,3,0,spring,1468,,,,
London,hour,2024-05-23 16:00:00,2024-05-23,16,3,0,spring,1892,,,,
London,hour,2024-05-23 17:00:00,2024-05-23,17,3,0,spring,3319,,,,
London,hour,2024-05-23 18:00:00,2024-05-23,18,3,0,spring,3286,,,,
London,hour,2024-05-23 19:00:00,2024-05-23,19,3,0,spring,2172,,,,
London,hour,2024-05-23 20:00:00,2024-05-23,20,3,0,spring,1350,,,,
London,hour,2024-05-23 21:00:00,2024-05-23,21,3,0,spring,1052,,,,
London,hour,2024-05-23 22:00:00,2024-05-23,22,3,0,spring,761,,,,
London,hour,2024-05-23 23:00:00,2024-05-23,23,3,0,spring,518,,,,
London,hour,2024-05-24 00:00:00,2024-05-24,0,4,0,spring,235,,,,
London,hour,2024-05-24 01:00:00,2024-05-24,1,4,0,spring,125,,,,
London,hour,2024-05-24 02:00:00,2024-05-24,2,4,0,spring,70,,,,
London,hour,2024-05-24 03:00:00,2024-05-24,3,4,0,spring,53,,,,
London,hour,2024-05-24 04:00:00,2024-05-24,4,4,0,spring,67,,,,
London,hour,2024-05-24 05:00:00,2024-05-24,5,4,0,spring,143,,,,
London,hour,2024-05-24 06:00:00,2024-05-24,6,4,0,spring,633,,,,
London,hour,2024-05-24 07:00:00,2024-05-24,7,4,0,spring,1480,,,,
London,hour,2024-05-24 08:00:00,2024-05-24,8,4,0,spring,2421,,,,
London,hour,2024-05-24 09:00:00,2024-05-24,9,4,0,spring,1569,,,,
London,hour,2024-05-24 10:00:00,2024-05-24,10,4,0,spring,1132,,,,
London,hour,2024-05-24 11:00:00,2024-05-24,11,4,0,spring,1121,,,,
London,hour,2024-05-24 12:00:00,2024-05-24,12,4,0,spring,1429,,,,
London,hour,2024-05-24 13:00:00,2024-05-24,13,4,0,spring,1438,,,,
London,hour,2024-05-24 14:00:00,2024-05-24,14,4,0,spring,1504,,,,
London,hour,2024-05-24 15:00:00,2024-05-24,15,4,0,spring,1588,,,,
London,hour,2024-05-24 16:00:00,2024-05-24,16,4,0,spring,2020,,,,
London,hour,2024-05-24 17:00:00,2024-05-24,17,4,0,spring,2744,,,,
London,hour,2024-05-24 18:00:00,2024-05-24,18,4,0,spring,2462,,,,
London,hour,2024-05-24 19:00:00,2024-05-24,19,4,0,spring,1734,,,,
London,hour,2024-05-24 20:00:00,2024-05-24,20,4,0,spring,1182,,,,
London,hour,2024-05-24 21:00:00,2024-05-24,21,4,0,spring,882,,,,
London,hour,2024-05-24 22:00:00,2024-05-24,22,4,0,spring,785,,,,
London,hour,2024-05-24 23:00:00,2024-05-24,23,4,0,spring,618,,,,
London,hour,2024-05-25 00:00:00,2024-05-25,0,5,1,spring,398,,,,
London,hour,2024-05-25 01:00:00,2024-05-25,1,5,1,spring,272,,,,
London,hour,2024-05-25 02:00:00,2024-05-25,2,5,1,spring,147,,,,
London,hour,2024-05-25 03:00:00,2024-05-25,3,5,1,spring,112,,,,
London,hour,2024-05-25 04:00:00,2024-05-25,4,5,1,spring,76,,,,
London,hour,2024-05-25 05:00:00,2024-05-25,5,5,1,spring,89,,,,
London,hour,2024-05-25 06:00:00,2024-05-25,6,5,1,spring,171,,,,
London,hour,2024-05-25 07:00:00,2024-05-25,7,5,1,spring,367,,,,
London,hour,2024-05-25 08:00:00,2024-05-25,8,5,1,spring,681,,,,
London,hour,2024-05-25 09:00:00,2024-05-25,9,5,1,spring,1154,,,,
London,hour,2024-05-25 10:00:00,2024-05-25,10,5,1,spring,1486,,,,
London,hour,2024-05-25 11:00:00,2024-05-25,11,5,1,spring,1806,,,,
London,hour,2024-05-25 12:00:00,2024-05-25,12,5,1,spring,1956,,,,
London,hour,2024-05-25 13:00:00,2024-05-25,13,5,1,spring,2160,,,,
London,hour,2024-05-25 14:00:00,2024-05-25,14,5,1,spring,2235,,,,
London,hour,2024-05-25 15:00:00,2024-05-25,15,5,1,spring,2070,,,,
London,hour,2024-05-25 16:00:00,2024-05-25,16,5,1,spring,2097,,,,
London,hour,2024-05-25 17:00:00,2024-05-25,17,5,1,spring,2239,,,,
London,hour,2024-05-25 18:00:00,2024-05-25,18,5,1,spring,2071,,,,
London,hour,2024-05-25 19:00:00,2024-05-25,19,5,1,spring,1790,,,,
London,hour,2024-05-25 20:00:00,2024-05-25,20,5,1,spring,1318,,,,
London,hour,2024-05-25 21:00:00,2024-05-25,21,5,1,spring,885,,,,
London,hour,2024-05-25 22:00:00,2024-05-25,22,5,1,spring,789,,,,
London,hour,2024-05-25 23:00:00,2024-05-25,23,5,1,spring,629,,,,
London,hour,2024-05-26 00:00:00,2024-05-26,0,6,1,spring,374,,,,
London,hour,2024-05-26 01:00:00,2024-05-26,1,6,1,spring,209,,,,
London,hour,2024-05-26 02:00:00,2024-05-26,2,6,1,spring,89,,,,
London,hour,2024-05-26 03:00:00,2024-05-26,3,6,1,spring,47,,,,
London,hour,2024-05-26 04:00:00,2024-05-26,4,6,1,spring,38,,,,
London,hour,2024-05-26 05:00:00,2024-05-26,5,6,1,spring,46,,,,
London,hour,2024-05-26 06:00:00,2024-05-26,6,6,1,spring,101,,,,
London,hour,2024-05-26 07:00:00,2024-05-26,7,6,1,spring,240,,,,
London,hour,2024-05-26 08:00:00,2024-05-26,8,6,1,spring,412,,,,
London,hour,2024-05-26 09:00:00,2024-05-26,9,6,1,spring,840,,,,
London,hour,2024-05-26 10:00:00,2024-05-26,10,6,1,spring,1475,,,,
London,hour,2024-05-26 11:00:00,2024-05-26,11,6,1,spring,2143,,,,
London,hour,2024-05-26 12:00:00,2024-05-26,12,6,1,spring,2346,,,,
London,hour,2024-05-26 13:00:00,2024-05-26,13,6,1,spring,2473,,,,
London,hour,2024-05-26 14:00:00,2024-05-26,14,6,1,spring,2340,,,,
London,hour,2024-05-26 15:00:00,2024-05-26,15,6,1,spring,2050,,,,
London,hour,2024-05-26 16:00:00,2024-05-26,16,6,1,spring,2029,,,,
London,hour,2024-05-26 17:00:00,2024-05-26,17,6,1,spring,2080,,,,
London,hour,2024-05-26 18:00:00,2024-05-26,18,6,1,spring,1824,,,,
London,hour,2024-05-26 19:00:00,2024-05-26,19,6,1,spring,1060,,,,
London,hour,2024-05-26 20:00:00,2024-05-26,20,6,1,spring,1056,,,,
London,hour,2024-05-26 21:00:00,2024-05-26,21,6,1,spring,708,,,,
London,hour,2024-05-26 22:00:00,2024-05-26,22,6,1,spring,567,,,,
London,hour,2024-05-26 23:00:00,2024-05-26,23,6,1,spring,427,,,,
London,hour,2024-05-27 00:00:00,2024-05-27,0,0,0,spring,291,,,,
London,hour,2024-05-27 01:00:00,2024-05-27,1,0,0,spring,154,,,,
London,hour,2024-05-27 02:00:00,2024-05-27,2,0,0,spring,87,,,,
London,hour,2024-05-27 03:00:00,2024-05-27,3,0,0,spring,60,,,,
London,hour,2024-05-27 04:00:00,2024-05-27,4,0,0,spring,42,,,,
London,hour,2024-05-27 05:00:00,2024-05-27,5,0,0,spring,73,,,,
London,hour,2024-05-27 06:00:00,2024-05-27,6,0,0,spring,167,,,,
London,hour,2024-05-27 07:00:00,2024-05-27,7,0,0,spring,330,,,,
London,hour,2024-05-27 08:00:00,2024-05-27,8,0,0,spring,558,,,,
London,hour,2024-05-27 09:00:00,2024-05-27,9,0,0,spring,928,,,,
London,hour,2024-05-27 10:00:00,2024-05-27,10,0,0,spring,1277,,,,
London,hour,2024-05-27 11:00:00,2024-05-27,11,0,0,spring,1592,,,,
London,hour,2024-05-27 12:00:00,2024-05-27,12,0,0,spring,1875,,,,
London,hour,2024-05-27 13:00:00,2024-05-27,13,0,0,spring,1878,,,,
London,hour,2024-05-27 14:00:00,2024-05-27,14,0,0,spring,1549,,,,
London,hour,2024-05-27 15:00:00,2024-05-27,15,0,0,spring,1661,,,,
London,hour,2024-05-27 16:00:00,2024-05-27,16,0,0,spring,1560,,,,
London,hour,2024-05-27 17:00:00,2024-05-27,17,0,0,spring,1661,,,,
London,hour,2024-05-27 18:00:00,2024-05-27,18,0,0,spring,1740,,,,
London,hour,2024-05-27 19:00:00,2024-05-27,19,0,0,spring,1339,,,,
London,hour,2024-05-27 20:00:00,2024-05-27,20,0,0,spring,971,,,,
London,hour,2024-05-27 21:00:00,2024-05-27,21,0,0,spring,708,,,,
London,hour,2024-05-27 22:00:00,2024-05-27,22,0,0,spring,563,,,,
London,hour,2024-05-27 23:00:00,2024-05-27,23,0,0,spring,297,,,,
London,hour,2024-05-28 00:00:00,2024-05-28,0,1,0,spring,149,,,,
London,hour,2024-05-28 01:00:00,2024-05-28,1,1,0,spring,92,,,,
London,hour,2024-05-28 02:00:00,2024-05-28,2,1,0,spring,32,,,,
London,hour,2024-05-28 03:00:00,2024-05-28,3,1,0,spring,29,,,,
London,hour,2024-05-28 04:00:00,2024-05-28,4,1,0,spring,43,,,,
London,hour,2024-05-28 05:00:00,2024-05-28,5,1,0,spring,156,,,,
London,hour,2024-05-28 06:00:00,2024-05-28,6,1,0,spring,643,,,,
London,hour,2024-05-28 07:00:00,2024-05-28,7,1,0,spring,1695,,,,
London,hour,2024-05-28 08:00:00,2024-05-28,8,1,0,spring,2860,,,,
London,hour,2024-05-28 09:00:00,2024-05-28,9,1,0,spring,1038,,,,
London,hour,2024-05-28 10:00:00,2024-05-28,10,1,0,spring,610,,,,
London,hour,2024-05-28 11:00:00,2024-05-28,11,1,0,spring,677,,,,
London,hour,2024-05-28 12:00:00,2024-05-28,12,1,0,spring,602,,,,
London,hour,2024-05-28 13:00:00,2024-05-28,13,1,0,spring,882,,,,
London,hour,2024-05-28 14:00:00,2024-05-28,14,1,0,spring,869,,,,
London,hour,2024-05-28 15:00:00,2024-05-28,15,1,0,spring,1077,,,,
London,hour,2024-05-28 16:00:00,2024-05-28,16,1,0,spring,1452,,,,
London,hour,2024-05-28 17:00:00,2024-05-28,17,1,0,spring,2983,,,,
London,hour,2024-05-28 18:00:00,2024-05-28,18,1,0,spring,2789,,,,
London,hour,2024-05-28 19:00:00,2024-05-28,19,1,0,spring,1729,,,,
London,hour,2024-05-28 20:00:00,2024-05-28,20,1,0,spring,932,,,,
London,hour,2024-05-28 21:00:00,2024-05-28,21,1,0,spring,709,,,,
London,hour,2024-05-28 22:00:00,2024-05-28,22,1,0,spring,517,,,,
London,hour,2024-05-28 23:00:00,2024-05-28,23,1,0,spring,262,,,,
London,hour,2024-05-29 00:00:00,2024-05-29,0,2,0,spring,105,,,,
London,hour,2024-05-29 01:00:00,2024-05-29,1,2,0,spring,70,,,,
London,hour,2024-05-29 02:00:00,2024-05-29,2,2,0,spring,38,,,,
London,hour,2024-05-29 03:00:00,2024-05-29,3,2,0,spring,38,,,,
London,hour,2024-05-29 04:00:00,2024-05-29,4,2,0,spring,54,,,,
London,hour,2024-05-29 05:00:00,2024-05-29,5,2,0,spring,154,,,,
London,hour,2024-05-29 06:00:00,2024-05-29,6,2,0,spring,723,,,,
London,hour,2024-05-29 07:00:00,2024-05-29,7,2,0,spring,1847,,,,
London,hour,2024-05-29 08:00:00,2024-05-29,8,2,0,spring,3359,,,,
London,hour,2024-05-29 09:00:00,2024-05-29,9,2,0,spring,1913,,,,
London,hour,2024-05-29 10:00:00,2024-05-29,10,2,0,spring,1095,,,,
London,hour,2024-05-29 11:00:00,2024-05-29,11,2,0,spring,1055,,,,
London,hour,2024-05-29 12:00:00,2024-05-29,12,2,0,spring,1322,,,,
London,hour,2024-05-29 13:00:00,2024-05-29,13,2,0,spring,1351,,,,
London,hour,2024-05-29 14:00:00,2024-05-29,14,2,0,spring,1327,,,,
London,hour,2024-05-29 15:00:00,2024-05-29,15,2,0,spring,1399,,,,
London,hour,2024-05-29 16:00:00,2024-05-29,16,2,0,spring,1841,,,,
London,hour,2024-05-29 17:00:00,2024-05-29,17,2,0,spring,3565,,,,
London,hour,2024-05-29 18:00:00,2024-05-29,18,2,0,spring,3433,,,,
London,hour,2024-05-29 19:00:00,2024-05-29,19,2,0,spring,2199,,,,
London,hour,2024-05-29 20:00:00,2024-05-29,20,2,0,spring,1471,,,,
London,hour,2024-05-29 21:00:00,2024-05-29,21,2,0,spring,1091,,,,
London,hour,2024-05-29 22:00:00,2024-05-29,22,2,0,spring,753,,,,
London,hour,2024-05-29 23:00:00,2024-05-29,23,2,0,spring,435,,,,
London,hour,2024-05-30 00:00:00,2024-05-30,0,3,0,spring,228,,,,
London,hour,2024-05-30 01:00:00,2024-05-30,1,3,0,spring,106,,,,
London,hour,2024-05-30 02:00:00,2024-05-30,2,3,0,spring,67,,,,
London,hour,2024-05-30 03:00:00,2024-05-30,3,3,0,spring,41,,,,
London,hour,2024-05-30 04:00:00,2024-05-30,4,3,0,spring,51,,,,
London,hour,2024-05-30 05:00:00,2024-05-30,5,3,0,spring,168,,,,
London,hour,2024-05-30 06:00:00,2024-05-30,6,3,0,spring,689,,,,
London,hour,2024-05-30 07:00:00,2024-05-30,7,3,0,spring,1756,,,,
London,hour,2024-05-30 08:00:00,2024-05-30,8,3,0,spring,3293,,,,
London,hour,2024-05-30 09:00:00,2024-05-30,9,3,0,spring,1728,,,,
London,hour,2024-05-30 10:00:00,2024-05-30,10,3,0,spring,1047,,,,
London,hour,2024-05-30 11:00:00,2024-05-30,11,3,0,spring,1009,,,,
London,hour,2024-05-30 12:00:00,2024-05-30,12,3,0,spring,1046,,,,
London,hour,2024-05-30 13:00:00,2024-05-30,13,3,0,spring,1067,,,,
London,hour,2024-05-30 14:00:00,2024-05-30,14,3,0,spring,1100,,,,
London,hour,2024-05-30 15:00:00,2024-05-30,15,3,0,spring,1303,,,,
London,hour,2024-05-30 16:00:00,2024-05-30,16,3,0,spring,1615,,,,
London,hour,2024-05-30 17:00:00,2024-05-30,17,3,0,spring,2766,,,,
London,hour,2024-05-30 18:00:00,2024-05-30,18,3,0,spring,2855,,,,
London,hour,2024-05-30 19:00:00,2024-05-30,19,3,0,spring,1676,,,,
London,hour,2024-05-30 20:00:00,2024-05-30,20,3,0,spring,1209,,,,
London,hour,2024-05-30 21:00:00,2024-05-30,21,3,0,spring,911,,,,
London,hour,2024-05-30 22:00:00,2024-05-30,22,3,0,spring,710,,,,
London,hour,2024-05-30 23:00:00,2024-05-30,23,3,0,spring,487,,,,
London,hour,2024-05-31 00:00:00,2024-05-31,0,4,0,spring,240,,,,
London,hour,2024-05-31 01:00:00,2024-05-31,1,4,0,spring,136,,,,
London,hour,2024-05-31 02:00:00,2024-05-31,2,4,0,spring,62,,,,
London,hour,2024-05-31 03:00:00,2024-05-31,3,4,0,spring,55,,,,
London,hour,2024-05-31 04:00:00,2024-05-31,4,4,0,spring,69,,,,
London,hour,2024-05-31 05:00:00,2024-05-31,5,4,0,spring,143,,,,
London,hour,2024-05-31 06:00:00,2024-05-31,6,4,0,spring,574,,,,
London,hour,2024-05-31 07:00:00,2024-05-31,7,4,0,spring,1257,,,,
London,hour,2024-05-31 08:00:00,2024-05-31,8,4,0,spring,2014,,,,
London,hour,2024-05-31 09:00:00,2024-05-31,9,4,0,spring,1293,,,,
London,hour,2024-05-31 10:00:00,2024-05-31,10,4,0,spring,903,,,,
London,hour,2024-05-31 11:00:00,2024-05-31,11,4,0,spring,953,,,,
London,hour,2024-05-31 12:00:00,2024-05-31,12,4,0,spring,1114,,,,
London,hour,2024-05-31 13:00:00,2024-05-31,13,4,0,spring,1181,,,,
London,hour,2024-05-31 14:00:00,2024-05-31,14,4,0,spring,1115,,,,
London,hour,2024-05-31 15:00:00,2024-05-31,15,4,0,spring,1262,,,,
London,hour,2024-05-31 16:00:00,2024-05-31,16,4,0,spring,1534,,,,
London,hour,2024-05-31 17:00:00,2024-05-31,17,4,0,spring,2254,,,,
London,hour,2024-05-31 18:00:00,2024-05-31,18,4,0,spring,2135,,,,
London,hour,2024-05-31 19:00:00,2024-05-31,19,4,0,spring,1575,,,,
London,hour,2024-05-31 20:00:00,2024-05-31,20,4,0,spring,1060,,,,
London,hour,2024-05-31 21:00:00,2024-05-31,21,4,0,spring,809,,,,
London,hour,2024-05-31 22:00:00,2024-05-31,22,4,0,spring,613,,,,
London,hour,2024-05-31 23:00:00,2024-05-31,23,4,0,spring,560,,,,
London,hour,2024-06-04 00:00:00,2024-06-04,0,1,0,summer,399,,,,
London,hour,2024-06-04 01:00:00,2024-06-04,1,1,0,summer,226,,,,
London,hour,2024-06-04 02:00:00,2024-06-04,2,1,0,summer,184,,,,
London,hour,2024-06-04 03:00:00,2024-06-04,3,1,0,summer,111,,,,
London,hour,2024-06-04 04:00:00,2024-06-04,4,1,0,summer,83,,,,
London,hour,2024-06-04 05:00:00,2024-06-04,5,1,0,summer,93,,,,
London,hour,2024-06-04 06:00:00,2024-06-04,6,1,0,summer,118,,,,
London,hour,2024-06-04 07:00:00,2024-06-04,7,1,0,summer,270,,,,
London,hour,2024-06-04 08:00:00,2024-06-04,8,1,0,summer,610,,,,
London,hour,2024-06-04 09:00:00,2024-06-04,9,1,0,summer,1024,,,,
London,hour,2024-06-04 10:00:00,2024-06-04,10,1,0,summer,1458,,,,
London,hour,2024-06-04 11:00:00,2024-06-04,11,1,0,summer,1698,,,,
London,hour,2024-06-04 12:00:00,2024-06-04,12,1,0,summer,1861,,,,
London,hour,2024-06-04 13:00:00,2024-06-04,13,1,0,summer,1933,,,,
London,hour,2024-06-04 14:00:00,2024-06-04,14,1,0,summer,1947,,,,
London,hour,2024-06-04 15:00:00,2024-06-04,15,1,0,summer,1978,,,,
London,hour,2024-06-04 16:00:00,2024-06-04,16,1,0,summer,111,,,,
London,hour,2024-06-05 00:00:00,2024-06-05,0,2,0,summer,253,,,,
London,hour,2024-06-05 01:00:00,2024-06-05,1,2,0,summer,155,,,,
London,hour,2024-06-05 02:00:00,2024-06-05,2,2,0,summer,94,,,,
London,hour,2024-06-05 03:00:00,2024-06-05,3,2,0,summer,37,,,,
London,hour,2024-06-05 04:00:00,2024-06-05,4,2,0,summer,61,,,,
London,hour,2024-06-05 05:00:00,2024-06-05,5,2,0,summer,76,,,,
London,hour,2024-06-05 06:00:00,2024-06-05,6,2,0,summer,149,,,,
London,hour,2024-06-05 07:00:00,2024-06-05,7,2,0,summer,309,,,,
London,hour,2024-06-05 08:00:00,2024-06-05,8,2,0,summer,574,,,,
London,hour,2024-06-05 09:00:00,2024-06-05,9,2,0,summer,543,,,,
London,hour,2024-06-05 10:00:00,2024-06-05,10,2,0,summer,322,,,,
London,hour,2024-06-05 11:00:00,2024-06-05,11,2,0,summer,467,,,,
London,hour,2024-06-05 12:00:00,2024-06-05,12,2,0,summer,472,,,,
London,hour,2024-06-05 13:00:00,2024-06-05,13,2,0,summer,491,,,,
London,hour,2024-06-05 14:00:00,2024-06-05,14,2,0,summer,704,,,,
London,hour,2024-06-05 15:00:00,2024-06-05,15,2,0,summer,744,,,,
London,hour,2024-06-05 16:00:00,2024-06-05,16,2,0,summer,915,,,,
London,hour,2024-06-05 17:00:00,2024-06-05,17,2,0,summer,981,,,,
London,hour,2024-06-05 18:00:00,2024-06-05,18,2,0,summer,1019,,,,
London,hour,2024-06-05 19:00:00,2024-06-05,19,2,0,summer,873,,,,
London,hour,2024-06-05 20:00:00,2024-06-05,20,2,0,summer,540,,,,
London,hour,2024-06-05 21:00:00,2024-06-05,21,2,0,summer,418,,,,
London,hour,2024-06-05 22:00:00,2024-06-05,22,2,0,summer,281,,,,
London,hour,2024-06-05 23:00:00,2024-06-05,23,2,0,summer,172,,,,
London,hour,2024-06-06 00:00:00,2024-06-06,0,3,0,summer,155,,,,
London,hour,2024-06-06 01:00:00,2024-06-06,1,3,0,summer,77,,,,
London,hour,2024-06-06 02:00:00,2024-06-06,2,3,0,summer,52,,,,
London,hour,2024-06-06 03:00:00,2024-06-06,3,3,0,summer,45,,,,
London,hour,2024-06-06 04:00:00,2024-06-06,4,3,0,summer,66,,,,
London,hour,2024-06-06 05:00:00,2024-06-06,5,3,0,summer,165,,,,
London,hour,2024-06-06 06:00:00,2024-06-06,6,3,0,summer,780,,,,
London,hour,2024-06-06 07:00:00,2024-06-06,7,3,0,summer,2057,,,,
London,hour,2024-06-06 08:00:00,2024-06-06,8,3,0,summer,3780,,,,
London,hour,2024-06-06 09:00:00,2024-06-06,9,3,0,summer,1962,,,,
London,hour,2024-06-06 10:00:00,2024-06-06,10,3,0,summer,1227,,,,
London,hour,2024-06-06 11:00:00,2024-06-06,11,3,0,summer,1162,,,,
London,hour,2024-06-06 12:00:00,2024-06-06,12,3,0,summer,1491,,,,
London,hour,2024-06-06 13:00:00,2024-06-06,13,3,0,summer,1315,,,,
London,hour,2024-06-06 14:00:00,2024-06-06,14,3,0,summer,1206,,,,
London,hour,2024-06-06 15:00:00,2024-06-06,15,3,0,summer,1359,,,,
London,hour,2024-06-06 16:00:00,2024-06-06,16,3,0,summer,1952,,,,
London,hour,2024-06-06 17:00:00,2024-06-06,17,3,0,summer,3386,,,,
London,hour,2024-06-06 18:00:00,2024-06-06,18,3,0,summer,3147,,,,
London,hour,2024-06-06 19:00:00,2024-06-06,19,3,0,summer,2143,,,,
London,hour,2024-06-06 20:00:00,2024-06-06,20,3,0,summer,1475,,,,
London,hour,2024-06-06 21:00:00,2024-06-06,21,3,0,summer,1085,,,,
London,hour,2024-06-06 22:00:00,2024-06-06,22,3,0,summer,929,,,,
London,hour,2024-06-06 23:00:00,2024-06-06,23,3,0,summer,474,,,,
London,hour,2024-06-07 00:00:00,2024-06-07,0,4,0,summer,198,,,,
London,hour,2024-06-07 01:00:00,2024-06-07,1,4,0,summer,111,,,,
London,hour,2024-06-07 02:00:00,2024-06-07,2,4,0,summer,83,,,,
London,hour,2024-06-07 03:00:00,2024-06-07,3,4,0,summer,75,,,,
London,hour,2024-06-07 04:00:00,2024-06-07,4,4,0,summer,67,,,,
London,hour,2024-06-07 05:00:00,2024-06-07,5,4,0,summer,62,,,,
London,hour,2024-06-07 06:00:00,2024-06-07,6,4,0,summer,136,,,,
London,hour,2024-06-07 07:00:00,2024-06-07,7,4,0,summer,319,,,,
London,hour,2024-06-07 08:00:00,2024-06-07,8,4,0,summer,397,,,,
London,hour,2024-06-07 09:00:00,2024-06-07,9,4,0,summer,667,,,,
London,hour,2024-06-07 10:00:00,2024-06-07,10,4,0,summer,1001,,,,
London,hour,2024-06-07 11:00:00,2024-06-07,11,4,0,summer,586,,,,
London,hour,2024-06-07 12:00:00,2024-06-07,12,4,0,summer,652,,,,
London,hour,2024-06-07 13:00:00,2024-06-07,13,4,0,summer,1064,,,,
London,hour,2024-06-07 14:00:00,2024-06-07,14,4,0,summer,1177,,,,
London,hour,2024-06-07 15:00:00,2024-06-07,15,4,0,summer,1500,,,,
London,hour,2024-06-07 16:00:00,2024-06-07,16,4,0,summer,2506,,,,
London,hour,2024-06-07 17:00:00,2024-06-07,17,4,0,summer,3988,,,,
London,hour,2024-06-07 18:00:00,2024-06-07,18,4,0,summer,3635,,,,
London,hour,2024-06-07 19:00:00,2024-06-07,19,4,0,summer,2903,,,,
London,hour,2024-06-07 20:00:00,2024-06-07,20,4,0,summer,2314,,,,
London,hour,2024-06-07 21:00:00,2024-06-07,21,4,0,summer,1735,,,,
London,hour,2024-06-07 22:00:00,2024-06-07,22,4,0,summer,1509,,,,
London,hour,2024-06-07 23:00:00,2024-06-07,23,4,0,summer,1220,,,,
London,hour,2024-06-08 00:00:00,2024-06-08,0,5,1,summer,421,,,,
London,hour,2024-06-08 01:00:00,2024-06-08,1,5,1,summer,228,,,,
London,hour,2024-06-08 02:00:00,2024-06-08,2,5,1,summer,155,,,,
London,hour,2024-06-08 03:00:00,2024-06-08,3,5,1,summer,97,,,,
London,hour,2024-06-08 04:00:00,2024-06-08,4,5,1,summer,83,,,,
London,hour,2024-06-08 05:00:00,2024-06-08,5,5,1,summer,89,,,,
London,hour,2024-06-08 06:00:00,2024-06-08,6,5,1,summer,169,,,,
London,hour,2024-06-08 07:00:00,2024-06-08,7,5,1,summer,415,,,,
London,hour,2024-06-08 08:00:00,2024-06-08,8,5,1,summer,796,,,,
London,hour,2024-06-08 09:00:00,2024-06-08,9,5,1,summer,1159,,,,
London,hour,2024-06-08 10:00:00,2024-06-08,10,5,1,summer,1610,,,,
London,hour,2024-06-08 11:00:00,2024-06-08,11,5,1,summer,1786,,,,
London,hour,2024-06-08 12:00:00,2024-06-08,12,5,1,summer,1991,,,,
London,hour,2024-06-08 13:00:00,2024-06-08,13,5,1,summer,1908,,,,
London,hour,2024-06-08 14:00:00,2024-06-08,14,5,1,summer,2105,,,,
London,hour,2024-06-08 15:00:00,2024-06-08,15,5,1,summer,2042,,,,
London,hour,2024-06-08 16:00:00,2024-06-08,16,5,1,summer,1940,,,,
London,hour,2024-06-08 17:00:00,2024-06-08,17,5,1,summer,2025,,,,
London,hour,2024-06-08 18:00:00,2024-06-08,18,5,1,summer,2023,,,,
London,hour,2024-06-08 19:00:00,2024-06-08,19,5,1,summer,1657,,,,
London,hour,2024-06-08 20:00:00,2024-06-08,20,5,1,summer,1202,,,,
London,hour,2024-06-08 21:00:00,2024-06-08,21,5,1,summer,894,,,,
London,hour,2024-06-08 22:00:00,2024-06-08,22,5,1,summer,768,,,,
London,hour,2024-06-08 23:00:00,2024-06-08,23,5,1,summer,512,,,,
London,hour,2024-06-09 00:00:00,2024-06-09,0,6,1,summer,469,,,,
London,hour,2024-06-09 01:00:00,2024-06-09,1,6,1,summer,283,,,,
London,hour,2024-06-09 02:00:00,2024-06-09,2,6,1,summer,168,,,,
London,hour,2024-06-09 03:00:00,2024-06-09,3,6,1,summer,144,,,,
London,hour,2024-06-09 04:00:00,2024-06-09,4,6,1,summer,91,,,,
London,hour,2024-06-09 05:00:00,2024-06-09,5,6,1,summer,95,,,,
London,hour,2024-06-09 06:00:00,2024-06-09,6,6,1,summer,142,,,,
London,hour,2024-06-09 07:00:00,2024-06-09,7,6,1,summer,279,,,,
London,hour,2024-06-09 08:00:00,2024-06-09,8,6,1,summer,611,,,,
London,hour,2024-06-09 09:00:00,2024-06-09,9,6,1,summer,1080,,,,
London,hour,2024-06-09 10:00:00,2024-06-09,10,6,1,summer,1542,,,,
London,hour,2024-06-09 11:00:00,2024-06-09,11,6,1,summer,1981,,,,
London,hour,2024-06-09 12:00:00,2024-06-09,12,6,1,summer,2245,,,,
London,hour,2024-06-09 13:00:00,2024-06-09,13,6,1,summer,2199,,,,
London,hour,2024-06-09 14:00:00,2024-06-09,14,6,1,summer,2263,,,,
London,hour,2024-06-09 15:00:00,2024-06-09,15,6,1,summer,2233,,,,
London,hour,2024-06-09 16:00:00,2024-06-09,16,6,1,summer,2199,,,,
London,hour,2024-06-09 17:00:00,2024-06-09,17,6,1,summer,1998,,,,
London,hour,2024-06-09 18:00:00,2024-06-09,18,6,1,summer,1690,,,,
London,hour,2024-06-09 19:00:00,2024-06-09,19,6,1,summer,1281,,,,
London,hour,2024-06-09 20:00:00,2024-06-09,20,6,1,summer,913,,,,
London,hour,2024-06-09 21:00:00,2024-06-09,21,6,1,summer,766,,,,
London,hour,2024-06-09 22:00:00,2024-06-09,22,6,1,summer,543,,,,
London,hour,2024-06-09 23:00:00,2024-06-09,23,6,1,summer,312,,,,
London,hour,2024-06-10 00:00:00,2024-06-10,0,0,0,summer,566,,,,
London,hour,2024-06-10 01:00:00,2024-06-10,1,0,0,summer,385,,,,
London,hour,2024-06-10 02:00:00,2024-06-10,2,0,0,summer,232,,,,
London,hour,2024-06-10 03:00:00,2024-06-10,3,0,0,summer,184,,,,
London,hour,2024-06-10 04:00:00,2024-06-10,4,0,0,summer,118,,,,
London,hour,2024-06-10 05:00:00,2024-06-10,5,0,0,summer,221,,,,
London,hour,2024-06-10 06:00:00,2024-06-10,6,0,0,summer,560,,,,
London,hour,2024-06-10 07:00:00,2024-06-10,7,0,0,summer,1619,,,,
London,hour,2024-06-10 08:00:00,2024-06-10,8,0,0,summer,2906,,,,
London,hour,2024-06-10 09:00:00,2024-06-10,9,0,0,summer,2396,,,,
London,hour,2024-06-10 10:00:00,2024-06-10,10,0,0,summer,2135,,,,
London,hour,2024-06-10 11:00:00,2024-06-10,11,0,0,summer,2491,,,,
London,hour,2024-06-10 12:00:00,2024-06-10,12,0,0,summer,2907,,,,
London,hour,2024-06-10 13:00:00,2024-06-10,13,0,0,summer,2862,,,,
London,hour,2024-06-10 14:00:00,2024-06-10,14,0,0,summer,2495,,,,
London,hour,2024-06-10 15:00:00,2024-06-10,15,0,0,summer,2825,,,,
London,hour,2024-06-10 16:00:00,2024-06-10,16,0,0,summer,2974,,,,
London,hour,2024-06-10 17:00:00,2024-06-10,17,0,0,summer,3555,,,,
London,hour,2024-06-10 18:00:00,2024-06-10,18,0,0,summer,3760,,,,
London,hour,2024-06-10 19:00:00,2024-06-10,19,0,0,summer,2569,,,,
London,hour,2024-06-10 20:00:00,2024-06-10,20,0,0,summer,1684,,,,
London,hour,2024-06-10 21:00:00,2024-06-10,21,0,0,summer,1223,,,,
London,hour,2024-06-10 22:00:00,2024-06-10,22,0,0,summer,858,,,,
London,hour,2024-06-10 23:00:00,2024-06-10,23,0,0,summer,498,,,,
London,hour,2024-06-11 00:00:00,2024-06-11,0,1,0,summer,272,,,,
London,hour,2024-06-11 01:00:00,2024-06-11,1,1,0,summer,96,,,,
London,hour,2024-06-11 02:00:00,2024-06-11,2,1,0,summer,66,,,,
London,hour,2024-06-11 03:00:00,2024-06-11,3,1,0,summer,37,,,,
London,hour,2024-06-11 04:00:00,2024-06-11,4,1,0,summer,116,,,,
London,hour,2024-06-11 05:00:00,2024-06-11,5,1,0,summer,395,,,,
London,hour,2024-06-11 06:00:00,2024-06-11,6,1,0,summer,1458,,,,
London,hour,2024-06-11 07:00:00,2024-06-11,7,1,0,summer,3997,,,,
London,hour,2024-06-11 08:00:00,2024-06-11,8,1,0,summer,7592,,,,
London,hour,2024-06-11 09:00:00,2024-06-11,9,1,0,summer,4046,,,,
London,hour,2024-06-11 10:00:00,2024-06-11,10,1,0,summer,2158,,,,
London,hour,2024-06-11 11:00:00,2024-06-11,11,1,0,summer,2082,,,,
London,hour,2024-06-11 12:00:00,2024-06-11,12,1,0,summer,2492,,,,
London,hour,2024-06-11 13:00:00,2024-06-11,13,1,0,summer,2331,,,,
London,hour,2024-06-11 14:00:00,2024-06-11,14,1,0,summer,2217,,,,
London,hour,2024-06-11 15:00:00,2024-06-11,15,1,0,summer,2581,,,,
London,hour,2024-06-11 16:00:00,2024-06-11,16,1,0,summer,3614,,,,
London,hour,2024-06-11 17:00:00,2024-06-11,17,1,0,summer,6467,,,,
London,hour,2024-06-11 18:00:00,2024-06-11,18,1,0,summer,6218,,,,
London,hour,2024-06-11 19:00:00,2024-06-11,19,1,0,summer,3807,,,,
London,hour,2024-06-11 20:00:00,2024-06-11,20,1,0,summer,2458,,,,
London,hour,2024-06-11 21:00:00,2024-06-11,21,1,0,summer,1879,,,,
London,hour,2024-06-11 22:00:00,2024-06-11,22,1,0,summer,1332,,,,
London,hour,2024-06-11 23:00:00,2024-06-11,23,1,0,summer,719,,,,
London,hour,2024-06-12 00:00:00,2024-06-12,0,2,0,summer,141,,,,
London,hour,2024-06-12 01:00:00,2024-06-12,1,2,0,summer,79,,,,
London,hour,2024-06-12 02:00:00,2024-06-12,2,2,0,summer,46,,,,
London,hour,2024-06-12 03:00:00,2024-06-12,3,2,0,summer,36,,,,
London,hour,2024-06-12 04:00:00,2024-06-12,4,2,0,summer,57,,,,
London,hour,2024-06-12 05:00:00,2024-06-12,5,2,0,summer,182,,,,
London,hour,2024-06-12 06:00:00,2024-06-12,6,2,0,summer,753,,,,
London,hour,2024-06-12 07:00:00,2024-06-12,7,2,0,summer,2007,,,,
London,hour,2024-06-12 08:00:00,2024-06-12,8,2,0,summer,3703,,,,
London,hour,2024-06-12 09:00:00,2024-06-12,9,2,0,summer,2024,,,,
London,hour,2024-06-12 10:00:00,2024-06-12,10,2,0,summer,1159,,,,
London,hour,2024-06-12 11:00:00,2024-06-12,11,2,0,summer,1073,,,,
London,hour,2024-06-12 12:00:00,2024-06-12,12,2,0,summer,1223,,,,
London,hour,2024-06-12 13:00:00,2024-06-12,13,2,0,summer,1181,,,,
London,hour,2024-06-12 14:00:00,2024-06-12,14,2,0,summer,1187,,,,
London,hour,2024-06-12 15:00:00,2024-06-12,15,2,0,summer,1314,,,,
London,hour,2024-06-12 16:00:00,2024-06-12,16,2,0,summer,1812,,,,
London,hour,2024-06-12 17:00:00,2024-06-12,17,2,0,summer,3386,,,,
London,hour,2024-06-12 18:00:00,2024-06-12,18,2,0,summer,3313,,,,
London,hour,2024-06-12 19:00:00,2024-06-12,19,2,0,summer,2016,,,,
London,hour,2024-06-12 20:00:00,2024-06-12,20,2,0,summer,1338,,,,
London,hour,2024-06-12 21:00:00,2024-06-12,21,2,0,summer,1138,,,,
London,hour,2024-06-12 22:00:00,2024-06-12,22,2,0,summer,791,,,,
London,hour,2024-06-12 23:00:00,2024-06-12,23,2,0,summer,457,,,,
London,hour,2024-06-13 00:00:00,2024-06-13,0,3,0,summer,168,,,,
London,hour,2024-06-13 01:00:00,2024-06-13,1,3,0,summer,87,,,,
London,hour,2024-06-13 02:00:00,2024-06-13,2,3,0,summer,56,,,,
London,hour,2024-06-13 03:00:00,2024-06-13,3,3,0,summer,39,,,,
London,hour,2024-06-13 04:00:00,2024-06-13,4,3,0,summer,59,,,,
London,hour,2024-06-13 05:00:00,2024-06-13,5,3,0,summer,174,,,,
London,hour,2024-06-13 06:00:00,2024-06-13,6,3,0,summer,764,,,,
London,hour,2024-06-13 07:00:00,2024-06-13,7,3,0,summer,1927,,,,
London,hour,2024-06-13 08:00:00,2024-06-13,8,3,0,summer,3756,,,,
London,hour,2024-06-13 09:00:00,2024-06-13,9,3,0,summer,2018,,,,
London,hour,2024-06-13 10:00:00,2024-06-13,10,3,0,summer,1235,,,,
London,hour,2024-06-13 11:00:00,2024-06-13,11,3,0,summer,1142,,,,
London,hour,2024-06-13 12:00:00,2024-06-13,12,3,0,summer,1327,,,,
London,hour,2024-06-13 13:00:00,2024-06-13,13,3,0,summer,1198,,,,
London,hour,2024-06-13 14:00:00,2024-06-13,14,3,0,summer,1173,,,,
London,hour,2024-06-13 15:00:00,2024-06-13,15,3,0,summer,1335,,,,
London,hour,2024-06-13 16:00:00,2024-06-13,16,3,0,summer,1744,,,,
London,hour,2024-06-13 17:00:00,2024-06-13,17,3,0,summer,2796,,,,
London,hour,2024-06-13 18:00:00,2024-06-13,18,3,0,summer,2189,,,,
London,hour,2024-06-13 19:00:00,2024-06-13,19,3,0,summer,1539,,,,
London,hour,2024-06-13 20:00:00,2024-06-13,20,3,0,summer,979,,,,
London,hour,2024-06-13 21:00:00,2024-06-13,21,3,0,summer,750,,,,
London,hour,2024-06-13 22:00:00,2024-06-13,22,3,0,summer,528,,,,
London,hour,2024-06-13 23:00:00,2024-06-13,23,3,0,summer,322,,,,
London,hour,2024-06-14 00:00:00,2024-06-14,0,4,0,summer,143,,,,
London,hour,2024-06-14 01:00:00,2024-06-14,1,4,0,summer,9,,,,
London,hour,2024-06-14 02:00:00,2024-06-14,2,4,0,summer,1,,,,
London,hour,2024-06-14 03:00:00,2024-06-14,3,4,0,summer,26,,,,
London,hour,2024-06-14 04:00:00,2024-06-14,4,4,0,summer,53,,,,
London,hour,2024-06-14 05:00:00,2024-06-14,5,4,0,summer,164,,,,
London,hour,2024-06-14 06:00:00,2024-06-14,6,4,0,summer,569,,,,
London,hour,2024-06-14 07:00:00,2024-06-14,7,4,0,summer,1314,,,,
London,hour,2024-06-14 08:00:00,2024-06-14,8,4,0,summer,2456,,,,
London,hour,2024-06-14 09:00:00,2024-06-14,9,4,0,summer,1573,,,,
London,hour,2024-06-14 10:00:00,2024-06-14,10,4,0,summer,1040,,,,
London,hour,2024-06-14 11:00:00,2024-06-14,11,4,0,summer,1082,,,,
London,hour,2024-06-14 12:00:00,2024-06-14,12,4,0,summer,930,,,,
London,hour,2024-06-14 13:00:00,2024-06-14,13,4,0,summer,1308,,,,
London,hour,2024-06-14 14:00:00,2024-06-14,14,4,0,summer,1312,,,,
London,hour,2024-06-14 15:00:00,2024-06-14,15,4,0,summer,1485,,,,
London,hour,2024-06-14 16:00:00,2024-06-14,16,4,0,summer,1966,,,,
London,hour,2024-06-14 17:00:00,2024-06-14,17,4,0,summer,2663,,,,
London,hour,2024-06-14 18:00:00,2024-06-14,18,4,0,summer,2436,,,,
London,hour,2024-06-14 19:00:00,2024-06-14,19,4,0,summer,1829,,,,
London,hour,2024-06-14 20:00:00,2024-06-14,20,4,0,summer,1199,,,,
London,hour,2024-06-14 21:00:00,2024-06-14,21,4,0,summer,858,,,,
London,hour,2024-06-14 22:00:00,2024-06-14,22,4,0,summer,822,,,,
London,hour,2024-06-14 23:00:00,2024-06-14,23,4,0,summer,409,,,,
London,hour,2024-06-15 00:00:00,2024-06-15,0,5,1,summer,284,,,,
London,hour,2024-06-15 01:00:00,2024-06-15,1,5,1,summer,219,,,,
London,hour,2024-06-15 02:00:00,2024-06-15,2,5,1,summer,148,,,,
London,hour,2024-06-15 03:00:00,2024-06-15,3,5,1,summer,116,,,,
London,hour,2024-06-15 04:00:00,2024-06-15,4,5,1,summer,67,,,,
London,hour,2024-06-15 05:00:00,2024-06-15,5,5,1,summer,76,,,,
London,hour,2024-06-15 06:00:00,2024-06-15,6,5,1,summer,172,,,,
London,hour,2024-06-15 07:00:00,2024-06-15,7,5,1,summer,347,,,,
London,hour,2024-06-15 08:00:00,2024-06-15,8,5,1,summer,810,,,,
London,hour,2024-06-15 09:00:00,2024-06-15,9,5,1,summer,997,,,,
London,hour,2024-06-15 10:00:00,2024-06-15,10,5,1,summer,1006,,,,
London,hour,2024-06-15 11:00:00,2024-06-15,11,5,1,summer,1273,,,,
London,hour,2024-06-15 12:00:00,2024-06-15,12,5,1,summer,690,,,,
London,hour,2024-06-15 13:00:00,2024-06-15,13,5,1,summer,1256,,,,
London,hour,2024-06-15 14:00:00,2024-06-15,14,5,1,summer,1113,,,,
London,hour,2024-06-15 15:00:00,2024-06-15,15,5,1,summer,1473,,,,
London,hour,2024-06-15 16:00:00,2024-06-15,16,5,1,summer,1673,,,,
London,hour,2024-06-15 17:00:00,2024-06-15,17,5,1,summer,1545,,,,
London,hour,2024-06-15 18:00:00,2024-06-15,18,5,1,summer,1028,,,,
London,hour,2024-06-15 19:00:00,2024-06-15,19,5,1,summer,1116,,,,
London,hour,2024-06-15 20:00:00,2024-06-15,20,5,1,summer,866,,,,
London,hour,2024-06-15 21:00:00,2024-06-15,21,5,1,summer,601,,,,
London,hour,2024-06-15 22:00:00,2024-06-15,22,5,1,summer,582,,,,
London,hour,2024-06-15 23:00:00,2024-06-15,23,5,1,summer,546,,,,
London,hour,2024-06-16 00:00:00,2024-06-16,0,6,1,summer,338,,,,
London,hour,2024-06-16 01:00:00,2024-06-16,1,6,1,summer,287,,,,
London,hour,2024-06-16 02:00:00,2024-06-16,2,6,1,summer,174,,,,
London,hour,2024-06-16 03:00:00,2024-06-16,3,6,1,summer,124,,,,
London,hour,2024-06-16 04:00:00,2024-06-16,4,6,1,summer,53,,,,
London,hour,2024-06-16 05:00:00,2024-06-16,5,6,1,summer,81,,,,
London,hour,2024-06-16 06:00:00,2024-06-16,6,6,1,summer,128,,,,
London,hour,2024-06-16 07:00:00,2024-06-16,7,6,1,summer,224,,,,
London,hour,2024-06-16 08:00:00,2024-06-16,8,6,1,summer,498,,,,
London,hour,2024-06-16 09:00:00,2024-06-16,9,6,1,summer,788,,,,
London,hour,2024-06-16 10:00:00,2024-06-16,10,6,1,summer,1248,,,,
London,hour,2024-06-16 11:00:00,2024-06-16,11,6,1,summer,1699,,,,
London,hour,2024-06-16 12:00:00,2024-06-16,12,6,1,summer,2030,,,,
London,hour,2024-06-16 13:00:00,2024-06-16,13,6,1,summer,2362,,,,
London,hour,2024-06-16 14:00:00,2024-06-16,14,6,1,summer,2326,,,,
London,hour,2024-06-16 15:00:00,2024-06-16,15,6,1,summer,2337,,,,
London,hour,2024-06-16 16:00:00,2024-06-16,16,6,1,summer,2454,,,,
London,hour,2024-06-16 17:00:00,2024-06-16,17,6,1,summer,2196,,,,
London,hour,2024-06-16 18:00:00,2024-06-16,18,6,1,summer,2120,,,,
London,hour,2024-06-16 19:00:00,2024-06-16,19,6,1,summer,1586,,,,
London,hour,2024-06-16 20:00:00,2024-06-16,20,6,1,summer,922,,,,
London,hour,2024-06-16 21:00:00,2024-06-16,21,6,1,summer,736,,,,
London,hour,2024-06-16 22:00:00,2024-06-16,22,6,1,summer,885,,,,
London,hour,2024-06-16 23:00:00,2024-06-16,23,6,1,summer,420,,,,
London,hour,2024-06-17 00:00:00,2024-06-17,0,0,0,summer,196,,,,
London,hour,2024-06-17 01:00:00,2024-06-17,1,0,0,summer,104,,,,
London,hour,2024-06-17 02:00:00,2024-06-17,2,0,0,summer,68,,,,
London,hour,2024-06-17 03:00:00,2024-06-17,3,0,0,summer,63,,,,
London,hour,2024-06-17 04:00:00,2024-06-17,4,0,0,summer,61,,,,
London,hour,2024-06-17 05:00:00,2024-06-17,5,0,0,summer,144,,,,
London,hour,2024-06-17 06:00:00,2024-06-17,6,0,0,summer,693,,,,
London,hour,2024-06-17 07:00:00,2024-06-17,7,0,0,summer,1827,,,,
London,hour,2024-06-17 08:00:00,2024-06-17,8,0,0,summer,3280,,,,
London,hour,2024-06-17 09:00:00,2024-06-17,9,0,0,summer,1743,,,,
London,hour,2024-06-17 10:00:00,2024-06-17,10,0,0,summer,1131,,,,
London,hour,2024-06-17 11:00:00,2024-06-17,11,0,0,summer,1186,,,,
London,hour,2024-06-17 12:00:00,2024-06-17,12,0,0,summer,1363,,,,
London,hour,2024-06-17 13:00:00,2024-06-17,13,0,0,summer,1308,,,,
London,hour,2024-06-17 14:00:00,2024-06-17,14,0,0,summer,1368,,,,
London,hour,2024-06-17 15:00:00,2024-06-17,15,0,0,summer,1556,,,,
London,hour,2024-06-17 16:00:00,2024-06-17,16,0,0,summer,2073,,,,
London,hour,2024-06-17 17:00:00,2024-06-17,17,0,0,summer,3486,,,,
London,hour,2024-06-17 18:00:00,2024-06-17,18,0,0,summer,3498,,,,
London,hour,2024-06-17 19:00:00,2024-06-17,19,0,0,summer,2368,,,,
London,hour,2024-06-17 20:00:00,2024-06-17,20,0,0,summer,1561,,,,
London,hour,2024-06-17 21:00:00,2024-06-17,21,0,0,summer,983,,,,
London,hour,2024-06-17 22:00:00,2024-06-17,22,0,0,summer,797,,,,
London,hour,2024-06-17 23:00:00,2024-06-17,23,0,0,summer,338,,,,
London,hour,2024-06-18 00:00:00,2024-06-18,0,1,0,summer,166,,,,
London,hour,2024-06-18 01:00:00,2024-06-18,1,1,0,summer,80,,,,
London,hour,2024-06-18 02:00:00,2024-06-18,2,1,0,summer,32,,,,
London,hour,2024-06-18 03:00:00,2024-06-18,3,1,0,summer,40,,,,
London,hour,2024-06-18 04:00:00,2024-06-18,4,1,0,summer,48,,,,
London,hour,2024-06-18 05:00:00,2024-06-18,5,1,0,summer,188,,,,
London,hour,2024-06-18 06:00:00,2024-06-18,6,1,0,summer,794,,,,
London,hour,2024-06-18 07:00:00,2024-06-18,7,1,0,summer,2162,,,,
London,hour,2024-06-18 08:00:00,2024-06-18,8,1,0,summer,3841,,,,
London,hour,2024-06-18 09:00:00,2024-06-18,9,1,0,summer,1996,,,,
London,hour,2024-06-18 10:00:00,2024-06-18,10,1,0,summer,1184,,,,
London,hour,2024-06-18 11:00:00,2024-06-18,11,1,0,summer,1169,,,,
London,hour,2024-06-18 12:00:00,2024-06-18,12,1,0,summer,1311,,,,
London,hour,2024-06-18 13:00:00,2024-06-18,13,1,0,summer,1329,,,,
London,hour,2024-06-18 14:00:00,2024-06-18,14,1,0,summer,1271,,,,
London,hour,2024-06-18 15:00:00,2024-06-18,15,1,0,summer,1442,,,,
London,hour,2024-06-18 16:00:00,2024-06-18,16,1,0,summer,2008,,,,
London,hour,2024-06-18 17:00:00,2024-06-18,17,1,0,summer,3702,,,,
London,hour,2024-06-18 18:00:00,2024-06-18,18,1,0,summer,3341,,,,
London,hour,2024-06-18 19:00:00,2024-06-18,19,1,0,summer,2194,,,,
London,hour,2024-06-18 20:00:00,2024-06-18,20,1,0,summer,1526,,,,
London,hour,2024-06-18 21:00:00,2024-06-18,21,1,0,summer,1053,,,,
London,hour,2024-06-18 22:00:00,2024-06-18,22,1,0,summer,813,,,,
London,hour,2024-06-18 23:00:00,2024-06-18,23,1,0,summer,400,,,,
London,hour,2024-06-19 00:00:00,2024-06-19,0,2,0,summer,133,,,,
London,hour,2024-06-19 01:00:00,2024-06-19,1,2,0,summer,55,,,,
London,hour,2024-06-19 02:00:00,2024-06-19,2,2,0,summer,39,,,,
London,hour,2024-06-19 03:00:00,2024-06-19,3,2,0,summer,36,,,,
London,hour,2024-06-19 04:00:00,2024-06-19,4,2,0,summer,55,,,,
London,hour,2024-06-19 05:00:00,2024-06-19,5,2,0,summer,175,,,,
London,hour,2024-06-19 06:00:00,2024-06-19,6,2,0,summer,733,,,,
London,hour,2024-06-19 07:00:00,2024-06-19,7,2,0,summer,2105,,,,
London,hour,2024-06-19 08:00:00,2024-06-19,8,2,0,summer,3719,,,,
London,hour,2024-06-19 09:00:00,2024-06-19,9,2,0,summer,2065,,,,
London,hour,2024-06-19 10:00:00,2024-06-19,10,2,0,summer,1217,,,,
London,hour,2024-06-19 11:00:00,2024-06-19,11,2,0,summer,1141,,,,
London,hour,2024-06-19 12:00:00,2024-06-19,12,2,0,summer,1341,,,,
London,hour,2024-06-19 13:00:00,2024-06-19,13,2,0,summer,1356,,,,
London,hour,2024-06-19 14:00:00,2024-06-19,14,2,0,summer,1341,,,,
London,hour,2024-06-19 15:00:00,2024-06-19,15,2,0,summer,1535,,,,
London,hour,2024-06-19 16:00:00,2024-06-19,16,2,0,summer,2126,,,,
London,hour,2024-06-19 17:00:00,2024-06-19,17,2,0,summer,3725,,,,
London,hour,2024-06-19 18:00:00,2024-06-19,18,2,0,summer,3470,,,,
London,hour,2024-06-19 19:00:00,2024-06-19,19,2,0,summer,2382,,,,
London,hour,2024-06-19 20:00:00,2024-06-19,20,2,0,summer,1498,,,,
London,hour,2024-06-19 21:00:00,2024-06-19,21,2,0,summer,1009,,,,
London,hour,2024-06-19 22:00:00,2024-06-19,22,2,0,summer,851,,,,
London,hour,2024-06-19 23:00:00,2024-06-19,23,2,0,summer,416,,,,
London,hour,2024-06-20 00:00:00,2024-06-20,0,3,0,summer,165,,,,
London,hour,2024-06-20 01:00:00,2024-06-20,1,3,0,summer,85,,,,
London,hour,2024-06-20 02:00:00,2024-06-20,2,3,0,summer,55,,,,
London,hour,2024-06-20 03:00:00,2024-06-20,3,3,0,summer,37,,,,
London,hour,2024-06-20 04:00:00,2024-06-20,4,3,0,summer,56,,,,
London,hour,2024-06-20 05:00:00,2024-06-20,5,3,0,summer,165,,,,
London,hour,2024-06-20 06:00:00,2024-06-20,6,3,0,summer,675,,,,
London,hour,2024-06-20 07:00:00,2024-06-20,7,3,0,summer,2097,,,,
London,hour,2024-06-20 08:00:00,2024-06-20,8,3,0,summer,3776,,,,
London,hour,2024-06-20 09:00:00,2024-06-20,9,3,0,summer,2120,,,,
London,hour,2024-06-20 10:00:00,2024-06-20,10,3,0,summer,1281,,,,
London,hour,2024-06-20 11:00:00,2024-06-20,11,3,0,summer,1209,,,,
London,hour,2024-06-20 12:00:00,2024-06-20,12,3,0,summer,1469,,,,
London,hour,2024-06-20 13:00:00,2024-06-20,13,3,0,summer,1490,,,,
London,hour,2024-06-20 14:00:00,2024-06-20,14,3,0,summer,1466,,,,
London,hour,2024-06-20 15:00:00,2024-06-20,15,3,0,summer,1738,,,,
London,hour,2024-06-20 16:00:00,2024-06-20,16,3,0,summer,2758,,,,
London,hour,2024-06-20 17:00:00,2024-06-20,17,3,0,summer,3199,,,,
London,hour,2024-06-20 18:00:00,2024-06-20,18,3,0,summer,2823,,,,
London,hour,2024-06-20 19:00:00,2024-06-20,19,3,0,summer,2651,,,,
London,hour,2024-06-20 20:00:00,2024-06-20,20,3,0,summer,1561,,,,
London,hour,2024-06-20 21:00:00,2024-06-20,21,3,0,summer,1137,,,,
London,hour,2024-06-20 22:00:00,2024-06-20,22,3,0,summer,1124,,,,
London,hour,2024-06-20 23:00:00,2024-06-20,23,3,0,summer,610,,,,
London,hour,2024-06-21 00:00:00,2024-06-21,0,4,0,summer,289,,,,
London,hour,2024-06-21 01:00:00,2024-06-21,1,4,0,summer,138,,,,
London,hour,2024-06-21 02:00:00,2024-06-21,2,4,0,summer,103,,,,
London,hour,2024-06-21 03:00:00,2024-06-21,3,4,0,summer,69,,,,
London,hour,2024-06-21 04:00:00,2024-06-21,4,4,0,summer,64,,,,
London,hour,2024-06-21 05:00:00,2024-06-21,5,4,0,summer,141,,,,
London,hour,2024-06-21 06:00:00,2024-06-21,6,4,0,summer,611,,,,
London,hour,2024-06-21 07:00:00,2024-06-21,7,4,0,summer,1412,,,,
London,hour,2024-06-21 08:00:00,2024-06-21,8,4,0,summer,2570,,,,
London,hour,2024-06-21 09:00:00,2024-06-21,9,4,0,summer,1737,,,,
London,hour,2024-06-21 10:00:00,2024-06-21,10,4,0,summer,1240,,,,
London,hour,2024-06-21 11:00:00,2024-06-21,11,4,0,summer,1399,,,,
London,hour,2024-06-21 12:00:00,2024-06-21,12,4,0,summer,1639,,,,
London,hour,2024-06-21 13:00:00,2024-06-21,13,4,0,summer,1623,,,,
London,hour,2024-06-21 14:00:00,2024-06-21,14,4,0,summer,1600,,,,
London,hour,2024-06-21 15:00:00,2024-06-21,15,4,0,summer,1697,,,,
London,hour,2024-06-21 16:00:00,2024-06-21,16,4,0,summer,2328,,,,
London,hour,2024-06-21 17:00:00,2024-06-21,17,4,0,summer,2921,,,,
London,hour,2024-06-21 18:00:00,2024-06-21,18,4,0,summer,2655,,,,
London,hour,2024-06-21 19:00:00,2024-06-21,19,4,0,summer,2099,,,,
London,hour,2024-06-21 20:00:00,2024-06-21,20,4,0,summer,1322,,,,
London,hour,2024-06-21 21:00:00,2024-06-21,21,4,0,summer,977,,,,
London,hour,2024-06-21 22:00:00,2024-06-21,22,4,0,summer,913,,,,
London,hour,2024-06-21 23:00:00,2024-06-21,23,4,0,summer,648,,,,
London,hour,2024-06-22 00:00:00,2024-06-22,0,5,1,summer,406,,,,
London,hour,2024-06-22 01:00:00,2024-06-22,1,5,1,summer,230,,,,
London,hour,2024-06-22 02:00:00,2024-06-22,2,5,1,summer,159,,,,
London,hour,2024-06-22 03:00:00,2024-06-22,3,5,1,summer,115,,,,
London,hour,2024-06-22 04:00:00,2024-06-22,4,5,1,summer,77,,,,
London,hour,2024-06-22 05:00:00,2024-06-22,5,5,1,summer,85,,,,
London,hour,2024-06-22 06:00:00,2024-06-22,6,5,1,summer,181,,,,
London,hour,2024-06-22 07:00:00,2024-06-22,7,5,1,summer,378,,,,
London,hour,2024-06-22 08:00:00,2024-06-22,8,5,1,summer,698,,,,
London,hour,2024-06-22 09:00:00,2024-06-22,9,5,1,summer,1112,,,,
London,hour,2024-06-22 10:00:00,2024-06-22,10,5,1,summer,1521,,,,
London,hour,2024-06-22 11:00:00,2024-06-22,11,5,1,summer,1895,,,,
London,hour,2024-06-22 12:00:00,2024-06-22,12,5,1,summer,1999,,,,
London,hour,2024-06-22 13:00:00,2024-06-22,13,5,1,summer,2170,,,,
London,hour,2024-06-22 14:00:00,2024-06-22,14,5,1,summer,2192,,,,
London,hour,2024-06-22 15:00:00,2024-06-22,15,5,1,summer,2109,,,,
London,hour,2024-06-22 16:00:00,2024-06-22,16,5,1,summer,2296,,,,
London,hour,2024-06-22 17:00:00,2024-06-22,17,5,1,summer,2186,,,,
London,hour,2024-06-22 18:00:00,2024-06-22,18,5,1,summer,2025,,,,
London,hour,2024-06-22 19:00:00,2024-06-22,19,5,1,summer,1692,,,,
London,hour,2024-06-22 20:00:00,2024-06-22,20,5,1,summer,1307,,,,
London,hour,2024-06-22 21:00:00,2024-06-22,21,5,1,summer,1034,,,,
London,hour,2024-06-22 22:00:00,2024-06-22,22,5,1,summer,859,,,,
London,hour,2024-06-22 23:00:00,2024-06-22,23,5,1,summer,695,,,,
London,hour,2024-06-23 00:00:00,2024-06-23,0,6,1,summer,507,,,,
London,hour,2024-06-23 01:00:00,2024-06-23,1,6,1,summer,381,,,,
London,hour,2024-06-23 02:00:00,2024-06-23,2,6,1,summer,197,,,,
London,hour,2024-06-23 03:00:00,2024-06-23,3,6,1,summer,153,,,,
London,hour,2024-06-23 04:00:00,2024-06-23,4,6,1,summer,79,,,,
London,hour,2024-06-23 05:00:00,2024-06-23,5,6,1,summer,85,,,,
London,hour,2024-06-23 06:00:00,2024-06-23,6,6,1,summer,185,,,,
London,hour,2024-06-23 07:00:00,2024-06-23,7,6,1,summer,292,,,,
London,hour,2024-06-23 08:00:00,2024-06-23,8,6,1,summer,576,,,,
London,hour,2024-06-23 09:00:00,2024-06-23,9,6,1,summer,1108,,,,
London,hour,2024-06-23 10:00:00,2024-06-23,10,6,1,summer,1658,,,,
London,hour,2024-06-23 11:00:00,2024-06-23,11,6,1,summer,2283,,,,
London,hour,2024-06-23 12:00:00,2024-06-23,12,6,1,summer,2612,,,,
London,hour,2024-06-23 13:00:00,2024-06-23,13,6,1,summer,2691,,,,
London,hour,2024-06-23 14:00:00,2024-06-23,14,6,1,summer,2685,,,,
London,hour,2024-06-23 15:00:00,2024-06-23,15,6,1,summer,2701,,,,
London,hour,2024-06-23 16:00:00,2024-06-23,16,6,1,summer,2811,,,,
London,hour,2024-06-23 17:00:00,2024-06-23,17,6,1,summer,2686,,,,
London,hour,2024-06-23 18:00:00,2024-06-23,18,6,1,summer,2297,,,,
London,hour,2024-06-23 19:00:00,2024-06-23,19,6,1,summer,1945,,,,
London,hour,2024-06-23 20:00:00,2024-06-23,20,6,1,summer,1479,,,,
London,hour,2024-06-23 21:00:00,2024-06-23,21,6,1,summer,1178,,,,
London,hour,2024-06-23 22:00:00,2024-06-23,22,6,1,summer,879,,,,
London,hour,2024-06-23 23:00:00,2024-06-23,23,6,1,summer,458,,,,
London,hour,2024-06-24 00:00:00,2024-06-24,0,0,0,summer,208,,,,
London,hour,2024-06-24 01:00:00,2024-06-24,1,0,0,summer,111,,,,
London,hour,2024-06-24 02:00:00,2024-06-24,2,0,0,summer,41,,,,
London,hour,2024-06-24 03:00:00,2024-06-24,3,0,0,summer,51,,,,
London,hour,2024-06-24 04:00:00,2024-06-24,4,0,0,summer,63,,,,
London,hour,2024-06-24 05:00:00,2024-06-24,5,0,0,summer,175,,,,
London,hour,2024-06-24 06:00:00,2024-06-24,6,0,0,summer,706,,,,
London,hour,2024-06-24 07:00:00,2024-06-24,7,0,0,summer,1885,,,,
London,hour,2024-06-24 08:00:00,2024-06-24,8,0,0,summer,3359,,,,
London,hour,2024-06-24 09:00:00,2024-06-24,9,0,0,summer,1870,,,,
London,hour,2024-06-24 10:00:00,2024-06-24,10,0,0,summer,1146,,,,
London,hour,2024-06-24 11:00:00,2024-06-24,11,0,0,summer,1245,,,,
London,hour,2024-06-24 12:00:00,2024-06-24,12,0,0,summer,1331,,,,
London,hour,2024-06-24 13:00:00,2024-06-24,13,0,0,summer,1441,,,,
London,hour,2024-06-24 14:00:00,2024-06-24,14,0,0,summer,1417,,,,
London,hour,2024-06-24 15:00:00,2024-06-24,15,0,0,summer,1500,,,,
London,hour,2024-06-24 16:00:00,2024-06-24,16,0,0,summer,2020,,,,
London,hour,2024-06-24 17:00:00,2024-06-24,17,0,0,summer,3487,,,,
London,hour,2024-06-24 18:00:00,2024-06-24,18,0,0,summer,3408,,,,
London,hour,2024-06-24 19:00:00,2024-06-24,19,0,0,summer,2252,,,,
London,hour,2024-06-24 20:00:00,2024-06-24,20,0,0,summer,1500,,,,
London,hour,2024-06-24 21:00:00,2024-06-24,21,0,0,summer,1083,,,,
London,hour,2024-06-24 22:00:00,2024-06-24,22,0,0,summer,897,,,,
London,hour,2024-06-24 23:00:00,2024-06-24,23,0,0,summer,385,,,,
London,hour,2024-06-25 00:00:00,2024-06-25,0,1,0,summer,174,,,,
London,hour,2024-06-25 01:00:00,2024-06-25,1,1,0,summer,127,,,,
London,hour,2024-06-25 02:00:00,2024-06-25,2,1,0,summer,56,,,,
London,hour,2024-06-25 03:00:00,2024-06-25,3,1,0,summer,23,,,,
London,hour,2024-06-25 04:00:00,2024-06-25,4,1,0,summer,64,,,,
London,hour,2024-06-25 05:00:00,2024-06-25,5,1,0,summer,222,,,,
London,hour,2024-06-25 06:00:00,2024-06-25,6,1,0,summer,829,,,,
London,hour,2024-06-25 07:00:00,2024-06-25,7,1,0,summer,2284,,,,
London,hour,2024-06-25 08:00:00,2024-06-25,8,1,0,summer,4017,,,,
London,hour,2024-06-25 09:00:00,2024-06-25,9,1,0,summer,2156,,,,
London,hour,2024-06-25 10:00:00,2024-06-25,10,1,0,summer,1241,,,,
London,hour,2024-06-25 11:00:00,2024-06-25,11,1,0,summer,1278,,,,
London,hour,2024-06-25 12:00:00,2024-06-25,12,1,0,summer,1366,,,,
London,hour,2024-06-25 13:00:00,2024-06-25,13,1,0,summer,1428,,,,
London,hour,2024-06-25 14:00:00,2024-06-25,14,1,0,summer,1410,,,,
London,hour,2024-06-25 15:00:00,2024-06-25,15,1,0,summer,1624,,,,
London,hour,2024-06-25 16:00:00,2024-06-25,16,1,0,summer,2344,,,,
London,hour,2024-06-25 17:00:00,2024-06-25,17,1,0,summer,3909,,,,
London,hour,2024-06-25 18:00:00,2024-06-25,18,1,0,summer,3834,,,,
London,hour,2024-06-25 19:00:00,2024-06-25,19,1,0,summer,2588,,,,
London,hour,2024-06-25 20:00:00,2024-06-25,20,1,0,summer,1511,,,,
London,hour,2024-06-25 21:00:00,2024-06-25,21,1,0,summer,1073,,,,
London,hour,2024-06-25 22:00:00,2024-06-25,22,1,0,summer,1081,,,,
London,hour,2024-06-25 23:00:00,2024-06-25,23,1,0,summer,554,,,,
London,hour,2024-06-26 00:00:00,2024-06-26,0,2,0,summer,222,,,,
London,hour,2024-06-26 01:00:00,2024-06-26,1,2,0,summer,91,,,,
London,hour,2024-06-26 02:00:00,2024-06-26,2,2,0,summer,6,,,,
London,hour,2024-06-26 03:00:00,2024-06-26,3,2,0,summer,7,,,,
London,hour,2024-06-26 04:00:00,2024-06-26,4,2,0,summer,52,,,,
London,hour,2024-06-26 05:00:00,2024-06-26,5,2,0,summer,159,,,,
London,hour,2024-06-26 06:00:00,2024-06-26,6,2,0,summer,790,,,,
London,hour,2024-06-26 07:00:00,2024-06-26,7,2,0,summer,2272,,,,
London,hour,2024-06-26 08:00:00,2024-06-26,8,2,0,summer,3890,,,,
London,hour,2024-06-26 09:00:00,2024-06-26,9,2,0,summer,2051,,,,
London,hour,2024-06-26 10:00:00,2024-06-26,10,2,0,summer,1256,,,,
London,hour,2024-06-26 11:00:00,2024-06-26,11,2,0,summer,1280,,,,
London,hour,2024-06-26 12:00:00,2024-06-26,12,2,0,summer,1427,,,,
London,hour,2024-06-26 13:00:00,2024-06-26,13,2,0,summer,1486,,,,
London,hour,2024-06-26 14:00:00,2024-06-26,14,2,0,summer,1401,,,,
London,hour,2024-06-26 15:00:00,2024-06-26,15,2,0,summer,1613,,,,
London,hour,2024-06-26 16:00:00,2024-06-26,16,2,0,summer,2127,,,,
London,hour,2024-06-26 17:00:00,2024-06-26,17,2,0,summer,3772,,,,
London,hour,2024-06-26 18:00:00,2024-06-26,18,2,0,summer,3633,,,,
London,hour,2024-06-26 19:00:00,2024-06-26,19,2,0,summer,2454,,,,
London,hour,2024-06-26 20:00:00,2024-06-26,20,2,0,summer,1719,,,,
London,hour,2024-06-26 21:00:00,2024-06-26,21,2,0,summer,1307,,,,
London,hour,2024-06-26 22:00:00,2024-06-26,22,2,0,summer,972,,,,
London,hour,2024-06-26 23:00:00,2024-06-26,23,2,0,summer,539,,,,
London,hour,2024-06-27 00:00:00,2024-06-27,0,3,0,summer,231,,,,
London,hour,2024-06-27 01:00:00,2024-06-27,1,3,0,summer,105,,,,
London,hour,2024-06-27 02:00:00,2024-06-27,2,3,0,summer,71,,,,
London,hour,2024-06-27 03:00:00,2024-06-27,3,3,0,summer,42,,,,
London,hour,2024-06-27 04:00:00,2024-06-27,4,3,0,summer,71,,,,
London,hour,2024-06-27 05:00:00,2024-06-27,5,3,0,summer,180,,,,
London,hour,2024-06-27 06:00:00,2024-06-27,6,3,0,summer,788,,,,
London,hour,2024-06-27 07:00:00,2024-06-27,7,3,0,summer,2033,,,,
London,hour,2024-06-27 08:00:00,2024-06-27,8,3,0,summer,4078,,,,
London,hour,2024-06-27 09:00:00,2024-06-27,9,3,0,summer,2058,,,,
London,hour,2024-06-27 10:00:00,2024-06-27,10,3,0,summer,1239,,,,
London,hour,2024-06-27 11:00:00,2024-06-27,11,3,0,summer,1278,,,,
London,hour,2024-06-27 12:00:00,2024-06-27,12,3,0,summer,1405,,,,
London,hour,2024-06-27 13:00:00,2024-06-27,13,3,0,summer,1454,,,,
London,hour,2024-06-27 14:00:00,2024-06-27,14,3,0,summer,1430,,,,
London,hour,2024-06-27 15:00:00,2024-06-27,15,3,0,summer,1678,,,,
London,hour,2024-06-27 16:00:00,2024-06-27,16,3,0,summer,2224,,,,
London,hour,2024-06-27 17:00:00,2024-06-27,17,3,0,summer,3523,,,,
London,hour,2024-06-27 18:00:00,2024-06-27,18,3,0,summer,3365,,,,
London,hour,2024-06-27 19:00:00,2024-06-27,19,3,0,summer,2236,,,,
London,hour,2024-06-27 20:00:00,2024-06-27,20,3,0,summer,1703,,,,
London,hour,2024-06-27 21:00:00,2024-06-27,21,3,0,summer,1234,,,,
London,hour,2024-06-27 22:00:00,2024-06-27,22,3,0,summer,810,,,,
London,hour,2024-06-27 23:00:00,2024-06-27,23,3,0,summer,498,,,,
London,hour,2024-06-28 00:00:00,2024-06-28,0,4,0,summer,255,,,,
London,hour,2024-06-28 01:00:00,2024-06-28,1,4,0,summer,126,,,,
London,hour,2024-06-28 02:00:00,2024-06-28,2,4,0,summer,57,,,,
London,hour,2024-06-28 03:00:00,2024-06-28,3,4,0,summer,66,,,,
London,hour,2024-06-28 04:00:00,2024-06-28,4,4,0,summer,67,,,,
London,hour,2024-06-28 05:00:00,2024-06-28,5,4,0,summer,157,,,,
London,hour,2024-06-28 06:00:00,2024-06-28,6,4,0,summer,618,,,,
London,hour,2024-06-28 07:00:00,2024-06-28,7,4,0,summer,1437,,,,
London,hour,2024-06-28 08:00:00,2024-06-28,8,4,0,summer,2524,,,,
London,hour,2024-06-28 09:00:00,2024-06-28,9,4,0,summer,1623,,,,
London,hour,2024-06-28 10:00:00,2024-06-28,10,4,0,summer,1122,,,,
London,hour,2024-06-28 11:00:00,2024-06-28,11,4,0,summer,1302,,,,
London,hour,2024-06-28 12:00:00,2024-06-28,12,4,0,summer,1498,,,,
London,hour,2024-06-28 13:00:00,2024-06-28,13,4,0,summer,1511,,,,
London,hour,2024-06-28 14:00:00,2024-06-28,14,4,0,summer,1538,,,,
London,hour,2024-06-28 15:00:00,2024-06-28,15,4,0,summer,1875,,,,
London,hour,2024-06-28 16:00:00,2024-06-28,16,4,0,summer,2203,,,,
London,hour,2024-06-28 17:00:00,2024-06-28,17,4,0,summer,2868,,,,
London,hour,2024-06-28 18:00:00,2024-06-28,18,4,0,summer,2685,,,,
London,hour,2024-06-28 19:00:00,2024-06-28,19,4,0,summer,1978,,,,
London,hour,2024-06-28 20:00:00,2024-06-28,20,4,0,summer,1382,,,,
London,hour,2024-06-28 21:00:00,2024-06-28,21,4,0,summer,1071,,,,
London,hour,2024-06-28 22:00:00,2024-06-28,22,4,0,summer,898,,,,
London,hour,2024-06-28 23:00:00,2024-06-28,23,4,0,summer,666,,,,
London,hour,2024-06-29 00:00:00,2024-06-29,0,5,1,summer,451,,,,
London,hour,2024-06-29 01:00:00,2024-06-29,1,5,1,summer,259,,,,
London,hour,2024-06-29 02:00:00,2024-06-29,2,5,1,summer,170,,,,
London,hour,2024-06-29 03:00:00,2024-06-29,3,5,1,summer,134,,,,
London,hour,2024-06-29 04:00:00,2024-06-29,4,5,1,summer,72,,,,
London,hour,2024-06-29 05:00:00,2024-06-29,5,5,1,summer,96,,,,
London,hour,2024-06-29 06:00:00,2024-06-29,6,5,1,summer,185,,,,
London,hour,2024-06-29 07:00:00,2024-06-29,7,5,1,summer,412,,,,
London,hour,2024-06-29 08:00:00,2024-06-29,8,5,1,summer,804,,,,
London,hour,2024-06-29 09:00:00,2024-06-29,9,5,1,summer,1254,,,,
London,hour,2024-06-29 10:00:00,2024-06-29,10,5,1,summer,1556,,,,
London,hour,2024-06-29 11:00:00,2024-06-29,11,5,1,summer,1895,,,,
London,hour,2024-06-29 12:00:00,2024-06-29,12,5,1,summer,2218,,,,
London,hour,2024-06-29 13:00:00,2024-06-29,13,5,1,summer,2327,,,,
London,hour,2024-06-29 14:00:00,2024-06-29,14,5,1,summer,2341,,,,
London,hour,2024-06-29 15:00:00,2024-06-29,15,5,1,summer,2272,,,,
London,hour,2024-06-29 16:00:00,2024-06-29,16,5,1,summer,2347,,,,
London,hour,2024-06-29 17:00:00,2024-06-29,17,5,1,summer,2238,,,,
London,hour,2024-06-29 18:00:00,2024-06-29,18,5,1,summer,2023,,,,
London,hour,2024-06-29 19:00:00,2024-06-29,19,5,1,summer,1903,,,,
London,hour,2024-06-29 20:00:00,2024-06-29,20,5,1,summer,1371,,,,
London,hour,2024-06-29 21:00:00,2024-06-29,21,5,1,summer,1101,,,,
London,hour,2024-06-29 22:00:00,2024-06-29,22,5,1,summer,1101,,,,
London,hour,2024-06-29 23:00:00,2024-06-29,23,5,1,summer,880,,,,
London,hour,2024-06-30 00:00:00,2024-06-30,0,6,1,summer,448,,,,
London,hour,2024-06-30 01:00:00,2024-06-30,1,6,1,summer,386,,,,
London,hour,2024-06-30 02:00:00,2024-06-30,2,6,1,summer,215,,,,
London,hour,2024-06-30 03:00:00,2024-06-30,3,6,1,summer,126,,,,
London,hour,2024-06-30 04:00:00,2024-06-30,4,6,1,summer,118,,,,
London,hour,2024-06-30 05:00:00,2024-06-30,5,6,1,summer,92,,,,
London,hour,2024-06-30 06:00:00,2024-06-30,6,6,1,summer,138,,,,
London,hour,2024-06-30 07:00:00,2024-06-30,7,6,1,summer,273,,,,
London,hour,2024-06-30 08:00:00,2024-06-30,8,6,1,summer,462,,,,
London,hour,2024-06-30 09:00:00,2024-06-30,9,6,1,summer,829,,,,
London,hour,2024-06-30 10:00:00,2024-06-30,10,6,1,summer,1255,,,,
London,hour,2024-06-30 11:00:00,2024-06-30,11,6,1,summer,1070,,,,
London,hour,2024-06-30 12:00:00,2024-06-30,12,6,1,summer,1721,,,,
London,hour,2024-06-30 13:00:00,2024-06-30,13,6,1,summer,2002,,,,
London,hour,2024-06-30 14:00:00,2024-06-30,14,6,1,summer,2289,,,,
London,hour,2024-06-30 15:00:00,2024-06-30,15,6,1,summer,2339,,,,
London,hour,2024-06-30 16:00:00,2024-06-30,16,6,1,summer,2601,,,,
London,hour,2024-06-30 17:00:00,2024-06-30,17,6,1,summer,1940,,,,
London,hour,2024-06-30 18:00:00,2024-06-30,18,6,1,summer,1342,,,,
London,hour,2024-06-30 19:00:00,2024-06-30,19,6,1,summer,1535,,,,
London,hour,2024-06-30 20:00:00,2024-06-30,20,6,1,summer,1184,,,,
London,hour,2024-06-30 21:00:00,2024-06-30,21,6,1,summer,808,,,,
London,hour,2024-06-30 22:00:00,2024-06-30,22,6,1,summer,722,,,,
London,hour,2024-06-30 23:00:00,2024-06-30,23,6,1,summer,365,,,,
London,hour,2024-07-05 00:00:00,2024-07-05,0,4,0,summer,105,,,,
London,hour,2024-07-05 01:00:00,2024-07-05,1,4,0,summer,67,,,,
London,hour,2024-07-05 02:00:00,2024-07-05,2,4,0,summer,25,,,,
London,hour,2024-07-05 03:00:00,2024-07-05,3,4,0,summer,21,,,,
London,hour,2024-07-05 04:00:00,2024-07-05,4,4,0,summer,41,,,,
London,hour,2024-07-05 05:00:00,2024-07-05,5,4,0,summer,162,,,,
London,hour,2024-07-05 06:00:00,2024-07-05,6,4,0,summer,606,,,,
London,hour,2024-07-05 07:00:00,2024-07-05,7,4,0,summer,1770,,,,
London,hour,2024-07-05 08:00:00,2024-07-05,8,4,0,summer,3242,,,,
London,hour,2024-07-05 09:00:00,2024-07-05,9,4,0,summer,1846,,,,
London,hour,2024-07-05 10:00:00,2024-07-05,10,4,0,summer,1072,,,,
London,hour,2024-07-05 11:00:00,2024-07-05,11,4,0,summer,1073,,,,
London,hour,2024-07-05 12:00:00,2024-07-05,12,4,0,summer,1181,,,,
London,hour,2024-07-05 13:00:00,2024-07-05,13,4,0,summer,1216,,,,
London,hour,2024-07-05 14:00:00,2024-07-05,14,4,0,summer,1195,,,,
London,hour,2024-07-05 15:00:00,2024-07-05,15,4,0,summer,1416,,,,
London,hour,2024-07-05 16:00:00,2024-07-05,16,4,0,summer,1786,,,,
London,hour,2024-07-05 17:00:00,2024-07-05,17,4,0,summer,3150,,,,
London,hour,2024-07-05 18:00:00,2024-07-05,18,4,0,summer,3338,,,,
London,hour,2024-07-05 19:00:00,2024-07-05,19,4,0,summer,2251,,,,
London,hour,2024-07-05 20:00:00,2024-07-05,20,4,0,summer,1331,,,,
London,hour,2024-07-05 21:00:00,2024-07-05,21,4,0,summer,888,,,,
London,hour,2024-07-05 22:00:00,2024-07-05,22,4,0,summer,662,,,,
London,hour,2024-07-05 23:00:00,2024-07-05,23,4,0,summer,309,,,,
London,hour,2024-07-06 00:00:00,2024-07-06,0,5,1,summer,227,,,,
London,hour,2024-07-06 01:00:00,2024-07-06,1,5,1,summer,114,,,,
London,hour,2024-07-06 02:00:00,2024-07-06,2,5,1,summer,71,,,,
London,hour,2024-07-06 03:00:00,2024-07-06,3,5,1,summer,52,,,,
London,hour,2024-07-06 04:00:00,2024-07-06,4,5,1,summer,73,,,,
London,hour,2024-07-06 05:00:00,2024-07-06,5,5,1,summer,161,,,,
London,hour,2024-07-06 06:00:00,2024-07-06,6,5,1,summer,638,,,,
London,hour,2024-07-06 07:00:00,2024-07-06,7,5,1,summer,1417,,,,
London,hour,2024-07-06 08:00:00,2024-07-06,8,5,1,summer,2542,,,,
London,hour,2024-07-06 09:00:00,2024-07-06,9,5,1,summer,1756,,,,
London,hour,2024-07-06 10:00:00,2024-07-06,10,5,1,summer,1199,,,,
London,hour,2024-07-06 11:00:00,2024-07-06,11,5,1,summer,1270,,,,
London,hour,2024-07-06 12:00:00,2024-07-06,12,5,1,summer,1478,,,,
London,hour,2024-07-06 13:00:00,2024-07-06,13,5,1,summer,1582,,,,
London,hour,2024-07-06 14:00:00,2024-07-06,14,5,1,summer,1518,,,,
London,hour,2024-07-06 15:00:00,2024-07-06,15,5,1,summer,1691,,,,
London,hour,2024-07-06 16:00:00,2024-07-06,16,5,1,summer,1100,,,,
London,hour,2024-07-07 00:00:00,2024-07-07,0,6,1,summer,367,,,,
London,hour,2024-07-07 01:00:00,2024-07-07,1,6,1,summer,315,,,,
London,hour,2024-07-07 02:00:00,2024-07-07,2,6,1,summer,208,,,,
London,hour,2024-07-07 03:00:00,2024-07-07,3,6,1,summer,110,,,,
London,hour,2024-07-07 04:00:00,2024-07-07,4,6,1,summer,91,,,,
London,hour,2024-07-07 05:00:00,2024-07-07,5,6,1,summer,96,,,,
London,hour,2024-07-07 06:00:00,2024-07-07,6,6,1,summer,145,,,,
London,hour,2024-07-07 07:00:00,2024-07-07,7,6,1,summer,248,,,,
London,hour,2024-07-07 08:00:00,2024-07-07,8,6,1,summer,435,,,,
London,hour,2024-07-07 09:00:00,2024-07-07,9,6,1,summer,836,,,,
London,hour,2024-07-07 10:00:00,2024-07-07,10,6,1,summer,1098,,,,
London,hour,2024-07-07 11:00:00,2024-07-07,11,6,1,summer,1202,,,,
London,hour,2024-07-07 12:00:00,2024-07-07,12,6,1,summer,1460,,,,
London,hour,2024-07-07 13:00:00,2024-07-07,13,6,1,summer,1507,,,,
London,hour,2024-07-07 14:00:00,2024-07-07,14,6,1,summer,657,,,,
London,hour,2024-07-07 15:00:00,2024-07-07,15,6,1,summer,1234,,,,
London,hour,2024-07-07 16:00:00,2024-07-07,16,6,1,summer,1612,,,,
London,hour,2024-07-07 17:00:00,2024-07-07,17,6,1,summer,1485,,,,
London,hour,2024-07-07 18:00:00,2024-07-07,18,6,1,summer,1454,,,,
London,hour,2024-07-07 19:00:00,2024-07-07,19,6,1,summer,1083,,,,
London,hour,2024-07-07 20:00:00,2024-07-07,20,6,1,summer,917,,,,
London,hour,2024-07-07 21:00:00,2024-07-07,21,6,1,summer,655,,,,
London,hour,2024-07-07 22:00:00,2024-07-07,22,6,1,summer,606,,,,
London,hour,2024-07-07 23:00:00,2024-07-07,23,6,1,summer,355,,,,
London,hour,2024-07-08 00:00:00,2024-07-08,0,0,0,summer,177,,,,
London,hour,2024-07-08 01:00:00,2024-07-08,1,0,0,summer,127,,,,
London,hour,2024-07-08 02:00:00,2024-07-08,2,0,0,summer,49,,,,
London,hour,2024-07-08 03:00:00,2024-07-08,3,0,0,summer,31,,,,
London,hour,2024-07-08 04:00:00,2024-07-08,4,0,0,summer,46,,,,
London,hour,2024-07-08 05:00:00,2024-07-08,5,0,0,summer,149,,,,
London,hour,2024-07-08 06:00:00,2024-07-08,6,0,0,summer,689,,,,
London,hour,2024-07-08 07:00:00,2024-07-08,7,0,0,summer,1815,,,,
London,hour,2024-07-08 08:00:00,2024-07-08,8,0,0,summer,3238,,,,
London,hour,2024-07-08 09:00:00,2024-07-08,9,0,0,summer,1758,,,,
London,hour,2024-07-08 10:00:00,2024-07-08,10,0,0,summer,1131,,,,
London,hour,2024-07-08 11:00:00,2024-07-08,11,0,0,summer,986,,,,
London,hour,2024-07-08 12:00:00,2024-07-08,12,0,0,summer,1194,,,,
London,hour,2024-07-08 13:00:00,2024-07-08,13,0,0,summer,935,,,,
London,hour,2024-07-08 14:00:00,2024-07-08,14,0,0,summer,1035,,,,
London,hour,2024-07-08 15:00:00,2024-07-08,15,0,0,summer,1207,,,,
London,hour,2024-07-08 16:00:00,2024-07-08,16,0,0,summer,1638,,,,
London,hour,2024-07-08 17:00:00,2024-07-08,17,0,0,summer,3115,,,,
London,hour,2024-07-08 18:00:00,2024-07-08,18,0,0,summer,2640,,,,
London,hour,2024-07-08 19:00:00,2024-07-08,19,0,0,summer,1465,,,,
London,hour,2024-07-08 20:00:00,2024-07-08,20,0,0,summer,780,,,,
London,hour,2024-07-08 21:00:00,2024-07-08,21,0,0,summer,502,,,,
London,hour,2024-07-08 22:00:00,2024-07-08,22,0,0,summer,333,,,,
London,hour,2024-07-08 23:00:00,2024-07-08,23,0,0,summer,145,,,,
London,hour,2024-07-09 00:00:00,2024-07-09,0,1,0,summer,54,,,,
London,hour,2024-07-09 01:00:00,2024-07-09,1,1,0,summer,42,,,,
London,hour,2024-07-09 02:00:00,2024-07-09,2,1,0,summer,29,,,,
London,hour,2024-07-09 03:00:00,2024-07-09,3,1,0,summer,26,,,,
London,hour,2024-07-09 04:00:00,2024-07-09,4,1,0,summer,36,,,,
London,hour,2024-07-09 05:00:00,2024-07-09,5,1,0,summer,161,,,,
London,hour,2024-07-09 06:00:00,2024-07-09,6,1,0,summer,708,,,,
London,hour,2024-07-09 07:00:00,2024-07-09,7,1,0,summer,1897,,,,
London,hour,2024-07-09 08:00:00,2024-07-09,8,1,0,summer,3528,,,,
London,hour,2024-07-09 09:00:00,2024-07-09,9,1,0,summer,1886,,,,
London,hour,2024-07-09 10:00:00,2024-07-09,10,1,0,summer,1087,,,,
London,hour,2024-07-09 11:00:00,2024-07-09,11,1,0,summer,705,,,,
London,hour,2024-07-09 12:00:00,2024-07-09,12,1,0,summer,639,,,,
London,hour,2024-07-09 13:00:00,2024-07-09,13,1,0,summer,610,,,,
London,hour,2024-07-09 14:00:00,2024-07-09,14,1,0,summer,435,,,,
London,hour,2024-07-09 15:00:00,2024-07-09,15,1,0,summer,464,,,,
London,hour,2024-07-09 16:00:00,2024-07-09,16,1,0,summer,1157,,,,
London,hour,2024-07-09 17:00:00,2024-07-09,17,1,0,summer,2786,,,,
London,hour,2024-07-09 18:00:00,2024-07-09,18,1,0,summer,2175,,,,
London,hour,2024-07-09 19:00:00,2024-07-09,19,1,0,summer,1710,,,,
London,hour,2024-07-09 20:00:00,2024-07-09,20,1,0,summer,1002,,,,
London,hour,2024-07-09 21:00:00,2024-07-09,21,1,0,summer,667,,,,
London,hour,2024-07-09 22:00:00,2024-07-09,22,1,0,summer,844,,,,
London,hour,2024-07-09 23:00:00,2024-07-09,23,1,0,summer,400,,,,
London,hour,2024-07-10 00:00:00,2024-07-10,0,2,0,summer,290,,,,
London,hour,2024-07-10 01:00:00,2024-07-10,1,2,0,summer,142,,,,
London,hour,2024-07-10 02:00:00,2024-07-10,2,2,0,summer,88,,,,
London,hour,2024-07-10 03:00:00,2024-07-10,3,2,0,summer,54,,,,
London,hour,2024-07-10 04:00:00,2024-07-10,4,2,0,summer,111,,,,
London,hour,2024-07-10 05:00:00,2024-07-10,5,2,0,summer,327,,,,
London,hour,2024-07-10 06:00:00,2024-07-10,6,2,0,summer,1362,,,,
London,hour,2024-07-10 07:00:00,2024-07-10,7,2,0,summer,3647,,,,
London,hour,2024-07-10 08:00:00,2024-07-10,8,2,0,summer,3616,,,,
London,hour,2024-07-10 09:00:00,2024-07-10,9,2,0,summer,1987,,,,
London,hour,2024-07-10 10:00:00,2024-07-10,10,2,0,summer,1170,,,,
London,hour,2024-07-10 11:00:00,2024-07-10,11,2,0,summer,1067,,,,
London,hour,2024-07-10 12:00:00,2024-07-10,12,2,0,summer,1229,,,,
London,hour,2024-07-10 13:00:00,2024-07-10,13,2,0,summer,1292,,,,
London,hour,2024-07-10 14:00:00,2024-07-10,14,2,0,summer,1238,,,,
London,hour,2024-07-10 15:00:00,2024-07-10,15,2,0,summer,1505,,,,
London,hour,2024-07-10 16:00:00,2024-07-10,16,2,0,summer,2067,,,,
London,hour,2024-07-10 17:00:00,2024-07-10,17,2,0,summer,3618,,,,
London,hour,2024-07-10 18:00:00,2024-07-10,18,2,0,summer,3504,,,,
London,hour,2024-07-10 19:00:00,2024-07-10,19,2,0,summer,2358,,,,
London,hour,2024-07-10 20:00:00,2024-07-10,20,2,0,summer,1052,,,,
London,hour,2024-07-10 21:00:00,2024-07-10,21,2,0,summer,691,,,,
London,hour,2024-07-10 22:00:00,2024-07-10,22,2,0,summer,1342,,,,
London,hour,2024-07-10 23:00:00,2024-07-10,23,2,0,summer,575,,,,
London,hour,2024-07-11 00:00:00,2024-07-11,0,3,0,summer,476,,,,
London,hour,2024-07-11 01:00:00,2024-07-11,1,3,0,summer,228,,,,
London,hour,2024-07-11 02:00:00,2024-07-11,2,3,0,summer,120,,,,
London,hour,2024-07-11 03:00:00,2024-07-11,3,3,0,summer,91,,,,
London,hour,2024-07-11 04:00:00,2024-07-11,4,3,0,summer,113,,,,
London,hour,2024-07-11 05:00:00,2024-07-11,5,3,0,summer,334,,,,
London,hour,2024-07-11 06:00:00,2024-07-11,6,3,0,summer,1408,,,,
London,hour,2024-07-11 07:00:00,2024-07-11,7,3,0,summer,3733,,,,
London,hour,2024-07-11 08:00:00,2024-07-11,8,3,0,summer,7354,,,,
London,hour,2024-07-11 09:00:00,2024-07-11,9,3,0,summer,2804,,,,
London,hour,2024-07-11 10:00:00,2024-07-11,10,3,0,summer,1348,,,,
London,hour,2024-07-11 11:00:00,2024-07-11,11,3,0,summer,1284,,,,
London,hour,2024-07-11 12:00:00,2024-07-11,12,3,0,summer,1413,,,,
London,hour,2024-07-11 13:00:00,2024-07-11,13,3,0,summer,1410,,,,
London,hour,2024-07-11 14:00:00,2024-07-11,14,3,0,summer,1274,,,,
London,hour,2024-07-11 15:00:00,2024-07-11,15,3,0,summer,1537,,,,
London,hour,2024-07-11 16:00:00,2024-07-11,16,3,0,summer,2001,,,,
London,hour,2024-07-11 17:00:00,2024-07-11,17,3,0,summer,3489,,,,
London,hour,2024-07-11 18:00:00,2024-07-11,18,3,0,summer,3393,,,,
London,hour,2024-07-11 19:00:00,2024-07-11,19,3,0,summer,2256,,,,
London,hour,2024-07-11 20:00:00,2024-07-11,20,3,0,summer,1476,,,,
London,hour,2024-07-11 21:00:00,2024-07-11,21,3,0,summer,715,,,,
London,hour,2024-07-11 22:00:00,2024-07-11,22,3,0,summer,386,,,,
London,hour,2024-07-11 23:00:00,2024-07-11,23,3,0,summer,281,,,,
London,hour,2024-07-12 00:00:00,2024-07-12,0,4,0,summer,188,,,,
London,hour,2024-07-12 01:00:00,2024-07-12,1,4,0,summer,106,,,,
London,hour,2024-07-12 02:00:00,2024-07-12,2,4,0,summer,69,,,,
London,hour,2024-07-12 03:00:00,2024-07-12,3,4,0,summer,48,,,,
London,hour,2024-07-12 04:00:00,2024-07-12,4,4,0,summer,67,,,,
London,hour,2024-07-12 05:00:00,2024-07-12,5,4,0,summer,146,,,,
London,hour,2024-07-12 06:00:00,2024-07-12,6,4,0,summer,509,,,,
London,hour,2024-07-12 07:00:00,2024-07-12,7,4,0,summer,1210,,,,
London,hour,2024-07-12 08:00:00,2024-07-12,8,4,0,summer,2336,,,,
London,hour,2024-07-12 09:00:00,2024-07-12,9,4,0,summer,1661,,,,
London,hour,2024-07-12 10:00:00,2024-07-12,10,4,0,summer,1181,,,,
London,hour,2024-07-12 11:00:00,2024-07-12,11,4,0,summer,1119,,,,
London,hour,2024-07-12 12:00:00,2024-07-12,12,4,0,summer,1391,,,,
London,hour,2024-07-12 13:00:00,2024-07-12,13,4,0,summer,1488,,,,
London,hour,2024-07-12 14:00:00,2024-07-12,14,4,0,summer,1364,,,,
London,hour,2024-07-12 15:00:00,2024-07-12,15,4,0,summer,1590,,,,
London,hour,2024-07-12 16:00:00,2024-07-12,16,4,0,summer,1927,,,,
London,hour,2024-07-12 17:00:00,2024-07-12,17,4,0,summer,2728,,,,
London,hour,2024-07-12 18:00:00,2024-07-12,18,4,0,summer,2477,,,,
London,hour,2024-07-12 19:00:00,2024-07-12,19,4,0,summer,1774,,,,
London,hour,2024-07-12 20:00:00,2024-07-12,20,4,0,summer,1323,,,,
London,hour,2024-07-12 21:00:00,2024-07-12,21,4,0,summer,964,,,,
London,hour,2024-07-12 22:00:00,2024-07-12,22,4,0,summer,902,,,,
London,hour,2024-07-12 23:00:00,2024-07-12,23,4,0,summer,641,,,,
London,hour,2024-07-13 00:00:00,2024-07-13,0,5,1,summer,403,,,,
London,hour,2024-07-13 01:00:00,2024-07-13,1,5,1,summer,227,,,,
London,hour,2024-07-13 02:00:00,2024-07-13,2,5,1,summer,146,,,,
London,hour,2024-07-13 03:00:00,2024-07-13,3,5,1,summer,120,,,,
London,hour,2024-07-13 04:00:00,2024-07-13,4,5,1,summer,81,,,,
London,hour,2024-07-13 05:00:00,2024-07-13,5,5,1,summer,102,,,,
London,hour,2024-07-13 06:00:00,2024-07-13,6,5,1,summer,193,,,,
London,hour,2024-07-13 07:00:00,2024-07-13,7,5,1,summer,373,,,,
London,hour,2024-07-13 08:00:00,2024-07-13,8,5,1,summer,705,,,,
London,hour,2024-07-13 09:00:00,2024-07-13,9,5,1,summer,1032,,,,
London,hour,2024-07-13 10:00:00,2024-07-13,10,5,1,summer,1459,,,,
London,hour,2024-07-13 11:00:00,2024-07-13,11,5,1,summer,1637,,,,
London,hour,2024-07-13 12:00:00,2024-07-13,12,5,1,summer,1953,,,,
London,hour,2024-07-13 13:00:00,2024-07-13,13,5,1,summer,2023,,,,
London,hour,2024-07-13 14:00:00,2024-07-13,14,5,1,summer,2127,,,,
London,hour,2024-07-13 15:00:00,2024-07-13,15,5,1,summer,2073,,,,
London,hour,2024-07-13 16:00:00,2024-07-13,16,5,1,summer,2150,,,,
London,hour,2024-07-13 17:00:00,2024-07-13,17,5,1,summer,2227,,,,
London,hour,2024-07-13 18:00:00,2024-07-13,18,5,1,summer,2068,,,,
London,hour,2024-07-13 19:00:00,2024-07-13,19,5,1,summer,1601,,,,
London,hour,2024-07-13 20:00:00,2024-07-13,20,5,1,summer,1177,,,,
London,hour,2024-07-13 21:00:00,2024-07-13,21,5,1,summer,907,,,,
London,hour,2024-07-13 22:00:00,2024-07-13,22,5,1,summer,856,,,,
London,hour,2024-07-13 23:00:00,2024-07-13,23,5,1,summer,670,,,,
London,hour,2024-07-14 00:00:00,2024-07-14,0,6,1,summer,462,,,,
London,hour,2024-07-14 01:00:00,2024-07-14,1,6,1,summer,287,,,,
London,hour,2024-07-14 02:00:00,2024-07-14,2,6,1,summer,157,,,,
London,hour,2024-07-14 03:00:00,2024-07-14,3,6,1,summer,100,,,,
London,hour,2024-07-14 04:00:00,2024-07-14,4,6,1,summer,69,,,,
London,hour,2024-07-14 05:00:00,2024-07-14,5,6,1,summer,69,,,,
London,hour,2024-07-14 06:00:00,2024-07-14,6,6,1,summer,168,,,,
London,hour,2024-07-14 07:00:00,2024-07-14,7,6,1,summer,328,,,,
London,hour,2024-07-14 08:00:00,2024-07-14,8,6,1,summer,606,,,,
London,hour,2024-07-14 09:00:00,2024-07-14,9,6,1,summer,1023,,,,
London,hour,2024-07-14 10:00:00,2024-07-14,10,6,1,summer,1525,,,,
London,hour,2024-07-14 11:00:00,2024-07-14,11,6,1,summer,1822,,,,
London,hour,2024-07-14 12:00:00,2024-07-14,12,6,1,summer,2172,,,,
London,hour,2024-07-14 13:00:00,2024-07-14,13,6,1,summer,2148,,,,
London,hour,2024-07-14 14:00:00,2024-07-14,14,6,1,summer,1947,,,,
London,hour,2024-07-14 15:00:00,2024-07-14,15,6,1,summer,1825,,,,
London,hour,2024-07-14 16:00:00,2024-07-14,16,6,1,summer,1857,,,,
London,hour,2024-07-14 17:00:00,2024-07-14,17,6,1,summer,2217,,,,
London,hour,2024-07-14 18:00:00,2024-07-14,18,6,1,summer,2107,,,,
London,hour,2024-07-14 19:00:00,2024-07-14,19,6,1,summer,1809,,,,
London,hour,2024-07-14 20:00:00,2024-07-14,20,6,1,summer,721,,,,
London,hour,2024-07-14 21:00:00,2024-07-14,21,6,1,summer,528,,,,
London,hour,2024-07-14 22:00:00,2024-07-14,22,6,1,summer,2241,,,,
London,hour,2024-07-14 23:00:00,2024-07-14,23,6,1,summer,751,,,,
London,hour,2024-07-15 00:00:00,2024-07-15,0,0,0,summer,363,,,,
London,hour,2024-07-15 01:00:00,2024-07-15,1,0,0,summer,166,,,,
London,hour,2024-07-15 02:00:00,2024-07-15,2,0,0,summer,104,,,,
London,hour,2024-07-15 03:00:00,2024-07-15,3,0,0,summer,66,,,,
London,hour,2024-07-15 04:00:00,2024-07-15,4,0,0,summer,97,,,,
London,hour,2024-07-15 05:00:00,2024-07-15,5,0,0,summer,154,,,,
London,hour,2024-07-15 06:00:00,2024-07-15,6,0,0,summer,603,,,,
London,hour,2024-07-15 07:00:00,2024-07-15,7,0,0,summer,1537,,,,
London,hour,2024-07-15 08:00:00,2024-07-15,8,0,0,summer,2901,,,,
London,hour,2024-07-15 09:00:00,2024-07-15,9,0,0,summer,1764,,,,
London,hour,2024-07-15 10:00:00,2024-07-15,10,0,0,summer,1010,,,,
London,hour,2024-07-15 11:00:00,2024-07-15,11,0,0,summer,986,,,,
London,hour,2024-07-15 12:00:00,2024-07-15,12,0,0,summer,985,,,,
London,hour,2024-07-15 13:00:00,2024-07-15,13,0,0,summer,747,,,,
London,hour,2024-07-15 14:00:00,2024-07-15,14,0,0,summer,956,,,,
London,hour,2024-07-15 15:00:00,2024-07-15,15,0,0,summer,1136,,,,
London,hour,2024-07-15 16:00:00,2024-07-15,16,0,0,summer,1727,,,,
London,hour,2024-07-15 17:00:00,2024-07-15,17,0,0,summer,3016,,,,
London,hour,2024-07-15 18:00:00,2024-07-15,18,0,0,summer,2767,,,,
London,hour,2024-07-15 19:00:00,2024-07-15,19,0,0,summer,1343,,,,
London,hour,2024-07-15 20:00:00,2024-07-15,20,0,0,summer,315,,,,
London,hour,2024-07-15 21:00:00,2024-07-15,21,0,0,summer,273,,,,
London,hour,2024-07-15 22:00:00,2024-07-15,22,0,0,summer,213,,,,
London,hour,2024-07-15 23:00:00,2024-07-15,23,0,0,summer,173,,,,
London,hour,2024-07-16 00:00:00,2024-07-16,0,1,0,summer,99,,,,
London,hour,2024-07-16 01:00:00,2024-07-16,1,1,0,summer,58,,,,
London,hour,2024-07-16 02:00:00,2024-07-16,2,1,0,summer,37,,,,
London,hour,2024-07-16 03:00:00,2024-07-16,3,1,0,summer,36,,,,
London,hour,2024-07-16 04:00:00,2024-07-16,4,1,0,summer,61,,,,
London,hour,2024-07-16 05:00:00,2024-07-16,5,1,0,summer,146,,,,
London,hour,2024-07-16 06:00:00,2024-07-16,6,1,0,summer,801,,,,
London,hour,2024-07-16 07:00:00,2024-07-16,7,1,0,summer,2052,,,,
London,hour,2024-07-16 08:00:00,2024-07-16,8,1,0,summer,3796,,,,
London,hour,2024-07-16 09:00:00,2024-07-16,9,1,0,summer,2029,,,,
London,hour,2024-07-16 10:00:00,2024-07-16,10,1,0,summer,1106,,,,
London,hour,2024-07-16 11:00:00,2024-07-16,11,1,0,summer,996,,,,
London,hour,2024-07-16 12:00:00,2024-07-16,12,1,0,summer,1175,,,,
London,hour,2024-07-16 13:00:00,2024-07-16,13,1,0,summer,1232,,,,
London,hour,2024-07-16 14:00:00,2024-07-16,14,1,0,summer,1184,,,,
London,hour,2024-07-16 15:00:00,2024-07-16,15,1,0,summer,1339,,,,
London,hour,2024-07-16 16:00:00,2024-07-16,16,1,0,summer,1670,,,,
London,hour,2024-07-16 17:00:00,2024-07-16,17,1,0,summer,3721,,,,
London,hour,2024-07-16 18:00:00,2024-07-16,18,1,0,summer,3192,,,,
London,hour,2024-07-16 19:00:00,2024-07-16,19,1,0,summer,2173,,,,
London,hour,2024-07-16 20:00:00,2024-07-16,20,1,0,summer,1476,,,,
London,hour,2024-07-16 21:00:00,2024-07-16,21,1,0,summer,1089,,,,
London,hour,2024-07-16 22:00:00,2024-07-16,22,1,0,summer,782,,,,
London,hour,2024-07-16 23:00:00,2024-07-16,23,1,0,summer,406,,,,
London,hour,2024-07-17 00:00:00,2024-07-17,0,2,0,summer,169,,,,
London,hour,2024-07-17 01:00:00,2024-07-17,1,2,0,summer,94,,,,
London,hour,2024-07-17 02:00:00,2024-07-17,2,2,0,summer,49,,,,
London,hour,2024-07-17 03:00:00,2024-07-17,3,2,0,summer,35,,,,
London,hour,2024-07-17 04:00:00,2024-07-17,4,2,0,summer,67,,,,
London,hour,2024-07-17 05:00:00,2024-07-17,5,2,0,summer,175,,,,
London,hour,2024-07-17 06:00:00,2024-07-17,6,2,0,summer,792,,,,
London,hour,2024-07-17 07:00:00,2024-07-17,7,2,0,summer,2048,,,,
London,hour,2024-07-17 08:00:00,2024-07-17,8,2,0,summer,3796,,,,
London,hour,2024-07-17 09:00:00,2024-07-17,9,2,0,summer,2157,,,,
London,hour,2024-07-17 10:00:00,2024-07-17,10,2,0,summer,1218,,,,
London,hour,2024-07-17 11:00:00,2024-07-17,11,2,0,summer,1233,,,,
London,hour,2024-07-17 12:00:00,2024-07-17,12,2,0,summer,1359,,,,
London,hour,2024-07-17 13:00:00,2024-07-17,13,2,0,summer,1422,,,,
London,hour,2024-07-17 14:00:00,2024-07-17,14,2,0,summer,1357,,,,
London,hour,2024-07-17 15:00:00,2024-07-17,15,2,0,summer,1450,,,,
London,hour,2024-07-17 16:00:00,2024-07-17,16,2,0,summer,2021,,,,
London,hour,2024-07-17 17:00:00,2024-07-17,17,2,0,summer,3797,,,,
London,hour,2024-07-17 18:00:00,2024-07-17,18,2,0,summer,3730,,,,
London,hour,2024-07-17 19:00:00,2024-07-17,19,2,0,summer,2340,,,,
London,hour,2024-07-17 20:00:00,2024-07-17,20,2,0,summer,1678,,,,
London,hour,2024-07-17 21:00:00,2024-07-17,21,2,0,summer,1169,,,,
London,hour,2024-07-17 22:00:00,2024-07-17,22,2,0,summer,854,,,,
London,hour,2024-07-17 23:00:00,2024-07-17,23,2,0,summer,475,,,,
London,hour,2024-07-18 00:00:00,2024-07-18,0,3,0,summer,168,,,,
London,hour,2024-07-18 01:00:00,2024-07-18,1,3,0,summer,99,,,,
London,hour,2024-07-18 02:00:00,2024-07-18,2,3,0,summer,48,,,,
London,hour,2024-07-18 03:00:00,2024-07-18,3,3,0,summer,42,,,,
London,hour,2024-07-18 04:00:00,2024-07-18,4,3,0,summer,59,,,,
London,hour,2024-07-18 05:00:00,2024-07-18,5,3,0,summer,187,,,,
London,hour,2024-07-18 06:00:00,2024-07-18,6,3,0,summer,723,,,,
London,hour,2024-07-18 07:00:00,2024-07-18,7,3,0,summer,1964,,,,
London,hour,2024-07-18 08:00:00,2024-07-18,8,3,0,summer,3754,,,,
London,hour,2024-07-18 09:00:00,2024-07-18,9,3,0,summer,2145,,,,
London,hour,2024-07-18 10:00:00,2024-07-18,10,3,0,summer,1242,,,,
London,hour,2024-07-18 11:00:00,2024-07-18,11,3,0,summer,1166,,,,
London,hour,2024-07-18 12:00:00,2024-07-18,12,3,0,summer,1417,,,,
London,hour,2024-07-18 13:00:00,2024-07-18,13,3,0,summer,1453,,,,
London,hour,2024-07-18 14:00:00,2024-07-18,14,3,0,summer,1343,,,,
London,hour,2024-07-18 15:00:00,2024-07-18,15,3,0,summer,1559,,,,
London,hour,2024-07-18 16:00:00,2024-07-18,16,3,0,summer,2127,,,,
London,hour,2024-07-18 17:00:00,2024-07-18,17,3,0,summer,3570,,,,
London,hour,2024-07-18 18:00:00,2024-07-18,18,3,0,summer,3564,,,,
London,hour,2024-07-18 19:00:00,2024-07-18,19,3,0,summer,2300,,,,
London,hour,2024-07-18 20:00:00,2024-07-18,20,3,0,summer,1692,,,,
London,hour,2024-07-18 21:00:00,2024-07-18,21,3,0,summer,1352,,,,
London,hour,2024-07-18 22:00:00,2024-07-18,22,3,0,summer,991,,,,
London,hour,2024-07-18 23:00:00,2024-07-18,23,3,0,summer,668,,,,
London,hour,2024-07-19 00:00:00,2024-07-19,0,4,0,summer,322,,,,
London,hour,2024-07-19 01:00:00,2024-07-19,1,4,0,summer,138,,,,
London,hour,2024-07-19 02:00:00,2024-07-19,2,4,0,summer,76,,,,
London,hour,2024-07-19 03:00:00,2024-07-19,3,4,0,summer,45,,,,
London,hour,2024-07-19 04:00:00,2024-07-19,4,4,0,summer,58,,,,
London,hour,2024-07-19 05:00:00,2024-07-19,5,4,0,summer,155,,,,
London,hour,2024-07-19 06:00:00,2024-07-19,6,4,0,summer,575,,,,
London,hour,2024-07-19 07:00:00,2024-07-19,7,4,0,summer,1415,,,,
London,hour,2024-07-19 08:00:00,2024-07-19,8,4,0,summer,2445,,,,
London,hour,2024-07-19 09:00:00,2024-07-19,9,4,0,summer,1803,,,,
London,hour,2024-07-19 10:00:00,2024-07-19,10,4,0,summer,1298,,,,
London,hour,2024-07-19 11:00:00,2024-07-19,11,4,0,summer,1371,,,,
London,hour,2024-07-19 12:00:00,2024-07-19,12,4,0,summer,1457,,,,
London,hour,2024-07-19 13:00:00,2024-07-19,13,4,0,summer,1632,,,,
London,hour,2024-07-19 14:00:00,2024-07-19,14,4,0,summer,1620,,,,
London,hour,2024-07-19 15:00:00,2024-07-19,15,4,0,summer,1780,,,,
London,hour,2024-07-19 16:00:00,2024-07-19,16,4,0,summer,2228,,,,
London,hour,2024-07-19 17:00:00,2024-07-19,17,4,0,summer,3013,,,,
London,hour,2024-07-19 18:00:00,2024-07-19,18,4,0,summer,2907,,,,
London,hour,2024-07-19 19:00:00,2024-07-19,19,4,0,summer,2210,,,,
London,hour,2024-07-19 20:00:00,2024-07-19,20,4,0,summer,1674,,,,
London,hour,2024-07-19 21:00:00,2024-07-19,21,4,0,summer,1359,,,,
London,hour,2024-07-19 22:00:00,2024-07-19,22,4,0,summer,1108,,,,
London,hour,2024-07-19 23:00:00,2024-07-19,23,4,0,summer,809,,,,
London,hour,2024-07-20 00:00:00,2024-07-20,0,5,1,summer,502,,,,
London,hour,2024-07-20 01:00:00,2024-07-20,1,5,1,summer,328,,,,
London,hour,2024-07-20 02:00:00,2024-07-20,2,5,1,summer,164,,,,
London,hour,2024-07-20 03:00:00,2024-07-20,3,5,1,summer,118,,,,
London,hour,2024-07-20 04:00:00,2024-07-20,4,5,1,summer,110,,,,
London,hour,2024-07-20 05:00:00,2024-07-20,5,5,1,summer,90,,,,
London,hour,2024-07-20 06:00:00,2024-07-20,6,5,1,summer,169,,,,
London,hour,2024-07-20 07:00:00,2024-07-20,7,5,1,summer,384,,,,
London,hour,2024-07-20 08:00:00,2024-07-20,8,5,1,summer,765,,,,
London,hour,2024-07-20 09:00:00,2024-07-20,9,5,1,summer,1186,,,,
London,hour,2024-07-20 10:00:00,2024-07-20,10,5,1,summer,1575,,,,
London,hour,2024-07-20 11:00:00,2024-07-20,11,5,1,summer,1967,,,,
London,hour,2024-07-20 12:00:00,2024-07-20,12,5,1,summer,1781,,,,
London,hour,2024-07-20 13:00:00,2024-07-20,13,5,1,summer,2059,,,,
London,hour,2024-07-20 14:00:00,2024-07-20,14,5,1,summer,2167,,,,
London,hour,2024-07-20 15:00:00,2024-07-20,15,5,1,summer,2237,,,,
London,hour,2024-07-20 16:00:00,2024-07-20,16,5,1,summer,2214,,,,
London,hour,2024-07-20 17:00:00,2024-07-20,17,5,1,summer,2244,,,,
London,hour,2024-07-20 18:00:00,2024-07-20,18,5,1,summer,2117,,,,
London,hour,2024-07-20 19:00:00,2024-07-20,19,5,1,summer,1634,,,,
London,hour,2024-07-20 20:00:00,2024-07-20,20,5,1,summer,1318,,,,
London,hour,2024-07-20 21:00:00,2024-07-20,21,5,1,summer,1039,,,,
London,hour,2024-07-20 22:00:00,2024-07-20,22,5,1,summer,915,,,,
London,hour,2024-07-20 23:00:00,2024-07-20,23,5,1,summer,703,,,,
London,hour,2024-07-21 00:00:00,2024-07-21,0,6,1,summer,474,,,,
London,hour,2024-07-21 01:00:00,2024-07-21,1,6,1,summer,315,,,,
London,hour,2024-07-21 02:00:00,2024-07-21,2,6,1,summer,196,,,,
London,hour,2024-07-21 03:00:00,2024-07-21,3,6,1,summer,115,,,,
London,hour,2024-07-21 04:00:00,2024-07-21,4,6,1,summer,75,,,,
London,hour,2024-07-21 05:00:00,2024-07-21,5,6,1,summer,122,,,,
London,hour,2024-07-21 06:00:00,2024-07-21,6,6,1,summer,194,,,,
London,hour,2024-07-21 07:00:00,2024-07-21,7,6,1,summer,320,,,,
London,hour,2024-07-21 08:00:00,2024-07-21,8,6,1,summer,486,,,,
London,hour,2024-07-21 09:00:00,2024-07-21,9,6,1,summer,914,,,,
London,hour,2024-07-21 10:00:00,2024-07-21,10,6,1,summer,1497,,,,
London,hour,2024-07-21 11:00:00,2024-07-21,11,6,1,summer,1817,,,,
London,hour,2024-07-21 12:00:00,2024-07-21,12,6,1,summer,2089,,,,
London,hour,2024-07-21 13:00:00,2024-07-21,13,6,1,summer,2104,,,,
London,hour,2024-07-21 14:00:00,2024-07-21,14,6,1,summer,2235,,,,
London,hour,2024-07-21 15:00:00,2024-07-21,15,6,1,summer,2212,,,,
London,hour,2024-07-21 16:00:00,2024-07-21,16,6,1,summer,2282,,,,
London,hour,2024-07-21 17:00:00,2024-07-21,17,6,1,summer,2155,,,,
London,hour,2024-07-21 18:00:00,2024-07-21,18,6,1,summer,2256,,,,
London,hour,2024-07-21 19:00:00,2024-07-21,19,6,1,summer,1729,,,,
London,hour,2024-07-21 20:00:00,2024-07-21,20,6,1,summer,1252,,,,
London,hour,2024-07-21 21:00:00,2024-07-21,21,6,1,summer,932,,,,
London,hour,2024-07-21 22:00:00,2024-07-21,22,6,1,summer,664,,,,
London,hour,2024-07-21 23:00:00,2024-07-21,23,6,1,summer,361,,,,
London,hour,2024-07-22 00:00:00,2024-07-22,0,0,0,summer,197,,,,
London,hour,2024-07-22 01:00:00,2024-07-22,1,0,0,summer,105,,,,
London,hour,2024-07-22 02:00:00,2024-07-22,2,0,0,summer,46,,,,
London,hour,2024-07-22 03:00:00,2024-07-22,3,0,0,summer,52,,,,
London,hour,2024-07-22 04:00:00,2024-07-22,4,0,0,summer,71,,,,
London,hour,2024-07-22 05:00:00,2024-07-22,5,0,0,summer,171,,,,
London,hour,2024-07-22 06:00:00,2024-07-22,6,0,0,summer,695,,,,
London,hour,2024-07-22 07:00:00,2024-07-22,7,0,0,summer,1684,,,,
London,hour,2024-07-22 08:00:00,2024-07-22,8,0,0,summer,3042,,,,
London,hour,2024-07-22 09:00:00,2024-07-22,9,0,0,summer,1680,,,,
London,hour,2024-07-22 10:00:00,2024-07-22,10,0,0,summer,1064,,,,
London,hour,2024-07-22 11:00:00,2024-07-22,11,0,0,summer,991,,,,
London,hour,2024-07-22 12:00:00,2024-07-22,12,0,0,summer,1151,,,,
London,hour,2024-07-22 13:00:00,2024-07-22,13,0,0,summer,1317,,,,
London,hour,2024-07-22 14:00:00,2024-07-22,14,0,0,summer,1196,,,,
London,hour,2024-07-22 15:00:00,2024-07-22,15,0,0,summer,1385,,,,
London,hour,2024-07-22 16:00:00,2024-07-22,16,0,0,summer,2002,,,,
London,hour,2024-07-22 17:00:00,2024-07-22,17,0,0,summer,3485,,,,
London,hour,2024-07-22 18:00:00,2024-07-22,18,0,0,summer,3506,,,,
London,hour,2024-07-22 19:00:00,2024-07-22,19,0,0,summer,2242,,,,
London,hour,2024-07-22 20:00:00,2024-07-22,20,0,0,summer,1586,,,,
London,hour,2024-07-22 21:00:00,2024-07-22,21,0,0,summer,998,,,,
London,hour,2024-07-22 22:00:00,2024-07-22,22,0,0,summer,653,,,,
London,hour,2024-07-22 23:00:00,2024-07-22,23,0,0,summer,351,,,,
London,hour,2024-07-23 00:00:00,2024-07-23,0,1,0,summer,143,,,,
London,hour,2024-07-23 01:00:00,2024-07-23,1,1,0,summer,72,,,,
London,hour,2024-07-23 02:00:00,2024-07-23,2,1,0,summer,33,,,,
London,hour,2024-07-23 03:00:00,2024-07-23,3,1,0,summer,32,,,,
London,hour,2024-07-23 04:00:00,2024-07-23,4,1,0,summer,68,,,,
London,hour,2024-07-23 05:00:00,2024-07-23,5,1,0,summer,175,,,,
London,hour,2024-07-23 06:00:00,2024-07-23,6,1,0,summer,658,,,,
London,hour,2024-07-23 07:00:00,2024-07-23,7,1,0,summer,1895,,,,
London,hour,2024-07-23 08:00:00,2024-07-23,8,1,0,summer,3648,,,,
London,hour,2024-07-23 09:00:00,2024-07-23,9,1,0,summer,1992,,,,
London,hour,2024-07-23 10:00:00,2024-07-23,10,1,0,summer,1160,,,,
London,hour,2024-07-23 11:00:00,2024-07-23,11,1,0,summer,1007,,,,
London,hour,2024-07-23 12:00:00,2024-07-23,12,1,0,summer,1257,,,,
London,hour,2024-07-23 13:00:00,2024-07-23,13,1,0,summer,1261,,,,
London,hour,2024-07-23 14:00:00,2024-07-23,14,1,0,summer,1334,,,,
London,hour,2024-07-23 15:00:00,2024-07-23,15,1,0,summer,1425,,,,
London,hour,2024-07-23 16:00:00,2024-07-23,16,1,0,summer,1971,,,,
London,hour,2024-07-23 17:00:00,2024-07-23,17,1,0,summer,3874,,,,
London,hour,2024-07-23 18:00:00,2024-07-23,18,1,0,summer,3699,,,,
London,hour,2024-07-23 19:00:00,2024-07-23,19,1,0,summer,2346,,,,
London,hour,2024-07-23 20:00:00,2024-07-23,20,1,0,summer,1621,,,,
London,hour,2024-07-23 21:00:00,2024-07-23,21,1,0,summer,1140,,,,
London,hour,2024-07-23 22:00:00,2024-07-23,22,1,0,summer,785,,,,
London,hour,2024-07-23 23:00:00,2024-07-23,23,1,0,summer,421,,,,
London,hour,2024-07-24 00:00:00,2024-07-24,0,2,0,summer,177,,,,
London,hour,2024-07-24 01:00:00,2024-07-24,1,2,0,summer,78,,,,
London,hour,2024-07-24 02:00:00,2024-07-24,2,2,0,summer,41,,,,
London,hour,2024-07-24 03:00:00,2024-07-24,3,2,0,summer,30,,,,
London,hour,2024-07-24 04:00:00,2024-07-24,4,2,0,summer,47,,,,
London,hour,2024-07-24 05:00:00,2024-07-24,5,2,0,summer,169,,,,
London,hour,2024-07-24 06:00:00,2024-07-24,6,2,0,summer,779,,,,
London,hour,2024-07-24 07:00:00,2024-07-24,7,2,0,summer,2027,,,,
London,hour,2024-07-24 08:00:00,2024-07-24,8,2,0,summer,3634,,,,
London,hour,2024-07-24 09:00:00,2024-07-24,9,2,0,summer,2098,,,,
London,hour,2024-07-24 10:00:00,2024-07-24,10,2,0,summer,1214,,,,
London,hour,2024-07-24 11:00:00,2024-07-24,11,2,0,summer,1209,,,,
London,hour,2024-07-24 12:00:00,2024-07-24,12,2,0,summer,1408,,,,
London,hour,2024-07-24 13:00:00,2024-07-24,13,2,0,summer,1450,,,,
London,hour,2024-07-24 14:00:00,2024-07-24,14,2,0,summer,1347,,,,
London,hour,2024-07-24 15:00:00,2024-07-24,15,2,0,summer,1445,,,,
London,hour,2024-07-24 16:00:00,2024-07-24,16,2,0,summer,1930,,,,
London,hour,2024-07-24 17:00:00,2024-07-24,17,2,0,summer,3807,,,,
London,hour,2024-07-24 18:00:00,2024-07-24,18,2,0,summer,3708,,,,
London,hour,2024-07-24 19:00:00,2024-07-24,19,2,0,summer,2301,,,,
London,hour,2024-07-24 20:00:00,2024-07-24,20,2,0,summer,1484,,,,
London,hour,2024-07-24 21:00:00,2024-07-24,21,2,0,summer,1126,,,,
London,hour,2024-07-24 22:00:00,2024-07-24,22,2,0,summer,793,,,,
London,hour,2024-07-24 23:00:00,2024-07-24,23,2,0,summer,435,,,,
London,hour,2024-07-25 00:00:00,2024-07-25,0,3,0,summer,186,,,,
London,hour,2024-07-25 01:00:00,2024-07-25,1,3,0,summer,89,,,,
London,hour,2024-07-25 02:00:00,2024-07-25,2,3,0,summer,66,,,,
London,hour,2024-07-25 03:00:00,2024-07-25,3,3,0,summer,33,,,,
London,hour,2024-07-25 04:00:00,2024-07-25,4,3,0,summer,33,,,,
London,hour,2024-07-25 05:00:00,2024-07-25,5,3,0,summer,160,,,,
London,hour,2024-07-25 06:00:00,2024-07-25,6,3,0,summer,757,,,,
London,hour,2024-07-25 07:00:00,2024-07-25,7,3,0,summer,1816,,,,
London,hour,2024-07-25 08:00:00,2024-07-25,8,3,0,summer,3493,,,,
London,hour,2024-07-25 09:00:00,2024-07-25,9,3,0,summer,1913,,,,
London,hour,2024-07-25 10:00:00,2024-07-25,10,3,0,summer,1169,,,,
London,hour,2024-07-25 11:00:00,2024-07-25,11,3,0,summer,1039,,,,
London,hour,2024-07-25 12:00:00,2024-07-25,12,3,0,summer,1185,,,,
London,hour,2024-07-25 13:00:00,2024-07-25,13,3,0,summer,992,,,,
London,hour,2024-07-25 14:00:00,2024-07-25,14,3,0,summer,1058,,,,
London,hour,2024-07-25 15:00:00,2024-07-25,15,3,0,summer,1273,,,,
London,hour,2024-07-25 16:00:00,2024-07-25,16,3,0,summer,1823,,,,
London,hour,2024-07-25 17:00:00,2024-07-25,17,3,0,summer,3136,,,,
London,hour,2024-07-25 18:00:00,2024-07-25,18,3,0,summer,2940,,,,
London,hour,2024-07-25 19:00:00,2024-07-25,19,3,0,summer,1867,,,,
London,hour,2024-07-25 20:00:00,2024-07-25,20,3,0,summer,1094,,,,
London,hour,2024-07-25 21:00:00,2024-07-25,21,3,0,summer,943,,,,
London,hour,2024-07-25 22:00:00,2024-07-25,22,3,0,summer,704,,,,
London,hour,2024-07-25 23:00:00,2024-07-25,23,3,0,summer,494,,,,
London,hour,2024-07-26 00:00:00,2024-07-26,0,4,0,summer,258,,,,
London,hour,2024-07-26 01:00:00,2024-07-26,1,4,0,summer,162,,,,
London,hour,2024-07-26 02:00:00,2024-07-26,2,4,0,summer,87,,,,
London,hour,2024-07-26 03:00:00,2024-07-26,3,4,0,summer,58,,,,
London,hour,2024-07-26 04:00:00,2024-07-26,4,4,0,summer,64,,,,
London,hour,2024-07-26 05:00:00,2024-07-26,5,4,0,summer,134,,,,
London,hour,2024-07-26 06:00:00,2024-07-26,6,4,0,summer,580,,,,
London,hour,2024-07-26 07:00:00,2024-07-26,7,4,0,summer,1352,,,,
London,hour,2024-07-26 08:00:00,2024-07-26,8,4,0,summer,2301,,,,
London,hour,2024-07-26 09:00:00,2024-07-26,9,4,0,summer,1550,,,,
London,hour,2024-07-26 10:00:00,2024-07-26,10,4,0,summer,1184,,,,
London,hour,2024-07-26 11:00:00,2024-07-26,11,4,0,summer,1313,,,,
London,hour,2024-07-26 12:00:00,2024-07-26,12,4,0,summer,1583,,,,
London,hour,2024-07-26 13:00:00,2024-07-26,13,4,0,summer,1623,,,,
London,hour,2024-07-26 14:00:00,2024-07-26,14,4,0,summer,1618,,,,
London,hour,2024-07-26 15:00:00,2024-07-26,15,4,0,summer,1740,,,,
London,hour,2024-07-26 16:00:00,2024-07-26,16,4,0,summer,2258,,,,
London,hour,2024-07-26 17:00:00,2024-07-26,17,4,0,summer,3040,,,,
London,hour,2024-07-26 18:00:00,2024-07-26,18,4,0,summer,2813,,,,
London,hour,2024-07-26 19:00:00,2024-07-26,19,4,0,summer,1918,,,,
London,hour,2024-07-26 20:00:00,2024-07-26,20,4,0,summer,1469,,,,
London,hour,2024-07-26 21:00:00,2024-07-26,21,4,0,summer,1084,,,,
London,hour,2024-07-26 22:00:00,2024-07-26,22,4,0,summer,918,,,,
London,hour,2024-07-26 23:00:00,2024-07-26,23,4,0,summer,765,,,,
London,hour,2024-07-27 00:00:00,2024-07-27,0,5,1,summer,441,,,,
London,hour,2024-07-27 01:00:00,2024-07-27,1,5,1,summer,315,,,,
London,hour,2024-07-27 02:00:00,2024-07-27,2,5,1,summer,212,,,,
London,hour,2024-07-27 03:00:00,2024-07-27,3,5,1,summer,120,,,,
London,hour,2024-07-27 04:00:00,2024-07-27,4,5,1,summer,82,,,,
London,hour,2024-07-27 05:00:00,2024-07-27,5,5,1,summer,93,,,,
London,hour,2024-07-27 06:00:00,2024-07-27,6,5,1,summer,162,,,,
London,hour,2024-07-27 07:00:00,2024-07-27,7,5,1,summer,398,,,,
London,hour,2024-07-27 08:00:00,2024-07-27,8,5,1,summer,765,,,,
London,hour,2024-07-27 09:00:00,2024-07-27,9,5,1,summer,1200,,,,
London,hour,2024-07-27 10:00:00,2024-07-27,10,5,1,summer,1634,,,,
London,hour,2024-07-27 11:00:00,2024-07-27,11,5,1,summer,2029,,,,
London,hour,2024-07-27 12:00:00,2024-07-27,12,5,1,summer,2278,,,,
London,hour,2024-07-27 13:00:00,2024-07-27,13,5,1,summer,2294,,,,
London,hour,2024-07-27 14:00:00,2024-07-27,14,5,1,summer,2357,,,,
London,hour,2024-07-27 15:00:00,2024-07-27,15,5,1,summer,2302,,,,
London,hour,2024-07-27 16:00:00,2024-07-27,16,5,1,summer,2367,,,,
London,hour,2024-07-27 17:00:00,2024-07-27,17,5,1,summer,2410,,,,
London,hour,2024-07-27 18:00:00,2024-07-27,18,5,1,summer,2183,,,,
London,hour,2024-07-27 19:00:00,2024-07-27,19,5,1,summer,1818,,,,
London,hour,2024-07-27 20:00:00,2024-07-27,20,5,1,summer,1428,,,,
London,hour,2024-07-27 21:00:00,2024-07-27,21,5,1,summer,1156,,,,
London,hour,2024-07-27 22:00:00,2024-07-27,22,5,1,summer,887,,,,
London,hour,2024-07-27 23:00:00,2024-07-27,23,5,1,summer,741,,,,
London,hour,2024-07-28 00:00:00,2024-07-28,0,6,1,summer,464,,,,
London,hour,2024-07-28 01:00:00,2024-07-28,1,6,1,summer,355,,,,
London,hour,2024-07-28 02:00:00,2024-07-28,2,6,1,summer,210,,,,
London,hour,2024-07-28 03:00:00,2024-07-28,3,6,1,summer,137,,,,
London,hour,2024-07-28 04:00:00,2024-07-28,4,6,1,summer,95,,,,
London,hour,2024-07-28 05:00:00,2024-07-28,5,6,1,summer,85,,,,
London,hour,2024-07-28 06:00:00,2024-07-28,6,6,1,summer,157,,,,
London,hour,2024-07-28 07:00:00,2024-07-28,7,6,1,summer,283,,,,
London,hour,2024-07-28 08:00:00,2024-07-28,8,6,1,summer,579,,,,
London,hour,2024-07-28 09:00:00,2024-07-28,9,6,1,summer,1067,,,,
London,hour,2024-07-28 10:00:00,2024-07-28,10,6,1,summer,1561,,,,
London,hour,2024-07-28 11:00:00,2024-07-28,11,6,1,summer,1943,,,,
London,hour,2024-07-28 12:00:00,2024-07-28,12,6,1,summer,2295,,,,
London,hour,2024-07-28 13:00:00,2024-07-28,13,6,1,summer,2435,,,,
London,hour,2024-07-28 14:00:00,2024-07-28,14,6,1,summer,2316,,,,
London,hour,2024-07-28 15:00:00,2024-07-28,15,6,1,summer,2461,,,,
London,hour,2024-07-28 16:00:00,2024-07-28,16,6,1,summer,2372,,,,
London,hour,2024-07-28 17:00:00,2024-07-28,17,6,1,summer,2294,,,,
London,hour,2024-07-28 18:00:00,2024-07-28,18,6,1,summer,2104,,,,
London,hour,2024-07-28 19:00:00,2024-07-28,19,6,1,summer,1725,,,,
London,hour,2024-07-28 20:00:00,2024-07-28,20,6,1,summer,1454,,,,
London,hour,2024-07-28 21:00:00,2024-07-28,21,6,1,summer,975,,,,
London,hour,2024-07-28 22:00:00,2024-07-28,22,6,1,summer,685,,,,
London,hour,2024-07-28 23:00:00,2024-07-28,23,6,1,summer,366,,,,
London,hour,2024-07-29 00:00:00,2024-07-29,0,0,0,summer,207,,,,
London,hour,2024-07-29 01:00:00,2024-07-29,1,0,0,summer,90,,,,
London,hour,2024-07-29 02:00:00,2024-07-29,2,0,0,summer,49,,,,
London,hour,2024-07-29 03:00:00,2024-07-29,3,0,0,summer,27,,,,
London,hour,2024-07-29 04:00:00,2024-07-29,4,0,0,summer,58,,,,
London,hour,2024-07-29 05:00:00,2024-07-29,5,0,0,summer,147,,,,
London,hour,2024-07-29 06:00:00,2024-07-29,6,0,0,summer,634,,,,
London,hour,2024-07-29 07:00:00,2024-07-29,7,0,0,summer,1735,,,,
London,hour,2024-07-29 08:00:00,2024-07-29,8,0,0,summer,2931,,,,
London,hour,2024-07-29 09:00:00,2024-07-29,9,0,0,summer,1771,,,,
London,hour,2024-07-29 10:00:00,2024-07-29,10,0,0,summer,1192,,,,
London,hour,2024-07-29 11:00:00,2024-07-29,11,0,0,summer,1159,,,,
London,hour,2024-07-29 12:00:00,2024-07-29,12,0,0,summer,1335,,,,
London,hour,2024-07-29 13:00:00,2024-07-29,13,0,0,summer,1365,,,,
London,hour,2024-07-29 14:00:00,2024-07-29,14,0,0,summer,1388,,,,
London,hour,2024-07-29 15:00:00,2024-07-29,15,0,0,summer,1554,,,,
London,hour,2024-07-29 16:00:00,2024-07-29,16,0,0,summer,1975,,,,
London,hour,2024-07-29 17:00:00,2024-07-29,17,0,0,summer,3585,,,,
London,hour,2024-07-29 18:00:00,2024-07-29,18,0,0,summer,3676,,,,
London,hour,2024-07-29 19:00:00,2024-07-29,19,0,0,summer,2480,,,,
London,hour,2024-07-29 20:00:00,2024-07-29,20,0,0,summer,1741,,,,
London,hour,2024-07-29 21:00:00,2024-07-29,21,0,0,summer,1232,,,,
London,hour,2024-07-29 22:00:00,2024-07-29,22,0,0,summer,793,,,,
London,hour,2024-07-29 23:00:00,2024-07-29,23,0,0,summer,410,,,,
London,hour,2024-07-30 00:00:00,2024-07-30,0,1,0,summer,186,,,,
London,hour,2024-07-30 01:00:00,2024-07-30,1,1,0,summer,91,,,,
London,hour,2024-07-30 02:00:00,2024-07-30,2,1,0,summer,58,,,,
London,hour,2024-07-30 03:00:00,2024-07-30,3,1,0,summer,26,,,,
London,hour,2024-07-30 04:00:00,2024-07-30,4,1,0,summer,54,,,,
London,hour,2024-07-30 05:00:00,2024-07-30,5,1,0,summer,185,,,,
London,hour,2024-07-30 06:00:00,2024-07-30,6,1,0,summer,787,,,,
London,hour,2024-07-30 07:00:00,2024-07-30,7,1,0,summer,2102,,,,
London,hour,2024-07-30 08:00:00,2024-07-30,8,1,0,summer,3655,,,,
London,hour,2024-07-30 09:00:00,2024-07-30,9,1,0,summer,2144,,,,
London,hour,2024-07-30 10:00:00,2024-07-30,10,1,0,summer,1209,,,,
London,hour,2024-07-30 11:00:00,2024-07-30,11,1,0,summer,1236,,,,
London,hour,2024-07-30 12:00:00,2024-07-30,12,1,0,summer,1295,,,,
London,hour,2024-07-30 13:00:00,2024-07-30,13,1,0,summer,1447,,,,
London,hour,2024-07-30 14:00:00,2024-07-30,14,1,0,summer,1383,,,,
London,hour,2024-07-30 15:00:00,2024-07-30,15,1,0,summer,1427,,,,
London,hour,2024-07-30 16:00:00,2024-07-30,16,1,0,summer,2214,,,,
London,hour,2024-07-30 17:00:00,2024-07-30,17,1,0,summer,4043,,,,
London,hour,2024-07-30 18:00:00,2024-07-30,18,1,0,summer,4024,,,,
London,hour,2024-07-30 19:00:00,2024-07-30,19,1,0,summer,2606,,,,
London,hour,2024-07-30 20:00:00,2024-07-30,20,1,0,summer,1891,,,,
London,hour,2024-07-30 21:00:00,2024-07-30,21,1,0,summer,1384,,,,
London,hour,2024-07-30 22:00:00,2024-07-30,22,1,0,summer,822,,,,
London,hour,2024-07-30 23:00:00,2024-07-30,23,1,0,summer,463,,,,
London,hour,2024-07-31 00:00:00,2024-07-31,0,2,0,summer,217,,,,
London,hour,2024-07-31 01:00:00,2024-07-31,1,2,0,summer,75,,,,
London,hour,2024-07-31 02:00:00,2024-07-31,2,2,0,summer,50,,,,
London,hour,2024-07-31 03:00:00,2024-07-31,3,2,0,summer,32,,,,
London,hour,2024-07-31 04:00:00,2024-07-31,4,2,0,summer,55,,,,
London,hour,2024-07-31 05:00:00,2024-07-31,5,2,0,summer,188,,,,
London,hour,2024-07-31 06:00:00,2024-07-31,6,2,0,summer,725,,,,
London,hour,2024-07-31 07:00:00,2024-07-31,7,2,0,summer,1929,,,,
London,hour,2024-07-31 08:00:00,2024-07-31,8,2,0,summer,3641,,,,
London,hour,2024-07-31 09:00:00,2024-07-31,9,2,0,summer,2205,,,,
London,hour,2024-07-31 10:00:00,2024-07-31,10,2,0,summer,1198,,,,
London,hour,2024-07-31 11:00:00,2024-07-31,11,2,0,summer,1229,,,,
London,hour,2024-07-31 12:00:00,2024-07-31,12,2,0,summer,1425,,,,
London,hour,2024-07-31 13:00:00,2024-07-31,13,2,0,summer,1478,,,,
London,hour,2024-07-31 14:00:00,2024-07-31,14,2,0,summer,1377,,,,
London,hour,2024-07-31 15:00:00,2024-07-31,15,2,0,summer,1503,,,,
London,hour,2024-07-31 16:00:00,2024-07-31,16,2,0,summer,2092,,,,
London,hour,2024-07-31 17:00:00,2024-07-31,17,2,0,summer,3848,,,,
London,hour,2024-07-31 18:00:00,2024-07-31,18,2,0,summer,4122,,,,
London,hour,2024-07-31 19:00:00,2024-07-31,19,2,0,summer,2581,,,,
London,hour,2024-07-31 20:00:00,2024-07-31,20,2,0,summer,1846,,,,
London,hour,2024-07-31 21:00:00,2024-07-31,21,2,0,summer,1333,,,,
London,hour,2024-07-31 22:00:00,2024-07-31,22,2,0,summer,917,,,,
London,hour,2024-07-31 23:00:00,2024-07-31,23,2,0,summer,536,,,,
London,hour,2024-08-01 00:00:00,2024-08-01,0,3,0,summer,228,,,,
London,hour,2024-08-01 01:00:00,2024-08-01,1,3,0,summer,112,,,,
London,hour,2024-08-01 02:00:00,2024-08-01,2,3,0,summer,47,,,,
London,hour,2024-08-01 03:00:00,2024-08-01,3,3,0,summer,43,,,,
London,hour,2024-08-01 04:00:00,2024-08-01,4,3,0,summer,58,,,,
London,hour,2024-08-01 05:00:00,2024-08-01,5,3,0,summer,157,,,,
London,hour,2024-08-01 06:00:00,2024-08-01,6,3,0,summer,684,,,,
London,hour,2024-08-01 07:00:00,2024-08-01,7,3,0,summer,1844,,,,
London,hour,2024-08-01 08:00:00,2024-08-01,8,3,0,summer,3294,,,,
London,hour,2024-08-01 09:00:00,2024-08-01,9,3,0,summer,1905,,,,
London,hour,2024-08-01 10:00:00,2024-08-01,10,3,0,summer,1165,,,,
London,hour,2024-08-01 11:00:00,2024-08-01,11,3,0,summer,1328,,,,
London,hour,2024-08-01 12:00:00,2024-08-01,12,3,0,summer,1432,,,,
London,hour,2024-08-01 13:00:00,2024-08-01,13,3,0,summer,1414,,,,
London,hour,2024-08-01 14:00:00,2024-08-01,14,3,0,summer,1372,,,,
London,hour,2024-08-01 15:00:00,2024-08-01,15,3,0,summer,1520,,,,
London,hour,2024-08-01 16:00:00,2024-08-01,16,3,0,summer,2025,,,,
London,hour,2024-08-01 17:00:00,2024-08-01,17,3,0,summer,3532,,,,
London,hour,2024-08-01 18:00:00,2024-08-01,18,3,0,summer,2685,,,,
London,hour,2024-08-01 19:00:00,2024-08-01,19,3,0,summer,1078,,,,
London,hour,2024-08-01 20:00:00,2024-08-01,20,3,0,summer,1129,,,,
London,hour,2024-08-01 21:00:00,2024-08-01,21,3,0,summer,1033,,,,
London,hour,2024-08-01 22:00:00,2024-08-01,22,3,0,summer,861,,,,
London,hour,2024-08-01 23:00:00,2024-08-01,23,3,0,summer,484,,,,
London,hour,2024-08-02 00:00:00,2024-08-02,0,4,0,summer,242,,,,
London,hour,2024-08-02 01:00:00,2024-08-02,1,4,0,summer,139,,,,
London,hour,2024-08-02 02:00:00,2024-08-02,2,4,0,summer,82,,,,
London,hour,2024-08-02 03:00:00,2024-08-02,3,4,0,summer,54,,,,
London,hour,2024-08-02 04:00:00,2024-08-02,4,4,0,summer,74,,,,
London,hour,2024-08-02 05:00:00,2024-08-02,5,4,0,summer,165,,,,
London,hour,2024-08-02 06:00:00,2024-08-02,6,4,0,summer,548,,,,
London,hour,2024-08-02 07:00:00,2024-08-02,7,4,0,summer,1295,,,,
London,hour,2024-08-02 08:00:00,2024-08-02,8,4,0,summer,2155,,,,
London,hour,2024-08-02 09:00:00,2024-08-02,9,4,0,summer,1576,,,,
London,hour,2024-08-02 10:00:00,2024-08-02,10,4,0,summer,1135,,,,
London,hour,2024-08-02 11:00:00,2024-08-02,11,4,0,summer,1213,,,,
London,hour,2024-08-02 12:00:00,2024-08-02,12,4,0,summer,1499,,,,
London,hour,2024-08-02 13:00:00,2024-08-02,13,4,0,summer,1547,,,,
London,hour,2024-08-02 14:00:00,2024-08-02,14,4,0,summer,1573,,,,
London,hour,2024-08-02 15:00:00,2024-08-02,15,4,0,summer,1668,,,,
London,hour,2024-08-02 16:00:00,2024-08-02,16,4,0,summer,2145,,,,
London,hour,2024-08-02 17:00:00,2024-08-02,17,4,0,summer,2889,,,,
London,hour,2024-08-02 18:00:00,2024-08-02,18,4,0,summer,2792,,,,
London,hour,2024-08-02 19:00:00,2024-08-02,19,4,0,summer,2099,,,,
London,hour,2024-08-02 20:00:00,2024-08-02,20,4,0,summer,1643,,,,
London,hour,2024-08-02 21:00:00,2024-08-02,21,4,0,summer,1180,,,,
London,hour,2024-08-02 22:00:00,2024-08-02,22,4,0,summer,1045,,,,
London,hour,2024-08-02 23:00:00,2024-08-02,23,4,0,summer,733,,,,
London,hour,2024-08-03 00:00:00,2024-08-03,0,5,1,summer,491,,,,
London,hour,2024-08-03 01:00:00,2024-08-03,1,5,1,summer,311,,,,
London,hour,2024-08-03 02:00:00,2024-08-03,2,5,1,summer,189,,,,
London,hour,2024-08-03 03:00:00,2024-08-03,3,5,1,summer,112,,,,
London,hour,2024-08-03 04:00:00,2024-08-03,4,5,1,summer,77,,,,
London,hour,2024-08-03 05:00:00,2024-08-03,5,5,1,summer,60,,,,
London,hour,2024-08-03 06:00:00,2024-08-03,6,5,1,summer,182,,,,
London,hour,2024-08-03 07:00:00,2024-08-03,7,5,1,summer,369,,,,
London,hour,2024-08-03 08:00:00,2024-08-03,8,5,1,summer,728,,,,
London,hour,2024-08-03 09:00:00,2024-08-03,9,5,1,summer,1091,,,,
London,hour,2024-08-03 10:00:00,2024-08-03,10,5,1,summer,1368,,,,
London,hour,2024-08-03 11:00:00,2024-08-03,11,5,1,summer,1815,,,,
London,hour,2024-08-03 12:00:00,2024-08-03,12,5,1,summer,2107,,,,
London,hour,2024-08-03 13:00:00,2024-08-03,13,5,1,summer,2143,,,,
London,hour,2024-08-03 14:00:00,2024-08-03,14,5,1,summer,2171,,,,
London,hour,2024-08-03 15:00:00,2024-08-03,15,5,1,summer,2293,,,,
London,hour,2024-08-03 16:00:00,2024-08-03,16,5,1,summer,2385,,,,
London,hour,2024-08-03 17:00:00,2024-08-03,17,5,1,summer,2436,,,,
London,hour,2024-08-03 18:00:00,2024-08-03,18,5,1,summer,2325,,,,
London,hour,2024-08-03 19:00:00,2024-08-03,19,5,1,summer,1914,,,,
London,hour,2024-08-03 20:00:00,2024-08-03,20,5,1,summer,1506,,,,
London,hour,2024-08-03 21:00:00,2024-08-03,21,5,1,summer,1047,,,,
London,hour,2024-08-03 22:00:00,2024-08-03,22,5,1,summer,935,,,,
London,hour,2024-08-03 23:00:00,2024-08-03,23,5,1,summer,737,,,,
London,hour,2024-08-04 00:00:00,2024-08-04,0,6,1,summer,515,,,,
London,hour,2024-08-04 01:00:00,2024-08-04,1,6,1,summer,313,,,,
London,hour,2024-08-04 02:00:00,2024-08-04,2,6,1,summer,207,,,,
London,hour,2024-08-04 03:00:00,2024-08-04,3,6,1,summer,165,,,,
London,hour,2024-08-04 04:00:00,2024-08-04,4,6,1,summer,89,,,,
London,hour,2024-08-04 05:00:00,2024-08-04,5,6,1,summer,106,,,,
London,hour,2024-08-04 06:00:00,2024-08-04,6,6,1,summer,157,,,,
London,hour,2024-08-04 07:00:00,2024-08-04,7,6,1,summer,248,,,,
London,hour,2024-08-04 08:00:00,2024-08-04,8,6,1,summer,506,,,,
London,hour,2024-08-04 09:00:00,2024-08-04,9,6,1,summer,867,,,,
London,hour,2024-08-04 10:00:00,2024-08-04,10,6,1,summer,1355,,,,
London,hour,2024-08-04 11:00:00,2024-08-04,11,6,1,summer,1754,,,,
London,hour,2024-08-04 12:00:00,2024-08-04,12,6,1,summer,1985,,,,
London,hour,2024-08-04 13:00:00,2024-08-04,13,6,1,summer,2170,,,,
London,hour,2024-08-04 14:00:00,2024-08-04,14,6,1,summer,2124,,,,
London,hour,2024-08-04 15:00:00,2024-08-04,15,6,1,summer,2142,,,,
London,hour,2024-08-04 16:00:00,2024-08-04,16,6,1,summer,2249,,,,
London,hour,2024-08-04 17:00:00,2024-08-04,17,6,1,summer,2197,,,,
London,hour,2024-08-04 18:00:00,2024-08-04,18,6,1,summer,2248,,,,
London,hour,2024-08-04 19:00:00,2024-08-04,19,6,1,summer,1595,,,,
London,hour,2024-08-04 20:00:00,2024-08-04,20,6,1,summer,1242,,,,
London,hour,2024-08-04 21:00:00,2024-08-04,21,6,1,summer,859,,,,
London,hour,2024-08-04 22:00:00,2024-08-04,22,6,1,summer,609,,,,
London,hour,2024-08-04 23:00:00,2024-08-04,23,6,1,summer,322,,,,
London,hour,2024-08-05 00:00:00,2024-08-05,0,0,0,summer,305,,,,
London,hour,2024-08-05 01:00:00,2024-08-05,1,0,0,summer,196,,,,
London,hour,2024-08-05 02:00:00,2024-08-05,2,0,0,summer,98,,,,
London,hour,2024-08-05 03:00:00,2024-08-05,3,0,0,summer,91,,,,
London,hour,2024-08-05 04:00:00,2024-08-05,4,0,0,summer,100,,,,
London,hour,2024-08-05 05:00:00,2024-08-05,5,0,0,summer,345,,,,
London,hour,2024-08-05 06:00:00,2024-08-05,6,0,0,summer,1332,,,,
London,hour,2024-08-05 07:00:00,2024-08-05,7,0,0,summer,3634,,,,
London,hour,2024-08-05 08:00:00,2024-08-05,8,0,0,summer,6462,,,,
London,hour,2024-08-05 09:00:00,2024-08-05,9,0,0,summer,3719,,,,
London,hour,2024-08-05 10:00:00,2024-08-05,10,0,0,summer,2302,,,,
London,hour,2024-08-05 11:00:00,2024-08-05,11,0,0,summer,2241,,,,
London,hour,2024-08-05 12:00:00,2024-08-05,12,0,0,summer,2751,,,,
London,hour,2024-08-05 13:00:00,2024-08-05,13,0,0,summer,2738,,,,
London,hour,2024-08-05 14:00:00,2024-08-05,14,0,0,summer,1431,,,,
London,hour,2024-08-05 15:00:00,2024-08-05,15,0,0,summer,1493,,,,
London,hour,2024-08-05 16:00:00,2024-08-05,16,0,0,summer,2007,,,,
London,hour,2024-08-05 17:00:00,2024-08-05,17,0,0,summer,3536,,,,
London,hour,2024-08-05 18:00:00,2024-08-05,18,0,0,summer,3494,,,,
London,hour,2024-08-05 19:00:00,2024-08-05,19,0,0,summer,2297,,,,
London,hour,2024-08-05 20:00:00,2024-08-05,20,0,0,summer,1504,,,,
London,hour,2024-08-05 21:00:00,2024-08-05,21,0,0,summer,1066,,,,
London,hour,2024-08-05 22:00:00,2024-08-05,22,0,0,summer,690,,,,
London,hour,2024-08-05 23:00:00,2024-08-05,23,0,0,summer,381,,,,
London,hour,2024-08-06 00:00:00,2024-08-06,0,1,0,summer,189,,,,
London,hour,2024-08-06 01:00:00,2024-08-06,1,1,0,summer,117,,,,
London,hour,2024-08-06 02:00:00,2024-08-06,2,1,0,summer,51,,,,
London,hour,2024-08-06 03:00:00,2024-08-06,3,1,0,summer,30,,,,
London,hour,2024-08-06 04:00:00,2024-08-06,4,1,0,summer,64,,,,
London,hour,2024-08-06 05:00:00,2024-08-06,5,1,0,summer,193,,,,
London,hour,2024-08-06 06:00:00,2024-08-06,6,1,0,summer,787,,,,
London,hour,2024-08-06 07:00:00,2024-08-06,7,1,0,summer,1930,,,,
London,hour,2024-08-06 08:00:00,2024-08-06,8,1,0,summer,3602,,,,
London,hour,2024-08-06 09:00:00,2024-08-06,9,1,0,summer,1969,,,,
London,hour,2024-08-06 10:00:00,2024-08-06,10,1,0,summer,1139,,,,
London,hour,2024-08-06 11:00:00,2024-08-06,11,1,0,summer,1064,,,,
London,hour,2024-08-06 12:00:00,2024-08-06,12,1,0,summer,881,,,,
London,hour,2024-08-06 13:00:00,2024-08-06,13,1,0,summer,598,,,,
London,hour,2024-08-06 14:00:00,2024-08-06,14,1,0,summer,566,,,,
London,hour,2024-08-06 15:00:00,2024-08-06,15,1,0,summer,784,,,,
London,hour,2024-08-06 16:00:00,2024-08-06,16,1,0,summer,1755,,,,
London,hour,2024-08-06 17:00:00,2024-08-06,17,1,0,summer,3633,,,,
London,hour,2024-08-06 18:00:00,2024-08-06,18,1,0,summer,3398,,,,
London,hour,2024-08-06 19:00:00,2024-08-06,19,1,0,summer,2290,,,,
London,hour,2024-08-06 20:00:00,2024-08-06,20,1,0,summer,1545,,,,
London,hour,2024-08-06 21:00:00,2024-08-06,21,1,0,summer,1026,,,,
London,hour,2024-08-06 22:00:00,2024-08-06,22,1,0,summer,746,,,,
London,hour,2024-08-06 23:00:00,2024-08-06,23,1,0,summer,402,,,,
London,hour,2024-08-07 00:00:00,2024-08-07,0,2,0,summer,157,,,,
London,hour,2024-08-07 01:00:00,2024-08-07,1,2,0,summer,70,,,,
London,hour,2024-08-07 02:00:00,2024-08-07,2,2,0,summer,51,,,,
London,hour,2024-08-07 03:00:00,2024-08-07,3,2,0,summer,34,,,,
London,hour,2024-08-07 04:00:00,2024-08-07,4,2,0,summer,54,,,,
London,hour,2024-08-07 05:00:00,2024-08-07,5,2,0,summer,159,,,,
London,hour,2024-08-07 06:00:00,2024-08-07,6,2,0,summer,714,,,,
London,hour,2024-08-07 07:00:00,2024-08-07,7,2,0,summer,1930,,,,
London,hour,2024-08-07 08:00:00,2024-08-07,8,2,0,summer,3463,,,,
London,hour,2024-08-07 09:00:00,2024-08-07,9,2,0,summer,1987,,,,
London,hour,2024-08-07 10:00:00,2024-08-07,10,2,0,summer,1170,,,,
London,hour,2024-08-07 11:00:00,2024-08-07,11,2,0,summer,1154,,,,
London,hour,2024-08-07 12:00:00,2024-08-07,12,2,0,summer,1434,,,,
London,hour,2024-08-07 13:00:00,2024-08-07,13,2,0,summer,1335,,,,
London,hour,2024-08-07 14:00:00,2024-08-07,14,2,0,summer,1252,,,,
London,hour,2024-08-07 15:00:00,2024-08-07,15,2,0,summer,1457,,,,
London,hour,2024-08-07 16:00:00,2024-08-07,16,2,0,summer,2013,,,,
London,hour,2024-08-07 17:00:00,2024-08-07,17,2,0,summer,3554,,,,
London,hour,2024-08-07 18:00:00,2024-08-07,18,2,0,summer,3243,,,,
London,hour,2024-08-07 19:00:00,2024-08-07,19,2,0,summer,1991,,,,
London,hour,2024-08-07 20:00:00,2024-08-07,20,2,0,summer,1285,,,,
London,hour,2024-08-07 21:00:00,2024-08-07,21,2,0,summer,1006,,,,
London,hour,2024-08-07 22:00:00,2024-08-07,22,2,0,summer,753,,,,
London,hour,2024-08-07 23:00:00,2024-08-07,23,2,0,summer,385,,,,
London,hour,2024-08-08 00:00:00,2024-08-08,0,3,0,summer,197,,,,
London,hour,2024-08-08 01:00:00,2024-08-08,1,3,0,summer,95,,,,
London,hour,2024-08-08 02:00:00,2024-08-08,2,3,0,summer,70,,,,
London,hour,2024-08-08 03:00:00,2024-08-08,3,3,0,summer,42,,,,
London,hour,2024-08-08 04:00:00,2024-08-08,4,3,0,summer,50,,,,
London,hour,2024-08-08 05:00:00,2024-08-08,5,3,0,summer,162,,,,
London,hour,2024-08-08 06:00:00,2024-08-08,6,3,0,summer,674,,,,
London,hour,2024-08-08 07:00:00,2024-08-08,7,3,0,summer,1851,,,,
London,hour,2024-08-08 08:00:00,2024-08-08,8,3,0,summer,3398,,,,
London,hour,2024-08-08 09:00:00,2024-08-08,9,3,0,summer,1931,,,,
London,hour,2024-08-08 10:00:00,2024-08-08,10,3,0,summer,1194,,,,
London,hour,2024-08-08 11:00:00,2024-08-08,11,3,0,summer,1190,,,,
London,hour,2024-08-08 12:00:00,2024-08-08,12,3,0,summer,1377,,,,
London,hour,2024-08-08 13:00:00,2024-08-08,13,3,0,summer,1366,,,,
London,hour,2024-08-08 14:00:00,2024-08-08,14,3,0,summer,1238,,,,
London,hour,2024-08-08 15:00:00,2024-08-08,15,3,0,summer,932,,,,
London,hour,2024-08-08 16:00:00,2024-08-08,16,3,0,summer,1405,,,,
London,hour,2024-08-08 17:00:00,2024-08-08,17,3,0,summer,2951,,,,
London,hour,2024-08-08 18:00:00,2024-08-08,18,3,0,summer,2914,,,,
London,hour,2024-08-08 19:00:00,2024-08-08,19,3,0,summer,1863,,,,
London,hour,2024-08-08 20:00:00,2024-08-08,20,3,0,summer,1242,,,,
London,hour,2024-08-08 21:00:00,2024-08-08,21,3,0,summer,930,,,,
London,hour,2024-08-08 22:00:00,2024-08-08,22,3,0,summer,787,,,,
London,hour,2024-08-08 23:00:00,2024-08-08,23,3,0,summer,516,,,,
London,hour,2024-08-09 00:00:00,2024-08-09,0,4,0,summer,242,,,,
London,hour,2024-08-09 01:00:00,2024-08-09,1,4,0,summer,113,,,,
London,hour,2024-08-09 02:00:00,2024-08-09,2,4,0,summer,55,,,,
London,hour,2024-08-09 03:00:00,2024-08-09,3,4,0,summer,29,,,,
London,hour,2024-08-09 04:00:00,2024-08-09,4,4,0,summer,52,,,,
London,hour,2024-08-09 05:00:00,2024-08-09,5,4,0,summer,164,,,,
London,hour,2024-08-09 06:00:00,2024-08-09,6,4,0,summer,526,,,,
London,hour,2024-08-09 07:00:00,2024-08-09,7,4,0,summer,1242,,,,
London,hour,2024-08-09 08:00:00,2024-08-09,8,4,0,summer,2122,,,,
London,hour,2024-08-09 09:00:00,2024-08-09,9,4,0,summer,1549,,,,
London,hour,2024-08-09 10:00:00,2024-08-09,10,4,0,summer,1104,,,,
London,hour,2024-08-09 11:00:00,2024-08-09,11,4,0,summer,1176,,,,
London,hour,2024-08-09 12:00:00,2024-08-09,12,4,0,summer,1481,,,,
London,hour,2024-08-09 13:00:00,2024-08-09,13,4,0,summer,1616,,,,
London,hour,2024-08-09 14:00:00,2024-08-09,14,4,0,summer,1578,,,,
London,hour,2024-08-09 15:00:00,2024-08-09,15,4,0,summer,1691,,,,
London,hour,2024-08-09 16:00:00,2024-08-09,16,4,0,summer,2140,,,,
London,hour,2024-08-09 17:00:00,2024-08-09,17,4,0,summer,3048,,,,
London,hour,2024-08-09 18:00:00,2024-08-09,18,4,0,summer,2819,,,,
London,hour,2024-08-09 19:00:00,2024-08-09,19,4,0,summer,2066,,,,
London,hour,2024-08-09 20:00:00,2024-08-09,20,4,0,summer,1492,,,,
London,hour,2024-08-09 21:00:00,2024-08-09,21,4,0,summer,1171,,,,
London,hour,2024-08-09 22:00:00,2024-08-09,22,4,0,summer,866,,,,
London,hour,2024-08-09 23:00:00,2024-08-09,23,4,0,summer,659,,,,
London,hour,2024-08-10 00:00:00,2024-08-10,0,5,1,summer,402,,,,
London,hour,2024-08-10 01:00:00,2024-08-10,1,5,1,summer,269,,,,
London,hour,2024-08-10 02:00:00,2024-08-10,2,5,1,summer,157,,,,
London,hour,2024-08-10 03:00:00,2024-08-10,3,5,1,summer,115,,,,
London,hour,2024-08-10 04:00:00,2024-08-10,4,5,1,summer,86,,,,
London,hour,2024-08-10 05:00:00,2024-08-10,5,5,1,summer,97,,,,
London,hour,2024-08-10 06:00:00,2024-08-10,6,5,1,summer,176,,,,
London,hour,2024-08-10 07:00:00,2024-08-10,7,5,1,summer,361,,,,
London,hour,2024-08-10 08:00:00,2024-08-10,8,5,1,summer,701,,,,
London,hour,2024-08-10 09:00:00,2024-08-10,9,5,1,summer,1159,,,,
London,hour,2024-08-10 10:00:00,2024-08-10,10,5,1,summer,1517,,,,
London,hour,2024-08-10 11:00:00,2024-08-10,11,5,1,summer,1888,,,,
London,hour,2024-08-10 12:00:00,2024-08-10,12,5,1,summer,2077,,,,
London,hour,2024-08-10 13:00:00,2024-08-10,13,5,1,summer,1999,,,,
London,hour,2024-08-10 14:00:00,2024-08-10,14,5,1,summer,2081,,,,
London,hour,2024-08-10 15:00:00,2024-08-10,15,5,1,summer,2085,,,,
London,hour,2024-08-10 16:00:00,2024-08-10,16,5,1,summer,2053,,,,
London,hour,2024-08-10 17:00:00,2024-08-10,17,5,1,summer,2158,,,,
London,hour,2024-08-10 18:00:00,2024-08-10,18,5,1,summer,2127,,,,
London,hour,2024-08-10 19:00:00,2024-08-10,19,5,1,summer,1820,,,,
London,hour,2024-08-10 20:00:00,2024-08-10,20,5,1,summer,1373,,,,
London,hour,2024-08-10 21:00:00,2024-08-10,21,5,1,summer,1083,,,,
London,hour,2024-08-10 22:00:00,2024-08-10,22,5,1,summer,855,,,,
London,hour,2024-08-10 23:00:00,2024-08-10,23,5,1,summer,717,,,,
London,hour,2024-08-11 00:00:00,2024-08-11,0,6,1,summer,382,,,,
London,hour,2024-08-11 01:00:00,2024-08-11,1,6,1,summer,294,,,,
London,hour,2024-08-11 02:00:00,2024-08-11,2,6,1,summer,197,,,,
London,hour,2024-08-11 03:00:00,2024-08-11,3,6,1,summer,132,,,,
London,hour,2024-08-11 04:00:00,2024-08-11,4,6,1,summer,85,,,,
London,hour,2024-08-11 05:00:00,2024-08-11,5,6,1,summer,103,,,,
London,hour,2024-08-11 06:00:00,2024-08-11,6,6,1,summer,143,,,,
London,hour,2024-08-11 07:00:00,2024-08-11,7,6,1,summer,295,,,,
London,hour,2024-08-11 08:00:00,2024-08-11,8,6,1,summer,513,,,,
London,hour,2024-08-11 09:00:00,2024-08-11,9,6,1,summer,1007,,,,
London,hour,2024-08-11 10:00:00,2024-08-11,10,6,1,summer,1564,,,,
London,hour,2024-08-11 11:00:00,2024-08-11,11,6,1,summer,1900,,,,
London,hour,2024-08-11 12:00:00,2024-08-11,12,6,1,summer,2200,,,,
London,hour,2024-08-11 13:00:00,2024-08-11,13,6,1,summer,2366,,,,
London,hour,2024-08-11 14:00:00,2024-08-11,14,6,1,summer,2359,,,,
London,hour,2024-08-11 15:00:00,2024-08-11,15,6,1,summer,2311,,,,
London,hour,2024-08-11 16:00:00,2024-08-11,16,6,1,summer,2308,,,,
London,hour,2024-08-11 17:00:00,2024-08-11,17,6,1,summer,2368,,,,
London,hour,2024-08-11 18:00:00,2024-08-11,18,6,1,summer,2238,,,,
London,hour,2024-08-11 19:00:00,2024-08-11,19,6,1,summer,1888,,,,
London,hour,2024-08-11 20:00:00,2024-08-11,20,6,1,summer,1406,,,,
London,hour,2024-08-11 21:00:00,2024-08-11,21,6,1,summer,905,,,,
London,hour,2024-08-11 22:00:00,2024-08-11,22,6,1,summer,654,,,,
London,hour,2024-08-11 23:00:00,2024-08-11,23,6,1,summer,406,,,,
London,hour,2024-08-12 00:00:00,2024-08-12,0,0,0,summer,194,,,,
London,hour,2024-08-12 01:00:00,2024-08-12,1,0,0,summer,88,,,,
London,hour,2024-08-12 02:00:00,2024-08-12,2,0,0,summer,48,,,,
London,hour,2024-08-12 03:00:00,2024-08-12,3,0,0,summer,41,,,,
London,hour,2024-08-12 04:00:00,2024-08-12,4,0,0,summer,60,,,,
London,hour,2024-08-12 05:00:00,2024-08-12,5,0,0,summer,140,,,,
London,hour,2024-08-12 06:00:00,2024-08-12,6,0,0,summer,655,,,,
London,hour,2024-08-12 07:00:00,2024-08-12,7,0,0,summer,1665,,,,
London,hour,2024-08-12 08:00:00,2024-08-12,8,0,0,summer,2891,,,,
London,hour,2024-08-12 09:00:00,2024-08-12,9,0,0,summer,1653,,,,
London,hour,2024-08-12 10:00:00,2024-08-12,10,0,0,summer,1083,,,,
London,hour,2024-08-12 11:00:00,2024-08-12,11,0,0,summer,1047,,,,
London,hour,2024-08-12 12:00:00,2024-08-12,12,0,0,summer,1282,,,,
London,hour,2024-08-12 13:00:00,2024-08-12,13,0,0,summer,1307,,,,
London,hour,2024-08-12 14:00:00,2024-08-12,14,0,0,summer,1228,,,,
London,hour,2024-08-12 15:00:00,2024-08-12,15,0,0,summer,1422,,,,
London,hour,2024-08-12 16:00:00,2024-08-12,16,0,0,summer,1883,,,,
London,hour,2024-08-12 17:00:00,2024-08-12,17,0,0,summer,3505,,,,
London,hour,2024-08-12 18:00:00,2024-08-12,18,0,0,summer,3266,,,,
London,hour,2024-08-12 19:00:00,2024-08-12,19,0,0,summer,2299,,,,
London,hour,2024-08-12 20:00:00,2024-08-12,20,0,0,summer,1681,,,,
London,hour,2024-08-12 21:00:00,2024-08-12,21,0,0,summer,1130,,,,
London,hour,2024-08-12 22:00:00,2024-08-12,22,0,0,summer,859,,,,
London,hour,2024-08-12 23:00:00,2024-08-12,23,0,0,summer,445,,,,
London,hour,2024-08-13 00:00:00,2024-08-13,0,1,0,summer,191,,,,
London,hour,2024-08-13 01:00:00,2024-08-13,1,1,0,summer,73,,,,
London,hour,2024-08-13 02:00:00,2024-08-13,2,1,0,summer,45,,,,
London,hour,2024-08-13 03:00:00,2024-08-13,3,1,0,summer,37,,,,
London,hour,2024-08-13 04:00:00,2024-08-13,4,1,0,summer,47,,,,
London,hour,2024-08-13 05:00:00,2024-08-13,5,1,0,summer,194,,,,
London,hour,2024-08-13 06:00:00,2024-08-13,6,1,0,summer,752,,,,
London,hour,2024-08-13 07:00:00,2024-08-13,7,1,0,summer,1990,,,,
London,hour,2024-08-13 08:00:00,2024-08-13,8,1,0,summer,3529,,,,
London,hour,2024-08-13 09:00:00,2024-08-13,9,1,0,summer,1962,,,,
London,hour,2024-08-13 10:00:00,2024-08-13,10,1,0,summer,1232,,,,
London,hour,2024-08-13 11:00:00,2024-08-13,11,1,0,summer,1239,,,,
London,hour,2024-08-13 12:00:00,2024-08-13,12,1,0,summer,1493,,,,
London,hour,2024-08-13 13:00:00,2024-08-13,13,1,0,summer,1389,,,,
London,hour,2024-08-13 14:00:00,2024-08-13,14,1,0,summer,1316,,,,
London,hour,2024-08-13 15:00:00,2024-08-13,15,1,0,summer,1595,,,,
London,hour,2024-08-13 16:00:00,2024-08-13,16,1,0,summer,2111,,,,
London,hour,2024-08-13 17:00:00,2024-08-13,17,1,0,summer,4127,,,,
London,hour,2024-08-13 18:00:00,2024-08-13,18,1,0,summer,3687,,,,
London,hour,2024-08-13 19:00:00,2024-08-13,19,1,0,summer,2455,,,,
London,hour,2024-08-13 20:00:00,2024-08-13,20,1,0,summer,1603,,,,
London,hour,2024-08-13 21:00:00,2024-08-13,21,1,0,summer,1148,,,,
London,hour,2024-08-13 22:00:00,2024-08-13,22,1,0,summer,770,,,,
London,hour,2024-08-13 23:00:00,2024-08-13,23,1,0,summer,354,,,,
London,hour,2024-08-14 00:00:00,2024-08-14,0,2,0,summer,158,,,,
London,hour,2024-08-14 01:00:00,2024-08-14,1,2,0,summer,86,,,,
London,hour,2024-08-14 02:00:00,2024-08-14,2,2,0,summer,37,,,,
London,hour,2024-08-14 03:00:00,2024-08-14,3,2,0,summer,29,,,,
London,hour,2024-08-14 04:00:00,2024-08-14,4,2,0,summer,54,,,,
London,hour,2024-08-14 05:00:00,2024-08-14,5,2,0,summer,170,,,,
London,hour,2024-08-14 06:00:00,2024-08-14,6,2,0,summer,685,,,,
London,hour,2024-08-14 07:00:00,2024-08-14,7,2,0,summer,1796,,,,
London,hour,2024-08-14 08:00:00,2024-08-14,8,2,0,summer,3136,,,,
London,hour,2024-08-14 09:00:00,2024-08-14,9,2,0,summer,1905,,,,
London,hour,2024-08-14 10:00:00,2024-08-14,10,2,0,summer,1246,,,,
London,hour,2024-08-14 11:00:00,2024-08-14,11,2,0,summer,1253,,,,
London,hour,2024-08-14 12:00:00,2024-08-14,12,2,0,summer,1419,,,,
London,hour,2024-08-14 13:00:00,2024-08-14,13,2,0,summer,1442,,,,
London,hour,2024-08-14 14:00:00,2024-08-14,14,2,0,summer,1404,,,,
London,hour,2024-08-14 15:00:00,2024-08-14,15,2,0,summer,1559,,,,
London,hour,2024-08-14 16:00:00,2024-08-14,16,2,0,summer,2064,,,,
London,hour,2024-08-14 17:00:00,2024-08-14,17,2,0,summer,3891,,,,
London,hour,2024-08-14 18:00:00,2024-08-14,18,2,0,summer,3539,,,,
London,hour,2024-08-14 19:00:00,2024-08-14,19,2,0,summer,2251,,,,
London,hour,2024-08-14 20:00:00,2024-08-14,20,2,0,summer,1533,,,,
London,hour,2024-08-14 21:00:00,2024-08-14,21,2,0,summer,1121,,,,
London,hour,2024-08-14 22:00:00,2024-08-14,22,2,0,summer,753,,,,
London,hour,2024-08-14 23:00:00,2024-08-14,23,2,0,summer,475,,,,
London,hour,2024-08-15 00:00:00,2024-08-15,0,3,0,summer,182,,,,
London,hour,2024-08-15 01:00:00,2024-08-15,1,3,0,summer,109,,,,
London,hour,2024-08-15 02:00:00,2024-08-15,2,3,0,summer,48,,,,
London,hour,2024-08-15 03:00:00,2024-08-15,3,3,0,summer,25,,,,
London,hour,2024-08-15 04:00:00,2024-08-15,4,3,0,summer,56,,,,
London,hour,2024-08-15 05:00:00,2024-08-15,5,3,0,summer,159,,,,
London,hour,2024-08-15 06:00:00,2024-08-15,6,3,0,summer,640,,,,
London,hour,2024-08-15 07:00:00,2024-08-15,7,3,0,summer,1779,,,,
London,hour,2024-08-15 08:00:00,2024-08-15,8,3,0,summer,3426,,,,
London,hour,2024-08-15 09:00:00,2024-08-15,9,3,0,summer,2044,,,,
London,hour,2024-08-15 10:00:00,2024-08-15,10,3,0,summer,1332,,,,
London,hour,2024-08-15 11:00:00,2024-08-15,11,3,0,summer,1245,,,,
London,hour,2024-08-15 12:00:00,2024-08-15,12,3,0,summer,1476,,,,
London,hour,2024-08-15 13:00:00,2024-08-15,13,3,0,summer,1440,,,,
London,hour,2024-08-15 14:00:00,2024-08-15,14,3,0,summer,1375,,,,
London,hour,2024-08-15 15:00:00,2024-08-15,15,3,0,summer,1544,,,,
London,hour,2024-08-15 16:00:00,2024-08-15,16,3,0,summer,1972,,,,
London,hour,2024-08-15 17:00:00,2024-08-15,17,3,0,summer,3406,,,,
London,hour,2024-08-15 18:00:00,2024-08-15,18,3,0,summer,3142,,,,
London,hour,2024-08-15 19:00:00,2024-08-15,19,3,0,summer,2049,,,,
London,hour,2024-08-15 20:00:00,2024-08-15,20,3,0,summer,1328,,,,
London,hour,2024-08-15 21:00:00,2024-08-15,21,3,0,summer,1010,,,,
London,hour,2024-08-15 22:00:00,2024-08-15,22,3,0,summer,741,,,,
London,hour,2024-08-15 23:00:00,2024-08-15,23,3,0,summer,214,,,,
London,hour,2024-08-16 00:00:00,2024-08-16,0,4,0,summer,146,,,,
London,hour,2024-08-16 01:00:00,2024-08-16,1,4,0,summer,109,,,,
London,hour,2024-08-16 02:00:00,2024-08-16,2,4,0,summer,66,,,,
London,hour,2024-08-16 03:00:00,2024-08-16,3,4,0,summer,37,,,,
London,hour,2024-08-16 04:00:00,2024-08-16,4,4,0,summer,76,,,,
London,hour,2024-08-16 05:00:00,2024-08-16,5,4,0,summer,145,,,,
London,hour,2024-08-16 06:00:00,2024-08-16,6,4,0,summer,535,,,,
London,hour,2024-08-16 07:00:00,2024-08-16,7,4,0,summer,1291,,,,
London,hour,2024-08-16 08:00:00,2024-08-16,8,4,0,summer,2115,,,,
London,hour,2024-08-16 09:00:00,2024-08-16,9,4,0,summer,1496,,,,
London,hour,2024-08-16 10:00:00,2024-08-16,10,4,0,summer,1231,,,,
London,hour,2024-08-16 11:00:00,2024-08-16,11,4,0,summer,1226,,,,
London,hour,2024-08-16 12:00:00,2024-08-16,12,4,0,summer,1554,,,,
London,hour,2024-08-16 13:00:00,2024-08-16,13,4,0,summer,1706,,,,
London,hour,2024-08-16 14:00:00,2024-08-16,14,4,0,summer,1629,,,,
London,hour,2024-08-16 15:00:00,2024-08-16,15,4,0,summer,1805,,,,
London,hour,2024-08-16 16:00:00,2024-08-16,16,4,0,summer,2236,,,,
London,hour,2024-08-16 17:00:00,2024-08-16,17,4,0,summer,3055,,,,
London,hour,2024-08-16 18:00:00,2024-08-16,18,4,0,summer,2776,,,,
London,hour,2024-08-16 19:00:00,2024-08-16,19,4,0,summer,2194,,,,
London,hour,2024-08-16 20:00:00,2024-08-16,20,4,0,summer,1486,,,,
London,hour,2024-08-16 21:00:00,2024-08-16,21,4,0,summer,1034,,,,
London,hour,2024-08-16 22:00:00,2024-08-16,22,4,0,summer,905,,,,
London,hour,2024-08-16 23:00:00,2024-08-16,23,4,0,summer,797,,,,
London,hour,2024-08-17 00:00:00,2024-08-17,0,5,1,summer,475,,,,
London,hour,2024-08-17 01:00:00,2024-08-17,1,5,1,summer,252,,,,
London,hour,2024-08-17 02:00:00,2024-08-17,2,5,1,summer,152,,,,
London,hour,2024-08-17 03:00:00,2024-08-17,3,5,1,summer,97,,,,
London,hour,2024-08-17 04:00:00,2024-08-17,4,5,1,summer,69,,,,
London,hour,2024-08-17 05:00:00,2024-08-17,5,5,1,summer,81,,,,
London,hour,2024-08-17 06:00:00,2024-08-17,6,5,1,summer,171,,,,
London,hour,2024-08-17 07:00:00,2024-08-17,7,5,1,summer,406,,,,
London,hour,2024-08-17 08:00:00,2024-08-17,8,5,1,summer,769,,,,
London,hour,2024-08-17 09:00:00,2024-08-17,9,5,1,summer,1295,,,,
London,hour,2024-08-17 10:00:00,2024-08-17,10,5,1,summer,1608,,,,
London,hour,2024-08-17 11:00:00,2024-08-17,11,5,1,summer,2061,,,,
London,hour,2024-08-17 12:00:00,2024-08-17,12,5,1,summer,2184,,,,
London,hour,2024-08-17 13:00:00,2024-08-17,13,5,1,summer,2283,,,,
London,hour,2024-08-17 14:00:00,2024-08-17,14,5,1,summer,2477,,,,
London,hour,2024-08-17 15:00:00,2024-08-17,15,5,1,summer,2433,,,,
London,hour,2024-08-17 16:00:00,2024-08-17,16,5,1,summer,2502,,,,
London,hour,2024-08-17 17:00:00,2024-08-17,17,5,1,summer,2433,,,,
London,hour,2024-08-17 18:00:00,2024-08-17,18,5,1,summer,2308,,,,
London,hour,2024-08-17 19:00:00,2024-08-17,19,5,1,summer,1843,,,,
London,hour,2024-08-17 20:00:00,2024-08-17,20,5,1,summer,1344,,,,
London,hour,2024-08-17 21:00:00,2024-08-17,21,5,1,summer,1011,,,,
London,hour,2024-08-17 22:00:00,2024-08-17,22,5,1,summer,828,,,,
London,hour,2024-08-17 23:00:00,2024-08-17,23,5,1,summer,722,,,,
London,hour,2024-08-18 00:00:00,2024-08-18,0,6,1,summer,432,,,,
London,hour,2024-08-18 01:00:00,2024-08-18,1,6,1,summer,293,,,,
London,hour,2024-08-18 02:00:00,2024-08-18,2,6,1,summer,155,,,,
London,hour,2024-08-18 03:00:00,2024-08-18,3,6,1,summer,120,,,,
London,hour,2024-08-18 04:00:00,2024-08-18,4,6,1,summer,63,,,,
London,hour,2024-08-18 05:00:00,2024-08-18,5,6,1,summer,78,,,,
London,hour,2024-08-18 06:00:00,2024-08-18,6,6,1,summer,159,,,,
London,hour,2024-08-18 07:00:00,2024-08-18,7,6,1,summer,272,,,,
London,hour,2024-08-18 08:00:00,2024-08-18,8,6,1,summer,514,,,,
London,hour,2024-08-18 09:00:00,2024-08-18,9,6,1,summer,939,,,,
London,hour,2024-08-18 10:00:00,2024-08-18,10,6,1,summer,1490,,,,
London,hour,2024-08-18 11:00:00,2024-08-18,11,6,1,summer,1865,,,,
London,hour,2024-08-18 12:00:00,2024-08-18,12,6,1,summer,2051,,,,
London,hour,2024-08-18 13:00:00,2024-08-18,13,6,1,summer,2221,,,,
London,hour,2024-08-18 14:00:00,2024-08-18,14,6,1,summer,2268,,,,
London,hour,2024-08-18 15:00:00,2024-08-18,15,6,1,summer,2334,,,,
London,hour,2024-08-18 16:00:00,2024-08-18,16,6,1,summer,2402,,,,
London,hour,2024-08-18 17:00:00,2024-08-18,17,6,1,summer,2319,,,,
London,hour,2024-08-18 18:00:00,2024-08-18,18,6,1,summer,2150,,,,
London,hour,2024-08-18 19:00:00,2024-08-18,19,6,1,summer,1764,,,,
London,hour,2024-08-18 20:00:00,2024-08-18,20,6,1,summer,1253,,,,
London,hour,2024-08-18 21:00:00,2024-08-18,21,6,1,summer,739,,,,
London,hour,2024-08-18 22:00:00,2024-08-18,22,6,1,summer,669,,,,
London,hour,2024-08-18 23:00:00,2024-08-18,23,6,1,summer,353,,,,
London,hour,2024-08-19 00:00:00,2024-08-19,0,0,0,summer,185,,,,
London,hour,2024-08-19 01:00:00,2024-08-19,1,0,0,summer,93,,,,
London,hour,2024-08-19 02:00:00,2024-08-19,2,0,0,summer,50,,,,
London,hour,2024-08-19 03:00:00,2024-08-19,3,0,0,summer,59,,,,
London,hour,2024-08-19 04:00:00,2024-08-19,4,0,0,summer,58,,,,
London,hour,2024-08-19 05:00:00,2024-08-19,5,0,0,summer,148,,,,
London,hour,2024-08-19 06:00:00,2024-08-19,6,0,0,summer,602,,,,
London,hour,2024-08-19 07:00:00,2024-08-19,7,0,0,summer,1602,,,,
London,hour,2024-08-19 08:00:00,2024-08-19,8,0,0,summer,2868,,,,
London,hour,2024-08-19 09:00:00,2024-08-19,9,0,0,summer,1550,,,,
London,hour,2024-08-19 10:00:00,2024-08-19,10,0,0,summer,1084,,,,
London,hour,2024-08-19 11:00:00,2024-08-19,11,0,0,summer,1167,,,,
London,hour,2024-08-19 12:00:00,2024-08-19,12,0,0,summer,1433,,,,
London,hour,2024-08-19 13:00:00,2024-08-19,13,0,0,summer,1340,,,,
London,hour,2024-08-19 14:00:00,2024-08-19,14,0,0,summer,1313,,,,
London,hour,2024-08-19 15:00:00,2024-08-19,15,0,0,summer,1317,,,,
London,hour,2024-08-19 16:00:00,2024-08-19,16,0,0,summer,1887,,,,
London,hour,2024-08-19 17:00:00,2024-08-19,17,0,0,summer,3224,,,,
London,hour,2024-08-19 18:00:00,2024-08-19,18,0,0,summer,3116,,,,
London,hour,2024-08-19 19:00:00,2024-08-19,19,0,0,summer,2101,,,,
London,hour,2024-08-19 20:00:00,2024-08-19,20,0,0,summer,1085,,,,
London,hour,2024-08-19 21:00:00,2024-08-19,21,0,0,summer,733,,,,
London,hour,2024-08-19 22:00:00,2024-08-19,22,0,0,summer,602,,,,
London,hour,2024-08-19 23:00:00,2024-08-19,23,0,0,summer,334,,,,
London,hour,2024-08-20 00:00:00,2024-08-20,0,1,0,summer,155,,,,
London,hour,2024-08-20 01:00:00,2024-08-20,1,1,0,summer,69,,,,
London,hour,2024-08-20 02:00:00,2024-08-20,2,1,0,summer,38,,,,
London,hour,2024-08-20 03:00:00,2024-08-20,3,1,0,summer,30,,,,
London,hour,2024-08-20 04:00:00,2024-08-20,4,1,0,summer,51,,,,
London,hour,2024-08-20 05:00:00,2024-08-20,5,1,0,summer,150,,,,
London,hour,2024-08-20 06:00:00,2024-08-20,6,1,0,summer,714,,,,
London,hour,2024-08-20 07:00:00,2024-08-20,7,1,0,summer,1896,,,,
London,hour,2024-08-20 08:00:00,2024-08-20,8,1,0,summer,3512,,,,
London,hour,2024-08-20 09:00:00,2024-08-20,9,1,0,summer,1909,,,,
London,hour,2024-08-20 10:00:00,2024-08-20,10,1,0,summer,1167,,,,
London,hour,2024-08-20 11:00:00,2024-08-20,11,1,0,summer,1191,,,,
London,hour,2024-08-20 12:00:00,2024-08-20,12,1,0,summer,1374,,,,
London,hour,2024-08-20 13:00:00,2024-08-20,13,1,0,summer,1437,,,,
London,hour,2024-08-20 14:00:00,2024-08-20,14,1,0,summer,1392,,,,
London,hour,2024-08-20 15:00:00,2024-08-20,15,1,0,summer,1429,,,,
London,hour,2024-08-20 16:00:00,2024-08-20,16,1,0,summer,2192,,,,
London,hour,2024-08-20 17:00:00,2024-08-20,17,1,0,summer,3595,,,,
London,hour,2024-08-20 18:00:00,2024-08-20,18,1,0,summer,3499,,,,
London,hour,2024-08-20 19:00:00,2024-08-20,19,1,0,summer,2157,,,,
London,hour,2024-08-20 20:00:00,2024-08-20,20,1,0,summer,1407,,,,
London,hour,2024-08-20 21:00:00,2024-08-20,21,1,0,summer,933,,,,
London,hour,2024-08-20 22:00:00,2024-08-20,22,1,0,summer,613,,,,
London,hour,2024-08-20 23:00:00,2024-08-20,23,1,0,summer,348,,,,
London,hour,2024-08-21 00:00:00,2024-08-21,0,2,0,summer,163,,,,
London,hour,2024-08-21 01:00:00,2024-08-21,1,2,0,summer,58,,,,
London,hour,2024-08-21 02:00:00,2024-08-21,2,2,0,summer,38,,,,
London,hour,2024-08-21 03:00:00,2024-08-21,3,2,0,summer,36,,,,
London,hour,2024-08-21 04:00:00,2024-08-21,4,2,0,summer,50,,,,
London,hour,2024-08-21 05:00:00,2024-08-21,5,2,0,summer,154,,,,
London,hour,2024-08-21 06:00:00,2024-08-21,6,2,0,summer,691,,,,
London,hour,2024-08-21 07:00:00,2024-08-21,7,2,0,summer,1789,,,,
London,hour,2024-08-21 08:00:00,2024-08-21,8,2,0,summer,3303,,,,
London,hour,2024-08-21 09:00:00,2024-08-21,9,2,0,summer,1904,,,,
London,hour,2024-08-21 10:00:00,2024-08-21,10,2,0,summer,1098,,,,
London,hour,2024-08-21 11:00:00,2024-08-21,11,2,0,summer,1206,,,,
London,hour,2024-08-21 12:00:00,2024-08-21,12,2,0,summer,1330,,,,
London,hour,2024-08-21 13:00:00,2024-08-21,13,2,0,summer,1492,,,,
London,hour,2024-08-21 14:00:00,2024-08-21,14,2,0,summer,1332,,,,
London,hour,2024-08-21 15:00:00,2024-08-21,15,2,0,summer,1444,,,,
London,hour,2024-08-21 16:00:00,2024-08-21,16,2,0,summer,1860,,,,
London,hour,2024-08-21 17:00:00,2024-08-21,17,2,0,summer,3559,,,,
London,hour,2024-08-21 18:00:00,2024-08-21,18,2,0,summer,3192,,,,
London,hour,2024-08-21 19:00:00,2024-08-21,19,2,0,summer,2009,,,,
London,hour,2024-08-21 20:00:00,2024-08-21,20,2,0,summer,1301,,,,
London,hour,2024-08-21 21:00:00,2024-08-21,21,2,0,summer,964,,,,
London,hour,2024-08-21 22:00:00,2024-08-21,22,2,0,summer,755,,,,
London,hour,2024-08-21 23:00:00,2024-08-21,23,2,0,summer,375,,,,
London,hour,2024-08-22 00:00:00,2024-08-22,0,3,0,summer,166,,,,
London,hour,2024-08-22 01:00:00,2024-08-22,1,3,0,summer,108,,,,
London,hour,2024-08-22 02:00:00,2024-08-22,2,3,0,summer,32,,,,
London,hour,2024-08-22 03:00:00,2024-08-22,3,3,0,summer,30,,,,
London,hour,2024-08-22 04:00:00,2024-08-22,4,3,0,summer,42,,,,
London,hour,2024-08-22 05:00:00,2024-08-22,5,3,0,summer,150,,,,
London,hour,2024-08-22 06:00:00,2024-08-22,6,3,0,summer,608,,,,
London,hour,2024-08-22 07:00:00,2024-08-22,7,3,0,summer,1365,,,,
London,hour,2024-08-22 08:00:00,2024-08-22,8,3,0,summer,2430,,,,
London,hour,2024-08-22 09:00:00,2024-08-22,9,3,0,summer,1621,,,,
London,hour,2024-08-22 10:00:00,2024-08-22,10,3,0,summer,1025,,,,
London,hour,2024-08-22 11:00:00,2024-08-22,11,3,0,summer,938,,,,
London,hour,2024-08-22 12:00:00,2024-08-22,12,3,0,summer,1106,,,,
London,hour,2024-08-22 13:00:00,2024-08-22,13,3,0,summer,1117,,,,
London,hour,2024-08-22 14:00:00,2024-08-22,14,3,0,summer,1143,,,,
London,hour,2024-08-22 15:00:00,2024-08-22,15,3,0,summer,1172,,,,
London,hour,2024-08-22 16:00:00,2024-08-22,16,3,0,summer,1626,,,,
London,hour,2024-08-22 17:00:00,2024-08-22,17,3,0,summer,2931,,,,
London,hour,2024-08-22 18:00:00,2024-08-22,18,3,0,summer,2468,,,,
London,hour,2024-08-22 19:00:00,2024-08-22,19,3,0,summer,1637,,,,
London,hour,2024-08-22 20:00:00,2024-08-22,20,3,0,summer,1157,,,,
London,hour,2024-08-22 21:00:00,2024-08-22,21,3,0,summer,920,,,,
London,hour,2024-08-22 22:00:00,2024-08-22,22,3,0,summer,813,,,,
London,hour,2024-08-22 23:00:00,2024-08-22,23,3,0,summer,482,,,,
London,hour,2024-08-23 00:00:00,2024-08-23,0,4,0,summer,217,,,,
London,hour,2024-08-23 01:00:00,2024-08-23,1,4,0,summer,139,,,,
London,hour,2024-08-23 02:00:00,2024-08-23,2,4,0,summer,68,,,,
London,hour,2024-08-23 03:00:00,2024-08-23,3,4,0,summer,35,,,,
London,hour,2024-08-23 04:00:00,2024-08-23,4,4,0,summer,54,,,,
London,hour,2024-08-23 05:00:00,2024-08-23,5,4,0,summer,103,,,,
London,hour,2024-08-23 06:00:00,2024-08-23,6,4,0,summer,384,,,,
London,hour,2024-08-23 07:00:00,2024-08-23,7,4,0,summer,783,,,,
London,hour,2024-08-23 08:00:00,2024-08-23,8,4,0,summer,1663,,,,
London,hour,2024-08-23 09:00:00,2024-08-23,9,4,0,summer,1321,,,,
London,hour,2024-08-23 10:00:00,2024-08-23,10,4,0,summer,1074,,,,
London,hour,2024-08-23 11:00:00,2024-08-23,11,4,0,summer,1170,,,,
London,hour,2024-08-23 12:00:00,2024-08-23,12,4,0,summer,1389,,,,
London,hour,2024-08-23 13:00:00,2024-08-23,13,4,0,summer,1513,,,,
London,hour,2024-08-23 14:00:00,2024-08-23,14,4,0,summer,1515,,,,
London,hour,2024-08-23 15:00:00,2024-08-23,15,4,0,summer,1718,,,,
London,hour,2024-08-23 16:00:00,2024-08-23,16,4,0,summer,2077,,,,
London,hour,2024-08-23 17:00:00,2024-08-23,17,4,0,summer,2639,,,,
London,hour,2024-08-23 18:00:00,2024-08-23,18,4,0,summer,2440,,,,
London,hour,2024-08-23 19:00:00,2024-08-23,19,4,0,summer,1865,,,,
London,hour,2024-08-23 20:00:00,2024-08-23,20,4,0,summer,1249,,,,
London,hour,2024-08-23 21:00:00,2024-08-23,21,4,0,summer,825,,,,
London,hour,2024-08-23 22:00:00,2024-08-23,22,4,0,summer,811,,,,
London,hour,2024-08-23 23:00:00,2024-08-23,23,4,0,summer,688,,,,
London,hour,2024-08-24 00:00:00,2024-08-24,0,5,1,summer,397,,,,
London,hour,2024-08-24 01:00:00,2024-08-24,1,5,1,summer,258,,,,
London,hour,2024-08-24 02:00:00,2024-08-24,2,5,1,summer,138,,,,
London,hour,2024-08-24 03:00:00,2024-08-24,3,5,1,summer,76,,,,
London,hour,2024-08-24 04:00:00,2024-08-24,4,5,1,summer,63,,,,
London,hour,2024-08-24 05:00:00,2024-08-24,5,5,1,summer,63,,,,
London,hour,2024-08-24 06:00:00,2024-08-24,6,5,1,summer,128,,,,
London,hour,2024-08-24 07:00:00,2024-08-24,7,5,1,summer,195,,,,
London,hour,2024-08-24 08:00:00,2024-08-24,8,5,1,summer,364,,,,
London,hour,2024-08-24 09:00:00,2024-08-24,9,5,1,summer,445,,,,
London,hour,2024-08-24 10:00:00,2024-08-24,10,5,1,summer,415,,,,
London,hour,2024-08-24 11:00:00,2024-08-24,11,5,1,summer,389,,,,
London,hour,2024-08-24 12:00:00,2024-08-24,12,5,1,summer,418,,,,
London,hour,2024-08-24 13:00:00,2024-08-24,13,5,1,summer,650,,,,
London,hour,2024-08-24 14:00:00,2024-08-24,14,5,1,summer,685,,,,
London,hour,2024-08-24 15:00:00,2024-08-24,15,5,1,summer,654,,,,
London,hour,2024-08-24 16:00:00,2024-08-24,16,5,1,summer,843,,,,
London,hour,2024-08-24 17:00:00,2024-08-24,17,5,1,summer,1222,,,,
London,hour,2024-08-24 18:00:00,2024-08-24,18,5,1,summer,585,,,,
London,hour,2024-08-24 19:00:00,2024-08-24,19,5,1,summer,775,,,,
London,hour,2024-08-24 20:00:00,2024-08-24,20,5,1,summer,695,,,,
London,hour,2024-08-24 21:00:00,2024-08-24,21,5,1,summer,512,,,,
London,hour,2024-08-24 22:00:00,2024-08-24,22,5,1,summer,534,,,,
London,hour,2024-08-24 23:00:00,2024-08-24,23,5,1,summer,458,,,,
London,hour,2024-08-25 00:00:00,2024-08-25,0,6,1,summer,289,,,,
London,hour,2024-08-25 01:00:00,2024-08-25,1,6,1,summer,216,,,,
London,hour,2024-08-25 02:00:00,2024-08-25,2,6,1,summer,132,,,,
London,hour,2024-08-25 03:00:00,2024-08-25,3,6,1,summer,106,,,,
London,hour,2024-08-25 04:00:00,2024-08-25,4,6,1,summer,53,,,,
London,hour,2024-08-25 05:00:00,2024-08-25,5,6,1,summer,59,,,,
London,hour,2024-08-25 06:00:00,2024-08-25,6,6,1,summer,131,,,,
London,hour,2024-08-25 07:00:00,2024-08-25,7,6,1,summer,233,,,,
London,hour,2024-08-25 08:00:00,2024-08-25,8,6,1,summer,427,,,,
London,hour,2024-08-25 09:00:00,2024-08-25,9,6,1,summer,764,,,,
London,hour,2024-08-25 10:00:00,2024-08-25,10,6,1,summer,1275,,,,
London,hour,2024-08-25 11:00:00,2024-08-25,11,6,1,summer,1567,,,,
London,hour,2024-08-25 12:00:00,2024-08-25,12,6,1,summer,1865,,,,
London,hour,2024-08-25 13:00:00,2024-08-25,13,6,1,summer,2005,,,,
London,hour,2024-08-25 14:00:00,2024-08-25,14,6,1,summer,1785,,,,
London,hour,2024-08-25 15:00:00,2024-08-25,15,6,1,summer,1828,,,,
London,hour,2024-08-25 16:00:00,2024-08-25,16,6,1,summer,1997,,,,
London,hour,2024-08-25 17:00:00,2024-08-25,17,6,1,summer,1712,,,,
London,hour,2024-08-25 18:00:00,2024-08-25,18,6,1,summer,1671,,,,
London,hour,2024-08-25 19:00:00,2024-08-25,19,6,1,summer,1252,,,,
London,hour,2024-08-25 20:00:00,2024-08-25,20,6,1,summer,884,,,,
London,hour,2024-08-25 21:00:00,2024-08-25,21,6,1,summer,676,,,,
London,hour,2024-08-25 22:00:00,2024-08-25,22,6,1,summer,623,,,,
London,hour,2024-08-25 23:00:00,2024-08-25,23,6,1,summer,419,,,,
London,hour,2024-08-26 00:00:00,2024-08-26,0,0,0,summer,321,,,,
London,hour,2024-08-26 01:00:00,2024-08-26,1,0,0,summer,190,,,,
London,hour,2024-08-26 02:00:00,2024-08-26,2,0,0,summer,121,,,,
London,hour,2024-08-26 03:00:00,2024-08-26,3,0,0,summer,72,,,,
London,hour,2024-08-26 04:00:00,2024-08-26,4,0,0,summer,63,,,,
London,hour,2024-08-26 05:00:00,2024-08-26,5,0,0,summer,60,,,,
London,hour,2024-08-26 06:00:00,2024-08-26,6,0,0,summer,162,,,,
London,hour,2024-08-26 07:00:00,2024-08-26,7,0,0,summer,297,,,,
London,hour,2024-08-26 08:00:00,2024-08-26,8,0,0,summer,525,,,,
London,hour,2024-08-26 09:00:00,2024-08-26,9,0,0,summer,819,,,,
London,hour,2024-08-26 10:00:00,2024-08-26,10,0,0,summer,1137,,,,
London,hour,2024-08-26 11:00:00,2024-08-26,11,0,0,summer,1376,,,,
London,hour,2024-08-26 12:00:00,2024-08-26,12,0,0,summer,1705,,,,
London,hour,2024-08-26 13:00:00,2024-08-26,13,0,0,summer,1891,,,,
London,hour,2024-08-26 14:00:00,2024-08-26,14,0,0,summer,1958,,,,
London,hour,2024-08-26 15:00:00,2024-08-26,15,0,0,summer,1994,,,,
London,hour,2024-08-26 16:00:00,2024-08-26,16,0,0,summer,1993,,,,
London,hour,2024-08-26 17:00:00,2024-08-26,17,0,0,summer,1915,,,,
London,hour,2024-08-26 18:00:00,2024-08-26,18,0,0,summer,1764,,,,
London,hour,2024-08-26 19:00:00,2024-08-26,19,0,0,summer,1412,,,,
London,hour,2024-08-26 20:00:00,2024-08-26,20,0,0,summer,1047,,,,
London,hour,2024-08-26 21:00:00,2024-08-26,21,0,0,summer,703,,,,
London,hour,2024-08-26 22:00:00,2024-08-26,22,0,0,summer,536,,,,
London,hour,2024-08-26 23:00:00,2024-08-26,23,0,0,summer,321,,,,
London,hour,2024-08-27 00:00:00,2024-08-27,0,1,0,summer,193,,,,
London,hour,2024-08-27 01:00:00,2024-08-27,1,1,0,summer,130,,,,
London,hour,2024-08-27 02:00:00,2024-08-27,2,1,0,summer,64,,,,
London,hour,2024-08-27 03:00:00,2024-08-27,3,1,0,summer,30,,,,
London,hour,2024-08-27 04:00:00,2024-08-27,4,1,0,summer,69,,,,
London,hour,2024-08-27 05:00:00,2024-08-27,5,1,0,summer,136,,,,
London,hour,2024-08-27 06:00:00,2024-08-27,6,1,0,summer,618,,,,
London,hour,2024-08-27 07:00:00,2024-08-27,7,1,0,summer,1642,,,,
London,hour,2024-08-27 08:00:00,2024-08-27,8,1,0,summer,2934,,,,
London,hour,2024-08-27 09:00:00,2024-08-27,9,1,0,summer,1713,,,,
London,hour,2024-08-27 10:00:00,2024-08-27,10,1,0,summer,1023,,,,
London,hour,2024-08-27 11:00:00,2024-08-27,11,1,0,summer,1154,,,,
London,hour,2024-08-27 12:00:00,2024-08-27,12,1,0,summer,1301,,,,
London,hour,2024-08-27 13:00:00,2024-08-27,13,1,0,summer,1314,,,,
London,hour,2024-08-27 14:00:00,2024-08-27,14,1,0,summer,1347,,,,
London,hour,2024-08-27 15:00:00,2024-08-27,15,1,0,summer,1464,,,,
London,hour,2024-08-27 16:00:00,2024-08-27,16,1,0,summer,1980,,,,
London,hour,2024-08-27 17:00:00,2024-08-27,17,1,0,summer,3551,,,,
London,hour,2024-08-27 18:00:00,2024-08-27,18,1,0,summer,3635,,,,
London,hour,2024-08-27 19:00:00,2024-08-27,19,1,0,summer,2194,,,,
London,hour,2024-08-27 20:00:00,2024-08-27,20,1,0,summer,1337,,,,
London,hour,2024-08-27 21:00:00,2024-08-27,21,1,0,summer,923,,,,
London,hour,2024-08-27 22:00:00,2024-08-27,22,1,0,summer,659,,,,
London,hour,2024-08-27 23:00:00,2024-08-27,23,1,0,summer,351,,,,
London,hour,2024-08-28 00:00:00,2024-08-28,0,2,0,summer,151,,,,
London,hour,2024-08-28 01:00:00,2024-08-28,1,2,0,summer,81,,,,
London,hour,2024-08-28 02:00:00,2024-08-28,2,2,0,summer,51,,,,
London,hour,2024-08-28 03:00:00,2024-08-28,3,2,0,summer,36,,,,
London,hour,2024-08-28 04:00:00,2024-08-28,4,2,0,summer,41,,,,
London,hour,2024-08-28 05:00:00,2024-08-28,5,2,0,summer,144,,,,
London,hour,2024-08-28 06:00:00,2024-08-28,6,2,0,summer,684,,,,
London,hour,2024-08-28 07:00:00,2024-08-28,7,2,0,summer,1830,,,,
London,hour,2024-08-28 08:00:00,2024-08-28,8,2,0,summer,3335,,,,
London,hour,2024-08-28 09:00:00,2024-08-28,9,2,0,summer,1837,,,,
London,hour,2024-08-28 10:00:00,2024-08-28,10,2,0,summer,1179,,,,
London,hour,2024-08-28 11:00:00,2024-08-28,11,2,0,summer,1135,,,,
London,hour,2024-08-28 12:00:00,2024-08-28,12,2,0,summer,1357,,,,
London,hour,2024-08-28 13:00:00,2024-08-28,13,2,0,summer,1346,,,,
London,hour,2024-08-28 14:00:00,2024-08-28,14,2,0,summer,1421,,,,
London,hour,2024-08-28 15:00:00,2024-08-28,15,2,0,summer,1514,,,,
London,hour,2024-08-28 16:00:00,2024-08-28,16,2,0,summer,2094,,,,
London,hour,2024-08-28 17:00:00,2024-08-28,17,2,0,summer,3727,,,,
London,hour,2024-08-28 18:00:00,2024-08-28,18,2,0,summer,3516,,,,
London,hour,2024-08-28 19:00:00,2024-08-28,19,2,0,summer,2231,,,,
London,hour,2024-08-28 20:00:00,2024-08-28,20,2,0,summer,1502,,,,
London,hour,2024-08-28 21:00:00,2024-08-28,21,2,0,summer,1009,,,,
London,hour,2024-08-28 22:00:00,2024-08-28,22,2,0,summer,745,,,,
London,hour,2024-08-28 23:00:00,2024-08-28,23,2,0,summer,423,,,,
London,hour,2024-08-29 00:00:00,2024-08-29,0,3,0,summer,199,,,,
London,hour,2024-08-29 01:00:00,2024-08-29,1,3,0,summer,96,,,,
London,hour,2024-08-29 02:00:00,2024-08-29,2,3,0,summer,39,,,,
London,hour,2024-08-29 03:00:00,2024-08-29,3,3,0,summer,43,,,,
London,hour,2024-08-29 04:00:00,2024-08-29,4,3,0,summer,57,,,,
London,hour,2024-08-29 05:00:00,2024-08-29,5,3,0,summer,152,,,,
London,hour,2024-08-29 06:00:00,2024-08-29,6,3,0,summer,701,,,,
London,hour,2024-08-29 07:00:00,2024-08-29,7,3,0,summer,1903,,,,
London,hour,2024-08-29 08:00:00,2024-08-29,8,3,0,summer,3387,,,,
London,hour,2024-08-29 09:00:00,2024-08-29,9,3,0,summer,1904,,,,
London,hour,2024-08-29 10:00:00,2024-08-29,10,3,0,summer,1231,,,,
London,hour,2024-08-29 11:00:00,2024-08-29,11,3,0,summer,1177,,,,
London,hour,2024-08-29 12:00:00,2024-08-29,12,3,0,summer,1369,,,,
London,hour,2024-08-29 13:00:00,2024-08-29,13,3,0,summer,1376,,,,
London,hour,2024-08-29 14:00:00,2024-08-29,14,3,0,summer,1414,,,,
London,hour,2024-08-29 15:00:00,2024-08-29,15,3,0,summer,1482,,,,
London,hour,2024-08-29 16:00:00,2024-08-29,16,3,0,summer,2006,,,,
London,hour,2024-08-29 17:00:00,2024-08-29,17,3,0,summer,3410,,,,
London,hour,2024-08-29 18:00:00,2024-08-29,18,3,0,summer,3411,,,,
London,hour,2024-08-29 19:00:00,2024-08-29,19,3,0,summer,2188,,,,
London,hour,2024-08-29 20:00:00,2024-08-29,20,3,0,summer,1405,,,,
London,hour,2024-08-29 21:00:00,2024-08-29,21,3,0,summer,1023,,,,
London,hour,2024-08-29 22:00:00,2024-08-29,22,3,0,summer,771,,,,
London,hour,2024-08-29 23:00:00,2024-08-29,23,3,0,summer,527,,,,
London,hour,2024-08-30 00:00:00,2024-08-30,0,4,0,summer,214,,,,
London,hour,2024-08-30 01:00:00,2024-08-30,1,4,0,summer,121,,,,
London,hour,2024-08-30 02:00:00,2024-08-30,2,4,0,summer,75,,,,
London,hour,2024-08-30 03:00:00,2024-08-30,3,4,0,summer,91,,,,
London,hour,2024-08-30 04:00:00,2024-08-30,4,4,0,summer,70,,,,
London,hour,2024-08-30 05:00:00,2024-08-30,5,4,0,summer,179,,,,
London,hour,2024-08-30 06:00:00,2024-08-30,6,4,0,summer,554,,,,
London,hour,2024-08-30 07:00:00,2024-08-30,7,4,0,summer,1370,,,,
London,hour,2024-08-30 08:00:00,2024-08-30,8,4,0,summer,2263,,,,
London,hour,2024-08-30 09:00:00,2024-08-30,9,4,0,summer,1614,,,,
London,hour,2024-08-30 10:00:00,2024-08-30,10,4,0,summer,1134,,,,
London,hour,2024-08-30 11:00:00,2024-08-30,11,4,0,summer,1258,,,,
London,hour,2024-08-30 12:00:00,2024-08-30,12,4,0,summer,1492,,,,
London,hour,2024-08-30 13:00:00,2024-08-30,13,4,0,summer,1631,,,,
London,hour,2024-08-30 14:00:00,2024-08-30,14,4,0,summer,1546,,,,
London,hour,2024-08-30 15:00:00,2024-08-30,15,4,0,summer,1693,,,,
London,hour,2024-08-30 16:00:00,2024-08-30,16,4,0,summer,2082,,,,
London,hour,2024-08-30 17:00:00,2024-08-30,17,4,0,summer,2985,,,,
London,hour,2024-08-30 18:00:00,2024-08-30,18,4,0,summer,2809,,,,
London,hour,2024-08-30 19:00:00,2024-08-30,19,4,0,summer,2005,,,,
London,hour,2024-08-30 20:00:00,2024-08-30,20,4,0,summer,1269,,,,
London,hour,2024-08-30 21:00:00,2024-08-30,21,4,0,summer,844,,,,
London,hour,2024-08-30 22:00:00,2024-08-30,22,4,0,summer,793,,,,
London,hour,2024-08-30 23:00:00,2024-08-30,23,4,0,summer,564,,,,
London,hour,2024-08-31 00:00:00,2024-08-31,0,5,1,summer,393,,,,
London,hour,2024-08-31 01:00:00,2024-08-31,1,5,1,summer,234,,,,
London,hour,2024-08-31 02:00:00,2024-08-31,2,5,1,summer,146,,,,
London,hour,2024-08-31 03:00:00,2024-08-31,3,5,1,summer,107,,,,
London,hour,2024-08-31 04:00:00,2024-08-31,4,5,1,summer,70,,,,
London,hour,2024-08-31 05:00:00,2024-08-31,5,5,1,summer,84,,,,
London,hour,2024-08-31 06:00:00,2024-08-31,6,5,1,summer,159,,,,
London,hour,2024-08-31 07:00:00,2024-08-31,7,5,1,summer,410,,,,
London,hour,2024-08-31 08:00:00,2024-08-31,8,5,1,summer,760,,,,
London,hour,2024-08-31 09:00:00,2024-08-31,9,5,1,summer,1063,,,,
London,hour,2024-08-31 10:00:00,2024-08-31,10,5,1,summer,1485,,,,
London,hour,2024-08-31 11:00:00,2024-08-31,11,5,1,summer,1677,,,,
London,hour,2024-08-31 12:00:00,2024-08-31,12,5,1,summer,1947,,,,
London,hour,2024-08-31 13:00:00,2024-08-31,13,5,1,summer,1892,,,,
London,hour,2024-08-31 14:00:00,2024-08-31,14,5,1,summer,1953,,,,
London,hour,2024-08-31 15:00:00,2024-08-31,15,5,1,summer,1963,,,,
London,hour,2024-08-31 16:00:00,2024-08-31,16,5,1,summer,1852,,,,
London,hour,2024-08-31 17:00:00,2024-08-31,17,5,1,summer,1834,,,,
London,hour,2024-08-31 18:00:00,2024-08-31,18,5,1,summer,1708,,,,
London,hour,2024-08-31 19:00:00,2024-08-31,19,5,1,summer,1379,,,,
London,hour,2024-08-31 20:00:00,2024-08-31,20,5,1,summer,988,,,,
London,hour,2024-08-31 21:00:00,2024-08-31,21,5,1,summer,796,,,,
London,hour,2024-08-31 22:00:00,2024-08-31,22,5,1,summer,725,,,,
London,hour,2024-08-31 23:00:00,2024-08-31,23,5,1,summer,581,,,,
London,hour,2024-09-01 00:00:00,2024-09-01,0,6,1,fall,449,,,,
London,hour,2024-09-01 01:00:00,2024-09-01,1,6,1,fall,287,,,,
London,hour,2024-09-01 02:00:00,2024-09-01,2,6,1,fall,178,,,,
London,hour,2024-09-01 03:00:00,2024-09-01,3,6,1,fall,108,,,,
London,hour,2024-09-01 04:00:00,2024-09-01,4,6,1,fall,78,,,,
London,hour,2024-09-01 05:00:00,2024-09-01,5,6,1,fall,73,,,,
London,hour,2024-09-01 06:00:00,2024-09-01,6,6,1,fall,125,,,,
London,hour,2024-09-01 07:00:00,2024-09-01,7,6,1,fall,338,,,,
London,hour,2024-09-01 08:00:00,2024-09-01,8,6,1,fall,568,,,,
London,hour,2024-09-01 09:00:00,2024-09-01,9,6,1,fall,874,,,,
London,hour,2024-09-01 10:00:00,2024-09-01,10,6,1,fall,1489,,,,
London,hour,2024-09-01 11:00:00,2024-09-01,11,6,1,fall,1665,,,,
London,hour,2024-09-01 12:00:00,2024-09-01,12,6,1,fall,2135,,,,
London,hour,2024-09-01 13:00:00,2024-09-01,13,6,1,fall,2239,,,,
London,hour,2024-09-01 14:00:00,2024-09-01,14,6,1,fall,2189,,,,
London,hour,2024-09-01 15:00:00,2024-09-01,15,6,1,fall,2291,,,,
London,hour,2024-09-01 16:00:00,2024-09-01,16,6,1,fall,2252,,,,
London,hour,2024-09-01 17:00:00,2024-09-01,17,6,1,fall,2177,,,,
London,hour,2024-09-01 18:00:00,2024-09-01,18,6,1,fall,2120,,,,
London,hour,2024-09-01 19:00:00,2024-09-01,19,6,1,fall,1571,,,,
London,hour,2024-09-01 20:00:00,2024-09-01,20,6,1,fall,982,,,,
London,hour,2024-09-01 21:00:00,2024-09-01,21,6,1,fall,697,,,,
London,hour,2024-09-01 22:00:00,2024-09-01,22,6,1,fall,537,,,,
London,hour,2024-09-01 23:00:00,2024-09-01,23,6,1,fall,332,,,,
London,hour,2024-09-02 00:00:00,2024-09-02,0,0,0,fall,175,,,,
London,hour,2024-09-02 01:00:00,2024-09-02,1,0,0,fall,67,,,,
London,hour,2024-09-02 02:00:00,2024-09-02,2,0,0,fall,61,,,,
London,hour,2024-09-02 03:00:00,2024-09-02,3,0,0,fall,42,,,,
London,hour,2024-09-02 04:00:00,2024-09-02,4,0,0,fall,46,,,,
London,hour,2024-09-02 05:00:00,2024-09-02,5,0,0,fall,176,,,,
London,hour,2024-09-02 06:00:00,2024-09-02,6,0,0,fall,659,,,,
London,hour,2024-09-02 07:00:00,2024-09-02,7,0,0,fall,1805,,,,
London,hour,2024-09-02 08:00:00,2024-09-02,8,0,0,fall,3109,,,,
London,hour,2024-09-02 09:00:00,2024-09-02,9,0,0,fall,1546,,,,
London,hour,2024-09-02 10:00:00,2024-09-02,10,0,0,fall,959,,,,
London,hour,2024-09-02 11:00:00,2024-09-02,11,0,0,fall,859,,,,
London,hour,2024-09-02 12:00:00,2024-09-02,12,0,0,fall,923,,,,
London,hour,2024-09-02 13:00:00,2024-09-02,13,0,0,fall,1065,,,,
London,hour,2024-09-02 14:00:00,2024-09-02,14,0,0,fall,946,,,,
London,hour,2024-09-02 15:00:00,2024-09-02,15,0,0,fall,1112,,,,
London,hour,2024-09-02 16:00:00,2024-09-02,16,0,0,fall,1757,,,,
London,hour,2024-09-02 17:00:00,2024-09-02,17,0,0,fall,3290,,,,
London,hour,2024-09-02 18:00:00,2024-09-02,18,0,0,fall,3200,,,,
London,hour,2024-09-02 19:00:00,2024-09-02,19,0,0,fall,1889,,,,
London,hour,2024-09-02 20:00:00,2024-09-02,20,0,0,fall,1140,,,,
London,hour,2024-09-02 21:00:00,2024-09-02,21,0,0,fall,806,,,,
London,hour,2024-09-02 22:00:00,2024-09-02,22,0,0,fall,624,,,,
London,hour,2024-09-02 23:00:00,2024-09-02,23,0,0,fall,279,,,,
London,hour,2024-09-03 00:00:00,2024-09-03,0,1,0,fall,136,,,,
London,hour,2024-09-03 01:00:00,2024-09-03,1,1,0,fall,58,,,,
London,hour,2024-09-03 02:00:00,2024-09-03,2,1,0,fall,32,,,,
London,hour,2024-09-03 03:00:00,2024-09-03,3,1,0,fall,27,,,,
London,hour,2024-09-03 04:00:00,2024-09-03,4,1,0,fall,50,,,,
London,hour,2024-09-03 05:00:00,2024-09-03,5,1,0,fall,193,,,,
London,hour,2024-09-03 06:00:00,2024-09-03,6,1,0,fall,717,,,,
London,hour,2024-09-03 07:00:00,2024-09-03,7,1,0,fall,2125,,,,
London,hour,2024-09-03 08:00:00,2024-09-03,8,1,0,fall,3689,,,,
London,hour,2024-09-03 09:00:00,2024-09-03,9,1,0,fall,1795,,,,
London,hour,2024-09-03 10:00:00,2024-09-03,10,1,0,fall,1051,,,,
London,hour,2024-09-03 11:00:00,2024-09-03,11,1,0,fall,1046,,,,
London,hour,2024-09-03 12:00:00,2024-09-03,12,1,0,fall,1217,,,,
London,hour,2024-09-03 13:00:00,2024-09-03,13,1,0,fall,1301,,,,
London,hour,2024-09-03 14:00:00,2024-09-03,14,1,0,fall,1259,,,,
London,hour,2024-09-03 15:00:00,2024-09-03,15,1,0,fall,1387,,,,
London,hour,2024-09-03 16:00:00,2024-09-03,16,1,0,fall,2011,,,,
London,hour,2024-09-03 17:00:00,2024-09-03,17,1,0,fall,3866,,,,
London,hour,2024-09-03 18:00:00,2024-09-03,18,1,0,fall,3721,,,,
London,hour,2024-09-03 19:00:00,2024-09-03,19,1,0,fall,2281,,,,
London,hour,2024-09-03 20:00:00,2024-09-03,20,1,0,fall,1397,,,,
London,hour,2024-09-03 21:00:00,2024-09-03,21,1,0,fall,1051,,,,
London,hour,2024-09-03 22:00:00,2024-09-03,22,1,0,fall,696,,,,
London,hour,2024-09-03 23:00:00,2024-09-03,23,1,0,fall,349,,,,
London,hour,2024-09-04 00:00:00,2024-09-04,0,2,0,fall,143,,,,
London,hour,2024-09-04 01:00:00,2024-09-04,1,2,0,fall,82,,,,
London,hour,2024-09-04 02:00:00,2024-09-04,2,2,0,fall,39,,,,
London,hour,2024-09-04 03:00:00,2024-09-04,3,2,0,fall,16,,,,
London,hour,2024-09-04 04:00:00,2024-09-04,4,2,0,fall,50,,,,
London,hour,2024-09-04 05:00:00,2024-09-04,5,2,0,fall,180,,,,
London,hour,2024-09-04 06:00:00,2024-09-04,6,2,0,fall,776,,,,
London,hour,2024-09-04 07:00:00,2024-09-04,7,2,0,fall,2148,,,,
London,hour,2024-09-04 08:00:00,2024-09-04,8,2,0,fall,3904,,,,
London,hour,2024-09-04 09:00:00,2024-09-04,9,2,0,fall,2078,,,,
London,hour,2024-09-04 10:00:00,2024-09-04,10,2,0,fall,1109,,,,
London,hour,2024-09-04 11:00:00,2024-09-04,11,2,0,fall,1134,,,,
London,hour,2024-09-04 12:00:00,2024-09-04,12,2,0,fall,1309,,,,
London,hour,2024-09-04 13:00:00,2024-09-04,13,2,0,fall,1269,,,,
London,hour,2024-09-04 14:00:00,2024-09-04,14,2,0,fall,1255,,,,
London,hour,2024-09-04 15:00:00,2024-09-04,15,2,0,fall,1432,,,,
London,hour,2024-09-04 16:00:00,2024-09-04,16,2,0,fall,1894,,,,
London,hour,2024-09-04 17:00:00,2024-09-04,17,2,0,fall,3507,,,,
London,hour,2024-09-04 18:00:00,2024-09-04,18,2,0,fall,3399,,,,
London,hour,2024-09-04 19:00:00,2024-09-04,19,2,0,fall,2035,,,,
London,hour,2024-09-04 20:00:00,2024-09-04,20,2,0,fall,1241,,,,
London,hour,2024-09-04 21:00:00,2024-09-04,21,2,0,fall,846,,,,
London,hour,2024-09-04 22:00:00,2024-09-04,22,2,0,fall,705,,,,
London,hour,2024-09-04 23:00:00,2024-09-04,23,2,0,fall,403,,,,
London,hour,2024-09-05 00:00:00,2024-09-05,0,3,0,fall,144,,,,
London,hour,2024-09-05 01:00:00,2024-09-05,1,3,0,fall,53,,,,
London,hour,2024-09-05 02:00:00,2024-09-05,2,3,0,fall,31,,,,
London,hour,2024-09-05 03:00:00,2024-09-05,3,3,0,fall,39,,,,
London,hour,2024-09-05 04:00:00,2024-09-05,4,3,0,fall,50,,,,
London,hour,2024-09-05 05:00:00,2024-09-05,5,3,0,fall,143,,,,
London,hour,2024-09-05 06:00:00,2024-09-05,6,3,0,fall,705,,,,
London,hour,2024-09-05 07:00:00,2024-09-05,7,3,0,fall,1893,,,,
London,hour,2024-09-05 08:00:00,2024-09-05,8,3,0,fall,2424,,,,
London,hour,2024-09-05 09:00:00,2024-09-05,9,3,0,fall,1123,,,,
London,hour,2024-09-05 10:00:00,2024-09-05,10,3,0,fall,566,,,,
London,hour,2024-09-05 11:00:00,2024-09-05,11,3,0,fall,637,,,,
London,hour,2024-09-05 12:00:00,2024-09-05,12,3,0,fall,892,,,,
London,hour,2024-09-05 13:00:00,2024-09-05,13,3,0,fall,948,,,,
London,hour,2024-09-05 14:00:00,2024-09-05,14,3,0,fall,695,,,,
London,hour,2024-09-05 15:00:00,2024-09-05,15,3,0,fall,907,,,,
London,hour,2024-09-05 16:00:00,2024-09-05,16,3,0,fall,1367,,,,
London,hour,2024-09-05 17:00:00,2024-09-05,17,3,0,fall,2698,,,,
London,hour,2024-09-05 18:00:00,2024-09-05,18,3,0,fall,2743,,,,
London,hour,2024-09-05 19:00:00,2024-09-05,19,3,0,fall,1681,,,,
London,hour,2024-09-05 20:00:00,2024-09-05,20,3,0,fall,1018,,,,
London,hour,2024-09-05 21:00:00,2024-09-05,21,3,0,fall,733,,,,
London,hour,2024-09-05 22:00:00,2024-09-05,22,3,0,fall,549,,,,
London,hour,2024-09-05 23:00:00,2024-09-05,23,3,0,fall,325,,,,
London,hour,2024-09-06 00:00:00,2024-09-06,0,4,0,fall,172,,,,
London,hour,2024-09-06 01:00:00,2024-09-06,1,4,0,fall,111,,,,
London,hour,2024-09-06 02:00:00,2024-09-06,2,4,0,fall,52,,,,
London,hour,2024-09-06 03:00:00,2024-09-06,3,4,0,fall,26,,,,
London,hour,2024-09-06 04:00:00,2024-09-06,4,4,0,fall,55,,,,
London,hour,2024-09-06 05:00:00,2024-09-06,5,4,0,fall,127,,,,
London,hour,2024-09-06 06:00:00,2024-09-06,6,4,0,fall,473,,,,
London,hour,2024-09-06 07:00:00,2024-09-06,7,4,0,fall,1260,,,,
London,hour,2024-09-06 08:00:00,2024-09-06,8,4,0,fall,2390,,,,
London,hour,2024-09-06 09:00:00,2024-09-06,9,4,0,fall,1445,,,,
London,hour,2024-09-06 10:00:00,2024-09-06,10,4,0,fall,1029,,,,
London,hour,2024-09-06 11:00:00,2024-09-06,11,4,0,fall,1032,,,,
London,hour,2024-09-06 12:00:00,2024-09-06,12,4,0,fall,1185,,,,
London,hour,2024-09-06 13:00:00,2024-09-06,13,4,0,fall,1308,,,,
London,hour,2024-09-06 14:00:00,2024-09-06,14,4,0,fall,1257,,,,
London,hour,2024-09-06 15:00:00,2024-09-06,15,4,0,fall,1354,,,,
London,hour,2024-09-06 16:00:00,2024-09-06,16,4,0,fall,1816,,,,
London,hour,2024-09-06 17:00:00,2024-09-06,17,4,0,fall,2569,,,,
London,hour,2024-09-06 18:00:00,2024-09-06,18,4,0,fall,2324,,,,
London,hour,2024-09-06 19:00:00,2024-09-06,19,4,0,fall,1418,,,,
London,hour,2024-09-06 20:00:00,2024-09-06,20,4,0,fall,947,,,,
London,hour,2024-09-06 21:00:00,2024-09-06,21,4,0,fall,765,,,,
London,hour,2024-09-06 22:00:00,2024-09-06,22,4,0,fall,698,,,,
London,hour,2024-09-06 23:00:00,2024-09-06,23,4,0,fall,531,,,,
London,hour,2024-09-07 00:00:00,2024-09-07,0,5,1,fall,327,,,,
London,hour,2024-09-07 01:00:00,2024-09-07,1,5,1,fall,265,,,,
London,hour,2024-09-07 02:00:00,2024-09-07,2,5,1,fall,162,,,,
London,hour,2024-09-07 03:00:00,2024-09-07,3,5,1,fall,112,,,,
London,hour,2024-09-07 04:00:00,2024-09-07,4,5,1,fall,91,,,,
London,hour,2024-09-07 05:00:00,2024-09-07,5,5,1,fall,102,,,,
London,hour,2024-09-07 06:00:00,2024-09-07,6,5,1,fall,148,,,,
London,hour,2024-09-07 07:00:00,2024-09-07,7,5,1,fall,370,,,,
London,hour,2024-09-07 08:00:00,2024-09-07,8,5,1,fall,774,,,,
London,hour,2024-09-07 09:00:00,2024-09-07,9,5,1,fall,1199,,,,
London,hour,2024-09-07 10:00:00,2024-09-07,10,5,1,fall,1476,,,,
London,hour,2024-09-07 11:00:00,2024-09-07,11,5,1,fall,1840,,,,
London,hour,2024-09-07 12:00:00,2024-09-07,12,5,1,fall,1956,,,,
London,hour,2024-09-07 13:00:00,2024-09-07,13,5,1,fall,1975,,,,
London,hour,2024-09-07 14:00:00,2024-09-07,14,5,1,fall,2195,,,,
London,hour,2024-09-07 15:00:00,2024-09-07,15,5,1,fall,2156,,,,
London,hour,2024-09-07 16:00:00,2024-09-07,16,5,1,fall,2035,,,,
London,hour,2024-09-07 17:00:00,2024-09-07,17,5,1,fall,1982,,,,
London,hour,2024-09-07 18:00:00,2024-09-07,18,5,1,fall,1843,,,,
London,hour,2024-09-07 19:00:00,2024-09-07,19,5,1,fall,1398,,,,
London,hour,2024-09-07 20:00:00,2024-09-07,20,5,1,fall,915,,,,
London,hour,2024-09-07 21:00:00,2024-09-07,21,5,1,fall,723,,,,
London,hour,2024-09-07 22:00:00,2024-09-07,22,5,1,fall,736,,,,
London,hour,2024-09-07 23:00:00,2024-09-07,23,5,1,fall,612,,,,
London,hour,2024-09-08 00:00:00,2024-09-08,0,6,1,fall,435,,,,
London,hour,2024-09-08 01:00:00,2024-09-08,1,6,1,fall,308,,,,
London,hour,2024-09-08 02:00:00,2024-09-08,2,6,1,fall,94,,,,
London,hour,2024-09-08 03:00:00,2024-09-08,3,6,1,fall,93,,,,
London,hour,2024-09-08 04:00:00,2024-09-08,4,6,1,fall,67,,,,
London,hour,2024-09-08 05:00:00,2024-09-08,5,6,1,fall,54,,,,
London,hour,2024-09-08 06:00:00,2024-09-08,6,6,1,fall,116,,,,
London,hour,2024-09-08 07:00:00,2024-09-08,7,6,1,fall,221,,,,
London,hour,2024-09-08 08:00:00,2024-09-08,8,6,1,fall,473,,,,
London,hour,2024-09-08 09:00:00,2024-09-08,9,6,1,fall,882,,,,
London,hour,2024-09-08 10:00:00,2024-09-08,10,6,1,fall,1361,,,,
London,hour,2024-09-08 11:00:00,2024-09-08,11,6,1,fall,1627,,,,
London,hour,2024-09-08 12:00:00,2024-09-08,12,6,1,fall,1949,,,,
London,hour,2024-09-08 13:00:00,2024-09-08,13,6,1,fall,2043,,,,
London,hour,2024-09-08 14:00:00,2024-09-08,14,6,1,fall,1716,,,,
London,hour,2024-09-08 15:00:00,2024-09-08,15,6,1,fall,1919,,,,
London,hour,2024-09-08 16:00:00,2024-09-08,16,6,1,fall,2000,,,,
London,hour,2024-09-08 17:00:00,2024-09-08,17,6,1,fall,2025,,,,
London,hour,2024-09-08 18:00:00,2024-09-08,18,6,1,fall,1530,,,,
London,hour,2024-09-08 19:00:00,2024-09-08,19,6,1,fall,927,,,,
London,hour,2024-09-08 20:00:00,2024-09-08,20,6,1,fall,601,,,,
London,hour,2024-09-08 21:00:00,2024-09-08,21,6,1,fall,503,,,,
London,hour,2024-09-08 22:00:00,2024-09-08,22,6,1,fall,403,,,,
London,hour,2024-09-08 23:00:00,2024-09-08,23,6,1,fall,258,,,,
London,hour,2024-09-09 00:00:00,2024-09-09,0,0,0,fall,123,,,,
London,hour,2024-09-09 01:00:00,2024-09-09,1,0,0,fall,68,,,,
London,hour,2024-09-09 02:00:00,2024-09-09,2,0,0,fall,46,,,,
London,hour,2024-09-09 03:00:00,2024-09-09,3,0,0,fall,28,,,,
London,hour,2024-09-09 04:00:00,2024-09-09,4,0,0,fall,56,,,,
London,hour,2024-09-09 05:00:00,2024-09-09,5,0,0,fall,169,,,,
London,hour,2024-09-09 06:00:00,2024-09-09,6,0,0,fall,652,,,,
London,hour,2024-09-09 07:00:00,2024-09-09,7,0,0,fall,1807,,,,
London,hour,2024-09-09 08:00:00,2024-09-09,8,0,0,fall,3223,,,,
London,hour,2024-09-09 09:00:00,2024-09-09,9,0,0,fall,1623,,,,
London,hour,2024-09-09 10:00:00,2024-09-09,10,0,0,fall,946,,,,
London,hour,2024-09-09 11:00:00,2024-09-09,11,0,0,fall,971,,,,
London,hour,2024-09-09 12:00:00,2024-09-09,12,0,0,fall,1157,,,,
London,hour,2024-09-09 13:00:00,2024-09-09,13,0,0,fall,1135,,,,
London,hour,2024-09-09 14:00:00,2024-09-09,14,0,0,fall,1048,,,,
London,hour,2024-09-09 15:00:00,2024-09-09,15,0,0,fall,1323,,,,
London,hour,2024-09-09 16:00:00,2024-09-09,16,0,0,fall,1741,,,,
London,hour,2024-09-09 17:00:00,2024-09-09,17,0,0,fall,3183,,,,
London,hour,2024-09-09 18:00:00,2024-09-09,18,0,0,fall,3148,,,,
London,hour,2024-09-09 19:00:00,2024-09-09,19,0,0,fall,1986,,,,
London,hour,2024-09-09 20:00:00,2024-09-09,20,0,0,fall,1135,,,,
London,hour,2024-09-09 21:00:00,2024-09-09,21,0,0,fall,765,,,,
London,hour,2024-09-09 22:00:00,2024-09-09,22,0,0,fall,609,,,,
London,hour,2024-09-09 23:00:00,2024-09-09,23,0,0,fall,246,,,,
London,hour,2024-09-10 00:00:00,2024-09-10,0,1,0,fall,114,,,,
London,hour,2024-09-10 01:00:00,2024-09-10,1,1,0,fall,67,,,,
London,hour,2024-09-10 02:00:00,2024-09-10,2,1,0,fall,37,,,,
London,hour,2024-09-10 03:00:00,2024-09-10,3,1,0,fall,23,,,,
London,hour,2024-09-10 04:00:00,2024-09-10,4,1,0,fall,50,,,,
London,hour,2024-09-10 05:00:00,2024-09-10,5,1,0,fall,190,,,,
London,hour,2024-09-10 06:00:00,2024-09-10,6,1,0,fall,754,,,,
London,hour,2024-09-10 07:00:00,2024-09-10,7,1,0,fall,2183,,,,
London,hour,2024-09-10 08:00:00,2024-09-10,8,1,0,fall,3928,,,,
London,hour,2024-09-10 09:00:00,2024-09-10,9,1,0,fall,1885,,,,
London,hour,2024-09-10 10:00:00,2024-09-10,10,1,0,fall,993,,,,
London,hour,2024-09-10 11:00:00,2024-09-10,11,1,0,fall,956,,,,
London,hour,2024-09-10 12:00:00,2024-09-10,12,1,0,fall,1102,,,,
London,hour,2024-09-10 13:00:00,2024-09-10,13,1,0,fall,1119,,,,
London,hour,2024-09-10 14:00:00,2024-09-10,14,1,0,fall,1092,,,,
London,hour,2024-09-10 15:00:00,2024-09-10,15,1,0,fall,1235,,,,
London,hour,2024-09-10 16:00:00,2024-09-10,16,1,0,fall,1421,,,,
London,hour,2024-09-10 17:00:00,2024-09-10,17,1,0,fall,2902,,,,
London,hour,2024-09-10 18:00:00,2024-09-10,18,1,0,fall,2998,,,,
London,hour,2024-09-10 19:00:00,2024-09-10,19,1,0,fall,1572,,,,
London,hour,2024-09-10 20:00:00,2024-09-10,20,1,0,fall,711,,,,
London,hour,2024-09-10 21:00:00,2024-09-10,21,1,0,fall,549,,,,
London,hour,2024-09-10 22:00:00,2024-09-10,22,1,0,fall,534,,,,
London,hour,2024-09-10 23:00:00,2024-09-10,23,1,0,fall,292,,,,
London,hour,2024-09-11 00:00:00,2024-09-11,0,2,0,fall,132,,,,
London,hour,2024-09-11 01:00:00,2024-09-11,1,2,0,fall,74,,,,
London,hour,2024-09-11 02:00:00,2024-09-11,2,2,0,fall,41,,,,
London,hour,2024-09-11 03:00:00,2024-09-11,3,2,0,fall,29,,,,
London,hour,2024-09-11 04:00:00,2024-09-11,4,2,0,fall,45,,,,
London,hour,2024-09-11 05:00:00,2024-09-11,5,2,0,fall,187,,,,
London,hour,2024-09-11 06:00:00,2024-09-11,6,2,0,fall,724,,,,
London,hour,2024-09-11 07:00:00,2024-09-11,7,2,0,fall,2116,,,,
London,hour,2024-09-11 08:00:00,2024-09-11,8,2,0,fall,3890,,,,
London,hour,2024-09-11 09:00:00,2024-09-11,9,2,0,fall,1933,,,,
London,hour,2024-09-11 10:00:00,2024-09-11,10,2,0,fall,1073,,,,
London,hour,2024-09-11 11:00:00,2024-09-11,11,2,0,fall,1044,,,,
London,hour,2024-09-11 12:00:00,2024-09-11,12,2,0,fall,1209,,,,
London,hour,2024-09-11 13:00:00,2024-09-11,13,2,0,fall,1191,,,,
London,hour,2024-09-11 14:00:00,2024-09-11,14,2,0,fall,1171,,,,
London,hour,2024-09-11 15:00:00,2024-09-11,15,2,0,fall,1090,,,,
London,hour,2024-09-11 16:00:00,2024-09-11,16,2,0,fall,1447,,,,
London,hour,2024-09-11 17:00:00,2024-09-11,17,2,0,fall,3008,,,,
London,hour,2024-09-11 18:00:00,2024-09-11,18,2,0,fall,3086,,,,
London,hour,2024-09-11 19:00:00,2024-09-11,19,2,0,fall,1863,,,,
London,hour,2024-09-11 20:00:00,2024-09-11,20,2,0,fall,1114,,,,
London,hour,2024-09-11 21:00:00,2024-09-11,21,2,0,fall,843,,,,
London,hour,2024-09-11 22:00:00,2024-09-11,22,2,0,fall,669,,,,
London,hour,2024-09-11 23:00:00,2024-09-11,23,2,0,fall,356,,,,
London,hour,2024-09-12 00:00:00,2024-09-12,0,3,0,fall,140,,,,
London,hour,2024-09-12 01:00:00,2024-09-12,1,3,0,fall,75,,,,
London,hour,2024-09-12 02:00:00,2024-09-12,2,3,0,fall,33,,,,
London,hour,2024-09-12 03:00:00,2024-09-12,3,3,0,fall,18,,,,
London,hour,2024-09-12 04:00:00,2024-09-12,4,3,0,fall,50,,,,
London,hour,2024-09-12 05:00:00,2024-09-12,5,3,0,fall,143,,,,
London,hour,2024-09-12 06:00:00,2024-09-12,6,3,0,fall,715,,,,
London,hour,2024-09-12 07:00:00,2024-09-12,7,3,0,fall,2021,,,,
London,hour,2024-09-12 08:00:00,2024-09-12,8,3,0,fall,3754,,,,
London,hour,2024-09-12 09:00:00,2024-09-12,9,3,0,fall,1967,,,,
London,hour,2024-09-12 10:00:00,2024-09-12,10,3,0,fall,1099,,,,
London,hour,2024-09-12 11:00:00,2024-09-12,11,3,0,fall,1037,,,,
London,hour,2024-09-12 12:00:00,2024-09-12,12,3,0,fall,1173,,,,
London,hour,2024-09-12 13:00:00,2024-09-12,13,3,0,fall,1128,,,,
London,hour,2024-09-12 14:00:00,2024-09-12,14,3,0,fall,910,,,,
London,hour,2024-09-12 15:00:00,2024-09-12,15,3,0,fall,1231,,,,
London,hour,2024-09-12 16:00:00,2024-09-12,16,3,0,fall,1768,,,,
London,hour,2024-09-12 17:00:00,2024-09-12,17,3,0,fall,3170,,,,
London,hour,2024-09-12 18:00:00,2024-09-12,18,3,0,fall,3013,,,,
London,hour,2024-09-12 19:00:00,2024-09-12,19,3,0,fall,1879,,,,
London,hour,2024-09-12 20:00:00,2024-09-12,20,3,0,fall,1150,,,,
London,hour,2024-09-12 21:00:00,2024-09-12,21,3,0,fall,881,,,,
London,hour,2024-09-12 22:00:00,2024-09-12,22,3,0,fall,633,,,,
London,hour,2024-09-12 23:00:00,2024-09-12,23,3,0,fall,420,,,,
London,hour,2024-09-13 00:00:00,2024-09-13,0,4,0,fall,208,,,,
London,hour,2024-09-13 01:00:00,2024-09-13,1,4,0,fall,103,,,,
London,hour,2024-09-13 02:00:00,2024-09-13,2,4,0,fall,62,,,,
London,hour,2024-09-13 03:00:00,2024-09-13,3,4,0,fall,56,,,,
London,hour,2024-09-13 04:00:00,2024-09-13,4,4,0,fall,56,,,,
London,hour,2024-09-13 05:00:00,2024-09-13,5,4,0,fall,157,,,,
London,hour,2024-09-13 06:00:00,2024-09-13,6,4,0,fall,566,,,,
London,hour,2024-09-13 07:00:00,2024-09-13,7,4,0,fall,1420,,,,
London,hour,2024-09-13 08:00:00,2024-09-13,8,4,0,fall,2500,,,,
London,hour,2024-09-13 09:00:00,2024-09-13,9,4,0,fall,1579,,,,
London,hour,2024-09-13 10:00:00,2024-09-13,10,4,0,fall,1042,,,,
London,hour,2024-09-13 11:00:00,2024-09-13,11,4,0,fall,1121,,,,
London,hour,2024-09-13 12:00:00,2024-09-13,12,4,0,fall,1451,,,,
London,hour,2024-09-13 13:00:00,2024-09-13,13,4,0,fall,1374,,,,
London,hour,2024-09-13 14:00:00,2024-09-13,14,4,0,fall,1412,,,,
London,hour,2024-09-13 15:00:00,2024-09-13,15,4,0,fall,1595,,,,
London,hour,2024-09-13 16:00:00,2024-09-13,16,4,0,fall,1911,,,,
London,hour,2024-09-13 17:00:00,2024-09-13,17,4,0,fall,2822,,,,
London,hour,2024-09-13 18:00:00,2024-09-13,18,4,0,fall,2555,,,,
London,hour,2024-09-13 19:00:00,2024-09-13,19,4,0,fall,1678,,,,
London,hour,2024-09-13 20:00:00,2024-09-13,20,4,0,fall,1073,,,,
London,hour,2024-09-13 21:00:00,2024-09-13,21,4,0,fall,772,,,,
London,hour,2024-09-13 22:00:00,2024-09-13,22,4,0,fall,652,,,,
London,hour,2024-09-13 23:00:00,2024-09-13,23,4,0,fall,574,,,,
London,hour,2024-09-14 00:00:00,2024-09-14,0,5,1,fall,379,,,,
London,hour,2024-09-14 01:00:00,2024-09-14,1,5,1,fall,218,,,,
London,hour,2024-09-14 02:00:00,2024-09-14,2,5,1,fall,136,,,,
London,hour,2024-09-14 03:00:00,2024-09-14,3,5,1,fall,104,,,,
London,hour,2024-09-14 04:00:00,2024-09-14,4,5,1,fall,58,,,,
London,hour,2024-09-14 05:00:00,2024-09-14,5,5,1,fall,66,,,,
London,hour,2024-09-14 06:00:00,2024-09-14,6,5,1,fall,151,,,,
London,hour,2024-09-14 07:00:00,2024-09-14,7,5,1,fall,356,,,,
London,hour,2024-09-14 08:00:00,2024-09-14,8,5,1,fall,753,,,,
London,hour,2024-09-14 09:00:00,2024-09-14,9,5,1,fall,1172,,,,
London,hour,2024-09-14 10:00:00,2024-09-14,10,5,1,fall,1586,,,,
London,hour,2024-09-14 11:00:00,2024-09-14,11,5,1,fall,1959,,,,
London,hour,2024-09-14 12:00:00,2024-09-14,12,5,1,fall,2106,,,,
London,hour,2024-09-14 13:00:00,2024-09-14,13,5,1,fall,2263,,,,
London,hour,2024-09-14 14:00:00,2024-09-14,14,5,1,fall,2390,,,,
London,hour,2024-09-14 15:00:00,2024-09-14,15,5,1,fall,2410,,,,
London,hour,2024-09-14 16:00:00,2024-09-14,16,5,1,fall,2289,,,,
London,hour,2024-09-14 17:00:00,2024-09-14,17,5,1,fall,2279,,,,
London,hour,2024-09-14 18:00:00,2024-09-14,18,5,1,fall,2073,,,,
London,hour,2024-09-14 19:00:00,2024-09-14,19,5,1,fall,1540,,,,
London,hour,2024-09-14 20:00:00,2024-09-14,20,5,1,fall,962,,,,
London,hour,2024-09-14 21:00:00,2024-09-14,21,5,1,fall,689,,,,
London,hour,2024-09-14 22:00:00,2024-09-14,22,5,1,fall,645,,,,
London,hour,2024-09-14 23:00:00,2024-09-14,23,5,1,fall,557,,,,
London,hour,2024-09-15 00:00:00,2024-09-15,0,6,1,fall,425,,,,
London,hour,2024-09-15 01:00:00,2024-09-15,1,6,1,fall,266,,,,
London,hour,2024-09-15 02:00:00,2024-09-15,2,6,1,fall,163,,,,
London,hour,2024-09-15 03:00:00,2024-09-15,3,6,1,fall,119,,,,
London,hour,2024-09-15 04:00:00,2024-09-15,4,6,1,fall,75,,,,
London,hour,2024-09-15 05:00:00,2024-09-15,5,6,1,fall,60,,,,
London,hour,2024-09-15 06:00:00,2024-09-15,6,6,1,fall,118,,,,
London,hour,2024-09-15 07:00:00,2024-09-15,7,6,1,fall,281,,,,
London,hour,2024-09-15 08:00:00,2024-09-15,8,6,1,fall,530,,,,
London,hour,2024-09-15 09:00:00,2024-09-15,9,6,1,fall,1027,,,,
London,hour,2024-09-15 10:00:00,2024-09-15,10,6,1,fall,1386,,,,
London,hour,2024-09-15 11:00:00,2024-09-15,11,6,1,fall,1900,,,,
London,hour,2024-09-15 12:00:00,2024-09-15,12,6,1,fall,2022,,,,
London,hour,2024-09-15 13:00:00,2024-09-15,13,6,1,fall,2179,,,,
London,hour,2024-09-15 14:00:00,2024-09-15,14,6,1,fall,2108,,,,
London,hour,2024-09-15 15:00:00,2024-09-15,15,6,1,fall,2004,,,,
London,hour,2024-09-15 16:00:00,2024-09-15,16,6,1,fall,2008,,,,
London,hour,2024-09-15 17:00:00,2024-09-15,17,6,1,fall,1720,,,,
London,hour,2024-09-15 18:00:00,2024-09-15,18,6,1,fall,1558,,,,
London,hour,2024-09-15 19:00:00,2024-09-15,19,6,1,fall,1156,,,,
London,hour,2024-09-15 20:00:00,2024-09-15,20,6,1,fall,662,,,,
London,hour,2024-09-15 21:00:00,2024-09-15,21,6,1,fall,487,,,,
London,hour,2024-09-15 22:00:00,2024-09-15,22,6,1,fall,385,,,,
London,hour,2024-09-15 23:00:00,2024-09-15,23,6,1,fall,256,,,,
London,hour,2024-09-16 00:00:00,2024-09-16,0,0,0,fall,157,,,,
London,hour,2024-09-16 01:00:00,2024-09-16,1,0,0,fall,88,,,,
London,hour,2024-09-16 02:00:00,2024-09-16,2,0,0,fall,41,,,,
London,hour,2024-09-16 03:00:00,2024-09-16,3,0,0,fall,39,,,,
London,hour,2024-09-16 04:00:00,2024-09-16,4,0,0,fall,56,,,,
London,hour,2024-09-16 05:00:00,2024-09-16,5,0,0,fall,143,,,,
London,hour,2024-09-16 06:00:00,2024-09-16,6,0,0,fall,667,,,,
London,hour,2024-09-16 07:00:00,2024-09-16,7,0,0,fall,1921,,,,
London,hour,2024-09-16 08:00:00,2024-09-16,8,0,0,fall,3362,,,,
London,hour,2024-09-16 09:00:00,2024-09-16,9,0,0,fall,1721,,,,
London,hour,2024-09-16 10:00:00,2024-09-16,10,0,0,fall,1031,,,,
London,hour,2024-09-16 11:00:00,2024-09-16,11,0,0,fall,1060,,,,
London,hour,2024-09-16 12:00:00,2024-09-16,12,0,0,fall,1230,,,,
London,hour,2024-09-16 13:00:00,2024-09-16,13,0,0,fall,1235,,,,
London,hour,2024-09-16 14:00:00,2024-09-16,14,0,0,fall,1191,,,,
London,hour,2024-09-16 15:00:00,2024-09-16,15,0,0,fall,1358,,,,
London,hour,2024-09-16 16:00:00,2024-09-16,16,0,0,fall,1835,,,,
London,hour,2024-09-16 17:00:00,2024-09-16,17,0,0,fall,3441,,,,
London,hour,2024-09-16 18:00:00,2024-09-16,18,0,0,fall,3330,,,,
London,hour,2024-09-16 19:00:00,2024-09-16,19,0,0,fall,2131,,,,
London,hour,2024-09-16 20:00:00,2024-09-16,20,0,0,fall,1332,,,,
London,hour,2024-09-16 21:00:00,2024-09-16,21,0,0,fall,790,,,,
London,hour,2024-09-16 22:00:00,2024-09-16,22,0,0,fall,592,,,,
London,hour,2024-09-16 23:00:00,2024-09-16,23,0,0,fall,312,,,,
London,hour,2024-09-17 00:00:00,2024-09-17,0,1,0,fall,143,,,,
London,hour,2024-09-17 01:00:00,2024-09-17,1,1,0,fall,65,,,,
London,hour,2024-09-17 02:00:00,2024-09-17,2,1,0,fall,38,,,,
London,hour,2024-09-17 03:00:00,2024-09-17,3,1,0,fall,30,,,,
London,hour,2024-09-17 04:00:00,2024-09-17,4,1,0,fall,54,,,,
London,hour,2024-09-17 05:00:00,2024-09-17,5,1,0,fall,188,,,,
London,hour,2024-09-17 06:00:00,2024-09-17,6,1,0,fall,748,,,,
London,hour,2024-09-17 07:00:00,2024-09-17,7,1,0,fall,2258,,,,
London,hour,2024-09-17 08:00:00,2024-09-17,8,1,0,fall,4104,,,,
London,hour,2024-09-17 09:00:00,2024-09-17,9,1,0,fall,2062,,,,
London,hour,2024-09-17 10:00:00,2024-09-17,10,1,0,fall,1158,,,,
London,hour,2024-09-17 11:00:00,2024-09-17,11,1,0,fall,1112,,,,
London,hour,2024-09-17 12:00:00,2024-09-17,12,1,0,fall,1252,,,,
London,hour,2024-09-17 13:00:00,2024-09-17,13,1,0,fall,1252,,,,
London,hour,2024-09-17 14:00:00,2024-09-17,14,1,0,fall,1228,,,,
London,hour,2024-09-17 15:00:00,2024-09-17,15,1,0,fall,1460,,,,
London,hour,2024-09-17 16:00:00,2024-09-17,16,1,0,fall,2084,,,,
London,hour,2024-09-17 17:00:00,2024-09-17,17,1,0,fall,3772,,,,
London,hour,2024-09-17 18:00:00,2024-09-17,18,1,0,fall,3506,,,,
London,hour,2024-09-17 19:00:00,2024-09-17,19,1,0,fall,2168,,,,
London,hour,2024-09-17 20:00:00,2024-09-17,20,1,0,fall,1222,,,,
London,hour,2024-09-17 21:00:00,2024-09-17,21,1,0,fall,1000,,,,
London,hour,2024-09-17 22:00:00,2024-09-17,22,1,0,fall,698,,,,
London,hour,2024-09-17 23:00:00,2024-09-17,23,1,0,fall,355,,,,
London,hour,2024-09-18 00:00:00,2024-09-18,0,2,0,fall,159,,,,
London,hour,2024-09-18 01:00:00,2024-09-18,1,2,0,fall,86,,,,
London,hour,2024-09-18 02:00:00,2024-09-18,2,2,0,fall,49,,,,
London,hour,2024-09-18 03:00:00,2024-09-18,3,2,0,fall,40,,,,
London,hour,2024-09-18 04:00:00,2024-09-18,4,2,0,fall,62,,,,
London,hour,2024-09-18 05:00:00,2024-09-18,5,2,0,fall,163,,,,
London,hour,2024-09-18 06:00:00,2024-09-18,6,2,0,fall,745,,,,
London,hour,2024-09-18 07:00:00,2024-09-18,7,2,0,fall,2147,,,,
London,hour,2024-09-18 08:00:00,2024-09-18,8,2,0,fall,3889,,,,
London,hour,2024-09-18 09:00:00,2024-09-18,9,2,0,fall,2049,,,,
London,hour,2024-09-18 10:00:00,2024-09-18,10,2,0,fall,1118,,,,
London,hour,2024-09-18 11:00:00,2024-09-18,11,2,0,fall,1224,,,,
London,hour,2024-09-18 12:00:00,2024-09-18,12,2,0,fall,1362,,,,
London,hour,2024-09-18 13:00:00,2024-09-18,13,2,0,fall,1372,,,,
London,hour,2024-09-18 14:00:00,2024-09-18,14,2,0,fall,1269,,,,
London,hour,2024-09-18 15:00:00,2024-09-18,15,2,0,fall,1520,,,,
London,hour,2024-09-18 16:00:00,2024-09-18,16,2,0,fall,2098,,,,
London,hour,2024-09-18 17:00:00,2024-09-18,17,2,0,fall,3760,,,,
London,hour,2024-09-18 18:00:00,2024-09-18,18,2,0,fall,3597,,,,
London,hour,2024-09-18 19:00:00,2024-09-18,19,2,0,fall,2185,,,,
London,hour,2024-09-18 20:00:00,2024-09-18,20,2,0,fall,1340,,,,
London,hour,2024-09-18 21:00:00,2024-09-18,21,2,0,fall,1027,,,,
London,hour,2024-09-18 22:00:00,2024-09-18,22,2,0,fall,760,,,,
London,hour,2024-09-18 23:00:00,2024-09-18,23,2,0,fall,431,,,,
London,hour,2024-09-19 00:00:00,2024-09-19,0,3,0,fall,196,,,,
London,hour,2024-09-19 01:00:00,2024-09-19,1,3,0,fall,101,,,,
London,hour,2024-09-19 02:00:00,2024-09-19,2,3,0,fall,57,,,,
London,hour,2024-09-19 03:00:00,2024-09-19,3,3,0,fall,63,,,,
London,hour,2024-09-19 04:00:00,2024-09-19,4,3,0,fall,62,,,,
London,hour,2024-09-19 05:00:00,2024-09-19,5,3,0,fall,171,,,,
London,hour,2024-09-19 06:00:00,2024-09-19,6,3,0,fall,748,,,,
London,hour,2024-09-19 07:00:00,2024-09-19,7,3,0,fall,2122,,,,
London,hour,2024-09-19 08:00:00,2024-09-19,8,3,0,fall,3912,,,,
London,hour,2024-09-19 09:00:00,2024-09-19,9,3,0,fall,2073,,,,
London,hour,2024-09-19 10:00:00,2024-09-19,10,3,0,fall,1247,,,,
London,hour,2024-09-19 11:00:00,2024-09-19,11,3,0,fall,1204,,,,
London,hour,2024-09-19 12:00:00,2024-09-19,12,3,0,fall,1415,,,,
London,hour,2024-09-19 13:00:00,2024-09-19,13,3,0,fall,1419,,,,
London,hour,2024-09-19 14:00:00,2024-09-19,14,3,0,fall,1404,,,,
London,hour,2024-09-19 15:00:00,2024-09-19,15,3,0,fall,1521,,,,
London,hour,2024-09-19 16:00:00,2024-09-19,16,3,0,fall,2129,,,,
London,hour,2024-09-19 17:00:00,2024-09-19,17,3,0,fall,3705,,,,
London,hour,2024-09-19 18:00:00,2024-09-19,18,3,0,fall,3486,,,,
London,hour,2024-09-19 19:00:00,2024-09-19,19,3,0,fall,2210,,,,
London,hour,2024-09-19 20:00:00,2024-09-19,20,3,0,fall,1393,,,,
London,hour,2024-09-19 21:00:00,2024-09-19,21,3,0,fall,1021,,,,
London,hour,2024-09-19 22:00:00,2024-09-19,22,3,0,fall,844,,,,
London,hour,2024-09-19 23:00:00,2024-09-19,23,3,0,fall,494,,,,
London,hour,2024-09-20 00:00:00,2024-09-20,0,4,0,fall,254,,,,
London,hour,2024-09-20 01:00:00,2024-09-20,1,4,0,fall,151,,,,
London,hour,2024-09-20 02:00:00,2024-09-20,2,4,0,fall,82,,,,
London,hour,2024-09-20 03:00:00,2024-09-20,3,4,0,fall,79,,,,
London,hour,2024-09-20 04:00:00,2024-09-20,4,4,0,fall,69,,,,
London,hour,2024-09-20 05:00:00,2024-09-20,5,4,0,fall,139,,,,
London,hour,2024-09-20 06:00:00,2024-09-20,6,4,0,fall,574,,,,
London,hour,2024-09-20 07:00:00,2024-09-20,7,4,0,fall,1512,,,,
London,hour,2024-09-20 08:00:00,2024-09-20,8,4,0,fall,2623,,,,
London,hour,2024-09-20 09:00:00,2024-09-20,9,4,0,fall,1739,,,,
London,hour,2024-09-20 10:00:00,2024-09-20,10,4,0,fall,1200,,,,
London,hour,2024-09-20 11:00:00,2024-09-20,11,4,0,fall,1232,,,,
London,hour,2024-09-20 12:00:00,2024-09-20,12,4,0,fall,1490,,,,
London,hour,2024-09-20 13:00:00,2024-09-20,13,4,0,fall,1487,,,,
London,hour,2024-09-20 14:00:00,2024-09-20,14,4,0,fall,1462,,,,
London,hour,2024-09-20 15:00:00,2024-09-20,15,4,0,fall,1700,,,,
London,hour,2024-09-20 16:00:00,2024-09-20,16,4,0,fall,2154,,,,
London,hour,2024-09-20 17:00:00,2024-09-20,17,4,0,fall,2992,,,,
London,hour,2024-09-20 18:00:00,2024-09-20,18,4,0,fall,2810,,,,
London,hour,2024-09-20 19:00:00,2024-09-20,19,4,0,fall,1960,,,,
London,hour,2024-09-20 20:00:00,2024-09-20,20,4,0,fall,1232,,,,
London,hour,2024-09-20 21:00:00,2024-09-20,21,4,0,fall,886,,,,
London,hour,2024-09-20 22:00:00,2024-09-20,22,4,0,fall,760,,,,
London,hour,2024-09-20 23:00:00,2024-09-20,23,4,0,fall,670,,,,
London,hour,2024-09-21 00:00:00,2024-09-21,0,5,1,fall,442,,,,
London,hour,2024-09-21 01:00:00,2024-09-21,1,5,1,fall,305,,,,
London,hour,2024-09-21 02:00:00,2024-09-21,2,5,1,fall,189,,,,
London,hour,2024-09-21 03:00:00,2024-09-21,3,5,1,fall,121,,,,
London,hour,2024-09-21 04:00:00,2024-09-21,4,5,1,fall,88,,,,
London,hour,2024-09-21 05:00:00,2024-09-21,5,5,1,fall,80,,,,
London,hour,2024-09-21 06:00:00,2024-09-21,6,5,1,fall,166,,,,
London,hour,2024-09-21 07:00:00,2024-09-21,7,5,1,fall,337,,,,
London,hour,2024-09-21 08:00:00,2024-09-21,8,5,1,fall,769,,,,
London,hour,2024-09-21 09:00:00,2024-09-21,9,5,1,fall,1265,,,,
London,hour,2024-09-21 10:00:00,2024-09-21,10,5,1,fall,1724,,,,
London,hour,2024-09-21 11:00:00,2024-09-21,11,5,1,fall,2004,,,,
London,hour,2024-09-21 12:00:00,2024-09-21,12,5,1,fall,2234,,,,
London,hour,2024-09-21 13:00:00,2024-09-21,13,5,1,fall,2274,,,,
London,hour,2024-09-21 14:00:00,2024-09-21,14,5,1,fall,2309,,,,
London,hour,2024-09-21 15:00:00,2024-09-21,15,5,1,fall,2379,,,,
London,hour,2024-09-21 16:00:00,2024-09-21,16,5,1,fall,2494,,,,
London,hour,2024-09-21 17:00:00,2024-09-21,17,5,1,fall,2698,,,,
London,hour,2024-09-21 18:00:00,2024-09-21,18,5,1,fall,2439,,,,
London,hour,2024-09-21 19:00:00,2024-09-21,19,5,1,fall,1680,,,,
London,hour,2024-09-21 20:00:00,2024-09-21,20,5,1,fall,1075,,,,
London,hour,2024-09-21 21:00:00,2024-09-21,21,5,1,fall,824,,,,
London,hour,2024-09-21 22:00:00,2024-09-21,22,5,1,fall,742,,,,
London,hour,2024-09-21 23:00:00,2024-09-21,23,5,1,fall,577,,,,
London,hour,2024-09-22 00:00:00,2024-09-22,0,6,1,fall,373,,,,
London,hour,2024-09-22 01:00:00,2024-09-22,1,6,1,fall,244,,,,
London,hour,2024-09-22 02:00:00,2024-09-22,2,6,1,fall,160,,,,
London,hour,2024-09-22 03:00:00,2024-09-22,3,6,1,fall,37,,,,
London,hour,2024-09-22 04:00:00,2024-09-22,4,6,1,fall,38,,,,
London,hour,2024-09-22 05:00:00,2024-09-22,5,6,1,fall,53,,,,
London,hour,2024-09-22 06:00:00,2024-09-22,6,6,1,fall,81,,,,
London,hour,2024-09-22 07:00:00,2024-09-22,7,6,1,fall,106,,,,
London,hour,2024-09-22 08:00:00,2024-09-22,8,6,1,fall,299,,,,
London,hour,2024-09-22 09:00:00,2024-09-22,9,6,1,fall,692,,,,
London,hour,2024-09-22 10:00:00,2024-09-22,10,6,1,fall,1100,,,,
London,hour,2024-09-22 11:00:00,2024-09-22,11,6,1,fall,1497,,,,
London,hour,2024-09-22 12:00:00,2024-09-22,12,6,1,fall,1571,,,,
London,hour,2024-09-22 13:00:00,2024-09-22,13,6,1,fall,1701,,,,
London,hour,2024-09-22 14:00:00,2024-09-22,14,6,1,fall,1789,,,,
London,hour,2024-09-22 15:00:00,2024-09-22,15,6,1,fall,1723,,,,
London,hour,2024-09-22 16:00:00,2024-09-22,16,6,1,fall,1602,,,,
London,hour,2024-09-22 17:00:00,2024-09-22,17,6,1,fall,1485,,,,
London,hour,2024-09-22 18:00:00,2024-09-22,18,6,1,fall,1306,,,,
London,hour,2024-09-22 19:00:00,2024-09-22,19,6,1,fall,917,,,,
London,hour,2024-09-22 20:00:00,2024-09-22,20,6,1,fall,675,,,,
London,hour,2024-09-22 21:00:00,2024-09-22,21,6,1,fall,414,,,,
London,hour,2024-09-22 22:00:00,2024-09-22,22,6,1,fall,353,,,,
London,hour,2024-09-22 23:00:00,2024-09-22,23,6,1,fall,242,,,,
London,hour,2024-09-23 00:00:00,2024-09-23,0,0,0,fall,108,,,,
London,hour,2024-09-23 01:00:00,2024-09-23,1,0,0,fall,40,,,,
London,hour,2024-09-23 02:00:00,2024-09-23,2,0,0,fall,19,,,,
London,hour,2024-09-23 03:00:00,2024-09-23,3,0,0,fall,20,,,,
London,hour,2024-09-23 04:00:00,2024-09-23,4,0,0,fall,24,,,,
London,hour,2024-09-23 05:00:00,2024-09-23,5,0,0,fall,84,,,,
London,hour,2024-09-23 06:00:00,2024-09-23,6,0,0,fall,361,,,,
London,hour,2024-09-23 07:00:00,2024-09-23,7,0,0,fall,1155,,,,
London,hour,2024-09-23 08:00:00,2024-09-23,8,0,0,fall,2381,,,,
London,hour,2024-09-23 09:00:00,2024-09-23,9,0,0,fall,1567,,,,
London,hour,2024-09-23 10:00:00,2024-09-23,10,0,0,fall,972,,,,
London,hour,2024-09-23 11:00:00,2024-09-23,11,0,0,fall,931,,,,
London,hour,2024-09-23 12:00:00,2024-09-23,12,0,0,fall,1137,,,,
London,hour,2024-09-23 13:00:00,2024-09-23,13,0,0,fall,992,,,,
London,hour,2024-09-23 14:00:00,2024-09-23,14,0,0,fall,1010,,,,
London,hour,2024-09-23 15:00:00,2024-09-23,15,0,0,fall,1286,,,,
London,hour,2024-09-23 16:00:00,2024-09-23,16,0,0,fall,1754,,,,
London,hour,2024-09-23 17:00:00,2024-09-23,17,0,0,fall,3161,,,,
London,hour,2024-09-23 18:00:00,2024-09-23,18,0,0,fall,3010,,,,
London,hour,2024-09-23 19:00:00,2024-09-23,19,0,0,fall,1785,,,,
London,hour,2024-09-23 20:00:00,2024-09-23,20,0,0,fall,1136,,,,
London,hour,2024-09-23 21:00:00,2024-09-23,21,0,0,fall,746,,,,
London,hour,2024-09-23 22:00:00,2024-09-23,22,0,0,fall,527,,,,
London,hour,2024-09-23 23:00:00,2024-09-23,23,0,0,fall,265,,,,
London,hour,2024-09-24 00:00:00,2024-09-24,0,1,0,fall,122,,,,
London,hour,2024-09-24 01:00:00,2024-09-24,1,1,0,fall,60,,,,
London,hour,2024-09-24 02:00:00,2024-09-24,2,1,0,fall,34,,,,
London,hour,2024-09-24 03:00:00,2024-09-24,3,1,0,fall,20,,,,
London,hour,2024-09-24 04:00:00,2024-09-24,4,1,0,fall,44,,,,
London,hour,2024-09-24 05:00:00,2024-09-24,5,1,0,fall,167,,,,
London,hour,2024-09-24 06:00:00,2024-09-24,6,1,0,fall,725,,,,
London,hour,2024-09-24 07:00:00,2024-09-24,7,1,0,fall,2053,,,,
London,hour,2024-09-24 08:00:00,2024-09-24,8,1,0,fall,3943,,,,
London,hour,2024-09-24 09:00:00,2024-09-24,9,1,0,fall,2052,,,,
London,hour,2024-09-24 10:00:00,2024-09-24,10,1,0,fall,1122,,,,
London,hour,2024-09-24 11:00:00,2024-09-24,11,1,0,fall,1048,,,,
London,hour,2024-09-24 12:00:00,2024-09-24,12,1,0,fall,1180,,,,
London,hour,2024-09-24 13:00:00,2024-09-24,13,1,0,fall,1208,,,,
London,hour,2024-09-24 14:00:00,2024-09-24,14,1,0,fall,1184,,,,
London,hour,2024-09-24 15:00:00,2024-09-24,15,1,0,fall,1419,,,,
London,hour,2024-09-24 16:00:00,2024-09-24,16,1,0,fall,2055,,,,
London,hour,2024-09-24 17:00:00,2024-09-24,17,1,0,fall,3712,,,,
London,hour,2024-09-24 18:00:00,2024-09-24,18,1,0,fall,3409,,,,
London,hour,2024-09-24 19:00:00,2024-09-24,19,1,0,fall,2058,,,,
London,hour,2024-09-24 20:00:00,2024-09-24,20,1,0,fall,1302,,,,
London,hour,2024-09-24 21:00:00,2024-09-24,21,1,0,fall,988,,,,
London,hour,2024-09-24 22:00:00,2024-09-24,22,1,0,fall,678,,,,
London,hour,2024-09-24 23:00:00,2024-09-24,23,1,0,fall,346,,,,
London,hour,2024-09-25 00:00:00,2024-09-25,0,2,0,fall,186,,,,
London,hour,2024-09-25 01:00:00,2024-09-25,1,2,0,fall,80,,,,
London,hour,2024-09-25 02:00:00,2024-09-25,2,2,0,fall,41,,,,
London,hour,2024-09-25 03:00:00,2024-09-25,3,2,0,fall,35,,,,
London,hour,2024-09-25 04:00:00,2024-09-25,4,2,0,fall,57,,,,
London,hour,2024-09-25 05:00:00,2024-09-25,5,2,0,fall,146,,,,
London,hour,2024-09-25 06:00:00,2024-09-25,6,2,0,fall,589,,,,
London,hour,2024-09-25 07:00:00,2024-09-25,7,2,0,fall,1062,,,,
London,hour,2024-09-25 08:00:00,2024-09-25,8,2,0,fall,2794,,,,
London,hour,2024-09-25 09:00:00,2024-09-25,9,2,0,fall,1779,,,,
London,hour,2024-09-25 10:00:00,2024-09-25,10,2,0,fall,1067,,,,
London,hour,2024-09-25 11:00:00,2024-09-25,11,2,0,fall,1042,,,,
London,hour,2024-09-25 12:00:00,2024-09-25,12,2,0,fall,1226,,,,
London,hour,2024-09-25 13:00:00,2024-09-25,13,2,0,fall,1334,,,,
London,hour,2024-09-25 14:00:00,2024-09-25,14,2,0,fall,1056,,,,
London,hour,2024-09-25 15:00:00,2024-09-25,15,2,0,fall,1241,,,,
London,hour,2024-09-25 16:00:00,2024-09-25,16,2,0,fall,1731,,,,
London,hour,2024-09-25 17:00:00,2024-09-25,17,2,0,fall,3270,,,,
London,hour,2024-09-25 18:00:00,2024-09-25,18,2,0,fall,3186,,,,
London,hour,2024-09-25 19:00:00,2024-09-25,19,2,0,fall,1774,,,,
London,hour,2024-09-25 20:00:00,2024-09-25,20,2,0,fall,1009,,,,
London,hour,2024-09-25 21:00:00,2024-09-25,21,2,0,fall,468,,,,
London,hour,2024-09-25 22:00:00,2024-09-25,22,2,0,fall,499,,,,
London,hour,2024-09-25 23:00:00,2024-09-25,23,2,0,fall,302,,,,
London,hour,2024-09-26 00:00:00,2024-09-26,0,3,0,fall,153,,,,
London,hour,2024-09-26 01:00:00,2024-09-26,1,3,0,fall,68,,,,
London,hour,2024-09-26 02:00:00,2024-09-26,2,3,0,fall,45,,,,
London,hour,2024-09-26 03:00:00,2024-09-26,3,3,0,fall,21,,,,
London,hour,2024-09-26 04:00:00,2024-09-26,4,3,0,fall,25,,,,
London,hour,2024-09-26 05:00:00,2024-09-26,5,3,0,fall,81,,,,
London,hour,2024-09-26 06:00:00,2024-09-26,6,3,0,fall,493,,,,
London,hour,2024-09-26 07:00:00,2024-09-26,7,3,0,fall,1797,,,,
London,hour,2024-09-26 08:00:00,2024-09-26,8,3,0,fall,3768,,,,
London,hour,2024-09-26 09:00:00,2024-09-26,9,3,0,fall,2109,,,,
London,hour,2024-09-26 10:00:00,2024-09-26,10,3,0,fall,1243,,,,
London,hour,2024-09-26 11:00:00,2024-09-26,11,3,0,fall,950,,,,
London,hour,2024-09-26 12:00:00,2024-09-26,12,3,0,fall,855,,,,
London,hour,2024-09-26 13:00:00,2024-09-26,13,3,0,fall,859,,,,
London,hour,2024-09-26 14:00:00,2024-09-26,14,3,0,fall,725,,,,
London,hour,2024-09-26 15:00:00,2024-09-26,15,3,0,fall,935,,,,
London,hour,2024-09-26 16:00:00,2024-09-26,16,3,0,fall,1466,,,,
London,hour,2024-09-26 17:00:00,2024-09-26,17,3,0,fall,3028,,,,
London,hour,2024-09-26 18:00:00,2024-09-26,18,3,0,fall,2401,,,,
London,hour,2024-09-26 19:00:00,2024-09-26,19,3,0,fall,1212,,,,
London,hour,2024-09-26 20:00:00,2024-09-26,20,3,0,fall,851,,,,
London,hour,2024-09-26 21:00:00,2024-09-26,21,3,0,fall,728,,,,
London,hour,2024-09-26 22:00:00,2024-09-26,22,3,0,fall,658,,,,
London,hour,2024-09-26 23:00:00,2024-09-26,23,3,0,fall,428,,,,
London,hour,2024-09-27 00:00:00,2024-09-27,0,4,0,fall,213,,,,
London,hour,2024-09-27 01:00:00,2024-09-27,1,4,0,fall,124,,,,
London,hour,2024-09-27 02:00:00,2024-09-27,2,4,0,fall,75,,,,
London,hour,2024-09-27 03:00:00,2024-09-27,3,4,0,fall,55,,,,
London,hour,2024-09-27 04:00:00,2024-09-27,4,4,0,fall,69,,,,
London,hour,2024-09-27 05:00:00,2024-09-27,5,4,0,fall,143,,,,
London,hour,2024-09-27 06:00:00,2024-09-27,6,4,0,fall,480,,,,
London,hour,2024-09-27 07:00:00,2024-09-27,7,4,0,fall,1107,,,,
London,hour,2024-09-27 08:00:00,2024-09-27,8,4,0,fall,1008,,,,
London,hour,2024-09-27 09:00:00,2024-09-27,9,4,0,fall,415,,,,
London,hour,2024-09-27 10:00:00,2024-09-27,10,4,0,fall,593,,,,
London,hour,2024-09-27 11:00:00,2024-09-27,11,4,0,fall,635,,,,
London,hour,2024-09-27 12:00:00,2024-09-27,12,4,0,fall,701,,,,
London,hour,2024-09-27 13:00:00,2024-09-27,13,4,0,fall,1002,,,,
London,hour,2024-09-27 14:00:00,2024-09-27,14,4,0,fall,905,,,,
London,hour,2024-09-27 15:00:00,2024-09-27,15,4,0,fall,1181,,,,
London,hour,2024-09-27 16:00:00,2024-09-27,16,4,0,fall,1624,,,,
London,hour,2024-09-27 17:00:00,2024-09-27,17,4,0,fall,2420,,,,
London,hour,2024-09-27 18:00:00,2024-09-27,18,4,0,fall,2322,,,,
London,hour,2024-09-27 19:00:00,2024-09-27,19,4,0,fall,1568,,,,
London,hour,2024-09-27 20:00:00,2024-09-27,20,4,0,fall,1002,,,,
London,hour,2024-09-27 21:00:00,2024-09-27,21,4,0,fall,722,,,,
London,hour,2024-09-27 22:00:00,2024-09-27,22,4,0,fall,620,,,,
London,hour,2024-09-27 23:00:00,2024-09-27,23,4,0,fall,515,,,,
London,hour,2024-09-28 00:00:00,2024-09-28,0,5,1,fall,358,,,,
London,hour,2024-09-28 01:00:00,2024-09-28,1,5,1,fall,255,,,,
London,hour,2024-09-28 02:00:00,2024-09-28,2,5,1,fall,165,,,,
London,hour,2024-09-28 03:00:00,2024-09-28,3,5,1,fall,89,,,,
London,hour,2024-09-28 04:00:00,2024-09-28,4,5,1,fall,95,,,,
London,hour,2024-09-28 05:00:00,2024-09-28,5,5,1,fall,75,,,,
London,hour,2024-09-28 06:00:00,2024-09-28,6,5,1,fall,136,,,,
London,hour,2024-09-28 07:00:00,2024-09-28,7,5,1,fall,309,,,,
London,hour,2024-09-28 08:00:00,2024-09-28,8,5,1,fall,711,,,,
London,hour,2024-09-28 09:00:00,2024-09-28,9,5,1,fall,1101,,,,
London,hour,2024-09-28 10:00:00,2024-09-28,10,5,1,fall,1539,,,,
London,hour,2024-09-28 11:00:00,2024-09-28,11,5,1,fall,1956,,,,
London,hour,2024-09-28 12:00:00,2024-09-28,12,5,1,fall,2076,,,,
London,hour,2024-09-28 13:00:00,2024-09-28,13,5,1,fall,1998,,,,
London,hour,2024-09-28 14:00:00,2024-09-28,14,5,1,fall,2270,,,,
London,hour,2024-09-28 15:00:00,2024-09-28,15,5,1,fall,2221,,,,
London,hour,2024-09-28 16:00:00,2024-09-28,16,5,1,fall,2205,,,,
London,hour,2024-09-28 17:00:00,2024-09-28,17,5,1,fall,2219,,,,
London,hour,2024-09-28 18:00:00,2024-09-28,18,5,1,fall,1847,,,,
London,hour,2024-09-28 19:00:00,2024-09-28,19,5,1,fall,1220,,,,
London,hour,2024-09-28 20:00:00,2024-09-28,20,5,1,fall,860,,,,
London,hour,2024-09-28 21:00:00,2024-09-28,21,5,1,fall,686,,,,
London,hour,2024-09-28 22:00:00,2024-09-28,22,5,1,fall,608,,,,
London,hour,2024-09-28 23:00:00,2024-09-28,23,5,1,fall,515,,,,
London,hour,2024-09-29 00:00:00,2024-09-29,0,6,1,fall,424,,,,
London,hour,2024-09-29 01:00:00,2024-09-29,1,6,1,fall,235,,,,
London,hour,2024-09-29 02:00:00,2024-09-29,2,6,1,fall,145,,,,
London,hour,2024-09-29 03:00:00,2024-09-29,3,6,1,fall,124,,,,
London,hour,2024-09-29 04:00:00,2024-09-29,4,6,1,fall,88,,,,
London,hour,2024-09-29 05:00:00,2024-09-29,5,6,1,fall,83,,,,
London,hour,2024-09-29 06:00:00,2024-09-29,6,6,1,fall,107,,,,
London,hour,2024-09-29 07:00:00,2024-09-29,7,6,1,fall,240,,,,
London,hour,2024-09-29 08:00:00,2024-09-29,8,6,1,fall,444,,,,
London,hour,2024-09-29 09:00:00,2024-09-29,9,6,1,fall,777,,,,
London,hour,2024-09-29 10:00:00,2024-09-29,10,6,1,fall,1161,,,,
London,hour,2024-09-29 11:00:00,2024-09-29,11,6,1,fall,1573,,,,
London,hour,2024-09-29 12:00:00,2024-09-29,12,6,1,fall,1709,,,,
London,hour,2024-09-29 13:00:00,2024-09-29,13,6,1,fall,1778,,,,
London,hour,2024-09-29 14:00:00,2024-09-29,14,6,1,fall,1736,,,,
London,hour,2024-09-29 15:00:00,2024-09-29,15,6,1,fall,1720,,,,
London,hour,2024-09-29 16:00:00,2024-09-29,16,6,1,fall,1725,,,,
London,hour,2024-09-29 17:00:00,2024-09-29,17,6,1,fall,1463,,,,
London,hour,2024-09-29 18:00:00,2024-09-29,18,6,1,fall,1243,,,,
London,hour,2024-09-29 19:00:00,2024-09-29,19,6,1,fall,865,,,,
London,hour,2024-09-29 20:00:00,2024-09-29,20,6,1,fall,548,,,,
London,hour,2024-09-29 21:00:00,2024-09-29,21,6,1,fall,318,,,,
London,hour,2024-09-29 22:00:00,2024-09-29,22,6,1,fall,270,,,,
London,hour,2024-09-29 23:00:00,2024-09-29,23,6,1,fall,206,,,,
London,hour,2024-09-30 00:00:00,2024-09-30,0,0,0,fall,93,,,,
London,hour,2024-09-30 01:00:00,2024-09-30,1,0,0,fall,69,,,,
London,hour,2024-09-30 02:00:00,2024-09-30,2,0,0,fall,26,,,,
London,hour,2024-09-30 03:00:00,2024-09-30,3,0,0,fall,16,,,,
London,hour,2024-09-30 04:00:00,2024-09-30,4,0,0,fall,37,,,,
London,hour,2024-09-30 05:00:00,2024-09-30,5,0,0,fall,86,,,,
London,hour,2024-09-30 06:00:00,2024-09-30,6,0,0,fall,398,,,,
London,hour,2024-09-30 07:00:00,2024-09-30,7,0,0,fall,1327,,,,
London,hour,2024-09-30 08:00:00,2024-09-30,8,0,0,fall,2365,,,,
London,hour,2024-09-30 09:00:00,2024-09-30,9,0,0,fall,1264,,,,
London,hour,2024-09-30 10:00:00,2024-09-30,10,0,0,fall,900,,,,
London,hour,2024-09-30 11:00:00,2024-09-30,11,0,0,fall,770,,,,
London,hour,2024-09-30 12:00:00,2024-09-30,12,0,0,fall,800,,,,
London,hour,2024-09-30 13:00:00,2024-09-30,13,0,0,fall,923,,,,
London,hour,2024-09-30 14:00:00,2024-09-30,14,0,0,fall,880,,,,
London,hour,2024-09-30 15:00:00,2024-09-30,15,0,0,fall,1098,,,,
London,hour,2024-09-30 16:00:00,2024-09-30,16,0,0,fall,1640,,,,
London,hour,2024-09-30 17:00:00,2024-09-30,17,0,0,fall,2839,,,,
London,hour,2024-09-30 18:00:00,2024-09-30,18,0,0,fall,2729,,,,
London,hour,2024-09-30 19:00:00,2024-09-30,19,0,0,fall,1696,,,,
London,hour,2024-09-30 20:00:00,2024-09-30,20,0,0,fall,1061,,,,
London,hour,2024-09-30 21:00:00,2024-09-30,21,0,0,fall,747,,,,
London,hour,2024-09-30 22:00:00,2024-09-30,22,0,0,fall,482,,,,
London,hour,2024-09-30 23:00:00,2024-09-30,23,0,0,fall,236,,,,
London,hour,2024-10-07 07:00:00,2024-10-07,7,0,0,fall,111,,,,
London,hour,2024-10-07 08:00:00,2024-10-07,8,0,0,fall,3488,,,,
London,hour,2024-10-07 09:00:00,2024-10-07,9,0,0,fall,1852,,,,
London,hour,2024-10-07 10:00:00,2024-10-07,10,0,0,fall,1034,,,,
London,hour,2024-10-07 11:00:00,2024-10-07,11,0,0,fall,1028,,,,
London,hour,2024-10-07 12:00:00,2024-10-07,12,0,0,fall,1202,,,,
London,hour,2024-10-07 13:00:00,2024-10-07,13,0,0,fall,1303,,,,
London,hour,2024-10-07 14:00:00,2024-10-07,14,0,0,fall,1149,,,,
London,hour,2024-10-07 15:00:00,2024-10-07,15,0,0,fall,1284,,,,
London,hour,2024-10-07 16:00:00,2024-10-07,16,0,0,fall,1948,,,,
London,hour,2024-10-07 17:00:00,2024-10-07,17,0,0,fall,3480,,,,
London,hour,2024-10-07 18:00:00,2024-10-07,18,0,0,fall,3261,,,,
London,hour,2024-10-07 19:00:00,2024-10-07,19,0,0,fall,1927,,,,
London,hour,2024-10-07 20:00:00,2024-10-07,20,0,0,fall,1135,,,,
London,hour,2024-10-07 21:00:00,2024-10-07,21,0,0,fall,787,,,,
London,hour,2024-10-07 22:00:00,2024-10-07,22,0,0,fall,330,,,,
London,hour,2024-10-07 23:00:00,2024-10-07,23,0,0,fall,110,,,,
London,hour,2024-10-08 00:00:00,2024-10-08,0,1,0,fall,95,,,,
London,hour,2024-10-08 01:00:00,2024-10-08,1,1,0,fall,48,,,,
London,hour,2024-10-08 02:00:00,2024-10-08,2,1,0,fall,25,,,,
London,hour,2024-10-08 03:00:00,2024-10-08,3,1,0,fall,27,,,,
London,hour,2024-10-08 04:00:00,2024-10-08,4,1,0,fall,51,,,,
London,hour,2024-10-08 05:00:00,2024-10-08,5,1,0,fall,177,,,,
London,hour,2024-10-08 06:00:00,2024-10-08,6,1,0,fall,708,,,,
London,hour,2024-10-08 07:00:00,2024-10-08,7,1,0,fall,1983,,,,
London,hour,2024-10-08 08:00:00,2024-10-08,8,1,0,fall,3856,,,,
London,hour,2024-10-08 09:00:00,2024-10-08,9,1,0,fall,1801,,,,
London,hour,2024-10-08 10:00:00,2024-10-08,10,1,0,fall,753,,,,
London,hour,2024-10-08 11:00:00,2024-10-08,11,1,0,fall,803,,,,
London,hour,2024-10-08 12:00:00,2024-10-08,12,1,0,fall,931,,,,
London,hour,2024-10-08 13:00:00,2024-10-08,13,1,0,fall,1047,,,,
London,hour,2024-10-08 14:00:00,2024-10-08,14,1,0,fall,1111,,,,
London,hour,2024-10-08 15:00:00,2024-10-08,15,1,0,fall,1071,,,,
London,hour,2024-10-08 16:00:00,2024-10-08,16,1,0,fall,1607,,,,
London,hour,2024-10-08 17:00:00,2024-10-08,17,1,0,fall,3014,,,,
London,hour,2024-10-08 18:00:00,2024-10-08,18,1,0,fall,2216,,,,
London,hour,2024-10-08 19:00:00,2024-10-08,19,1,0,fall,1567,,,,
London,hour,2024-10-08 20:00:00,2024-10-08,20,1,0,fall,929,,,,
London,hour,2024-10-08 21:00:00,2024-10-08,21,1,0,fall,690,,,,
London,hour,2024-10-08 22:00:00,2024-10-08,22,1,0,fall,527,,,,
London,hour,2024-10-08 23:00:00,2024-10-08,23,1,0,fall,282,,,,
London,hour,2024-10-09 00:00:00,2024-10-09,0,2,0,fall,124,,,,
London,hour,2024-10-09 01:00:00,2024-10-09,1,2,0,fall,53,,,,
London,hour,2024-10-09 02:00:00,2024-10-09,2,2,0,fall,33,,,,
London,hour,2024-10-09 03:00:00,2024-10-09,3,2,0,fall,24,,,,
London,hour,2024-10-09 04:00:00,2024-10-09,4,2,0,fall,57,,,,
London,hour,2024-10-09 05:00:00,2024-10-09,5,2,0,fall,163,,,,
London,hour,2024-10-09 06:00:00,2024-10-09,6,2,0,fall,679,,,,
London,hour,2024-10-09 07:00:00,2024-10-09,7,2,0,fall,2025,,,,
London,hour,2024-10-09 08:00:00,2024-10-09,8,2,0,fall,3958,,,,
London,hour,2024-10-09 09:00:00,2024-10-09,9,2,0,fall,2044,,,,
London,hour,2024-10-09 10:00:00,2024-10-09,10,2,0,fall,1263,,,,
London,hour,2024-10-09 11:00:00,2024-10-09,11,2,0,fall,1083,,,,
London,hour,2024-10-09 12:00:00,2024-10-09,12,2,0,fall,1412,,,,
London,hour,2024-10-09 13:00:00,2024-10-09,13,2,0,fall,1316,,,,
London,hour,2024-10-09 14:00:00,2024-10-09,14,2,0,fall,1188,,,,
London,hour,2024-10-09 15:00:00,2024-10-09,15,2,0,fall,1360,,,,
London,hour,2024-10-09 16:00:00,2024-10-09,16,2,0,fall,1936,,,,
London,hour,2024-10-09 17:00:00,2024-10-09,17,2,0,fall,3478,,,,
London,hour,2024-10-09 18:00:00,2024-10-09,18,2,0,fall,3230,,,,
London,hour,2024-10-09 19:00:00,2024-10-09,19,2,0,fall,1875,,,,
London,hour,2024-10-09 20:00:00,2024-10-09,20,2,0,fall,1239,,,,
London,hour,2024-10-09 21:00:00,2024-10-09,21,2,0,fall,1029,,,,
London,hour,2024-10-09 22:00:00,2024-10-09,22,2,0,fall,742,,,,
London,hour,2024-10-09 23:00:00,2024-10-09,23,2,0,fall,407,,,,
London,hour,2024-10-10 00:00:00,2024-10-10,0,3,0,fall,159,,,,
London,hour,2024-10-10 01:00:00,2024-10-10,1,3,0,fall,88,,,,
London,hour,2024-10-10 02:00:00,2024-10-10,2,3,0,fall,51,,,,
London,hour,2024-10-10 03:00:00,2024-10-10,3,3,0,fall,47,,,,
London,hour,2024-10-10 04:00:00,2024-10-10,4,3,0,fall,56,,,,
London,hour,2024-10-10 05:00:00,2024-10-10,5,3,0,fall,161,,,,
London,hour,2024-10-10 06:00:00,2024-10-10,6,3,0,fall,652,,,,
London,hour,2024-10-10 07:00:00,2024-10-10,7,3,0,fall,1906,,,,
London,hour,2024-10-10 08:00:00,2024-10-10,8,3,0,fall,3677,,,,
London,hour,2024-10-10 09:00:00,2024-10-10,9,3,0,fall,1939,,,,
London,hour,2024-10-10 10:00:00,2024-10-10,10,3,0,fall,1167,,,,
London,hour,2024-10-10 11:00:00,2024-10-10,11,3,0,fall,961,,,,
London,hour,2024-10-10 12:00:00,2024-10-10,12,3,0,fall,1198,,,,
London,hour,2024-10-10 13:00:00,2024-10-10,13,3,0,fall,1055,,,,
London,hour,2024-10-10 14:00:00,2024-10-10,14,3,0,fall,1136,,,,
London,hour,2024-10-10 15:00:00,2024-10-10,15,3,0,fall,1246,,,,
London,hour,2024-10-10 16:00:00,2024-10-10,16,3,0,fall,1909,,,,
London,hour,2024-10-10 17:00:00,2024-10-10,17,3,0,fall,3136,,,,
London,hour,2024-10-10 18:00:00,2024-10-10,18,3,0,fall,3055,,,,
London,hour,2024-10-10 19:00:00,2024-10-10,19,3,0,fall,1737,,,,
London,hour,2024-10-10 20:00:00,2024-10-10,20,3,0,fall,1174,,,,
London,hour,2024-10-10 21:00:00,2024-10-10,21,3,0,fall,1015,,,,
London,hour,2024-10-10 22:00:00,2024-10-10,22,3,0,fall,785,,,,
London,hour,2024-10-10 23:00:00,2024-10-10,23,3,0,fall,510,,,,
London,hour,2024-10-11 00:00:00,2024-10-11,0,4,0,fall,211,,,,
London,hour,2024-10-11 01:00:00,2024-10-11,1,4,0,fall,114,,,,
London,hour,2024-10-11 02:00:00,2024-10-11,2,4,0,fall,72,,,,
London,hour,2024-10-11 03:00:00,2024-10-11,3,4,0,fall,55,,,,
London,hour,2024-10-11 04:00:00,2024-10-11,4,4,0,fall,65,,,,
London,hour,2024-10-11 05:00:00,2024-10-11,5,4,0,fall,147,,,,
London,hour,2024-10-11 06:00:00,2024-10-11,6,4,0,fall,541,,,,
London,hour,2024-10-11 07:00:00,2024-10-11,7,4,0,fall,1354,,,,
London,hour,2024-10-11 08:00:00,2024-10-11,8,4,0,fall,2729,,,,
London,hour,2024-10-11 09:00:00,2024-10-11,9,4,0,fall,1689,,,,
London,hour,2024-10-11 10:00:00,2024-10-11,10,4,0,fall,1383,,,,
London,hour,2024-10-11 11:00:00,2024-10-11,11,4,0,fall,1289,,,,
London,hour,2024-10-11 12:00:00,2024-10-11,12,4,0,fall,1465,,,,
London,hour,2024-10-11 13:00:00,2024-10-11,13,4,0,fall,1643,,,,
London,hour,2024-10-11 14:00:00,2024-10-11,14,4,0,fall,1594,,,,
London,hour,2024-10-11 15:00:00,2024-10-11,15,4,0,fall,1705,,,,
London,hour,2024-10-11 16:00:00,2024-10-11,16,4,0,fall,2177,,,,
London,hour,2024-10-11 17:00:00,2024-10-11,17,4,0,fall,2878,,,,
London,hour,2024-10-11 18:00:00,2024-10-11,18,4,0,fall,2448,,,,
London,hour,2024-10-11 19:00:00,2024-10-11,19,4,0,fall,1598,,,,
London,hour,2024-10-11 20:00:00,2024-10-11,20,4,0,fall,1052,,,,
London,hour,2024-10-11 21:00:00,2024-10-11,21,4,0,fall,769,,,,
London,hour,2024-10-11 22:00:00,2024-10-11,22,4,0,fall,666,,,,
London,hour,2024-10-11 23:00:00,2024-10-11,23,4,0,fall,577,,,,
London,hour,2024-10-12 00:00:00,2024-10-12,0,5,1,fall,403,,,,
London,hour,2024-10-12 01:00:00,2024-10-12,1,5,1,fall,237,,,,
London,hour,2024-10-12 02:00:00,2024-10-12,2,5,1,fall,163,,,,
London,hour,2024-10-12 03:00:00,2024-10-12,3,5,1,fall,117,,,,
London,hour,2024-10-12 04:00:00,2024-10-12,4,5,1,fall,65,,,,
London,hour,2024-10-12 05:00:00,2024-10-12,5,5,1,fall,93,,,,
London,hour,2024-10-12 06:00:00,2024-10-12,6,5,1,fall,157,,,,
London,hour,2024-10-12 07:00:00,2024-10-12,7,5,1,fall,356,,,,
London,hour,2024-10-12 08:00:00,2024-10-12,8,5,1,fall,740,,,,
London,hour,2024-10-12 09:00:00,2024-10-12,9,5,1,fall,1161,,,,
London,hour,2024-10-12 10:00:00,2024-10-12,10,5,1,fall,1572,,,,
London,hour,2024-10-12 11:00:00,2024-10-12,11,5,1,fall,1785,,,,
London,hour,2024-10-12 12:00:00,2024-10-12,12,5,1,fall,1903,,,,
London,hour,2024-10-12 13:00:00,2024-10-12,13,5,1,fall,1971,,,,
London,hour,2024-10-12 14:00:00,2024-10-12,14,5,1,fall,1184,,,,
London,hour,2024-10-12 15:00:00,2024-10-12,15,5,1,fall,1338,,,,
London,hour,2024-10-12 16:00:00,2024-10-12,16,5,1,fall,1739,,,,
London,hour,2024-10-12 17:00:00,2024-10-12,17,5,1,fall,1819,,,,
London,hour,2024-10-12 18:00:00,2024-10-12,18,5,1,fall,1770,,,,
London,hour,2024-10-12 19:00:00,2024-10-12,19,5,1,fall,1184,,,,
London,hour,2024-10-12 20:00:00,2024-10-12,20,5,1,fall,772,,,,
London,hour,2024-10-12 21:00:00,2024-10-12,21,5,1,fall,632,,,,
London,hour,2024-10-12 22:00:00,2024-10-12,22,5,1,fall,569,,,,
London,hour,2024-10-12 23:00:00,2024-10-12,23,5,1,fall,527,,,,
London,hour,2024-10-13 00:00:00,2024-10-13,0,6,1,fall,406,,,,
London,hour,2024-10-13 01:00:00,2024-10-13,1,6,1,fall,266,,,,
London,hour,2024-10-13 02:00:00,2024-10-13,2,6,1,fall,171,,,,
London,hour,2024-10-13 03:00:00,2024-10-13,3,6,1,fall,112,,,,
London,hour,2024-10-13 04:00:00,2024-10-13,4,6,1,fall,65,,,,
London,hour,2024-10-13 05:00:00,2024-10-13,5,6,1,fall,68,,,,
London,hour,2024-10-13 06:00:00,2024-10-13,6,6,1,fall,122,,,,
London,hour,2024-10-13 07:00:00,2024-10-13,7,6,1,fall,282,,,,
London,hour,2024-10-13 08:00:00,2024-10-13,8,6,1,fall,554,,,,
London,hour,2024-10-13 09:00:00,2024-10-13,9,6,1,fall,902,,,,
London,hour,2024-10-13 10:00:00,2024-10-13,10,6,1,fall,1309,,,,
London,hour,2024-10-13 11:00:00,2024-10-13,11,6,1,fall,1523,,,,
London,hour,2024-10-13 12:00:00,2024-10-13,12,6,1,fall,1786,,,,
London,hour,2024-10-13 13:00:00,2024-10-13,13,6,1,fall,1824,,,,
London,hour,2024-10-13 14:00:00,2024-10-13,14,6,1,fall,1734,,,,
London,hour,2024-10-13 15:00:00,2024-10-13,15,6,1,fall,1761,,,,
London,hour,2024-10-13 16:00:00,2024-10-13,16,6,1,fall,1726,,,,
London,hour,2024-10-13 17:00:00,2024-10-13,17,6,1,fall,1575,,,,
London,hour,2024-10-13 18:00:00,2024-10-13,18,6,1,fall,1284,,,,
London,hour,2024-10-13 19:00:00,2024-10-13,19,6,1,fall,907,,,,
London,hour,2024-10-13 20:00:00,2024-10-13,20,6,1,fall,621,,,,
London,hour,2024-10-13 21:00:00,2024-10-13,21,6,1,fall,476,,,,
London,hour,2024-10-13 22:00:00,2024-10-13,22,6,1,fall,391,,,,
London,hour,2024-10-13 23:00:00,2024-10-13,23,6,1,fall,278,,,,
London,hour,2024-10-14 00:00:00,2024-10-14,0,0,0,fall,120,,,,
London,hour,2024-10-14 01:00:00,2024-10-14,1,0,0,fall,63,,,,
London,hour,2024-10-14 02:00:00,2024-10-14,2,0,0,fall,36,,,,
London,hour,2024-10-14 03:00:00,2024-10-14,3,0,0,fall,9,,,,
London,hour,2024-10-14 04:00:00,2024-10-14,4,0,0,fall,31,,,,
London,hour,2024-10-14 05:00:00,2024-10-14,5,0,0,fall,96,,,,
London,hour,2024-10-14 06:00:00,2024-10-14,6,0,0,fall,339,,,,
London,hour,2024-10-14 07:00:00,2024-10-14,7,0,0,fall,795,,,,
London,hour,2024-10-14 08:00:00,2024-10-14,8,0,0,fall,1172,,,,
London,hour,2024-10-14 09:00:00,2024-10-14,9,0,0,fall,814,,,,
London,hour,2024-10-14 10:00:00,2024-10-14,10,0,0,fall,513,,,,
London,hour,2024-10-14 11:00:00,2024-10-14,11,0,0,fall,620,,,,
London,hour,2024-10-14 12:00:00,2024-10-14,12,0,0,fall,888,,,,
London,hour,2024-10-14 13:00:00,2024-10-14,13,0,0,fall,897,,,,
London,hour,2024-10-14 14:00:00,2024-10-14,14,0,0,fall,873,,,,
London,hour,2024-10-14 15:00:00,2024-10-14,15,0,0,fall,1068,,,,
London,hour,2024-10-14 16:00:00,2024-10-14,16,0,0,fall,1579,,,,
London,hour,2024-10-14 17:00:00,2024-10-14,17,0,0,fall,2754,,,,
London,hour,2024-10-14 18:00:00,2024-10-14,18,0,0,fall,2416,,,,
London,hour,2024-10-14 19:00:00,2024-10-14,19,0,0,fall,1530,,,,
London,hour,2024-10-14 20:00:00,2024-10-14,20,0,0,fall,1024,,,,
London,hour,2024-10-14 21:00:00,2024-10-14,21,0,0,fall,692,,,,
London,hour,2024-10-14 22:00:00,2024-10-14,22,0,0,fall,498,,,,
London,hour,2024-10-14 23:00:00,2024-10-14,23,0,0,fall,265,,,,
London,hour,2024-10-15 00:00:00,2024-10-15,0,1,0,fall,112,,,,
London,hour,2024-10-15 01:00:00,2024-10-15,1,1,0,fall,51,,,,
London,hour,2024-10-15 02:00:00,2024-10-15,2,1,0,fall,28,,,,
London,hour,2024-10-15 03:00:00,2024-10-15,3,1,0,fall,40,,,,
London,hour,2024-10-15 04:00:00,2024-10-15,4,1,0,fall,49,,,,
London,hour,2024-10-15 05:00:00,2024-10-15,5,1,0,fall,150,,,,
London,hour,2024-10-15 06:00:00,2024-10-15,6,1,0,fall,685,,,,
London,hour,2024-10-15 07:00:00,2024-10-15,7,1,0,fall,2003,,,,
London,hour,2024-10-15 08:00:00,2024-10-15,8,1,0,fall,4142,,,,
London,hour,2024-10-15 09:00:00,2024-10-15,9,1,0,fall,2003,,,,
London,hour,2024-10-15 10:00:00,2024-10-15,10,1,0,fall,1257,,,,
London,hour,2024-10-15 11:00:00,2024-10-15,11,1,0,fall,1103,,,,
London,hour,2024-10-15 12:00:00,2024-10-15,12,1,0,fall,1200,,,,
London,hour,2024-10-15 13:00:00,2024-10-15,13,1,0,fall,1276,,,,
London,hour,2024-10-15 14:00:00,2024-10-15,14,1,0,fall,1114,,,,
London,hour,2024-10-15 15:00:00,2024-10-15,15,1,0,fall,1370,,,,
London,hour,2024-10-15 16:00:00,2024-10-15,16,1,0,fall,1991,,,,
London,hour,2024-10-15 17:00:00,2024-10-15,17,1,0,fall,3659,,,,
London,hour,2024-10-15 18:00:00,2024-10-15,18,1,0,fall,3414,,,,
London,hour,2024-10-15 19:00:00,2024-10-15,19,1,0,fall,1922,,,,
London,hour,2024-10-15 20:00:00,2024-10-15,20,1,0,fall,1274,,,,
London,hour,2024-10-15 21:00:00,2024-10-15,21,1,0,fall,804,,,,
London,hour,2024-10-15 22:00:00,2024-10-15,22,1,0,fall,540,,,,
London,hour,2024-10-15 23:00:00,2024-10-15,23,1,0,fall,312,,,,
London,hour,2024-10-16 00:00:00,2024-10-16,0,2,0,fall,102,,,,
London,hour,2024-10-16 01:00:00,2024-10-16,1,2,0,fall,57,,,,
London,hour,2024-10-16 02:00:00,2024-10-16,2,2,0,fall,42,,,,
London,hour,2024-10-16 03:00:00,2024-10-16,3,2,0,fall,35,,,,
London,hour,2024-10-16 04:00:00,2024-10-16,4,2,0,fall,46,,,,
London,hour,2024-10-16 05:00:00,2024-10-16,5,2,0,fall,177,,,,
London,hour,2024-10-16 06:00:00,2024-10-16,6,2,0,fall,672,,,,
London,hour,2024-10-16 07:00:00,2024-10-16,7,2,0,fall,1937,,,,
London,hour,2024-10-16 08:00:00,2024-10-16,8,2,0,fall,3926,,,,
London,hour,2024-10-16 09:00:00,2024-10-16,9,2,0,fall,2091,,,,
London,hour,2024-10-16 10:00:00,2024-10-16,10,2,0,fall,1218,,,,
London,hour,2024-10-16 11:00:00,2024-10-16,11,2,0,fall,1098,,,,
London,hour,2024-10-16 12:00:00,2024-10-16,12,2,0,fall,1358,,,,
London,hour,2024-10-16 13:00:00,2024-10-16,13,2,0,fall,1376,,,,
London,hour,2024-10-16 14:00:00,2024-10-16,14,2,0,fall,1193,,,,
London,hour,2024-10-16 15:00:00,2024-10-16,15,2,0,fall,1413,,,,
London,hour,2024-10-16 16:00:00,2024-10-16,16,2,0,fall,2000,,,,
London,hour,2024-10-16 17:00:00,2024-10-16,17,2,0,fall,3754,,,,
London,hour,2024-10-16 18:00:00,2024-10-16,18,2,0,fall,3460,,,,
London,hour,2024-10-16 19:00:00,2024-10-16,19,2,0,fall,2029,,,,
London,hour,2024-10-16 20:00:00,2024-10-16,20,2,0,fall,1250,,,,
London,hour,2024-10-16 21:00:00,2024-10-16,21,2,0,fall,938,,,,
London,hour,2024-10-16 22:00:00,2024-10-16,22,2,0,fall,728,,,,
London,hour,2024-10-16 23:00:00,2024-10-16,23,2,0,fall,315,,,,
London,hour,2024-10-17 00:00:00,2024-10-17,0,3,0,fall,153,,,,
London,hour,2024-10-17 01:00:00,2024-10-17,1,3,0,fall,73,,,,
London,hour,2024-10-17 02:00:00,2024-10-17,2,3,0,fall,41,,,,
London,hour,2024-10-17 03:00:00,2024-10-17,3,3,0,fall,39,,,,
London,hour,2024-10-17 04:00:00,2024-10-17,4,3,0,fall,56,,,,
London,hour,2024-10-17 05:00:00,2024-10-17,5,3,0,fall,169,,,,
London,hour,2024-10-17 06:00:00,2024-10-17,6,3,0,fall,685,,,,
London,hour,2024-10-17 07:00:00,2024-10-17,7,3,0,fall,1895,,,,
London,hour,2024-10-17 08:00:00,2024-10-17,8,3,0,fall,4105,,,,
London,hour,2024-10-17 09:00:00,2024-10-17,9,3,0,fall,2238,,,,
London,hour,2024-10-17 10:00:00,2024-10-17,10,3,0,fall,1316,,,,
London,hour,2024-10-17 11:00:00,2024-10-17,11,3,0,fall,1168,,,,
London,hour,2024-10-17 12:00:00,2024-10-17,12,3,0,fall,1385,,,,
London,hour,2024-10-17 13:00:00,2024-10-17,13,3,0,fall,1377,,,,
London,hour,2024-10-17 14:00:00,2024-10-17,14,3,0,fall,1285,,,,
London,hour,2024-10-17 15:00:00,2024-10-17,15,3,0,fall,1541,,,,
London,hour,2024-10-17 16:00:00,2024-10-17,16,3,0,fall,2109,,,,
London,hour,2024-10-17 17:00:00,2024-10-17,17,3,0,fall,3606,,,,
London,hour,2024-10-17 18:00:00,2024-10-17,18,3,0,fall,3251,,,,
London,hour,2024-10-17 19:00:00,2024-10-17,19,3,0,fall,1960,,,,
London,hour,2024-10-17 20:00:00,2024-10-17,20,3,0,fall,1314,,,,
London,hour,2024-10-17 21:00:00,2024-10-17,21,3,0,fall,990,,,,
London,hour,2024-10-17 22:00:00,2024-10-17,22,3,0,fall,799,,,,
London,hour,2024-10-17 23:00:00,2024-10-17,23,3,0,fall,529,,,,
London,hour,2024-10-18 00:00:00,2024-10-18,0,4,0,fall,235,,,,
London,hour,2024-10-18 01:00:00,2024-10-18,1,4,0,fall,130,,,,
London,hour,2024-10-18 02:00:00,2024-10-18,2,4,0,fall,63,,,,
London,hour,2024-10-18 03:00:00,2024-10-18,3,4,0,fall,57,,,,
London,hour,2024-10-18 04:00:00,2024-10-18,4,4,0,fall,57,,,,
London,hour,2024-10-18 05:00:00,2024-10-18,5,4,0,fall,158,,,,
London,hour,2024-10-18 06:00:00,2024-10-18,6,4,0,fall,563,,,,
London,hour,2024-10-18 07:00:00,2024-10-18,7,4,0,fall,1339,,,,
London,hour,2024-10-18 08:00:00,2024-10-18,8,4,0,fall,2701,,,,
London,hour,2024-10-18 09:00:00,2024-10-18,9,4,0,fall,1730,,,,
London,hour,2024-10-18 10:00:00,2024-10-18,10,4,0,fall,1159,,,,
London,hour,2024-10-18 11:00:00,2024-10-18,11,4,0,fall,1208,,,,
London,hour,2024-10-18 12:00:00,2024-10-18,12,4,0,fall,1415,,,,
London,hour,2024-10-18 13:00:00,2024-10-18,13,4,0,fall,1598,,,,
London,hour,2024-10-18 14:00:00,2024-10-18,14,4,0,fall,1527,,,,
London,hour,2024-10-18 15:00:00,2024-10-18,15,4,0,fall,1653,,,,
London,hour,2024-10-18 16:00:00,2024-10-18,16,4,0,fall,2167,,,,
London,hour,2024-10-18 17:00:00,2024-10-18,17,4,0,fall,3119,,,,
London,hour,2024-10-18 18:00:00,2024-10-18,18,4,0,fall,2603,,,,
London,hour,2024-10-18 19:00:00,2024-10-18,19,4,0,fall,1623,,,,
London,hour,2024-10-18 20:00:00,2024-10-18,20,4,0,fall,1076,,,,
London,hour,2024-10-18 21:00:00,2024-10-18,21,4,0,fall,809,,,,
London,hour,2024-10-18 22:00:00,2024-10-18,22,4,0,fall,845,,,,
London,hour,2024-10-18 23:00:00,2024-10-18,23,4,0,fall,428,,,,
London,hour,2024-10-19 00:00:00,2024-10-19,0,5,1,fall,316,,,,
London,hour,2024-10-19 01:00:00,2024-10-19,1,5,1,fall,233,,,,
London,hour,2024-10-19 02:00:00,2024-10-19,2,5,1,fall,151,,,,
London,hour,2024-10-19 03:00:00,2024-10-19,3,5,1,fall,133,,,,
London,hour,2024-10-19 04:00:00,2024-10-19,4,5,1,fall,72,,,,
London,hour,2024-10-19 05:00:00,2024-10-19,5,5,1,fall,38,,,,
London,hour,2024-10-19 06:00:00,2024-10-19,6,5,1,fall,91,,,,
London,hour,2024-10-19 07:00:00,2024-10-19,7,5,1,fall,220,,,,
London,hour,2024-10-19 08:00:00,2024-10-19,8,5,1,fall,407,,,,
London,hour,2024-10-19 09:00:00,2024-10-19,9,5,1,fall,717,,,,
London,hour,2024-10-19 10:00:00,2024-10-19,10,5,1,fall,932,,,,
London,hour,2024-10-19 11:00:00,2024-10-19,11,5,1,fall,1280,,,,
London,hour,2024-10-19 12:00:00,2024-10-19,12,5,1,fall,1592,,,,
London,hour,2024-10-19 13:00:00,2024-10-19,13,5,1,fall,1789,,,,
London,hour,2024-10-19 14:00:00,2024-10-19,14,5,1,fall,2025,,,,
London,hour,2024-10-19 15:00:00,2024-10-19,15,5,1,fall,2049,,,,
London,hour,2024-10-19 16:00:00,2024-10-19,16,5,1,fall,2207,,,,
London,hour,2024-10-19 17:00:00,2024-10-19,17,5,1,fall,2301,,,,
London,hour,2024-10-19 18:00:00,2024-10-19,18,5,1,fall,1805,,,,
London,hour,2024-10-19 19:00:00,2024-10-19,19,5,1,fall,1259,,,,
London,hour,2024-10-19 20:00:00,2024-10-19,20,5,1,fall,880,,,,
London,hour,2024-10-19 21:00:00,2024-10-19,21,5,1,fall,680,,,,
London,hour,2024-10-19 22:00:00,2024-10-19,22,5,1,fall,665,,,,
London,hour,2024-10-19 23:00:00,2024-10-19,23,5,1,fall,562,,,,
London,hour,2024-10-20 00:00:00,2024-10-20,0,6,1,fall,438,,,,
London,hour,2024-10-20 01:00:00,2024-10-20,1,6,1,fall,339,,,,
London,hour,2024-10-20 02:00:00,2024-10-20,2,6,1,fall,235,,,,
London,hour,2024-10-20 03:00:00,2024-10-20,3,6,1,fall,142,,,,
London,hour,2024-10-20 04:00:00,2024-10-20,4,6,1,fall,80,,,,
London,hour,2024-10-20 05:00:00,2024-10-20,5,6,1,fall,76,,,,
London,hour,2024-10-20 06:00:00,2024-10-20,6,6,1,fall,109,,,,
London,hour,2024-10-20 07:00:00,2024-10-20,7,6,1,fall,226,,,,
London,hour,2024-10-20 08:00:00,2024-10-20,8,6,1,fall,451,,,,
London,hour,2024-10-20 09:00:00,2024-10-20,9,6,1,fall,804,,,,
London,hour,2024-10-20 10:00:00,2024-10-20,10,6,1,fall,722,,,,
London,hour,2024-10-20 11:00:00,2024-10-20,11,6,1,fall,855,,,,
London,hour,2024-10-20 12:00:00,2024-10-20,12,6,1,fall,1136,,,,
London,hour,2024-10-20 13:00:00,2024-10-20,13,6,1,fall,1067,,,,
London,hour,2024-10-20 14:00:00,2024-10-20,14,6,1,fall,1011,,,,
London,hour,2024-10-20 15:00:00,2024-10-20,15,6,1,fall,1151,,,,
London,hour,2024-10-20 16:00:00,2024-10-20,16,6,1,fall,1330,,,,
London,hour,2024-10-20 17:00:00,2024-10-20,17,6,1,fall,1398,,,,
London,hour,2024-10-20 18:00:00,2024-10-20,18,6,1,fall,1197,,,,
London,hour,2024-10-20 19:00:00,2024-10-20,19,6,1,fall,892,,,,
London,hour,2024-10-20 20:00:00,2024-10-20,20,6,1,fall,664,,,,
London,hour,2024-10-20 21:00:00,2024-10-20,21,6,1,fall,454,,,,
London,hour,2024-10-20 22:00:00,2024-10-20,22,6,1,fall,464,,,,
London,hour,2024-10-20 23:00:00,2024-10-20,23,6,1,fall,233,,,,
London,hour,2024-10-21 00:00:00,2024-10-21,0,0,0,fall,170,,,,
London,hour,2024-10-21 01:00:00,2024-10-21,1,0,0,fall,60,,,,
London,hour,2024-10-21 02:00:00,2024-10-21,2,0,0,fall,38,,,,
London,hour,2024-10-21 03:00:00,2024-10-21,3,0,0,fall,27,,,,
London,hour,2024-10-21 04:00:00,2024-10-21,4,0,0,fall,45,,,,
London,hour,2024-10-21 05:00:00,2024-10-21,5,0,0,fall,170,,,,
London,hour,2024-10-21 06:00:00,2024-10-21,6,0,0,fall,596,,,,
London,hour,2024-10-21 07:00:00,2024-10-21,7,0,0,fall,1753,,,,
London,hour,2024-10-21 08:00:00,2024-10-21,8,0,0,fall,3299,,,,
London,hour,2024-10-21 09:00:00,2024-10-21,9,0,0,fall,1819,,,,
London,hour,2024-10-21 10:00:00,2024-10-21,10,0,0,fall,1110,,,,
London,hour,2024-10-21 11:00:00,2024-10-21,11,0,0,fall,984,,,,
London,hour,2024-10-21 12:00:00,2024-10-21,12,0,0,fall,1268,,,,
London,hour,2024-10-21 13:00:00,2024-10-21,13,0,0,fall,1264,,,,
London,hour,2024-10-21 14:00:00,2024-10-21,14,0,0,fall,1153,,,,
London,hour,2024-10-21 15:00:00,2024-10-21,15,0,0,fall,1319,,,,
London,hour,2024-10-21 16:00:00,2024-10-21,16,0,0,fall,1777,,,,
London,hour,2024-10-21 17:00:00,2024-10-21,17,0,0,fall,3293,,,,
London,hour,2024-10-21 18:00:00,2024-10-21,18,0,0,fall,2895,,,,
London,hour,2024-10-21 19:00:00,2024-10-21,19,0,0,fall,1733,,,,
London,hour,2024-10-21 20:00:00,2024-10-21,20,0,0,fall,1189,,,,
London,hour,2024-10-21 21:00:00,2024-10-21,21,0,0,fall,805,,,,
London,hour,2024-10-21 22:00:00,2024-10-21,22,0,0,fall,525,,,,
London,hour,2024-10-21 23:00:00,2024-10-21,23,0,0,fall,299,,,,
London,hour,2024-10-22 00:00:00,2024-10-22,0,1,0,fall,137,,,,
London,hour,2024-10-22 01:00:00,2024-10-22,1,1,0,fall,70,,,,
London,hour,2024-10-22 02:00:00,2024-10-22,2,1,0,fall,43,,,,
London,hour,2024-10-22 03:00:00,2024-10-22,3,1,0,fall,25,,,,
London,hour,2024-10-22 04:00:00,2024-10-22,4,1,0,fall,41,,,,
London,hour,2024-10-22 05:00:00,2024-10-22,5,1,0,fall,167,,,,
London,hour,2024-10-22 06:00:00,2024-10-22,6,1,0,fall,678,,,,
London,hour,2024-10-22 07:00:00,2024-10-22,7,1,0,fall,2018,,,,
London,hour,2024-10-22 08:00:00,2024-10-22,8,1,0,fall,4091,,,,
London,hour,2024-10-22 09:00:00,2024-10-22,9,1,0,fall,2192,,,,
London,hour,2024-10-22 10:00:00,2024-10-22,10,1,0,fall,1295,,,,
London,hour,2024-10-22 11:00:00,2024-10-22,11,1,0,fall,1143,,,,
London,hour,2024-10-22 12:00:00,2024-10-22,12,1,0,fall,1337,,,,
London,hour,2024-10-22 13:00:00,2024-10-22,13,1,0,fall,1335,,,,
London,hour,2024-10-22 14:00:00,2024-10-22,14,1,0,fall,1193,,,,
London,hour,2024-10-22 15:00:00,2024-10-22,15,1,0,fall,1595,,,,
London,hour,2024-10-22 16:00:00,2024-10-22,16,1,0,fall,2009,,,,
London,hour,2024-10-22 17:00:00,2024-10-22,17,1,0,fall,3758,,,,
London,hour,2024-10-22 18:00:00,2024-10-22,18,1,0,fall,3389,,,,
London,hour,2024-10-22 19:00:00,2024-10-22,19,1,0,fall,2011,,,,
London,hour,2024-10-22 20:00:00,2024-10-22,20,1,0,fall,1358,,,,
London,hour,2024-10-22 21:00:00,2024-10-22,21,1,0,fall,900,,,,
London,hour,2024-10-22 22:00:00,2024-10-22,22,1,0,fall,735,,,,
London,hour,2024-10-22 23:00:00,2024-10-22,23,1,0,fall,349,,,,
London,hour,2024-10-23 00:00:00,2024-10-23,0,2,0,fall,172,,,,
London,hour,2024-10-23 01:00:00,2024-10-23,1,2,0,fall,88,,,,
London,hour,2024-10-23 02:00:00,2024-10-23,2,2,0,fall,40,,,,
London,hour,2024-10-23 03:00:00,2024-10-23,3,2,0,fall,23,,,,
London,hour,2024-10-23 04:00:00,2024-10-23,4,2,0,fall,53,,,,
London,hour,2024-10-23 05:00:00,2024-10-23,5,2,0,fall,176,,,,
London,hour,2024-10-23 06:00:00,2024-10-23,6,2,0,fall,647,,,,
London,hour,2024-10-23 07:00:00,2024-10-23,7,2,0,fall,1970,,,,
London,hour,2024-10-23 08:00:00,2024-10-23,8,2,0,fall,3982,,,,
London,hour,2024-10-23 09:00:00,2024-10-23,9,2,0,fall,2201,,,,
London,hour,2024-10-23 10:00:00,2024-10-23,10,2,0,fall,1344,,,,
London,hour,2024-10-23 11:00:00,2024-10-23,11,2,0,fall,1142,,,,
London,hour,2024-10-23 12:00:00,2024-10-23,12,2,0,fall,1504,,,,
London,hour,2024-10-23 13:00:00,2024-10-23,13,2,0,fall,1380,,,,
London,hour,2024-10-23 14:00:00,2024-10-23,14,2,0,fall,1295,,,,
London,hour,2024-10-23 15:00:00,2024-10-23,15,2,0,fall,1423,,,,
London,hour,2024-10-23 16:00:00,2024-10-23,16,2,0,fall,2020,,,,
London,hour,2024-10-23 17:00:00,2024-10-23,17,2,0,fall,3578,,,,
London,hour,2024-10-23 18:00:00,2024-10-23,18,2,0,fall,3353,,,,
London,hour,2024-10-23 19:00:00,2024-10-23,19,2,0,fall,2007,,,,
London,hour,2024-10-23 20:00:00,2024-10-23,20,2,0,fall,1290,,,,
London,hour,2024-10-23 21:00:00,2024-10-23,21,2,0,fall,1003,,,,
London,hour,2024-10-23 22:00:00,2024-10-23,22,2,0,fall,786,,,,
London,hour,2024-10-23 23:00:00,2024-10-23,23,2,0,fall,425,,,,
London,hour,2024-10-24 00:00:00,2024-10-24,0,3,0,fall,170,,,,
London,hour,2024-10-24 01:00:00,2024-10-24,1,3,0,fall,107,,,,
London,hour,2024-10-24 02:00:00,2024-10-24,2,3,0,fall,73,,,,
London,hour,2024-10-24 03:00:00,2024-10-24,3,3,0,fall,28,,,,
London,hour,2024-10-24 04:00:00,2024-10-24,4,3,0,fall,54,,,,
London,hour,2024-10-24 05:00:00,2024-10-24,5,3,0,fall,180,,,,
London,hour,2024-10-24 06:00:00,2024-10-24,6,3,0,fall,662,,,,
London,hour,2024-10-24 07:00:00,2024-10-24,7,3,0,fall,1833,,,,
London,hour,2024-10-24 08:00:00,2024-10-24,8,3,0,fall,4056,,,,
London,hour,2024-10-24 09:00:00,2024-10-24,9,3,0,fall,2283,,,,
London,hour,2024-10-24 10:00:00,2024-10-24,10,3,0,fall,1406,,,,
London,hour,2024-10-24 11:00:00,2024-10-24,11,3,0,fall,1262,,,,
London,hour,2024-10-24 12:00:00,2024-10-24,12,3,0,fall,1474,,,,
London,hour,2024-10-24 13:00:00,2024-10-24,13,3,0,fall,1341,,,,
London,hour,2024-10-24 14:00:00,2024-10-24,14,3,0,fall,1386,,,,
London,hour,2024-10-24 15:00:00,2024-10-24,15,3,0,fall,1558,,,,
London,hour,2024-10-24 16:00:00,2024-10-24,16,3,0,fall,2028,,,,
London,hour,2024-10-24 17:00:00,2024-10-24,17,3,0,fall,3612,,,,
London,hour,2024-10-24 18:00:00,2024-10-24,18,3,0,fall,3216,,,,
London,hour,2024-10-24 19:00:00,2024-10-24,19,3,0,fall,2014,,,,
London,hour,2024-10-24 20:00:00,2024-10-24,20,3,0,fall,1299,,,,
London,hour,2024-10-24 21:00:00,2024-10-24,21,3,0,fall,1025,,,,
London,hour,2024-10-24 22:00:00,2024-10-24,22,3,0,fall,795,,,,
London,hour,2024-10-24 23:00:00,2024-10-24,23,3,0,fall,489,,,,
London,hour,2024-10-25 00:00:00,2024-10-25,0,4,0,fall,241,,,,
London,hour,2024-10-25 01:00:00,2024-10-25,1,4,0,fall,145,,,,
London,hour,2024-10-25 02:00:00,2024-10-25,2,4,0,fall,84,,,,
London,hour,2024-10-25 03:00:00,2024-10-25,3,4,0,fall,58,,,,
London,hour,2024-10-25 04:00:00,2024-10-25,4,4,0,fall,51,,,,
London,hour,2024-10-25 05:00:00,2024-10-25,5,4,0,fall,141,,,,
London,hour,2024-10-25 06:00:00,2024-10-25,6,4,0,fall,499,,,,
London,hour,2024-10-25 07:00:00,2024-10-25,7,4,0,fall,1275,,,,
London,hour,2024-10-25 08:00:00,2024-10-25,8,4,0,fall,2567,,,,
London,hour,2024-10-25 09:00:00,2024-10-25,9,4,0,fall,1730,,,,
London,hour,2024-10-25 10:00:00,2024-10-25,10,4,0,fall,1171,,,,
London,hour,2024-10-25 11:00:00,2024-10-25,11,4,0,fall,1218,,,,
London,hour,2024-10-25 12:00:00,2024-10-25,12,4,0,fall,1476,,,,
London,hour,2024-10-25 13:00:00,2024-10-25,13,4,0,fall,1508,,,,
London,hour,2024-10-25 14:00:00,2024-10-25,14,4,0,fall,1427,,,,
London,hour,2024-10-25 15:00:00,2024-10-25,15,4,0,fall,1205,,,,
London,hour,2024-10-25 16:00:00,2024-10-25,16,4,0,fall,1335,,,,
London,hour,2024-10-25 17:00:00,2024-10-25,17,4,0,fall,2113,,,,
London,hour,2024-10-25 18:00:00,2024-10-25,18,4,0,fall,2092,,,,
London,hour,2024-10-25 19:00:00,2024-10-25,19,4,0,fall,1448,,,,
London,hour,2024-10-25 20:00:00,2024-10-25,20,4,0,fall,977,,,,
London,hour,2024-10-25 21:00:00,2024-10-25,21,4,0,fall,776,,,,
London,hour,2024-10-25 22:00:00,2024-10-25,22,4,0,fall,694,,,,
London,hour,2024-10-25 23:00:00,2024-10-25,23,4,0,fall,591,,,,
London,hour,2024-10-26 00:00:00,2024-10-26,0,5,1,fall,481,,,,
London,hour,2024-10-26 01:00:00,2024-10-26,1,5,1,fall,333,,,,
London,hour,2024-10-26 02:00:00,2024-10-26,2,5,1,fall,165,,,,
London,hour,2024-10-26 03:00:00,2024-10-26,3,5,1,fall,134,,,,
London,hour,2024-10-26 04:00:00,2024-10-26,4,5,1,fall,85,,,,
London,hour,2024-10-26 05:00:00,2024-10-26,5,5,1,fall,85,,,,
London,hour,2024-10-26 06:00:00,2024-10-26,6,5,1,fall,145,,,,
London,hour,2024-10-26 07:00:00,2024-10-26,7,5,1,fall,299,,,,
London,hour,2024-10-26 08:00:00,2024-10-26,8,5,1,fall,678,,,,
London,hour,2024-10-26 09:00:00,2024-10-26,9,5,1,fall,986,,,,
London,hour,2024-10-26 10:00:00,2024-10-26,10,5,1,fall,1393,,,,
London,hour,2024-10-26 11:00:00,2024-10-26,11,5,1,fall,1614,,,,
London,hour,2024-10-26 12:00:00,2024-10-26,12,5,1,fall,1878,,,,
London,hour,2024-10-26 13:00:00,2024-10-26,13,5,1,fall,1793,,,,
London,hour,2024-10-26 14:00:00,2024-10-26,14,5,1,fall,1855,,,,
London,hour,2024-10-26 15:00:00,2024-10-26,15,5,1,fall,1858,,,,
London,hour,2024-10-26 16:00:00,2024-10-26,16,5,1,fall,1862,,,,
London,hour,2024-10-26 17:00:00,2024-10-26,17,5,1,fall,1903,,,,
London,hour,2024-10-26 18:00:00,2024-10-26,18,5,1,fall,1657,,,,
London,hour,2024-10-26 19:00:00,2024-10-26,19,5,1,fall,1324,,,,
London,hour,2024-10-26 20:00:00,2024-10-26,20,5,1,fall,906,,,,
London,hour,2024-10-26 21:00:00,2024-10-26,21,5,1,fall,652,,,,
London,hour,2024-10-26 22:00:00,2024-10-26,22,5,1,fall,662,,,,
London,hour,2024-10-26 23:00:00,2024-10-26,23,5,1,fall,602,,,,
London,hour,2024-10-27 00:00:00,2024-10-27,0,6,1,fall,423,,,,
London,hour,2024-10-27 01:00:00,2024-10-27,1,6,1,fall,568,,,,
London,hour,2024-10-27 02:00:00,2024-10-27,2,6,1,fall,150,,,,
London,hour,2024-10-27 03:00:00,2024-10-27,3,6,1,fall,97,,,,
London,hour,2024-10-27 04:00:00,2024-10-27,4,6,1,fall,61,,,,
London,hour,2024-10-27 05:00:00,2024-10-27,5,6,1,fall,77,,,,
London,hour,2024-10-27 06:00:00,2024-10-27,6,6,1,fall,139,,,,
London,hour,2024-10-27 07:00:00,2024-10-27,7,6,1,fall,306,,,,
London,hour,2024-10-27 08:00:00,2024-10-27,8,6,1,fall,582,,,,
London,hour,2024-10-27 09:00:00,2024-10-27,9,6,1,fall,1261,,,,
London,hour,2024-10-27 10:00:00,2024-10-27,10,6,1,fall,1661,,,,
London,hour,2024-10-27 11:00:00,2024-10-27,11,6,1,fall,2098,,,,
London,hour,2024-10-27 12:00:00,2024-10-27,12,6,1,fall,2500,,,,
London,hour,2024-10-27 13:00:00,2024-10-27,13,6,1,fall,2409,,,,
London,hour,2024-10-27 14:00:00,2024-10-27,14,6,1,fall,2232,,,,
London,hour,2024-10-27 15:00:00,2024-10-27,15,6,1,fall,2296,,,,
London,hour,2024-10-27 16:00:00,2024-10-27,16,6,1,fall,2298,,,,
London,hour,2024-10-27 17:00:00,2024-10-27,17,6,1,fall,1573,,,,
London,hour,2024-10-27 18:00:00,2024-10-27,18,6,1,fall,1267,,,,
London,hour,2024-10-27 19:00:00,2024-10-27,19,6,1,fall,944,,,,
London,hour,2024-10-27 20:00:00,2024-10-27,20,6,1,fall,651,,,,
London,hour,2024-10-27 21:00:00,2024-10-27,21,6,1,fall,521,,,,
London,hour,2024-10-27 22:00:00,2024-10-27,22,6,1,fall,443,,,,
London,hour,2024-10-27 23:00:00,2024-10-27,23,6,1,fall,245,,,,
London,hour,2024-10-28 00:00:00,2024-10-28,0,0,0,fall,130,,,,
London,hour,2024-10-28 01:00:00,2024-10-28,1,0,0,fall,82,,,,
London,hour,2024-10-28 02:00:00,2024-10-28,2,0,0,fall,45,,,,
London,hour,2024-10-28 03:00:00,2024-10-28,3,0,0,fall,25,,,,
London,hour,2024-10-28 04:00:00,2024-10-28,4,0,0,fall,60,,,,
London,hour,2024-10-28 05:00:00,2024-10-28,5,0,0,fall,151,,,,
London,hour,2024-10-28 06:00:00,2024-10-28,6,0,0,fall,593,,,,
London,hour,2024-10-28 07:00:00,2024-10-28,7,0,0,fall,1728,,,,
London,hour,2024-10-28 08:00:00,2024-10-28,8,0,0,fall,3376,,,,
London,hour,2024-10-28 09:00:00,2024-10-28,9,0,0,fall,1859,,,,
London,hour,2024-10-28 10:00:00,2024-10-28,10,0,0,fall,1127,,,,
London,hour,2024-10-28 11:00:00,2024-10-28,11,0,0,fall,993,,,,
London,hour,2024-10-28 12:00:00,2024-10-28,12,0,0,fall,982,,,,
London,hour,2024-10-28 13:00:00,2024-10-28,13,0,0,fall,1063,,,,
London,hour,2024-10-28 14:00:00,2024-10-28,14,0,0,fall,911,,,,
London,hour,2024-10-28 15:00:00,2024-10-28,15,0,0,fall,1114,,,,
London,hour,2024-10-28 16:00:00,2024-10-28,16,0,0,fall,1634,,,,
London,hour,2024-10-28 17:00:00,2024-10-28,17,0,0,fall,2863,,,,
London,hour,2024-10-28 18:00:00,2024-10-28,18,0,0,fall,2680,,,,
London,hour,2024-10-28 19:00:00,2024-10-28,19,0,0,fall,1692,,,,
London,hour,2024-10-28 20:00:00,2024-10-28,20,0,0,fall,1160,,,,
London,hour,2024-10-28 21:00:00,2024-10-28,21,0,0,fall,706,,,,
London,hour,2024-10-28 22:00:00,2024-10-28,22,0,0,fall,513,,,,
London,hour,2024-10-28 23:00:00,2024-10-28,23,0,0,fall,218,,,,
London,hour,2024-10-29 00:00:00,2024-10-29,0,1,0,fall,118,,,,
London,hour,2024-10-29 01:00:00,2024-10-29,1,1,0,fall,53,,,,
London,hour,2024-10-29 02:00:00,2024-10-29,2,1,0,fall,32,,,,
London,hour,2024-10-29 03:00:00,2024-10-29,3,1,0,fall,21,,,,
London,hour,2024-10-29 04:00:00,2024-10-29,4,1,0,fall,49,,,,
London,hour,2024-10-29 05:00:00,2024-10-29,5,1,0,fall,193,,,,
London,hour,2024-10-29 06:00:00,2024-10-29,6,1,0,fall,743,,,,
London,hour,2024-10-29 07:00:00,2024-10-29,7,1,0,fall,1949,,,,
London,hour,2024-10-29 08:00:00,2024-10-29,8,1,0,fall,3870,,,,
London,hour,2024-10-29 09:00:00,2024-10-29,9,1,0,fall,1987,,,,
London,hour,2024-10-29 10:00:00,2024-10-29,10,1,0,fall,1192,,,,
London,hour,2024-10-29 11:00:00,2024-10-29,11,1,0,fall,1138,,,,
London,hour,2024-10-29 12:00:00,2024-10-29,12,1,0,fall,1349,,,,
London,hour,2024-10-29 13:00:00,2024-10-29,13,1,0,fall,1333,,,,
London,hour,2024-10-29 14:00:00,2024-10-29,14,1,0,fall,1299,,,,
London,hour,2024-10-29 15:00:00,2024-10-29,15,1,0,fall,1397,,,,
London,hour,2024-10-29 16:00:00,2024-10-29,16,1,0,fall,1870,,,,
London,hour,2024-10-29 17:00:00,2024-10-29,17,1,0,fall,3375,,,,
London,hour,2024-10-29 18:00:00,2024-10-29,18,1,0,fall,3207,,,,
London,hour,2024-10-29 19:00:00,2024-10-29,19,1,0,fall,1970,,,,
London,hour,2024-10-29 20:00:00,2024-10-29,20,1,0,fall,1394,,,,
London,hour,2024-10-29 21:00:00,2024-10-29,21,1,0,fall,945,,,,
London,hour,2024-10-29 22:00:00,2024-10-29,22,1,0,fall,721,,,,
London,hour,2024-10-29 23:00:00,2024-10-29,23,1,0,fall,394,,,,
London,hour,2024-10-30 00:00:00,2024-10-30,0,2,0,fall,159,,,,
London,hour,2024-10-30 01:00:00,2024-10-30,1,2,0,fall,112,,,,
London,hour,2024-10-30 02:00:00,2024-10-30,2,2,0,fall,53,,,,
London,hour,2024-10-30 03:00:00,2024-10-30,3,2,0,fall,49,,,,
London,hour,2024-10-30 04:00:00,2024-10-30,4,2,0,fall,73,,,,
London,hour,2024-10-30 05:00:00,2024-10-30,5,2,0,fall,183,,,,
London,hour,2024-10-30 06:00:00,2024-10-30,6,2,0,fall,723,,,,
London,hour,2024-10-30 07:00:00,2024-10-30,7,2,0,fall,2020,,,,
London,hour,2024-10-30 08:00:00,2024-10-30,8,2,0,fall,3860,,,,
London,hour,2024-10-30 09:00:00,2024-10-30,9,2,0,fall,2032,,,,
London,hour,2024-10-30 10:00:00,2024-10-30,10,2,0,fall,1271,,,,
London,hour,2024-10-30 11:00:00,2024-10-30,11,2,0,fall,1154,,,,
London,hour,2024-10-30 12:00:00,2024-10-30,12,2,0,fall,1519,,,,
London,hour,2024-10-30 13:00:00,2024-10-30,13,2,0,fall,1392,,,,
London,hour,2024-10-30 14:00:00,2024-10-30,14,2,0,fall,1380,,,,
London,hour,2024-10-30 15:00:00,2024-10-30,15,2,0,fall,1450,,,,
London,hour,2024-10-30 16:00:00,2024-10-30,16,2,0,fall,2032,,,,
London,hour,2024-10-30 17:00:00,2024-10-30,17,2,0,fall,3331,,,,
London,hour,2024-10-30 18:00:00,2024-10-30,18,2,0,fall,3036,,,,
London,hour,2024-10-30 19:00:00,2024-10-30,19,2,0,fall,1935,,,,
London,hour,2024-10-30 20:00:00,2024-10-30,20,2,0,fall,1329,,,,
London,hour,2024-10-30 21:00:00,2024-10-30,21,2,0,fall,933,,,,
London,hour,2024-10-30 22:00:00,2024-10-30,22,2,0,fall,771,,,,
London,hour,2024-10-30 23:00:00,2024-10-30,23,2,0,fall,431,,,,
London,hour,2024-10-31 00:00:00,2024-10-31,0,3,0,fall,204,,,,
London,hour,2024-10-31 01:00:00,2024-10-31,1,3,0,fall,118,,,,
London,hour,2024-10-31 02:00:00,2024-10-31,2,3,0,fall,91,,,,
London,hour,2024-10-31 03:00:00,2024-10-31,3,3,0,fall,49,,,,
London,hour,2024-10-31 04:00:00,2024-10-31,4,3,0,fall,59,,,,
London,hour,2024-10-31 05:00:00,2024-10-31,5,3,0,fall,155,,,,
London,hour,2024-10-31 06:00:00,2024-10-31,6,3,0,fall,670,,,,
London,hour,2024-10-31 07:00:00,2024-10-31,7,3,0,fall,1865,,,,
London,hour,2024-10-31 08:00:00,2024-10-31,8,3,0,fall,3735,,,,
London,hour,2024-10-31 09:00:00,2024-10-31,9,3,0,fall,2109,,,,
London,hour,2024-10-31 10:00:00,2024-10-31,10,3,0,fall,1333,,,,
London,hour,2024-10-31 11:00:00,2024-10-31,11,3,0,fall,1267,,,,
London,hour,2024-10-31 12:00:00,2024-10-31,12,3,0,fall,1494,,,,
London,hour,2024-10-31 13:00:00,2024-10-31,13,3,0,fall,1365,,,,
London,hour,2024-10-31 14:00:00,2024-10-31,14,3,0,fall,1444,,,,
London,hour,2024-10-31 15:00:00,2024-10-31,15,3,0,fall,1632,,,,
London,hour,2024-10-31 16:00:00,2024-10-31,16,3,0,fall,2095,,,,
London,hour,2024-10-31 17:00:00,2024-10-31,17,3,0,fall,3210,,,,
London,hour,2024-10-31 18:00:00,2024-10-31,18,3,0,fall,2913,,,,
London,hour,2024-10-31 19:00:00,2024-10-31,19,3,0,fall,1877,,,,
London,hour,2024-10-31 20:00:00,2024-10-31,20,3,0,fall,1391,,,,
London,hour,2024-10-31 21:00:00,2024-10-31,21,3,0,fall,1040,,,,
London,hour,2024-10-31 22:00:00,2024-10-31,22,3,0,fall,889,,,,
London,hour,2024-10-31 23:00:00,2024-10-31,23,3,0,fall,571,,,,
London,hour,2024-11-01 00:00:00,2024-11-01,0,4,0,fall,5,,,,
London,hour,2024-11-07 09:00:00,2024-11-07,9,3,0,fall,1411,,,,
London,hour,2024-11-07 10:00:00,2024-11-07,10,3,0,fall,1126,,,,
London,hour,2024-11-07 11:00:00,2024-11-07,11,3,0,fall,1041,,,,
London,hour,2024-11-07 12:00:00,2024-11-07,12,3,0,fall,1239,,,,
London,hour,2024-11-07 13:00:00,2024-11-07,13,3,0,fall,1116,,,,
London,hour,2024-11-07 14:00:00,2024-11-07,14,3,0,fall,1091,,,,
London,hour,2024-11-07 15:00:00,2024-11-07,15,3,0,fall,1256,,,,
London,hour,2024-11-07 16:00:00,2024-11-07,16,3,0,fall,1713,,,,
London,hour,2024-11-07 17:00:00,2024-11-07,17,3,0,fall,3012,,,,
London,hour,2024-11-07 18:00:00,2024-11-07,18,3,0,fall,2764,,,,
London,hour,2024-11-07 19:00:00,2024-11-07,19,3,0,fall,1808,,,,
London,hour,2024-11-07 20:00:00,2024-11-07,20,3,0,fall,1181,,,,
London,hour,2024-11-07 21:00:00,2024-11-07,21,3,0,fall,904,,,,
London,hour,2024-11-07 22:00:00,2024-11-07,22,3,0,fall,767,,,,
London,hour,2024-11-07 23:00:00,2024-11-07,23,3,0,fall,466,,,,
London,hour,2024-11-08 00:00:00,2024-11-08,0,4,0,fall,247,,,,
London,hour,2024-11-08 01:00:00,2024-11-08,1,4,0,fall,115,,,,
London,hour,2024-11-08 02:00:00,2024-11-08,2,4,0,fall,67,,,,
London,hour,2024-11-08 03:00:00,2024-11-08,3,4,0,fall,60,,,,
London,hour,2024-11-08 04:00:00,2024-11-08,4,4,0,fall,72,,,,
London,hour,2024-11-08 05:00:00,2024-11-08,5,4,0,fall,166,,,,
London,hour,2024-11-08 06:00:00,2024-11-08,6,4,0,fall,589,,,,
London,hour,2024-11-08 07:00:00,2024-11-08,7,4,0,fall,1447,,,,
London,hour,2024-11-08 08:00:00,2024-11-08,8,4,0,fall,2688,,,,
London,hour,2024-11-08 09:00:00,2024-11-08,9,4,0,fall,1779,,,,
London,hour,2024-11-08 10:00:00,2024-11-08,10,4,0,fall,1160,,,,
London,hour,2024-11-08 11:00:00,2024-11-08,11,4,0,fall,1139,,,,
London,hour,2024-11-08 12:00:00,2024-11-08,12,4,0,fall,1371,,,,
London,hour,2024-11-08 13:00:00,2024-11-08,13,4,0,fall,1360,,,,
London,hour,2024-11-08 14:00:00,2024-11-08,14,4,0,fall,1256,,,,
London,hour,2024-11-08 15:00:00,2024-11-08,15,4,0,fall,1421,,,,
London,hour,2024-11-08 16:00:00,2024-11-08,16,4,0,fall,1741,,,,
London,hour,2024-11-08 17:00:00,2024-11-08,17,4,0,fall,2346,,,,
London,hour,2024-11-08 18:00:00,2024-11-08,18,4,0,fall,2151,,,,
London,hour,2024-11-08 19:00:00,2024-11-08,19,4,0,fall,1479,,,,
London,hour,2024-11-08 20:00:00,2024-11-08,20,4,0,fall,945,,,,
London,hour,2024-11-08 21:00:00,2024-11-08,21,4,0,fall,755,,,,
London,hour,2024-11-08 22:00:00,2024-11-08,22,4,0,fall,607,,,,
London,hour,2024-11-08 23:00:00,2024-11-08,23,4,0,fall,541,,,,
London,hour,2024-11-09 00:00:00,2024-11-09,0,5,1,fall,370,,,,
London,hour,2024-11-09 01:00:00,2024-11-09,1,5,1,fall,266,,,,
London,hour,2024-11-09 02:00:00,2024-11-09,2,5,1,fall,145,,,,
London,hour,2024-11-09 03:00:00,2024-11-09,3,5,1,fall,116,,,,
London,hour,2024-11-09 04:00:00,2024-11-09,4,5,1,fall,71,,,,
London,hour,2024-11-09 05:00:00,2024-11-09,5,5,1,fall,88,,,,
London,hour,2024-11-09 06:00:00,2024-11-09,6,5,1,fall,146,,,,
London,hour,2024-11-09 07:00:00,2024-11-09,7,5,1,fall,338,,,,
London,hour,2024-11-09 08:00:00,2024-11-09,8,5,1,fall,701,,,,
London,hour,2024-11-09 09:00:00,2024-11-09,9,5,1,fall,1151,,,,
London,hour,2024-11-09 10:00:00,2024-11-09,10,5,1,fall,1413,,,,
London,hour,2024-11-09 11:00:00,2024-11-09,11,5,1,fall,1764,,,,
London,hour,2024-11-09 12:00:00,2024-11-09,12,5,1,fall,1826,,,,
London,hour,2024-11-09 13:00:00,2024-11-09,13,5,1,fall,1767,,,,
London,hour,2024-11-09 14:00:00,2024-11-09,14,5,1,fall,1718,,,,
London,hour,2024-11-09 15:00:00,2024-11-09,15,5,1,fall,1591,,,,
London,hour,2024-11-09 16:00:00,2024-11-09,16,5,1,fall,1603,,,,
London,hour,2024-11-09 17:00:00,2024-11-09,17,5,1,fall,1370,,,,
London,hour,2024-11-09 18:00:00,2024-11-09,18,5,1,fall,1280,,,,
London,hour,2024-11-09 19:00:00,2024-11-09,19,5,1,fall,1047,,,,
London,hour,2024-11-09 20:00:00,2024-11-09,20,5,1,fall,793,,,,
London,hour,2024-11-09 21:00:00,2024-11-09,21,5,1,fall,610,,,,
London,hour,2024-11-09 22:00:00,2024-11-09,22,5,1,fall,547,,,,
London,hour,2024-11-09 23:00:00,2024-11-09,23,5,1,fall,483,,,,
London,hour,2024-11-10 00:00:00,2024-11-10,0,6,1,fall,346,,,,
London,hour,2024-11-10 01:00:00,2024-11-10,1,6,1,fall,250,,,,
London,hour,2024-11-10 02:00:00,2024-11-10,2,6,1,fall,144,,,,
London,hour,2024-11-10 03:00:00,2024-11-10,3,6,1,fall,134,,,,
London,hour,2024-11-10 04:00:00,2024-11-10,4,6,1,fall,71,,,,
London,hour,2024-11-10 05:00:00,2024-11-10,5,6,1,fall,83,,,,
London,hour,2024-11-10 06:00:00,2024-11-10,6,6,1,fall,123,,,,
London,hour,2024-11-10 07:00:00,2024-11-10,7,6,1,fall,255,,,,
London,hour,2024-11-10 08:00:00,2024-11-10,8,6,1,fall,524,,,,
London,hour,2024-11-10 09:00:00,2024-11-10,9,6,1,fall,880,,,,
London,hour,2024-11-10 10:00:00,2024-11-10,10,6,1,fall,1235,,,,
London,hour,2024-11-10 11:00:00,2024-11-10,11,6,1,fall,1515,,,,
London,hour,2024-11-10 12:00:00,2024-11-10,12,6,1,fall,1669,,,,
London,hour,2024-11-10 13:00:00,2024-11-10,13,6,1,fall,1504,,,,
London,hour,2024-11-10 14:00:00,2024-11-10,14,6,1,fall,1508,,,,
London,hour,2024-11-10 15:00:00,2024-11-10,15,6,1,fall,1545,,,,
London,hour,2024-11-10 16:00:00,2024-11-10,16,6,1,fall,1422,,,,
London,hour,2024-11-10 17:00:00,2024-11-10,17,6,1,fall,1280,,,,
London,hour,2024-11-10 18:00:00,2024-11-10,18,6,1,fall,1144,,,,
London,hour,2024-11-10 19:00:00,2024-11-10,19,6,1,fall,831,,,,
London,hour,2024-11-10 20:00:00,2024-11-10,20,6,1,fall,609,,,,
London,hour,2024-11-10 21:00:00,2024-11-10,21,6,1,fall,558,,,,
London,hour,2024-11-10 22:00:00,2024-11-10,22,6,1,fall,386,,,,
London,hour,2024-11-10 23:00:00,2024-11-10,23,6,1,fall,233,,,,
London,hour,2024-11-11 00:00:00,2024-11-11,0,0,0,fall,156,,,,
London,hour,2024-11-11 01:00:00,2024-11-11,1,0,0,fall,64,,,,
London,hour,2024-11-11 02:00:00,2024-11-11,2,0,0,fall,53,,,,
London,hour,2024-11-11 03:00:00,2024-11-11,3,0,0,fall,27,,,,
London,hour,2024-11-11 04:00:00,2024-11-11,4,0,0,fall,56,,,,
London,hour,2024-11-11 05:00:00,2024-11-11,5,0,0,fall,172,,,,
London,hour,2024-11-11 06:00:00,2024-11-11,6,0,0,fall,646,,,,
London,hour,2024-11-11 07:00:00,2024-11-11,7,0,0,fall,1852,,,,
London,hour,2024-11-11 08:00:00,2024-11-11,8,0,0,fall,3395,,,,
London,hour,2024-11-11 09:00:00,2024-11-11,9,0,0,fall,1786,,,,
London,hour,2024-11-11 10:00:00,2024-11-11,10,0,0,fall,1103,,,,
London,hour,2024-11-11 11:00:00,2024-11-11,11,0,0,fall,997,,,,
London,hour,2024-11-11 12:00:00,2024-11-11,12,0,0,fall,1199,,,,
London,hour,2024-11-11 13:00:00,2024-11-11,13,0,0,fall,1169,,,,
London,hour,2024-11-11 14:00:00,2024-11-11,14,0,0,fall,1163,,,,
London,hour,2024-11-11 15:00:00,2024-11-11,15,0,0,fall,1384,,,,
London,hour,2024-11-11 16:00:00,2024-11-11,16,0,0,fall,1715,,,,
London,hour,2024-11-11 17:00:00,2024-11-11,17,0,0,fall,2908,,,,
London,hour,2024-11-11 18:00:00,2024-11-11,18,0,0,fall,2786,,,,
London,hour,2024-11-11 19:00:00,2024-11-11,19,0,0,fall,1729,,,,
London,hour,2024-11-11 20:00:00,2024-11-11,20,0,0,fall,1191,,,,
London,hour,2024-11-11 21:00:00,2024-11-11,21,0,0,fall,774,,,,
London,hour,2024-11-11 22:00:00,2024-11-11,22,0,0,fall,584,,,,
London,hour,2024-11-11 23:00:00,2024-11-11,23,0,0,fall,250,,,,
London,hour,2024-11-12 00:00:00,2024-11-12,0,1,0,fall,119,,,,
London,hour,2024-11-12 01:00:00,2024-11-12,1,1,0,fall,61,,,,
London,hour,2024-11-12 02:00:00,2024-11-12,2,1,0,fall,24,,,,
London,hour,2024-11-12 03:00:00,2024-11-12,3,1,0,fall,23,,,,
London,hour,2024-11-12 04:00:00,2024-11-12,4,1,0,fall,55,,,,
London,hour,2024-11-12 05:00:00,2024-11-12,5,1,0,fall,193,,,,
London,hour,2024-11-12 06:00:00,2024-11-12,6,1,0,fall,732,,,,
London,hour,2024-11-12 07:00:00,2024-11-12,7,1,0,fall,2078,,,,
London,hour,2024-11-12 08:00:00,2024-11-12,8,1,0,fall,4071,,,,
London,hour,2024-11-12 09:00:00,2024-11-12,9,1,0,fall,2119,,,,
London,hour,2024-11-12 10:00:00,2024-11-12,10,1,0,fall,1170,,,,
London,hour,2024-11-12 11:00:00,2024-11-12,11,1,0,fall,1089,,,,
London,hour,2024-11-12 12:00:00,2024-11-12,12,1,0,fall,1140,,,,
London,hour,2024-11-12 13:00:00,2024-11-12,13,1,0,fall,1175,,,,
London,hour,2024-11-12 14:00:00,2024-11-12,14,1,0,fall,1059,,,,
London,hour,2024-11-12 15:00:00,2024-11-12,15,1,0,fall,1267,,,,
London,hour,2024-11-12 16:00:00,2024-11-12,16,1,0,fall,1726,,,,
London,hour,2024-11-12 17:00:00,2024-11-12,17,1,0,fall,2438,,,,
London,hour,2024-11-12 18:00:00,2024-11-12,18,1,0,fall,2747,,,,
London,hour,2024-11-12 19:00:00,2024-11-12,19,1,0,fall,1739,,,,
London,hour,2024-11-12 20:00:00,2024-11-12,20,1,0,fall,1165,,,,
London,hour,2024-11-12 21:00:00,2024-11-12,21,1,0,fall,899,,,,
London,hour,2024-11-12 22:00:00,2024-11-12,22,1,0,fall,641,,,,
London,hour,2024-11-12 23:00:00,2024-11-12,23,1,0,fall,311,,,,
London,hour,2024-11-13 00:00:00,2024-11-13,0,2,0,fall,155,,,,
London,hour,2024-11-13 01:00:00,2024-11-13,1,2,0,fall,85,,,,
London,hour,2024-11-13 02:00:00,2024-11-13,2,2,0,fall,42,,,,
London,hour,2024-11-13 03:00:00,2024-11-13,3,2,0,fall,26,,,,
London,hour,2024-11-13 04:00:00,2024-11-13,4,2,0,fall,40,,,,
London,hour,2024-11-13 05:00:00,2024-11-13,5,2,0,fall,172,,,,
London,hour,2024-11-13 06:00:00,2024-11-13,6,2,0,fall,674,,,,
London,hour,2024-11-13 07:00:00,2024-11-13,7,2,0,fall,1945,,,,
London,hour,2024-11-13 08:00:00,2024-11-13,8,2,0,fall,4058,,,,
London,hour,2024-11-13 09:00:00,2024-11-13,9,2,0,fall,2121,,,,
London,hour,2024-11-13 10:00:00,2024-11-13,10,2,0,fall,1154,,,,
London,hour,2024-11-13 11:00:00,2024-11-13,11,2,0,fall,1061,,,,
London,hour,2024-11-13 12:00:00,2024-11-13,12,2,0,fall,1347,,,,
London,hour,2024-11-13 13:00:00,2024-11-13,13,2,0,fall,1199,,,,
London,hour,2024-11-13 14:00:00,2024-11-13,14,2,0,fall,1170,,,,
London,hour,2024-11-13 15:00:00,2024-11-13,15,2,0,fall,1370,,,,
London,hour,2024-11-13 16:00:00,2024-11-13,16,2,0,fall,1807,,,,
London,hour,2024-11-13 17:00:00,2024-11-13,17,2,0,fall,3017,,,,
London,hour,2024-11-13 18:00:00,2024-11-13,18,2,0,fall,2906,,,,
London,hour,2024-11-13 19:00:00,2024-11-13,19,2,0,fall,1856,,,,
London,hour,2024-11-13 20:00:00,2024-11-13,20,2,0,fall,1237,,,,
London,hour,2024-11-13 21:00:00,2024-11-13,21,2,0,fall,945,,,,
London,hour,2024-11-13 22:00:00,2024-11-13,22,2,0,fall,703,,,,
London,hour,2024-11-13 23:00:00,2024-11-13,23,2,0,fall,427,,,,
London,hour,2024-11-14 00:00:00,2024-11-14,0,3,0,fall,188,,,,
London,hour,2024-11-14 01:00:00,2024-11-14,1,3,0,fall,74,,,,
London,hour,2024-11-14 02:00:00,2024-11-14,2,3,0,fall,46,,,,
London,hour,2024-11-14 03:00:00,2024-11-14,3,3,0,fall,35,,,,
London,hour,2024-11-14 04:00:00,2024-11-14,4,3,0,fall,62,,,,
London,hour,2024-11-14 05:00:00,2024-11-14,5,3,0,fall,171,,,,
London,hour,2024-11-14 06:00:00,2024-11-14,6,3,0,fall,708,,,,
London,hour,2024-11-14 07:00:00,2024-11-14,7,3,0,fall,1934,,,,
London,hour,2024-11-14 08:00:00,2024-11-14,8,3,0,fall,4068,,,,
London,hour,2024-11-14 09:00:00,2024-11-14,9,3,0,fall,2191,,,,
London,hour,2024-11-14 10:00:00,2024-11-14,10,3,0,fall,1156,,,,
London,hour,2024-11-14 11:00:00,2024-11-14,11,3,0,fall,1148,,,,
London,hour,2024-11-14 12:00:00,2024-11-14,12,3,0,fall,1229,,,,
London,hour,2024-11-14 13:00:00,2024-11-14,13,3,0,fall,1248,,,,
London,hour,2024-11-14 14:00:00,2024-11-14,14,3,0,fall,1121,,,,
London,hour,2024-11-14 15:00:00,2024-11-14,15,3,0,fall,1273,,,,
London,hour,2024-11-14 16:00:00,2024-11-14,16,3,0,fall,1840,,,,
London,hour,2024-11-14 17:00:00,2024-11-14,17,3,0,fall,2874,,,,
London,hour,2024-11-14 18:00:00,2024-11-14,18,3,0,fall,2826,,,,
London,hour,2024-11-14 19:00:00,2024-11-14,19,3,0,fall,1726,,,,
London,hour,2024-11-14 20:00:00,2024-11-14,20,3,0,fall,1208,,,,
London,hour,2024-11-14 21:00:00,2024-11-14,21,3,0,fall,1016,,,,
London,hour,2024-11-14 22:00:00,2024-11-14,22,3,0,fall,791,,,,
London,hour,2024-11-14 23:00:00,2024-11-14,23,3,0,fall,500,,,,
London,hour,2024-11-15 00:00:00,2024-11-15,0,4,0,fall,223,,,,
London,hour,2024-11-15 01:00:00,2024-11-15,1,4,0,fall,136,,,,
London,hour,2024-11-15 02:00:00,2024-11-15,2,4,0,fall,64,,,,
London,hour,2024-11-15 03:00:00,2024-11-15,3,4,0,fall,56,,,,
London,hour,2024-11-15 04:00:00,2024-11-15,4,4,0,fall,55,,,,
London,hour,2024-11-15 05:00:00,2024-11-15,5,4,0,fall,147,,,,
London,hour,2024-11-15 06:00:00,2024-11-15,6,4,0,fall,531,,,,
London,hour,2024-11-15 07:00:00,2024-11-15,7,4,0,fall,1395,,,,
London,hour,2024-11-15 08:00:00,2024-11-15,8,4,0,fall,2630,,,,
London,hour,2024-11-15 09:00:00,2024-11-15,9,4,0,fall,1822,,,,
London,hour,2024-11-15 10:00:00,2024-11-15,10,4,0,fall,1153,,,,
London,hour,2024-11-15 11:00:00,2024-11-15,11,4,0,fall,1090,,,,
London,hour,2024-11-15 12:00:00,2024-11-15,12,4,0,fall,1343,,,,
London,hour,2024-11-15 13:00:00,2024-11-15,13,4,0,fall,1406,,,,
London,hour,2024-11-15 14:00:00,2024-11-15,14,4,0,fall,1340,,,,
London,hour,2024-11-15 15:00:00,2024-11-15,15,4,0,fall,1477,,,,
London,hour,2024-11-15 16:00:00,2024-11-15,16,4,0,fall,1810,,,,
London,hour,2024-11-15 17:00:00,2024-11-15,17,4,0,fall,2371,,,,
London,hour,2024-11-15 18:00:00,2024-11-15,18,4,0,fall,2105,,,,
London,hour,2024-11-15 19:00:00,2024-11-15,19,4,0,fall,1522,,,,
London,hour,2024-11-15 20:00:00,2024-11-15,20,4,0,fall,1013,,,,
London,hour,2024-11-15 21:00:00,2024-11-15,21,4,0,fall,709,,,,
London,hour,2024-11-15 22:00:00,2024-11-15,22,4,0,fall,699,,,,
London,hour,2024-11-15 23:00:00,2024-11-15,23,4,0,fall,556,,,,
London,hour,2024-11-16 00:00:00,2024-11-16,0,5,1,fall,368,,,,
London,hour,2024-11-16 01:00:00,2024-11-16,1,5,1,fall,267,,,,
London,hour,2024-11-16 02:00:00,2024-11-16,2,5,1,fall,174,,,,
London,hour,2024-11-16 03:00:00,2024-11-16,3,5,1,fall,124,,,,
London,hour,2024-11-16 04:00:00,2024-11-16,4,5,1,fall,71,,,,
London,hour,2024-11-16 05:00:00,2024-11-16,5,5,1,fall,105,,,,
London,hour,2024-11-16 06:00:00,2024-11-16,6,5,1,fall,141,,,,
London,hour,2024-11-16 07:00:00,2024-11-16,7,5,1,fall,332,,,,
London,hour,2024-11-16 08:00:00,2024-11-16,8,5,1,fall,702,,,,
London,hour,2024-11-16 09:00:00,2024-11-16,9,5,1,fall,1144,,,,
London,hour,2024-11-16 10:00:00,2024-11-16,10,5,1,fall,1349,,,,
London,hour,2024-11-16 11:00:00,2024-11-16,11,5,1,fall,1605,,,,
London,hour,2024-11-16 12:00:00,2024-11-16,12,5,1,fall,1779,,,,
London,hour,2024-11-16 13:00:00,2024-11-16,13,5,1,fall,1830,,,,
London,hour,2024-11-16 14:00:00,2024-11-16,14,5,1,fall,1706,,,,
London,hour,2024-11-16 15:00:00,2024-11-16,15,5,1,fall,1660,,,,
London,hour,2024-11-16 16:00:00,2024-11-16,16,5,1,fall,1763,,,,
London,hour,2024-11-16 17:00:00,2024-11-16,17,5,1,fall,1460,,,,
London,hour,2024-11-16 18:00:00,2024-11-16,18,5,1,fall,1317,,,,
London,hour,2024-11-16 19:00:00,2024-11-16,19,5,1,fall,1009,,,,
London,hour,2024-11-16 20:00:00,2024-11-16,20,5,1,fall,722,,,,
London,hour,2024-11-16 21:00:00,2024-11-16,21,5,1,fall,489,,,,
London,hour,2024-11-16 22:00:00,2024-11-16,22,5,1,fall,557,,,,
London,hour,2024-11-16 23:00:00,2024-11-16,23,5,1,fall,468,,,,
London,hour,2024-11-17 00:00:00,2024-11-17,0,6,1,fall,405,,,,
London,hour,2024-11-17 01:00:00,2024-11-17,1,6,1,fall,303,,,,
London,hour,2024-11-17 02:00:00,2024-11-17,2,6,1,fall,171,,,,
London,hour,2024-11-17 03:00:00,2024-11-17,3,6,1,fall,101,,,,
London,hour,2024-11-17 04:00:00,2024-11-17,4,6,1,fall,67,,,,
London,hour,2024-11-17 05:00:00,2024-11-17,5,6,1,fall,75,,,,
London,hour,2024-11-17 06:00:00,2024-11-17,6,6,1,fall,121,,,,
London,hour,2024-11-17 07:00:00,2024-11-17,7,6,1,fall,269,,,,
London,hour,2024-11-17 08:00:00,2024-11-17,8,6,1,fall,472,,,,
London,hour,2024-11-17 09:00:00,2024-11-17,9,6,1,fall,818,,,,
London,hour,2024-11-17 10:00:00,2024-11-17,10,6,1,fall,1213,,,,
London,hour,2024-11-17 11:00:00,2024-11-17,11,6,1,fall,1522,,,,
London,hour,2024-11-17 12:00:00,2024-11-17,12,6,1,fall,1840,,,,
London,hour,2024-11-17 13:00:00,2024-11-17,13,6,1,fall,1767,,,,
London,hour,2024-11-17 14:00:00,2024-11-17,14,6,1,fall,1638,,,,
London,hour,2024-11-17 15:00:00,2024-11-17,15,6,1,fall,1552,,,,
London,hour,2024-11-17 16:00:00,2024-11-17,16,6,1,fall,1203,,,,
London,hour,2024-11-17 17:00:00,2024-11-17,17,6,1,fall,834,,,,
London,hour,2024-11-17 18:00:00,2024-11-17,18,6,1,fall,834,,,,
London,hour,2024-11-17 19:00:00,2024-11-17,19,6,1,fall,709,,,,
London,hour,2024-11-17 20:00:00,2024-11-17,20,6,1,fall,518,,,,
London,hour,2024-11-17 21:00:00,2024-11-17,21,6,1,fall,342,,,,
London,hour,2024-11-17 22:00:00,2024-11-17,22,6,1,fall,363,,,,
London,hour,2024-11-17 23:00:00,2024-11-17,23,6,1,fall,212,,,,
London,hour,2024-11-18 00:00:00,2024-11-18,0,0,0,fall,117,,,,
London,hour,2024-11-18 01:00:00,2024-11-18,1,0,0,fall,40,,,,
London,hour,2024-11-18 02:00:00,2024-11-18,2,0,0,fall,35,,,,
London,hour,2024-11-18 03:00:00,2024-11-18,3,0,0,fall,21,,,,
London,hour,2024-11-18 04:00:00,2024-11-18,4,0,0,fall,41,,,,
London,hour,2024-11-18 05:00:00,2024-11-18,5,0,0,fall,148,,,,
London,hour,2024-11-18 06:00:00,2024-11-18,6,0,0,fall,587,,,,
London,hour,2024-11-18 07:00:00,2024-11-18,7,0,0,fall,1692,,,,
London,hour,2024-11-18 08:00:00,2024-11-18,8,0,0,fall,3335,,,,
London,hour,2024-11-18 09:00:00,2024-11-18,9,0,0,fall,1727,,,,
London,hour,2024-11-18 10:00:00,2024-11-18,10,0,0,fall,896,,,,
London,hour,2024-11-18 11:00:00,2024-11-18,11,0,0,fall,841,,,,
London,hour,2024-11-18 12:00:00,2024-11-18,12,0,0,fall,1002,,,,
London,hour,2024-11-18 13:00:00,2024-11-18,13,0,0,fall,1008,,,,
London,hour,2024-11-18 14:00:00,2024-11-18,14,0,0,fall,851,,,,
London,hour,2024-11-18 15:00:00,2024-11-18,15,0,0,fall,916,,,,
London,hour,2024-11-18 16:00:00,2024-11-18,16,0,0,fall,954,,,,
London,hour,2024-11-18 17:00:00,2024-11-18,17,0,0,fall,1788,,,,
London,hour,2024-11-18 18:00:00,2024-11-18,18,0,0,fall,1597,,,,
London,hour,2024-11-18 19:00:00,2024-11-18,19,0,0,fall,769,,,,
London,hour,2024-11-18 20:00:00,2024-11-18,20,0,0,fall,548,,,,
London,hour,2024-11-18 21:00:00,2024-11-18,21,0,0,fall,358,,,,
London,hour,2024-11-18 22:00:00,2024-11-18,22,0,0,fall,250,,,,
London,hour,2024-11-18 23:00:00,2024-11-18,23,0,0,fall,94,,,,
London,hour,2024-11-19 00:00:00,2024-11-19,0,1,0,fall,7,,,,
London,hour,2024-11-19 01:00:00,2024-11-19,1,1,0,fall,11,,,,
London,hour,2024-11-19 02:00:00,2024-11-19,2,1,0,fall,35,,,,
London,hour,2024-11-19 03:00:00,2024-11-19,3,1,0,fall,18,,,,
London,hour,2024-11-19 04:00:00,2024-11-19,4,1,0,fall,38,,,,
London,hour,2024-11-19 05:00:00,2024-11-19,5,1,0,fall,153,,,,
London,hour,2024-11-19 06:00:00,2024-11-19,6,1,0,fall,472,,,,
London,hour,2024-11-19 07:00:00,2024-11-19,7,1,0,fall,796,,,,
London,hour,2024-11-19 08:00:00,2024-11-19,8,1,0,fall,1512,,,,
London,hour,2024-11-19 09:00:00,2024-11-19,9,1,0,fall,1179,,,,
London,hour,2024-11-19 10:00:00,2024-11-19,10,1,0,fall,707,,,,
London,hour,2024-11-19 11:00:00,2024-11-19,11,1,0,fall,517,,,,
London,hour,2024-11-19 12:00:00,2024-11-19,12,1,0,fall,574,,,,
London,hour,2024-11-19 13:00:00,2024-11-19,13,1,0,fall,514,,,,
London,hour,2024-11-19 14:00:00,2024-11-19,14,1,0,fall,441,,,,
London,hour,2024-11-19 15:00:00,2024-11-19,15,1,0,fall,800,,,,
London,hour,2024-11-19 16:00:00,2024-11-19,16,1,0,fall,1199,,,,
London,hour,2024-11-19 17:00:00,2024-11-19,17,1,0,fall,2370,,,,
London,hour,2024-11-19 18:00:00,2024-11-19,18,1,0,fall,2337,,,,
London,hour,2024-11-19 19:00:00,2024-11-19,19,1,0,fall,1490,,,,
London,hour,2024-11-19 20:00:00,2024-11-19,20,1,0,fall,963,,,,
London,hour,2024-11-19 21:00:00,2024-11-19,21,1,0,fall,692,,,,
London,hour,2024-11-19 22:00:00,2024-11-19,22,1,0,fall,501,,,,
London,hour,2024-11-19 23:00:00,2024-11-19,23,1,0,fall,264,,,,
London,hour,2024-11-20 00:00:00,2024-11-20,0,2,0,fall,119,,,,
London,hour,2024-11-20 01:00:00,2024-11-20,1,2,0,fall,44,,,,
London,hour,2024-11-20 02:00:00,2024-11-20,2,2,0,fall,31,,,,
London,hour,2024-11-20 03:00:00,2024-11-20,3,2,0,fall,25,,,,
London,hour,2024-11-20 04:00:00,2024-11-20,4,2,0,fall,42,,,,
London,hour,2024-11-20 05:00:00,2024-11-20,5,2,0,fall,166,,,,
London,hour,2024-11-20 06:00:00,2024-11-20,6,2,0,fall,576,,,,
London,hour,2024-11-20 07:00:00,2024-11-20,7,2,0,fall,1728,,,,
London,hour,2024-11-20 08:00:00,2024-11-20,8,2,0,fall,3512,,,,
London,hour,2024-11-20 09:00:00,2024-11-20,9,2,0,fall,1992,,,,
London,hour,2024-11-20 10:00:00,2024-11-20,10,2,0,fall,1026,,,,
London,hour,2024-11-20 11:00:00,2024-11-20,11,2,0,fall,898,,,,
London,hour,2024-11-20 12:00:00,2024-11-20,12,2,0,fall,1125,,,,
London,hour,2024-11-20 13:00:00,2024-11-20,13,2,0,fall,1025,,,,
London,hour,2024-11-20 14:00:00,2024-11-20,14,2,0,fall,933,,,,
London,hour,2024-11-20 15:00:00,2024-11-20,15,2,0,fall,1051,,,,
London,hour,2024-11-20 16:00:00,2024-11-20,16,2,0,fall,1552,,,,
London,hour,2024-11-20 17:00:00,2024-11-20,17,2,0,fall,2535,,,,
London,hour,2024-11-20 18:00:00,2024-11-20,18,2,0,fall,2535,,,,
London,hour,2024-11-20 19:00:00,2024-11-20,19,2,0,fall,1563,,,,
London,hour,2024-11-20 20:00:00,2024-11-20,20,2,0,fall,1037,,,,
London,hour,2024-11-20 21:00:00,2024-11-20,21,2,0,fall,762,,,,
London,hour,2024-11-20 22:00:00,2024-11-20,22,2,0,fall,570,,,,
London,hour,2024-11-20 23:00:00,2024-11-20,23,2,0,fall,332,,,,
London,hour,2024-11-21 00:00:00,2024-11-21,0,3,0,fall,134,,,,
London,hour,2024-11-21 01:00:00,2024-11-21,1,3,0,fall,57,,,,
London,hour,2024-11-21 02:00:00,2024-11-21,2,3,0,fall,51,,,,
London,hour,2024-11-21 03:00:00,2024-11-21,3,3,0,fall,40,,,,
London,hour,2024-11-21 04:00:00,2024-11-21,4,3,0,fall,45,,,,
London,hour,2024-11-21 05:00:00,2024-11-21,5,3,0,fall,137,,,,
London,hour,2024-11-21 06:00:00,2024-11-21,6,3,0,fall,607,,,,
London,hour,2024-11-21 07:00:00,2024-11-21,7,3,0,fall,1654,,,,
London,hour,2024-11-21 08:00:00,2024-11-21,8,3,0,fall,3413,,,,
London,hour,2024-11-21 09:00:00,2024-11-21,9,3,0,fall,1958,,,,
London,hour,2024-11-21 10:00:00,2024-11-21,10,3,0,fall,1034,,,,
London,hour,2024-11-21 11:00:00,2024-11-21,11,3,0,fall,836,,,,
London,hour,2024-11-21 12:00:00,2024-11-21,12,3,0,fall,1055,,,,
London,hour,2024-11-21 13:00:00,2024-11-21,13,3,0,fall,1051,,,,
London,hour,2024-11-21 14:00:00,2024-11-21,14,3,0,fall,948,,,,
London,hour,2024-11-21 15:00:00,2024-11-21,15,3,0,fall,1064,,,,
London,hour,2024-11-21 16:00:00,2024-11-21,16,3,0,fall,1467,,,,
London,hour,2024-11-21 17:00:00,2024-11-21,17,3,0,fall,2453,,,,
London,hour,2024-11-21 18:00:00,2024-11-21,18,3,0,fall,2360,,,,
London,hour,2024-11-21 19:00:00,2024-11-21,19,3,0,fall,1434,,,,
London,hour,2024-11-21 20:00:00,2024-11-21,20,3,0,fall,941,,,,
London,hour,2024-11-21 21:00:00,2024-11-21,21,3,0,fall,707,,,,
London,hour,2024-11-21 22:00:00,2024-11-21,22,3,0,fall,576,,,,
London,hour,2024-11-21 23:00:00,2024-11-21,23,3,0,fall,375,,,,
London,hour,2024-11-22 00:00:00,2024-11-22,0,4,0,fall,156,,,,
London,hour,2024-11-22 01:00:00,2024-11-22,1,4,0,fall,91,,,,
London,hour,2024-11-22 02:00:00,2024-11-22,2,4,0,fall,56,,,,
London,hour,2024-11-22 03:00:00,2024-11-22,3,4,0,fall,40,,,,
London,hour,2024-11-22 04:00:00,2024-11-22,4,4,0,fall,50,,,,
London,hour,2024-11-22 05:00:00,2024-11-22,5,4,0,fall,130,,,,
London,hour,2024-11-22 06:00:00,2024-11-22,6,4,0,fall,450,,,,
London,hour,2024-11-22 07:00:00,2024-11-22,7,4,0,fall,1219,,,,
London,hour,2024-11-22 08:00:00,2024-11-22,8,4,0,fall,2310,,,,
London,hour,2024-11-22 09:00:00,2024-11-22,9,4,0,fall,1555,,,,
London,hour,2024-11-22 10:00:00,2024-11-22,10,4,0,fall,1063,,,,
London,hour,2024-11-22 11:00:00,2024-11-22,11,4,0,fall,960,,,,
London,hour,2024-11-22 12:00:00,2024-11-22,12,4,0,fall,1219,,,,
London,hour,2024-11-22 13:00:00,2024-11-22,13,4,0,fall,1236,,,,
London,hour,2024-11-22 14:00:00,2024-11-22,14,4,0,fall,1144,,,,
London,hour,2024-11-22 15:00:00,2024-11-22,15,4,0,fall,1244,,,,
London,hour,2024-11-22 16:00:00,2024-11-22,16,4,0,fall,1558,,,,
London,hour,2024-11-22 17:00:00,2024-11-22,17,4,0,fall,2083,,,,
London,hour,2024-11-22 18:00:00,2024-11-22,18,4,0,fall,1930,,,,
London,hour,2024-11-22 19:00:00,2024-11-22,19,4,0,fall,1316,,,,
London,hour,2024-11-22 20:00:00,2024-11-22,20,4,0,fall,819,,,,
London,hour,2024-11-22 21:00:00,2024-11-22,21,4,0,fall,639,,,,
London,hour,2024-11-22 22:00:00,2024-11-22,22,4,0,fall,480,,,,
London,hour,2024-11-22 23:00:00,2024-11-22,23,4,0,fall,434,,,,
London,hour,2024-11-23 00:00:00,2024-11-23,0,5,1,fall,360,,,,
London,hour,2024-11-23 01:00:00,2024-11-23,1,5,1,fall,224,,,,
London,hour,2024-11-23 02:00:00,2024-11-23,2,5,1,fall,146,,,,
London,hour,2024-11-23 03:00:00,2024-11-23,3,5,1,fall,96,,,,
London,hour,2024-11-23 04:00:00,2024-11-23,4,5,1,fall,49,,,,
London,hour,2024-11-23 05:00:00,2024-11-23,5,5,1,fall,50,,,,
London,hour,2024-11-23 06:00:00,2024-11-23,6,5,1,fall,102,,,,
London,hour,2024-11-23 07:00:00,2024-11-23,7,5,1,fall,254,,,,
London,hour,2024-11-23 08:00:00,2024-11-23,8,5,1,fall,537,,,,
London,hour,2024-11-23 09:00:00,2024-11-23,9,5,1,fall,712,,,,
London,hour,2024-11-23 10:00:00,2024-11-23,10,5,1,fall,878,,,,
London,hour,2024-11-23 11:00:00,2024-11-23,11,5,1,fall,863,,,,
London,hour,2024-11-23 12:00:00,2024-11-23,12,5,1,fall,905,,,,
London,hour,2024-11-23 13:00:00,2024-11-23,13,5,1,fall,961,,,,
London,hour,2024-11-23 14:00:00,2024-11-23,14,5,1,fall,892,,,,
London,hour,2024-11-23 15:00:00,2024-11-23,15,5,1,fall,786,,,,
London,hour,2024-11-23 16:00:00,2024-11-23,16,5,1,fall,775,,,,
London,hour,2024-11-23 17:00:00,2024-11-23,17,5,1,fall,708,,,,
London,hour,2024-11-23 18:00:00,2024-11-23,18,5,1,fall,705,,,,
London,hour,2024-11-23 19:00:00,2024-11-23,19,5,1,fall,536,,,,
London,hour,2024-11-23 20:00:00,2024-11-23,20,5,1,fall,466,,,,
London,hour,2024-11-23 21:00:00,2024-11-23,21,5,1,fall,381,,,,
London,hour,2024-11-23 22:00:00,2024-11-23,22,5,1,fall,373,,,,
London,hour,2024-11-23 23:00:00,2024-11-23,23,5,1,fall,322,,,,
London,hour,2024-11-24 00:00:00,2024-11-24,0,6,1,fall,229,,,,
London,hour,2024-11-24 01:00:00,2024-11-24,1,6,1,fall,145,,,,
London,hour,2024-11-24 02:00:00,2024-11-24,2,6,1,fall,155,,,,
London,hour,2024-11-24 03:00:00,2024-11-24,3,6,1,fall,67,,,,
London,hour,2024-11-24 04:00:00,2024-11-24,4,6,1,fall,72,,,,
London,hour,2024-11-24 05:00:00,2024-11-24,5,6,1,fall,69,,,,
London,hour,2024-11-24 06:00:00,2024-11-24,6,6,1,fall,102,,,,
London,hour,2024-11-24 07:00:00,2024-11-24,7,6,1,fall,179,,,,
London,hour,2024-11-24 08:00:00,2024-11-24,8,6,1,fall,330,,,,
London,hour,2024-11-24 09:00:00,2024-11-24,9,6,1,fall,650,,,,
London,hour,2024-11-24 10:00:00,2024-11-24,10,6,1,fall,954,,,,
London,hour,2024-11-24 11:00:00,2024-11-24,11,6,1,fall,1051,,,,
London,hour,2024-11-24 12:00:00,2024-11-24,12,6,1,fall,1195,,,,
London,hour,2024-11-24 13:00:00,2024-11-24,13,6,1,fall,1364,,,,
London,hour,2024-11-24 14:00:00,2024-11-24,14,6,1,fall,1284,,,,
London,hour,2024-11-24 15:00:00,2024-11-24,15,6,1,fall,1197,,,,
London,hour,2024-11-24 16:00:00,2024-11-24,16,6,1,fall,1133,,,,
London,hour,2024-11-24 17:00:00,2024-11-24,17,6,1,fall,967,,,,
London,hour,2024-11-24 18:00:00,2024-11-24,18,6,1,fall,748,,,,
London,hour,2024-11-24 19:00:00,2024-11-24,19,6,1,fall,619,,,,
London,hour,2024-11-24 20:00:00,2024-11-24,20,6,1,fall,431,,,,
London,hour,2024-11-24 21:00:00,2024-11-24,21,6,1,fall,286,,,,
London,hour,2024-11-24 22:00:00,2024-11-24,22,6,1,fall,183,,,,
London,hour,2024-11-24 23:00:00,2024-11-24,23,6,1,fall,97,,,,
London,hour,2024-11-25 00:00:00,2024-11-25,0,0,0,fall,59,,,,
London,hour,2024-11-25 01:00:00,2024-11-25,1,0,0,fall,43,,,,
London,hour,2024-11-25 02:00:00,2024-11-25,2,0,0,fall,16,,,,
London,hour,2024-11-25 03:00:00,2024-11-25,3,0,0,fall,21,,,,
London,hour,2024-11-25 04:00:00,2024-11-25,4,0,0,fall,46,,,,
London,hour,2024-11-25 05:00:00,2024-11-25,5,0,0,fall,138,,,,
London,hour,2024-11-25 06:00:00,2024-11-25,6,0,0,fall,600,,,,
London,hour,2024-11-25 07:00:00,2024-11-25,7,0,0,fall,1571,,,,
London,hour,2024-11-25 08:00:00,2024-11-25,8,0,0,fall,3159,,,,
London,hour,2024-11-25 09:00:00,2024-11-25,9,0,0,fall,1780,,,,
London,hour,2024-11-25 10:00:00,2024-11-25,10,0,0,fall,981,,,,
London,hour,2024-11-25 11:00:00,2024-11-25,11,0,0,fall,918,,,,
London,hour,2024-11-25 12:00:00,2024-11-25,12,0,0,fall,1048,,,,
London,hour,2024-11-25 13:00:00,2024-11-25,13,0,0,fall,1167,,,,
London,hour,2024-11-25 14:00:00,2024-11-25,14,0,0,fall,1063,,,,
London,hour,2024-11-25 15:00:00,2024-11-25,15,0,0,fall,1191,,,,
London,hour,2024-11-25 16:00:00,2024-11-25,16,0,0,fall,1507,,,,
London,hour,2024-11-25 17:00:00,2024-11-25,17,0,0,fall,2586,,,,
London,hour,2024-11-25 18:00:00,2024-11-25,18,0,0,fall,2618,,,,
London,hour,2024-11-25 19:00:00,2024-11-25,19,0,0,fall,1598,,,,
London,hour,2024-11-25 20:00:00,2024-11-25,20,0,0,fall,1066,,,,
London,hour,2024-11-25 21:00:00,2024-11-25,21,0,0,fall,680,,,,
London,hour,2024-11-25 22:00:00,2024-11-25,22,0,0,fall,504,,,,
London,hour,2024-11-25 23:00:00,2024-11-25,23,0,0,fall,266,,,,
London,hour,2024-11-26 00:00:00,2024-11-26,0,1,0,fall,124,,,,
London,hour,2024-11-26 01:00:00,2024-11-26,1,1,0,fall,50,,,,
London,hour,2024-11-26 02:00:00,2024-11-26,2,1,0,fall,31,,,,
London,hour,2024-11-26 03:00:00,2024-11-26,3,1,0,fall,21,,,,
London,hour,2024-11-26 04:00:00,2024-11-26,4,1,0,fall,39,,,,
London,hour,2024-11-26 05:00:00,2024-11-26,5,1,0,fall,156,,,,
London,hour,2024-11-26 06:00:00,2024-11-26,6,1,0,fall,673,,,,
London,hour,2024-11-26 07:00:00,2024-11-26,7,1,0,fall,1913,,,,
London,hour,2024-11-26 08:00:00,2024-11-26,8,1,0,fall,3896,,,,
London,hour,2024-11-26 09:00:00,2024-11-26,9,1,0,fall,2152,,,,
London,hour,2024-11-26 10:00:00,2024-11-26,10,1,0,fall,1154,,,,
London,hour,2024-11-26 11:00:00,2024-11-26,11,1,0,fall,965,,,,
London,hour,2024-11-26 12:00:00,2024-11-26,12,1,0,fall,1194,,,,
London,hour,2024-11-26 13:00:00,2024-11-26,13,1,0,fall,1110,,,,
London,hour,2024-11-26 14:00:00,2024-11-26,14,1,0,fall,1104,,,,
London,hour,2024-11-26 15:00:00,2024-11-26,15,1,0,fall,1278,,,,
London,hour,2024-11-26 16:00:00,2024-11-26,16,1,0,fall,1677,,,,
London,hour,2024-11-26 17:00:00,2024-11-26,17,1,0,fall,2981,,,,
London,hour,2024-11-26 18:00:00,2024-11-26,18,1,0,fall,2874,,,,
London,hour,2024-11-26 19:00:00,2024-11-26,19,1,0,fall,1811,,,,
London,hour,2024-11-26 20:00:00,2024-11-26,20,1,0,fall,1174,,,,
London,hour,2024-11-26 21:00:00,2024-11-26,21,1,0,fall,846,,,,
London,hour,2024-11-26 22:00:00,2024-11-26,22,1,0,fall,533,,,,
London,hour,2024-11-26 23:00:00,2024-11-26,23,1,0,fall,245,,,,
London,hour,2024-11-27 00:00:00,2024-11-27,0,2,0,fall,88,,,,
London,hour,2024-11-27 01:00:00,2024-11-27,1,2,0,fall,40,,,,
London,hour,2024-11-27 02:00:00,2024-11-27,2,2,0,fall,17,,,,
London,hour,2024-11-27 03:00:00,2024-11-27,3,2,0,fall,10,,,,
London,hour,2024-11-27 04:00:00,2024-11-27,4,2,0,fall,31,,,,
London,hour,2024-11-27 05:00:00,2024-11-27,5,2,0,fall,93,,,,
London,hour,2024-11-27 06:00:00,2024-11-27,6,2,0,fall,239,,,,
London,hour,2024-11-27 07:00:00,2024-11-27,7,2,0,fall,1050,,,,
London,hour,2024-11-27 08:00:00,2024-11-27,8,2,0,fall,2886,,,,
London,hour,2024-11-27 09:00:00,2024-11-27,9,2,0,fall,2031,,,,
London,hour,2024-11-27 10:00:00,2024-11-27,10,2,0,fall,1015,,,,
London,hour,2024-11-27 11:00:00,2024-11-27,11,2,0,fall,906,,,,
London,hour,2024-11-27 12:00:00,2024-11-27,12,2,0,fall,1067,,,,
London,hour,2024-11-27 13:00:00,2024-11-27,13,2,0,fall,1033,,,,
London,hour,2024-11-27 14:00:00,2024-11-27,14,2,0,fall,925,,,,
London,hour,2024-11-27 15:00:00,2024-11-27,15,2,0,fall,1019,,,,
London,hour,2024-11-27 16:00:00,2024-11-27,16,2,0,fall,1468,,,,
London,hour,2024-11-27 17:00:00,2024-11-27,17,2,0,fall,2550,,,,
London,hour,2024-11-27 18:00:00,2024-11-27,18,2,0,fall,2569,,,,
London,hour,2024-11-27 19:00:00,2024-11-27,19,2,0,fall,1676,,,,
London,hour,2024-11-27 20:00:00,2024-11-27,20,2,0,fall,1104,,,,
London,hour,2024-11-27 21:00:00,2024-11-27,21,2,0,fall,786,,,,
London,hour,2024-11-27 22:00:00,2024-11-27,22,2,0,fall,699,,,,
London,hour,2024-11-27 23:00:00,2024-11-27,23,2,0,fall,380,,,,
London,hour,2024-11-28 00:00:00,2024-11-28,0,3,0,fall,171,,,,
London,hour,2024-11-28 01:00:00,2024-11-28,1,3,0,fall,97,,,,
London,hour,2024-11-28 02:00:00,2024-11-28,2,3,0,fall,56,,,,
London,hour,2024-11-28 03:00:00,2024-11-28,3,3,0,fall,35,,,,
London,hour,2024-11-28 04:00:00,2024-11-28,4,3,0,fall,42,,,,
London,hour,2024-11-28 05:00:00,2024-11-28,5,3,0,fall,146,,,,
London,hour,2024-11-28 06:00:00,2024-11-28,6,3,0,fall,595,,,,
London,hour,2024-11-28 07:00:00,2024-11-28,7,3,0,fall,1592,,,,
London,hour,2024-11-28 08:00:00,2024-11-28,8,3,0,fall,3521,,,,
London,hour,2024-11-28 09:00:00,2024-11-28,9,3,0,fall,2024,,,,
London,hour,2024-11-28 10:00:00,2024-11-28,10,3,0,fall,1141,,,,
London,hour,2024-11-28 11:00:00,2024-11-28,11,3,0,fall,1088,,,,
London,hour,2024-11-28 12:00:00,2024-11-28,12,3,0,fall,1189,,,,
London,hour,2024-11-28 13:00:00,2024-11-28,13,3,0,fall,1180,,,,
London,hour,2024-11-28 14:00:00,2024-11-28,14,3,0,fall,1078,,,,
London,hour,2024-11-28 15:00:00,2024-11-28,15,3,0,fall,1204,,,,
London,hour,2024-11-28 16:00:00,2024-11-28,16,3,0,fall,1622,,,,
London,hour,2024-11-28 17:00:00,2024-11-28,17,3,0,fall,2667,,,,
London,hour,2024-11-28 18:00:00,2024-11-28,18,3,0,fall,2491,,,,
London,hour,2024-11-28 19:00:00,2024-11-28,19,3,0,fall,1615,,,,
London,hour,2024-11-28 20:00:00,2024-11-28,20,3,0,fall,995,,,,
London,hour,2024-11-28 21:00:00,2024-11-28,21,3,0,fall,805,,,,
London,hour,2024-11-28 22:00:00,2024-11-28,22,3,0,fall,695,,,,
London,hour,2024-11-28 23:00:00,2024-11-28,23,3,0,fall,488,,,,
London,hour,2024-11-29 00:00:00,2024-11-29,0,4,0,fall,231,,,,
London,hour,2024-11-29 01:00:00,2024-11-29,1,4,0,fall,118,,,,
London,hour,2024-11-29 02:00:00,2024-11-29,2,4,0,fall,68,,,,
London,hour,2024-11-29 03:00:00,2024-11-29,3,4,0,fall,55,,,,
London,hour,2024-11-29 04:00:00,2024-11-29,4,4,0,fall,44,,,,
London,hour,2024-11-29 05:00:00,2024-11-29,5,4,0,fall,143,,,,
London,hour,2024-11-29 06:00:00,2024-11-29,6,4,0,fall,455,,,,
London,hour,2024-11-29 07:00:00,2024-11-29,7,4,0,fall,1186,,,,
London,hour,2024-11-29 08:00:00,2024-11-29,8,4,0,fall,2429,,,,
London,hour,2024-11-29 09:00:00,2024-11-29,9,4,0,fall,1617,,,,
London,hour,2024-11-29 10:00:00,2024-11-29,10,4,0,fall,1204,,,,
London,hour,2024-11-29 11:00:00,2024-11-29,11,4,0,fall,1137,,,,
London,hour,2024-11-29 12:00:00,2024-11-29,12,4,0,fall,1357,,,,
London,hour,2024-11-29 13:00:00,2024-11-29,13,4,0,fall,1385,,,,
London,hour,2024-11-29 14:00:00,2024-11-29,14,4,0,fall,1249,,,,
London,hour,2024-11-29 15:00:00,2024-11-29,15,4,0,fall,1436,,,,
London,hour,2024-11-29 16:00:00,2024-11-29,16,4,0,fall,1713,,,,
London,hour,2024-11-29 17:00:00,2024-11-29,17,4,0,fall,2249,,,,
London,hour,2024-11-29 18:00:00,2024-11-29,18,4,0,fall,1961,,,,
London,hour,2024-11-29 19:00:00,2024-11-29,19,4,0,fall,1468,,,,
London,hour,2024-11-29 20:00:00,2024-11-29,20,4,0,fall,935,,,,
London,hour,2024-11-29 21:00:00,2024-11-29,21,4,0,fall,702,,,,
London,hour,2024-11-29 22:00:00,2024-11-29,22,4,0,fall,654,,,,
London,hour,2024-11-29 23:00:00,2024-11-29,23,4,0,fall,586,,,,
London,hour,2024-11-30 00:00:00,2024-11-30,0,5,1,fall,414,,,,
London,hour,2024-11-30 01:00:00,2024-11-30,1,5,1,fall,271,,,,
London,hour,2024-11-30 02:00:00,2024-11-30,2,5,1,fall,164,,,,
London,hour,2024-11-30 03:00:00,2024-11-30,3,5,1,fall,119,,,,
London,hour,2024-11-30 04:00:00,2024-11-30,4,5,1,fall,64,,,,
London,hour,2024-11-30 05:00:00,2024-11-30,5,5,1,fall,86,,,,
London,hour,2024-11-30 06:00:00,2024-11-30,6,5,1,fall,145,,,,
London,hour,2024-11-30 07:00:00,2024-11-30,7,5,1,fall,265,,,,
London,hour,2024-11-30 08:00:00,2024-11-30,8,5,1,fall,633,,,,
London,hour,2024-11-30 09:00:00,2024-11-30,9,5,1,fall,1033,,,,
London,hour,2024-11-30 10:00:00,2024-11-30,10,5,1,fall,1398,,,,
London,hour,2024-11-30 11:00:00,2024-11-30,11,5,1,fall,1571,,,,
London,hour,2024-11-30 12:00:00,2024-11-30,12,5,1,fall,1731,,,,
London,hour,2024-11-30 13:00:00,2024-11-30,13,5,1,fall,1793,,,,
London,hour,2024-11-30 14:00:00,2024-11-30,14,5,1,fall,1822,,,,
London,hour,2024-11-30 15:00:00,2024-11-30,15,5,1,fall,1836,,,,
London,hour,2024-11-30 16:00:00,2024-11-30,16,5,1,fall,1650,,,,
London,hour,2024-11-30 17:00:00,2024-11-30,17,5,1,fall,1537,,,,
London,hour,2024-11-30 18:00:00,2024-11-30,18,5,1,fall,1300,,,,
London,hour,2024-11-30 19:00:00,2024-11-30,19,5,1,fall,1113,,,,
London,hour,2024-11-30 20:00:00,2024-11-30,20,5,1,fall,795,,,,
London,hour,2024-11-30 21:00:00,2024-11-30,21,5,1,fall,582,,,,
London,hour,2024-11-30 22:00:00,2024-11-30,22,5,1,fall,681,,,,
London,hour,2024-11-30 23:00:00,2024-11-30,23,5,1,fall,580,,,,
London,hour,2024-12-01 00:00:00,2024-12-01,0,6,1,winter,2,,,,
London,hour,2024-12-04 19:00:00,2024-12-04,19,2,0,winter,359,,,,
London,hour,2024-12-04 20:00:00,2024-12-04,20,2,0,winter,1062,,,,
London,hour,2024-12-04 21:00:00,2024-12-04,21,2,0,winter,636,,,,
London,hour,2024-12-04 22:00:00,2024-12-04,22,2,0,winter,594,,,,
London,hour,2024-12-04 23:00:00,2024-12-04,23,2,0,winter,414,,,,
London,hour,2024-12-05 00:00:00,2024-12-05,0,3,0,winter,175,,,,
London,hour,2024-12-05 01:00:00,2024-12-05,1,3,0,winter,83,,,,
London,hour,2024-12-05 02:00:00,2024-12-05,2,3,0,winter,52,,,,
London,hour,2024-12-05 03:00:00,2024-12-05,3,3,0,winter,22,,,,
London,hour,2024-12-05 04:00:00,2024-12-05,4,3,0,winter,39,,,,
London,hour,2024-12-05 05:00:00,2024-12-05,5,3,0,winter,87,,,,
London,hour,2024-12-05 06:00:00,2024-12-05,6,3,0,winter,541,,,,
London,hour,2024-12-05 07:00:00,2024-12-05,7,3,0,winter,1364,,,,
London,hour,2024-12-05 08:00:00,2024-12-05,8,3,0,winter,3148,,,,
London,hour,2024-12-05 09:00:00,2024-12-05,9,3,0,winter,1970,,,,
London,hour,2024-12-05 10:00:00,2024-12-05,10,3,0,winter,988,,,,
London,hour,2024-12-05 11:00:00,2024-12-05,11,3,0,winter,943,,,,
London,hour,2024-12-05 12:00:00,2024-12-05,12,3,0,winter,1085,,,,
London,hour,2024-12-05 13:00:00,2024-12-05,13,3,0,winter,1069,,,,
London,hour,2024-12-05 14:00:00,2024-12-05,14,3,0,winter,1043,,,,
London,hour,2024-12-05 15:00:00,2024-12-05,15,3,0,winter,971,,,,
London,hour,2024-12-05 16:00:00,2024-12-05,16,3,0,winter,1262,,,,
London,hour,2024-12-05 17:00:00,2024-12-05,17,3,0,winter,1773,,,,
London,hour,2024-12-05 18:00:00,2024-12-05,18,3,0,winter,1439,,,,
London,hour,2024-12-05 19:00:00,2024-12-05,19,3,0,winter,861,,,,
London,hour,2024-12-05 20:00:00,2024-12-05,20,3,0,winter,848,,,,
London,hour,2024-12-05 21:00:00,2024-12-05,21,3,0,winter,666,,,,
London,hour,2024-12-05 22:00:00,2024-12-05,22,3,0,winter,663,,,,
London,hour,2024-12-05 23:00:00,2024-12-05,23,3,0,winter,517,,,,
London,hour,2024-12-06 00:00:00,2024-12-06,0,4,0,winter,248,,,,
London,hour,2024-12-06 01:00:00,2024-12-06,1,4,0,winter,171,,,,
London,hour,2024-12-06 02:00:00,2024-12-06,2,4,0,winter,111,,,,
London,hour,2024-12-06 03:00:00,2024-12-06,3,4,0,winter,86,,,,
London,hour,2024-12-06 04:00:00,2024-12-06,4,4,0,winter,64,,,,
London,hour,2024-12-06 05:00:00,2024-12-06,5,4,0,winter,165,,,,
London,hour,2024-12-06 06:00:00,2024-12-06,6,4,0,winter,474,,,,
London,hour,2024-12-06 07:00:00,2024-12-06,7,4,0,winter,1221,,,,
London,hour,2024-12-06 08:00:00,2024-12-06,8,4,0,winter,2460,,,,
London,hour,2024-12-06 09:00:00,2024-12-06,9,4,0,winter,1746,,,,
London,hour,2024-12-06 10:00:00,2024-12-06,10,4,0,winter,1208,,,,
London,hour,2024-12-06 11:00:00,2024-12-06,11,4,0,winter,1184,,,,
London,hour,2024-12-06 12:00:00,2024-12-06,12,4,0,winter,1482,,,,
London,hour,2024-12-06 13:00:00,2024-12-06,13,4,0,winter,1313,,,,
London,hour,2024-12-06 14:00:00,2024-12-06,14,4,0,winter,1180,,,,
London,hour,2024-12-06 15:00:00,2024-12-06,15,4,0,winter,1449,,,,
London,hour,2024-12-06 16:00:00,2024-12-06,16,4,0,winter,1591,,,,
London,hour,2024-12-06 17:00:00,2024-12-06,17,4,0,winter,2108,,,,
London,hour,2024-12-06 18:00:00,2024-12-06,18,4,0,winter,1861,,,,
London,hour,2024-12-06 19:00:00,2024-12-06,19,4,0,winter,1210,,,,
London,hour,2024-12-06 20:00:00,2024-12-06,20,4,0,winter,663,,,,
London,hour,2024-12-06 21:00:00,2024-12-06,21,4,0,winter,582,,,,
London,hour,2024-12-06 22:00:00,2024-12-06,22,4,0,winter,521,,,,
London,hour,2024-12-06 23:00:00,2024-12-06,23,4,0,winter,394,,,,
London,hour,2024-12-07 00:00:00,2024-12-07,0,5,1,winter,310,,,,
London,hour,2024-12-07 01:00:00,2024-12-07,1,5,1,winter,277,,,,
London,hour,2024-12-07 02:00:00,2024-12-07,2,5,1,winter,181,,,,
London,hour,2024-12-07 03:00:00,2024-12-07,3,5,1,winter,110,,,,
London,hour,2024-12-07 04:00:00,2024-12-07,4,5,1,winter,71,,,,
London,hour,2024-12-07 05:00:00,2024-12-07,5,5,1,winter,63,,,,
London,hour,2024-12-07 06:00:00,2024-12-07,6,5,1,winter,109,,,,
London,hour,2024-12-07 07:00:00,2024-12-07,7,5,1,winter,211,,,,
London,hour,2024-12-07 08:00:00,2024-12-07,8,5,1,winter,320,,,,
London,hour,2024-12-07 09:00:00,2024-12-07,9,5,1,winter,333,,,,
London,hour,2024-12-07 10:00:00,2024-12-07,10,5,1,winter,474,,,,
London,hour,2024-12-07 11:00:00,2024-12-07,11,5,1,winter,543,,,,
London,hour,2024-12-07 12:00:00,2024-12-07,12,5,1,winter,583,,,,
London,hour,2024-12-07 13:00:00,2024-12-07,13,5,1,winter,756,,,,
London,hour,2024-12-07 14:00:00,2024-12-07,14,5,1,winter,788,,,,
London,hour,2024-12-07 15:00:00,2024-12-07,15,5,1,winter,771,,,,
London,hour,2024-12-07 16:00:00,2024-12-07,16,5,1,winter,740,,,,
London,hour,2024-12-07 17:00:00,2024-12-07,17,5,1,winter,689,,,,
London,hour,2024-12-07 18:00:00,2024-12-07,18,5,1,winter,660,,,,
London,hour,2024-12-07 19:00:00,2024-12-07,19,5,1,winter,564,,,,
London,hour,2024-12-07 20:00:00,2024-12-07,20,5,1,winter,459,,,,
London,hour,2024-12-07 21:00:00,2024-12-07,21,5,1,winter,356,,,,
London,hour,2024-12-07 22:00:00,2024-12-07,22,5,1,winter,316,,,,
London,hour,2024-12-07 23:00:00,2024-12-07,23,5,1,winter,221,,,,
London,hour,2024-12-08 00:00:00,2024-12-08,0,6,1,winter,232,,,,
London,hour,2024-12-08 01:00:00,2024-12-08,1,6,1,winter,170,,,,
London,hour,2024-12-08 02:00:00,2024-12-08,2,6,1,winter,85,,,,
London,hour,2024-12-08 03:00:00,2024-12-08,3,6,1,winter,67,,,,
London,hour,2024-12-08 04:00:00,2024-12-08,4,6,1,winter,47,,,,
London,hour,2024-12-08 05:00:00,2024-12-08,5,6,1,winter,53,,,,
London,hour,2024-12-08 06:00:00,2024-12-08,6,6,1,winter,67,,,,
London,hour,2024-12-08 07:00:00,2024-12-08,7,6,1,winter,79,,,,
London,hour,2024-12-08 08:00:00,2024-12-08,8,6,1,winter,178,,,,
London,hour,2024-12-08 09:00:00,2024-12-08,9,6,1,winter,358,,,,
London,hour,2024-12-08 10:00:00,2024-12-08,10,6,1,winter,552,,,,
London,hour,2024-12-08 11:00:00,2024-12-08,11,6,1,winter,552,,,,
London,hour,2024-12-08 12:00:00,2024-12-08,12,6,1,winter,640,,,,
London,hour,2024-12-08 13:00:00,2024-12-08,13,6,1,winter,734,,,,
London,hour,2024-12-08 14:00:00,2024-12-08,14,6,1,winter,716,,,,
London,hour,2024-12-08 15:00:00,2024-12-08,15,6,1,winter,533,,,,
London,hour,2024-12-08 16:00:00,2024-12-08,16,6,1,winter,692,,,,
London,hour,2024-12-08 17:00:00,2024-12-08,17,6,1,winter,665,,,,
London,hour,2024-12-08 18:00:00,2024-12-08,18,6,1,winter,641,,,,
London,hour,2024-12-08 19:00:00,2024-12-08,19,6,1,winter,478,,,,
London,hour,2024-12-08 20:00:00,2024-12-08,20,6,1,winter,429,,,,
London,hour,2024-12-08 21:00:00,2024-12-08,21,6,1,winter,307,,,,
London,hour,2024-12-08 22:00:00,2024-12-08,22,6,1,winter,283,,,,
London,hour,2024-12-08 23:00:00,2024-12-08,23,6,1,winter,176,,,,
London,hour,2024-12-09 00:00:00,2024-12-09,0,0,0,winter,139,,,,
London,hour,2024-12-09 01:00:00,2024-12-09,1,0,0,winter,72,,,,
London,hour,2024-12-09 02:00:00,2024-12-09,2,0,0,winter,44,,,,
London,hour,2024-12-09 03:00:00,2024-12-09,3,0,0,winter,32,,,,
London,hour,2024-12-09 04:00:00,2024-12-09,4,0,0,winter,52,,,,
London,hour,2024-12-09 05:00:00,2024-12-09,5,0,0,winter,148,,,,
London,hour,2024-12-09 06:00:00,2024-12-09,6,0,0,winter,575,,,,
London,hour,2024-12-09 07:00:00,2024-12-09,7,0,0,winter,1512,,,,
London,hour,2024-12-09 08:00:00,2024-12-09,8,0,0,winter,3067,,,,
London,hour,2024-12-09 09:00:00,2024-12-09,9,0,0,winter,1648,,,,
London,hour,2024-12-09 10:00:00,2024-12-09,10,0,0,winter,959,,,,
London,hour,2024-12-09 11:00:00,2024-12-09,11,0,0,winter,820,,,,
London,hour,2024-12-09 12:00:00,2024-12-09,12,0,0,winter,979,,,,
London,hour,2024-12-09 13:00:00,2024-12-09,13,0,0,winter,975,,,,
London,hour,2024-12-09 14:00:00,2024-12-09,14,0,0,winter,846,,,,
London,hour,2024-12-09 15:00:00,2024-12-09,15,0,0,winter,1059,,,,
London,hour,2024-12-09 16:00:00,2024-12-09,16,0,0,winter,1316,,,,
London,hour,2024-12-09 17:00:00,2024-12-09,17,0,0,winter,2481,,,,
London,hour,2024-12-09 18:00:00,2024-12-09,18,0,0,winter,2417,,,,
London,hour,2024-12-09 19:00:00,2024-12-09,19,0,0,winter,1423,,,,
London,hour,2024-12-09 20:00:00,2024-12-09,20,0,0,winter,984,,,,
London,hour,2024-12-09 21:00:00,2024-12-09,21,0,0,winter,630,,,,
London,hour,2024-12-09 22:00:00,2024-12-09,22,0,0,winter,517,,,,
London,hour,2024-12-09 23:00:00,2024-12-09,23,0,0,winter,325,,,,
London,hour,2024-12-10 00:00:00,2024-12-10,0,1,0,winter,114,,,,
London,hour,2024-12-10 01:00:00,2024-12-10,1,1,0,winter,59,,,,
London,hour,2024-12-10 02:00:00,2024-12-10,2,1,0,winter,33,,,,
London,hour,2024-12-10 03:00:00,2024-12-10,3,1,0,winter,17,,,,
London,hour,2024-12-10 04:00:00,2024-12-10,4,1,0,winter,36,,,,
London,hour,2024-12-10 05:00:00,2024-12-10,5,1,0,winter,147,,,,
London,hour,2024-12-10 06:00:00,2024-12-10,6,1,0,winter,584,,,,
London,hour,2024-12-10 07:00:00,2024-12-10,7,1,0,winter,1578,,,,
London,hour,2024-12-10 08:00:00,2024-12-10,8,1,0,winter,3350,,,,
London,hour,2024-12-10 09:00:00,2024-12-10,9,1,0,winter,1882,,,,
London,hour,2024-12-10 10:00:00,2024-12-10,10,1,0,winter,1046,,,,
London,hour,2024-12-10 11:00:00,2024-12-10,11,1,0,winter,939,,,,
London,hour,2024-12-10 12:00:00,2024-12-10,12,1,0,winter,1012,,,,
London,hour,2024-12-10 13:00:00,2024-12-10,13,1,0,winter,986,,,,
London,hour,2024-12-10 14:00:00,2024-12-10,14,1,0,winter,938,,,,
London,hour,2024-12-10 15:00:00,2024-12-10,15,1,0,winter,1088,,,,
London,hour,2024-12-10 16:00:00,2024-12-10,16,1,0,winter,1498,,,,
London,hour,2024-12-10 17:00:00,2024-12-10,17,1,0,winter,2582,,,,
London,hour,2024-12-10 18:00:00,2024-12-10,18,1,0,winter,2526,,,,
London,hour,2024-12-10 19:00:00,2024-12-10,19,1,0,winter,1558,,,,
London,hour,2024-12-10 20:00:00,2024-12-10,20,1,0,winter,980,,,,
London,hour,2024-12-10 21:00:00,2024-12-10,21,1,0,winter,766,,,,
London,hour,2024-12-10 22:00:00,2024-12-10,22,1,0,winter,638,,,,
London,hour,2024-12-10 23:00:00,2024-12-10,23,1,0,winter,341,,,,
London,hour,2024-12-11 00:00:00,2024-12-11,0,2,0,winter,191,,,,
London,hour,2024-12-11 01:00:00,2024-12-11,1,2,0,winter,107,,,,
London,hour,2024-12-11 02:00:00,2024-12-11,2,2,0,winter,60,,,,
London,hour,2024-12-11 03:00:00,2024-12-11,3,2,0,winter,33,,,,
London,hour,2024-12-11 04:00:00,2024-12-11,4,2,0,winter,45,,,,
London,hour,2024-12-11 05:00:00,2024-12-11,5,2,0,winter,135,,,,
London,hour,2024-12-11 06:00:00,2024-12-11,6,2,0,winter,586,,,,
London,hour,2024-12-11 07:00:00,2024-12-11,7,2,0,winter,1630,,,,
London,hour,2024-12-11 08:00:00,2024-12-11,8,2,0,winter,3304,,,,
London,hour,2024-12-11 09:00:00,2024-12-11,9,2,0,winter,1904,,,,
London,hour,2024-12-11 10:00:00,2024-12-11,10,2,0,winter,1075,,,,
London,hour,2024-12-11 11:00:00,2024-12-11,11,2,0,winter,932,,,,
London,hour,2024-12-11 12:00:00,2024-12-11,12,2,0,winter,1066,,,,
London,hour,2024-12-11 13:00:00,2024-12-11,13,2,0,winter,1090,,,,
London,hour,2024-12-11 14:00:00,2024-12-11,14,2,0,winter,944,,,,
London,hour,2024-12-11 15:00:00,2024-12-11,15,2,0,winter,1147,,,,
London,hour,2024-12-11 16:00:00,2024-12-11,16,2,0,winter,1422,,,,
London,hour,2024-12-11 17:00:00,2024-12-11,17,2,0,winter,2530,,,,
London,hour,2024-12-11 18:00:00,2024-12-11,18,2,0,winter,2408,,,,
London,hour,2024-12-11 19:00:00,2024-12-11,19,2,0,winter,1574,,,,
London,hour,2024-12-11 20:00:00,2024-12-11,20,2,0,winter,980,,,,
London,hour,2024-12-11 21:00:00,2024-12-11,21,2,0,winter,826,,,,
London,hour,2024-12-11 22:00:00,2024-12-11,22,2,0,winter,720,,,,
London,hour,2024-12-11 23:00:00,2024-12-11,23,2,0,winter,512,,,,
London,hour,2024-12-12 00:00:00,2024-12-12,0,3,0,winter,234,,,,
London,hour,2024-12-12 01:00:00,2024-12-12,1,3,0,winter,144,,,,
London,hour,2024-12-12 02:00:00,2024-12-12,2,3,0,winter,97,,,,
London,hour,2024-12-12 03:00:00,2024-12-12,3,3,0,winter,42,,,,
London,hour,2024-12-12 04:00:00,2024-12-12,4,3,0,winter,47,,,,
London,hour,2024-12-12 05:00:00,2024-12-12,5,3,0,winter,133,,,,
London,hour,2024-12-12 06:00:00,2024-12-12,6,3,0,winter,555,,,,
London,hour,2024-12-12 07:00:00,2024-12-12,7,3,0,winter,1559,,,,
London,hour,2024-12-12 08:00:00,2024-12-12,8,3,0,winter,3206,,,,
London,hour,2024-12-12 09:00:00,2024-12-12,9,3,0,winter,2004,,,,
London,hour,2024-12-12 10:00:00,2024-12-12,10,3,0,winter,1092,,,,
London,hour,2024-12-12 11:00:00,2024-12-12,11,3,0,winter,956,,,,
London,hour,2024-12-12 12:00:00,2024-12-12,12,3,0,winter,1108,,,,
London,hour,2024-12-12 13:00:00,2024-12-12,13,3,0,winter,1023,,,,
London,hour,2024-12-12 14:00:00,2024-12-12,14,3,0,winter,869,,,,
London,hour,2024-12-12 15:00:00,2024-12-12,15,3,0,winter,928,,,,
London,hour,2024-12-12 16:00:00,2024-12-12,16,3,0,winter,1214,,,,
London,hour,2024-12-12 17:00:00,2024-12-12,17,3,0,winter,1881,,,,
London,hour,2024-12-12 18:00:00,2024-12-12,18,3,0,winter,1858,,,,
London,hour,2024-12-12 19:00:00,2024-12-12,19,3,0,winter,1200,,,,
London,hour,2024-12-12 20:00:00,2024-12-12,20,3,0,winter,896,,,,
London,hour,2024-12-12 21:00:00,2024-12-12,21,3,0,winter,665,,,,
London,hour,2024-12-12 22:00:00,2024-12-12,22,3,0,winter,545,,,,
London,hour,2024-12-12 23:00:00,2024-12-12,23,3,0,winter,479,,,,
London,hour,2024-12-13 00:00:00,2024-12-13,0,4,0,winter,321,,,,
London,hour,2024-12-13 01:00:00,2024-12-13,1,4,0,winter,228,,,,
London,hour,2024-12-13 02:00:00,2024-12-13,2,4,0,winter,136,,,,
London,hour,2024-12-13 03:00:00,2024-12-13,3,4,0,winter,96,,,,
London,hour,2024-12-13 04:00:00,2024-12-13,4,4,0,winter,55,,,,
London,hour,2024-12-13 05:00:00,2024-12-13,5,4,0,winter,118,,,,
London,hour,2024-12-13 06:00:00,2024-12-13,6,4,0,winter,406,,,,
London,hour,2024-12-13 07:00:00,2024-12-13,7,4,0,winter,972,,,,
London,hour,2024-12-13 08:00:00,2024-12-13,8,4,0,winter,1721,,,,
London,hour,2024-12-13 09:00:00,2024-12-13,9,4,0,winter,1255,,,,
London,hour,2024-12-13 10:00:00,2024-12-13,10,4,0,winter,897,,,,
London,hour,2024-12-13 11:00:00,2024-12-13,11,4,0,winter,891,,,,
London,hour,2024-12-13 12:00:00,2024-12-13,12,4,0,winter,1064,,,,
London,hour,2024-12-13 13:00:00,2024-12-13,13,4,0,winter,1052,,,,
London,hour,2024-12-13 14:00:00,2024-12-13,14,4,0,winter,961,,,,
London,hour,2024-12-13 15:00:00,2024-12-13,15,4,0,winter,1055,,,,
London,hour,2024-12-13 16:00:00,2024-12-13,16,4,0,winter,1296,,,,
London,hour,2024-12-13 17:00:00,2024-12-13,17,4,0,winter,1787,,,,
London,hour,2024-12-13 18:00:00,2024-12-13,18,4,0,winter,1638,,,,
London,hour,2024-12-13 19:00:00,2024-12-13,19,4,0,winter,1271,,,,
London,hour,2024-12-13 20:00:00,2024-12-13,20,4,0,winter,738,,,,
London,hour,2024-12-13 21:00:00,2024-12-13,21,4,0,winter,612,,,,
London,hour,2024-12-13 22:00:00,2024-12-13,22,4,0,winter,523,,,,
London,hour,2024-12-13 23:00:00,2024-12-13,23,4,0,winter,464,,,,
London,hour,2024-12-14 00:00:00,2024-12-14,0,5,1,winter,340,,,,
London,hour,2024-12-14 01:00:00,2024-12-14,1,5,1,winter,241,,,,
London,hour,2024-12-14 02:00:00,2024-12-14,2,5,1,winter,176,,,,
London,hour,2024-12-14 03:00:00,2024-12-14,3,5,1,winter,122,,,,
London,hour,2024-12-14 04:00:00,2024-12-14,4,5,1,winter,104,,,,
London,hour,2024-12-14 05:00:00,2024-12-14,5,5,1,winter,75,,,,
London,hour,2024-12-14 06:00:00,2024-12-14,6,5,1,winter,127,,,,
London,hour,2024-12-14 07:00:00,2024-12-14,7,5,1,winter,216,,,,
London,hour,2024-12-14 08:00:00,2024-12-14,8,5,1,winter,453,,,,
London,hour,2024-12-14 09:00:00,2024-12-14,9,5,1,winter,859,,,,
London,hour,2024-12-14 10:00:00,2024-12-14,10,5,1,winter,1075,,,,
London,hour,2024-12-14 11:00:00,2024-12-14,11,5,1,winter,1255,,,,
London,hour,2024-12-14 12:00:00,2024-12-14,12,5,1,winter,1531,,,,
London,hour,2024-12-14 13:00:00,2024-12-14,13,5,1,winter,1604,,,,
London,hour,2024-12-14 14:00:00,2024-12-14,14,5,1,winter,1560,,,,
London,hour,2024-12-14 15:00:00,2024-12-14,15,5,1,winter,1452,,,,
London,hour,2024-12-14 16:00:00,2024-12-14,16,5,1,winter,1376,,,,
London,hour,2024-12-14 17:00:00,2024-12-14,17,5,1,winter,1253,,,,
London,hour,2024-12-14 18:00:00,2024-12-14,18,5,1,winter,1180,,,,
London,hour,2024-12-14 19:00:00,2024-12-14,19,5,1,winter,870,,,,
London,hour,2024-12-14 20:00:00,2024-12-14,20,5,1,winter,630,,,,
London,hour,2024-12-14 21:00:00,2024-12-14,21,5,1,winter,508,,,,
London,hour,2024-12-14 22:00:00,2024-12-14,22,5,1,winter,483,,,,
London,hour,2024-12-14 23:00:00,2024-12-14,23,5,1,winter,473,,,,
London,hour,2024-12-15 00:00:00,2024-12-15,0,6,1,winter,326,,,,
London,hour,2024-12-15 01:00:00,2024-12-15,1,6,1,winter,270,,,,
London,hour,2024-12-15 02:00:00,2024-12-15,2,6,1,winter,161,,,,
London,hour,2024-12-15 03:00:00,2024-12-15,3,6,1,winter,121,,,,
London,hour,2024-12-15 04:00:00,2024-12-15,4,6,1,winter,69,,,,
London,hour,2024-12-15 05:00:00,2024-12-15,5,6,1,winter,67,,,,
London,hour,2024-12-15 06:00:00,2024-12-15,6,6,1,winter,92,,,,
London,hour,2024-12-15 07:00:00,2024-12-15,7,6,1,winter,170,,,,
London,hour,2024-12-15 08:00:00,2024-12-15,8,6,1,winter,349,,,,
London,hour,2024-12-15 09:00:00,2024-12-15,9,6,1,winter,633,,,,
London,hour,2024-12-15 10:00:00,2024-12-15,10,6,1,winter,922,,,,
London,hour,2024-12-15 11:00:00,2024-12-15,11,6,1,winter,1169,,,,
London,hour,2024-12-15 12:00:00,2024-12-15,12,6,1,winter,1315,,,,
London,hour,2024-12-15 13:00:00,2024-12-15,13,6,1,winter,1363,,,,
London,hour,2024-12-15 14:00:00,2024-12-15,14,6,1,winter,1339,,,,
London,hour,2024-12-15 15:00:00,2024-12-15,15,6,1,winter,1280,,,,
London,hour,2024-12-15 16:00:00,2024-12-15,16,6,1,winter,1322,,,,
London,hour,2024-12-15 17:00:00,2024-12-15,17,6,1,winter,1061,,,,
London,hour,2024-12-15 18:00:00,2024-12-15,18,6,1,winter,928,,,,
London,hour,2024-12-15 19:00:00,2024-12-15,19,6,1,winter,627,,,,
London,hour,2024-12-15 20:00:00,2024-12-15,20,6,1,winter,511,,,,
London,hour,2024-12-15 21:00:00,2024-12-15,21,6,1,winter,520,,,,
London,hour,2024-12-15 22:00:00,2024-12-15,22,6,1,winter,409,,,,
London,hour,2024-12-15 23:00:00,2024-12-15,23,6,1,winter,222,,,,
London,hour,2024-12-16 00:00:00,2024-12-16,0,0,0,winter,124,,,,
London,hour,2024-12-16 01:00:00,2024-12-16,1,0,0,winter,65,,,,
London,hour,2024-12-16 02:00:00,2024-12-16,2,0,0,winter,64,,,,
London,hour,2024-12-16 03:00:00,2024-12-16,3,0,0,winter,28,,,,
London,hour,2024-12-16 04:00:00,2024-12-16,4,0,0,winter,43,,,,
London,hour,2024-12-16 05:00:00,2024-12-16,5,0,0,winter,123,,,,
London,hour,2024-12-16 06:00:00,2024-12-16,6,0,0,winter,481,,,,
London,hour,2024-12-16 07:00:00,2024-12-16,7,0,0,winter,1316,,,,
London,hour,2024-12-16 08:00:00,2024-12-16,8,0,0,winter,2481,,,,
London,hour,2024-12-16 09:00:00,2024-12-16,9,0,0,winter,1455,,,,
London,hour,2024-12-16 10:00:00,2024-12-16,10,0,0,winter,768,,,,
London,hour,2024-12-16 11:00:00,2024-12-16,11,0,0,winter,835,,,,
London,hour,2024-12-16 12:00:00,2024-12-16,12,0,0,winter,1058,,,,
London,hour,2024-12-16 13:00:00,2024-12-16,13,0,0,winter,961,,,,
London,hour,2024-12-16 14:00:00,2024-12-16,14,0,0,winter,983,,,,
London,hour,2024-12-16 15:00:00,2024-12-16,15,0,0,winter,1065,,,,
London,hour,2024-12-16 16:00:00,2024-12-16,16,0,0,winter,1359,,,,
London,hour,2024-12-16 17:00:00,2024-12-16,17,0,0,winter,2224,,,,
London,hour,2024-12-16 18:00:00,2024-12-16,18,0,0,winter,2153,,,,
London,hour,2024-12-16 19:00:00,2024-12-16,19,0,0,winter,1346,,,,
London,hour,2024-12-16 20:00:00,2024-12-16,20,0,0,winter,868,,,,
London,hour,2024-12-16 21:00:00,2024-12-16,21,0,0,winter,691,,,,
London,hour,2024-12-16 22:00:00,2024-12-16,22,0,0,winter,478,,,,
London,hour,2024-12-16 23:00:00,2024-12-16,23,0,0,winter,304,,,,
London,hour,2024-12-17 00:00:00,2024-12-17,0,1,0,winter,136,,,,
London,hour,2024-12-17 01:00:00,2024-12-17,1,1,0,winter,77,,,,
London,hour,2024-12-17 02:00:00,2024-12-17,2,1,0,winter,37,,,,
London,hour,2024-12-17 03:00:00,2024-12-17,3,1,0,winter,32,,,,
London,hour,2024-12-17 04:00:00,2024-12-17,4,1,0,winter,54,,,,
London,hour,2024-12-17 05:00:00,2024-12-17,5,1,0,winter,158,,,,
London,hour,2024-12-17 06:00:00,2024-12-17,6,1,0,winter,580,,,,
London,hour,2024-12-17 07:00:00,2024-12-17,7,1,0,winter,1462,,,,
London,hour,2024-12-17 08:00:00,2024-12-17,8,1,0,winter,2858,,,,
London,hour,2024-12-17 09:00:00,2024-12-17,9,1,0,winter,1693,,,,
London,hour,2024-12-17 10:00:00,2024-12-17,10,1,0,winter,921,,,,
London,hour,2024-12-17 11:00:00,2024-12-17,11,1,0,winter,830,,,,
London,hour,2024-12-17 12:00:00,2024-12-17,12,1,0,winter,1030,,,,
London,hour,2024-12-17 13:00:00,2024-12-17,13,1,0,winter,1018,,,,
London,hour,2024-12-17 14:00:00,2024-12-17,14,1,0,winter,1026,,,,
London,hour,2024-12-17 15:00:00,2024-12-17,15,1,0,winter,1033,,,,
London,hour,2024-12-17 16:00:00,2024-12-17,16,1,0,winter,1319,,,,
London,hour,2024-12-17 17:00:00,2024-12-17,17,1,0,winter,2419,,,,
London,hour,2024-12-17 18:00:00,2024-12-17,18,1,0,winter,2120,,,,
London,hour,2024-12-17 19:00:00,2024-12-17,19,1,0,winter,1209,,,,
London,hour,2024-12-17 20:00:00,2024-12-17,20,1,0,winter,826,,,,
London,hour,2024-12-17 21:00:00,2024-12-17,21,1,0,winter,635,,,,
London,hour,2024-12-17 22:00:00,2024-12-17,22,1,0,winter,564,,,,
London,hour,2024-12-17 23:00:00,2024-12-17,23,1,0,winter,337,,,,
London,hour,2024-12-18 00:00:00,2024-12-18,0,2,0,winter,160,,,,
London,hour,2024-12-18 01:00:00,2024-12-18,1,2,0,winter,90,,,,
London,hour,2024-12-18 02:00:00,2024-12-18,2,2,0,winter,48,,,,
London,hour,2024-12-18 03:00:00,2024-12-18,3,2,0,winter,19,,,,
London,hour,2024-12-18 04:00:00,2024-12-18,4,2,0,winter,39,,,,
London,hour,2024-12-18 05:00:00,2024-12-18,5,2,0,winter,130,,,,
London,hour,2024-12-18 06:00:00,2024-12-18,6,2,0,winter,455,,,,
London,hour,2024-12-18 07:00:00,2024-12-18,7,2,0,winter,1215,,,,
London,hour,2024-12-18 08:00:00,2024-12-18,8,2,0,winter,2462,,,,
London,hour,2024-12-18 09:00:00,2024-12-18,9,2,0,winter,1512,,,,
London,hour,2024-12-18 10:00:00,2024-12-18,10,2,0,winter,901,,,,
London,hour,2024-12-18 11:00:00,2024-12-18,11,2,0,winter,900,,,,
London,hour,2024-12-18 12:00:00,2024-12-18,12,2,0,winter,1065,,,,
London,hour,2024-12-18 13:00:00,2024-12-18,13,2,0,winter,1023,,,,
London,hour,2024-12-18 14:00:00,2024-12-18,14,2,0,winter,934,,,,
London,hour,2024-12-18 15:00:00,2024-12-18,15,2,0,winter,1110,,,,
London,hour,2024-12-18 16:00:00,2024-12-18,16,2,0,winter,1313,,,,
London,hour,2024-12-18 17:00:00,2024-12-18,17,2,0,winter,1779,,,,
London,hour,2024-12-18 18:00:00,2024-12-18,18,2,0,winter,1704,,,,
London,hour,2024-12-18 19:00:00,2024-12-18,19,2,0,winter,1031,,,,
London,hour,2024-12-18 20:00:00,2024-12-18,20,2,0,winter,599,,,,
London,hour,2024-12-18 21:00:00,2024-12-18,21,2,0,winter,591,,,,
London,hour,2024-12-18 22:00:00,2024-12-18,22,2,0,winter,418,,,,
London,hour,2024-12-18 23:00:00,2024-12-18,23,2,0,winter,327,,,,
London,hour,2024-12-19 00:00:00,2024-12-19,0,3,0,winter,173,,,,
London,hour,2024-12-19 01:00:00,2024-12-19,1,3,0,winter,98,,,,
London,hour,2024-12-19 02:00:00,2024-12-19,2,3,0,winter,37,,,,
London,hour,2024-12-19 03:00:00,2024-12-19,3,3,0,winter,38,,,,
London,hour,2024-12-19 04:00:00,2024-12-19,4,3,0,winter,42,,,,
London,hour,2024-12-19 05:00:00,2024-12-19,5,3,0,winter,138,,,,
London,hour,2024-12-19 06:00:00,2024-12-19,6,3,0,winter,418,,,,
London,hour,2024-12-19 07:00:00,2024-12-19,7,3,0,winter,1165,,,,
London,hour,2024-12-19 08:00:00,2024-12-19,8,3,0,winter,2424,,,,
London,hour,2024-12-19 09:00:00,2024-12-19,9,3,0,winter,1501,,,,
London,hour,2024-12-19 10:00:00,2024-12-19,10,3,0,winter,879,,,,
London,hour,2024-12-19 11:00:00,2024-12-19,11,3,0,winter,901,,,,
London,hour,2024-12-19 12:00:00,2024-12-19,12,3,0,winter,1064,,,,
London,hour,2024-12-19 13:00:00,2024-12-19,13,3,0,winter,1040,,,,
London,hour,2024-12-19 14:00:00,2024-12-19,14,3,0,winter,1011,,,,
London,hour,2024-12-19 15:00:00,2024-12-19,15,3,0,winter,1035,,,,
London,hour,2024-12-19 16:00:00,2024-12-19,16,3,0,winter,1274,,,,
London,hour,2024-12-19 17:00:00,2024-12-19,17,3,0,winter,1922,,,,
London,hour,2024-12-19 18:00:00,2024-12-19,18,3,0,winter,1711,,,,
London,hour,2024-12-19 19:00:00,2024-12-19,19,3,0,winter,1052,,,,
London,hour,2024-12-19 20:00:00,2024-12-19,20,3,0,winter,656,,,,
London,hour,2024-12-19 21:00:00,2024-12-19,21,3,0,winter,627,,,,
London,hour,2024-12-19 22:00:00,2024-12-19,22,3,0,winter,537,,,,
London,hour,2024-12-19 23:00:00,2024-12-19,23,3,0,winter,362,,,,
London,hour,2024-12-20 00:00:00,2024-12-20,0,4,0,winter,232,,,,
London,hour,2024-12-20 01:00:00,2024-12-20,1,4,0,winter,129,,,,
London,hour,2024-12-20 02:00:00,2024-12-20,2,4,0,winter,59,,,,
London,hour,2024-12-20 03:00:00,2024-12-20,3,4,0,winter,43,,,,
London,hour,2024-12-20 04:00:00,2024-12-20,4,4,0,winter,54,,,,
London,hour,2024-12-20 05:00:00,2024-12-20,5,4,0,winter,111,,,,
London,hour,2024-12-20 06:00:00,2024-12-20,6,4,0,winter,340,,,,
London,hour,2024-12-20 07:00:00,2024-12-20,7,4,0,winter,803,,,,
London,hour,2024-12-20 08:00:00,2024-12-20,8,4,0,winter,1452,,,,
London,hour,2024-12-20 09:00:00,2024-12-20,9,4,0,winter,1037,,,,
London,hour,2024-12-20 10:00:00,2024-12-20,10,4,0,winter,934,,,,
London,hour,2024-12-20 11:00:00,2024-12-20,11,4,0,winter,944,,,,
London,hour,2024-12-20 12:00:00,2024-12-20,12,4,0,winter,1101,,,,
London,hour,2024-12-20 13:00:00,2024-12-20,13,4,0,winter,1138,,,,
London,hour,2024-12-20 14:00:00,2024-12-20,14,4,0,winter,1017,,,,
London,hour,2024-12-20 15:00:00,2024-12-20,15,4,0,winter,1130,,,,
London,hour,2024-12-20 16:00:00,2024-12-20,16,4,0,winter,1085,,,,
London,hour,2024-12-20 17:00:00,2024-12-20,17,4,0,winter,1024,,,,
London,hour,2024-12-20 18:00:00,2024-12-20,18,4,0,winter,987,,,,
London,hour,2024-12-20 19:00:00,2024-12-20,19,4,0,winter,726,,,,
London,hour,2024-12-20 20:00:00,2024-12-20,20,4,0,winter,527,,,,
London,hour,2024-12-20 21:00:00,2024-12-20,21,4,0,winter,415,,,,
London,hour,2024-12-20 22:00:00,2024-12-20,22,4,0,winter,373,,,,
London,hour,2024-12-20 23:00:00,2024-12-20,23,4,0,winter,290,,,,
London,hour,2024-12-21 00:00:00,2024-12-21,0,5,1,winter,213,,,,
London,hour,2024-12-21 01:00:00,2024-12-21,1,5,1,winter,141,,,,
London,hour,2024-12-21 02:00:00,2024-12-21,2,5,1,winter,113,,,,
London,hour,2024-12-21 03:00:00,2024-12-21,3,5,1,winter,75,,,,
London,hour,2024-12-21 04:00:00,2024-12-21,4,5,1,winter,47,,,,
London,hour,2024-12-21 05:00:00,2024-12-21,5,5,1,winter,49,,,,
London,hour,2024-12-21 06:00:00,2024-12-21,6,5,1,winter,93,,,,
London,hour,2024-12-21 07:00:00,2024-12-21,7,5,1,winter,146,,,,
London,hour,2024-12-21 08:00:00,2024-12-21,8,5,1,winter,308,,,,
London,hour,2024-12-21 09:00:00,2024-12-21,9,5,1,winter,534,,,,
London,hour,2024-12-21 10:00:00,2024-12-21,10,5,1,winter,744,,,,
London,hour,2024-12-21 11:00:00,2024-12-21,11,5,1,winter,838,,,,
London,hour,2024-12-21 12:00:00,2024-12-21,12,5,1,winter,877,,,,
London,hour,2024-12-21 13:00:00,2024-12-21,13,5,1,winter,930,,,,
London,hour,2024-12-21 14:00:00,2024-12-21,14,5,1,winter,883,,,,
London,hour,2024-12-21 15:00:00,2024-12-21,15,5,1,winter,756,,,,
London,hour,2024-12-21 16:00:00,2024-12-21,16,5,1,winter,803,,,,
London,hour,2024-12-21 17:00:00,2024-12-21,17,5,1,winter,830,,,,
London,hour,2024-12-21 18:00:00,2024-12-21,18,5,1,winter,708,,,,
London,hour,2024-12-21 19:00:00,2024-12-21,19,5,1,winter,529,,,,
London,hour,2024-12-21 20:00:00,2024-12-21,20,5,1,winter,472,,,,
London,hour,2024-12-21 21:00:00,2024-12-21,21,5,1,winter,338,,,,
London,hour,2024-12-21 22:00:00,2024-12-21,22,5,1,winter,342,,,,
London,hour,2024-12-21 23:00:00,2024-12-21,23,5,1,winter,274,,,,
London,hour,2024-12-22 00:00:00,2024-12-22,0,6,1,winter,171,,,,
London,hour,2024-12-22 01:00:00,2024-12-22,1,6,1,winter,128,,,,
London,hour,2024-12-22 02:00:00,2024-12-22,2,6,1,winter,74,,,,
London,hour,2024-12-22 03:00:00,2024-12-22,3,6,1,winter,53,,,,
London,hour,2024-12-22 04:00:00,2024-12-22,4,6,1,winter,44,,,,
London,hour,2024-12-22 05:00:00,2024-12-22,5,6,1,winter,49,,,,
London,hour,2024-12-22 06:00:00,2024-12-22,6,6,1,winter,85,,,,
London,hour,2024-12-22 07:00:00,2024-12-22,7,6,1,winter,170,,,,
London,hour,2024-12-22 08:00:00,2024-12-22,8,6,1,winter,220,,,,
London,hour,2024-12-22 09:00:00,2024-12-22,9,6,1,winter,461,,,,
London,hour,2024-12-22 10:00:00,2024-12-22,10,6,1,winter,660,,,,
London,hour,2024-12-22 11:00:00,2024-12-22,11,6,1,winter,803,,,,
London,hour,2024-12-22 12:00:00,2024-12-22,12,6,1,winter,870,,,,
London,hour,2024-12-22 13:00:00,2024-12-22,13,6,1,winter,896,,,,
London,hour,2024-12-22 14:00:00,2024-12-22,14,6,1,winter,655,,,,
London,hour,2024-12-22 15:00:00,2024-12-22,15,6,1,winter,637,,,,
London,hour,2024-12-22 16:00:00,2024-12-22,16,6,1,winter,649,,,,
London,hour,2024-12-22 17:00:00,2024-12-22,17,6,1,winter,563,,,,
London,hour,2024-12-22 18:00:00,2024-12-22,18,6,1,winter,483,,,,
London,hour,2024-12-22 19:00:00,2024-12-22,19,6,1,winter,361,,,,
London,hour,2024-12-22 20:00:00,2024-12-22,20,6,1,winter,288,,,,
London,hour,2024-12-22 21:00:00,2024-12-22,21,6,1,winter,239,,,,
London,hour,2024-12-22 22:00:00,2024-12-22,22,6,1,winter,226,,,,
London,hour,2024-12-22 23:00:00,2024-12-22,23,6,1,winter,179,,,,
London,hour,2024-12-23 00:00:00,2024-12-23,0,0,0,winter,126,,,,
London,hour,2024-12-23 01:00:00,2024-12-23,1,0,0,winter,54,,,,
London,hour,2024-12-23 02:00:00,2024-12-23,2,0,0,winter,33,,,,
London,hour,2024-12-23 03:00:00,2024-12-23,3,0,0,winter,36,,,,
London,hour,2024-12-23 04:00:00,2024-12-23,4,0,0,winter,41,,,,
London,hour,2024-12-23 05:00:00,2024-12-23,5,0,0,winter,91,,,,
London,hour,2024-12-23 06:00:00,2024-12-23,6,0,0,winter,209,,,,
London,hour,2024-12-23 07:00:00,2024-12-23,7,0,0,winter,443,,,,
London,hour,2024-12-23 08:00:00,2024-12-23,8,0,0,winter,804,,,,
London,hour,2024-12-23 09:00:00,2024-12-23,9,0,0,winter,729,,,,
London,hour,2024-12-23 10:00:00,2024-12-23,10,0,0,winter,661,,,,
London,hour,2024-12-23 11:00:00,2024-12-23,11,0,0,winter,697,,,,
London,hour,2024-12-23 12:00:00,2024-12-23,12,0,0,winter,810,,,,
London,hour,2024-12-23 13:00:00,2024-12-23,13,0,0,winter,829,,,,
London,hour,2024-12-23 14:00:00,2024-12-23,14,0,0,winter,837,,,,
London,hour,2024-12-23 15:00:00,2024-12-23,15,0,0,winter,808,,,,
London,hour,2024-12-23 16:00:00,2024-12-23,16,0,0,winter,846,,,,
London,hour,2024-12-23 17:00:00,2024-12-23,17,0,0,winter,927,,,,
London,hour,2024-12-23 18:00:00,2024-12-23,18,0,0,winter,789,,,,
London,hour,2024-12-23 19:00:00,2024-12-23,19,0,0,winter,526,,,,
London,hour,2024-12-23 20:00:00,2024-12-23,20,0,0,winter,373,,,,
London,hour,2024-12-23 21:00:00,2024-12-23,21,0,0,winter,285,,,,
London,hour,2024-12-23 22:00:00,2024-12-23,22,0,0,winter,215,,,,
London,hour,2024-12-23 23:00:00,2024-12-23,23,0,0,winter,146,,,,
London,hour,2024-12-24 00:00:00,2024-12-24,0,1,0,winter,97,,,,
London,hour,2024-12-24 01:00:00,2024-12-24,1,1,0,winter,57,,,,
London,hour,2024-12-24 02:00:00,2024-12-24,2,1,0,winter,33,,,,
London,hour,2024-12-24 03:00:00,2024-12-24,3,1,0,winter,27,,,,
London,hour,2024-12-24 04:00:00,2024-12-24,4,1,0,winter,34,,,,
London,hour,2024-12-24 05:00:00,2024-12-24,5,1,0,winter,74,,,,
London,hour,2024-12-24 06:00:00,2024-12-24,6,1,0,winter,155,,,,
London,hour,2024-12-24 07:00:00,2024-12-24,7,1,0,winter,353,,,,
London,hour,2024-12-24 08:00:00,2024-12-24,8,1,0,winter,534,,,,
London,hour,2024-12-24 09:00:00,2024-12-24,9,1,0,winter,556,,,,
London,hour,2024-12-24 10:00:00,2024-12-24,10,1,0,winter,612,,,,
London,hour,2024-12-24 11:00:00,2024-12-24,11,1,0,winter,724,,,,
London,hour,2024-12-24 12:00:00,2024-12-24,12,1,0,winter,792,,,,
London,hour,2024-12-24 13:00:00,2024-12-24,13,1,0,winter,791,,,,
London,hour,2024-12-24 14:00:00,2024-12-24,14,1,0,winter,848,,,,
London,hour,2024-12-24 15:00:00,2024-12-24,15,1,0,winter,771,,,,
London,hour,2024-12-24 16:00:00,2024-12-24,16,1,0,winter,758,,,,
London,hour,2024-12-24 17:00:00,2024-12-24,17,1,0,winter,522,,,,
London,hour,2024-12-24 18:00:00,2024-12-24,18,1,0,winter,494,,,,
London,hour,2024-12-24 19:00:00,2024-12-24,19,1,0,winter,336,,,,
London,hour,2024-12-24 20:00:00,2024-12-24,20,1,0,winter,277,,,,
London,hour,2024-12-24 21:00:00,2024-12-24,21,1,0,winter,181,,,,
London,hour,2024-12-24 22:00:00,2024-12-24,22,1,0,winter,227,,,,
London,hour,2024-12-24 23:00:00,2024-12-24,23,1,0,winter,190,,,,
London,hour,2024-12-25 00:00:00,2024-12-25,0,2,0,winter,204,,,,
London,hour,2024-12-25 01:00:00,2024-12-25,1,2,0,winter,170,,,,
London,hour,2024-12-25 02:00:00,2024-12-25,2,2,0,winter,69,,,,
London,hour,2024-12-25 03:00:00,2024-12-25,3,2,0,winter,59,,,,
London,hour,2024-12-25 04:00:00,2024-12-25,4,2,0,winter,40,,,,
London,hour,2024-12-25 05:00:00,2024-12-25,5,2,0,winter,44,,,,
London,hour,2024-12-25 06:00:00,2024-12-25,6,2,0,winter,83,,,,
London,hour,2024-12-25 07:00:00,2024-12-25,7,2,0,winter,151,,,,
London,hour,2024-12-25 08:00:00,2024-12-25,8,2,0,winter,319,,,,
London,hour,2024-12-25 09:00:00,2024-12-25,9,2,0,winter,575,,,,
London,hour,2024-12-25 10:00:00,2024-12-25,10,2,0,winter,1140,,,,
London,hour,2024-12-25 11:00:00,2024-12-25,11,2,0,winter,1688,,,,
London,hour,2024-12-25 12:00:00,2024-12-25,12,2,0,winter,2071,,,,
London,hour,2024-12-25 13:00:00,2024-12-25,13,2,0,winter,2047,,,,
London,hour,2024-12-25 14:00:00,2024-12-25,14,2,0,winter,2299,,,,
London,hour,2024-12-25 15:00:00,2024-12-25,15,2,0,winter,2139,,,,
London,hour,2024-12-25 16:00:00,2024-12-25,16,2,0,winter,2036,,,,
London,hour,2024-12-25 17:00:00,2024-12-25,17,2,0,winter,1669,,,,
London,hour,2024-12-25 18:00:00,2024-12-25,18,2,0,winter,1264,,,,
London,hour,2024-12-25 19:00:00,2024-12-25,19,2,0,winter,1147,,,,
London,hour,2024-12-25 20:00:00,2024-12-25,20,2,0,winter,910,,,,
London,hour,2024-12-25 21:00:00,2024-12-25,21,2,0,winter,653,,,,
London,hour,2024-12-25 22:00:00,2024-12-25,22,2,0,winter,495,,,,
London,hour,2024-12-25 23:00:00,2024-12-25,23,2,0,winter,291,,,,
London,hour,2024-12-26 00:00:00,2024-12-26,0,3,0,winter,162,,,,
London,hour,2024-12-26 01:00:00,2024-12-26,1,3,0,winter,111,,,,
London,hour,2024-12-26 02:00:00,2024-12-26,2,3,0,winter,42,,,,
London,hour,2024-12-26 03:00:00,2024-12-26,3,3,0,winter,33,,,,
London,hour,2024-12-26 04:00:00,2024-12-26,4,3,0,winter,27,,,,
London,hour,2024-12-26 05:00:00,2024-12-26,5,3,0,winter,32,,,,
London,hour,2024-12-26 06:00:00,2024-12-26,6,3,0,winter,67,,,,
London,hour,2024-12-26 07:00:00,2024-12-26,7,3,0,winter,114,,,,
London,hour,2024-12-26 08:00:00,2024-12-26,8,3,0,winter,217,,,,
London,hour,2024-12-26 09:00:00,2024-12-26,9,3,0,winter,393,,,,
London,hour,2024-12-26 10:00:00,2024-12-26,10,3,0,winter,497,,,,
London,hour,2024-12-26 11:00:00,2024-12-26,11,3,0,winter,598,,,,
London,hour,2024-12-26 12:00:00,2024-12-26,12,3,0,winter,610,,,,
London,hour,2024-12-26 13:00:00,2024-12-26,13,3,0,winter,663,,,,
London,hour,2024-12-26 14:00:00,2024-12-26,14,3,0,winter,738,,,,
London,hour,2024-12-26 15:00:00,2024-12-26,15,3,0,winter,702,,,,
London,hour,2024-12-26 16:00:00,2024-12-26,16,3,0,winter,583,,,,
London,hour,2024-12-26 17:00:00,2024-12-26,17,3,0,winter,485,,,,
London,hour,2024-12-26 18:00:00,2024-12-26,18,3,0,winter,440,,,,
London,hour,2024-12-26 19:00:00,2024-12-26,19,3,0,winter,333,,,,
London,hour,2024-12-26 20:00:00,2024-12-26,20,3,0,winter,295,,,,
London,hour,2024-12-26 21:00:00,2024-12-26,21,3,0,winter,223,,,,
London,hour,2024-12-26 22:00:00,2024-12-26,22,3,0,winter,240,,,,
London,hour,2024-12-26 23:00:00,2024-12-26,23,3,0,winter,136,,,,
London,hour,2024-12-27 00:00:00,2024-12-27,0,4,0,winter,81,,,,
London,hour,2024-12-27 01:00:00,2024-12-27,1,4,0,winter,45,,,,
London,hour,2024-12-27 02:00:00,2024-12-27,2,4,0,winter,35,,,,
London,hour,2024-12-27 03:00:00,2024-12-27,3,4,0,winter,13,,,,
London,hour,2024-12-27 04:00:00,2024-12-27,4,4,0,winter,36,,,,
London,hour,2024-12-27 05:00:00,2024-12-27,5,4,0,winter,49,,,,
London,hour,2024-12-27 06:00:00,2024-12-27,6,4,0,winter,126,,,,
London,hour,2024-12-27 07:00:00,2024-12-27,7,4,0,winter,249,,,,
London,hour,2024-12-27 08:00:00,2024-12-27,8,4,0,winter,394,,,,
London,hour,2024-12-27 09:00:00,2024-12-27,9,4,0,winter,471,,,,
London,hour,2024-12-27 10:00:00,2024-12-27,10,4,0,winter,579,,,,
London,hour,2024-12-27 11:00:00,2024-12-27,11,4,0,winter,641,,,,
London,hour,2024-12-27 12:00:00,2024-12-27,12,4,0,winter,736,,,,
London,hour,2024-12-27 13:00:00,2024-12-27,13,4,0,winter,811,,,,
London,hour,2024-12-27 14:00:00,2024-12-27,14,4,0,winter,780,,,,
London,hour,2024-12-27 15:00:00,2024-12-27,15,4,0,winter,775,,,,
London,hour,2024-12-27 16:00:00,2024-12-27,16,4,0,winter,799,,,,
London,hour,2024-12-27 17:00:00,2024-12-27,17,4,0,winter,756,,,,
London,hour,2024-12-27 18:00:00,2024-12-27,18,4,0,winter,641,,,,
London,hour,2024-12-27 19:00:00,2024-12-27,19,4,0,winter,514,,,,
London,hour,2024-12-27 20:00:00,2024-12-27,20,4,0,winter,360,,,,
London,hour,2024-12-27 21:00:00,2024-12-27,21,4,0,winter,321,,,,
London,hour,2024-12-27 22:00:00,2024-12-27,22,4,0,winter,292,,,,
London,hour,2024-12-27 23:00:00,2024-12-27,23,4,0,winter,199,,,,
London,hour,2024-12-28 00:00:00,2024-12-28,0,5,1,winter,108,,,,
London,hour,2024-12-28 01:00:00,2024-12-28,1,5,1,winter,81,,,,
London,hour,2024-12-28 02:00:00,2024-12-28,2,5,1,winter,43,,,,
London,hour,2024-12-28 03:00:00,2024-12-28,3,5,1,winter,31,,,,
London,hour,2024-12-28 04:00:00,2024-12-28,4,5,1,winter,27,,,,
London,hour,2024-12-28 05:00:00,2024-12-28,5,5,1,winter,40,,,,
London,hour,2024-12-28 06:00:00,2024-12-28,6,5,1,winter,88,,,,
London,hour,2024-12-28 07:00:00,2024-12-28,7,5,1,winter,128,,,,
London,hour,2024-12-28 08:00:00,2024-12-28,8,5,1,winter,324,,,,
London,hour,2024-12-28 09:00:00,2024-12-28,9,5,1,winter,430,,,,
London,hour,2024-12-28 10:00:00,2024-12-28,10,5,1,winter,676,,,,
London,hour,2024-12-28 11:00:00,2024-12-28,11,5,1,winter,806,,,,
London,hour,2024-12-28 12:00:00,2024-12-28,12,5,1,winter,762,,,,
London,hour,2024-12-28 13:00:00,2024-12-28,13,5,1,winter,698,,,,
London,hour,2024-12-28 14:00:00,2024-12-28,14,5,1,winter,817,,,,
London,hour,2024-12-28 15:00:00,2024-12-28,15,5,1,winter,745,,,,
London,hour,2024-12-28 16:00:00,2024-12-28,16,5,1,winter,658,,,,
London,hour,2024-12-28 17:00:00,2024-12-28,17,5,1,winter,625,,,,
London,hour,2024-12-28 18:00:00,2024-12-28,18,5,1,winter,573,,,,
London,hour,2024-12-28 19:00:00,2024-12-28,19,5,1,winter,436,,,,
London,hour,2024-12-28 20:00:00,2024-12-28,20,5,1,winter,349,,,,
London,hour,2024-12-28 21:00:00,2024-12-28,21,5,1,winter,314,,,,
London,hour,2024-12-28 22:00:00,2024-12-28,22,5,1,winter,292,,,,
London,hour,2024-12-28 23:00:00,2024-12-28,23,5,1,winter,193,,,,
London,hour,2024-12-29 00:00:00,2024-12-29,0,6,1,winter,142,,,,
London,hour,2024-12-29 01:00:00,2024-12-29,1,6,1,winter,83,,,,
London,hour,2024-12-29 02:00:00,2024-12-29,2,6,1,winter,62,,,,
London,hour,2024-12-29 03:00:00,2024-12-29,3,6,1,winter,52,,,,
London,hour,2024-12-29 04:00:00,2024-12-29,4,6,1,winter,33,,,,
London,hour,2024-12-29 05:00:00,2024-12-29,5,6,1,winter,49,,,,
London,hour,2024-12-29 06:00:00,2024-12-29,6,6,1,winter,71,,,,
London,hour,2024-12-29 07:00:00,2024-12-29,7,6,1,winter,132,,,,
London,hour,2024-12-29 08:00:00,2024-12-29,8,6,1,winter,228,,,,
London,hour,2024-12-29 09:00:00,2024-12-29,9,6,1,winter,406,,,,
London,hour,2024-12-29 10:00:00,2024-12-29,10,6,1,winter,609,,,,
London,hour,2024-12-29 11:00:00,2024-12-29,11,6,1,winter,594,,,,
London,hour,2024-12-29 12:00:00,2024-12-29,12,6,1,winter,699,,,,
London,hour,2024-12-29 13:00:00,2024-12-29,13,6,1,winter,771,,,,
London,hour,2024-12-29 14:00:00,2024-12-29,14,6,1,winter,819,,,,
London,hour,2024-12-29 15:00:00,2024-12-29,15,6,1,winter,755,,,,
London,hour,2024-12-29 16:00:00,2024-12-29,16,6,1,winter,764,,,,
London,hour,2024-12-29 17:00:00,2024-12-29,17,6,1,winter,645,,,,
London,hour,2024-12-29 18:00:00,2024-12-29,18,6,1,winter,552,,,,
London,hour,2024-12-29 19:00:00,2024-12-29,19,6,1,winter,407,,,,
London,hour,2024-12-29 20:00:00,2024-12-29,20,6,1,winter,362,,,,
London,hour,2024-12-29 21:00:00,2024-12-29,21,6,1,winter,267,,,,
London,hour,2024-12-29 22:00:00,2024-12-29,22,6,1,winter,261,,,,
London,hour,2024-12-29 23:00:00,2024-12-29,23,6,1,winter,179,,,,
London,hour,2024-12-30 00:00:00,2024-12-30,0,0,0,winter,111,,,,
London,hour,2024-12-30 01:00:00,2024-12-30,1,0,0,winter,49,,,,
London,hour,2024-12-30 02:00:00,2024-12-30,2,0,0,winter,51,,,,
London,hour,2024-12-30 03:00:00,2024-12-30,3,0,0,winter,25,,,,
London,hour,2024-12-30 04:00:00,2024-12-30,4,0,0,winter,35,,,,
London,hour,2024-12-30 05:00:00,2024-12-30,5,0,0,winter,60,,,,
London,hour,2024-12-30 06:00:00,2024-12-30,6,0,0,winter,189,,,,
London,hour,2024-12-30 07:00:00,2024-12-30,7,0,0,winter,367,,,,
London,hour,2024-12-30 08:00:00,2024-12-30,8,0,0,winter,623,,,,
London,hour,2024-12-30 09:00:00,2024-12-30,9,0,0,winter,591,,,,
London,hour,2024-12-30 10:00:00,2024-12-30,10,0,0,winter,698,,,,
London,hour,2024-12-30 11:00:00,2024-12-30,11,0,0,winter,764,,,,
London,hour,2024-12-30 12:00:00,2024-12-30,12,0,0,winter,830,,,,
London,hour,2024-12-30 13:00:00,2024-12-30,13,0,0,winter,921,,,,
London,hour,2024-12-30 14:00:00,2024-12-30,14,0,0,winter,978,,,,
London,hour,2024-12-30 15:00:00,2024-12-30,15,0,0,winter,1093,,,,
London,hour,2024-12-30 16:00:00,2024-12-30,16,0,0,winter,969,,,,
London,hour,2024-12-30 17:00:00,2024-12-30,17,0,0,winter,1059,,,,
London,hour,2024-12-30 18:00:00,2024-12-30,18,0,0,winter,916,,,,
London,hour,2024-12-30 19:00:00,2024-12-30,19,0,0,winter,616,,,,
London,hour,2024-12-30 20:00:00,2024-12-30,20,0,0,winter,470,,,,
London,hour,2024-12-30 21:00:00,2024-12-30,21,0,0,winter,373,,,,
London,hour,2024-12-30 22:00:00,2024-12-30,22,0,0,winter,293,,,,
London,hour,2024-12-30 23:00:00,2024-12-30,23,0,0,winter,237,,,,
London,hour,2024-12-31 00:00:00,2024-12-31,0,1,0,winter,134,,,,
London,hour,2024-12-31 01:00:00,2024-12-31,1,1,0,winter,70,,,,
London,hour,2024-12-31 02:00:00,2024-12-31,2,1,0,winter,63,,,,
London,hour,2024-12-31 03:00:00,2024-12-31,3,1,0,winter,33,,,,
London,hour,2024-12-31 04:00:00,2024-12-31,4,1,0,winter,49,,,,
London,hour,2024-12-31 05:00:00,2024-12-31,5,1,0,winter,61,,,,
London,hour,2024-12-31 06:00:00,2024-12-31,6,1,0,winter,166,,,,
London,hour,2024-12-31 07:00:00,2024-12-31,7,1,0,winter,317,,,,
London,hour,2024-12-31 08:00:00,2024-12-31,8,1,0,winter,529,,,,
London,hour,2024-12-31 09:00:00,2024-12-31,9,1,0,winter,609,,,,
London,hour,2024-12-31 10:00:00,2024-12-31,10,1,0,winter,724,,,,
London,hour,2024-12-31 11:00:00,2024-12-31,11,1,0,winter,930,,,,
London,hour,2024-12-31 12:00:00,2024-12-31,12,1,0,winter,977,,,,
London,hour,2024-12-31 13:00:00,2024-12-31,13,1,0,winter,1146,,,,
London,hour,2024-12-31 14:00:00,2024-12-31,14,1,0,winter,1154,,,,
London,hour,2024-12-31 15:00:00,2024-12-31,15,1,0,winter,1146,,,,
London,hour,2024-12-31 16:00:00,2024-12-31,16,1,0,winter,937,,,,
London,hour,2024-12-31 17:00:00,2024-12-31,17,1,0,winter,829,,,,
London,hour,2024-12-31 18:00:00,2024-12-31,18,1,0,winter,607,,,,
London,hour,2024-12-31 19:00:00,2024-12-31,19,1,0,winter,542,,,,
London,hour,2024-12-31 20:00:00,2024-12-31,20,1,0,winter,439,,,,
London,hour,2024-12-31 21:00:00,2024-12-31,21,1,0,winter,428,,,,
London,hour,2024-12-31 22:00:00,2024-12-31,22,1,0,winter,419,,,,
London,hour,2024-12-31 23:00:00,2024-12-31,23,1,0,winter,544,,,,
