city,date,weekday,is_weekend,season,bike_count,month_start,year,month,temperature,precipitation,wind_speed
London,2023-01-02,0,0,winter,22544,2023-01-01,2023,1,15.0,50.0,3.5
London,2023-01-03,1,0,winter,24537,2023-01-01,2023,1,15.0,50.0,3.5
London,2023-01-04,2,0,winter,17919,2023-01-01,2023,1,15.0,50.0,3.5
London,2023-01-05,3,0,winter,21856,2023-01-01,2023,1,15.0,50.0,3.5
London,2023-01-06,4,0,winter,29228,2023-01-01,2023,1,15.0,50.0,3.5
London,2023-01-07,5,1,winter,25971,2023-01-01,2023,1,15.0,50.0,3.5
London,2023-01-08,6,1,winter,30055,2023-01-01,2023,1,15.0,50.0,3.5
London,2023-01-09,0,0,winter,44377,2023-01-01,2023,1,15.0,50.0,3.5
London,2023-01-10,1,0,winter,40718,2023-01-01,2023,1,15.0,50.0,3.5
London,2023-01-11,2,0,winter,46581,2023-01-01,2023,1,15.0,50.0,3.5
London,2023-01-12,3,0,winter,41376,2023-01-01,2023,1,15.0,50.0,3.5
London,2023-01-13,4,0,winter,21559,2023-01-01,2023,1,15.0,50.0,3.5
London,2023-01-14,5,1,winter,14179,2023-01-01,2023,1,15.0,50.0,3.5
London,2023-01-15,6,1,winter,15260,2023-01-01,2023,1,15.0,50.0,3.5
London,2023-01-16,0,0,winter,19725,2023-01-01,2023,1,15.0,50.0,3.5
London,2023-01-17,1,0,winter,22191,2023-01-01,2023,1,15.0,50.0,3.5
London,2023-01-18,2,0,winter,22676,2023-01-01,2023,1,15.0,50.0,3.5
London,2023-01-19,3,0,winter,22840,2023-01-01,2023,1,15.0,50.0,3.5
London,2023-01-20,4,0,winter,20197,2023-01-01,2023,1,15.0,50.0,3.5
London,2023-01-21,5,1,winter,17182,2023-01-01,2023,1,15.0,50.0,3.5
London,2023-01-22,6,1,winter,14000,2023-01-01,2023,1,15.0,50.0,3.5
London,2023-01-23,0,0,winter,20369,2023-01-01,2023,1,15.0,50.0,3.5
London,2023-01-24,1,0,winter,23512,2023-01-01,2023,1,15.0,50.0,3.5
London,2023-01-25,2,0,winter,20283,2023-01-01,2023,1,15.0,50.0,3.5
London,2023-01-26,3,0,winter,22270,2023-01-01,2023,1,15.0,50.0,3.5
London,2023-01-27,4,0,winter,21258,2023-01-01,2023,1,15.0,50.0,3.5
London,2023-01-28,5,1,winter,17423,2023-01-01,2023,1,15.0,50.0,3.5
London,2023-01-29,6,1,winter,14243,2023-01-01,2023,1,15.0,50.0,3.5
London,2023-02-01,2,0,winter,11660,2023-02-01,2023,2,15.0,50.0,3.5
London,2023-02-02,3,0,winter,24988,2023-02-01,2023,2,15.0,50.0,3.5
London,2023-02-03,4,0,winter,25042,2023-02-01,2023,2,15.0,50.0,3.5
London,2023-02-04,5,1,winter,17047,2023-02-01,2023,2,15.0,50.0,3.5
London,2023-02-05,6,1,winter,27328,2023-02-01,2023,2,15.0,50.0,3.5
London,2023-02-06,0,0,winter,49539,2023-02-01,2023,2,15.0,50.0,3.5
London,2023-02-07,1,0,winter,48099,2023-02-01,2023,2,15.0,50.0,3.5
London,2023-02-08,2,0,winter,45178,2023-02-01,2023,2,15.0,50.0,3.5
London,2023-02-09,3,0,winter,49741,2023-02-01,2023,2,15.0,50.0,3.5
London,2023-02-10,4,0,winter,49541,2023-02-01,2023,2,15.0,50.0,3.5
London,2023-02-11,5,1,winter,36966,2023-02-01,2023,2,15.0,50.0,3.5
London,2023-02-12,6,1,winter,30150,2023-02-01,2023,2,15.0,50.0,3.5
London,2023-02-13,0,0,winter,23082,2023-02-01,2023,2,15.0,50.0,3.5
London,2023-02-14,1,0,winter,24606,2023-02-01,2023,2,15.0,50.0,3.5
London,2023-02-15,2,0,winter,24871,2023-02-01,2023,2,15.0,50.0,3.5
London,2023-02-16,3,0,winter,24088,2023-02-01,2023,2,15.0,50.0,3.5
London,2023-02-17,4,0,winter,22367,2023-02-01,2023,2,15.0,50.0,3.5
London,2023-02-18,5,1,winter,18355,2023-02-01,2023,2,15.0,50.0,3.5
London,2023-02-19,6,1,winter,18965,2023-02-01,2023,2,15.0,50.0,3.5
London,2023-02-20,0,0,winter,23165,2023-02-01,2023,2,15.0,50.0,3.5
London,2023-02-21,1,0,winter,25510,2023-02-01,2023,2,15.0,50.0,3.5
London,2023-02-22,2,0,winter,21078,2023-02-01,2023,2,15.0,50.0,3.5
London,2023-02-23,3,0,winter,24289,2023-02-01,2023,2,15.0,50.0,3.5
London,2023-02-24,4,0,winter,21715,2023-02-01,2023,2,15.0,50.0,3.5
London,2023-02-25,5,1,winter,17777,2023-02-01,2023,2,15.0,50.0,3.5
London,2023-02-26,6,1,winter,14359,2023-02-01,2023,2,15.0,50.0,3.5
London,2023-03-01,2,0,spring,12477,2023-03-01,2023,3,15.0,50.0,3.5
London,2023-03-02,3,0,spring,22473,2023-03-01,2023,3,15.0,50.0,3.5
London,2023-03-03,4,0,spring,21679,2023-03-01,2023,3,15.0,50.0,3.5
London,2023-03-04,5,1,spring,46330,2023-03-01,2023,3,15.0,50.0,3.5
London,2023-03-05,6,1,spring,29884,2023-03-01,2023,3,15.0,50.0,3.5
London,2023-03-06,0,0,spring,24946,2023-03-01,2023,3,15.0,50.0,3.5
London,2023-03-07,1,0,spring,27733,2023-03-01,2023,3,15.0,50.0,3.5
London,2023-03-08,2,0,spring,29822,2023-03-01,2023,3,15.0,50.0,3.5
London,2023-03-09,3,0,spring,23620,2023-03-01,2023,3,15.0,50.0,3.5
London,2023-03-10,4,0,spring,32327,2023-03-01,2023,3,15.0,50.0,3.5
London,2023-03-11,5,1,spring,22569,2023-03-01,2023,3,15.0,50.0,3.5
London,2023-03-12,6,1,spring,9821,2023-03-01,2023,3,15.0,50.0,3.5
London,2023-03-13,0,0,spring,20956,2023-03-01,2023,3,15.0,50.0,3.5
London,2023-03-14,1,0,spring,22545,2023-03-01,2023,3,15.0,50.0,3.5
London,2023-03-15,2,0,spring,35223,2023-03-01,2023,3,15.0,50.0,3.5
London,2023-03-16,3,0,spring,25355,2023-03-01,2023,3,15.0,50.0,3.5
London,2023-03-17,4,0,spring,20520,2023-03-01,2023,3,15.0,50.0,3.5
London,2023-03-18,5,1,spring,17431,2023-03-01,2023,3,15.0,50.0,3.5
London,2023-03-19,6,1,spring,16518,2023-03-01,2023,3,15.0,50.0,3.5
London,2023-03-20,0,0,spring,21503,2023-03-01,2023,3,15.0,50.0,3.5
London,2023-03-21,1,0,spring,26442,2023-03-01,2023,3,15.0,50.0,3.5
London,2023-03-22,2,0,spring,24894,2023-03-01,2023,3,15.0,50.0,3.5
London,2023-03-23,3,0,spring,22757,2023-03-01,2023,3,15.0,50.0,3.5
London,2023-03-24,4,0,spring,19172,2023-03-01,2023,3,15.0,50.0,3.5
London,2023-03-25,5,1,spring,20784,2023-03-01,2023,3,15.0,50.0,3.5
London,2023-03-26,6,1,spring,11917,2023-03-01,2023,3,15.0,50.0,3.5
London,2023-04-01,5,1,spring,16595,2023-04-01,2023,4,15.0,50.0,3.5
London,2023-04-02,6,1,spring,19998,2023-04-01,2023,4,15.0,50.0,3.5
London,2023-04-03,0,0,spring,17089,2023-04-01,2023,4,15.0,50.0,3.5
London,2023-04-04,1,0,spring,54356,2023-04-01,2023,4,15.0,50.0,3.5
London,2023-04-05,2,0,spring,29186,2023-04-01,2023,4,15.0,50.0,3.5
London,2023-04-06,3,0,spring,25452,2023-04-01,2023,4,15.0,50.0,3.5
London,2023-04-07,4,0,spring,22448,2023-04-01,2023,4,15.0,50.0,3.5
London,2023-04-08,5,1,spring,24950,2023-04-01,2023,4,15.0,50.0,3.5
London,2023-04-09,6,1,spring,29255,2023-04-01,2023,4,15.0,50.0,3.5
London,2023-04-10,0,0,spring,38745,2023-04-01,2023,4,15.0,50.0,3.5
London,2023-04-11,1,0,spring,34079,2023-04-01,2023,4,15.0,50.0,3.5
London,2023-04-12,2,0,spring,38511,2023-04-01,2023,4,15.0,50.0,3.5
London,2023-04-13,3,0,spring,24619,2023-04-01,2023,4,15.0,50.0,3.5
London,2023-04-14,4,0,spring,17098,2023-04-01,2023,4,15.0,50.0,3.5
London,2023-04-15,5,1,spring,20620,2023-04-01,2023,4,15.0,50.0,3.5
London,2023-04-16,6,1,spring,19533,2023-04-01,2023,4,15.0,50.0,3.5
London,2023-04-17,0,0,spring,25639,2023-04-01,2023,4,15.0,50.0,3.5
London,2023-04-18,1,0,spring,26199,2023-04-01,2023,4,15.0,50.0,3.5
London,2023-04-19,2,0,spring,28213,2023-04-01,2023,4,15.0,50.0,3.5
London,2023-04-20,3,0,spring,25013,2023-04-01,2023,4,15.0,50.0,3.5
London,2023-04-21,4,0,spring,21047,2023-04-01,2023,4,15.0,50.0,3.5
London,2023-04-22,5,1,spring,23061,2023-04-01,2023,4,15.0,50.0,3.5
London,2023-04-23,6,1,spring,14485,2023-04-01,2023,4,15.0,50.0,3.5
London,2023-04-24,0,0,spring,18546,2023-04-01,2023,4,15.0,50.0,3.5
London,2023-04-25,1,0,spring,27546,2023-04-01,2023,4,15.0,50.0,3.5
London,2023-04-26,2,0,spring,27144,2023-04-01,2023,4,15.0,50.0,3.5
London,2023-04-27,3,0,spring,20555,2023-04-01,2023,4,15.0,50.0,3.5
London,2023-04-28,4,0,spring,24246,2023-04-01,2023,4,15.0,50.0,3.5
London,2023-04-29,5,1,spring,26860,2023-04-01,2023,4,15.0,50.0,3.5
London,2023-04-30,6,1,spring,22578,2023-04-01,2023,4,15.0,50.0,3.5
London,2023-05-01,0,0,spring,18454,2023-05-01,2023,5,15.0,50.0,3.5
London,2023-05-02,1,0,spring,17643,2023-05-01,2023,5,15.0,50.0,3.5
London,2023-05-03,2,0,spring,13496,2023-05-01,2023,5,15.0,50.0,3.5
London,2023-05-04,3,0,spring,44716,2023-05-01,2023,5,15.0,50.0,3.5
London,2023-05-05,4,0,spring,25205,2023-05-01,2023,5,15.0,50.0,3.5
London,2023-05-06,5,1,spring,27024,2023-05-01,2023,5,15.0,50.0,3.5
London,2023-05-07,6,1,spring,31332,2023-05-01,2023,5,15.0,50.0,3.5
London,2023-05-08,0,0,spring,28932,2023-05-01,2023,5,15.0,50.0,3.5
London,2023-05-09,1,0,spring,57870,2023-05-01,2023,5,15.0,50.0,3.5
London,2023-05-10,2,0,spring,61083,2023-05-01,2023,5,15.0,50.0,3.5
London,2023-05-11,3,0,spring,45259,2023-05-01,2023,5,15.0,50.0,3.5
London,2023-05-12,4,0,spring,23460,2023-05-01,2023,5,15.0,50.0,3.5
London,2023-05-13,5,1,spring,22255,2023-05-01,2023,5,15.0,50.0,3.5
London,2023-05-14,6,1,spring,24380,2023-05-01,2023,5,15.0,50.0,3.5
London,2023-05-15,0,0,spring,26352,2023-05-01,2023,5,15.0,50.0,3.5
London,2023-05-16,1,0,spring,31336,2023-05-01,2023,5,15.0,50.0,3.5
London,2023-05-17,2,0,spring,30931,2023-05-01,2023,5,15.0,50.0,3.5
London,2023-05-18,3,0,spring,32622,2023-05-01,2023,5,15.0,50.0,3.5
London,2023-05-19,4,0,spring,28248,2023-05-01,2023,5,15.0,50.0,3.5
London,2023-05-20,5,1,spring,27622,2023-05-01,2023,5,15.0,50.0,3.5
London,2023-05-21,6,1,spring,22705,2023-05-01,2023,5,15.0,50.0,3.5
London,2023-05-22,0,0,spring,28265,2023-05-01,2023,5,15.0,50.0,3.5
London,2023-05-23,1,0,spring,31552,2023-05-01,2023,5,15.0,50.0,3.5
London,2023-05-24,2,0,spring,32732,2023-05-01,2023,5,15.0,50.0,3.5
London,2023-05-25,3,0,spring,31272,2023-05-01,2023,5,15.0,50.0,3.5
London,2023-05-26,4,0,spring,28063,2023-05-01,2023,5,15.0,50.0,3.5
London,2023-05-27,5,1,spring,26203,2023-05-01,2023,5,15.0,50.0,3.5
London,2023-05-28,6,1,spring,28236,2023-05-01,2023,5,15.0,50.0,3.5
London,2023-06-01,3,0,summer,18110,2023-06-01,2023,6,15.0,50.0,3.5
London,2023-06-03,5,1,summer,18466,2023-06-01,2023,6,15.0,50.0,3.5
London,2023-06-04,6,1,summer,38756,2023-06-01,2023,6,15.0,50.0,3.5
London,2023-06-05,0,0,summer,12508,2023-06-01,2023,6,15.0,50.0,3.5
London,2023-06-06,1,0,summer,29562,2023-06-01,2023,6,15.0,50.0,3.5
London,2023-06-07,2,0,summer,33419,2023-06-01,2023,6,15.0,50.0,3.5
London,2023-06-08,3,0,summer,20489,2023-06-01,2023,6,15.0,50.0,3.5
London,2023-06-09,4,0,summer,32805,2023-06-01,2023,6,15.0,50.0,3.5
London,2023-06-10,5,1,summer,30346,2023-06-01,2023,6,15.0,50.0,3.5
London,2023-06-11,6,1,summer,4452,2023-06-01,2023,6,15.0,50.0,3.5
London,2023-06-12,0,0,summer,19307,2023-06-01,2023,6,15.0,50.0,3.5
London,2023-06-13,1,0,summer,33633,2023-06-01,2023,6,15.0,50.0,3.5
London,2023-06-14,2,0,summer,34133,2023-06-01,2023,6,15.0,50.0,3.5
London,2023-06-15,3,0,summer,33994,2023-06-01,2023,6,15.0,50.0,3.5
London,2023-06-16,4,0,summer,31214,2023-06-01,2023,6,15.0,50.0,3.5
London,2023-06-17,5,1,summer,27925,2023-06-01,2023,6,15.0,50.0,3.5
London,2023-06-18,6,1,summer,19793,2023-06-01,2023,6,15.0,50.0,3.5
London,2023-06-19,0,0,summer,31319,2023-06-01,2023,6,15.0,50.0,3.5
London,2023-06-20,1,0,summer,27795,2023-06-01,2023,6,15.0,50.0,3.5
London,2023-06-21,2,0,summer,34400,2023-06-01,2023,6,15.0,50.0,3.5
London,2023-06-22,3,0,summer,33414,2023-06-01,2023,6,15.0,50.0,3.5
London,2023-06-23,4,0,summer,31387,2023-06-01,2023,6,15.0,50.0,3.5
London,2023-06-24,5,1,summer,27836,2023-06-01,2023,6,15.0,50.0,3.5
London,2023-06-25,6,1,summer,26421,2023-06-01,2023,6,15.0,50.0,3.5
London,2023-06-26,0,0,summer,30515,2023-06-01,2023,6,15.0,50.0,3.5
London,2023-06-27,1,0,summer,33311,2023-06-01,2023,6,15.0,50.0,3.5
London,2023-06-28,2,0,summer,33594,2023-06-01,2023,6,15.0,50.0,3.5
London,2023-06-29,3,0,summer,29493,2023-06-01,2023,6,15.0,50.0,3.5
London,2023-06-30,4,0,summer,27775,2023-06-01,2023,6,15.0,50.0,3.5
London,2023-07-01,5,1,summer,12077,2023-07-01,2023,7,15.0,50.0,3.5
London,2023-07-03,0,0,summer,22659,2023-07-01,2023,7,15.0,50.0,3.5
London,2023-07-04,1,0,summer,41002,2023-07-01,2023,7,15.0,50.0,3.5
London,2023-07-05,2,0,summer,24114,2023-07-01,2023,7,15.0,50.0,3.5
London,2023-07-06,3,0,summer,31385,2023-07-01,2023,7,15.0,50.0,3.5
London,2023-07-07,4,0,summer,30918,2023-07-01,2023,7,15.0,50.0,3.5
London,2023-07-08,5,1,summer,25169,2023-07-01,2023,7,15.0,50.0,3.5
London,2023-07-09,6,1,summer,58060,2023-07-01,2023,7,15.0,50.0,3.5
London,2023-07-10,0,0,summer,57565,2023-07-01,2023,7,15.0,50.0,3.5
London,2023-07-11,1,0,summer,31333,2023-07-01,2023,7,15.0,50.0,3.5
London,2023-07-12,2,0,summer,32002,2023-07-01,2023,7,15.0,50.0,3.5
London,2023-07-13,3,0,summer,30799,2023-07-01,2023,7,15.0,50.0,3.5
London,2023-07-14,4,0,summer,16836,2023-07-01,2023,7,15.0,50.0,3.5
London,2023-07-15,5,1,summer,23188,2023-07-01,2023,7,15.0,50.0,3.5
London,2023-07-16,6,1,summer,20707,2023-07-01,2023,7,15.0,50.0,3.5
London,2023-07-17,0,0,summer,28595,2023-07-01,2023,7,15.0,50.0,3.5
London,2023-07-18,1,0,summer,32021,2023-07-01,2023,7,15.0,50.0,3.5
London,2023-07-19,2,0,summer,30464,2023-07-01,2023,7,15.0,50.0,3.5
London,2023-07-20,3,0,summer,29213,2023-07-01,2023,7,15.0,50.0,3.5
London,2023-07-21,4,0,summer,26623,2023-07-01,2023,7,15.0,50.0,3.5
London,2023-07-22,5,1,summer,12555,2023-07-01,2023,7,15.0,50.0,3.5
London,2023-07-23,6,1,summer,22195,2023-07-01,2023,7,15.0,50.0,3.5
London,2023-07-24,0,0,summer,23840,2023-07-01,2023,7,15.0,50.0,3.5
London,2023-07-25,1,0,summer,31258,2023-07-01,2023,7,15.0,50.0,3.5
London,2023-07-26,2,0,summer,25701,2023-07-01,2023,7,15.0,50.0,3.5
London,2023-07-27,3,0,summer,28257,2023-07-01,2023,7,15.0,50.0,3.5
London,2023-07-28,4,0,summer,26866,2023-07-01,2023,7,15.0,50.0,3.5
London,2023-07-29,5,1,summer,25030,2023-07-01,2023,7,15.0,50.0,3.5
London,2023-07-30,6,1,summer,14680,2023-07-01,2023,7,15.0,50.0,3.5
London,2023-07-31,0,0,summer,23273,2023-07-01,2023,7,15.0,50.0,3.5
London,2023-08-01,1,0,summer,9238,2023-08-01,2023,8,15.0,50.0,3.5
London,2023-08-03,3,0,summer,12916,2023-08-01,2023,8,15.0,50.0,3.5
London,2023-08-04,4,0,summer,38320,2023-08-01,2023,8,15.0,50.0,3.5
London,2023-08-05,5,1,summer,2,2023-08-01,2023,8,15.0,50.0,3.5
London,2023-08-06,6,1,summer,31805,2023-08-01,2023,8,15.0,50.0,3.5
London,2023-08-07,0,0,summer,22833,2023-08-01,2023,8,15.0,50.0,3.5
London,2023-08-08,1,0,summer,22220,2023-08-01,2023,8,15.0,50.0,3.5
London,2023-08-09,2,0,summer,37846,2023-08-01,2023,8,15.0,50.0,3.5
London,2023-08-10,3,0,summer,30950,2023-08-01,2023,8,15.0,50.0,3.5
London,2023-08-11,4,0,summer,25919,2023-08-01,2023,8,15.0,50.0,3.5
London,2023-08-12,5,1,summer,21618,2023-08-01,2023,8,15.0,50.0,3.5
London,2023-08-13,6,1,summer,21004,2023-08-01,2023,8,15.0,50.0,3.5
London,2023-08-14,0,0,summer,23659,2023-08-01,2023,8,15.0,50.0,3.5
London,2023-09-03,6,1,fall,16430,2023-09-01,2023,9,15.0,50.0,3.5
London,2023-09-04,0,0,fall,37318,2023-09-01,2023,9,15.0,50.0,3.5
London,2023-09-06,2,0,fall,28682,2023-09-01,2023,9,15.0,50.0,3.5
London,2023-09-08,4,0,fall,22900,2023-09-01,2023,9,15.0,50.0,3.5
London,2023-09-09,5,1,fall,27049,2023-09-01,2023,9,15.0,50.0,3.5
London,2023-09-10,6,1,fall,23874,2023-09-01,2023,9,15.0,50.0,3.5
London,2023-09-11,0,0,fall,29830,2023-09-01,2023,9,15.0,50.0,3.5
London,2023-09-12,1,0,fall,30120,2023-09-01,2023,9,15.0,50.0,3.5
London,2023-09-13,2,0,fall,32498,2023-09-01,2023,9,15.0,50.0,3.5
London,2023-09-14,3,0,fall,33728,2023-09-01,2023,9,15.0,50.0,3.5
London,2023-09-15,4,0,fall,31064,2023-09-01,2023,9,15.0,50.0,3.5
London,2023-09-16,5,1,fall,30357,2023-09-01,2023,9,15.0,50.0,3.5
London,2023-09-17,6,1,fall,18550,2023-09-01,2023,9,15.0,50.0,3.5
London,2023-09-18,0,0,fall,27640,2023-09-01,2023,9,15.0,50.0,3.5
London,2023-09-19,1,0,fall,29351,2023-09-01,2023,9,15.0,50.0,3.5
London,2023-09-20,2,0,fall,20255,2023-09-01,2023,9,15.0,50.0,3.5
London,2023-09-21,3,0,fall,25476,2023-09-01,2023,9,15.0,50.0,3.5
London,2023-09-22,4,0,fall,27114,2023-09-01,2023,9,15.0,50.0,3.5
London,2023-09-23,5,1,fall,25774,2023-09-01,2023,9,15.0,50.0,3.5
London,2023-09-24,6,1,fall,21672,2023-09-01,2023,9,15.0,50.0,3.5
London,2023-09-25,0,0,fall,30015,2023-09-01,2023,9,15.0,50.0,3.5
London,2023-09-26,1,0,fall,32817,2023-09-01,2023,9,15.0,50.0,3.5
London,2023-09-27,2,0,fall,32974,2023-09-01,2023,9,15.0,50.0,3.5
London,2023-09-28,3,0,fall,31866,2023-09-01,2023,9,15.0,50.0,3.5
London,2023-09-29,4,0,fall,29345,2023-09-01,2023,9,15.0,50.0,3.5
London,2023-09-30,5,1,fall,26985,2023-09-01,2023,9,15.0,50.0,3.5
London,2023-10-01,6,1,fall,3,2023-10-01,2023,10,15.0,50.0,3.5
London,2023-10-03,1,0,fall,16869,2023-10-01,2023,10,15.0,50.0,3.5
London,2023-10-06,4,0,fall,28942,2023-10-01,2023,10,15.0,50.0,3.5
London,2023-10-07,5,1,fall,1141,2023-10-01,2023,10,15.0,50.0,3.5
London,2023-10-08,6,1,fall,26897,2023-10-01,2023,10,15.0,50.0,3.5
London,2023-10-09,0,0,fall,32098,2023-10-01,2023,10,15.0,50.0,3.5
London,2023-10-10,1,0,fall,34751,2023-10-01,2023,10,15.0,50.0,3.5
London,2023-10-11,2,0,fall,30869,2023-10-01,2023,10,15.0,50.0,3.5
London,2023-10-12,3,0,fall,26037,2023-10-01,2023,10,15.0,50.0,3.5
London,2023-10-13,4,0,fall,23246,2023-10-01,2023,10,15.0,50.0,3.5
London,2023-10-14,5,1,fall,24959,2023-10-01,2023,10,15.0,50.0,3.5
London,2023-10-15,6,1,fall,20629,2023-10-01,2023,10,15.0,50.0,3.5
London,2023-10-16,0,0,fall,26387,2023-10-01,2023,10,15.0,50.0,3.5
London,2023-10-17,1,0,fall,30079,2023-10-01,2023,10,15.0,50.0,3.5
London,2023-10-18,2,0,fall,20763,2023-10-01,2023,10,15.0,50.0,3.5
London,2023-10-19,3,0,fall,24240,2023-10-01,2023,10,15.0,50.0,3.5
London,2023-10-20,4,0,fall,23254,2023-10-01,2023,10,15.0,50.0,3.5
London,2023-10-21,5,1,fall,13607,2023-10-01,2023,10,15.0,50.0,3.5
London,2023-10-22,6,1,fall,20607,2023-10-01,2023,10,15.0,50.0,3.5
London,2023-10-23,0,0,fall,22990,2023-10-01,2023,10,15.0,50.0,3.5
London,2023-10-24,1,0,fall,24024,2023-10-01,2023,10,15.0,50.0,3.5
London,2023-10-25,2,0,fall,25742,2023-10-01,2023,10,15.0,50.0,3.5
London,2023-10-26,3,0,fall,24919,2023-10-01,2023,10,15.0,50.0,3.5
London,2023-10-27,4,0,fall,23170,2023-10-01,2023,10,15.0,50.0,3.5
London,2023-10-28,5,1,fall,18917,2023-10-01,2023,10,15.0,50.0,3.5
London,2023-10-29,6,1,fall,12283,2023-10-01,2023,10,15.0,50.0,3.5
London,2023-10-30,0,0,fall,25217,2023-10-01,2023,10,15.0,50.0,3.5
London,2023-10-31,1,0,fall,26977,2023-10-01,2023,10,15.0,50.0,3.5
London,2023-11-01,2,0,fall,1,2023-11-01,2023,11,15.0,50.0,3.5
London,2023-11-03,4,0,fall,16072,2023-11-01,2023,11,15.0,50.0,3.5
London,2023-11-06,0,0,fall,44982,2023-11-01,2023,11,15.0,50.0,3.5
London,2023-11-07,1,0,fall,28644,2023-11-01,2023,11,15.0,50.0,3.5
London,2023-11-08,2,0,fall,20807,2023-11-01,2023,11,15.0,50.0,3.5
London,2023-11-09,3,0,fall,24668,2023-11-01,2023,11,15.0,50.0,3.5
London,2023-11-10,4,0,fall,21370,2023-11-01,2023,11,15.0,50.0,3.5
London,2023-11-11,5,1,fall,23584,2023-11-01,2023,11,15.0,50.0,3.5
London,2023-11-12,6,1,fall,13138,2023-11-01,2023,11,15.0,50.0,3.5
London,2023-11-13,0,0,fall,22708,2023-11-01,2023,11,15.0,50.0,3.5
London,2023-11-14,1,0,fall,23982,2023-11-01,2023,11,15.0,50.0,3.5
London,2023-11-15,2,0,fall,27748,2023-11-01,2023,11,15.0,50.0,3.5
London,2023-11-16,3,0,fall,23874,2023-11-01,2023,11,15.0,50.0,3.5
London,2023-11-17,4,0,fall,23921,2023-11-01,2023,11,15.0,50.0,3.5
London,2023-11-18,5,1,fall,15733,2023-11-01,2023,11,15.0,50.0,3.5
London,2023-11-19,6,1,fall,15925,2023-11-01,2023,11,15.0,50.0,3.5
London,2023-11-20,0,0,fall,24893,2023-11-01,2023,11,15.0,50.0,3.5
London,2023-11-21,1,0,fall,26809,2023-11-01,2023,11,15.0,50.0,3.5
London,2023-11-22,2,0,fall,26987,2023-11-01,2023,11,15.0,50.0,3.5
London,2023-11-23,3,0,fall,28428,2023-11-01,2023,11,15.0,50.0,3.5
London,2023-11-24,4,0,fall,22938,2023-11-01,2023,11,15.0,50.0,3.5
London,2023-11-25,5,1,fall,18174,2023-11-01,2023,11,15.0,50.0,3.5
London,2023-11-26,6,1,fall,12352,2023-11-01,2023,11,15.0,50.0,3.5
London,2023-11-27,0,0,fall,18876,2023-11-01,2023,11,15.0,50.0,3.5
London,2023-11-28,1,0,fall,25772,2023-11-01,2023,11,15.0,50.0,3.5
London,2023-11-29,2,0,fall,25362,2023-11-01,2023,11,15.0,50.0,3.5
London,2023-11-30,3,0,fall,23655,2023-11-01,2023,11,15.0,50.0,3.5
London,2023-12-03,6,1,winter,15130,2023-12-01,2023,12,,,
London,2023-12-05,1,0,winter,19109,2023-12-01,2023,12,,,
London,2023-12-06,2,0,winter,31446,2023-12-01,2023,12,,,
London,2023-12-07,3,0,winter,20875,2023-12-01,2023,12,,,
London,2023-12-08,4,0,winter,22651,2023-12-01,2023,12,,,
London,2023-12-09,5,1,winter,14808,2023-12-01,2023,12,,,
London,2023-12-10,6,1,winter,11458,2023-12-01,2023,12,,,
London,2023-12-11,0,0,winter,23316,2023-12-01,2023,12,,,
London,2023-12-12,1,0,winter,21508,2023-12-01,2023,12,,,
London,2023-12-13,2,0,winter,21655,2023-12-01,2023,12,,,
London,2023-12-14,3,0,winter,21133,2023-12-01,2023,12,,,
London,2023-12-15,4,0,winter,20777,2023-12-01,2023,12,,,
London,2023-12-16,5,1,winter,16030,2023-12-01,2023,12,,,
London,2023-12-17,6,1,winter,13532,2023-12-01,2023,12,,,
London,2023-12-18,0,0,winter,19020,2023-12-01,2023,12,,,
London,2023-12-19,1,0,winter,12512,2023-12-01,2023,12,,,
London,2023-12-20,2,0,winter,18723,2023-12-01,2023,12,,,
London,2023-12-21,3,0,winter,16068,2023-12-01,2023,12,,,
London,2023-12-22,4,0,winter,12935,2023-12-01,2023,12,,,
London,2023-12-23,5,1,winter,9630,2023-12-01,2023,12,,,
London,2023-12-24,6,1,winter,6920,2023-12-01,2023,12,,,
London,2023-12-25,0,0,winter,13302,2023-12-01,2023,12,,,
London,2023-12-26,1,0,winter,7198,2023-12-01,2023,12,,,
London,2023-12-27,2,0,winter,6704,2023-12-01,2023,12,,,
London,2023-12-28,3,0,winter,7947,2023-12-01,2023,12,,,
London,2023-12-29,4,0,winter,10987,2023-12-01,2023,12,,,
London,2023-12-30,5,1,winter,8781,2023-12-01,2023,12,,,
London,2023-12-31,6,1,winter,8363,2023-12-01,2023,12,,,
London,2024-01-01,0,0,winter,8165,2024-01-01,2024,1,15.0,50.0,3.5
London,2024-01-02,1,0,winter,30097,2024-01-01,2024,1,15.0,50.0,3.5
London,2024-01-03,2,0,winter,30502,2024-01-01,2024,1,15.0,50.0,3.5
London,2024-01-04,3,0,winter,30235,2024-01-01,2024,1,15.0,50.0,3.5
London,2024-01-05,4,0,winter,45296,2024-01-01,2024,1,15.0,50.0,3.5
London,2024-01-06,5,1,winter,36494,2024-01-01,2024,1,15.0,50.0,3.5
London,2024-01-07,6,1,winter,39777,2024-01-01,2024,1,15.0,50.0,3.5
London,2024-01-08,0,0,winter,17374,2024-01-01,2024,1,15.0,50.0,3.5
London,2024-01-09,1,0,winter,20621,2024-01-01,2024,1,15.0,50.0,3.5
London,2024-01-10,2,0,winter,41624,2024-01-01,2024,1,15.0,50.0,3.5
London,2024-01-11,3,0,winter,48140,2024-01-01,2024,1,15.0,50.0,3.5
London,2024-01-12,4,0,winter,31738,2024-01-01,2024,1,15.0,50.0,3.5
London,2024-01-13,5,1,winter,14668,2024-01-01,2024,1,15.0,50.0,3.5
London,2024-01-14,6,1,winter,12891,2024-01-01,2024,1,15.0,50.0,3.5
London,2024-01-15,0,0,winter,20242,2024-01-01,2024,1,15.0,50.0,3.5
London,2024-01-16,1,0,winter,22345,2024-01-01,2024,1,15.0,50.0,3.5
London,2024-01-17,2,0,winter,22050,2024-01-01,2024,1,15.0,50.0,3.5
London,2024-01-18,3,0,winter,21362,2024-01-01,2024,1,15.0,50.0,3.5
London,2024-01-19,4,0,winter,18761,2024-01-01,2024,1,15.0,50.0,3.5
London,2024-01-20,5,1,winter,14547,2024-01-01,2024,1,15.0,50.0,3.5
London,2024-01-21,6,1,winter,11587,2024-01-01,2024,1,15.0,50.0,3.5
London,2024-01-22,0,0,winter,21028,2024-01-01,2024,1,15.0,50.0,3.5
London,2024-01-23,1,0,winter,20417,2024-01-01,2024,1,15.0,50.0,3.5
London,2024-01-24,2,0,winter,24607,2024-01-01,2024,1,15.0,50.0,3.5
London,2024-01-25,3,0,winter,24630,2024-01-01,2024,1,15.0,50.0,3.5
London,2024-01-26,4,0,winter,21635,2024-01-01,2024,1,15.0,50.0,3.5
London,2024-01-27,5,1,winter,16926,2024-01-01,2024,1,15.0,50.0,3.5
London,2024-01-28,6,1,winter,15496,2024-01-01,2024,1,15.0,50.0,3.5
London,2024-01-29,0,0,winter,22806,2024-01-01,2024,1,15.0,50.0,3.5
London,2024-01-30,1,0,winter,22254,2024-01-01,2024,1,15.0,50.0,3.5
London,2024-01-31,2,0,winter,24452,2024-01-01,2024,1,15.0,50.0,3.5
London,2024-02-01,3,0,winter,4417,2024-02-01,2024,2,15.0,50.0,3.5
London,2024-02-02,4,0,winter,21346,2024-02-01,2024,2,15.0,50.0,3.5
London,2024-02-03,5,1,winter,13094,2024-02-01,2024,2,15.0,50.0,3.5
London,2024-02-04,6,1,winter,24518,2024-02-01,2024,2,15.0,50.0,3.5
London,2024-02-05,0,0,winter,49828,2024-02-01,2024,2,15.0,50.0,3.5
London,2024-02-06,1,0,winter,50790,2024-02-01,2024,2,15.0,50.0,3.5
London,2024-02-07,2,0,winter,53285,2024-02-01,2024,2,15.0,50.0,3.5
London,2024-02-08,3,0,winter,12236,2024-02-01,2024,2,15.0,50.0,3.5
London,2024-02-09,4,0,winter,17473,2024-02-01,2024,2,15.0,50.0,3.5
London,2024-02-10,5,1,winter,44275,2024-02-01,2024,2,15.0,50.0,3.5
London,2024-02-11,6,1,winter,39087,2024-02-01,2024,2,15.0,50.0,3.5
London,2024-02-12,0,0,winter,47048,2024-02-01,2024,2,15.0,50.0,3.5
London,2024-02-13,1,0,winter,20193,2024-02-01,2024,2,15.0,50.0,3.5
London,2024-02-14,2,0,winter,21842,2024-02-01,2024,2,15.0,50.0,3.5
London,2024-02-15,3,0,winter,24853,2024-02-01,2024,2,15.0,50.0,3.5
London,2024-02-16,4,0,winter,21653,2024-02-01,2024,2,15.0,50.0,3.5
London,2024-02-17,5,1,winter,16787,2024-02-01,2024,2,15.0,50.0,3.5
London,2024-02-18,6,1,winter,14943,2024-02-01,2024,2,15.0,50.0,3.5
London,2024-02-19,0,0,winter,22584,2024-02-01,2024,2,15.0,50.0,3.5
London,2024-02-20,1,0,winter,25161,2024-02-01,2024,2,15.0,50.0,3.5
London,2024-02-21,2,0,winter,16907,2024-02-01,2024,2,15.0,50.0,3.5
London,2024-02-22,3,0,winter,16240,2024-02-01,2024,2,15.0,50.0,3.5
London,2024-02-23,4,0,winter,18488,2024-02-01,2024,2,15.0,50.0,3.5
London,2024-02-24,5,1,winter,17565,2024-02-01,2024,2,15.0,50.0,3.5
London,2024-02-25,6,1,winter,12600,2024-02-01,2024,2,15.0,50.0,3.5
London,2024-02-26,0,0,winter,20621,2024-02-01,2024,2,15.0,50.0,3.5
London,2024-02-27,1,0,winter,24672,2024-02-01,2024,2,15.0,50.0,3.5
London,2024-02-28,2,0,winter,24066,2024-02-01,2024,2,15.0,50.0,3.5
London,2024-02-29,3,0,winter,17795,2024-02-01,2024,2,15.0,50.0,3.5
London,2024-03-02,5,1,spring,17353,2024-03-01,2024,3,15.0,50.0,3.5
London,2024-03-03,6,1,spring,16165,2024-03-01,2024,3,15.0,50.0,3.5
London,2024-03-04,0,0,spring,22747,2024-03-01,2024,3,15.0,50.0,3.5
London,2024-03-05,1,0,spring,24064,2024-03-01,2024,3,15.0,50.0,3.5
London,2024-03-06,2,0,spring,53418,2024-03-01,2024,3,15.0,50.0,3.5
London,2024-03-07,3,0,spring,54345,2024-03-01,2024,3,15.0,50.0,3.5
London,2024-03-08,4,0,spring,22617,2024-03-01,2024,3,15.0,50.0,3.5
London,2024-03-09,5,1,spring,20974,2024-03-01,2024,3,15.0,50.0,3.5
London,2024-03-10,6,1,spring,38061,2024-03-01,2024,3,15.0,50.0,3.5
London,2024-03-11,0,0,spring,42623,2024-03-01,2024,3,15.0,50.0,3.5
London,2024-03-12,1,0,spring,43590,2024-03-01,2024,3,15.0,50.0,3.5
London,2024-03-13,2,0,spring,26014,2024-03-01,2024,3,15.0,50.0,3.5
London,2024-03-14,3,0,spring,25638,2024-03-01,2024,3,15.0,50.0,3.5
London,2024-03-15,4,0,spring,22472,2024-03-01,2024,3,15.0,50.0,3.5
London,2024-03-16,5,1,spring,22991,2024-03-01,2024,3,15.0,50.0,3.5
London,2024-03-17,6,1,spring,16611,2024-03-01,2024,3,15.0,50.0,3.5
London,2024-03-18,0,0,spring,25532,2024-03-01,2024,3,15.0,50.0,3.5
London,2024-03-19,1,0,spring,27047,2024-03-01,2024,3,15.0,50.0,3.5
London,2024-03-20,2,0,spring,28339,2024-03-01,2024,3,15.0,50.0,3.5
London,2024-03-21,3,0,spring,28171,2024-03-01,2024,3,15.0,50.0,3.5
London,2024-03-22,4,0,spring,22237,2024-03-01,2024,3,15.0,50.0,3.5
London,2024-03-23,5,1,spring,19114,2024-03-01,2024,3,15.0,50.0,3.5
London,2024-03-24,6,1,spring,18184,2024-03-01,2024,3,15.0,50.0,3.5
London,2024-03-25,0,0,spring,23365,2024-03-01,2024,3,15.0,50.0,3.5
London,2024-03-26,1,0,spring,19256,2024-03-01,2024,3,15.0,50.0,3.5
London,2024-03-27,2,0,spring,23135,2024-03-01,2024,3,15.0,50.0,3.5
London,2024-03-28,3,0,spring,16555,2024-03-01,2024,3,15.0,50.0,3.5
London,2024-03-29,4,0,spring,15666,2024-03-01,2024,3,15.0,50.0,3.5
London,2024-03-30,5,1,spring,19839,2024-03-01,2024,3,15.0,50.0,3.5
London,2024-03-31,6,1,spring,13846,2024-03-01,2024,3,15.0,50.0,3.5
London,2024-04-02,1,0,spring,8866,2024-04-01,2024,4,15.0,50.0,3.5
London,2024-04-03,2,0,spring,22708,2024-04-01,2024,4,15.0,50.0,3.5
London,2024-04-04,3,0,spring,22065,2024-04-01,2024,4,15.0,50.0,3.5
London,2024-04-05,4,0,spring,24103,2024-04-01,2024,4,15.0,50.0,3.5
London,2024-04-06,5,1,spring,38034,2024-04-01,2024,4,15.0,50.0,3.5
London,2024-04-07,6,1,spring,52444,2024-04-01,2024,4,15.0,50.0,3.5
London,2024-04-08,0,0,spring,21383,2024-04-01,2024,4,15.0,50.0,3.5
London,2024-04-09,1,0,spring,22311,2024-04-01,2024,4,15.0,50.0,3.5
London,2024-04-10,2,0,spring,52217,2024-04-01,2024,4,15.0,50.0,3.5
London,2024-04-11,3,0,spring,54852,2024-04-01,2024,4,15.0,50.0,3.5
London,2024-04-12,4,0,spring,49975,2024-04-01,2024,4,15.0,50.0,3.5
London,2024-04-13,5,1,spring,27897,2024-04-01,2024,4,15.0,50.0,3.5
London,2024-04-14,6,1,spring,21129,2024-04-01,2024,4,15.0,50.0,3.5
London,2024-04-15,0,0,spring,20542,2024-04-01,2024,4,15.0,50.0,3.5
London,2024-04-16,1,0,spring,24947,2024-04-01,2024,4,15.0,50.0,3.5
London,2024-04-17,2,0,spring,26021,2024-04-01,2024,4,15.0,50.0,3.5
London,2024-04-18,3,0,spring,27036,2024-04-01,2024,4,15.0,50.0,3.5
London,2024-04-19,4,0,spring,20627,2024-04-01,2024,4,15.0,50.0,3.5
London,2024-04-20,5,1,spring,21503,2024-04-01,2024,4,15.0,50.0,3.5
London,2024-04-21,6,1,spring,18302,2024-04-01,2024,4,15.0,50.0,3.5
London,2024-04-22,0,0,spring,23763,2024-04-01,2024,4,15.0,50.0,3.5
London,2024-04-23,1,0,spring,24231,2024-04-01,2024,4,15.0,50.0,3.5
London,2024-04-24,2,0,spring,26384,2024-04-01,2024,4,15.0,50.0,3.5
London,2024-04-25,3,0,spring,23394,2024-04-01,2024,4,15.0,50.0,3.5
London,2024-04-26,4,0,spring,25356,2024-04-01,2024,4,15.0,50.0,3.5
London,2024-04-27,5,1,spring,15542,2024-04-01,2024,4,15.0,50.0,3.5
London,2024-04-28,6,1,spring,13003,2024-04-01,2024,4,15.0,50.0,3.5
London,2024-04-29,0,0,spring,26869,2024-04-01,2024,4,15.0,50.0,3.5
London,2024-04-30,1,0,spring,30708,2024-04-01,2024,4,15.0,50.0,3.5
London,2024-05-01,2,0,spring,1,2024-05-01,2024,5,15.0,50.0,3.5
London,2024-05-03,4,0,spring,16407,2024-05-01,2024,5,15.0,50.0,3.5
London,2024-05-04,5,1,spring,20794,2024-05-01,2024,5,15.0,50.0,3.5
London,2024-05-05,6,1,spring,23210,2024-05-01,2024,5,15.0,50.0,3.5
London,2024-05-06,0,0,spring,31069,2024-05-01,2024,5,15.0,50.0,3.5
London,2024-05-07,1,0,spring,16055,2024-05-01,2024,5,15.0,50.0,3.5
London,2024-05-08,2,0,spring,17888,2024-05-01,2024,5,15.0,50.0,3.5
London,2024-05-09,3,0,spring,34867,2024-05-01,2024,5,15.0,50.0,3.5
London,2024-05-10,4,0,spring,59439,2024-05-01,2024,5,15.0,50.0,3.5
London,2024-05-11,5,1,spring,60779,2024-05-01,2024,5,15.0,50.0,3.5
London,2024-05-12,6,1,spring,28693,2024-05-01,2024,5,15.0,50.0,3.5
London,2024-05-13,0,0,spring,28924,2024-05-01,2024,5,15.0,50.0,3.5
London,2024-05-14,1,0,spring,25555,2024-05-01,2024,5,15.0,50.0,3.5
London,2024-05-15,2,0,spring,32686,2024-05-01,2024,5,15.0,50.0,3.5
London,2024-05-16,3,0,spring,26043,2024-05-01,2024,5,15.0,50.0,3.5
London,2024-05-17,4,0,spring,29288,2024-05-01,2024,5,15.0,50.0,3.5
London,2024-05-18,5,1,spring,26965,2024-05-01,2024,5,15.0,50.0,3.5
London,2024-05-19,6,1,spring,29327,2024-05-01,2024,5,15.0,50.0,3.5
London,2024-05-20,0,0,spring,32029,2024-05-01,2024,5,15.0,50.0,3.5
London,2024-05-21,1,0,spring,18770,2024-05-01,2024,5,15.0,50.0,3.5
London,2024-05-22,2,0,spring,16912,2024-05-01,2024,5,15.0,50.0,3.5
London,2024-05-23,3,0,spring,30325,2024-05-01,2024,5,15.0,50.0,3.5
London,2024-05-24,4,0,spring,27435,2024-05-01,2024,5,15.0,50.0,3.5
London,2024-05-25,5,1,spring,26998,2024-05-01,2024,5,15.0,50.0,3.5
London,2024-05-26,6,1,spring,24974,2024-05-01,2024,5,15.0,50.0,3.5
London,2024-05-27,0,0,spring,21361,2024-05-01,2024,5,15.0,50.0,3.5
London,2024-05-28,1,0,spring,22827,2024-05-01,2024,5,15.0,50.0,3.5
London,2024-05-29,2,0,spring,30638,2024-05-01,2024,5,15.0,50.0,3.5
London,2024-05-30,3,0,spring,26928,2024-05-01,2024,5,15.0,50.0,3.5
London,2024-05-31,4,0,spring,22911,2024-05-01,2024,5,15.0,50.0,3.5
London,2024-06-04,1,0,summer,14104,2024-06-01,2024,6,15.0,50.0,3.5
London,2024-06-05,2,0,summer,10650,2024-06-01,2024,6,15.0,50.0,3.5
London,2024-06-06,3,0,summer,31490,2024-06-01,2024,6,15.0,50.0,3.5
London,2024-06-07,4,0,summer,27905,2024-06-01,2024,6,15.0,50.0,3.5
London,2024-06-08,5,1,summer,26075,2024-06-01,2024,6,15.0,50.0,3.5
London,2024-06-09,6,1,summer,25527,2024-06-01,2024,6,15.0,50.0,3.5
London,2024-06-10,0,0,summer,42023,2024-06-01,2024,6,15.0,50.0,3.5
London,2024-06-11,1,0,summer,58430,2024-06-01,2024,6,15.0,50.0,3.5
London,2024-06-12,2,0,summer,30416,2024-06-01,2024,6,15.0,50.0,3.5
London,2024-06-13,3,0,summer,27305,2024-06-01,2024,6,15.0,50.0,3.5
London,2024-06-14,4,0,summer,25647,2024-06-01,2024,6,15.0,50.0,3.5
London,2024-06-15,5,1,summer,18004,2024-06-01,2024,6,15.0,50.0,3.5
London,2024-06-16,6,1,summer,26016,2024-06-01,2024,6,15.0,50.0,3.5
London,2024-06-17,0,0,summer,31195,2024-06-01,2024,6,15.0,50.0,3.5
London,2024-06-18,1,0,summer,32090,2024-06-01,2024,6,15.0,50.0,3.5
London,2024-06-19,2,0,summer,32523,2024-06-01,2024,6,15.0,50.0,3.5
London,2024-06-20,3,0,summer,33747,2024-06-01,2024,6,15.0,50.0,3.5
London,2024-06-21,4,0,summer,30195,2024-06-01,2024,6,15.0,50.0,3.5
London,2024-06-22,5,1,summer,27421,2024-06-01,2024,6,15.0,50.0,3.5
London,2024-06-23,6,1,summer,31926,2024-06-01,2024,6,15.0,50.0,3.5
London,2024-06-24,0,0,summer,31581,2024-06-01,2024,6,15.0,50.0,3.5
London,2024-06-25,1,0,summer,35193,2024-06-01,2024,6,15.0,50.0,3.5
London,2024-06-26,2,0,summer,34526,2024-06-01,2024,6,15.0,50.0,3.5
London,2024-06-27,3,0,summer,33734,2024-06-01,2024,6,15.0,50.0,3.5
London,2024-06-28,4,0,summer,29527,2024-06-01,2024,6,15.0,50.0,3.5
London,2024-06-29,5,1,summer,29410,2024-06-01,2024,6,15.0,50.0,3.5
London,2024-06-30,6,1,summer,24260,2024-06-01,2024,6,15.0,50.0,3.5
London,2024-07-05,4,0,summer,28753,2024-07-01,2024,7,15.0,50.0,3.5
London,2024-07-06,5,1,summer,16889,2024-07-01,2024,7,15.0,50.0,3.5
London,2024-07-07,6,1,summer,18176,2024-07-01,2024,7,15.0,50.0,3.5
London,2024-07-08,0,0,summer,25185,2024-07-01,2024,7,15.0,50.0,3.5
London,2024-07-09,1,0,summer,23048,2024-07-01,2024,7,15.0,50.0,3.5
London,2024-07-10,2,0,summer,34332,2024-07-01,2024,7,15.0,50.0,3.5
London,2024-07-11,3,0,summer,38924,2024-07-01,2024,7,15.0,50.0,3.5
London,2024-07-12,4,0,summer,27209,2024-07-01,2024,7,15.0,50.0,3.5
London,2024-07-13,5,1,summer,26310,2024-07-01,2024,7,15.0,50.0,3.5
London,2024-07-14,6,1,summer,26939,2024-07-01,2024,7,15.0,50.0,3.5
London,2024-07-15,0,0,summer,23402,2024-07-01,2024,7,15.0,50.0,3.5
London,2024-07-16,1,0,summer,30656,2024-07-01,2024,7,15.0,50.0,3.5
London,2024-07-17,2,0,summer,33485,2024-07-01,2024,7,15.0,50.0,3.5
London,2024-07-18,3,0,summer,33633,2024-07-01,2024,7,15.0,50.0,3.5
London,2024-07-19,4,0,summer,31498,2024-07-01,2024,7,15.0,50.0,3.5
London,2024-07-20,5,1,summer,27786,2024-07-01,2024,7,15.0,50.0,3.5
London,2024-07-21,6,1,summer,26796,2024-07-01,2024,7,15.0,50.0,3.5
London,2024-07-22,0,0,summer,29670,2024-07-01,2024,7,15.0,50.0,3.5
London,2024-07-23,1,0,summer,32017,2024-07-01,2024,7,15.0,50.0,3.5
London,2024-07-24,2,0,summer,32737,2024-07-01,2024,7,15.0,50.0,3.5
London,2024-07-25,3,0,summer,28263,2024-07-01,2024,7,15.0,50.0,3.5
London,2024-07-26,4,0,summer,29872,2024-07-01,2024,7,15.0,50.0,3.5
London,2024-07-27,5,1,summer,29672,2024-07-01,2024,7,15.0,50.0,3.5
London,2024-07-28,6,1,summer,28418,2024-07-01,2024,7,15.0,50.0,3.5
London,2024-07-29,0,0,summer,31534,2024-07-01,2024,7,15.0,50.0,3.5
London,2024-07-30,1,0,summer,34732,2024-07-01,2024,7,15.0,50.0,3.5
London,2024-07-31,2,0,summer,34602,2024-07-01,2024,7,15.0,50.0,3.5
London,2024-08-01,3,0,summer,29430,2024-08-01,2024,8,15.0,50.0,3.5
London,2024-08-02,4,0,summer,29491,2024-08-01,2024,8,15.0,50.0,3.5
London,2024-08-03,5,1,summer,28792,2024-08-01,2024,8,15.0,50.0,3.5
London,2024-08-04,6,1,summer,26024,2024-08-01,2024,8,15.0,50.0,3.5
London,2024-08-05,0,0,summer,44213,2024-08-01,2024,8,15.0,50.0,3.5
London,2024-08-06,1,0,summer,28759,2024-08-01,2024,8,15.0,50.0,3.5
London,2024-08-07,2,0,summer,30651,2024-08-01,2024,8,15.0,50.0,3.5
London,2024-08-08,3,0,summer,28375,2024-08-01,2024,8,15.0,50.0,3.5
London,2024-08-09,4,0,summer,29001,2024-08-01,2024,8,15.0,50.0,3.5
London,2024-08-10,5,1,summer,27356,2024-08-01,2024,8,15.0,50.0,3.5
London,2024-08-11,6,1,summer,28024,2024-08-01,2024,8,15.0,50.0,3.5
London,2024-08-12,0,0,summer,29872,2024-08-01,2024,8,15.0,50.0,3.5
London,2024-08-13,1,0,summer,33339,2024-08-01,2024,8,15.0,50.0,3.5
London,2024-08-14,2,0,summer,32006,2024-08-01,2024,8,15.0,50.0,3.5
London,2024-08-15,3,0,summer,30742,2024-08-01,2024,8,15.0,50.0,3.5
London,2024-08-16,4,0,summer,29650,2024-08-01,2024,8,15.0,50.0,3.5
London,2024-08-17,5,1,summer,29804,2024-08-01,2024,8,15.0,50.0,3.5
London,2024-08-18,6,1,summer,26903,2024-08-01,2024,8,15.0,50.0,3.5
London,2024-08-19,0,0,summer,27951,2024-08-01,2024,8,15.0,50.0,3.5
London,2024-08-20,1,0,summer,31258,2024-08-01,2024,8,15.0,50.0,3.5
London,2024-08-21,2,0,summer,30103,2024-08-01,2024,8,15.0,50.0,3.5
London,2024-08-22,3,0,summer,25087,2024-08-01,2024,8,15.0,50.0,3.5
London,2024-08-23,4,0,summer,25740,2024-08-01,2024,8,15.0,50.0,3.5
London,2024-08-24,5,1,summer,10962,2024-08-01,2024,8,15.0,50.0,3.5
London,2024-08-25,6,1,summer,21969,2024-08-01,2024,8,15.0,50.0,3.5
London,2024-08-26,0,0,summer,22382,2024-08-01,2024,8,15.0,50.0,3.5
London,2024-08-27,1,0,summer,29762,2024-08-01,2024,8,15.0,50.0,3.5
London,2024-08-28,2,0,summer,31389,2024-08-01,2024,8,15.0,50.0,3.5
London,2024-08-29,3,0,summer,31271,2024-08-01,2024,8,15.0,50.0,3.5
London,2024-08-30,4,0,summer,28656,2024-08-01,2024,8,15.0,50.0,3.5
London,2024-08-31,5,1,summer,24206,2024-08-01,2024,8,15.0,50.0,3.5
London,2024-09-01,6,1,fall,25754,2024-09-01,2024,9,15.0,50.0,3.5
London,2024-09-02,0,0,fall,26535,2024-09-01,2024,9,15.0,50.0,3.5
London,2024-09-03,1,0,fall,31455,2024-09-01,2024,9,15.0,50.0,3.5
London,2024-09-04,2,0,fall,30954,2024-09-01,2024,9,15.0,50.0,3.5
London,2024-09-05,3,0,fall,22364,2024-09-01,2024,9,15.0,50.0,3.5
London,2024-09-06,4,0,fall,24344,2024-09-01,2024,9,15.0,50.0,3.5
London,2024-09-07,5,1,fall,25392,2024-09-01,2024,9,15.0,50.0,3.5
London,2024-09-08,6,1,fall,21605,2024-09-01,2024,9,15.0,50.0,3.5
London,2024-09-09,0,0,fall,27188,2024-09-01,2024,9,15.0,50.0,3.5
London,2024-09-10,1,0,fall,26707,2024-09-01,2024,9,15.0,50.0,3.5
London,2024-09-11,2,0,fall,28335,2024-09-01,2024,9,15.0,50.0,3.5
London,2024-09-12,3,0,fall,28408,2024-09-01,2024,9,15.0,50.0,3.5
London,2024-09-13,4,0,fall,26739,2024-09-01,2024,9,15.0,50.0,3.5
London,2024-09-14,5,1,fall,27141,2024-09-01,2024,9,15.0,50.0,3.5
London,2024-09-15,6,1,fall,22895,2024-09-01,2024,9,15.0,50.0,3.5
London,2024-09-16,0,0,fall,29063,2024-09-01,2024,9,15.0,50.0,3.5
London,2024-09-17,1,0,fall,31957,2024-09-01,2024,9,15.0,50.0,3.5
London,2024-09-18,2,0,fall,32452,2024-09-01,2024,9,15.0,50.0,3.5
London,2024-09-19,3,0,fall,32997,2024-09-01,2024,9,15.0,50.0,3.5
London,2024-09-20,4,0,fall,29257,2024-09-01,2024,9,15.0,50.0,3.5
London,2024-09-21,5,1,fall,29215,2024-09-01,2024,9,15.0,50.0,3.5
London,2024-09-22,6,1,fall,18458,2024-09-01,2024,9,15.0,50.0,3.5
London,2024-09-23,0,0,fall,24471,2024-09-01,2024,9,15.0,50.0,3.5
London,2024-09-24,1,0,fall,30929,2024-09-01,2024,9,15.0,50.0,3.5
London,2024-09-25,2,0,fall,25974,2024-09-01,2024,9,15.0,50.0,3.5
London,2024-09-26,3,0,fall,24899,2024-09-01,2024,9,15.0,50.0,3.5
London,2024-09-27,4,0,fall,19499,2024-09-01,2024,9,15.0,50.0,3.5
London,2024-09-28,5,1,fall,25514,2024-09-01,2024,9,15.0,50.0,3.5
London,2024-09-29,6,1,fall,18982,2024-09-01,2024,9,15.0,50.0,3.5
London,2024-09-30,0,0,fall,22482,2024-09-01,2024,9,15.0,50.0,3.5
London,2024-10-07,0,0,fall,25429,2024-10-01,2024,10,15.0,50.0,3.5
London,2024-10-08,1,0,fall,25319,2024-10-01,2024,10,15.0,50.0,3.5
London,2024-10-09,2,0,fall,30718,2024-10-01,2024,10,15.0,50.0,3.5
London,2024-10-10,3,0,fall,28820,2024-10-01,2024,10,15.0,50.0,3.5
London,2024-10-11,4,0,fall,28221,2024-10-01,2024,10,15.0,50.0,3.5
London,2024-10-12,5,1,fall,22257,2024-10-01,2024,10,15.0,50.0,3.5
London,2024-10-13,6,1,fall,20143,2024-10-01,2024,10,15.0,50.0,3.5
London,2024-10-14,0,0,fall,19092,2024-10-01,2024,10,15.0,50.0,3.5
London,2024-10-15,1,0,fall,30499,2024-10-01,2024,10,15.0,50.0,3.5
London,2024-10-16,2,0,fall,31215,2024-10-01,2024,10,15.0,50.0,3.5
London,2024-10-17,3,0,fall,32084,2024-10-01,2024,10,15.0,50.0,3.5
London,2024-10-18,4,0,fall,28263,2024-10-01,2024,10,15.0,50.0,3.5
London,2024-10-19,5,1,fall,22404,2024-10-01,2024,10,15.0,50.0,3.5
London,2024-10-20,6,1,fall,15474,2024-10-01,2024,10,15.0,50.0,3.5
London,2024-10-21,0,0,fall,27591,2024-10-01,2024,10,15.0,50.0,3.5
London,2024-10-22,1,0,fall,31869,2024-10-01,2024,10,15.0,50.0,3.5
London,2024-10-23,2,0,fall,31902,2024-10-01,2024,10,15.0,50.0,3.5
London,2024-10-24,3,0,fall,32351,2024-10-01,2024,10,15.0,50.0,3.5
London,2024-10-25,4,0,fall,24822,2024-10-01,2024,10,15.0,50.0,3.5
London,2024-10-26,5,1,fall,23350,2024-10-01,2024,10,15.0,50.0,3.5
London,2024-10-27,6,1,fall,24802,2024-10-01,2024,10,15.0,50.0,3.5
London,2024-10-28,0,0,fall,25705,2024-10-01,2024,10,15.0,50.0,3.5
London,2024-10-29,1,0,fall,30599,2024-10-01,2024,10,15.0,50.0,3.5
London,2024-10-30,2,0,fall,31228,2024-10-01,2024,10,15.0,50.0,3.5
London,2024-10-31,3,0,fall,31576,2024-10-01,2024,10,15.0,50.0,3.5
London,2024-11-01,4,0,fall,5,2024-11-01,2024,11,15.0,50.0,3.5
London,2024-11-07,3,0,fall,20895,2024-11-01,2024,11,15.0,50.0,3.5
London,2024-11-08,4,0,fall,25502,2024-11-01,2024,11,15.0,50.0,3.5
London,2024-11-09,5,1,fall,21204,2024-11-01,2024,11,15.0,50.0,3.5
London,2024-11-10,6,1,fall,18249,2024-11-01,2024,11,15.0,50.0,3.5
London,2024-11-11,0,0,fall,27159,2024-11-01,2024,11,15.0,50.0,3.5
London,2024-11-12,1,0,fall,28041,2024-11-01,2024,11,15.0,50.0,3.5
London,2024-11-13,2,0,fall,29517,2024-11-01,2024,11,15.0,50.0,3.5
London,2024-11-14,3,0,fall,29433,2024-11-01,2024,11,15.0,50.0,3.5
London,2024-11-15,4,0,fall,25653,2024-11-01,2024,11,15.0,50.0,3.5
London,2024-11-16,5,1,fall,21142,2024-11-01,2024,11,15.0,50.0,3.5
London,2024-11-17,6,1,fall,17349,2024-11-01,2024,11,15.0,50.0,3.5
London,2024-11-18,0,0,fall,19615,2024-11-01,2024,11,15.0,50.0,3.5
London,2024-11-19,1,0,fall,17590,2024-11-01,2024,11,15.0,50.0,3.5
London,2024-11-20,2,0,fall,25179,2024-11-01,2024,11,15.0,50.0,3.5
London,2024-11-21,3,0,fall,24397,2024-11-01,2024,11,15.0,50.0,3.5
London,2024-11-22,4,0,fall,22182,2024-11-01,2024,11,15.0,50.0,3.5
London,2024-11-23,5,1,fall,12081,2024-11-01,2024,11,15.0,50.0,3.5
London,2024-11-24,6,1,fall,13507,2024-11-01,2024,11,15.0,50.0,3.5
London,2024-11-25,0,0,fall,24626,2024-11-01,2024,11,15.0,50.0,3.5
London,2024-11-26,1,0,fall,28001,2024-11-01,2024,11,15.0,50.0,3.5
London,2024-11-27,2,0,fall,23682,2024-11-01,2024,11,15.0,50.0,3.5
London,2024-11-28,3,0,fall,26537,2024-11-01,2024,11,15.0,50.0,3.5
London,2024-11-29,4,0,fall,24382,2024-11-01,2024,11,15.0,50.0,3.5
London,2024-11-30,5,1,fall,21583,2024-11-01,2024,11,15.0,50.0,3.5
London,2024-12-01,6,1,winter,2,2024-12-01,2024,12,,,
London,2024-12-04,2,0,winter,3065,2024-12-01,2024,12,,,
London,2024-12-05,3,0,winter,21609,2024-12-01,2024,12,,,
London,2024-12-06,4,0,winter,23492,2024-12-01,2024,12,,,
London,2024-12-07,5,1,winter,9905,2024-12-01,2024,12,,,
London,2024-12-08,6,1,winter,8734,2024-12-01,2024,12,,,
London,2024-12-09,0,0,winter,23020,2024-12-01,2024,12,,,
London,2024-12-10,1,0,winter,24698,2024-12-01,2024,12,,,
London,2024-12-11,2,0,winter,25221,2024-12-01,2024,12,,,
London,2024-12-12,3,0,winter,22735,2024-12-01,2024,12,,,
London,2024-12-13,4,0,winter,19557,2024-12-01,2024,12,,,
London,2024-12-14,5,1,winter,17963,2024-12-01,2024,12,,,
London,2024-12-15,6,1,winter,15246,2024-12-01,2024,12,,,
London,2024-12-16,0,0,winter,21273,2024-12-01,2024,12,,,
London,2024-12-17,1,0,winter,22374,2024-12-01,2024,12,,,
London,2024-12-18,2,0,winter,19825,2024-12-01,2024,12,,,
London,2024-12-19,3,0,winter,20105,2024-12-01,2024,12,,,
London,2024-12-20,4,0,winter,15951,2024-12-01,2024,12,,,
London,2024-12-21,5,1,winter,11043,2024-12-01,2024,12,,,
London,2024-12-22,6,1,winter,8964,2024-12-01,2024,12,,,
London,2024-12-23,0,0,winter,11315,2024-12-01,2024,12,,,
London,2024-12-24,1,0,winter,9443,2024-12-01,2024,12,,,
London,2024-12-25,2,0,winter,21563,2024-12-01,2024,12,,,
London,2024-12-26,3,0,winter,7741,2024-12-01,2024,12,,,
London,2024-12-27,4,0,winter,9703,2024-12-01,2024,12,,,
London,2024-12-28,5,1,winter,9244,2024-12-01,2024,12,,,
London,2024-12-29,6,1,winter,8942,2024-12-01,2024,12,,,
London,2024-12-30,0,0,winter,12318,2024-12-01,2024,12,,,
London,2024-12-31,1,0,winter,12853,2024-12-01,2024,12,,,
London,2025-01-01,2,0,winter,5404,2025-01-01,2025,1,15.0,50.0,3.5
London,2025-01-02,3,0,winter,22447,2025-01-01,2025,1,15.0,50.0,3.5
London,2025-01-03,4,0,winter,33424,2025-01-01,2025,1,15.0,50.0,3.5
London,2025-01-04,5,1,winter,38662,2025-01-01,2025,1,15.0,50.0,3.5
London,2025-01-05,6,1,winter,40874,2025-01-01,2025,1,15.0,50.0,3.5
London,2025-01-06,0,0,winter,37157,2025-01-01,2025,1,15.0,50.0,3.5
London,2025-01-07,1,0,winter,53775,2025-01-01,2025,1,15.0,50.0,3.5
London,2025-01-08,2,0,winter,45376,2025-01-01,2025,1,15.0,50.0,3.5
London,2025-01-09,3,0,winter,45552,2025-01-01,2025,1,15.0,50.0,3.5
London,2025-01-10,4,0,winter,49736,2025-01-01,2025,1,15.0,50.0,3.5
London,2025-01-11,5,1,winter,33422,2025-01-01,2025,1,15.0,50.0,3.5
London,2025-01-12,6,1,winter,31349,2025-01-01,2025,1,15.0,50.0,3.5
London,2025-01-13,0,0,winter,21742,2025-01-01,2025,1,15.0,50.0,3.5
London,2025-01-14,1,0,winter,25051,2025-01-01,2025,1,15.0,50.0,3.5
London,2025-01-15,2,0,winter,23665,2025-01-01,2025,1,15.0,50.0,3.5
London,2025-01-16,3,0,winter,25128,2025-01-01,2025,1,15.0,50.0,3.5
London,2025-01-17,4,0,winter,21635,2025-01-01,2025,1,15.0,50.0,3.5
London,2025-01-18,5,1,winter,16230,2025-01-01,2025,1,15.0,50.0,3.5
London,2025-01-19,6,1,winter,13497,2025-01-01,2025,1,15.0,50.0,3.5
London,2025-01-20,0,0,winter,22708,2025-01-01,2025,1,15.0,50.0,3.5
London,2025-01-21,1,0,winter,25362,2025-01-01,2025,1,15.0,50.0,3.5
London,2025-01-22,2,0,winter,24298,2025-01-01,2025,1,15.0,50.0,3.5
London,2025-01-23,3,0,winter,23054,2025-01-01,2025,1,15.0,50.0,3.5
London,2025-01-24,4,0,winter,20394,2025-01-01,2025,1,15.0,50.0,3.5
London,2025-01-25,5,1,winter,19215,2025-01-01,2025,1,15.0,50.0,3.5
London,2025-01-26,6,1,winter,8957,2025-01-01,2025,1,15.0,50.0,3.5
London,2025-01-27,0,0,winter,19426,2025-01-01,2025,1,15.0,50.0,3.5
London,2025-01-28,1,0,winter,20382,2025-01-01,2025,1,15.0,50.0,3.5
London,2025-01-29,2,0,winter,26066,2025-01-01,2025,1,15.0,50.0,3.5
London,2025-01-30,3,0,winter,26651,2025-01-01,2025,1,15.0,50.0,3.5
London,2025-01-31,4,0,winter,17965,2025-01-01,2025,1,15.0,50.0,3.5
London,2025-02-01,5,1,winter,7997,2025-02-01,2025,2,15.0,50.0,3.5
London,2025-02-02,6,1,winter,16596,2025-02-01,2025,2,15.0,50.0,3.5
London,2025-02-03,0,0,winter,18384,2025-02-01,2025,2,15.0,50.0,3.5
London,2025-02-04,1,0,winter,28943,2025-02-01,2025,2,15.0,50.0,3.5
London,2025-02-05,2,0,winter,54192,2025-02-01,2025,2,15.0,50.0,3.5
London,2025-02-06,3,0,winter,54940,2025-02-01,2025,2,15.0,50.0,3.5
London,2025-02-07,4,0,winter,45503,2025-02-01,2025,2,15.0,50.0,3.5
London,2025-02-08,5,1,winter,37269,2025-02-01,2025,2,15.0,50.0,3.5
London,2025-02-09,6,1,winter,38289,2025-02-01,2025,2,15.0,50.0,3.5
London,2025-02-10,0,0,winter,50439,2025-02-01,2025,2,15.0,50.0,3.5
London,2025-02-11,1,0,winter,42512,2025-02-01,2025,2,15.0,50.0,3.5
London,2025-02-12,2,0,winter,51095,2025-02-01,2025,2,15.0,50.0,3.5
London,2025-02-13,3,0,winter,24552,2025-02-01,2025,2,15.0,50.0,3.5
London,2025-02-14,4,0,winter,20800,2025-02-01,2025,2,15.0,50.0,3.5
London,2025-02-15,5,1,winter,14380,2025-02-01,2025,2,15.0,50.0,3.5
London,2025-02-16,6,1,winter,13705,2025-02-01,2025,2,15.0,50.0,3.5
London,2025-02-17,0,0,winter,21263,2025-02-01,2025,2,15.0,50.0,3.5
London,2025-02-18,1,0,winter,23915,2025-02-01,2025,2,15.0,50.0,3.5
London,2025-02-19,2,0,winter,23927,2025-02-01,2025,2,15.0,50.0,3.5
London,2025-02-20,3,0,winter,22514,2025-02-01,2025,2,15.0,50.0,3.5
London,2025-02-21,4,0,winter,18233,2025-02-01,2025,2,15.0,50.0,3.5
London,2025-02-22,5,1,winter,18830,2025-02-01,2025,2,15.0,50.0,3.5
London,2025-02-23,6,1,winter,14415,2025-02-01,2025,2,15.0,50.0,3.5
London,2025-02-24,0,0,winter,19035,2025-02-01,2025,2,15.0,50.0,3.5
London,2025-02-25,1,0,winter,26641,2025-02-01,2025,2,15.0,50.0,3.5
London,2025-02-26,2,0,winter,21986,2025-02-01,2025,2,15.0,50.0,3.5
London,2025-02-27,3,0,winter,26301,2025-02-01,2025,2,15.0,50.0,3.5
London,2025-02-28,4,0,winter,23457,2025-02-01,2025,2,15.0,50.0,3.5
London,2025-03-01,5,1,spring,1,2025-03-01,2025,3,15.0,50.0,3.5
London,2025-03-02,6,1,spring,22896,2025-03-01,2025,3,15.0,50.0,3.5
London,2025-03-03,0,0,spring,24651,2025-03-01,2025,3,15.0,50.0,3.5
London,2025-03-04,1,0,spring,29582,2025-03-01,2025,3,15.0,50.0,3.5
London,2025-03-05,2,0,spring,26698,2025-03-01,2025,3,15.0,50.0,3.5
London,2025-03-06,3,0,spring,26711,2025-03-01,2025,3,15.0,50.0,3.5
London,2025-03-07,4,0,spring,59889,2025-03-01,2025,3,15.0,50.0,3.5
London,2025-03-08,5,1,spring,50062,2025-03-01,2025,3,15.0,50.0,3.5
London,2025-03-09,6,1,spring,44950,2025-03-01,2025,3,15.0,50.0,3.5
London,2025-03-10,0,0,spring,45747,2025-03-01,2025,3,15.0,50.0,3.5
London,2025-03-11,1,0,spring,52452,2025-03-01,2025,3,15.0,50.0,3.5
London,2025-03-12,2,0,spring,53208,2025-03-01,2025,3,15.0,50.0,3.5
London,2025-03-13,3,0,spring,23777,2025-03-01,2025,3,15.0,50.0,3.5
London,2025-03-14,4,0,spring,22334,2025-03-01,2025,3,15.0,50.0,3.5
London,2025-03-15,5,1,spring,20099,2025-03-01,2025,3,15.0,50.0,3.5
London,2025-03-16,6,1,spring,16390,2025-03-01,2025,3,15.0,50.0,3.5
London,2025-03-17,0,0,spring,23820,2025-03-01,2025,3,15.0,50.0,3.5
London,2025-03-18,1,0,spring,27374,2025-03-01,2025,3,15.0,50.0,3.5
London,2025-03-19,2,0,spring,29043,2025-03-01,2025,3,15.0,50.0,3.5
London,2025-03-20,3,0,spring,30699,2025-03-01,2025,3,15.0,50.0,3.5
London,2025-03-21,4,0,spring,26111,2025-03-01,2025,3,15.0,50.0,3.5
London,2025-03-22,5,1,spring,23405,2025-03-01,2025,3,15.0,50.0,3.5
London,2025-03-23,6,1,spring,18268,2025-03-01,2025,3,15.0,50.0,3.5
London,2025-03-24,0,0,spring,10530,2025-03-01,2025,3,15.0,50.0,3.5
London,2025-04-02,2,0,spring,25625,2025-04-01,2025,4,15.0,50.0,3.5
London,2025-04-03,3,0,spring,28021,2025-04-01,2025,4,15.0,50.0,3.5
London,2025-04-04,4,0,spring,27381,2025-04-01,2025,4,15.0,50.0,3.5
London,2025-04-05,5,1,spring,20569,2025-04-01,2025,4,15.0,50.0,3.5
London,2025-04-06,6,1,spring,30175,2025-04-01,2025,4,15.0,50.0,3.5
London,2025-04-07,0,0,spring,49200,2025-04-01,2025,4,15.0,50.0,3.5
London,2025-04-08,1,0,spring,54516,2025-04-01,2025,4,15.0,50.0,3.5
London,2025-04-09,2,0,spring,53609,2025-04-01,2025,4,15.0,50.0,3.5
London,2025-04-10,3,0,spring,50012,2025-04-01,2025,4,15.0,50.0,3.5
London,2025-04-11,4,0,spring,57663,2025-04-01,2025,4,15.0,50.0,3.5
London,2025-04-12,5,1,spring,48955,2025-04-01,2025,4,15.0,50.0,3.5
London,2025-04-13,6,1,spring,18958,2025-04-01,2025,4,15.0,50.0,3.5
London,2025-04-14,0,0,spring,24675,2025-04-01,2025,4,15.0,50.0,3.5
London,2025-04-15,1,0,spring,21452,2025-04-01,2025,4,15.0,50.0,3.5
London,2025-04-16,2,0,spring,27167,2025-04-01,2025,4,15.0,50.0,3.5
London,2025-04-17,3,0,spring,26187,2025-04-01,2025,4,15.0,50.0,3.5
London,2025-04-18,4,0,spring,19209,2025-04-01,2025,4,15.0,50.0,3.5
London,2025-04-19,5,1,spring,19021,2025-04-01,2025,4,15.0,50.0,3.5
London,2025-04-20,6,1,spring,15138,2025-04-01,2025,4,15.0,50.0,3.5
London,2025-04-21,0,0,spring,14810,2025-04-01,2025,4,15.0,50.0,3.5
London,2025-04-22,1,0,spring,26405,2025-04-01,2025,4,15.0,50.0,3.5
London,2025-04-23,2,0,spring,22508,2025-04-01,2025,4,15.0,50.0,3.5
London,2025-04-24,3,0,spring,28946,2025-04-01,2025,4,15.0,50.0,3.5
London,2025-04-25,4,0,spring,27009,2025-04-01,2025,4,15.0,50.0,3.5
London,2025-04-26,5,1,spring,23594,2025-04-01,2025,4,15.0,50.0,3.5
London,2025-04-27,6,1,spring,24266,2025-04-01,2025,4,15.0,50.0,3.5
London,2025-04-28,0,0,spring,29974,2025-04-01,2025,4,15.0,50.0,3.5
London,2025-04-29,1,0,spring,33604,2025-04-01,2025,4,15.0,50.0,3.5
London,2025-04-30,2,0,spring,33782,2025-04-01,2025,4,15.0,50.0,3.5
London,2025-05-02,4,0,spring,3840,2025-05-01,2025,5,15.0,50.0,3.5
London,2025-05-03,5,1,spring,28417,2025-05-01,2025,5,15.0,50.0,3.5
London,2025-05-04,6,1,spring,25439,2025-05-01,2025,5,15.0,50.0,3.5
London,2025-05-05,0,0,spring,17891,2025-05-01,2025,5,15.0,50.0,3.5
London,2025-05-06,1,0,spring,18823,2025-05-01,2025,5,15.0,50.0,3.5
London,2025-05-07,2,0,spring,24878,2025-05-01,2025,5,15.0,50.0,3.5
London,2025-05-08,3,0,spring,17402,2025-05-01,2025,5,15.0,50.0,3.5
London,2025-05-09,4,0,spring,56710,2025-05-01,2025,5,15.0,50.0,3.5
London,2025-05-10,5,1,spring,49670,2025-05-01,2025,5,15.0,50.0,3.5
London,2025-05-11,6,1,spring,56260,2025-05-01,2025,5,15.0,50.0,3.5
London,2025-05-12,0,0,spring,52155,2025-05-01,2025,5,15.0,50.0,3.5
London,2025-05-13,1,0,spring,34096,2025-05-01,2025,5,15.0,50.0,3.5
London,2025-05-14,2,0,spring,33727,2025-05-01,2025,5,15.0,50.0,3.5
London,2025-05-15,3,0,spring,29944,2025-05-01,2025,5,15.0,50.0,3.5
London,2025-05-16,4,0,spring,30024,2025-05-01,2025,5,15.0,50.0,3.5
London,2025-05-17,5,1,spring,27642,2025-05-01,2025,5,15.0,50.0,3.5
London,2025-05-18,6,1,spring,21904,2025-05-01,2025,5,15.0,50.0,3.5
London,2025-05-19,0,0,spring,29342,2025-05-01,2025,5,15.0,50.0,3.5
London,2025-05-20,1,0,spring,33420,2025-05-01,2025,5,15.0,50.0,3.5
London,2025-05-21,2,0,spring,27815,2025-05-01,2025,5,15.0,50.0,3.5
London,2025-05-22,3,0,spring,31012,2025-05-01,2025,5,15.0,50.0,3.5
London,2025-05-23,4,0,spring,27584,2025-05-01,2025,5,15.0,50.0,3.5
London,2025-05-24,5,1,spring,20911,2025-05-01,2025,5,15.0,50.0,3.5
London,2025-05-25,6,1,spring,21621,2025-05-01,2025,5,15.0,50.0,3.5
London,2025-05-26,0,0,spring,18420,2025-05-01,2025,5,15.0,50.0,3.5
London,2025-05-27,1,0,spring,22771,2025-05-01,2025,5,15.0,50.0,3.5
London,2025-05-28,2,0,spring,29731,2025-05-01,2025,5,15.0,50.0,3.5
London,2025-05-29,3,0,spring,25522,2025-05-01,2025,5,15.0,50.0,3.5
London,2025-05-30,4,0,spring,29238,2025-05-01,2025,5,15.0,50.0,3.5
London,2025-05-31,5,1,spring,28682,2025-05-01,2025,5,15.0,50.0,3.5
London,2025-06-01,6,1,summer,1,2025-06-01,2025,6,15.0,50.0,3.5
London,2025-06-03,1,0,summer,29197,2025-06-01,2025,6,15.0,50.0,3.5
London,2025-06-04,2,0,summer,21158,2025-06-01,2025,6,15.0,50.0,3.5
London,2025-06-05,3,0,summer,28202,2025-06-01,2025,6,15.0,50.0,3.5
London,2025-06-06,4,0,summer,26223,2025-06-01,2025,6,15.0,50.0,3.5
London,2025-06-07,5,1,summer,21358,2025-06-01,2025,6,15.0,50.0,3.5
London,2025-06-08,6,1,summer,30069,2025-06-01,2025,6,15.0,50.0,3.5
London,2025-06-09,0,0,summer,48368,2025-06-01,2025,6,15.0,50.0,3.5
London,2025-06-10,1,0,summer,63047,2025-06-01,2025,6,15.0,50.0,3.5
London,2025-06-11,2,0,summer,62417,2025-06-01,2025,6,15.0,50.0,3.5
London,2025-06-12,3,0,summer,50470,2025-06-01,2025,6,15.0,50.0,3.5
London,2025-06-13,4,0,summer,29122,2025-06-01,2025,6,15.0,50.0,3.5
London,2025-06-14,5,1,summer,28083,2025-06-01,2025,6,15.0,50.0,3.5
London,2025-06-15,6,1,summer,23693,2025-06-01,2025,6,15.0,50.0,3.5
London,2025-06-16,0,0,summer,30855,2025-06-01,2025,6,15.0,50.0,3.5
London,2025-06-17,1,0,summer,33941,2025-06-01,2025,6,15.0,50.0,3.5
London,2025-06-18,2,0,summer,34748,2025-06-01,2025,6,15.0,50.0,3.5
London,2025-06-19,3,0,summer,34914,2025-06-01,2025,6,15.0,50.0,3.5
London,2025-06-20,4,0,summer,31348,2025-06-01,2025,6,15.0,50.0,3.5
London,2025-06-21,5,1,summer,28373,2025-06-01,2025,6,15.0,50.0,3.5
London,2025-06-22,6,1,summer,24974,2025-06-01,2025,6,15.0,50.0,3.5
London,2025-06-23,0,0,summer,30491,2025-06-01,2025,6,15.0,50.0,3.5
London,2025-06-24,1,0,summer,31531,2025-06-01,2025,6,15.0,50.0,3.5
London,2025-06-25,2,0,summer,32390,2025-06-01,2025,6,15.0,50.0,3.5
London,2025-06-26,3,0,summer,32054,2025-06-01,2025,6,15.0,50.0,3.5
London,2025-06-27,4,0,summer,30313,2025-06-01,2025,6,15.0,50.0,3.5
London,2025-06-28,5,1,summer,27619,2025-06-01,2025,6,15.0,50.0,3.5
London,2025-06-29,6,1,summer,25654,2025-06-01,2025,6,15.0,50.0,3.5
London,2025-06-30,0,0,summer,31579,2025-06-01,2025,6,15.0,50.0,3.5
London,2025-07-03,3,0,summer,975,2025-07-01,2025,7,15.0,50.0,3.5
London,2025-07-04,4,0,summer,7691,2025-07-01,2025,7,15.0,50.0,3.5
London,2025-07-05,5,1,summer,30335,2025-07-01,2025,7,15.0,50.0,3.5
London,2025-07-06,6,1,summer,15952,2025-07-01,2025,7,15.0,50.0,3.5
London,2025-07-07,0,0,summer,26710,2025-07-01,2025,7,15.0,50.0,3.5
London,2025-07-08,1,0,summer,29723,2025-07-01,2025,7,15.0,50.0,3.5
London,2025-07-09,2,0,summer,44035,2025-07-01,2025,7,15.0,50.0,3.5
London,2025-07-10,3,0,summer,68385,2025-07-01,2025,7,15.0,50.0,3.5
London,2025-07-11,4,0,summer,54374,2025-07-01,2025,7,15.0,50.0,3.5
London,2025-07-12,5,1,summer,31933,2025-07-01,2025,7,15.0,50.0,3.5
London,2025-07-13,6,1,summer,25479,2025-07-01,2025,7,15.0,50.0,3.5
London,2025-07-14,0,0,summer,30949,2025-07-01,2025,7,15.0,50.0,3.5
London,2025-07-15,1,0,summer,31515,2025-07-01,2025,7,15.0,50.0,3.5
London,2025-07-16,2,0,summer,33189,2025-07-01,2025,7,15.0,50.0,3.5
London,2025-07-17,3,0,summer,31948,2025-07-01,2025,7,15.0,50.0,3.5
London,2025-07-18,4,0,summer,30139,2025-07-01,2025,7,15.0,50.0,3.5
London,2025-07-19,5,1,summer,15490,2025-07-01,2025,7,15.0,50.0,3.5
London,2025-07-20,6,1,summer,20392,2025-07-01,2025,7,15.0,50.0,3.5
London,2025-07-21,0,0,summer,25234,2025-07-01,2025,7,15.0,50.0,3.5
London,2025-07-22,1,0,summer,30410,2025-07-01,2025,7,15.0,50.0,3.5
London,2025-07-23,2,0,summer,30551,2025-07-01,2025,7,15.0,50.0,3.5
London,2025-07-24,3,0,summer,27714,2025-07-01,2025,7,15.0,50.0,3.5
London,2025-07-25,4,0,summer,30065,2025-07-01,2025,7,15.0,50.0,3.5
London,2025-07-26,5,1,summer,25996,2025-07-01,2025,7,15.0,50.0,3.5
London,2025-07-27,6,1,summer,23037,2025-07-01,2025,7,15.0,50.0,3.5
London,2025-07-28,0,0,summer,29868,2025-07-01,2025,7,15.0,50.0,3.5
London,2025-07-29,1,0,summer,30913,2025-07-01,2025,7,15.0,50.0,3.5
London,2025-07-30,2,0,summer,32190,2025-07-01,2025,7,15.0,50.0,3.5
London,2025-07-31,3,0,summer,26457,2025-07-01,2025,7,15.0,50.0,3.5
London,2025-08-05,1,0,summer,13728,2025-08-01,2025,8,15.0,50.0,3.5
London,2025-08-06,2,0,summer,22151,2025-08-01,2025,8,15.0,50.0,3.5
London,2025-08-07,3,0,summer,34565,2025-08-01,2025,8,15.0,50.0,3.5
London,2025-08-08,4,0,summer,24686,2025-08-01,2025,8,15.0,50.0,3.5
London,2025-08-09,5,1,summer,62079,2025-08-01,2025,8,15.0,50.0,3.5
London,2025-08-10,6,1,summer,63945,2025-08-01,2025,8,15.0,50.0,3.5
London,2025-08-11,0,0,summer,28359,2025-08-01,2025,8,15.0,50.0,3.5
London,2025-08-12,1,0,summer,31624,2025-08-01,2025,8,15.0,50.0,3.5
London,2025-08-13,2,0,summer,29180,2025-08-01,2025,8,15.0,50.0,3.5
London,2025-08-14,3,0,summer,30844,2025-08-01,2025,8,15.0,50.0,3.5
London,2025-08-15,4,0,summer,28466,2025-08-01,2025,8,15.0,50.0,3.5
London,2025-08-16,5,1,summer,23768,2025-08-01,2025,8,15.0,50.0,3.5
London,2025-08-17,6,1,summer,31718,2025-08-01,2025,8,15.0,50.0,3.5
London,2025-08-18,0,0,summer,26748,2025-08-01,2025,8,15.0,50.0,3.5
London,2025-08-19,1,0,summer,29672,2025-08-01,2025,8,15.0,50.0,3.5
London,2025-08-20,2,0,summer,29327,2025-08-01,2025,8,15.0,50.0,3.5
London,2025-08-21,3,0,summer,27691,2025-08-01,2025,8,15.0,50.0,3.5
London,2025-08-22,4,0,summer,25438,2025-08-01,2025,8,15.0,50.0,3.5
London,2025-08-23,5,1,summer,20161,2025-08-01,2025,8,15.0,50.0,3.5
London,2025-09-06,5,1,fall,6586,2025-09-01,2025,9,15.0,50.0,3.5
London,2025-09-07,6,1,fall,17533,2025-09-01,2025,9,15.0,50.0,3.5
London,2025-09-08,0,0,fall,5221,2025-09-01,2025,9,15.0,50.0,3.5
London,2025-09-09,1,0,fall,45824,2025-09-01,2025,9,15.0,50.0,3.5
London,2025-09-10,2,0,fall,43718,2025-09-01,2025,9,15.0,50.0,3.5
London,2025-09-11,3,0,fall,42067,2025-09-01,2025,9,15.0,50.0,3.5
London,2025-09-12,4,0,fall,27294,2025-09-01,2025,9,15.0,50.0,3.5
London,2025-09-13,5,1,fall,22165,2025-09-01,2025,9,15.0,50.0,3.5
London,2025-09-14,6,1,fall,15252,2025-09-01,2025,9,15.0,50.0,3.5
London,2025-09-15,0,0,fall,26726,2025-09-01,2025,9,15.0,50.0,3.5
London,2025-10-09,3,0,fall,27600,2025-10-01,2025,10,15.0,50.0,3.5
London,2025-10-10,4,0,fall,29726,2025-10-01,2025,10,15.0,50.0,3.5
London,2025-10-11,5,1,fall,26617,2025-10-01,2025,10,15.0,50.0,3.5
London,2025-10-12,6,1,fall,22172,2025-10-01,2025,10,15.0,50.0,3.5
London,2025-10-13,0,0,fall,29858,2025-10-01,2025,10,15.0,50.0,3.5
London,2025-10-14,1,0,fall,31942,2025-10-01,2025,10,15.0,50.0,3.5
London,2025-10-15,2,0,fall,32085,2025-10-01,2025,10,15.0,50.0,3.5
London,2025-10-16,3,0,fall,29493,2025-10-01,2025,10,15.0,50.0,3.5
London,2025-10-17,4,0,fall,28042,2025-10-01,2025,10,15.0,50.0,3.5
London,2025-10-18,5,1,fall,24472,2025-10-01,2025,10,15.0,50.0,3.5
London,2025-10-19,6,1,fall,14381,2025-10-01,2025,10,15.0,50.0,3.5
London,2025-10-20,0,0,fall,18824,2025-10-01,2025,10,15.0,50.0,3.5
London,2025-10-21,1,0,fall,31017,2025-10-01,2025,10,15.0,50.0,3.5
London,2025-10-22,2,0,fall,29926,2025-10-01,2025,10,15.0,50.0,3.5
London,2025-10-23,3,0,fall,23108,2025-10-01,2025,10,15.0,50.0,3.5
London,2025-10-24,4,0,fall,26825,2025-10-01,2025,10,15.0,50.0,3.5
London,2025-10-25,5,1,fall,22257,2025-10-01,2025,10,15.0,50.0,3.5
London,2025-10-26,6,1,fall,18165,2025-10-01,2025,10,15.0,50.0,3.5
London,2025-10-27,0,0,fall,27264,2025-10-01,2025,10,15.0,50.0,3.5
London,2025-10-28,1,0,fall,30499,2025-10-01,2025,10,15.0,50.0,3.5
London,2025-10-29,2,0,fall,23645,2025-10-01,2025,10,15.0,50.0,3.5
London,2025-10-30,3,0,fall,29857,2025-10-01,2025,10,15.0,50.0,3.5
London,2025-10-31,4,0,fall,21083,2025-10-01,2025,10,15.0,50.0,3.5
London,2025-11-01,5,1,fall,1,2025-11-01,2025,11,15.0,50.0,3.5
London,2025-11-07,4,0,fall,2815,2025-11-01,2025,11,15.0,50.0,3.5
London,2025-11-08,5,1,fall,23188,2025-11-01,2025,11,15.0,50.0,3.5
London,2025-11-09,6,1,fall,20146,2025-11-01,2025,11,15.0,50.0,3.5
London,2025-11-10,0,0,fall,23653,2025-11-01,2025,11,15.0,50.0,3.5
London,2025-11-11,1,0,fall,30157,2025-11-01,2025,11,15.0,50.0,3.5
London,2025-11-12,2,0,fall,31481,2025-11-01,2025,11,15.0,50.0,3.5
London,2025-11-13,3,0,fall,28344,2025-11-01,2025,11,15.0,50.0,3.5
London,2025-11-14,4,0,fall,18706,2025-11-01,2025,11,15.0,50.0,3.5
London,2025-11-15,5,1,fall,21509,2025-11-01,2025,11,15.0,50.0,3.5
London,2025-11-16,6,1,fall,17931,2025-11-01,2025,11,15.0,50.0,3.5
London,2025-11-17,0,0,fall,26159,2025-11-01,2025,11,15.0,50.0,3.5
London,2025-11-18,1,0,fall,27926,2025-11-01,2025,11,15.0,50.0,3.5
London,2025-11-19,2,0,fall,22066,2025-11-01,2025,11,15.0,50.0,3.5
London,2025-11-20,3,0,fall,25708,2025-11-01,2025,11,15.0,50.0,3.5
London,2025-11-21,4,0,fall,23137,2025-11-01,2025,11,15.0,50.0,3.5
London,2025-11-22,5,1,fall,11414,2025-11-01,2025,11,15.0,50.0,3.5
London,2025-11-23,6,1,fall,15737,2025-11-01,2025,11,15.0,50.0,3.5
London,2025-11-24,0,0,fall,23360,2025-11-01,2025,11,15.0,50.0,3.5
London,2025-11-25,1,0,fall,28064,2025-11-01,2025,11,15.0,50.0,3.5
London,2025-11-26,2,0,fall,27089,2025-11-01,2025,11,15.0,50.0,3.5
London,2025-11-27,3,0,fall,27542,2025-11-01,2025,11,15.0,50.0,3.5
London,2025-11-28,4,0,fall,25709,2025-11-01,2025,11,15.0,50.0,3.5
London,2025-11-29,5,1,fall,16984,2025-11-01,2025,11,15.0,50.0,3.5
London,2025-11-30,6,1,fall,17536,2025-11-01,2025,11,15.0,50.0,3.5
London,2025-12-07,6,1,winter,9267,2025-12-01,2025,12,,,
London,2025-12-08,0,0,winter,23889,2025-12-01,2025,12,,,
London,2025-12-09,1,0,winter,25890,2025-12-01,2025,12,,,
London,2025-12-10,2,0,winter,28702,2025-12-01,2025,12,,,
London,2025-12-11,3,0,winter,28231,2025-12-01,2025,12,,,
London,2025-12-12,4,0,winter,23720,2025-12-01,2025,12,,,
London,2025-12-13,5,1,winter,20851,2025-12-01,2025,12,,,
London,2025-12-14,6,1,winter,16450,2025-12-01,2025,12,,,
London,2025-12-15,0,0,winter,23000,2025-12-01,2025,12,,,
London,2025-12-16,1,0,winter,23354,2025-12-01,2025,12,,,
London,2025-12-17,2,0,winter,23295,2025-12-01,2025,12,,,
London,2025-12-18,3,0,winter,15815,2025-12-01,2025,12,,,
London,2025-12-19,4,0,winter,20111,2025-12-01,2025,12,,,
London,2025-12-20,5,1,winter,14933,2025-12-01,2025,12,,,
London,2025-12-21,6,1,winter,9503,2025-12-01,2025,12,,,
London,2025-12-22,0,0,winter,15833,2025-12-01,2025,12,,,
London,2025-12-23,1,0,winter,13207,2025-12-01,2025,12,,,
London,2025-12-24,2,0,winter,8603,2025-12-01,2025,12,,,
London,2025-12-25,3,0,winter,15085,2025-12-01,2025,12,,,
London,2025-12-26,4,0,winter,6562,2025-12-01,2025,12,,,
London,2025-12-27,5,1,winter,8897,2025-12-01,2025,12,,,
London,2025-12-28,6,1,winter,8765,2025-12-01,2025,12,,,
London,2025-12-29,0,0,winter,11285,2025-12-01,2025,12,,,
London,2025-12-30,1,0,winter,12203,2025-12-01,2025,12,,,
London,2025-12-31,2,0,winter,11362,2025-12-01,2025,12,,,
NYC,2022-12-14,2,0,winter,1,2022-12-01,2022,12,,,
NYC,2022-12-28,2,0,winter,4,2022-12-01,2022,12,,,
NYC,2022-12-30,4,0,winter,12,2022-12-01,2022,12,,,
NYC,2022-12-31,5,1,winter,259,2022-12-01,2022,12,,,
NYC,2023-01-01,6,1,winter,50642,2023-01-01,2023,1,15.0,50.0,3.5
NYC,2023-01-02,0,0,winter,58241,2023-01-01,2023,1,15.0,50.0,3.5
NYC,2023-01-03,1,0,winter,51789,2023-01-01,2023,1,15.0,50.0,3.5
NYC,2023-01-04,2,0,winter,74454,2023-01-01,2023,1,15.0,50.0,3.5
NYC,2023-01-05,3,0,winter,71440,2023-01-01,2023,1,15.0,50.0,3.5
NYC,2023-01-06,4,0,winter,64752,2023-01-01,2023,1,15.0,50.0,3.5
NYC,2023-01-07,5,1,winter,59158,2023-01-01,2023,1,15.0,50.0,3.5
NYC,2023-01-08,6,1,winter,49454,2023-01-01,2023,1,15.0,50.0,3.5
NYC,2023-01-09,0,0,winter,61588,2023-01-01,2023,1,15.0,50.0,3.5
NYC,2023-01-10,1,0,winter,66674,2023-01-01,2023,1,15.0,50.0,3.5
NYC,2023-01-11,2,0,winter,67100,2023-01-01,2023,1,15.0,50.0,3.5
NYC,2023-01-12,3,0,winter,51491,2023-01-01,2023,1,15.0,50.0,3.5
NYC,2023-01-13,4,0,winter,65274,2023-01-01,2023,1,15.0,50.0,3.5
NYC,2023-01-14,5,1,winter,43527,2023-01-01,2023,1,15.0,50.0,3.5
NYC,2023-01-15,6,1,winter,41091,2023-01-01,2023,1,15.0,50.0,3.5
NYC,2023-01-16,0,0,winter,49763,2023-01-01,2023,1,15.0,50.0,3.5
NYC,2023-01-17,1,0,winter,64872,2023-01-01,2023,1,15.0,50.0,3.5
NYC,2023-01-18,2,0,winter,75820,2023-01-01,2023,1,15.0,50.0,3.5
NYC,2023-01-19,3,0,winter,32358,2023-01-01,2023,1,15.0,50.0,3.5
NYC,2023-01-20,4,0,winter,67532,2023-01-01,2023,1,15.0,50.0,3.5
NYC,2023-01-21,5,1,winter,58192,2023-01-01,2023,1,15.0,50.0,3.5
NYC,2023-01-22,6,1,winter,39438,2023-01-01,2023,1,15.0,50.0,3.5
NYC,2023-01-23,0,0,winter,38417,2023-01-01,2023,1,15.0,50.0,3.5
NYC,2023-01-24,1,0,winter,67647,2023-01-01,2023,1,15.0,50.0,3.5
NYC,2023-01-25,2,0,winter,41868,2023-01-01,2023,1,15.0,50.0,3.5
NYC,2023-01-26,3,0,winter,64439,2023-01-01,2023,1,15.0,50.0,3.5
NYC,2023-01-27,4,0,winter,65614,2023-01-01,2023,1,15.0,50.0,3.5
NYC,2023-01-28,5,1,winter,66819,2023-01-01,2023,1,15.0,50.0,3.5
NYC,2023-01-29,6,1,winter,58041,2023-01-01,2023,1,15.0,50.0,3.5
NYC,2023-01-30,0,0,winter,70436,2023-01-01,2023,1,15.0,50.0,3.5
NYC,2023-01-31,1,0,winter,57398,2023-01-01,2023,1,15.0,50.0,3.5
NYC,2023-02-01,2,0,winter,60429,2023-02-01,2023,2,15.0,50.0,3.5
NYC,2023-02-02,3,0,winter,63159,2023-02-01,2023,2,15.0,50.0,3.5
NYC,2023-02-03,4,0,winter,38062,2023-02-01,2023,2,15.0,50.0,3.5
NYC,2023-02-04,5,1,winter,24810,2023-02-01,2023,2,15.0,50.0,3.5
NYC,2023-02-05,6,1,winter,49842,2023-02-01,2023,2,15.0,50.0,3.5
NYC,2023-02-06,0,0,winter,64834,2023-02-01,2023,2,15.0,50.0,3.5
NYC,2023-02-07,1,0,winter,66106,2023-02-01,2023,2,15.0,50.0,3.5
NYC,2023-02-08,2,0,winter,78636,2023-02-01,2023,2,15.0,50.0,3.5
NYC,2023-02-09,3,0,winter,76063,2023-02-01,2023,2,15.0,50.0,3.5
NYC,2023-02-10,4,0,winter,83968,2023-02-01,2023,2,15.0,50.0,3.5
NYC,2023-02-11,5,1,winter,63800,2023-02-01,2023,2,15.0,50.0,3.5
NYC,2023-02-12,6,1,winter,55662,2023-02-01,2023,2,15.0,50.0,3.5
NYC,2023-02-13,0,0,winter,72025,2023-02-01,2023,2,15.0,50.0,3.5
NYC,2023-02-14,1,0,winter,78221,2023-02-01,2023,2,15.0,50.0,3.5
NYC,2023-02-15,2,0,winter,89040,2023-02-01,2023,2,15.0,50.0,3.5
NYC,2023-02-16,3,0,winter,74622,2023-02-01,2023,2,15.0,50.0,3.5
NYC,2023-02-17,4,0,winter,49586,2023-02-01,2023,2,15.0,50.0,3.5
NYC,2023-02-18,5,1,winter,52125,2023-02-01,2023,2,15.0,50.0,3.5
NYC,2023-02-19,6,1,winter,51309,2023-02-01,2023,2,15.0,50.0,3.5
NYC,2023-02-20,0,0,winter,70881,2023-02-01,2023,2,15.0,50.0,3.5
NYC,2023-02-21,1,0,winter,56225,2023-02-01,2023,2,15.0,50.0,3.5
NYC,2023-02-22,2,0,winter,54430,2023-02-01,2023,2,15.0,50.0,3.5
NYC,2023-02-23,3,0,winter,65595,2023-02-01,2023,2,15.0,50.0,3.5
NYC,2023-02-24,4,0,winter,59603,2023-02-01,2023,2,15.0,50.0,3.5
NYC,2023-02-25,5,1,winter,43325,2023-02-01,2023,2,15.0,50.0,3.5
NYC,2023-02-26,6,1,winter,54677,2023-02-01,2023,2,15.0,50.0,3.5
NYC,2023-02-27,0,0,winter,58387,2023-02-01,2023,2,15.0,50.0,3.5
NYC,2023-02-28,1,0,winter,40679,2023-02-01,2023,2,15.0,50.0,3.5
NYC,2023-03-01,2,0,spring,70245,2023-03-01,2023,3,15.0,50.0,3.5
NYC,2023-03-02,3,0,spring,73762,2023-03-01,2023,3,15.0,50.0,3.5
NYC,2023-03-03,4,0,spring,65344,2023-03-01,2023,3,15.0,50.0,3.5
NYC,2023-03-04,5,1,spring,56830,2023-03-01,2023,3,15.0,50.0,3.5
NYC,2023-03-05,6,1,spring,64785,2023-03-01,2023,3,15.0,50.0,3.5
NYC,2023-03-06,0,0,spring,72655,2023-03-01,2023,3,15.0,50.0,3.5
NYC,2023-03-07,1,0,spring,66677,2023-03-01,2023,3,15.0,50.0,3.5
NYC,2023-03-08,2,0,spring,71677,2023-03-01,2023,3,15.0,50.0,3.5
NYC,2023-03-09,3,0,spring,77315,2023-03-01,2023,3,15.0,50.0,3.5
NYC,2023-03-10,4,0,spring,59459,2023-03-01,2023,3,15.0,50.0,3.5
NYC,2023-03-11,5,1,spring,49164,2023-03-01,2023,3,15.0,50.0,3.5
NYC,2023-03-12,6,1,spring,56572,2023-03-01,2023,3,15.0,50.0,3.5
NYC,2023-03-13,0,0,spring,32823,2023-03-01,2023,3,15.0,50.0,3.5
NYC,2023-03-14,1,0,spring,39389,2023-03-01,2023,3,15.0,50.0,3.5
NYC,2023-03-15,2,0,spring,65666,2023-03-01,2023,3,15.0,50.0,3.5
NYC,2023-03-16,3,0,spring,83552,2023-03-01,2023,3,15.0,50.0,3.5
NYC,2023-03-17,4,0,spring,83168,2023-03-01,2023,3,15.0,50.0,3.5
NYC,2023-03-18,5,1,spring,74884,2023-03-01,2023,3,15.0,50.0,3.5
NYC,2023-03-19,6,1,spring,48544,2023-03-01,2023,3,15.0,50.0,3.5
NYC,2023-03-20,0,0,spring,68951,2023-03-01,2023,3,15.0,50.0,3.5
NYC,2023-03-21,1,0,spring,87909,2023-03-01,2023,3,15.0,50.0,3.5
NYC,2023-03-22,2,0,spring,87108,2023-03-01,2023,3,15.0,50.0,3.5
NYC,2023-03-23,3,0,spring,75326,2023-03-01,2023,3,15.0,50.0,3.5
NYC,2023-03-24,4,0,spring,77837,2023-03-01,2023,3,15.0,50.0,3.5
NYC,2023-03-25,5,1,spring,33016,2023-03-01,2023,3,15.0,50.0,3.5
NYC,2023-03-26,6,1,spring,88017,2023-03-01,2023,3,15.0,50.0,3.5
NYC,2023-03-27,0,0,spring,60781,2023-03-01,2023,3,15.0,50.0,3.5
NYC,2023-03-28,1,0,spring,79728,2023-03-01,2023,3,15.0,50.0,3.5
NYC,2023-03-29,2,0,spring,88659,2023-03-01,2023,3,15.0,50.0,3.5
NYC,2023-03-30,3,0,spring,76572,2023-03-01,2023,3,15.0,50.0,3.5
NYC,2023-03-31,4,0,spring,82899,2023-03-01,2023,3,15.0,50.0,3.5
NYC,2023-04-01,5,1,spring,71017,2023-04-01,2023,4,15.0,50.0,3.5
NYC,2023-04-02,6,1,spring,71359,2023-04-01,2023,4,15.0,50.0,3.5
NYC,2023-04-03,0,0,spring,84497,2023-04-01,2023,4,15.0,50.0,3.5
NYC,2023-04-04,1,0,spring,105089,2023-04-01,2023,4,15.0,50.0,3.5
NYC,2023-04-05,2,0,spring,71909,2023-04-01,2023,4,15.0,50.0,3.5
NYC,2023-04-06,3,0,spring,96521,2023-04-01,2023,4,15.0,50.0,3.5
NYC,2023-04-07,4,0,spring,81409,2023-04-01,2023,4,15.0,50.0,3.5
NYC,2023-04-08,5,1,spring,76972,2023-04-01,2023,4,15.0,50.0,3.5
NYC,2023-04-09,6,1,spring,69977,2023-04-01,2023,4,15.0,50.0,3.5
NYC,2023-04-10,0,0,spring,90059,2023-04-01,2023,4,15.0,50.0,3.5
NYC,2023-04-11,1,0,spring,104068,2023-04-01,2023,4,15.0,50.0,3.5
NYC,2023-04-12,2,0,spring,116111,2023-04-01,2023,4,15.0,50.0,3.5
NYC,2023-04-13,3,0,spring,119084,2023-04-01,2023,4,15.0,50.0,3.5
NYC,2023-04-14,4,0,spring,119795,2023-04-01,2023,4,15.0,50.0,3.5
NYC,2023-04-15,5,1,spring,101347,2023-04-01,2023,4,15.0,50.0,3.5
NYC,2023-04-16,6,1,spring,103606,2023-04-01,2023,4,15.0,50.0,3.5
NYC,2023-04-17,0,0,spring,91483,2023-04-01,2023,4,15.0,50.0,3.5
NYC,2023-04-18,1,0,spring,95749,2023-04-01,2023,4,15.0,50.0,3.5
NYC,2023-04-19,2,0,spring,105984,2023-04-01,2023,4,15.0,50.0,3.5
NYC,2023-04-20,3,0,spring,112930,2023-04-01,2023,4,15.0,50.0,3.5
NYC,2023-04-21,4,0,spring,114898,2023-04-01,2023,4,15.0,50.0,3.5
NYC,2023-04-22,5,1,spring,113574,2023-04-01,2023,4,15.0,50.0,3.5
NYC,2023-04-23,6,1,spring,87659,2023-04-01,2023,4,15.0,50.0,3.5
NYC,2023-04-24,0,0,spring,99309,2023-04-01,2023,4,15.0,50.0,3.5
NYC,2023-04-25,1,0,spring,105667,2023-04-01,2023,4,15.0,50.0,3.5
NYC,2023-04-26,2,0,spring,108439,2023-04-01,2023,4,15.0,50.0,3.5
NYC,2023-04-27,3,0,spring,102800,2023-04-01,2023,4,15.0,50.0,3.5
NYC,2023-04-28,4,0,spring,85441,2023-04-01,2023,4,15.0,50.0,3.5
NYC,2023-04-29,5,1,spring,17757,2023-04-01,2023,4,15.0,50.0,3.5
NYC,2023-04-30,6,1,spring,24850,2023-04-01,2023,4,15.0,50.0,3.5
NYC,2023-05-01,0,0,spring,101379,2023-05-01,2023,5,15.0,50.0,3.5
NYC,2023-05-02,1,0,spring,89627,2023-05-01,2023,5,15.0,50.0,3.5
NYC,2023-05-03,2,0,spring,101459,2023-05-01,2023,5,15.0,50.0,3.5
NYC,2023-05-04,3,0,spring,91869,2023-05-01,2023,5,15.0,50.0,3.5
NYC,2023-05-05,4,0,spring,111833,2023-05-01,2023,5,15.0,50.0,3.5
NYC,2023-05-06,5,1,spring,123342,2023-05-01,2023,5,15.0,50.0,3.5
NYC,2023-05-07,6,1,spring,113016,2023-05-01,2023,5,15.0,50.0,3.5
NYC,2023-05-08,0,0,spring,114674,2023-05-01,2023,5,15.0,50.0,3.5
NYC,2023-05-09,1,0,spring,115179,2023-05-01,2023,5,15.0,50.0,3.5
NYC,2023-05-10,2,0,spring,122962,2023-05-01,2023,5,15.0,50.0,3.5
NYC,2023-05-11,3,0,spring,128207,2023-05-01,2023,5,15.0,50.0,3.5
NYC,2023-05-12,4,0,spring,128990,2023-05-01,2023,5,15.0,50.0,3.5
NYC,2023-05-13,5,1,spring,121616,2023-05-01,2023,5,15.0,50.0,3.5
NYC,2023-05-14,6,1,spring,106878,2023-05-01,2023,5,15.0,50.0,3.5
NYC,2023-05-15,0,0,spring,114737,2023-05-01,2023,5,15.0,50.0,3.5
NYC,2023-05-16,1,0,spring,121382,2023-05-01,2023,5,15.0,50.0,3.5
NYC,2023-05-17,2,0,spring,115683,2023-05-01,2023,5,15.0,50.0,3.5
NYC,2023-05-18,3,0,spring,114683,2023-05-01,2023,5,15.0,50.0,3.5
NYC,2023-05-19,4,0,spring,119816,2023-05-01,2023,5,15.0,50.0,3.5
NYC,2023-05-20,5,1,spring,44963,2023-05-01,2023,5,15.0,50.0,3.5
NYC,2023-05-21,6,1,spring,114250,2023-05-01,2023,5,15.0,50.0,3.5
NYC,2023-05-22,0,0,spring,113843,2023-05-01,2023,5,15.0,50.0,3.5
NYC,2023-05-23,1,0,spring,121951,2023-05-01,2023,5,15.0,50.0,3.5
NYC,2023-05-24,2,0,spring,116304,2023-05-01,2023,5,15.0,50.0,3.5
NYC,2023-05-25,3,0,spring,122183,2023-05-01,2023,5,15.0,50.0,3.5
NYC,2023-05-26,4,0,spring,121286,2023-05-01,2023,5,15.0,50.0,3.5
NYC,2023-05-27,5,1,spring,106001,2023-05-01,2023,5,15.0,50.0,3.5
NYC,2023-05-28,6,1,spring,99199,2023-05-01,2023,5,15.0,50.0,3.5
NYC,2023-05-29,0,0,spring,102591,2023-05-01,2023,5,15.0,50.0,3.5
NYC,2023-05-30,1,0,spring,111933,2023-05-01,2023,5,15.0,50.0,3.5
NYC,2023-05-31,2,0,spring,121740,2023-05-01,2023,5,15.0,50.0,3.5
NYC,2023-06-01,3,0,summer,126625,2023-06-01,2023,6,15.0,50.0,3.5
NYC,2023-06-02,4,0,summer,111697,2023-06-01,2023,6,15.0,50.0,3.5
NYC,2023-06-03,5,1,summer,106088,2023-06-01,2023,6,15.0,50.0,3.5
NYC,2023-06-04,6,1,summer,103370,2023-06-01,2023,6,15.0,50.0,3.5
NYC,2023-06-05,0,0,summer,115089,2023-06-01,2023,6,15.0,50.0,3.5
NYC,2023-06-06,1,0,summer,112238,2023-06-01,2023,6,15.0,50.0,3.5
NYC,2023-06-07,2,0,summer,92204,2023-06-01,2023,6,15.0,50.0,3.5
NYC,2023-06-08,3,0,summer,96648,2023-06-01,2023,6,15.0,50.0,3.5
NYC,2023-06-09,4,0,summer,112979,2023-06-01,2023,6,15.0,50.0,3.5
NYC,2023-06-10,5,1,summer,122366,2023-06-01,2023,6,15.0,50.0,3.5
NYC,2023-06-11,6,1,summer,108537,2023-06-01,2023,6,15.0,50.0,3.5
NYC,2023-06-12,0,0,summer,97169,2023-06-01,2023,6,15.0,50.0,3.5
NYC,2023-06-13,1,0,summer,131625,2023-06-01,2023,6,15.0,50.0,3.5
NYC,2023-06-14,2,0,summer,117194,2023-06-01,2023,6,15.0,50.0,3.5
NYC,2023-06-15,3,0,summer,134699,2023-06-01,2023,6,15.0,50.0,3.5
NYC,2023-06-16,4,0,summer,106060,2023-06-01,2023,6,15.0,50.0,3.5
NYC,2023-06-17,5,1,summer,116722,2023-06-01,2023,6,15.0,50.0,3.5
NYC,2023-06-18,6,1,summer,110799,2023-06-01,2023,6,15.0,50.0,3.5
NYC,2023-06-19,0,0,summer,120446,2023-06-01,2023,6,15.0,50.0,3.5
NYC,2023-06-20,1,0,summer,128543,2023-06-01,2023,6,15.0,50.0,3.5
NYC,2023-06-21,2,0,summer,132181,2023-06-01,2023,6,15.0,50.0,3.5
NYC,2023-06-22,3,0,summer,116802,2023-06-01,2023,6,15.0,50.0,3.5
NYC,2023-06-23,4,0,summer,107756,2023-06-01,2023,6,15.0,50.0,3.5
NYC,2023-06-24,5,1,summer,111105,2023-06-01,2023,6,15.0,50.0,3.5
NYC,2023-06-25,6,1,summer,116563,2023-06-01,2023,6,15.0,50.0,3.5
NYC,2023-06-26,0,0,summer,102260,2023-06-01,2023,6,15.0,50.0,3.5
NYC,2023-06-27,1,0,summer,119027,2023-06-01,2023,6,15.0,50.0,3.5
NYC,2023-06-28,2,0,summer,131118,2023-06-01,2023,6,15.0,50.0,3.5
NYC,2023-06-29,3,0,summer,130450,2023-06-01,2023,6,15.0,50.0,3.5
NYC,2023-06-30,4,0,summer,113509,2023-06-01,2023,6,15.0,50.0,3.5
NYC,2023-07-01,5,1,summer,108009,2023-07-01,2023,7,15.0,50.0,3.5
NYC,2023-07-02,6,1,summer,82889,2023-07-01,2023,7,15.0,50.0,3.5
NYC,2023-07-03,0,0,summer,96964,2023-07-01,2023,7,15.0,50.0,3.5
NYC,2023-07-04,1,0,summer,83861,2023-07-01,2023,7,15.0,50.0,3.5
NYC,2023-07-05,2,0,summer,115627,2023-07-01,2023,7,15.0,50.0,3.5
NYC,2023-07-06,3,0,summer,122815,2023-07-01,2023,7,15.0,50.0,3.5
NYC,2023-07-07,4,0,summer,123060,2023-07-01,2023,7,15.0,50.0,3.5
NYC,2023-07-08,5,1,summer,116622,2023-07-01,2023,7,15.0,50.0,3.5
NYC,2023-07-09,6,1,summer,88395,2023-07-01,2023,7,15.0,50.0,3.5
NYC,2023-07-10,0,0,summer,123444,2023-07-01,2023,7,15.0,50.0,3.5
NYC,2023-07-11,1,0,summer,133639,2023-07-01,2023,7,15.0,50.0,3.5
NYC,2023-07-12,2,0,summer,133524,2023-07-01,2023,7,15.0,50.0,3.5
NYC,2023-07-13,3,0,summer,131736,2023-07-01,2023,7,15.0,50.0,3.5
NYC,2023-07-14,4,0,summer,106568,2023-07-01,2023,7,15.0,50.0,3.5
NYC,2023-07-15,5,1,summer,110252,2023-07-01,2023,7,15.0,50.0,3.5
NYC,2023-07-16,6,1,summer,65329,2023-07-01,2023,7,15.0,50.0,3.5
NYC,2023-07-17,0,0,summer,124908,2023-07-01,2023,7,15.0,50.0,3.5
NYC,2023-07-18,1,0,summer,122677,2023-07-01,2023,7,15.0,50.0,3.5
NYC,2023-07-19,2,0,summer,132153,2023-07-01,2023,7,15.0,50.0,3.5
NYC,2023-07-20,3,0,summer,139790,2023-07-01,2023,7,15.0,50.0,3.5
NYC,2023-07-21,4,0,summer,125519,2023-07-01,2023,7,15.0,50.0,3.5
NYC,2023-07-22,5,1,summer,133546,2023-07-01,2023,7,15.0,50.0,3.5
NYC,2023-07-23,6,1,summer,122644,2023-07-01,2023,7,15.0,50.0,3.5
NYC,2023-07-24,0,0,summer,125835,2023-07-01,2023,7,15.0,50.0,3.5
NYC,2023-07-25,1,0,summer,111881,2023-07-01,2023,7,15.0,50.0,3.5
NYC,2023-07-26,2,0,summer,143195,2023-07-01,2023,7,15.0,50.0,3.5
NYC,2023-07-27,3,0,summer,128564,2023-07-01,2023,7,15.0,50.0,3.5
NYC,2023-07-28,4,0,summer,125861,2023-07-01,2023,7,15.0,50.0,3.5
NYC,2023-07-29,5,1,summer,120530,2023-07-01,2023,7,15.0,50.0,3.5
NYC,2023-07-30,6,1,summer,128839,2023-07-01,2023,7,15.0,50.0,3.5
NYC,2023-07-31,0,0,summer,130696,2023-07-01,2023,7,15.0,50.0,3.5
NYC,2023-08-01,1,0,summer,142719,2023-08-01,2023,8,15.0,50.0,3.5
NYC,2023-08-02,2,0,summer,145031,2023-08-01,2023,8,15.0,50.0,3.5
NYC,2023-08-03,3,0,summer,140384,2023-08-01,2023,8,15.0,50.0,3.5
NYC,2023-08-04,4,0,summer,128902,2023-08-01,2023,8,15.0,50.0,3.5
NYC,2023-08-05,5,1,summer,138541,2023-08-01,2023,8,15.0,50.0,3.5
NYC,2023-08-06,6,1,summer,124173,2023-08-01,2023,8,15.0,50.0,3.5
NYC,2023-08-07,0,0,summer,99576,2023-08-01,2023,8,15.0,50.0,3.5
NYC,2023-08-08,1,0,summer,133800,2023-08-01,2023,8,15.0,50.0,3.5
NYC,2023-08-09,2,0,summer,141670,2023-08-01,2023,8,15.0,50.0,3.5
NYC,2023-08-10,3,0,summer,90453,2023-08-01,2023,8,15.0,50.0,3.5
NYC,2023-08-11,4,0,summer,136765,2023-08-01,2023,8,15.0,50.0,3.5
NYC,2023-08-12,5,1,summer,133309,2023-08-01,2023,8,15.0,50.0,3.5
NYC,2023-08-13,6,1,summer,117850,2023-08-01,2023,8,15.0,50.0,3.5
NYC,2023-08-14,0,0,summer,123818,2023-08-01,2023,8,15.0,50.0,3.5
NYC,2023-08-15,1,0,summer,129584,2023-08-01,2023,8,15.0,50.0,3.5
NYC,2023-08-16,2,0,summer,136597,2023-08-01,2023,8,15.0,50.0,3.5
NYC,2023-08-17,3,0,summer,132511,2023-08-01,2023,8,15.0,50.0,3.5
NYC,2023-08-18,4,0,summer,128371,2023-08-01,2023,8,15.0,50.0,3.5
NYC,2023-08-19,5,1,summer,144790,2023-08-01,2023,8,15.0,50.0,3.5
NYC,2023-08-20,6,1,summer,119717,2023-08-01,2023,8,15.0,50.0,3.5
NYC,2023-08-21,0,0,summer,122327,2023-08-01,2023,8,15.0,50.0,3.5
NYC,2023-08-22,1,0,summer,136933,2023-08-01,2023,8,15.0,50.0,3.5
NYC,2023-08-23,2,0,summer,137635,2023-08-01,2023,8,15.0,50.0,3.5
NYC,2023-08-24,3,0,summer,101813,2023-08-01,2023,8,15.0,50.0,3.5
NYC,2023-08-25,4,0,summer,99289,2023-08-01,2023,8,15.0,50.0,3.5
NYC,2023-08-26,5,1,summer,125757,2023-08-01,2023,8,15.0,50.0,3.5
NYC,2023-08-27,6,1,summer,125927,2023-08-01,2023,8,15.0,50.0,3.5
NYC,2023-08-28,0,0,summer,122169,2023-08-01,2023,8,15.0,50.0,3.5
NYC,2023-08-29,1,0,summer,135148,2023-08-01,2023,8,15.0,50.0,3.5
NYC,2023-08-30,2,0,summer,130677,2023-08-01,2023,8,15.0,50.0,3.5
NYC,2023-08-31,3,0,summer,137970,2023-08-01,2023,8,15.0,50.0,3.5
NYC,2023-09-01,4,0,fall,128004,2023-09-01,2023,9,15.0,50.0,3.5
NYC,2023-09-02,5,1,fall,119190,2023-09-01,2023,9,15.0,50.0,3.5
NYC,2023-09-03,6,1,fall,111962,2023-09-01,2023,9,15.0,50.0,3.5
NYC,2023-09-04,0,0,fall,111239,2023-09-01,2023,9,15.0,50.0,3.5
NYC,2023-09-05,1,0,fall,133181,2023-09-01,2023,9,15.0,50.0,3.5
NYC,2023-09-06,2,0,fall,141277,2023-09-01,2023,9,15.0,50.0,3.5
NYC,2023-09-07,3,0,fall,144722,2023-09-01,2023,9,15.0,50.0,3.5
NYC,2023-09-08,4,0,fall,120672,2023-09-01,2023,9,15.0,50.0,3.5
NYC,2023-09-09,5,1,fall,126046,2023-09-01,2023,9,15.0,50.0,3.5
NYC,2023-09-10,6,1,fall,85813,2023-09-01,2023,9,15.0,50.0,3.5
NYC,2023-09-11,0,0,fall,111357,2023-09-01,2023,9,15.0,50.0,3.5
NYC,2023-09-12,1,0,fall,155945,2023-09-01,2023,9,15.0,50.0,3.5
NYC,2023-09-13,2,0,fall,144020,2023-09-01,2023,9,15.0,50.0,3.5
NYC,2023-09-14,3,0,fall,156602,2023-09-01,2023,9,15.0,50.0,3.5
NYC,2023-09-15,4,0,fall,145855,2023-09-01,2023,9,15.0,50.0,3.5
NYC,2023-09-16,5,1,fall,144020,2023-09-01,2023,9,15.0,50.0,3.5
NYC,2023-09-17,6,1,fall,124955,2023-09-01,2023,9,15.0,50.0,3.5
NYC,2023-09-18,0,0,fall,59963,2023-09-01,2023,9,15.0,50.0,3.5
NYC,2023-09-19,1,0,fall,152304,2023-09-01,2023,9,15.0,50.0,3.5
NYC,2023-09-20,2,0,fall,156146,2023-09-01,2023,9,15.0,50.0,3.5
NYC,2023-09-21,3,0,fall,153216,2023-09-01,2023,9,15.0,50.0,3.5
NYC,2023-09-22,4,0,fall,149025,2023-09-01,2023,9,15.0,50.0,3.5
NYC,2023-09-23,5,1,fall,36069,2023-09-01,2023,9,15.0,50.0,3.5
NYC,2023-09-24,6,1,fall,34864,2023-09-01,2023,9,15.0,50.0,3.5
NYC,2023-09-25,0,0,fall,43306,2023-09-01,2023,9,15.0,50.0,3.5
NYC,2023-09-26,1,0,fall,84023,2023-09-01,2023,9,15.0,50.0,3.5
NYC,2023-09-27,2,0,fall,138161,2023-09-01,2023,9,15.0,50.0,3.5
NYC,2023-09-28,3,0,fall,107534,2023-09-01,2023,9,15.0,50.0,3.5
NYC,2023-09-29,4,0,fall,49184,2023-09-01,2023,9,15.0,50.0,3.5
NYC,2023-09-30,5,1,fall,103003,2023-09-01,2023,9,15.0,50.0,3.5
NYC,2023-10-01,6,1,fall,131759,2023-10-01,2023,10,15.0,50.0,3.5
NYC,2023-10-02,0,0,fall,135723,2023-10-01,2023,10,15.0,50.0,3.5
NYC,2023-10-03,1,0,fall,146954,2023-10-01,2023,10,15.0,50.0,3.5
NYC,2023-10-04,2,0,fall,150221,2023-10-01,2023,10,15.0,50.0,3.5
NYC,2023-10-05,3,0,fall,148575,2023-10-01,2023,10,15.0,50.0,3.5
NYC,2023-10-06,4,0,fall,122027,2023-10-01,2023,10,15.0,50.0,3.5
NYC,2023-10-07,5,1,fall,69256,2023-10-01,2023,10,15.0,50.0,3.5
NYC,2023-10-08,6,1,fall,105367,2023-10-01,2023,10,15.0,50.0,3.5
NYC,2023-10-09,0,0,fall,108174,2023-10-01,2023,10,15.0,50.0,3.5
NYC,2023-10-10,1,0,fall,128697,2023-10-01,2023,10,15.0,50.0,3.5
NYC,2023-10-11,2,0,fall,142506,2023-10-01,2023,10,15.0,50.0,3.5
NYC,2023-10-12,3,0,fall,142986,2023-10-01,2023,10,15.0,50.0,3.5
NYC,2023-10-13,4,0,fall,137237,2023-10-01,2023,10,15.0,50.0,3.5
NYC,2023-10-14,5,1,fall,42586,2023-10-01,2023,10,15.0,50.0,3.5
NYC,2023-10-15,6,1,fall,106679,2023-10-01,2023,10,15.0,50.0,3.5
NYC,2023-10-16,0,0,fall,120965,2023-10-01,2023,10,15.0,50.0,3.5
NYC,2023-10-17,1,0,fall,133573,2023-10-01,2023,10,15.0,50.0,3.5
NYC,2023-10-18,2,0,fall,137017,2023-10-01,2023,10,15.0,50.0,3.5
NYC,2023-10-19,3,0,fall,140078,2023-10-01,2023,10,15.0,50.0,3.5
NYC,2023-10-20,4,0,fall,62424,2023-10-01,2023,10,15.0,50.0,3.5
NYC,2023-10-21,5,1,fall,95466,2023-10-01,2023,10,15.0,50.0,3.5
NYC,2023-10-22,6,1,fall,100249,2023-10-01,2023,10,15.0,50.0,3.5
NYC,2023-10-23,0,0,fall,116287,2023-10-01,2023,10,15.0,50.0,3.5
NYC,2023-10-24,1,0,fall,133437,2023-10-01,2023,10,15.0,50.0,3.5
NYC,2023-10-25,2,0,fall,142337,2023-10-01,2023,10,15.0,50.0,3.5
NYC,2023-10-26,3,0,fall,150134,2023-10-01,2023,10,15.0,50.0,3.5
NYC,2023-10-27,4,0,fall,147911,2023-10-01,2023,10,15.0,50.0,3.5
NYC,2023-10-28,5,1,fall,157773,2023-10-01,2023,10,15.0,50.0,3.5
NYC,2023-10-29,6,1,fall,50161,2023-10-01,2023,10,15.0,50.0,3.5
NYC,2023-10-30,0,0,fall,99675,2023-10-01,2023,10,15.0,50.0,3.5
NYC,2023-10-31,1,0,fall,118381,2023-10-01,2023,10,15.0,50.0,3.5
NYC,2023-11-01,2,0,fall,101059,2023-11-01,2023,11,15.0,50.0,3.5
NYC,2023-11-02,3,0,fall,109272,2023-11-01,2023,11,15.0,50.0,3.5
NYC,2023-11-03,4,0,fall,115346,2023-11-01,2023,11,15.0,50.0,3.5
NYC,2023-11-04,5,1,fall,112557,2023-11-01,2023,11,15.0,50.0,3.5
NYC,2023-11-05,6,1,fall,112478,2023-11-01,2023,11,15.0,50.0,3.5
NYC,2023-11-06,0,0,fall,106694,2023-11-01,2023,11,15.0,50.0,3.5
NYC,2023-11-07,1,0,fall,117996,2023-11-01,2023,11,15.0,50.0,3.5
NYC,2023-11-08,2,0,fall,110773,2023-11-01,2023,11,15.0,50.0,3.5
NYC,2023-11-09,3,0,fall,118304,2023-11-01,2023,11,15.0,50.0,3.5
NYC,2023-11-10,4,0,fall,108767,2023-11-01,2023,11,15.0,50.0,3.5
NYC,2023-11-11,5,1,fall,103495,2023-11-01,2023,11,15.0,50.0,3.5
NYC,2023-11-12,6,1,fall,78891,2023-11-01,2023,11,15.0,50.0,3.5
NYC,2023-11-13,0,0,fall,94990,2023-11-01,2023,11,15.0,50.0,3.5
NYC,2023-11-14,1,0,fall,105824,2023-11-01,2023,11,15.0,50.0,3.5
NYC,2023-11-15,2,0,fall,111285,2023-11-01,2023,11,15.0,50.0,3.5
NYC,2023-11-16,3,0,fall,123215,2023-11-01,2023,11,15.0,50.0,3.5
NYC,2023-11-17,4,0,fall,128534,2023-11-01,2023,11,15.0,50.0,3.5
NYC,2023-11-18,5,1,fall,97725,2023-11-01,2023,11,15.0,50.0,3.5
NYC,2023-11-19,6,1,fall,87594,2023-11-01,2023,11,15.0,50.0,3.5
NYC,2023-11-20,0,0,fall,88771,2023-11-01,2023,11,15.0,50.0,3.5
NYC,2023-11-21,1,0,fall,60487,2023-11-01,2023,11,15.0,50.0,3.5
NYC,2023-11-22,2,0,fall,82338,2023-11-01,2023,11,15.0,50.0,3.5
NYC,2023-11-23,3,0,fall,44463,2023-11-01,2023,11,15.0,50.0,3.5
NYC,2023-11-24,4,0,fall,53357,2023-11-01,2023,11,15.0,50.0,3.5
NYC,2023-11-25,5,1,fall,52946,2023-11-01,2023,11,15.0,50.0,3.5
NYC,2023-11-26,6,1,fall,45249,2023-11-01,2023,11,15.0,50.0,3.5
NYC,2023-11-27,0,0,fall,86484,2023-11-01,2023,11,15.0,50.0,3.5
NYC,2023-11-28,1,0,fall,80420,2023-11-01,2023,11,15.0,50.0,3.5
NYC,2023-11-29,2,0,fall,80297,2023-11-01,2023,11,15.0,50.0,3.5
NYC,2023-11-30,3,0,fall,97239,2023-11-01,2023,11,15.0,50.0,3.5
NYC,2023-12-01,4,0,winter,66006,2023-12-01,2023,12,,,
NYC,2023-12-02,5,1,winter,101857,2023-12-01,2023,12,,,
NYC,2023-12-03,6,1,winter,34997,2023-12-01,2023,12,,,
NYC,2023-12-04,0,0,winter,95204,2023-12-01,2023,12,,,
NYC,2023-12-05,1,0,winter,95113,2023-12-01,2023,12,,,
NYC,2023-12-06,2,0,winter,90069,2023-12-01,2023,12,,,
NYC,2023-12-07,3,0,winter,85795,2023-12-01,2023,12,,,
NYC,2023-12-08,4,0,winter,98371,2023-12-01,2023,12,,,
NYC,2023-12-09,5,1,winter,102005,2023-12-01,2023,12,,,
NYC,2023-12-10,6,1,winter,43386,2023-12-01,2023,12,,,
NYC,2023-12-11,0,0,winter,68421,2023-12-01,2023,12,,,
NYC,2023-12-12,1,0,winter,90578,2023-12-01,2023,12,,,
NYC,2023-12-13,2,0,winter,94172,2023-12-01,2023,12,,,
NYC,2023-12-14,3,0,winter,90282,2023-12-01,2023,12,,,
NYC,2023-12-15,4,0,winter,102753,2023-12-01,2023,12,,,
NYC,2023-12-16,5,1,winter,94905,2023-12-01,2023,12,,,
NYC,2023-12-17,6,1,winter,55192,2023-12-01,2023,12,,,
NYC,2023-12-18,0,0,winter,57682,2023-12-01,2023,12,,,
NYC,2023-12-19,1,0,winter,81261,2023-12-01,2023,12,,,
NYC,2023-12-20,2,0,winter,80591,2023-12-01,2023,12,,,
NYC,2023-12-21,3,0,winter,75004,2023-12-01,2023,12,,,
NYC,2023-12-22,4,0,winter,63554,2023-12-01,2023,12,,,
NYC,2023-12-23,5,1,winter,49496,2023-12-01,2023,12,,,
NYC,2023-12-24,6,1,winter,39368,2023-12-01,2023,12,,,
NYC,2023-12-25,0,0,winter,29935,2023-12-01,2023,12,,,
NYC,2023-12-26,1,0,winter,50807,2023-12-01,2023,12,,,
NYC,2023-12-27,2,0,winter,42288,2023-12-01,2023,12,,,
NYC,2023-12-28,3,0,winter,46808,2023-12-01,2023,12,,,
NYC,2023-12-29,4,0,winter,69036,2023-12-01,2023,12,,,
NYC,2023-12-30,5,1,winter,56099,2023-12-01,2023,12,,,
NYC,2023-12-31,6,1,winter,410,2023-12-01,2023,12,,,
NYC,2023-12-31,6,1,winter,53425,2023-12-01,2023,12,,,
NYC,2024-01-01,0,0,winter,47278,2024-01-01,2024,1,15.0,50.0,3.5
NYC,2024-01-02,1,0,winter,68149,2024-01-01,2024,1,15.0,50.0,3.5
NYC,2024-01-03,2,0,winter,76559,2024-01-01,2024,1,15.0,50.0,3.5
NYC,2024-01-04,3,0,winter,77481,2024-01-01,2024,1,15.0,50.0,3.5
NYC,2024-01-05,4,0,winter,72462,2024-01-01,2024,1,15.0,50.0,3.5
NYC,2024-01-06,5,1,winter,43303,2024-01-01,2024,1,15.0,50.0,3.5
NYC,2024-01-07,6,1,winter,35678,2024-01-01,2024,1,15.0,50.0,3.5
NYC,2024-01-08,0,0,winter,78486,2024-01-01,2024,1,15.0,50.0,3.5
NYC,2024-01-09,1,0,winter,43043,2024-01-01,2024,1,15.0,50.0,3.5
NYC,2024-01-10,2,0,winter,81677,2024-01-01,2024,1,15.0,50.0,3.5
NYC,2024-01-11,3,0,winter,89191,2024-01-01,2024,1,15.0,50.0,3.5
NYC,2024-01-12,4,0,winter,86113,2024-01-01,2024,1,15.0,50.0,3.5
NYC,2024-01-13,5,1,winter,63877,2024-01-01,2024,1,15.0,50.0,3.5
NYC,2024-01-14,6,1,winter,48901,2024-01-01,2024,1,15.0,50.0,3.5
NYC,2024-01-15,0,0,winter,45568,2024-01-01,2024,1,15.0,50.0,3.5
NYC,2024-01-16,1,0,winter,27367,2024-01-01,2024,1,15.0,50.0,3.5
NYC,2024-01-17,2,0,winter,42792,2024-01-01,2024,1,15.0,50.0,3.5
NYC,2024-01-18,3,0,winter,55542,2024-01-01,2024,1,15.0,50.0,3.5
NYC,2024-01-19,4,0,winter,44055,2024-01-01,2024,1,15.0,50.0,3.5
NYC,2024-01-20,5,1,winter,37219,2024-01-01,2024,1,15.0,50.0,3.5
NYC,2024-01-21,6,1,winter,36317,2024-01-01,2024,1,15.0,50.0,3.5
NYC,2024-01-22,0,0,winter,61067,2024-01-01,2024,1,15.0,50.0,3.5
NYC,2024-01-23,1,0,winter,70660,2024-01-01,2024,1,15.0,50.0,3.5
NYC,2024-01-24,2,0,winter,65912,2024-01-01,2024,1,15.0,50.0,3.5
NYC,2024-01-25,3,0,winter,74927,2024-01-01,2024,1,15.0,50.0,3.5
NYC,2024-01-26,4,0,winter,72363,2024-01-01,2024,1,15.0,50.0,3.5
NYC,2024-01-27,5,1,winter,80215,2024-01-01,2024,1,15.0,50.0,3.5
NYC,2024-01-28,6,1,winter,29745,2024-01-01,2024,1,15.0,50.0,3.5
NYC,2024-01-29,0,0,winter,70788,2024-01-01,2024,1,15.0,50.0,3.5
NYC,2024-01-30,1,0,winter,78298,2024-01-01,2024,1,15.0,50.0,3.5
NYC,2024-01-31,2,0,winter,82875,2024-01-01,2024,1,15.0,50.0,3.5
NYC,2024-02-01,3,0,winter,87684,2024-02-01,2024,2,15.0,50.0,3.5
NYC,2024-02-02,4,0,winter,68657,2024-02-01,2024,2,15.0,50.0,3.5
NYC,2024-02-03,5,1,winter,72406,2024-02-01,2024,2,15.0,50.0,3.5
NYC,2024-02-04,6,1,winter,66355,2024-02-01,2024,2,15.0,50.0,3.5
NYC,2024-02-05,0,0,winter,77096,2024-02-01,2024,2,15.0,50.0,3.5
NYC,2024-02-06,1,0,winter,82089,2024-02-01,2024,2,15.0,50.0,3.5
NYC,2024-02-07,2,0,winter,89675,2024-02-01,2024,2,15.0,50.0,3.5
NYC,2024-02-08,3,0,winter,94956,2024-02-01,2024,2,15.0,50.0,3.5
NYC,2024-02-09,4,0,winter,97180,2024-02-01,2024,2,15.0,50.0,3.5
NYC,2024-02-10,5,1,winter,94613,2024-02-01,2024,2,15.0,50.0,3.5
NYC,2024-02-11,6,1,winter,77021,2024-02-01,2024,2,15.0,50.0,3.5
NYC,2024-02-12,0,0,winter,83782,2024-02-01,2024,2,15.0,50.0,3.5
NYC,2024-02-13,1,0,winter,32027,2024-02-01,2024,2,15.0,50.0,3.5
NYC,2024-02-14,2,0,winter,70914,2024-02-01,2024,2,15.0,50.0,3.5
NYC,2024-02-15,3,0,winter,75489,2024-02-01,2024,2,15.0,50.0,3.5
NYC,2024-02-16,4,0,winter,75525,2024-02-01,2024,2,15.0,50.0,3.5
NYC,2024-02-17,5,1,winter,38120,2024-02-01,2024,2,15.0,50.0,3.5
NYC,2024-02-18,6,1,winter,46431,2024-02-01,2024,2,15.0,50.0,3.5
NYC,2024-02-19,0,0,winter,58486,2024-02-01,2024,2,15.0,50.0,3.5
NYC,2024-02-20,1,0,winter,68481,2024-02-01,2024,2,15.0,50.0,3.5
NYC,2024-02-21,2,0,winter,74391,2024-02-01,2024,2,15.0,50.0,3.5
NYC,2024-02-22,3,0,winter,71243,2024-02-01,2024,2,15.0,50.0,3.5
NYC,2024-02-23,4,0,winter,76264,2024-02-01,2024,2,15.0,50.0,3.5
NYC,2024-02-24,5,1,winter,72199,2024-02-01,2024,2,15.0,50.0,3.5
NYC,2024-02-25,6,1,winter,57215,2024-02-01,2024,2,15.0,50.0,3.5
NYC,2024-02-26,0,0,winter,83197,2024-02-01,2024,2,15.0,50.0,3.5
NYC,2024-02-27,1,0,winter,78440,2024-02-01,2024,2,15.0,50.0,3.5
NYC,2024-02-28,2,0,winter,67603,2024-02-01,2024,2,15.0,50.0,3.5
NYC,2024-02-29,3,0,winter,83967,2024-02-01,2024,2,15.0,50.0,3.5
NYC,2024-03-01,4,0,spring,85713,2024-03-01,2024,3,15.0,50.0,3.5
NYC,2024-03-02,5,1,spring,28103,2024-03-01,2024,3,15.0,50.0,3.5
NYC,2024-03-03,6,1,spring,112070,2024-03-01,2024,3,15.0,50.0,3.5
NYC,2024-03-04,0,0,spring,95457,2024-03-01,2024,3,15.0,50.0,3.5
NYC,2024-03-05,1,0,spring,50173,2024-03-01,2024,3,15.0,50.0,3.5
NYC,2024-03-06,2,0,spring,53319,2024-03-01,2024,3,15.0,50.0,3.5
NYC,2024-03-07,3,0,spring,93068,2024-03-01,2024,3,15.0,50.0,3.5
NYC,2024-03-08,4,0,spring,103619,2024-03-01,2024,3,15.0,50.0,3.5
NYC,2024-03-09,5,1,spring,42144,2024-03-01,2024,3,15.0,50.0,3.5
NYC,2024-03-10,6,1,spring,61785,2024-03-01,2024,3,15.0,50.0,3.5
NYC,2024-03-11,0,0,spring,80140,2024-03-01,2024,3,15.0,50.0,3.5
NYC,2024-03-12,1,0,spring,117835,2024-03-01,2024,3,15.0,50.0,3.5
NYC,2024-03-13,2,0,spring,119014,2024-03-01,2024,3,15.0,50.0,3.5
NYC,2024-03-14,3,0,spring,132462,2024-03-01,2024,3,15.0,50.0,3.5
NYC,2024-03-15,4,0,spring,121859,2024-03-01,2024,3,15.0,50.0,3.5
NYC,2024-03-16,5,1,spring,112263,2024-03-01,2024,3,15.0,50.0,3.5
NYC,2024-03-17,6,1,spring,100080,2024-03-01,2024,3,15.0,50.0,3.5
NYC,2024-03-18,0,0,spring,90290,2024-03-01,2024,3,15.0,50.0,3.5
NYC,2024-03-19,1,0,spring,90166,2024-03-01,2024,3,15.0,50.0,3.5
NYC,2024-03-20,2,0,spring,89491,2024-03-01,2024,3,15.0,50.0,3.5
NYC,2024-03-21,3,0,spring,82456,2024-03-01,2024,3,15.0,50.0,3.5
NYC,2024-03-22,4,0,spring,84073,2024-03-01,2024,3,15.0,50.0,3.5
NYC,2024-03-23,5,1,spring,23411,2024-03-01,2024,3,15.0,50.0,3.5
NYC,2024-03-24,6,1,spring,70900,2024-03-01,2024,3,15.0,50.0,3.5
NYC,2024-03-25,0,0,spring,90886,2024-03-01,2024,3,15.0,50.0,3.5
NYC,2024-03-26,1,0,spring,102022,2024-03-01,2024,3,15.0,50.0,3.5
NYC,2024-03-27,2,0,spring,93177,2024-03-01,2024,3,15.0,50.0,3.5
NYC,2024-03-28,3,0,spring,54511,2024-03-01,2024,3,15.0,50.0,3.5
NYC,2024-03-29,4,0,spring,97096,2024-03-01,2024,3,15.0,50.0,3.5
NYC,2024-03-30,5,1,spring,95017,2024-03-01,2024,3,15.0,50.0,3.5
NYC,2024-03-31,6,1,spring,90816,2024-03-01,2024,3,15.0,50.0,3.5
NYC,2024-04-01,0,0,spring,87132,2024-04-01,2024,4,15.0,50.0,3.5
NYC,2024-04-02,1,0,spring,40337,2024-04-01,2024,4,15.0,50.0,3.5
NYC,2024-04-03,2,0,spring,26555,2024-04-01,2024,4,15.0,50.0,3.5
NYC,2024-04-04,3,0,spring,96919,2024-04-01,2024,4,15.0,50.0,3.5
NYC,2024-04-05,4,0,spring,99901,2024-04-01,2024,4,15.0,50.0,3.5
NYC,2024-04-06,5,1,spring,94930,2024-04-01,2024,4,15.0,50.0,3.5
NYC,2024-04-07,6,1,spring,94921,2024-04-01,2024,4,15.0,50.0,3.5
NYC,2024-04-08,0,0,spring,111184,2024-04-01,2024,4,15.0,50.0,3.5
NYC,2024-04-09,1,0,spring,136437,2024-04-01,2024,4,15.0,50.0,3.5
NYC,2024-04-10,2,0,spring,123187,2024-04-01,2024,4,15.0,50.0,3.5
NYC,2024-04-11,3,0,spring,87514,2024-04-01,2024,4,15.0,50.0,3.5
NYC,2024-04-12,4,0,spring,105089,2024-04-01,2024,4,15.0,50.0,3.5
NYC,2024-04-13,5,1,spring,89594,2024-04-01,2024,4,15.0,50.0,3.5
NYC,2024-04-14,6,1,spring,115698,2024-04-01,2024,4,15.0,50.0,3.5
NYC,2024-04-15,0,0,spring,139001,2024-04-01,2024,4,15.0,50.0,3.5
NYC,2024-04-16,1,0,spring,143331,2024-04-01,2024,4,15.0,50.0,3.5
NYC,2024-04-17,2,0,spring,111516,2024-04-01,2024,4,15.0,50.0,3.5
NYC,2024-04-18,3,0,spring,89175,2024-04-01,2024,4,15.0,50.0,3.5
NYC,2024-04-19,4,0,spring,116591,2024-04-01,2024,4,15.0,50.0,3.5
NYC,2024-04-20,5,1,spring,145343,2024-04-01,2024,4,15.0,50.0,3.5
NYC,2024-04-21,6,1,spring,92078,2024-04-01,2024,4,15.0,50.0,3.5
NYC,2024-04-22,0,0,spring,109864,2024-04-01,2024,4,15.0,50.0,3.5
NYC,2024-04-23,1,0,spring,114716,2024-04-01,2024,4,15.0,50.0,3.5
NYC,2024-04-24,2,0,spring,121307,2024-04-01,2024,4,15.0,50.0,3.5
NYC,2024-04-25,3,0,spring,115460,2024-04-01,2024,4,15.0,50.0,3.5
NYC,2024-04-26,4,0,spring,120209,2024-04-01,2024,4,15.0,50.0,3.5
NYC,2024-04-27,5,1,spring,105536,2024-04-01,2024,4,15.0,50.0,3.5
NYC,2024-04-28,6,1,spring,131003,2024-04-01,2024,4,15.0,50.0,3.5
NYC,2024-04-29,0,0,spring,129198,2024-04-01,2024,4,15.0,50.0,3.5
NYC,2024-04-30,1,0,spring,123231,2024-04-01,2024,4,15.0,50.0,3.5
NYC,2024-05-01,2,0,spring,143091,2024-05-01,2024,5,15.0,50.0,3.5
NYC,2024-05-02,3,0,spring,154420,2024-05-01,2024,5,15.0,50.0,3.5
NYC,2024-05-03,4,0,spring,139107,2024-05-01,2024,5,15.0,50.0,3.5
NYC,2024-05-04,5,1,spring,123660,2024-05-01,2024,5,15.0,50.0,3.5
NYC,2024-05-05,6,1,spring,54155,2024-05-01,2024,5,15.0,50.0,3.5
NYC,2024-05-06,0,0,spring,129279,2024-05-01,2024,5,15.0,50.0,3.5
NYC,2024-05-07,1,0,spring,159396,2024-05-01,2024,5,15.0,50.0,3.5
NYC,2024-05-08,2,0,spring,150537,2024-05-01,2024,5,15.0,50.0,3.5
NYC,2024-05-09,3,0,spring,147826,2024-05-01,2024,5,15.0,50.0,3.5
NYC,2024-05-10,4,0,spring,88667,2024-05-01,2024,5,15.0,50.0,3.5
NYC,2024-05-11,5,1,spring,132682,2024-05-01,2024,5,15.0,50.0,3.5
NYC,2024-05-12,6,1,spring,73775,2024-05-01,2024,5,15.0,50.0,3.5
NYC,2024-05-13,0,0,spring,132946,2024-05-01,2024,5,15.0,50.0,3.5
NYC,2024-05-14,1,0,spring,138602,2024-05-01,2024,5,15.0,50.0,3.5
NYC,2024-05-15,2,0,spring,90829,2024-05-01,2024,5,15.0,50.0,3.5
NYC,2024-05-16,3,0,spring,125453,2024-05-01,2024,5,15.0,50.0,3.5
NYC,2024-05-17,4,0,spring,150937,2024-05-01,2024,5,15.0,50.0,3.5
NYC,2024-05-18,5,1,spring,119409,2024-05-01,2024,5,15.0,50.0,3.5
NYC,2024-05-19,6,1,spring,140208,2024-05-01,2024,5,15.0,50.0,3.5
NYC,2024-05-20,0,0,spring,145795,2024-05-01,2024,5,15.0,50.0,3.5
NYC,2024-05-21,1,0,spring,161257,2024-05-01,2024,5,15.0,50.0,3.5
NYC,2024-05-22,2,0,spring,168202,2024-05-01,2024,5,15.0,50.0,3.5
NYC,2024-05-23,3,0,spring,145641,2024-05-01,2024,5,15.0,50.0,3.5
NYC,2024-05-24,4,0,spring,159103,2024-05-01,2024,5,15.0,50.0,3.5
NYC,2024-05-25,5,1,spring,133752,2024-05-01,2024,5,15.0,50.0,3.5
NYC,2024-05-26,6,1,spring,125408,2024-05-01,2024,5,15.0,50.0,3.5
NYC,2024-05-27,0,0,spring,67784,2024-05-01,2024,5,15.0,50.0,3.5
NYC,2024-05-28,1,0,spring,154794,2024-05-01,2024,5,15.0,50.0,3.5
NYC,2024-05-29,2,0,spring,151830,2024-05-01,2024,5,15.0,50.0,3.5
NYC,2024-05-30,3,0,spring,156477,2024-05-01,2024,5,15.0,50.0,3.5
NYC,2024-05-31,4,0,spring,170027,2024-05-01,2024,5,15.0,50.0,3.5
NYC,2024-06-01,5,1,summer,173002,2024-06-01,2024,6,15.0,50.0,3.5
NYC,2024-06-02,6,1,summer,150303,2024-06-01,2024,6,15.0,50.0,3.5
NYC,2024-06-03,0,0,summer,153920,2024-06-01,2024,6,15.0,50.0,3.5
NYC,2024-06-04,1,0,summer,167253,2024-06-01,2024,6,15.0,50.0,3.5
NYC,2024-06-05,2,0,summer,170945,2024-06-01,2024,6,15.0,50.0,3.5
NYC,2024-06-06,3,0,summer,145235,2024-06-01,2024,6,15.0,50.0,3.5
NYC,2024-06-07,4,0,summer,172213,2024-06-01,2024,6,15.0,50.0,3.5
NYC,2024-06-08,5,1,summer,172804,2024-06-01,2024,6,15.0,50.0,3.5
NYC,2024-06-09,6,1,summer,144900,2024-06-01,2024,6,15.0,50.0,3.5
NYC,2024-06-10,0,0,summer,156913,2024-06-01,2024,6,15.0,50.0,3.5
NYC,2024-06-11,1,0,summer,163574,2024-06-01,2024,6,15.0,50.0,3.5
NYC,2024-06-12,2,0,summer,172067,2024-06-01,2024,6,15.0,50.0,3.5
NYC,2024-06-13,3,0,summer,172719,2024-06-01,2024,6,15.0,50.0,3.5
NYC,2024-06-14,4,0,summer,150673,2024-06-01,2024,6,15.0,50.0,3.5
NYC,2024-06-15,5,1,summer,172698,2024-06-01,2024,6,15.0,50.0,3.5
NYC,2024-06-16,6,1,summer,151470,2024-06-01,2024,6,15.0,50.0,3.5
NYC,2024-06-17,0,0,summer,144850,2024-06-01,2024,6,15.0,50.0,3.5
NYC,2024-06-18,1,0,summer,171631,2024-06-01,2024,6,15.0,50.0,3.5
NYC,2024-06-19,2,0,summer,171320,2024-06-01,2024,6,15.0,50.0,3.5
NYC,2024-06-20,3,0,summer,167166,2024-06-01,2024,6,15.0,50.0,3.5
NYC,2024-06-21,4,0,summer,164362,2024-06-01,2024,6,15.0,50.0,3.5
NYC,2024-06-22,5,1,summer,143703,2024-06-01,2024,6,15.0,50.0,3.5
NYC,2024-06-23,6,1,summer,138815,2024-06-01,2024,6,15.0,50.0,3.5
NYC,2024-06-24,0,0,summer,154492,2024-06-01,2024,6,15.0,50.0,3.5
NYC,2024-06-25,1,0,summer,170717,2024-06-01,2024,6,15.0,50.0,3.5
NYC,2024-06-26,2,0,summer,164225,2024-06-01,2024,6,15.0,50.0,3.5
NYC,2024-06-27,3,0,summer,170978,2024-06-01,2024,6,15.0,50.0,3.5
NYC,2024-06-28,4,0,summer,171884,2024-06-01,2024,6,15.0,50.0,3.5
NYC,2024-06-29,5,1,summer,150113,2024-06-01,2024,6,15.0,50.0,3.5
NYC,2024-06-30,6,1,summer,107990,2024-06-01,2024,6,15.0,50.0,3.5
NYC,2024-07-01,0,0,summer,152016,2024-07-01,2024,7,15.0,50.0,3.5
NYC,2024-07-02,1,0,summer,162155,2024-07-01,2024,7,15.0,50.0,3.5
NYC,2024-07-03,2,0,summer,155883,2024-07-01,2024,7,15.0,50.0,3.5
NYC,2024-07-04,3,0,summer,117973,2024-07-01,2024,7,15.0,50.0,3.5
NYC,2024-07-05,4,0,summer,111156,2024-07-01,2024,7,15.0,50.0,3.5
NYC,2024-07-06,5,1,summer,120033,2024-07-01,2024,7,15.0,50.0,3.5
NYC,2024-07-07,6,1,summer,123466,2024-07-01,2024,7,15.0,50.0,3.5
NYC,2024-07-08,0,0,summer,147173,2024-07-01,2024,7,15.0,50.0,3.5
NYC,2024-07-09,1,0,summer,161293,2024-07-01,2024,7,15.0,50.0,3.5
NYC,2024-07-10,2,0,summer,166956,2024-07-01,2024,7,15.0,50.0,3.5
NYC,2024-07-11,3,0,summer,167407,2024-07-01,2024,7,15.0,50.0,3.5
NYC,2024-07-12,4,0,summer,145453,2024-07-01,2024,7,15.0,50.0,3.5
NYC,2024-07-13,5,1,summer,139123,2024-07-01,2024,7,15.0,50.0,3.5
NYC,2024-07-14,6,1,summer,144178,2024-07-01,2024,7,15.0,50.0,3.5
NYC,2024-07-15,0,0,summer,146831,2024-07-01,2024,7,15.0,50.0,3.5
NYC,2024-07-16,1,0,summer,159020,2024-07-01,2024,7,15.0,50.0,3.5
NYC,2024-07-17,2,0,summer,151401,2024-07-01,2024,7,15.0,50.0,3.5
NYC,2024-07-18,3,0,summer,168444,2024-07-01,2024,7,15.0,50.0,3.5
NYC,2024-07-19,4,0,summer,169591,2024-07-01,2024,7,15.0,50.0,3.5
NYC,2024-07-20,5,1,summer,160320,2024-07-01,2024,7,15.0,50.0,3.5
NYC,2024-07-21,6,1,summer,148730,2024-07-01,2024,7,15.0,50.0,3.5
NYC,2024-07-22,0,0,summer,146807,2024-07-01,2024,7,15.0,50.0,3.5
NYC,2024-07-23,1,0,summer,147083,2024-07-01,2024,7,15.0,50.0,3.5
NYC,2024-07-24,2,0,summer,164947,2024-07-01,2024,7,15.0,50.0,3.5
NYC,2024-07-25,3,0,summer,169882,2024-07-01,2024,7,15.0,50.0,3.5
NYC,2024-07-26,4,0,summer,170986,2024-07-01,2024,7,15.0,50.0,3.5
NYC,2024-07-27,5,1,summer,167594,2024-07-01,2024,7,15.0,50.0,3.5
NYC,2024-07-28,6,1,summer,151439,2024-07-01,2024,7,15.0,50.0,3.5
NYC,2024-07-29,0,0,summer,150041,2024-07-01,2024,7,15.0,50.0,3.5
NYC,2024-07-30,1,0,summer,169097,2024-07-01,2024,7,15.0,50.0,3.5
NYC,2024-07-31,2,0,summer,166474,2024-07-01,2024,7,15.0,50.0,3.5
NYC,2024-08-01,3,0,summer,164218,2024-08-01,2024,8,15.0,50.0,3.5
NYC,2024-08-02,4,0,summer,141635,2024-08-01,2024,8,15.0,50.0,3.5
NYC,2024-08-03,5,1,summer,136297,2024-08-01,2024,8,15.0,50.0,3.5
NYC,2024-08-04,6,1,summer,113409,2024-08-01,2024,8,15.0,50.0,3.5
NYC,2024-08-05,0,0,summer,154607,2024-08-01,2024,8,15.0,50.0,3.5
NYC,2024-08-06,1,0,summer,115089,2024-08-01,2024,8,15.0,50.0,3.5
NYC,2024-08-07,2,0,summer,109254,2024-08-01,2024,8,15.0,50.0,3.5
NYC,2024-08-08,3,0,summer,95856,2024-08-01,2024,8,15.0,50.0,3.5
NYC,2024-08-09,4,0,summer,122537,2024-08-01,2024,8,15.0,50.0,3.5
NYC,2024-08-10,5,1,summer,179518,2024-08-01,2024,8,15.0,50.0,3.5
NYC,2024-08-11,6,1,summer,152056,2024-08-01,2024,8,15.0,50.0,3.5
NYC,2024-08-12,0,0,summer,150937,2024-08-01,2024,8,15.0,50.0,3.5
NYC,2024-08-13,1,0,summer,165227,2024-08-01,2024,8,15.0,50.0,3.5
NYC,2024-08-14,2,0,summer,171716,2024-08-01,2024,8,15.0,50.0,3.5
NYC,2024-08-15,3,0,summer,170057,2024-08-01,2024,8,15.0,50.0,3.5
NYC,2024-08-16,4,0,summer,164368,2024-08-01,2024,8,15.0,50.0,3.5
NYC,2024-08-17,5,1,summer,157653,2024-08-01,2024,8,15.0,50.0,3.5
NYC,2024-08-18,6,1,summer,115065,2024-08-01,2024,8,15.0,50.0,3.5
NYC,2024-08-19,0,0,summer,141720,2024-08-01,2024,8,15.0,50.0,3.5
NYC,2024-08-20,1,0,summer,164236,2024-08-01,2024,8,15.0,50.0,3.5
NYC,2024-08-21,2,0,summer,167149,2024-08-01,2024,8,15.0,50.0,3.5
NYC,2024-08-22,3,0,summer,166140,2024-08-01,2024,8,15.0,50.0,3.5
NYC,2024-08-23,4,0,summer,165433,2024-08-01,2024,8,15.0,50.0,3.5
NYC,2024-08-24,5,1,summer,164597,2024-08-01,2024,8,15.0,50.0,3.5
NYC,2024-08-25,6,1,summer,144871,2024-08-01,2024,8,15.0,50.0,3.5
NYC,2024-08-26,0,0,summer,141152,2024-08-01,2024,8,15.0,50.0,3.5
NYC,2024-08-27,1,0,summer,164833,2024-08-01,2024,8,15.0,50.0,3.5
NYC,2024-08-28,2,0,summer,161285,2024-08-01,2024,8,15.0,50.0,3.5
NYC,2024-08-29,3,0,summer,159179,2024-08-01,2024,8,15.0,50.0,3.5
NYC,2024-08-30,4,0,summer,146197,2024-08-01,2024,8,15.0,50.0,3.5
NYC,2024-08-31,5,1,summer,137651,2024-08-01,2024,8,15.0,50.0,3.5
NYC,2024-09-01,6,1,fall,128478,2024-09-01,2024,9,15.0,50.0,3.5
NYC,2024-09-02,0,0,fall,144419,2024-09-01,2024,9,15.0,50.0,3.5
NYC,2024-09-03,1,0,fall,165431,2024-09-01,2024,9,15.0,50.0,3.5
NYC,2024-09-04,2,0,fall,179690,2024-09-01,2024,9,15.0,50.0,3.5
NYC,2024-09-05,3,0,fall,173029,2024-09-01,2024,9,15.0,50.0,3.5
NYC,2024-09-06,4,0,fall,176778,2024-09-01,2024,9,15.0,50.0,3.5
NYC,2024-09-07,5,1,fall,143523,2024-09-01,2024,9,15.0,50.0,3.5
NYC,2024-09-08,6,1,fall,160120,2024-09-01,2024,9,15.0,50.0,3.5
NYC,2024-09-09,0,0,fall,167796,2024-09-01,2024,9,15.0,50.0,3.5
NYC,2024-09-10,1,0,fall,185296,2024-09-01,2024,9,15.0,50.0,3.5
NYC,2024-09-11,2,0,fall,189173,2024-09-01,2024,9,15.0,50.0,3.5
NYC,2024-09-12,3,0,fall,189245,2024-09-01,2024,9,15.0,50.0,3.5
NYC,2024-09-13,4,0,fall,189697,2024-09-01,2024,9,15.0,50.0,3.5
NYC,2024-09-14,5,1,fall,185270,2024-09-01,2024,9,15.0,50.0,3.5
NYC,2024-09-15,6,1,fall,164711,2024-09-01,2024,9,15.0,50.0,3.5
NYC,2024-09-16,0,0,fall,169636,2024-09-01,2024,9,15.0,50.0,3.5
NYC,2024-09-17,1,0,fall,183013,2024-09-01,2024,9,15.0,50.0,3.5
NYC,2024-09-18,2,0,fall,185879,2024-09-01,2024,9,15.0,50.0,3.5
NYC,2024-09-19,3,0,fall,192615,2024-09-01,2024,9,15.0,50.0,3.5
NYC,2024-09-20,4,0,fall,194315,2024-09-01,2024,9,15.0,50.0,3.5
NYC,2024-09-21,5,1,fall,189916,2024-09-01,2024,9,15.0,50.0,3.5
NYC,2024-09-22,6,1,fall,165242,2024-09-01,2024,9,15.0,50.0,3.5
NYC,2024-09-23,0,0,fall,152069,2024-09-01,2024,9,15.0,50.0,3.5
NYC,2024-09-24,1,0,fall,178192,2024-09-01,2024,9,15.0,50.0,3.5
NYC,2024-09-25,2,0,fall,172867,2024-09-01,2024,9,15.0,50.0,3.5
NYC,2024-09-26,3,0,fall,160454,2024-09-01,2024,9,15.0,50.0,3.5
NYC,2024-09-27,4,0,fall,181046,2024-09-01,2024,9,15.0,50.0,3.5
NYC,2024-09-28,5,1,fall,90069,2024-09-01,2024,9,15.0,50.0,3.5
NYC,2024-09-29,6,1,fall,71334,2024-09-01,2024,9,15.0,50.0,3.5
NYC,2024-09-30,0,0,fall,167985,2024-09-01,2024,9,15.0,50.0,3.5
NYC,2024-10-01,1,0,fall,177447,2024-10-01,2024,10,15.0,50.0,3.5
NYC,2024-10-02,2,0,fall,176899,2024-10-01,2024,10,15.0,50.0,3.5
NYC,2024-10-03,3,0,fall,168907,2024-10-01,2024,10,15.0,50.0,3.5
NYC,2024-10-04,4,0,fall,172710,2024-10-01,2024,10,15.0,50.0,3.5
NYC,2024-10-05,5,1,fall,182965,2024-10-01,2024,10,15.0,50.0,3.5
NYC,2024-10-06,6,1,fall,157791,2024-10-01,2024,10,15.0,50.0,3.5
NYC,2024-10-07,0,0,fall,163473,2024-10-01,2024,10,15.0,50.0,3.5
NYC,2024-10-08,1,0,fall,176180,2024-10-01,2024,10,15.0,50.0,3.5
NYC,2024-10-09,2,0,fall,179042,2024-10-01,2024,10,15.0,50.0,3.5
NYC,2024-10-10,3,0,fall,168594,2024-10-01,2024,10,15.0,50.0,3.5
NYC,2024-10-11,4,0,fall,169448,2024-10-01,2024,10,15.0,50.0,3.5
NYC,2024-10-12,5,1,fall,168671,2024-10-01,2024,10,15.0,50.0,3.5
NYC,2024-10-13,6,1,fall,155472,2024-10-01,2024,10,15.0,50.0,3.5
NYC,2024-10-14,0,0,fall,132905,2024-10-01,2024,10,15.0,50.0,3.5
NYC,2024-10-15,1,0,fall,150316,2024-10-01,2024,10,15.0,50.0,3.5
NYC,2024-10-16,2,0,fall,153978,2024-10-01,2024,10,15.0,50.0,3.5
NYC,2024-10-17,3,0,fall,154075,2024-10-01,2024,10,15.0,50.0,3.5
NYC,2024-10-18,4,0,fall,165061,2024-10-01,2024,10,15.0,50.0,3.5
NYC,2024-10-19,5,1,fall,169169,2024-10-01,2024,10,15.0,50.0,3.5
NYC,2024-10-20,6,1,fall,154880,2024-10-01,2024,10,15.0,50.0,3.5
NYC,2024-10-21,0,0,fall,164122,2024-10-01,2024,10,15.0,50.0,3.5
NYC,2024-10-22,1,0,fall,180255,2024-10-01,2024,10,15.0,50.0,3.5
NYC,2024-10-23,2,0,fall,182899,2024-10-01,2024,10,15.0,50.0,3.5
NYC,2024-10-24,3,0,fall,175966,2024-10-01,2024,10,15.0,50.0,3.5
NYC,2024-10-25,4,0,fall,170408,2024-10-01,2024,10,15.0,50.0,3.5
NYC,2024-10-26,5,1,fall,165958,2024-10-01,2024,10,15.0,50.0,3.5
NYC,2024-10-27,6,1,fall,132318,2024-10-01,2024,10,15.0,50.0,3.5
NYC,2024-10-28,0,0,fall,147244,2024-10-01,2024,10,15.0,50.0,3.5
NYC,2024-10-29,1,0,fall,161002,2024-10-01,2024,10,15.0,50.0,3.5
NYC,2024-10-30,2,0,fall,181943,2024-10-01,2024,10,15.0,50.0,3.5
NYC,2024-10-31,3,0,fall,190619,2024-10-01,2024,10,15.0,50.0,3.5
NYC,2024-11-01,4,0,fall,180499,2024-11-01,2024,11,15.0,50.0,3.5
NYC,2024-11-02,5,1,fall,155228,2024-11-01,2024,11,15.0,50.0,3.5
NYC,2024-11-03,6,1,fall,129235,2024-11-01,2024,11,15.0,50.0,3.5
NYC,2024-11-04,0,0,fall,140583,2024-11-01,2024,11,15.0,50.0,3.5
NYC,2024-11-05,1,0,fall,164213,2024-11-01,2024,11,15.0,50.0,3.5
NYC,2024-11-06,2,0,fall,173956,2024-11-01,2024,11,15.0,50.0,3.5
NYC,2024-11-07,3,0,fall,171962,2024-11-01,2024,11,15.0,50.0,3.5
NYC,2024-11-08,4,0,fall,164518,2024-11-01,2024,11,15.0,50.0,3.5
NYC,2024-11-09,5,1,fall,134732,2024-11-01,2024,11,15.0,50.0,3.5
NYC,2024-11-10,6,1,fall,112634,2024-11-01,2024,11,15.0,50.0,3.5
NYC,2024-11-11,0,0,fall,137138,2024-11-01,2024,11,15.0,50.0,3.5
NYC,2024-11-12,1,0,fall,133353,2024-11-01,2024,11,15.0,50.0,3.5
NYC,2024-11-13,2,0,fall,131697,2024-11-01,2024,11,15.0,50.0,3.5
NYC,2024-11-14,3,0,fall,123664,2024-11-01,2024,11,15.0,50.0,3.5
NYC,2024-11-15,4,0,fall,140654,2024-11-01,2024,11,15.0,50.0,3.5
NYC,2024-11-16,5,1,fall,140275,2024-11-01,2024,11,15.0,50.0,3.5
NYC,2024-11-17,6,1,fall,125878,2024-11-01,2024,11,15.0,50.0,3.5
NYC,2024-11-18,0,0,fall,141352,2024-11-01,2024,11,15.0,50.0,3.5
NYC,2024-11-19,1,0,fall,146808,2024-11-01,2024,11,15.0,50.0,3.5
NYC,2024-11-20,2,0,fall,152543,2024-11-01,2024,11,15.0,50.0,3.5
NYC,2024-11-21,3,0,fall,57327,2024-11-01,2024,11,15.0,50.0,3.5
NYC,2024-11-22,4,0,fall,64724,2024-11-01,2024,11,15.0,50.0,3.5
NYC,2024-11-23,5,1,fall,99670,2024-11-01,2024,11,15.0,50.0,3.5
NYC,2024-11-24,6,1,fall,96114,2024-11-01,2024,11,15.0,50.0,3.5
NYC,2024-11-25,0,0,fall,123392,2024-11-01,2024,11,15.0,50.0,3.5
NYC,2024-11-26,1,0,fall,106124,2024-11-01,2024,11,15.0,50.0,3.5
NYC,2024-11-27,2,0,fall,113553,2024-11-01,2024,11,15.0,50.0,3.5
NYC,2024-11-28,3,0,fall,27112,2024-11-01,2024,11,15.0,50.0,3.5
NYC,2024-11-29,4,0,fall,59806,2024-11-01,2024,11,15.0,50.0,3.5
NYC,2024-11-30,5,1,fall,60485,2024-11-01,2024,11,15.0,50.0,3.5
NYC,2024-12-01,6,1,winter,58068,2024-12-01,2024,12,,,
NYC,2024-12-02,0,0,winter,91558,2024-12-01,2024,12,,,
NYC,2024-12-03,1,0,winter,103529,2024-12-01,2024,12,,,
NYC,2024-12-04,2,0,winter,105428,2024-12-01,2024,12,,,
NYC,2024-12-05,3,0,winter,95766,2024-12-01,2024,12,,,
NYC,2024-12-06,4,0,winter,93275,2024-12-01,2024,12,,,
NYC,2024-12-07,5,1,winter,86413,2024-12-01,2024,12,,,
NYC,2024-12-08,6,1,winter,95065,2024-12-01,2024,12,,,
NYC,2024-12-09,0,0,winter,88039,2024-12-01,2024,12,,,
NYC,2024-12-10,1,0,winter,98444,2024-12-01,2024,12,,,
NYC,2024-12-11,2,0,winter,66875,2024-12-01,2024,12,,,
NYC,2024-12-12,3,0,winter,93710,2024-12-01,2024,12,,,
NYC,2024-12-13,4,0,winter,94040,2024-12-01,2024,12,,,
NYC,2024-12-14,5,1,winter,80604,2024-12-01,2024,12,,,
NYC,2024-12-15,6,1,winter,74186,2024-12-01,2024,12,,,
NYC,2024-12-16,0,0,winter,57838,2024-12-01,2024,12,,,
NYC,2024-12-17,1,0,winter,124686,2024-12-01,2024,12,,,
NYC,2024-12-18,2,0,winter,105479,2024-12-01,2024,12,,,
NYC,2024-12-19,3,0,winter,106358,2024-12-01,2024,12,,,
NYC,2024-12-20,4,0,winter,77659,2024-12-01,2024,12,,,
NYC,2024-12-21,5,1,winter,38754,2024-12-01,2024,12,,,
NYC,2024-12-22,6,1,winter,31587,2024-12-01,2024,12,,,
NYC,2024-12-23,0,0,winter,44467,2024-12-01,2024,12,,,
NYC,2024-12-24,1,0,winter,32835,2024-12-01,2024,12,,,
NYC,2024-12-25,2,0,winter,21571,2024-12-01,2024,12,,,
NYC,2024-12-26,3,0,winter,42698,2024-12-01,2024,12,,,
NYC,2024-12-27,4,0,winter,54104,2024-12-01,2024,12,,,
NYC,2024-12-28,5,1,winter,26719,2024-12-01,2024,12,,,
NYC,2024-12-29,6,1,winter,61454,2024-12-01,2024,12,,,
NYC,2024-12-30,0,0,winter,82948,2024-12-01,2024,12,,,
NYC,2024-12-30,0,0,winter,1,2024-12-01,2024,12,,,
NYC,2024-12-31,1,0,winter,76743,2024-12-01,2024,12,,,
NYC,2024-12-31,1,0,winter,206,2024-12-01,2024,12,,,
NYC,2025-01-01,2,0,winter,51442,2025-01-01,2025,1,15.0,50.0,3.5
NYC,2025-01-02,3,0,winter,71779,2025-01-01,2025,1,15.0,50.0,3.5
NYC,2025-01-03,4,0,winter,75361,2025-01-01,2025,1,15.0,50.0,3.5
NYC,2025-01-04,5,1,winter,55389,2025-01-01,2025,1,15.0,50.0,3.5
NYC,2025-01-05,6,1,winter,52177,2025-01-01,2025,1,15.0,50.0,3.5
NYC,2025-01-06,0,0,winter,58515,2025-01-01,2025,1,15.0,50.0,3.5
NYC,2025-01-07,1,0,winter,65214,2025-01-01,2025,1,15.0,50.0,3.5
NYC,2025-01-08,2,0,winter,66588,2025-01-01,2025,1,15.0,50.0,3.5
NYC,2025-01-09,3,0,winter,67369,2025-01-01,2025,1,15.0,50.0,3.5
NYC,2025-01-10,4,0,winter,81396,2025-01-01,2025,1,15.0,50.0,3.5
NYC,2025-01-11,5,1,winter,64760,2025-01-01,2025,1,15.0,50.0,3.5
NYC,2025-01-12,6,1,winter,69417,2025-01-01,2025,1,15.0,50.0,3.5
NYC,2025-01-13,0,0,winter,86675,2025-01-01,2025,1,15.0,50.0,3.5
NYC,2025-01-14,1,0,winter,82398,2025-01-01,2025,1,15.0,50.0,3.5
NYC,2025-01-15,2,0,winter,80264,2025-01-01,2025,1,15.0,50.0,3.5
NYC,2025-01-16,3,0,winter,80399,2025-01-01,2025,1,15.0,50.0,3.5
NYC,2025-01-17,4,0,winter,86952,2025-01-01,2025,1,15.0,50.0,3.5
NYC,2025-01-18,5,1,winter,61835,2025-01-01,2025,1,15.0,50.0,3.5
NYC,2025-01-19,6,1,winter,43727,2025-01-01,2025,1,15.0,50.0,3.5
NYC,2025-01-20,0,0,winter,32991,2025-01-01,2025,1,15.0,50.0,3.5
NYC,2025-01-21,1,0,winter,49934,2025-01-01,2025,1,15.0,50.0,3.5
NYC,2025-01-22,2,0,winter,55547,2025-01-01,2025,1,15.0,50.0,3.5
NYC,2025-01-23,3,0,winter,65377,2025-01-01,2025,1,15.0,50.0,3.5
NYC,2025-01-24,4,0,winter,71743,2025-01-01,2025,1,15.0,50.0,3.5
NYC,2025-01-25,5,1,winter,61267,2025-01-01,2025,1,15.0,50.0,3.5
NYC,2025-01-26,6,1,winter,66554,2025-01-01,2025,1,15.0,50.0,3.5
NYC,2025-01-27,0,0,winter,80069,2025-01-01,2025,1,15.0,50.0,3.5
NYC,2025-01-28,1,0,winter,90104,2025-01-01,2025,1,15.0,50.0,3.5
NYC,2025-01-29,2,0,winter,92288,2025-01-01,2025,1,15.0,50.0,3.5
NYC,2025-01-30,3,0,winter,87628,2025-01-01,2025,1,15.0,50.0,3.5
NYC,2025-01-31,4,0,winter,69382,2025-01-01,2025,1,15.0,50.0,3.5
NYC,2025-02-01,5,1,winter,72204,2025-02-01,2025,2,15.0,50.0,3.5
NYC,2025-02-02,6,1,winter,51273,2025-02-01,2025,2,15.0,50.0,3.5
NYC,2025-02-03,0,0,winter,86004,2025-02-01,2025,2,15.0,50.0,3.5
NYC,2025-02-04,1,0,winter,94708,2025-02-01,2025,2,15.0,50.0,3.5
NYC,2025-02-05,2,0,winter,88688,2025-02-01,2025,2,15.0,50.0,3.5
NYC,2025-02-06,3,0,winter,57788,2025-02-01,2025,2,15.0,50.0,3.5
NYC,2025-02-07,4,0,winter,88608,2025-02-01,2025,2,15.0,50.0,3.5
NYC,2025-02-08,5,1,winter,64229,2025-02-01,2025,2,15.0,50.0,3.5
NYC,2025-02-09,6,1,winter,36095,2025-02-01,2025,2,15.0,50.0,3.5
NYC,2025-02-10,0,0,winter,69809,2025-02-01,2025,2,15.0,50.0,3.5
NYC,2025-02-11,1,0,winter,75033,2025-02-01,2025,2,15.0,50.0,3.5
NYC,2025-02-12,2,0,winter,65862,2025-02-01,2025,2,15.0,50.0,3.5
NYC,2025-02-13,3,0,winter,75477,2025-02-01,2025,2,15.0,50.0,3.5
NYC,2025-02-14,4,0,winter,77153,2025-02-01,2025,2,15.0,50.0,3.5
NYC,2025-02-15,5,1,winter,41670,2025-02-01,2025,2,15.0,50.0,3.5
NYC,2025-02-16,6,1,winter,29813,2025-02-01,2025,2,15.0,50.0,3.5
NYC,2025-02-17,0,0,winter,53125,2025-02-01,2025,2,15.0,50.0,3.5
NYC,2025-02-18,1,0,winter,58541,2025-02-01,2025,2,15.0,50.0,3.5
NYC,2025-02-19,2,0,winter,65524,2025-02-01,2025,2,15.0,50.0,3.5
NYC,2025-02-20,3,0,winter,58380,2025-02-01,2025,2,15.0,50.0,3.5
NYC,2025-02-21,4,0,winter,61437,2025-02-01,2025,2,15.0,50.0,3.5
NYC,2025-02-22,5,1,winter,64091,2025-02-01,2025,2,15.0,50.0,3.5
NYC,2025-02-23,6,1,winter,70181,2025-02-01,2025,2,15.0,50.0,3.5
NYC,2025-02-24,0,0,winter,90467,2025-02-01,2025,2,15.0,50.0,3.5
NYC,2025-02-25,1,0,winter,107323,2025-02-01,2025,2,15.0,50.0,3.5
NYC,2025-02-26,2,0,winter,115537,2025-02-01,2025,2,15.0,50.0,3.5
NYC,2025-02-27,3,0,winter,101772,2025-02-01,2025,2,15.0,50.0,3.5
NYC,2025-02-28,4,0,winter,110602,2025-02-01,2025,2,15.0,50.0,3.5
NYC,2025-03-01,5,1,spring,97667,2025-03-01,2025,3,15.0,50.0,3.5
NYC,2025-03-02,6,1,spring,55033,2025-03-01,2025,3,15.0,50.0,3.5
NYC,2025-03-03,0,0,spring,79342,2025-03-01,2025,3,15.0,50.0,3.5
NYC,2025-03-04,1,0,spring,105105,2025-03-01,2025,3,15.0,50.0,3.5
NYC,2025-03-05,2,0,spring,71858,2025-03-01,2025,3,15.0,50.0,3.5
NYC,2025-03-06,3,0,spring,101652,2025-03-01,2025,3,15.0,50.0,3.5
NYC,2025-03-07,4,0,spring,97735,2025-03-01,2025,3,15.0,50.0,3.5
NYC,2025-03-08,5,1,spring,83113,2025-03-01,2025,3,15.0,50.0,3.5
NYC,2025-03-09,6,1,spring,80658,2025-03-01,2025,3,15.0,50.0,3.5
NYC,2025-03-10,0,0,spring,118425,2025-03-01,2025,3,15.0,50.0,3.5
NYC,2025-03-11,1,0,spring,133474,2025-03-01,2025,3,15.0,50.0,3.5
NYC,2025-03-12,2,0,spring,121409,2025-03-01,2025,3,15.0,50.0,3.5
NYC,2025-03-13,3,0,spring,117832,2025-03-01,2025,3,15.0,50.0,3.5
NYC,2025-03-14,4,0,spring,121204,2025-03-01,2025,3,15.0,50.0,3.5
NYC,2025-03-15,5,1,spring,92760,2025-03-01,2025,3,15.0,50.0,3.5
NYC,2025-03-16,6,1,spring,90226,2025-03-01,2025,3,15.0,50.0,3.5
NYC,2025-03-17,0,0,spring,86052,2025-03-01,2025,3,15.0,50.0,3.5
NYC,2025-03-18,1,0,spring,122958,2025-03-01,2025,3,15.0,50.0,3.5
NYC,2025-03-19,2,0,spring,131576,2025-03-01,2025,3,15.0,50.0,3.5
NYC,2025-03-20,3,0,spring,98120,2025-03-01,2025,3,15.0,50.0,3.5
NYC,2025-03-21,4,0,spring,103871,2025-03-01,2025,3,15.0,50.0,3.5
NYC,2025-03-22,5,1,spring,111107,2025-03-01,2025,3,15.0,50.0,3.5
NYC,2025-03-23,6,1,spring,82709,2025-03-01,2025,3,15.0,50.0,3.5
NYC,2025-03-24,0,0,spring,57657,2025-03-01,2025,3,15.0,50.0,3.5
NYC,2025-03-25,1,0,spring,123713,2025-03-01,2025,3,15.0,50.0,3.5
NYC,2025-03-26,2,0,spring,111594,2025-03-01,2025,3,15.0,50.0,3.5
NYC,2025-03-27,3,0,spring,115858,2025-03-01,2025,3,15.0,50.0,3.5
NYC,2025-03-28,4,0,spring,121523,2025-03-01,2025,3,15.0,50.0,3.5
NYC,2025-03-29,5,1,spring,143640,2025-03-01,2025,3,15.0,50.0,3.5
NYC,2025-03-30,6,1,spring,87200,2025-03-01,2025,3,15.0,50.0,3.5
NYC,2025-03-31,0,0,spring,102891,2025-03-01,2025,3,15.0,50.0,3.5
NYC,2025-04-01,1,0,spring,120962,2025-04-01,2025,4,15.0,50.0,3.5
NYC,2025-04-02,2,0,spring,112917,2025-04-01,2025,4,15.0,50.0,3.5
NYC,2025-04-03,3,0,spring,128989,2025-04-01,2025,4,15.0,50.0,3.5
NYC,2025-04-04,4,0,spring,143972,2025-04-01,2025,4,15.0,50.0,3.5
NYC,2025-04-05,5,1,spring,77244,2025-04-01,2025,4,15.0,50.0,3.5
NYC,2025-04-06,6,1,spring,91689,2025-04-01,2025,4,15.0,50.0,3.5
NYC,2025-04-07,0,0,spring,71562,2025-04-01,2025,4,15.0,50.0,3.5
NYC,2025-04-08,1,0,spring,105754,2025-04-01,2025,4,15.0,50.0,3.5
NYC,2025-04-09,2,0,spring,113045,2025-04-01,2025,4,15.0,50.0,3.5
NYC,2025-04-10,3,0,spring,108661,2025-04-01,2025,4,15.0,50.0,3.5
NYC,2025-04-11,4,0,spring,71850,2025-04-01,2025,4,15.0,50.0,3.5
NYC,2025-04-12,5,1,spring,43599,2025-04-01,2025,4,15.0,50.0,3.5
NYC,2025-04-13,6,1,spring,96439,2025-04-01,2025,4,15.0,50.0,3.5
NYC,2025-04-14,0,0,spring,118494,2025-04-01,2025,4,15.0,50.0,3.5
NYC,2025-04-15,1,0,spring,132668,2025-04-01,2025,4,15.0,50.0,3.5
NYC,2025-04-16,2,0,spring,112200,2025-04-01,2025,4,15.0,50.0,3.5
NYC,2025-04-17,3,0,spring,137426,2025-04-01,2025,4,15.0,50.0,3.5
NYC,2025-04-18,4,0,spring,134826,2025-04-01,2025,4,15.0,50.0,3.5
NYC,2025-04-19,5,1,spring,155831,2025-04-01,2025,4,15.0,50.0,3.5
NYC,2025-04-20,6,1,spring,117750,2025-04-01,2025,4,15.0,50.0,3.5
NYC,2025-04-21,0,0,spring,116356,2025-04-01,2025,4,15.0,50.0,3.5
NYC,2025-04-22,1,0,spring,158735,2025-04-01,2025,4,15.0,50.0,3.5
NYC,2025-04-23,2,0,spring,164487,2025-04-01,2025,4,15.0,50.0,3.5
NYC,2025-04-24,3,0,spring,171502,2025-04-01,2025,4,15.0,50.0,3.5
NYC,2025-04-25,4,0,spring,169020,2025-04-01,2025,4,15.0,50.0,3.5
NYC,2025-04-26,5,1,spring,129659,2025-04-01,2025,4,15.0,50.0,3.5
NYC,2025-04-27,6,1,spring,121780,2025-04-01,2025,4,15.0,50.0,3.5
NYC,2025-04-28,0,0,spring,153040,2025-04-01,2025,4,15.0,50.0,3.5
NYC,2025-04-29,1,0,spring,169776,2025-04-01,2025,4,15.0,50.0,3.5
NYC,2025-04-30,2,0,spring,174804,2025-04-01,2025,4,15.0,50.0,3.5
NYC,2025-05-01,3,0,spring,169379,2025-05-01,2025,5,15.0,50.0,3.5
NYC,2025-05-02,4,0,spring,179569,2025-05-01,2025,5,15.0,50.0,3.5
NYC,2025-05-03,5,1,spring,180136,2025-05-01,2025,5,15.0,50.0,3.5
NYC,2025-05-04,6,1,spring,90943,2025-05-01,2025,5,15.0,50.0,3.5
NYC,2025-05-05,0,0,spring,75400,2025-05-01,2025,5,15.0,50.0,3.5
NYC,2025-05-06,1,0,spring,118601,2025-05-01,2025,5,15.0,50.0,3.5
NYC,2025-05-07,2,0,spring,174378,2025-05-01,2025,5,15.0,50.0,3.5
NYC,2025-05-08,3,0,spring,171538,2025-05-01,2025,5,15.0,50.0,3.5
NYC,2025-05-09,4,0,spring,88658,2025-05-01,2025,5,15.0,50.0,3.5
NYC,2025-05-10,5,1,spring,172367,2025-05-01,2025,5,15.0,50.0,3.5
NYC,2025-05-11,6,1,spring,152084,2025-05-01,2025,5,15.0,50.0,3.5
NYC,2025-05-12,0,0,spring,160993,2025-05-01,2025,5,15.0,50.0,3.5
NYC,2025-05-13,1,0,spring,133248,2025-05-01,2025,5,15.0,50.0,3.5
NYC,2025-05-14,2,0,spring,67336,2025-05-01,2025,5,15.0,50.0,3.5
NYC,2025-05-15,3,0,spring,162887,2025-05-01,2025,5,15.0,50.0,3.5
NYC,2025-05-16,4,0,spring,154862,2025-05-01,2025,5,15.0,50.0,3.5
NYC,2025-05-17,5,1,spring,190876,2025-05-01,2025,5,15.0,50.0,3.5
NYC,2025-05-18,6,1,spring,157547,2025-05-01,2025,5,15.0,50.0,3.5
NYC,2025-05-19,0,0,spring,152316,2025-05-01,2025,5,15.0,50.0,3.5
NYC,2025-05-20,1,0,spring,166306,2025-05-01,2025,5,15.0,50.0,3.5
NYC,2025-05-21,2,0,spring,108268,2025-05-01,2025,5,15.0,50.0,3.5
NYC,2025-05-22,3,0,spring,67163,2025-05-01,2025,5,15.0,50.0,3.5
NYC,2025-05-23,4,0,spring,119599,2025-05-01,2025,5,15.0,50.0,3.5
NYC,2025-05-24,5,1,spring,117949,2025-05-01,2025,5,15.0,50.0,3.5
NYC,2025-05-25,6,1,spring,120383,2025-05-01,2025,5,15.0,50.0,3.5
NYC,2025-05-26,0,0,spring,140952,2025-05-01,2025,5,15.0,50.0,3.5
NYC,2025-05-27,1,0,spring,161473,2025-05-01,2025,5,15.0,50.0,3.5
NYC,2025-05-28,2,0,spring,102595,2025-05-01,2025,5,15.0,50.0,3.5
NYC,2025-05-29,3,0,spring,148620,2025-05-01,2025,5,15.0,50.0,3.5
NYC,2025-05-30,4,0,spring,169569,2025-05-01,2025,5,15.0,50.0,3.5
NYC,2025-05-31,5,1,spring,149902,2025-05-01,2025,5,15.0,50.0,3.5
NYC,2025-06-01,6,1,summer,140189,2025-06-01,2025,6,15.0,50.0,3.5
NYC,2025-06-02,0,0,summer,159422,2025-06-01,2025,6,15.0,50.0,3.5
NYC,2025-06-03,1,0,summer,179950,2025-06-01,2025,6,15.0,50.0,3.5
NYC,2025-06-04,2,0,summer,192373,2025-06-01,2025,6,15.0,50.0,3.5
NYC,2025-06-05,3,0,summer,187176,2025-06-01,2025,6,15.0,50.0,3.5
NYC,2025-06-06,4,0,summer,184581,2025-06-01,2025,6,15.0,50.0,3.5
NYC,2025-06-07,5,1,summer,128317,2025-06-01,2025,6,15.0,50.0,3.5
NYC,2025-06-08,6,1,summer,150759,2025-06-01,2025,6,15.0,50.0,3.5
NYC,2025-06-09,0,0,summer,134220,2025-06-01,2025,6,15.0,50.0,3.5
NYC,2025-06-10,1,0,summer,145163,2025-06-01,2025,6,15.0,50.0,3.5
NYC,2025-06-11,2,0,summer,193279,2025-06-01,2025,6,15.0,50.0,3.5
NYC,2025-06-12,3,0,summer,192259,2025-06-01,2025,6,15.0,50.0,3.5
NYC,2025-06-13,4,0,summer,186499,2025-06-01,2025,6,15.0,50.0,3.5
NYC,2025-06-14,5,1,summer,88458,2025-06-01,2025,6,15.0,50.0,3.5
NYC,2025-06-15,6,1,summer,99551,2025-06-01,2025,6,15.0,50.0,3.5
NYC,2025-06-16,0,0,summer,139944,2025-06-01,2025,6,15.0,50.0,3.5
NYC,2025-06-17,1,0,summer,146565,2025-06-01,2025,6,15.0,50.0,3.5
NYC,2025-06-18,2,0,summer,177879,2025-06-01,2025,6,15.0,50.0,3.5
NYC,2025-06-19,3,0,summer,141546,2025-06-01,2025,6,15.0,50.0,3.5
NYC,2025-06-20,4,0,summer,178081,2025-06-01,2025,6,15.0,50.0,3.5
NYC,2025-06-21,5,1,summer,171861,2025-06-01,2025,6,15.0,50.0,3.5
NYC,2025-06-22,6,1,summer,135401,2025-06-01,2025,6,15.0,50.0,3.5
NYC,2025-06-23,0,0,summer,155671,2025-06-01,2025,6,15.0,50.0,3.5
NYC,2025-06-24,1,0,summer,164465,2025-06-01,2025,6,15.0,50.0,3.5
NYC,2025-06-25,2,0,summer,170682,2025-06-01,2025,6,15.0,50.0,3.5
NYC,2025-06-26,3,0,summer,176229,2025-06-01,2025,6,15.0,50.0,3.5
NYC,2025-06-27,4,0,summer,167190,2025-06-01,2025,6,15.0,50.0,3.5
NYC,2025-06-28,5,1,summer,162702,2025-06-01,2025,6,15.0,50.0,3.5
NYC,2025-06-29,6,1,summer,155087,2025-06-01,2025,6,15.0,50.0,3.5
NYC,2025-06-30,0,0,summer,153740,2025-06-01,2025,6,15.0,50.0,3.5
NYC,2025-07-01,1,0,summer,121629,2025-07-01,2025,7,15.0,50.0,3.5
NYC,2025-07-02,2,0,summer,160704,2025-07-01,2025,7,15.0,50.0,3.5
NYC,2025-07-03,3,0,summer,144992,2025-07-01,2025,7,15.0,50.0,3.5
NYC,2025-07-04,4,0,summer,127580,2025-07-01,2025,7,15.0,50.0,3.5
NYC,2025-07-05,5,1,summer,128927,2025-07-01,2025,7,15.0,50.0,3.5
NYC,2025-07-06,6,1,summer,131976,2025-07-01,2025,7,15.0,50.0,3.5
NYC,2025-07-07,0,0,summer,148110,2025-07-01,2025,7,15.0,50.0,3.5
NYC,2025-07-08,1,0,summer,152757,2025-07-01,2025,7,15.0,50.0,3.5
NYC,2025-07-09,2,0,summer,170282,2025-07-01,2025,7,15.0,50.0,3.5
NYC,2025-07-10,3,0,summer,173716,2025-07-01,2025,7,15.0,50.0,3.5
NYC,2025-07-11,4,0,summer,175912,2025-07-01,2025,7,15.0,50.0,3.5
NYC,2025-07-12,5,1,summer,178285,2025-07-01,2025,7,15.0,50.0,3.5
NYC,2025-07-13,6,1,summer,162513,2025-07-01,2025,7,15.0,50.0,3.5
NYC,2025-07-14,0,0,summer,114203,2025-07-01,2025,7,15.0,50.0,3.5
NYC,2025-07-15,1,0,summer,176500,2025-07-01,2025,7,15.0,50.0,3.5
NYC,2025-07-16,2,0,summer,182367,2025-07-01,2025,7,15.0,50.0,3.5
NYC,2025-07-17,3,0,summer,179372,2025-07-01,2025,7,15.0,50.0,3.5
NYC,2025-07-18,4,0,summer,179939,2025-07-01,2025,7,15.0,50.0,3.5
NYC,2025-07-19,5,1,summer,170319,2025-07-01,2025,7,15.0,50.0,3.5
NYC,2025-07-20,6,1,summer,154019,2025-07-01,2025,7,15.0,50.0,3.5
NYC,2025-07-21,0,0,summer,166607,2025-07-01,2025,7,15.0,50.0,3.5
NYC,2025-07-22,1,0,summer,182565,2025-07-01,2025,7,15.0,50.0,3.5
NYC,2025-07-23,2,0,summer,186079,2025-07-01,2025,7,15.0,50.0,3.5
NYC,2025-07-24,3,0,summer,184475,2025-07-01,2025,7,15.0,50.0,3.5
NYC,2025-07-25,4,0,summer,164157,2025-07-01,2025,7,15.0,50.0,3.5
NYC,2025-07-26,5,1,summer,177332,2025-07-01,2025,7,15.0,50.0,3.5
NYC,2025-07-27,6,1,summer,147170,2025-07-01,2025,7,15.0,50.0,3.5
NYC,2025-07-28,0,0,summer,163145,2025-07-01,2025,7,15.0,50.0,3.5
NYC,2025-07-29,1,0,summer,176401,2025-07-01,2025,7,15.0,50.0,3.5
NYC,2025-07-30,2,0,summer,171360,2025-07-01,2025,7,15.0,50.0,3.5
NYC,2025-07-31,3,0,summer,134170,2025-07-01,2025,7,15.0,50.0,3.5
NYC,2025-08-01,4,0,summer,165543,2025-08-01,2025,8,15.0,50.0,3.5
NYC,2025-08-02,5,1,summer,201982,2025-08-01,2025,8,15.0,50.0,3.5
NYC,2025-08-03,6,1,summer,164066,2025-08-01,2025,8,15.0,50.0,3.5
NYC,2025-08-04,0,0,summer,165812,2025-08-01,2025,8,15.0,50.0,3.5
NYC,2025-08-05,1,0,summer,177107,2025-08-01,2025,8,15.0,50.0,3.5
NYC,2025-08-06,2,0,summer,167091,2025-08-01,2025,8,15.0,50.0,3.5
NYC,2025-08-07,3,0,summer,180560,2025-08-01,2025,8,15.0,50.0,3.5
NYC,2025-08-08,4,0,summer,177838,2025-08-01,2025,8,15.0,50.0,3.5
NYC,2025-08-09,5,1,summer,200833,2025-08-01,2025,8,15.0,50.0,3.5
NYC,2025-08-10,6,1,summer,159063,2025-08-01,2025,8,15.0,50.0,3.5
NYC,2025-08-11,0,0,summer,162771,2025-08-01,2025,8,15.0,50.0,3.5
NYC,2025-08-12,1,0,summer,177985,2025-08-01,2025,8,15.0,50.0,3.5
NYC,2025-08-13,2,0,summer,139506,2025-08-01,2025,8,15.0,50.0,3.5
NYC,2025-08-14,3,0,summer,176192,2025-08-01,2025,8,15.0,50.0,3.5
NYC,2025-08-15,4,0,summer,174515,2025-08-01,2025,8,15.0,50.0,3.5
NYC,2025-08-16,5,1,summer,199863,2025-08-01,2025,8,15.0,50.0,3.5
NYC,2025-08-17,6,1,summer,139955,2025-08-01,2025,8,15.0,50.0,3.5
NYC,2025-08-18,0,0,summer,155612,2025-08-01,2025,8,15.0,50.0,3.5
NYC,2025-08-19,1,0,summer,174079,2025-08-01,2025,8,15.0,50.0,3.5
NYC,2025-08-20,2,0,summer,92998,2025-08-01,2025,8,15.0,50.0,3.5
NYC,2025-08-21,3,0,summer,150247,2025-08-01,2025,8,15.0,50.0,3.5
NYC,2025-08-22,4,0,summer,171304,2025-08-01,2025,8,15.0,50.0,3.5
NYC,2025-08-23,5,1,summer,175509,2025-08-01,2025,8,15.0,50.0,3.5
NYC,2025-08-24,6,1,summer,152582,2025-08-01,2025,8,15.0,50.0,3.5
NYC,2025-08-25,0,0,summer,156096,2025-08-01,2025,8,15.0,50.0,3.5
NYC,2025-08-26,1,0,summer,170865,2025-08-01,2025,8,15.0,50.0,3.5
NYC,2025-08-27,2,0,summer,171788,2025-08-01,2025,8,15.0,50.0,3.5
NYC,2025-08-28,3,0,summer,168591,2025-08-01,2025,8,15.0,50.0,3.5
NYC,2025-08-29,4,0,summer,158463,2025-08-01,2025,8,15.0,50.0,3.5
NYC,2025-08-30,5,1,summer,149732,2025-08-01,2025,8,15.0,50.0,3.5
NYC,2025-08-31,6,1,summer,143626,2025-08-01,2025,8,15.0,50.0,3.5
NYC,2025-09-01,0,0,fall,142324,2025-09-01,2025,9,15.0,50.0,3.5
NYC,2025-09-02,1,0,fall,171331,2025-09-01,2025,9,15.0,50.0,3.5
NYC,2025-09-03,2,0,fall,184402,2025-09-01,2025,9,15.0,50.0,3.5
NYC,2025-09-04,3,0,fall,181816,2025-09-01,2025,9,15.0,50.0,3.5
NYC,2025-09-05,4,0,fall,190566,2025-09-01,2025,9,15.0,50.0,3.5
NYC,2025-09-06,5,1,fall,137363,2025-09-01,2025,9,15.0,50.0,3.5
NYC,2025-09-07,6,1,fall,112345,2025-09-01,2025,9,15.0,50.0,3.5
NYC,2025-09-08,0,0,fall,175878,2025-09-01,2025,9,15.0,50.0,3.5
NYC,2025-09-09,1,0,fall,187604,2025-09-01,2025,9,15.0,50.0,3.5
NYC,2025-09-10,2,0,fall,160327,2025-09-01,2025,9,15.0,50.0,3.5
NYC,2025-09-11,3,0,fall,199749,2025-09-01,2025,9,15.0,50.0,3.5
NYC,2025-09-12,4,0,fall,199929,2025-09-01,2025,9,15.0,50.0,3.5
NYC,2025-09-13,5,1,fall,195178,2025-09-01,2025,9,15.0,50.0,3.5
NYC,2025-09-14,6,1,fall,173602,2025-09-01,2025,9,15.0,50.0,3.5
NYC,2025-09-15,0,0,fall,176098,2025-09-01,2025,9,15.0,50.0,3.5
NYC,2025-09-16,1,0,fall,185976,2025-09-01,2025,9,15.0,50.0,3.5
NYC,2025-09-17,2,0,fall,169310,2025-09-01,2025,9,15.0,50.0,3.5
NYC,2025-09-18,3,0,fall,199311,2025-09-01,2025,9,15.0,50.0,3.5
NYC,2025-09-19,4,0,fall,201651,2025-09-01,2025,9,15.0,50.0,3.5
NYC,2025-09-20,5,1,fall,190301,2025-09-01,2025,9,15.0,50.0,3.5
NYC,2025-09-21,6,1,fall,161411,2025-09-01,2025,9,15.0,50.0,3.5
NYC,2025-09-22,0,0,fall,168030,2025-09-01,2025,9,15.0,50.0,3.5
NYC,2025-09-23,1,0,fall,178906,2025-09-01,2025,9,15.0,50.0,3.5
NYC,2025-09-24,2,0,fall,172384,2025-09-01,2025,9,15.0,50.0,3.5
NYC,2025-09-25,3,0,fall,148184,2025-09-01,2025,9,15.0,50.0,3.5
NYC,2025-09-26,4,0,fall,202031,2025-09-01,2025,9,15.0,50.0,3.5
NYC,2025-09-27,5,1,fall,185839,2025-09-01,2025,9,15.0,50.0,3.5
NYC,2025-09-28,6,1,fall,166156,2025-09-01,2025,9,15.0,50.0,3.5
NYC,2025-09-29,0,0,fall,176322,2025-09-01,2025,9,15.0,50.0,3.5
NYC,2025-09-30,1,0,fall,192831,2025-09-01,2025,9,15.0,50.0,3.5
NYC,2025-10-01,2,0,fall,186152,2025-10-01,2025,10,15.0,50.0,3.5
NYC,2025-10-02,3,0,fall,170113,2025-10-01,2025,10,15.0,50.0,3.5
NYC,2025-10-03,4,0,fall,186772,2025-10-01,2025,10,15.0,50.0,3.5
NYC,2025-10-04,5,1,fall,188107,2025-10-01,2025,10,15.0,50.0,3.5
NYC,2025-10-05,6,1,fall,169204,2025-10-01,2025,10,15.0,50.0,3.5
NYC,2025-10-06,0,0,fall,173796,2025-10-01,2025,10,15.0,50.0,3.5
NYC,2025-10-07,1,0,fall,186879,2025-10-01,2025,10,15.0,50.0,3.5
NYC,2025-10-08,2,0,fall,147259,2025-10-01,2025,10,15.0,50.0,3.5
NYC,2025-10-09,3,0,fall,173367,2025-10-01,2025,10,15.0,50.0,3.5
NYC,2025-10-10,4,0,fall,170692,2025-10-01,2025,10,15.0,50.0,3.5
NYC,2025-10-11,5,1,fall,120557,2025-10-01,2025,10,15.0,50.0,3.5
NYC,2025-10-12,6,1,fall,75938,2025-10-01,2025,10,15.0,50.0,3.5
NYC,2025-10-13,0,0,fall,61111,2025-10-01,2025,10,15.0,50.0,3.5
NYC,2025-10-14,1,0,fall,148766,2025-10-01,2025,10,15.0,50.0,3.5
NYC,2025-10-15,2,0,fall,172792,2025-10-01,2025,10,15.0,50.0,3.5
NYC,2025-10-16,3,0,fall,163938,2025-10-01,2025,10,15.0,50.0,3.5
NYC,2025-10-17,4,0,fall,169982,2025-10-01,2025,10,15.0,50.0,3.5
NYC,2025-10-18,5,1,fall,169240,2025-10-01,2025,10,15.0,50.0,3.5
NYC,2025-10-19,6,1,fall,155422,2025-10-01,2025,10,15.0,50.0,3.5
NYC,2025-10-20,0,0,fall,121058,2025-10-01,2025,10,15.0,50.0,3.5
NYC,2025-10-21,1,0,fall,168812,2025-10-01,2025,10,15.0,50.0,3.5
NYC,2025-10-22,2,0,fall,163714,2025-10-01,2025,10,15.0,50.0,3.5
NYC,2025-10-23,3,0,fall,162978,2025-10-01,2025,10,15.0,50.0,3.5
NYC,2025-10-24,4,0,fall,164319,2025-10-01,2025,10,15.0,50.0,3.5
NYC,2025-10-25,5,1,fall,148611,2025-10-01,2025,10,15.0,50.0,3.5
NYC,2025-10-26,6,1,fall,133479,2025-10-01,2025,10,15.0,50.0,3.5
NYC,2025-10-27,0,0,fall,141736,2025-10-01,2025,10,15.0,50.0,3.5
NYC,2025-10-28,1,0,fall,147286,2025-10-01,2025,10,15.0,50.0,3.5
NYC,2025-10-29,2,0,fall,156560,2025-10-01,2025,10,15.0,50.0,3.5
NYC,2025-10-30,3,0,fall,76426,2025-10-01,2025,10,15.0,50.0,3.5
NYC,2025-10-31,4,0,fall,157292,2025-10-01,2025,10,15.0,50.0,3.5
NYC,2025-11-01,5,1,fall,149459,2025-11-01,2025,11,15.0,50.0,3.5
NYC,2025-11-02,6,1,fall,147439,2025-11-01,2025,11,15.0,50.0,3.5
NYC,2025-11-03,0,0,fall,138852,2025-11-01,2025,11,15.0,50.0,3.5
NYC,2025-11-04,1,0,fall,151965,2025-11-01,2025,11,15.0,50.0,3.5
NYC,2025-11-05,2,0,fall,159075,2025-11-01,2025,11,15.0,50.0,3.5
NYC,2025-11-06,3,0,fall,145401,2025-11-01,2025,11,15.0,50.0,3.5
NYC,2025-11-07,4,0,fall,150432,2025-11-01,2025,11,15.0,50.0,3.5
NYC,2025-11-08,5,1,fall,154474,2025-11-01,2025,11,15.0,50.0,3.5
NYC,2025-11-09,6,1,fall,96920,2025-11-01,2025,11,15.0,50.0,3.5
NYC,2025-11-10,0,0,fall,106702,2025-11-01,2025,11,15.0,50.0,3.5
NYC,2025-11-11,1,0,fall,96739,2025-11-01,2025,11,15.0,50.0,3.5
NYC,2025-11-12,2,0,fall,124849,2025-11-01,2025,11,15.0,50.0,3.5
NYC,2025-11-13,3,0,fall,129854,2025-11-01,2025,11,15.0,50.0,3.5
NYC,2025-11-14,4,0,fall,136936,2025-11-01,2025,11,15.0,50.0,3.5
NYC,2025-11-15,5,1,fall,116993,2025-11-01,2025,11,15.0,50.0,3.5
NYC,2025-11-16,6,1,fall,97653,2025-11-01,2025,11,15.0,50.0,3.5
NYC,2025-11-17,0,0,fall,104188,2025-11-01,2025,11,15.0,50.0,3.5
NYC,2025-11-18,1,0,fall,120183,2025-11-01,2025,11,15.0,50.0,3.5
NYC,2025-11-19,2,0,fall,107186,2025-11-01,2025,11,15.0,50.0,3.5
NYC,2025-11-20,3,0,fall,129501,2025-11-01,2025,11,15.0,50.0,3.5
NYC,2025-11-21,4,0,fall,135357,2025-11-01,2025,11,15.0,50.0,3.5
NYC,2025-11-22,5,1,fall,105597,2025-11-01,2025,11,15.0,50.0,3.5
NYC,2025-11-23,6,1,fall,93057,2025-11-01,2025,11,15.0,50.0,3.5
NYC,2025-11-24,0,0,fall,116367,2025-11-01,2025,11,15.0,50.0,3.5
NYC,2025-11-25,1,0,fall,86361,2025-11-01,2025,11,15.0,50.0,3.5
NYC,2025-11-26,2,0,fall,102528,2025-11-01,2025,11,15.0,50.0,3.5
NYC,2025-11-27,3,0,fall,45282,2025-11-01,2025,11,15.0,50.0,3.5
NYC,2025-11-28,4,0,fall,53786,2025-11-01,2025,11,15.0,50.0,3.5
NYC,2025-11-29,5,1,fall,64496,2025-11-01,2025,11,15.0,50.0,3.5
NYC,2025-11-30,6,1,fall,48460,2025-11-01,2025,11,15.0,50.0,3.5
NYC,2025-12-01,0,0,winter,100680,2025-12-01,2025,12,,,
NYC,2025-12-02,1,0,winter,64912,2025-12-01,2025,12,,,
NYC,2025-12-03,2,0,winter,104404,2025-12-01,2025,12,,,
NYC,2025-12-04,3,0,winter,99886,2025-12-01,2025,12,,,
NYC,2025-12-05,4,0,winter,87781,2025-12-01,2025,12,,,
NYC,2025-12-06,5,1,winter,88796,2025-12-01,2025,12,,,
NYC,2025-12-07,6,1,winter,81579,2025-12-01,2025,12,,,
NYC,2025-12-08,0,0,winter,79502,2025-12-01,2025,12,,,
NYC,2025-12-09,1,0,winter,87423,2025-12-01,2025,12,,,
NYC,2025-12-10,2,0,winter,89010,2025-12-01,2025,12,,,
NYC,2025-12-11,3,0,winter,92253,2025-12-01,2025,12,,,
NYC,2025-12-12,4,0,winter,91446,2025-12-01,2025,12,,,
NYC,2025-12-13,5,1,winter,87040,2025-12-01,2025,12,,,
NYC,2025-12-14,6,1,winter,24157,2025-12-01,2025,12,,,
NYC,2025-12-15,0,0,winter,53091,2025-12-01,2025,12,,,
NYC,2025-12-16,1,0,winter,70854,2025-12-01,2025,12,,,
NYC,2025-12-17,2,0,winter,90379,2025-12-01,2025,12,,,
NYC,2025-12-18,3,0,winter,105353,2025-12-01,2025,12,,,
NYC,2025-12-19,4,0,winter,62437,2025-12-01,2025,12,,,
NYC,2025-12-20,5,1,winter,71200,2025-12-01,2025,12,,,
NYC,2025-12-21,6,1,winter,57868,2025-12-01,2025,12,,,
NYC,2025-12-22,0,0,winter,68650,2025-12-01,2025,12,,,
NYC,2025-12-23,1,0,winter,48435,2025-12-01,2025,12,,,
NYC,2025-12-24,2,0,winter,50848,2025-12-01,2025,12,,,
NYC,2025-12-25,3,0,winter,25536,2025-12-01,2025,12,,,
NYC,2025-12-26,4,0,winter,30152,2025-12-01,2025,12,,,
NYC,2025-12-27,5,1,winter,12871,2025-12-01,2025,12,,,
NYC,2025-12-28,6,1,winter,23502,2025-12-01,2025,12,,,
NYC,2025-12-29,0,0,winter,41176,2025-12-01,2025,12,,,
NYC,2025-12-30,1,0,winter,49315,2025-12-01,2025,12,,,
NYC,2025-12-31,2,0,winter,50947,2025-12-01,2025,12,,,
Seoul,2023-01-01,6,1,winter,38037,,2023,1,-1.5225806451612904,47.9,2.396774193548387
Seoul,2023-01-02,0,0,winter,56609,,2023,1,-1.5225806451612904,47.9,2.396774193548387
Seoul,2023-01-03,1,0,winter,61252,,2023,1,-1.5225806451612904,47.9,2.396774193548387
Seoul,2023-01-04,2,0,winter,67721,,2023,1,-1.5225806451612904,47.9,2.396774193548387
Seoul,2023-01-05,3,0,winter,68711,,2023,1,-1.5225806451612904,47.9,2.396774193548387
Seoul,2023-01-06,4,0,winter,63125,,2023,1,-1.5225806451612904,47.9,2.396774193548387
Seoul,2023-01-07,5,1,winter,42492,,2023,1,-1.5225806451612904,47.9,2.396774193548387
Seoul,2023-01-08,6,1,winter,44620,,2023,1,-1.5225806451612904,47.9,2.396774193548387
Seoul,2023-01-09,0,0,winter,74134,,2023,1,-1.5225806451612904,47.9,2.396774193548387
Seoul,2023-01-10,1,0,winter,80604,,2023,1,-1.5225806451612904,47.9,2.396774193548387
Seoul,2023-01-11,2,0,winter,81988,,2023,1,-1.5225806451612904,47.9,2.396774193548387
Seoul,2023-01-12,3,0,winter,87595,,2023,1,-1.5225806451612904,47.9,2.396774193548387
Seoul,2023-01-13,4,0,winter,20792,,2023,1,-1.5225806451612904,47.9,2.396774193548387
Seoul,2023-01-14,5,1,winter,25896,,2023,1,-1.5225806451612904,47.9,2.396774193548387
Seoul,2023-01-15,6,1,winter,21415,,2023,1,-1.5225806451612904,47.9,2.396774193548387
Seoul,2023-01-16,0,0,winter,61311,,2023,1,-1.5225806451612904,47.9,2.396774193548387
Seoul,2023-01-17,1,0,winter,67337,,2023,1,-1.5225806451612904,47.9,2.396774193548387
Seoul,2023-01-18,2,0,winter,71361,,2023,1,-1.5225806451612904,47.9,2.396774193548387
Seoul,2023-01-19,3,0,winter,68359,,2023,1,-1.5225806451612904,47.9,2.396774193548387
Seoul,2023-01-20,4,0,winter,51398,,2023,1,-1.5225806451612904,47.9,2.396774193548387
Seoul,2023-01-21,5,1,winter,30226,,2023,1,-1.5225806451612904,47.9,2.396774193548387
Seoul,2023-01-22,6,1,winter,22752,,2023,1,-1.5225806451612904,47.9,2.396774193548387
Seoul,2023-01-23,0,0,winter,30880,,2023,1,-1.5225806451612904,47.9,2.396774193548387
Seoul,2023-01-24,1,0,winter,15265,,2023,1,-1.5225806451612904,47.9,2.396774193548387
Seoul,2023-01-25,2,0,winter,38329,,2023,1,-1.5225806451612904,47.9,2.396774193548387
Seoul,2023-01-26,3,0,winter,24340,,2023,1,-1.5225806451612904,47.9,2.396774193548387
Seoul,2023-01-27,4,0,winter,40221,,2023,1,-1.5225806451612904,47.9,2.396774193548387
Seoul,2023-01-28,5,1,winter,35890,,2023,1,-1.5225806451612904,47.9,2.396774193548387
Seoul,2023-01-29,6,1,winter,38347,,2023,1,-1.5225806451612904,47.9,2.396774193548387
Seoul,2023-01-30,0,0,winter,65611,,2023,1,-1.5225806451612904,47.9,2.396774193548387
Seoul,2023-01-31,1,0,winter,74828,,2023,1,-1.5225806451612904,47.9,2.396774193548387
Seoul,2023-02-01,2,0,winter,72476,,2023,2,2.3000000000000003,1.0,2.278571428571429
Seoul,2023-02-02,3,0,winter,70755,,2023,2,2.3000000000000003,1.0,2.278571428571429
Seoul,2023-02-03,4,0,winter,72693,,2023,2,2.3000000000000003,1.0,2.278571428571429
Seoul,2023-02-04,5,1,winter,57939,,2023,2,2.3000000000000003,1.0,2.278571428571429
Seoul,2023-02-05,6,1,winter,53806,,2023,2,2.3000000000000003,1.0,2.278571428571429
Seoul,2023-02-06,0,0,winter,81306,,2023,2,2.3000000000000003,1.0,2.278571428571429
Seoul,2023-02-07,1,0,winter,86528,,2023,2,2.3000000000000003,1.0,2.278571428571429
Seoul,2023-02-08,2,0,winter,86848,,2023,2,2.3000000000000003,1.0,2.278571428571429
Seoul,2023-02-09,3,0,winter,89612,,2023,2,2.3000000000000003,1.0,2.278571428571429
Seoul,2023-02-10,4,0,winter,68845,,2023,2,2.3000000000000003,1.0,2.278571428571429
Seoul,2023-02-11,5,1,winter,70625,,2023,2,2.3000000000000003,1.0,2.278571428571429
Seoul,2023-02-12,6,1,winter,60692,,2023,2,2.3000000000000003,1.0,2.278571428571429
Seoul,2023-02-13,0,0,winter,91952,,2023,2,2.3000000000000003,1.0,2.278571428571429
Seoul,2023-02-14,1,0,winter,89966,,2023,2,2.3000000000000003,1.0,2.278571428571429
Seoul,2023-02-15,2,0,winter,94666,,2023,2,2.3000000000000003,1.0,2.278571428571429
Seoul,2023-02-16,3,0,winter,87394,,2023,2,2.3000000000000003,1.0,2.278571428571429
Seoul,2023-02-17,4,0,winter,95472,,2023,2,2.3000000000000003,1.0,2.278571428571429
Seoul,2023-02-18,5,1,winter,72419,,2023,2,2.3000000000000003,1.0,2.278571428571429
Seoul,2023-02-19,6,1,winter,57600,,2023,2,2.3000000000000003,1.0,2.278571428571429
Seoul,2023-02-20,0,0,winter,75725,,2023,2,2.3000000000000003,1.0,2.278571428571429
Seoul,2023-02-21,1,0,winter,81584,,2023,2,2.3000000000000003,1.0,2.278571428571429
Seoul,2023-02-22,2,0,winter,90322,,2023,2,2.3000000000000003,1.0,2.278571428571429
Seoul,2023-02-23,3,0,winter,94719,,2023,2,2.3000000000000003,1.0,2.278571428571429
Seoul,2023-02-24,4,0,winter,92586,,2023,2,2.3000000000000003,1.0,2.278571428571429
Seoul,2023-02-25,5,1,winter,68023,,2023,2,2.3000000000000003,1.0,2.278571428571429
Seoul,2023-02-26,6,1,winter,66858,,2023,2,2.3000000000000003,1.0,2.278571428571429
Seoul,2023-02-27,0,0,winter,97898,,2023,2,2.3000000000000003,1.0,2.278571428571429
Seoul,2023-02-28,1,0,winter,102196,,2023,2,2.3000000000000003,1.0,2.278571428571429
Seoul,2023-03-01,2,0,spring,79638,,2023,3,9.780645161290321,10.5,2.3483870967741933
Seoul,2023-03-02,3,0,spring,95453,,2023,3,9.780645161290321,10.5,2.3483870967741933
Seoul,2023-03-03,4,0,spring,107215,,2023,3,9.780645161290321,10.5,2.3483870967741933
Seoul,2023-03-04,5,1,spring,97286,,2023,3,9.780645161290321,10.5,2.3483870967741933
Seoul,2023-03-05,6,1,spring,95137,,2023,3,9.780645161290321,10.5,2.3483870967741933
Seoul,2023-03-06,0,0,spring,121403,,2023,3,9.780645161290321,10.5,2.3483870967741933
Seoul,2023-03-07,1,0,spring,132494,,2023,3,9.780645161290321,10.5,2.3483870967741933
Seoul,2023-03-08,2,0,spring,126428,,2023,3,9.780645161290321,10.5,2.3483870967741933
Seoul,2023-03-09,3,0,spring,109299,,2023,3,9.780645161290321,10.5,2.3483870967741933
Seoul,2023-03-10,4,0,spring,138823,,2023,3,9.780645161290321,10.5,2.3483870967741933
Seoul,2023-03-11,5,1,spring,129567,,2023,3,9.780645161290321,10.5,2.3483870967741933
Seoul,2023-03-12,6,1,spring,40919,,2023,3,9.780645161290321,10.5,2.3483870967741933
Seoul,2023-03-13,0,0,spring,103769,,2023,3,9.780645161290321,10.5,2.3483870967741933
Seoul,2023-03-14,1,0,spring,130020,,2023,3,9.780645161290321,10.5,2.3483870967741933
Seoul,2023-03-15,2,0,spring,123017,,2023,3,9.780645161290321,10.5,2.3483870967741933
Seoul,2023-03-16,3,0,spring,118553,,2023,3,9.780645161290321,10.5,2.3483870967741933
Seoul,2023-03-17,4,0,spring,128106,,2023,3,9.780645161290321,10.5,2.3483870967741933
Seoul,2023-03-18,5,1,spring,114617,,2023,3,9.780645161290321,10.5,2.3483870967741933
Seoul,2023-03-19,6,1,spring,110627,,2023,3,9.780645161290321,10.5,2.3483870967741933
Seoul,2023-03-20,0,0,spring,131591,,2023,3,9.780645161290321,10.5,2.3483870967741933
Seoul,2023-03-21,1,0,spring,150433,,2023,3,9.780645161290321,10.5,2.3483870967741933
Seoul,2023-03-22,2,0,spring,154551,,2023,3,9.780645161290321,10.5,2.3483870967741933
Seoul,2023-03-23,3,0,spring,146757,,2023,3,9.780645161290321,10.5,2.3483870967741933
Seoul,2023-03-24,4,0,spring,149034,,2023,3,9.780645161290321,10.5,2.3483870967741933
Seoul,2023-03-25,5,1,spring,136959,,2023,3,9.780645161290321,10.5,2.3483870967741933
Seoul,2023-03-26,6,1,spring,121288,,2023,3,9.780645161290321,10.5,2.3483870967741933
Seoul,2023-03-27,0,0,spring,137985,,2023,3,9.780645161290321,10.5,2.3483870967741933
Seoul,2023-03-28,1,0,spring,151848,,2023,3,9.780645161290321,10.5,2.3483870967741933
Seoul,2023-03-29,2,0,spring,161395,,2023,3,9.780645161290321,10.5,2.3483870967741933
Seoul,2023-03-30,3,0,spring,167433,,2023,3,9.780645161290321,10.5,2.3483870967741933
Seoul,2023-03-31,4,0,spring,173890,,2023,3,9.780645161290321,10.5,2.3483870967741933
Seoul,2023-04-01,5,1,spring,171977,,2023,4,13.8,96.89999999999999,2.51
Seoul,2023-04-02,6,1,spring,172417,,2023,4,13.8,96.89999999999999,2.51
Seoul,2023-04-03,0,0,spring,181275,,2023,4,13.8,96.89999999999999,2.51
Seoul,2023-04-04,1,0,spring,136861,,2023,4,13.8,96.89999999999999,2.51
Seoul,2023-04-05,2,0,spring,23103,,2023,4,13.8,96.89999999999999,2.51
Seoul,2023-04-06,3,0,spring,62143,,2023,4,13.8,96.89999999999999,2.51
Seoul,2023-04-07,4,0,spring,140643,,2023,4,13.8,96.89999999999999,2.51
Seoul,2023-04-08,5,1,spring,131981,,2023,4,13.8,96.89999999999999,2.51
Seoul,2023-04-09,6,1,spring,131332,,2023,4,13.8,96.89999999999999,2.51
Seoul,2023-04-10,0,0,spring,163117,,2023,4,13.8,96.89999999999999,2.51
Seoul,2023-04-11,1,0,spring,105357,,2023,4,13.8,96.89999999999999,2.51
Seoul,2023-04-12,2,0,spring,143620,,2023,4,13.8,96.89999999999999,2.51
Seoul,2023-04-13,3,0,spring,148980,,2023,4,13.8,96.89999999999999,2.51
Seoul,2023-04-14,4,0,spring,167790,,2023,4,13.8,96.89999999999999,2.51
Seoul,2023-04-15,5,1,spring,97305,,2023,4,13.8,96.89999999999999,2.51
Seoul,2023-04-16,6,1,spring,112187,,2023,4,13.8,96.89999999999999,2.51
Seoul,2023-04-17,0,0,spring,160891,,2023,4,13.8,96.89999999999999,2.51
Seoul,2023-04-18,1,0,spring,106064,,2023,4,13.8,96.89999999999999,2.51
Seoul,2023-04-19,2,0,spring,180747,,2023,4,13.8,96.89999999999999,2.51
Seoul,2023-04-20,3,0,spring,150795,,2023,4,13.8,96.89999999999999,2.51
Seoul,2023-04-21,4,0,spring,177951,,2023,4,13.8,96.89999999999999,2.51
Seoul,2023-04-22,5,1,spring,158022,,2023,4,13.8,96.89999999999999,2.51
Seoul,2023-04-23,6,1,spring,140444,,2023,4,13.8,96.89999999999999,2.51
Seoul,2023-04-24,0,0,spring,170623,,2023,4,13.8,96.89999999999999,2.51
Seoul,2023-04-25,1,0,spring,88208,,2023,4,13.8,96.89999999999999,2.51
Seoul,2023-04-26,2,0,spring,153562,,2023,4,13.8,96.89999999999999,2.51
Seoul,2023-04-27,3,0,spring,174520,,2023,4,13.8,96.89999999999999,2.51
Seoul,2023-04-28,4,0,spring,165729,,2023,4,13.8,96.89999999999999,2.51
Seoul,2023-04-29,5,1,spring,51329,,2023,4,13.8,96.89999999999999,2.51
Seoul,2023-04-30,6,1,spring,113123,,2023,4,13.8,96.89999999999999,2.51
Seoul,2023-05-01,0,0,spring,169163,,2023,5,19.52258064516129,155.6,2.3483870967741933
Seoul,2023-05-02,1,0,spring,181358,,2023,5,19.52258064516129,155.6,2.3483870967741933
Seoul,2023-05-03,2,0,spring,191700,,2023,5,19.52258064516129,155.6,2.3483870967741933
Seoul,2023-05-04,3,0,spring,177946,,2023,5,19.52258064516129,155.6,2.3483870967741933
Seoul,2023-05-05,4,0,spring,15582,,2023,5,19.52258064516129,155.6,2.3483870967741933
Seoul,2023-05-06,5,1,spring,38108,,2023,5,19.52258064516129,155.6,2.3483870967741933
Seoul,2023-05-07,6,1,spring,122748,,2023,5,19.52258064516129,155.6,2.3483870967741933
Seoul,2023-05-08,0,0,spring,178650,,2023,5,19.52258064516129,155.6,2.3483870967741933
Seoul,2023-05-09,1,0,spring,186373,,2023,5,19.52258064516129,155.6,2.3483870967741933
Seoul,2023-05-10,2,0,spring,188820,,2023,5,19.52258064516129,155.6,2.3483870967741933
Seoul,2023-05-11,3,0,spring,188666,,2023,5,19.52258064516129,155.6,2.3483870967741933
Seoul,2023-05-12,4,0,spring,191294,,2023,5,19.52258064516129,155.6,2.3483870967741933
Seoul,2023-05-13,5,1,spring,164530,,2023,5,19.52258064516129,155.6,2.3483870967741933
Seoul,2023-05-14,6,1,spring,159839,,2023,5,19.52258064516129,155.6,2.3483870967741933
Seoul,2023-05-15,0,0,spring,191110,,2023,5,19.52258064516129,155.6,2.3483870967741933
Seoul,2023-05-16,1,0,spring,191713,,2023,5,19.52258064516129,155.6,2.3483870967741933
Seoul,2023-05-17,2,0,spring,193524,,2023,5,19.52258064516129,155.6,2.3483870967741933
Seoul,2023-05-18,3,0,spring,175236,,2023,5,19.52258064516129,155.6,2.3483870967741933
Seoul,2023-05-19,4,0,spring,200052,,2023,5,19.52258064516129,155.6,2.3483870967741933
Seoul,2023-05-20,5,1,spring,170201,,2023,5,19.52258064516129,155.6,2.3483870967741933
Seoul,2023-05-21,6,1,spring,146665,,2023,5,19.52258064516129,155.6,2.3483870967741933
Seoul,2023-05-22,0,0,spring,178834,,2023,5,19.52258064516129,155.6,2.3483870967741933
Seoul,2023-05-23,1,0,spring,199093,,2023,5,19.52258064516129,155.6,2.3483870967741933
Seoul,2023-05-24,2,0,spring,197705,,2023,5,19.52258064516129,155.6,2.3483870967741933
Seoul,2023-05-25,3,0,spring,194905,,2023,5,19.52258064516129,155.6,2.3483870967741933
Seoul,2023-05-26,4,0,spring,195431,,2023,5,19.52258064516129,155.6,2.3483870967741933
Seoul,2023-05-27,5,1,spring,31642,,2023,5,19.52258064516129,155.6,2.3483870967741933
Seoul,2023-05-28,6,1,spring,4992,,2023,5,19.52258064516129,155.6,2.3483870967741933
Seoul,2023-05-29,0,0,spring,142076,,2023,5,19.52258064516129,155.6,2.3483870967741933
Seoul,2023-05-30,1,0,spring,188617,,2023,5,19.52258064516129,155.6,2.3483870967741933
Seoul,2023-05-31,2,0,spring,196321,,2023,5,19.52258064516129,155.6,2.3483870967741933
Seoul,2023-06-01,3,0,summer,199164,,2023,6,23.383333333333333,195.6,2.1933333333333334
Seoul,2023-06-02,4,0,summer,201999,,2023,6,23.383333333333333,195.6,2.1933333333333334
Seoul,2023-06-03,5,1,summer,170766,,2023,6,23.383333333333333,195.6,2.1933333333333334
Seoul,2023-06-04,6,1,summer,155376,,2023,6,23.383333333333333,195.6,2.1933333333333334
Seoul,2023-06-05,0,0,summer,194306,,2023,6,23.383333333333333,195.6,2.1933333333333334
Seoul,2023-06-06,1,0,summer,167366,,2023,6,23.383333333333333,195.6,2.1933333333333334
Seoul,2023-06-07,2,0,summer,196585,,2023,6,23.383333333333333,195.6,2.1933333333333334
Seoul,2023-06-08,3,0,summer,169188,,2023,6,23.383333333333333,195.6,2.1933333333333334
Seoul,2023-06-09,4,0,summer,193084,,2023,6,23.383333333333333,195.6,2.1933333333333334
Seoul,2023-06-10,5,1,summer,141922,,2023,6,23.383333333333333,195.6,2.1933333333333334
Seoul,2023-06-11,6,1,summer,131271,,2023,6,23.383333333333333,195.6,2.1933333333333334
Seoul,2023-06-12,0,0,summer,183371,,2023,6,23.383333333333333,195.6,2.1933333333333334
Seoul,2023-06-13,1,0,summer,203584,,2023,6,23.383333333333333,195.6,2.1933333333333334
Seoul,2023-06-14,2,0,summer,189563,,2023,6,23.383333333333333,195.6,2.1933333333333334
Seoul,2023-06-15,3,0,summer,199265,,2023,6,23.383333333333333,195.6,2.1933333333333334
Seoul,2023-06-16,4,0,summer,200404,,2023,6,23.383333333333333,195.6,2.1933333333333334
Seoul,2023-06-17,5,1,summer,164879,,2023,6,23.383333333333333,195.6,2.1933333333333334
Seoul,2023-06-18,6,1,summer,140332,,2023,6,23.383333333333333,195.6,2.1933333333333334
Seoul,2023-06-19,0,0,summer,181878,,2023,6,23.383333333333333,195.6,2.1933333333333334
Seoul,2023-06-20,1,0,summer,161787,,2023,6,23.383333333333333,195.6,2.1933333333333334
Seoul,2023-06-21,2,0,summer,93551,,2023,6,23.383333333333333,195.6,2.1933333333333334
Seoul,2023-06-22,3,0,summer,192382,,2023,6,23.383333333333333,195.6,2.1933333333333334
Seoul,2023-06-23,4,0,summer,196517,,2023,6,23.383333333333333,195.6,2.1933333333333334
Seoul,2023-06-24,5,1,summer,155928,,2023,6,23.383333333333333,195.6,2.1933333333333334
Seoul,2023-06-25,6,1,summer,133566,,2023,6,23.383333333333333,195.6,2.1933333333333334
Seoul,2023-06-26,0,0,summer,59288,,2023,6,23.383333333333333,195.6,2.1933333333333334
Seoul,2023-06-27,1,0,summer,179792,,2023,6,23.383333333333333,195.6,2.1933333333333334
Seoul,2023-06-28,2,0,summer,185929,,2023,6,23.383333333333333,195.6,2.1933333333333334
Seoul,2023-06-29,3,0,summer,35326,,2023,6,23.383333333333333,195.6,2.1933333333333334
Seoul,2023-06-30,4,0,summer,155252,,2023,6,23.383333333333333,195.6,2.1933333333333334
Seoul,2023-07-01,5,1,summer,138848,,2023,7,26.706451612903226,459.9,2.129032258064516
Seoul,2023-07-02,6,1,summer,132519,,2023,7,26.706451612903226,459.9,2.129032258064516
Seoul,2023-07-03,0,0,summer,171026,,2023,7,26.706451612903226,459.9,2.129032258064516
Seoul,2023-07-04,1,0,summer,79773,,2023,7,26.706451612903226,459.9,2.129032258064516
Seoul,2023-07-05,2,0,summer,171939,,2023,7,26.706451612903226,459.9,2.129032258064516
Seoul,2023-07-06,3,0,summer,185517,,2023,7,26.706451612903226,459.9,2.129032258064516
Seoul,2023-07-07,4,0,summer,191206,,2023,7,26.706451612903226,459.9,2.129032258064516
Seoul,2023-07-08,5,1,summer,154423,,2023,7,26.706451612903226,459.9,2.129032258064516
Seoul,2023-07-09,6,1,summer,81833,,2023,7,26.706451612903226,459.9,2.129032258064516
Seoul,2023-07-10,0,0,summer,159154,,2023,7,26.706451612903226,459.9,2.129032258064516
Seoul,2023-07-11,1,0,summer,56819,,2023,7,26.706451612903226,459.9,2.129032258064516
Seoul,2023-07-12,2,0,summer,168418,,2023,7,26.706451612903226,459.9,2.129032258064516
Seoul,2023-07-13,3,0,summer,41165,,2023,7,26.706451612903226,459.9,2.129032258064516
Seoul,2023-07-14,4,0,summer,24226,,2023,7,26.706451612903226,459.9,2.129032258064516
Seoul,2023-07-15,5,1,summer,69393,,2023,7,26.706451612903226,459.9,2.129032258064516
Seoul,2023-07-16,6,1,summer,93350,,2023,7,26.706451612903226,459.9,2.129032258064516
Seoul,2023-07-17,0,0,summer,147346,,2023,7,26.706451612903226,459.9,2.129032258064516
Seoul,2023-07-18,1,0,summer,118187,,2023,7,26.706451612903226,459.9,2.129032258064516
Seoul,2023-07-19,2,0,summer,173226,,2023,7,26.706451612903226,459.9,2.129032258064516
Seoul,2023-07-20,3,0,summer,169877,,2023,7,26.706451612903226,459.9,2.129032258064516
Seoul,2023-07-21,4,0,summer,160865,,2023,7,26.706451612903226,459.9,2.129032258064516
Seoul,2023-07-22,5,1,summer,84758,,2023,7,26.706451612903226,459.9,2.129032258064516
Seoul,2023-07-23,6,1,summer,31837,,2023,7,26.706451612903226,459.9,2.129032258064516
Seoul,2023-07-24,0,0,summer,161070,,2023,7,26.706451612903226,459.9,2.129032258064516
Seoul,2023-07-25,1,0,summer,158705,,2023,7,26.706451612903226,459.9,2.129032258064516
Seoul,2023-07-26,2,0,summer,146479,,2023,7,26.706451612903226,459.9,2.129032258064516
Seoul,2023-07-27,3,0,summer,159895,,2023,7,26.706451612903226,459.9,2.129032258064516
Seoul,2023-07-28,4,0,summer,153268,,2023,7,26.706451612903226,459.9,2.129032258064516
Seoul,2023-07-29,5,1,summer,119933,,2023,7,26.706451612903226,459.9,2.129032258064516
Seoul,2023-07-30,6,1,summer,81868,,2023,7,26.706451612903226,459.9,2.129032258064516
Seoul,2023-07-31,0,0,summer,145077,,2023,7,26.706451612903226,459.9,2.129032258064516
Seoul,2023-08-01,1,0,summer,152764,,2023,8,27.187096774193545,298.09999999999997,2.161290322580645
Seoul,2023-08-02,2,0,summer,153384,,2023,8,27.187096774193545,298.09999999999997,2.161290322580645
Seoul,2023-08-03,3,0,summer,152246,,2023,8,27.187096774193545,298.09999999999997,2.161290322580645
Seoul,2023-08-04,4,0,summer,147761,,2023,8,27.187096774193545,298.09999999999997,2.161290322580645
Seoul,2023-08-05,5,1,summer,112326,,2023,8,27.187096774193545,298.09999999999997,2.161290322580645
Seoul,2023-08-06,6,1,summer,96077,,2023,8,27.187096774193545,298.09999999999997,2.161290322580645
Seoul,2023-08-07,0,0,summer,145554,,2023,8,27.187096774193545,298.09999999999997,2.161290322580645
Seoul,2023-08-08,1,0,summer,153593,,2023,8,27.187096774193545,298.09999999999997,2.161290322580645
Seoul,2023-08-09,2,0,summer,155572,,2023,8,27.187096774193545,298.09999999999997,2.161290322580645
Seoul,2023-08-10,3,0,summer,9333,,2023,8,27.187096774193545,298.09999999999997,2.161290322580645
Seoul,2023-08-11,4,0,summer,47228,,2023,8,27.187096774193545,298.09999999999997,2.161290322580645
Seoul,2023-08-12,5,1,summer,102782,,2023,8,27.187096774193545,298.09999999999997,2.161290322580645
Seoul,2023-08-13,6,1,summer,119034,,2023,8,27.187096774193545,298.09999999999997,2.161290322580645
Seoul,2023-08-14,0,0,summer,156353,,2023,8,27.187096774193545,298.09999999999997,2.161290322580645
Seoul,2023-08-15,1,0,summer,132095,,2023,8,27.187096774193545,298.09999999999997,2.161290322580645
Seoul,2023-08-16,2,0,summer,169885,,2023,8,27.187096774193545,298.09999999999997,2.161290322580645
Seoul,2023-08-17,3,0,summer,170943,,2023,8,27.187096774193545,298.09999999999997,2.161290322580645
Seoul,2023-08-18,4,0,summer,161698,,2023,8,27.187096774193545,298.09999999999997,2.161290322580645
Seoul,2023-08-19,5,1,summer,134303,,2023,8,27.187096774193545,298.09999999999997,2.161290322580645
Seoul,2023-08-20,6,1,summer,122592,,2023,8,27.187096774193545,298.09999999999997,2.161290322580645
Seoul,2023-08-21,0,0,summer,163981,,2023,8,27.187096774193545,298.09999999999997,2.161290322580645
Seoul,2023-08-22,1,0,summer,101681,,2023,8,27.187096774193545,298.09999999999997,2.161290322580645
Seoul,2023-08-23,2,0,summer,57844,,2023,8,27.187096774193545,298.09999999999997,2.161290322580645
Seoul,2023-08-24,3,0,summer,148749,,2023,8,27.187096774193545,298.09999999999997,2.161290322580645
Seoul,2023-08-25,4,0,summer,173593,,2023,8,27.187096774193545,298.09999999999997,2.161290322580645
Seoul,2023-08-26,5,1,summer,149424,,2023,8,27.187096774193545,298.09999999999997,2.161290322580645
Seoul,2023-08-27,6,1,summer,126015,,2023,8,27.187096774193545,298.09999999999997,2.161290322580645
Seoul,2023-08-28,0,0,summer,66917,,2023,8,27.187096774193545,298.09999999999997,2.161290322580645
Seoul,2023-08-29,1,0,summer,63964,,2023,8,27.187096774193545,298.09999999999997,2.161290322580645
Seoul,2023-08-30,2,0,summer,100739,,2023,8,27.187096774193545,298.09999999999997,2.161290322580645
Seoul,2023-08-31,3,0,summer,187063,,2023,8,27.187096774193545,298.09999999999997,2.161290322580645
Seoul,2023-09-01,4,0,fall,196234,,2023,9,23.663333333333334,134.5,2.033333333333333
Seoul,2023-09-02,5,1,fall,167368,,2023,9,23.663333333333334,134.5,2.033333333333333
Seoul,2023-09-03,6,1,fall,136338,,2023,9,23.663333333333334,134.5,2.033333333333333
Seoul,2023-09-04,0,0,fall,178038,,2023,9,23.663333333333334,134.5,2.033333333333333
Seoul,2023-09-05,1,0,fall,174696,,2023,9,23.663333333333334,134.5,2.033333333333333
Seoul,2023-09-06,2,0,fall,187670,,2023,9,23.663333333333334,134.5,2.033333333333333
Seoul,2023-09-07,3,0,fall,131889,,2023,9,23.663333333333334,134.5,2.033333333333333
Seoul,2023-09-08,4,0,fall,196674,,2023,9,23.663333333333334,134.5,2.033333333333333
Seoul,2023-09-09,5,1,fall,167334,,2023,9,23.663333333333334,134.5,2.033333333333333
Seoul,2023-09-10,6,1,fall,153532,,2023,9,23.663333333333334,134.5,2.033333333333333
Seoul,2023-09-11,0,0,fall,199362,,2023,9,23.663333333333334,134.5,2.033333333333333
Seoul,2023-09-12,1,0,fall,201165,,2023,9,23.663333333333334,134.5,2.033333333333333
Seoul,2023-09-13,2,0,fall,53263,,2023,9,23.663333333333334,134.5,2.033333333333333
Seoul,2023-09-14,3,0,fall,194667,,2023,9,23.663333333333334,134.5,2.033333333333333
Seoul,2023-09-15,4,0,fall,116772,,2023,9,23.663333333333334,134.5,2.033333333333333
Seoul,2023-09-16,5,1,fall,94644,,2023,9,23.663333333333334,134.5,2.033333333333333
Seoul,2023-09-17,6,1,fall,135100,,2023,9,23.663333333333334,134.5,2.033333333333333
Seoul,2023-09-18,0,0,fall,200344,,2023,9,23.663333333333334,134.5,2.033333333333333
Seoul,2023-09-19,1,0,fall,202886,,2023,9,23.663333333333334,134.5,2.033333333333333
Seoul,2023-09-20,2,0,fall,37782,,2023,9,23.663333333333334,134.5,2.033333333333333
Seoul,2023-09-21,3,0,fall,198839,,2023,9,23.663333333333334,134.5,2.033333333333333
Seoul,2023-09-22,4,0,fall,211000,,2023,9,23.663333333333334,134.5,2.033333333333333
Seoul,2023-09-23,5,1,fall,186459,,2023,9,23.663333333333334,134.5,2.033333333333333
Seoul,2023-09-24,6,1,fall,167382,,2023,9,23.663333333333334,134.5,2.033333333333333
Seoul,2023-09-25,0,0,fall,157395,,2023,9,23.663333333333334,134.5,2.033333333333333
Seoul,2023-09-26,1,0,fall,27143,,2023,9,23.663333333333334,134.5,2.033333333333333
Seoul,2023-09-27,2,0,fall,141358,,2023,9,23.663333333333334,134.5,2.033333333333333
Seoul,2023-09-28,3,0,fall,126058,,2023,9,23.663333333333334,134.5,2.033333333333333
Seoul,2023-09-29,4,0,fall,103986,,2023,9,23.663333333333334,134.5,2.033333333333333
Seoul,2023-09-30,5,1,fall,103695,,2023,9,23.663333333333334,134.5,2.033333333333333
Seoul,2023-10-01,6,1,fall,151020,,2023,10,15.793548387096775,31.0,1.8870967741935485
Seoul,2023-10-02,0,0,fall,171036,,2023,10,15.793548387096775,31.0,1.8870967741935485
Seoul,2023-10-03,1,0,fall,167059,,2023,10,15.793548387096775,31.0,1.8870967741935485
Seoul,2023-10-04,2,0,fall,132537,,2023,10,15.793548387096775,31.0,1.8870967741935485
Seoul,2023-10-05,3,0,fall,186080,,2023,10,15.793548387096775,31.0,1.8870967741935485
Seoul,2023-10-06,4,0,fall,200078,,2023,10,15.793548387096775,31.0,1.8870967741935485
Seoul,2023-10-07,5,1,fall,176986,,2023,10,15.793548387096775,31.0,1.8870967741935485
Seoul,2023-10-08,6,1,fall,141615,,2023,10,15.793548387096775,31.0,1.8870967741935485
Seoul,2023-10-09,0,0,fall,151130,,2023,10,15.793548387096775,31.0,1.8870967741935485
Seoul,2023-10-10,1,0,fall,195286,,2023,10,15.793548387096775,31.0,1.8870967741935485
Seoul,2023-10-11,2,0,fall,204173,,2023,10,15.793548387096775,31.0,1.8870967741935485
Seoul,2023-10-12,3,0,fall,201396,,2023,10,15.793548387096775,31.0,1.8870967741935485
Seoul,2023-10-13,4,0,fall,203659,,2023,10,15.793548387096775,31.0,1.8870967741935485
Seoul,2023-10-14,5,1,fall,111638,,2023,10,15.793548387096775,31.0,1.8870967741935485
Seoul,2023-10-15,6,1,fall,159332,,2023,10,15.793548387096775,31.0,1.8870967741935485
Seoul,2023-10-16,0,0,fall,189744,,2023,10,15.793548387096775,31.0,1.8870967741935485
Seoul,2023-10-17,1,0,fall,191776,,2023,10,15.793548387096775,31.0,1.8870967741935485
Seoul,2023-10-18,2,0,fall,193924,,2023,10,15.793548387096775,31.0,1.8870967741935485
Seoul,2023-10-19,3,0,fall,118197,,2023,10,15.793548387096775,31.0,1.8870967741935485
Seoul,2023-10-20,4,0,fall,170244,,2023,10,15.793548387096775,31.0,1.8870967741935485
Seoul,2023-10-21,5,1,fall,132500,,2023,10,15.793548387096775,31.0,1.8870967741935485
Seoul,2023-10-22,6,1,fall,134066,,2023,10,15.793548387096775,31.0,1.8870967741935485
Seoul,2023-10-23,0,0,fall,184120,,2023,10,15.793548387096775,31.0,1.8870967741935485
Seoul,2023-10-24,1,0,fall,187766,,2023,10,15.793548387096775,31.0,1.8870967741935485
Seoul,2023-10-25,2,0,fall,192778,,2023,10,15.793548387096775,31.0,1.8870967741935485
Seoul,2023-10-26,3,0,fall,164556,,2023,10,15.793548387096775,31.0,1.8870967741935485
Seoul,2023-10-27,4,0,fall,192266,,2023,10,15.793548387096775,31.0,1.8870967741935485
Seoul,2023-10-28,5,1,fall,160764,,2023,10,15.793548387096775,31.0,1.8870967741935485
Seoul,2023-10-29,6,1,fall,147452,,2023,10,15.793548387096775,31.0,1.8870967741935485
Seoul,2023-10-30,0,0,fall,186956,,2023,10,15.793548387096775,31.0,1.8870967741935485
Seoul,2023-10-31,1,0,fall,193108,,2023,10,15.793548387096775,31.0,1.8870967741935485
Seoul,2023-11-01,2,0,fall,187987,,2023,11,6.796666666666667,81.89999999999999,2.5533333333333332
Seoul,2023-11-02,3,0,fall,202591,,2023,11,6.796666666666667,81.89999999999999,2.5533333333333332
Seoul,2023-11-03,4,0,fall,160432,,2023,11,6.796666666666667,81.89999999999999,2.5533333333333332
Seoul,2023-11-04,5,1,fall,161023,,2023,11,6.796666666666667,81.89999999999999,2.5533333333333332
Seoul,2023-11-05,6,1,fall,59274,,2023,11,6.796666666666667,81.89999999999999,2.5533333333333332
Seoul,2023-11-06,0,0,fall,47700,,2023,11,6.796666666666667,81.89999999999999,2.5533333333333332
Seoul,2023-11-07,1,0,fall,138377,,2023,11,6.796666666666667,81.89999999999999,2.5533333333333332
Seoul,2023-11-08,2,0,fall,159097,,2023,11,6.796666666666667,81.89999999999999,2.5533333333333332
Seoul,2023-11-09,3,0,fall,134271,,2023,11,6.796666666666667,81.89999999999999,2.5533333333333332
Seoul,2023-11-10,4,0,fall,129657,,2023,11,6.796666666666667,81.89999999999999,2.5533333333333332
Seoul,2023-11-11,5,1,fall,87798,,2023,11,6.796666666666667,81.89999999999999,2.5533333333333332
Seoul,2023-11-12,6,1,fall,68275,,2023,11,6.796666666666667,81.89999999999999,2.5533333333333332
Seoul,2023-11-13,0,0,fall,117868,,2023,11,6.796666666666667,81.89999999999999,2.5533333333333332
Seoul,2023-11-14,1,0,fall,136266,,2023,11,6.796666666666667,81.89999999999999,2.5533333333333332
Seoul,2023-11-15,2,0,fall,147369,,2023,11,6.796666666666667,81.89999999999999,2.5533333333333332
Seoul,2023-11-16,3,0,fall,58048,,2023,11,6.796666666666667,81.89999999999999,2.5533333333333332
Seoul,2023-11-17,4,0,fall,106103,,2023,11,6.796666666666667,81.89999999999999,2.5533333333333332
Seoul,2023-11-18,5,1,fall,74022,,2023,11,6.796666666666667,81.89999999999999,2.5533333333333332
Seoul,2023-11-19,6,1,fall,84580,,2023,11,6.796666666666667,81.89999999999999,2.5533333333333332
Seoul,2023-11-20,0,0,fall,133538,,2023,11,6.796666666666667,81.89999999999999,2.5533333333333332
Seoul,2023-11-21,1,0,fall,142667,,2023,11,6.796666666666667,81.89999999999999,2.5533333333333332
Seoul,2023-11-22,2,0,fall,148945,,2023,11,6.796666666666667,81.89999999999999,2.5533333333333332
Seoul,2023-11-23,3,0,fall,131152,,2023,11,6.796666666666667,81.89999999999999,2.5533333333333332
Seoul,2023-11-24,4,0,fall,99893,,2023,11,6.796666666666667,81.89999999999999,2.5533333333333332
Seoul,2023-11-25,5,1,fall,70554,,2023,11,6.796666666666667,81.89999999999999,2.5533333333333332
Seoul,2023-11-26,6,1,fall,71061,,2023,11,6.796666666666667,81.89999999999999,2.5533333333333332
Seoul,2023-11-27,0,0,fall,77697,,2023,11,6.796666666666667,81.89999999999999,2.5533333333333332
Seoul,2023-11-28,1,0,fall,109150,,2023,11,6.796666666666667,81.89999999999999,2.5533333333333332
Seoul,2023-11-29,2,0,fall,100192,,2023,11,6.796666666666667,81.89999999999999,2.5533333333333332
Seoul,2023-11-30,3,0,fall,88350,,2023,11,6.796666666666667,81.89999999999999,2.5533333333333332
Seoul,2023-12-01,4,0,winter,92493,,2023,12,1.1161290322580644,85.9,2.427586206896552
Seoul,2023-12-02,5,1,winter,72805,,2023,12,1.1161290322580644,85.9,2.427586206896552
Seoul,2023-12-03,6,1,winter,64171,,2023,12,1.1161290322580644,85.9,2.427586206896552
Seoul,2023-12-04,0,0,winter,109554,,2023,12,1.1161290322580644,85.9,2.427586206896552
Seoul,2023-12-05,1,0,winter,124074,,2023,12,1.1161290322580644,85.9,2.427586206896552
Seoul,2023-12-06,2,0,winter,88354,,2023,12,1.1161290322580644,85.9,2.427586206896552
Seoul,2023-12-07,3,0,winter,120227,,2023,12,1.1161290322580644,85.9,2.427586206896552
Seoul,2023-12-08,4,0,winter,131896,,2023,12,1.1161290322580644,85.9,2.427586206896552
Seoul,2023-12-09,5,1,winter,104904,,2023,12,1.1161290322580644,85.9,2.427586206896552
Seoul,2023-12-10,6,1,winter,90687,,2023,12,1.1161290322580644,85.9,2.427586206896552
Seoul,2023-12-11,0,0,winter,21196,,2023,12,1.1161290322580644,85.9,2.427586206896552
Seoul,2023-12-12,1,0,winter,107450,,2023,12,1.1161290322580644,85.9,2.427586206896552
Seoul,2023-12-13,2,0,winter,122098,,2023,12,1.1161290322580644,85.9,2.427586206896552
Seoul,2023-12-14,3,0,winter,32536,,2023,12,1.1161290322580644,85.9,2.427586206896552
Seoul,2023-12-15,4,0,winter,29494,,2023,12,1.1161290322580644,85.9,2.427586206896552
Seoul,2023-12-16,5,1,winter,35059,,2023,12,1.1161290322580644,85.9,2.427586206896552
Seoul,2023-12-17,6,1,winter,29901,,2023,12,1.1161290322580644,85.9,2.427586206896552
Seoul,2023-12-18,0,0,winter,62249,,2023,12,1.1161290322580644,85.9,2.427586206896552
Seoul,2023-12-19,1,0,winter,66154,,2023,12,1.1161290322580644,85.9,2.427586206896552
Seoul,2023-12-20,2,0,winter,42819,,2023,12,1.1161290322580644,85.9,2.427586206896552
Seoul,2023-12-21,3,0,winter,45353,,2023,12,1.1161290322580644,85.9,2.427586206896552
Seoul,2023-12-22,4,0,winter,46935,,2023,12,1.1161290322580644,85.9,2.427586206896552
Seoul,2023-12-23,5,1,winter,41327,,2023,12,1.1161290322580644,85.9,2.427586206896552
Seoul,2023-12-24,6,1,winter,27591,,2023,12,1.1161290322580644,85.9,2.427586206896552
Seoul,2023-12-25,0,0,winter,27330,,2023,12,1.1161290322580644,85.9,2.427586206896552
Seoul,2023-12-26,1,0,winter,74783,,2023,12,1.1161290322580644,85.9,2.427586206896552
Seoul,2023-12-27,2,0,winter,82145,,2023,12,1.1161290322580644,85.9,2.427586206896552
Seoul,2023-12-28,3,0,winter,82354,,2023,12,1.1161290322580644,85.9,2.427586206896552
Seoul,2023-12-29,4,0,winter,84168,,2023,12,1.1161290322580644,85.9,2.427586206896552
Seoul,2023-12-30,5,1,winter,15214,,2023,12,1.1161290322580644,85.9,2.427586206896552
Seoul,2023-12-31,6,1,winter,29130,,2023,12,1.1161290322580644,85.9,2.427586206896552
Seoul,2024-01-01,0,0,winter,46628,,2024,1,-0.4870967741935483,18.9,2.332258064516129
Seoul,2024-01-02,1,0,winter,86401,,2024,1,-0.4870967741935483,18.9,2.332258064516129
Seoul,2024-01-03,2,0,winter,71808,,2024,1,-0.4870967741935483,18.9,2.332258064516129
Seoul,2024-01-04,3,0,winter,90108,,2024,1,-0.4870967741935483,18.9,2.332258064516129
Seoul,2024-01-05,4,0,winter,94927,,2024,1,-0.4870967741935483,18.9,2.332258064516129
Seoul,2024-01-06,5,1,winter,57180,,2024,1,-0.4870967741935483,18.9,2.332258064516129
Seoul,2024-01-07,6,1,winter,31453,,2024,1,-0.4870967741935483,18.9,2.332258064516129
Seoul,2024-01-08,0,0,winter,64954,,2024,1,-0.4870967741935483,18.9,2.332258064516129
Seoul,2024-01-09,1,0,winter,38225,,2024,1,-0.4870967741935483,18.9,2.332258064516129
Seoul,2024-01-10,2,0,winter,68182,,2024,1,-0.4870967741935483,18.9,2.332258064516129
Seoul,2024-01-11,3,0,winter,81574,,2024,1,-0.4870967741935483,18.9,2.332258064516129
Seoul,2024-01-12,4,0,winter,83980,,2024,1,-0.4870967741935483,18.9,2.332258064516129
Seoul,2024-01-13,5,1,winter,64103,,2024,1,-0.4870967741935483,18.9,2.332258064516129
Seoul,2024-01-14,6,1,winter,29012,,2024,1,-0.4870967741935483,18.9,2.332258064516129
Seoul,2024-01-15,0,0,winter,69544,,2024,1,-0.4870967741935483,18.9,2.332258064516129
Seoul,2024-01-16,1,0,winter,78773,,2024,1,-0.4870967741935483,18.9,2.332258064516129
Seoul,2024-01-17,2,0,winter,36751,,2024,1,-0.4870967741935483,18.9,2.332258064516129
Seoul,2024-01-18,3,0,winter,75781,,2024,1,-0.4870967741935483,18.9,2.332258064516129
Seoul,2024-01-19,4,0,winter,90533,,2024,1,-0.4870967741935483,18.9,2.332258064516129
Seoul,2024-01-20,5,1,winter,41784,,2024,1,-0.4870967741935483,18.9,2.332258064516129
Seoul,2024-01-21,6,1,winter,36990,,2024,1,-0.4870967741935483,18.9,2.332258064516129
Seoul,2024-01-22,0,0,winter,48141,,2024,1,-0.4870967741935483,18.9,2.332258064516129
Seoul,2024-01-23,1,0,winter,43598,,2024,1,-0.4870967741935483,18.9,2.332258064516129
Seoul,2024-01-24,2,0,winter,50773,,2024,1,-0.4870967741935483,18.9,2.332258064516129
Seoul,2024-01-25,3,0,winter,62375,,2024,1,-0.4870967741935483,18.9,2.332258064516129
Seoul,2024-01-26,4,0,winter,75067,,2024,1,-0.4870967741935483,18.9,2.332258064516129
Seoul,2024-01-27,5,1,winter,57701,,2024,1,-0.4870967741935483,18.9,2.332258064516129
Seoul,2024-01-28,6,1,winter,48386,,2024,1,-0.4870967741935483,18.9,2.332258064516129
Seoul,2024-01-29,0,0,winter,78804,,2024,1,-0.4870967741935483,18.9,2.332258064516129
Seoul,2024-01-30,1,0,winter,86601,,2024,1,-0.4870967741935483,18.9,2.332258064516129
Seoul,2024-01-31,2,0,winter,93214,,2024,1,-0.4870967741935483,18.9,2.332258064516129
Seoul,2024-02-01,3,0,winter,91544,,2024,2,3.820689655172414,74.7,2.5448275862068965
Seoul,2024-02-02,4,0,winter,94974,,2024,2,3.820689655172414,74.7,2.5448275862068965
Seoul,2024-02-03,5,1,winter,67695,,2024,2,3.820689655172414,74.7,2.5448275862068965
Seoul,2024-02-04,6,1,winter,72953,,2024,2,3.820689655172414,74.7,2.5448275862068965
Seoul,2024-02-05,0,0,winter,28210,,2024,2,3.820689655172414,74.7,2.5448275862068965
Seoul,2024-02-06,1,0,winter,75271,,2024,2,3.820689655172414,74.7,2.5448275862068965
Seoul,2024-02-07,2,0,winter,83375,,2024,2,3.820689655172414,74.7,2.5448275862068965
Seoul,2024-02-08,3,0,winter,87766,,2024,2,3.820689655172414,74.7,2.5448275862068965
Seoul,2024-02-09,4,0,winter,46882,,2024,2,3.820689655172414,74.7,2.5448275862068965
Seoul,2024-02-10,5,1,winter,34185,,2024,2,3.820689655172414,74.7,2.5448275862068965
Seoul,2024-02-11,6,1,winter,42844,,2024,2,3.820689655172414,74.7,2.5448275862068965
Seoul,2024-02-12,0,0,winter,65447,,2024,2,3.820689655172414,74.7,2.5448275862068965
Seoul,2024-02-13,1,0,winter,105499,,2024,2,3.820689655172414,74.7,2.5448275862068965
Seoul,2024-02-14,2,0,winter,123164,,2024,2,3.820689655172414,74.7,2.5448275862068965
Seoul,2024-02-15,3,0,winter,56314,,2024,2,3.820689655172414,74.7,2.5448275862068965
Seoul,2024-02-16,4,0,winter,99958,,2024,2,3.820689655172414,74.7,2.5448275862068965
Seoul,2024-02-17,5,1,winter,89419,,2024,2,3.820689655172414,74.7,2.5448275862068965
Seoul,2024-02-18,6,1,winter,39094,,2024,2,3.820689655172414,74.7,2.5448275862068965
Seoul,2024-02-19,0,0,winter,39918,,2024,2,3.820689655172414,74.7,2.5448275862068965
Seoul,2024-02-20,1,0,winter,54441,,2024,2,3.820689655172414,74.7,2.5448275862068965
Seoul,2024-02-21,2,0,winter,9619,,2024,2,3.820689655172414,74.7,2.5448275862068965
Seoul,2024-02-22,3,0,winter,29138,,2024,2,3.820689655172414,74.7,2.5448275862068965
Seoul,2024-02-23,4,0,winter,75743,,2024,2,3.820689655172414,74.7,2.5448275862068965
Seoul,2024-02-24,5,1,winter,55705,,2024,2,3.820689655172414,74.7,2.5448275862068965
Seoul,2024-02-25,6,1,winter,49385,,2024,2,3.820689655172414,74.7,2.5448275862068965
Seoul,2024-02-26,0,0,winter,98027,,2024,2,3.820689655172414,74.7,2.5448275862068965
Seoul,2024-02-27,1,0,winter,104192,,2024,2,3.820689655172414,74.7,2.5448275862068965
Seoul,2024-02-28,2,0,winter,108938,,2024,2,3.820689655172414,74.7,2.5448275862068965
Seoul,2024-02-29,3,0,winter,102015,,2024,2,3.820689655172414,74.7,2.5448275862068965
Seoul,2024-03-01,4,0,spring,45204,,2024,3,6.970967741935484,29.9,2.7464285714285714
Seoul,2024-03-02,5,1,spring,54616,,2024,3,6.970967741935484,29.9,2.7464285714285714
Seoul,2024-03-03,6,1,spring,65373,,2024,3,6.970967741935484,29.9,2.7464285714285714
Seoul,2024-03-04,0,0,spring,108123,,2024,3,6.970967741935484,29.9,2.7464285714285714
Seoul,2024-03-05,1,0,spring,110781,,2024,3,6.970967741935484,29.9,2.7464285714285714
Seoul,2024-03-06,2,0,spring,116840,,2024,3,6.970967741935484,29.9,2.7464285714285714
Seoul,2024-03-07,3,0,spring,98089,,2024,3,6.970967741935484,29.9,2.7464285714285714
Seoul,2024-03-08,4,0,spring,99708,,2024,3,6.970967741935484,29.9,2.7464285714285714
Seoul,2024-03-09,5,1,spring,78186,,2024,3,6.970967741935484,29.9,2.7464285714285714
Seoul,2024-03-10,6,1,spring,81205,,2024,3,6.970967741935484,29.9,2.7464285714285714
Seoul,2024-03-11,0,0,spring,114642,,2024,3,6.970967741935484,29.9,2.7464285714285714
Seoul,2024-03-12,1,0,spring,79702,,2024,3,6.970967741935484,29.9,2.7464285714285714
Seoul,2024-03-13,2,0,spring,120871,,2024,3,6.970967741935484,29.9,2.7464285714285714
Seoul,2024-03-14,3,0,spring,126960,,2024,3,6.970967741935484,29.9,2.7464285714285714
Seoul,2024-03-15,4,0,spring,130984,,2024,3,6.970967741935484,29.9,2.7464285714285714
Seoul,2024-03-16,5,1,spring,118337,,2024,3,6.970967741935484,29.9,2.7464285714285714
Seoul,2024-03-17,6,1,spring,87958,,2024,3,6.970967741935484,29.9,2.7464285714285714
Seoul,2024-03-18,0,0,spring,123585,,2024,3,6.970967741935484,29.9,2.7464285714285714
Seoul,2024-03-19,1,0,spring,102650,,2024,3,6.970967741935484,29.9,2.7464285714285714
Seoul,2024-03-20,2,0,spring,112271,,2024,3,6.970967741935484,29.9,2.7464285714285714
Seoul,2024-03-21,3,0,spring,122109,,2024,3,6.970967741935484,29.9,2.7464285714285714
Seoul,2024-03-22,4,0,spring,81659,,2024,3,6.970967741935484,29.9,2.7464285714285714
Seoul,2024-03-23,5,1,spring,123505,,2024,3,6.970967741935484,29.9,2.7464285714285714
Seoul,2024-03-24,6,1,spring,142056,,2024,3,6.970967741935484,29.9,2.7464285714285714
Seoul,2024-03-25,0,0,spring,58731,,2024,3,6.970967741935484,29.9,2.7464285714285714
Seoul,2024-03-26,1,0,spring,87493,,2024,3,6.970967741935484,29.9,2.7464285714285714
Seoul,2024-03-27,2,0,spring,141397,,2024,3,6.970967741935484,29.9,2.7464285714285714
Seoul,2024-03-28,3,0,spring,88262,,2024,3,6.970967741935484,29.9,2.7464285714285714
Seoul,2024-03-29,4,0,spring,91985,,2024,3,6.970967741935484,29.9,2.7464285714285714
Seoul,2024-03-30,5,1,spring,111705,,2024,3,6.970967741935484,29.9,2.7464285714285714
Seoul,2024-03-31,6,1,spring,126243,,2024,3,6.970967741935484,29.9,2.7464285714285714
Seoul,2024-04-01,0,0,spring,150002,,2024,4,16.343333333333334,33.2,2.3766666666666665
Seoul,2024-04-02,1,0,spring,167903,,2024,4,16.343333333333334,33.2,2.3766666666666665
Seoul,2024-04-03,2,0,spring,152464,,2024,4,16.343333333333334,33.2,2.3766666666666665
Seoul,2024-04-04,3,0,spring,169116,,2024,4,16.343333333333334,33.2,2.3766666666666665
Seoul,2024-04-05,4,0,spring,175780,,2024,4,16.343333333333334,33.2,2.3766666666666665
Seoul,2024-04-06,5,1,spring,160694,,2024,4,16.343333333333334,33.2,2.3766666666666665
Seoul,2024-04-07,6,1,spring,155134,,2024,4,16.343333333333334,33.2,2.3766666666666665
Seoul,2024-04-08,0,0,spring,165760,,2024,4,16.343333333333334,33.2,2.3766666666666665
Seoul,2024-04-09,1,0,spring,175200,,2024,4,16.343333333333334,33.2,2.3766666666666665
Seoul,2024-04-10,2,0,spring,153280,,2024,4,16.343333333333334,33.2,2.3766666666666665
Seoul,2024-04-11,3,0,spring,159020,,2024,4,16.343333333333334,33.2,2.3766666666666665
Seoul,2024-04-12,4,0,spring,178590,,2024,4,16.343333333333334,33.2,2.3766666666666665
Seoul,2024-04-13,5,1,spring,162840,,2024,4,16.343333333333334,33.2,2.3766666666666665
Seoul,2024-04-14,6,1,spring,147697,,2024,4,16.343333333333334,33.2,2.3766666666666665
Seoul,2024-04-15,0,0,spring,62443,,2024,4,16.343333333333334,33.2,2.3766666666666665
Seoul,2024-04-16,1,0,spring,121310,,2024,4,16.343333333333334,33.2,2.3766666666666665
Seoul,2024-04-17,2,0,spring,163251,,2024,4,16.343333333333334,33.2,2.3766666666666665
Seoul,2024-04-18,3,0,spring,170395,,2024,4,16.343333333333334,33.2,2.3766666666666665
Seoul,2024-04-19,4,0,spring,176559,,2024,4,16.343333333333334,33.2,2.3766666666666665
Seoul,2024-04-20,5,1,spring,41458,,2024,4,16.343333333333334,33.2,2.3766666666666665
Seoul,2024-04-21,6,1,spring,129191,,2024,4,16.343333333333334,33.2,2.3766666666666665
Seoul,2024-04-22,0,0,spring,176577,,2024,4,16.343333333333334,33.2,2.3766666666666665
Seoul,2024-04-23,1,0,spring,151845,,2024,4,16.343333333333334,33.2,2.3766666666666665
Seoul,2024-04-24,2,0,spring,109248,,2024,4,16.343333333333334,33.2,2.3766666666666665
Seoul,2024-04-25,3,0,spring,170659,,2024,4,16.343333333333334,33.2,2.3766666666666665
Seoul,2024-04-26,4,0,spring,180700,,2024,4,16.343333333333334,33.2,2.3766666666666665
Seoul,2024-04-27,5,1,spring,161805,,2024,4,16.343333333333334,33.2,2.3766666666666665
Seoul,2024-04-28,6,1,spring,147985,,2024,4,16.343333333333334,33.2,2.3766666666666665
Seoul,2024-04-29,0,0,spring,180040,,2024,4,16.343333333333334,33.2,2.3766666666666665
Seoul,2024-04-30,1,0,spring,182958,,2024,4,16.343333333333334,33.2,2.3766666666666665
Seoul,2024-05-01,2,0,spring,181443,,2024,5,18.493548387096773,125.1,2.435483870967742
Seoul,2024-05-02,3,0,spring,186109,,2024,5,18.493548387096773,125.1,2.435483870967742
Seoul,2024-05-03,4,0,spring,190519,,2024,5,18.493548387096773,125.1,2.435483870967742
Seoul,2024-05-04,5,1,spring,157017,,2024,5,18.493548387096773,125.1,2.435483870967742
Seoul,2024-05-05,6,1,spring,14293,,2024,5,18.493548387096773,125.1,2.435483870967742
Seoul,2024-05-06,0,0,spring,25675,,2024,5,18.493548387096773,125.1,2.435483870967742
Seoul,2024-05-07,1,0,spring,73352,,2024,5,18.493548387096773,125.1,2.435483870967742
Seoul,2024-05-08,2,0,spring,176786,,2024,5,18.493548387096773,125.1,2.435483870967742
Seoul,2024-05-09,3,0,spring,177956,,2024,5,18.493548387096773,125.1,2.435483870967742
Seoul,2024-05-10,4,0,spring,189095,,2024,5,18.493548387096773,125.1,2.435483870967742
Seoul,2024-05-11,5,1,spring,62198,,2024,5,18.493548387096773,125.1,2.435483870967742
Seoul,2024-05-12,6,1,spring,146932,,2024,5,18.493548387096773,125.1,2.435483870967742
Seoul,2024-05-13,0,0,spring,182540,,2024,5,18.493548387096773,125.1,2.435483870967742
Seoul,2024-05-14,1,0,spring,192269,,2024,5,18.493548387096773,125.1,2.435483870967742
Seoul,2024-05-15,2,0,spring,54567,,2024,5,18.493548387096773,125.1,2.435483870967742
Seoul,2024-05-16,3,0,spring,171721,,2024,5,18.493548387096773,125.1,2.435483870967742
Seoul,2024-05-17,4,0,spring,190748,,2024,5,18.493548387096773,125.1,2.435483870967742
Seoul,2024-05-18,5,1,spring,169969,,2024,5,18.493548387096773,125.1,2.435483870967742
Seoul,2024-05-19,6,1,spring,152135,,2024,5,18.493548387096773,125.1,2.435483870967742
Seoul,2024-05-20,0,0,spring,178259,,2024,5,18.493548387096773,125.1,2.435483870967742
Seoul,2024-05-21,1,0,spring,186302,,2024,5,18.493548387096773,125.1,2.435483870967742
Seoul,2024-05-22,2,0,spring,186678,,2024,5,18.493548387096773,125.1,2.435483870967742
Seoul,2024-05-23,3,0,spring,185658,,2024,5,18.493548387096773,125.1,2.435483870967742
Seoul,2024-05-24,4,0,spring,189921,,2024,5,18.493548387096773,125.1,2.435483870967742
Seoul,2024-05-25,5,1,spring,167431,,2024,5,18.493548387096773,125.1,2.435483870967742
Seoul,2024-05-26,6,1,spring,62695,,2024,5,18.493548387096773,125.1,2.435483870967742
Seoul,2024-05-27,0,0,spring,179257,,2024,5,18.493548387096773,125.1,2.435483870967742
Seoul,2024-05-28,1,0,spring,193347,,2024,5,18.493548387096773,125.1,2.435483870967742
Seoul,2024-05-29,2,0,spring,189821,,2024,5,18.493548387096773,125.1,2.435483870967742
Seoul,2024-05-30,3,0,spring,187451,,2024,5,18.493548387096773,125.1,2.435483870967742
Seoul,2024-05-31,4,0,spring,186899,,2024,5,18.493548387096773,125.1,2.435483870967742
Seoul,2024-06-01,5,1,summer,167886,,2024,6,24.59333333333333,115.9,2.2233333333333336
Seoul,2024-06-02,6,1,summer,154185,,2024,6,24.59333333333333,115.9,2.2233333333333336
Seoul,2024-06-03,0,0,summer,187325,,2024,6,24.59333333333333,115.9,2.2233333333333336
Seoul,2024-06-04,1,0,summer,194258,,2024,6,24.59333333333333,115.9,2.2233333333333336
Seoul,2024-06-05,2,0,summer,193174,,2024,6,24.59333333333333,115.9,2.2233333333333336
Seoul,2024-06-06,3,0,summer,150192,,2024,6,24.59333333333333,115.9,2.2233333333333336
Seoul,2024-06-07,4,0,summer,176158,,2024,6,24.59333333333333,115.9,2.2233333333333336
Seoul,2024-06-08,5,1,summer,108169,,2024,6,24.59333333333333,115.9,2.2233333333333336
Seoul,2024-06-09,6,1,summer,144226,,2024,6,24.59333333333333,115.9,2.2233333333333336
Seoul,2024-06-10,0,0,summer,184822,,2024,6,24.59333333333333,115.9,2.2233333333333336
Seoul,2024-06-11,1,0,summer,185345,,2024,6,24.59333333333333,115.9,2.2233333333333336
Seoul,2024-06-12,2,0,summer,185744,,2024,6,24.59333333333333,115.9,2.2233333333333336
Seoul,2024-06-13,3,0,summer,180576,,2024,6,24.59333333333333,115.9,2.2233333333333336
Seoul,2024-06-14,4,0,summer,184775,,2024,6,24.59333333333333,115.9,2.2233333333333336
Seoul,2024-06-15,5,1,summer,135549,,2024,6,24.59333333333333,115.9,2.2233333333333336
Seoul,2024-06-16,6,1,summer,138909,,2024,6,24.59333333333333,115.9,2.2233333333333336
Seoul,2024-06-17,0,0,summer,183979,,2024,6,24.59333333333333,115.9,2.2233333333333336
Seoul,2024-06-18,1,0,summer,185043,,2024,6,24.59333333333333,115.9,2.2233333333333336
Seoul,2024-06-19,2,0,summer,176984,,2024,6,24.59333333333333,115.9,2.2233333333333336
Seoul,2024-06-20,3,0,summer,176293,,2024,6,24.59333333333333,115.9,2.2233333333333336
Seoul,2024-06-21,4,0,summer,181238,,2024,6,24.59333333333333,115.9,2.2233333333333336
Seoul,2024-06-22,5,1,summer,60130,,2024,6,24.59333333333333,115.9,2.2233333333333336
Seoul,2024-06-23,6,1,summer,106453,,2024,6,24.59333333333333,115.9,2.2233333333333336
Seoul,2024-06-24,0,0,summer,176793,,2024,6,24.59333333333333,115.9,2.2233333333333336
Seoul,2024-06-25,1,0,summer,194249,,2024,6,24.59333333333333,115.9,2.2233333333333336
Seoul,2024-06-26,2,0,summer,186839,,2024,6,24.59333333333333,115.9,2.2233333333333336
Seoul,2024-06-27,3,0,summer,184941,,2024,6,24.59333333333333,115.9,2.2233333333333336
Seoul,2024-06-28,4,0,summer,178144,,2024,6,24.59333333333333,115.9,2.2233333333333336
Seoul,2024-06-29,5,1,summer,100000,,2024,6,24.59333333333333,115.9,2.2233333333333336
Seoul,2024-06-30,6,1,summer,95582,,2024,6,24.59333333333333,115.9,2.2233333333333336
Seoul,2024-07-01,0,0,summer,182412,,2024,7,26.596774193548388,557.3,2.5258064516129033
Seoul,2024-07-02,1,0,summer,39425,,2024,7,26.596774193548388,557.3,2.5258064516129033
Seoul,2024-07-03,2,0,summer,164923,,2024,7,26.596774193548388,557.3,2.5258064516129033
Seoul,2024-07-04,3,0,summer,158343,,2024,7,26.596774193548388,557.3,2.5258064516129033
Seoul,2024-07-05,4,0,summer,170995,,2024,7,26.596774193548388,557.3,2.5258064516129033
Seoul,2024-07-06,5,1,summer,95369,,2024,7,26.596774193548388,557.3,2.5258064516129033
Seoul,2024-07-07,6,1,summer,82462,,2024,7,26.596774193548388,557.3,2.5258064516129033
Seoul,2024-07-08,0,0,summer,49089,,2024,7,26.596774193548388,557.3,2.5258064516129033
Seoul,2024-07-09,1,0,summer,131047,,2024,7,26.596774193548388,557.3,2.5258064516129033
Seoul,2024-07-10,2,0,summer,157084,,2024,7,26.596774193548388,557.3,2.5258064516129033
Seoul,2024-07-11,3,0,summer,176887,,2024,7,26.596774193548388,557.3,2.5258064516129033
Seoul,2024-07-12,4,0,summer,178478,,2024,7,26.596774193548388,557.3,2.5258064516129033
Seoul,2024-07-13,5,1,summer,132048,,2024,7,26.596774193548388,557.3,2.5258064516129033
Seoul,2024-07-14,6,1,summer,116657,,2024,7,26.596774193548388,557.3,2.5258064516129033
Seoul,2024-07-15,0,0,summer,166497,,2024,7,26.596774193548388,557.3,2.5258064516129033
Seoul,2024-07-16,1,0,summer,94003,,2024,7,26.596774193548388,557.3,2.5258064516129033
Seoul,2024-07-17,2,0,summer,52002,,2024,7,26.596774193548388,557.3,2.5258064516129033
Seoul,2024-07-18,3,0,summer,42868,,2024,7,26.596774193548388,557.3,2.5258064516129033
Seoul,2024-07-19,4,0,summer,158625,,2024,7,26.596774193548388,557.3,2.5258064516129033
Seoul,2024-07-20,5,1,summer,84494,,2024,7,26.596774193548388,557.3,2.5258064516129033
Seoul,2024-07-21,6,1,summer,97479,,2024,7,26.596774193548388,557.3,2.5258064516129033
Seoul,2024-07-22,0,0,summer,85679,,2024,7,26.596774193548388,557.3,2.5258064516129033
Seoul,2024-07-23,1,0,summer,113320,,2024,7,26.596774193548388,557.3,2.5258064516129033
Seoul,2024-07-24,2,0,summer,126761,,2024,7,26.596774193548388,557.3,2.5258064516129033
Seoul,2024-07-25,3,0,summer,131194,,2024,7,26.596774193548388,557.3,2.5258064516129033
Seoul,2024-07-26,4,0,summer,117455,,2024,7,26.596774193548388,557.3,2.5258064516129033
Seoul,2024-07-27,5,1,summer,76401,,2024,7,26.596774193548388,557.3,2.5258064516129033
Seoul,2024-07-28,6,1,summer,102036,,2024,7,26.596774193548388,557.3,2.5258064516129033
Seoul,2024-07-29,0,0,summer,138818,,2024,7,26.596774193548388,557.3,2.5258064516129033
Seoul,2024-07-30,1,0,summer,150513,,2024,7,26.596774193548388,557.3,2.5258064516129033
Seoul,2024-07-31,2,0,summer,149869,,2024,7,26.596774193548388,557.3,2.5258064516129033
Seoul,2024-08-01,3,0,summer,145489,,2024,8,29.33225806451613,72.80000000000001,2.074193548387097
Seoul,2024-08-02,4,0,summer,140156,,2024,8,29.33225806451613,72.80000000000001,2.074193548387097
Seoul,2024-08-03,5,1,summer,105224,,2024,8,29.33225806451613,72.80000000000001,2.074193548387097
Seoul,2024-08-04,6,1,summer,89614,,2024,8,29.33225806451613,72.80000000000001,2.074193548387097
Seoul,2024-08-05,0,0,summer,123157,,2024,8,29.33225806451613,72.80000000000001,2.074193548387097
Seoul,2024-08-06,1,0,summer,136544,,2024,8,29.33225806451613,72.80000000000001,2.074193548387097
Seoul,2024-08-07,2,0,summer,141042,,2024,8,29.33225806451613,72.80000000000001,2.074193548387097
Seoul,2024-08-08,3,0,summer,137397,,2024,8,29.33225806451613,72.80000000000001,2.074193548387097
Seoul,2024-08-09,4,0,summer,139485,,2024,8,29.33225806451613,72.80000000000001,2.074193548387097
Seoul,2024-08-10,5,1,summer,114532,,2024,8,29.33225806451613,72.80000000000001,2.074193548387097
Seoul,2024-08-11,6,1,summer,99631,,2024,8,29.33225806451613,72.80000000000001,2.074193548387097
Seoul,2024-08-12,0,0,summer,143230,,2024,8,29.33225806451613,72.80000000000001,2.074193548387097
Seoul,2024-08-13,1,0,summer,134079,,2024,8,29.33225806451613,72.80000000000001,2.074193548387097
Seoul,2024-08-14,2,0,summer,132732,,2024,8,29.33225806451613,72.80000000000001,2.074193548387097
Seoul,2024-08-15,3,0,summer,102411,,2024,8,29.33225806451613,72.80000000000001,2.074193548387097
Seoul,2024-08-16,4,0,summer,140851,,2024,8,29.33225806451613,72.80000000000001,2.074193548387097
Seoul,2024-08-17,5,1,summer,105965,,2024,8,29.33225806451613,72.80000000000001,2.074193548387097
Seoul,2024-08-18,6,1,summer,93509,,2024,8,29.33225806451613,72.80000000000001,2.074193548387097
Seoul,2024-08-19,0,0,summer,143004,,2024,8,29.33225806451613,72.80000000000001,2.074193548387097
Seoul,2024-08-20,1,0,summer,146665,,2024,8,29.33225806451613,72.80000000000001,2.074193548387097
Seoul,2024-08-21,2,0,summer,73100,,2024,8,29.33225806451613,72.80000000000001,2.074193548387097
Seoul,2024-08-22,3,0,summer,125878,,2024,8,29.33225806451613,72.80000000000001,2.074193548387097
Seoul,2024-08-23,4,0,summer,151308,,2024,8,29.33225806451613,72.80000000000001,2.074193548387097
Seoul,2024-08-24,5,1,summer,105514,,2024,8,29.33225806451613,72.80000000000001,2.074193548387097
Seoul,2024-08-25,6,1,summer,101723,,2024,8,29.33225806451613,72.80000000000001,2.074193548387097
Seoul,2024-08-26,0,0,summer,142238,,2024,8,29.33225806451613,72.80000000000001,2.074193548387097
Seoul,2024-08-27,1,0,summer,149070,,2024,8,29.33225806451613,72.80000000000001,2.074193548387097
Seoul,2024-08-28,2,0,summer,166242,,2024,8,29.33225806451613,72.80000000000001,2.074193548387097
Seoul,2024-08-29,3,0,summer,166666,,2024,8,29.33225806451613,72.80000000000001,2.074193548387097
Seoul,2024-08-30,4,0,summer,167333,,2024,8,29.33225806451613,72.80000000000001,2.074193548387097
Seoul,2024-08-31,5,1,summer,134545,,2024,8,29.33225806451613,72.80000000000001,2.074193548387097
Seoul,2024-09-01,6,1,fall,125170,,2024,9,25.483333333333334,143.9,2.296666666666667
Seoul,2024-09-02,0,0,fall,153796,,2024,9,25.483333333333334,143.9,2.296666666666667
Seoul,2024-09-03,1,0,fall,178909,,2024,9,25.483333333333334,143.9,2.296666666666667
Seoul,2024-09-04,2,0,fall,176857,,2024,9,25.483333333333334,143.9,2.296666666666667
Seoul,2024-09-05,3,0,fall,142476,,2024,9,25.483333333333334,143.9,2.296666666666667
Seoul,2024-09-06,4,0,fall,150540,,2024,9,25.483333333333334,143.9,2.296666666666667
Seoul,2024-09-07,5,1,fall,148978,,2024,9,25.483333333333334,143.9,2.296666666666667
Seoul,2024-09-08,6,1,fall,131434,,2024,9,25.483333333333334,143.9,2.296666666666667
Seoul,2024-09-09,0,0,fall,170529,,2024,9,25.483333333333334,143.9,2.296666666666667
Seoul,2024-09-10,1,0,fall,169983,,2024,9,25.483333333333334,143.9,2.296666666666667
Seoul,2024-09-11,2,0,fall,154083,,2024,9,25.483333333333334,143.9,2.296666666666667
Seoul,2024-09-12,3,0,fall,62023,,2024,9,25.483333333333334,143.9,2.296666666666667
Seoul,2024-09-13,4,0,fall,75826,,2024,9,25.483333333333334,143.9,2.296666666666667
Seoul,2024-09-14,5,1,fall,115908,,2024,9,25.483333333333334,143.9,2.296666666666667
Seoul,2024-09-15,6,1,fall,102890,,2024,9,25.483333333333334,143.9,2.296666666666667
Seoul,2024-09-16,0,0,fall,89292,,2024,9,25.483333333333334,143.9,2.296666666666667
Seoul,2024-09-17,1,0,fall,79402,,2024,9,25.483333333333334,143.9,2.296666666666667
Seoul,2024-09-18,2,0,fall,101367,,2024,9,25.483333333333334,143.9,2.296666666666667
Seoul,2024-09-19,3,0,fall,155491,,2024,9,25.483333333333334,143.9,2.296666666666667
Seoul,2024-09-20,4,0,fall,49130,,2024,9,25.483333333333334,143.9,2.296666666666667
Seoul,2024-09-21,5,1,fall,112110,,2024,9,25.483333333333334,143.9,2.296666666666667
Seoul,2024-09-22,6,1,fall,159567,,2024,9,25.483333333333334,143.9,2.296666666666667
Seoul,2024-09-23,0,0,fall,188300,,2024,9,25.483333333333334,143.9,2.296666666666667
Seoul,2024-09-24,1,0,fall,191168,,2024,9,25.483333333333334,143.9,2.296666666666667
Seoul,2024-09-25,2,0,fall,187734,,2024,9,25.483333333333334,143.9,2.296666666666667
Seoul,2024-09-26,3,0,fall,176103,,2024,9,25.483333333333334,143.9,2.296666666666667
Seoul,2024-09-27,4,0,fall,191573,,2024,9,25.483333333333334,143.9,2.296666666666667
Seoul,2024-09-28,5,1,fall,169000,,2024,9,25.483333333333334,143.9,2.296666666666667
Seoul,2024-09-29,6,1,fall,154569,,2024,9,25.483333333333334,143.9,2.296666666666667
Seoul,2024-09-30,0,0,fall,186558,,2024,9,25.483333333333334,143.9,2.296666666666667
Seoul,2024-10-01,1,0,fall,131750,,2024,10,16.654838709677417,74.0,2.032258064516129
Seoul,2024-10-02,2,0,fall,176842,,2024,10,16.654838709677417,74.0,2.032258064516129
Seoul,2024-10-03,3,0,fall,154012,,2024,10,16.654838709677417,74.0,2.032258064516129
Seoul,2024-10-04,4,0,fall,181964,,2024,10,16.654838709677417,74.0,2.032258064516129
Seoul,2024-10-05,5,1,fall,165479,,2024,10,16.654838709677417,74.0,2.032258064516129
Seoul,2024-10-06,6,1,fall,108639,,2024,10,16.654838709677417,74.0,2.032258064516129
Seoul,2024-10-07,0,0,fall,173890,,2024,10,16.654838709677417,74.0,2.032258064516129
Seoul,2024-10-08,1,0,fall,182682,,2024,10,16.654838709677417,74.0,2.032258064516129
Seoul,2024-10-09,2,0,fall,160343,,2024,10,16.654838709677417,74.0,2.032258064516129
Seoul,2024-10-10,3,0,fall,180124,,2024,10,16.654838709677417,74.0,2.032258064516129
Seoul,2024-10-11,4,0,fall,189284,,2024,10,16.654838709677417,74.0,2.032258064516129
Seoul,2024-10-12,5,1,fall,161687,,2024,10,16.654838709677417,74.0,2.032258064516129
Seoul,2024-10-13,6,1,fall,142166,,2024,10,16.654838709677417,74.0,2.032258064516129
Seoul,2024-10-14,0,0,fall,171314,,2024,10,16.654838709677417,74.0,2.032258064516129
Seoul,2024-10-15,1,0,fall,155623,,2024,10,16.654838709677417,74.0,2.032258064516129
Seoul,2024-10-16,2,0,fall,181100,,2024,10,16.654838709677417,74.0,2.032258064516129
Seoul,2024-10-17,3,0,fall,181165,,2024,10,16.654838709677417,74.0,2.032258064516129
Seoul,2024-10-18,4,0,fall,78685,,2024,10,16.654838709677417,74.0,2.032258064516129
Seoul,2024-10-19,5,1,fall,130845,,2024,10,16.654838709677417,74.0,2.032258064516129
Seoul,2024-10-20,6,1,fall,122491,,2024,10,16.654838709677417,74.0,2.032258064516129
Seoul,2024-10-21,0,0,fall,154414,,2024,10,16.654838709677417,74.0,2.032258064516129
Seoul,2024-10-22,1,0,fall,26820,,2024,10,16.654838709677417,74.0,2.032258064516129
Seoul,2024-10-23,2,0,fall,143682,,2024,10,16.654838709677417,74.0,2.032258064516129
Seoul,2024-10-24,3,0,fall,159378,,2024,10,16.654838709677417,74.0,2.032258064516129
Seoul,2024-10-25,4,0,fall,166458,,2024,10,16.654838709677417,74.0,2.032258064516129
Seoul,2024-10-26,5,1,fall,145497,,2024,10,16.654838709677417,74.0,2.032258064516129
Seoul,2024-10-27,6,1,fall,110957,,2024,10,16.654838709677417,74.0,2.032258064516129
Seoul,2024-10-28,0,0,fall,159283,,2024,10,16.654838709677417,74.0,2.032258064516129
Seoul,2024-10-29,1,0,fall,154503,,2024,10,16.654838709677417,74.0,2.032258064516129
Seoul,2024-10-30,2,0,fall,167863,,2024,10,16.654838709677417,74.0,2.032258064516129
Seoul,2024-10-31,3,0,fall,167817,,2024,10,16.654838709677417,74.0,2.032258064516129
Seoul,2024-11-01,4,0,fall,166375,,2024,11,9.676666666666668,60.0,2.0
Seoul,2024-11-02,5,1,fall,146379,,2024,11,9.676666666666668,60.0,2.0
Seoul,2024-11-03,6,1,fall,132614,,2024,11,9.676666666666668,60.0,2.0
Seoul,2024-11-04,0,0,fall,153235,,2024,11,9.676666666666668,60.0,2.0
Seoul,2024-11-05,1,0,fall,145636,,2024,11,9.676666666666668,60.0,2.0
Seoul,2024-11-06,2,0,fall,138914,,2024,11,9.676666666666668,60.0,2.0
Seoul,2024-11-07,3,0,fall,140432,,2024,11,9.676666666666668,60.0,2.0
Seoul,2024-11-08,4,0,fall,146639,,2024,11,9.676666666666668,60.0,2.0
Seoul,2024-11-09,5,1,fall,125849,,2024,11,9.676666666666668,60.0,2.0
Seoul,2024-11-10,6,1,fall,115697,,2024,11,9.676666666666668,60.0,2.0
Seoul,2024-11-11,0,0,fall,155328,,2024,11,9.676666666666668,60.0,2.0
Seoul,2024-11-12,1,0,fall,158301,,2024,11,9.676666666666668,60.0,2.0
Seoul,2024-11-13,2,0,fall,162971,,2024,11,9.676666666666668,60.0,2.0
Seoul,2024-11-14,3,0,fall,137483,,2024,11,9.676666666666668,60.0,2.0
Seoul,2024-11-15,4,0,fall,158838,,2024,11,9.676666666666668,60.0,2.0
Seoul,2024-11-16,5,1,fall,80378,,2024,11,9.676666666666668,60.0,2.0
Seoul,2024-11-17,6,1,fall,78614,,2024,11,9.676666666666668,60.0,2.0
Seoul,2024-11-18,0,0,fall,109684,,2024,11,9.676666666666668,60.0,2.0
Seoul,2024-11-19,1,0,fall,124669,,2024,11,9.676666666666668,60.0,2.0
Seoul,2024-11-20,2,0,fall,124098,,2024,11,9.676666666666668,60.0,2.0
Seoul,2024-11-21,3,0,fall,127471,,2024,11,9.676666666666668,60.0,2.0
Seoul,2024-11-22,4,0,fall,127424,,2024,11,9.676666666666668,60.0,2.0
Seoul,2024-11-23,5,1,fall,95085,,2024,11,9.676666666666668,60.0,2.0
Seoul,2024-11-24,6,1,fall,85907,,2024,11,9.676666666666668,60.0,2.0
Seoul,2024-11-25,0,0,fall,130589,,2024,11,9.676666666666668,60.0,2.0
Seoul,2024-11-26,1,0,fall,35385,,2024,11,9.676666666666668,60.0,2.0
Seoul,2024-11-27,2,0,fall,20902,,2024,11,9.676666666666668,60.0,2.0
Seoul,2024-11-28,3,0,fall,42961,,2024,11,9.676666666666668,60.0,2.0
Seoul,2024-11-29,4,0,fall,73916,,2024,11,9.676666666666668,60.0,2.0
Seoul,2024-11-30,5,1,fall,57423,,2024,11,9.676666666666668,60.0,2.0
Seoul,2024-12-01,6,1,winter,58689,,2024,12,0.8483870967741935,5.7,2.167741935483871
Seoul,2024-12-02,0,0,winter,100413,,2024,12,0.8483870967741935,5.7,2.167741935483871
Seoul,2024-12-03,1,0,winter,94723,,2024,12,0.8483870967741935,5.7,2.167741935483871
Seoul,2024-12-04,2,0,winter,97375,,2024,12,0.8483870967741935,5.7,2.167741935483871
Seoul,2024-12-05,3,0,winter,83592,,2024,12,0.8483870967741935,5.7,2.167741935483871
Seoul,2024-12-06,4,0,winter,92791,,2024,12,0.8483870967741935,5.7,2.167741935483871
Seoul,2024-12-07,5,1,winter,66505,,2024,12,0.8483870967741935,5.7,2.167741935483871
Seoul,2024-12-08,6,1,winter,50139,,2024,12,0.8483870967741935,5.7,2.167741935483871
Seoul,2024-12-09,0,0,winter,89588,,2024,12,0.8483870967741935,5.7,2.167741935483871
Seoul,2024-12-10,1,0,winter,95376,,2024,12,0.8483870967741935,5.7,2.167741935483871
Seoul,2024-12-11,2,0,winter,98567,,2024,12,0.8483870967741935,5.7,2.167741935483871
Seoul,2024-12-12,3,0,winter,91976,,2024,12,0.8483870967741935,5.7,2.167741935483871
Seoul,2024-12-13,4,0,winter,89574,,2024,12,0.8483870967741935,5.7,2.167741935483871
Seoul,2024-12-14,5,1,winter,64507,,2024,12,0.8483870967741935,5.7,2.167741935483871
Seoul,2024-12-15,6,1,winter,51245,,2024,12,0.8483870967741935,5.7,2.167741935483871
Seoul,2024-12-16,0,0,winter,78064,,2024,12,0.8483870967741935,5.7,2.167741935483871
Seoul,2024-12-17,1,0,winter,83421,,2024,12,0.8483870967741935,5.7,2.167741935483871
Seoul,2024-12-18,2,0,winter,76140,,2024,12,0.8483870967741935,5.7,2.167741935483871
Seoul,2024-12-19,3,0,winter,79368,,2024,12,0.8483870967741935,5.7,2.167741935483871
Seoul,2024-12-20,4,0,winter,80214,,2024,12,0.8483870967741935,5.7,2.167741935483871
Seoul,2024-12-21,5,1,winter,39455,,2024,12,0.8483870967741935,5.7,2.167741935483871
Seoul,2024-12-22,6,1,winter,37978,,2024,12,0.8483870967741935,5.7,2.167741935483871
Seoul,2024-12-23,0,0,winter,76146,,2024,12,0.8483870967741935,5.7,2.167741935483871
Seoul,2024-12-24,1,0,winter,77783,,2024,12,0.8483870967741935,5.7,2.167741935483871
Seoul,2024-12-25,2,0,winter,45247,,2024,12,0.8483870967741935,5.7,2.167741935483871
Seoul,2024-12-26,3,0,winter,69113,,2024,12,0.8483870967741935,5.7,2.167741935483871
Seoul,2024-12-27,4,0,winter,68333,,2024,12,0.8483870967741935,5.7,2.167741935483871
Seoul,2024-12-28,5,1,winter,45732,,2024,12,0.8483870967741935,5.7,2.167741935483871
Seoul,2024-12-29,6,1,winter,43614,,2024,12,0.8483870967741935,5.7,2.167741935483871
Seoul,2024-12-30,0,0,winter,79482,,2024,12,0.8483870967741935,5.7,2.167741935483871
Seoul,2024-12-31,1,0,winter,72945,,2024,12,0.8483870967741935,5.7,2.167741935483871
Seoul,2025-01-01,2,0,winter,48645,,2025,1,-0.4290322580645161,19.5,2.2838709677419353
Seoul,2025-01-02,3,0,winter,77718,,2025,1,-0.4290322580645161,19.5,2.2838709677419353
Seoul,2025-01-03,4,0,winter,77053,,2025,1,-0.4290322580645161,19.5,2.2838709677419353
Seoul,2025-01-04,5,1,winter,56597,,2025,1,-0.4290322580645161,19.5,2.2838709677419353
Seoul,2025-01-05,6,1,winter,19712,,2025,1,-0.4290322580645161,19.5,2.2838709677419353
Seoul,2025-01-06,0,0,winter,62525,,2025,1,-0.4290322580645161,19.5,2.2838709677419353
Seoul,2025-01-07,1,0,winter,68411,,2025,1,-0.4290322580645161,19.5,2.2838709677419353
Seoul,2025-01-08,2,0,winter,66720,,2025,1,-0.4290322580645161,19.5,2.2838709677419353
Seoul,2025-01-09,3,0,winter,47971,,2025,1,-0.4290322580645161,19.5,2.2838709677419353
Seoul,2025-01-10,4,0,winter,54569,,2025,1,-0.4290322580645161,19.5,2.2838709677419353
Seoul,2025-01-11,5,1,winter,42552,,2025,1,-0.4290322580645161,19.5,2.2838709677419353
Seoul,2025-01-12,6,1,winter,38308,,2025,1,-0.4290322580645161,19.5,2.2838709677419353
Seoul,2025-01-13,0,0,winter,50945,,2025,1,-0.4290322580645161,19.5,2.2838709677419353
Seoul,2025-01-14,1,0,winter,61057,,2025,1,-0.4290322580645161,19.5,2.2838709677419353
Seoul,2025-01-15,2,0,winter,64305,,2025,1,-0.4290322580645161,19.5,2.2838709677419353
Seoul,2025-01-16,3,0,winter,68299,,2025,1,-0.4290322580645161,19.5,2.2838709677419353
Seoul,2025-01-17,4,0,winter,73521,,2025,1,-0.4290322580645161,19.5,2.2838709677419353
Seoul,2025-01-18,5,1,winter,56933,,2025,1,-0.4290322580645161,19.5,2.2838709677419353
Seoul,2025-01-19,6,1,winter,51398,,2025,1,-0.4290322580645161,19.5,2.2838709677419353
Seoul,2025-01-20,0,0,winter,76911,,2025,1,-0.4290322580645161,19.5,2.2838709677419353
Seoul,2025-01-21,1,0,winter,76568,,2025,1,-0.4290322580645161,19.5,2.2838709677419353
Seoul,2025-01-22,2,0,winter,80528,,2025,1,-0.4290322580645161,19.5,2.2838709677419353
Seoul,2025-01-23,3,0,winter,81308,,2025,1,-0.4290322580645161,19.5,2.2838709677419353
Seoul,2025-01-24,4,0,winter,85272,,2025,1,-0.4290322580645161,19.5,2.2838709677419353
Seoul,2025-01-25,5,1,winter,63695,,2025,1,-0.4290322580645161,19.5,2.2838709677419353
Seoul,2025-01-26,6,1,winter,49384,,2025,1,-0.4290322580645161,19.5,2.2838709677419353
Seoul,2025-01-27,0,0,winter,16746,,2025,1,-0.4290322580645161,19.5,2.2838709677419353
Seoul,2025-01-28,1,0,winter,15070,,2025,1,-0.4290322580645161,19.5,2.2838709677419353
Seoul,2025-01-29,2,0,winter,16398,,2025,1,-0.4290322580645161,19.5,2.2838709677419353
Seoul,2025-01-30,3,0,winter,28784,,2025,1,-0.4290322580645161,19.5,2.2838709677419353
Seoul,2025-01-31,4,0,winter,26433,,2025,1,-0.4290322580645161,19.5,2.2838709677419353
Seoul,2025-02-01,5,1,winter,42902,,2025,2,-1.175,5.199999999999999,2.5892857142857144
Seoul,2025-02-02,6,1,winter,47226,,2025,2,-1.175,5.199999999999999,2.5892857142857144
Seoul,2025-02-03,0,0,winter,58107,,2025,2,-1.175,5.199999999999999,2.5892857142857144
Seoul,2025-02-04,1,0,winter,49334,,2025,2,-1.175,5.199999999999999,2.5892857142857144
Seoul,2025-02-05,2,0,winter,50837,,2025,2,-1.175,5.199999999999999,2.5892857142857144
Seoul,2025-02-06,3,0,winter,37910,,2025,2,-1.175,5.199999999999999,2.5892857142857144
Seoul,2025-02-07,4,0,winter,25539,,2025,2,-1.175,5.199999999999999,2.5892857142857144
Seoul,2025-02-08,5,1,winter,29054,,2025,2,-1.175,5.199999999999999,2.5892857142857144
Seoul,2025-02-09,6,1,winter,30725,,2025,2,-1.175,5.199999999999999,2.5892857142857144
Seoul,2025-02-10,0,0,winter,59309,,2025,2,-1.175,5.199999999999999,2.5892857142857144
Seoul,2025-02-11,1,0,winter,70893,,2025,2,-1.175,5.199999999999999,2.5892857142857144
Seoul,2025-02-12,2,0,winter,35468,,2025,2,-1.175,5.199999999999999,2.5892857142857144
Seoul,2025-02-13,3,0,winter,68750,,2025,2,-1.175,5.199999999999999,2.5892857142857144
Seoul,2025-02-14,4,0,winter,79247,,2025,2,-1.175,5.199999999999999,2.5892857142857144
Seoul,2025-02-15,5,1,winter,60415,,2025,2,-1.175,5.199999999999999,2.5892857142857144
Seoul,2025-02-16,6,1,winter,53214,,2025,2,-1.175,5.199999999999999,2.5892857142857144
Seoul,2025-02-17,0,0,winter,68698,,2025,2,-1.175,5.199999999999999,2.5892857142857144
Seoul,2025-02-18,1,0,winter,66571,,2025,2,-1.175,5.199999999999999,2.5892857142857144
Seoul,2025-02-19,2,0,winter,65350,,2025,2,-1.175,5.199999999999999,2.5892857142857144
Seoul,2025-02-20,3,0,winter,65458,,2025,2,-1.175,5.199999999999999,2.5892857142857144
Seoul,2025-02-21,4,0,winter,66490,,2025,2,-1.175,5.199999999999999,2.5892857142857144
Seoul,2025-02-22,5,1,winter,49412,,2025,2,-1.175,5.199999999999999,2.5892857142857144
Seoul,2025-02-23,6,1,winter,37830,,2025,2,-1.175,5.199999999999999,2.5892857142857144
Seoul,2025-02-24,0,0,winter,68743,,2025,2,-1.175,5.199999999999999,2.5892857142857144
Seoul,2025-02-25,1,0,winter,75271,,2025,2,-1.175,5.199999999999999,2.5892857142857144
Seoul,2025-02-26,2,0,winter,81379,,2025,2,-1.175,5.199999999999999,2.5892857142857144
Seoul,2025-02-27,3,0,winter,91203,,2025,2,-1.175,5.199999999999999,2.5892857142857144
Seoul,2025-02-28,4,0,winter,94205,,2025,2,-1.175,5.199999999999999,2.5892857142857144
Seoul,2025-03-01,5,1,spring,58921,,2025,3,7.990322580645161,38.2,2.761290322580645
Seoul,2025-03-02,6,1,spring,32851,,2025,3,7.990322580645161,38.2,2.761290322580645
Seoul,2025-03-03,0,0,spring,45445,,2025,3,7.990322580645161,38.2,2.761290322580645
Seoul,2025-03-04,1,0,spring,52217,,2025,3,7.990322580645161,38.2,2.761290322580645
Seoul,2025-03-05,2,0,spring,89885,,2025,3,7.990322580645161,38.2,2.761290322580645
Seoul,2025-03-06,3,0,spring,95225,,2025,3,7.990322580645161,38.2,2.761290322580645
Seoul,2025-03-07,4,0,spring,98680,,2025,3,7.990322580645161,38.2,2.761290322580645
Seoul,2025-03-08,5,1,spring,81479,,2025,3,7.990322580645161,38.2,2.761290322580645
Seoul,2025-03-09,6,1,spring,80200,,2025,3,7.990322580645161,38.2,2.761290322580645
Seoul,2025-03-10,0,0,spring,103848,,2025,3,7.990322580645161,38.2,2.761290322580645
Seoul,2025-03-11,1,0,spring,111514,,2025,3,7.990322580645161,38.2,2.761290322580645
Seoul,2025-03-12,2,0,spring,99722,,2025,3,7.990322580645161,38.2,2.761290322580645
Seoul,2025-03-13,3,0,spring,110368,,2025,3,7.990322580645161,38.2,2.761290322580645
Seoul,2025-03-14,4,0,spring,125131,,2025,3,7.990322580645161,38.2,2.761290322580645
Seoul,2025-03-15,5,1,spring,109746,,2025,3,7.990322580645161,38.2,2.761290322580645
Seoul,2025-03-16,6,1,spring,50204,,2025,3,7.990322580645161,38.2,2.761290322580645
Seoul,2025-03-17,0,0,spring,90119,,2025,3,7.990322580645161,38.2,2.761290322580645
Seoul,2025-03-18,1,0,spring,59001,,2025,3,7.990322580645161,38.2,2.761290322580645
Seoul,2025-03-19,2,0,spring,93999,,2025,3,7.990322580645161,38.2,2.761290322580645
Seoul,2025-03-20,3,0,spring,109736,,2025,3,7.990322580645161,38.2,2.761290322580645
Seoul,2025-03-21,4,0,spring,120515,,2025,3,7.990322580645161,38.2,2.761290322580645
Seoul,2025-03-22,5,1,spring,115085,,2025,3,7.990322580645161,38.2,2.761290322580645
Seoul,2025-03-23,6,1,spring,115859,,2025,3,7.990322580645161,38.2,2.761290322580645
Seoul,2025-03-24,0,0,spring,127283,,2025,3,7.990322580645161,38.2,2.761290322580645
Seoul,2025-03-25,1,0,spring,115458,,2025,3,7.990322580645161,38.2,2.761290322580645
Seoul,2025-03-26,2,0,spring,134702,,2025,3,7.990322580645161,38.2,2.761290322580645
Seoul,2025-03-27,3,0,spring,101747,,2025,3,7.990322580645161,38.2,2.761290322580645
Seoul,2025-03-28,4,0,spring,112105,,2025,3,7.990322580645161,38.2,2.761290322580645
Seoul,2025-03-29,5,1,spring,63571,,2025,3,7.990322580645161,38.2,2.761290322580645
Seoul,2025-03-30,6,1,spring,57013,,2025,3,7.990322580645161,38.2,2.761290322580645
Seoul,2025-03-31,0,0,spring,115322,,2025,3,7.990322580645161,38.2,2.761290322580645
Seoul,2025-04-01,1,0,spring,128602,,2025,4,13.416666666666666,94.6,2.5233333333333334
Seoul,2025-04-02,2,0,spring,113275,,2025,4,13.416666666666666,94.6,2.5233333333333334
Seoul,2025-04-03,3,0,spring,127764,,2025,4,13.416666666666666,94.6,2.5233333333333334
Seoul,2025-04-04,4,0,spring,130775,,2025,4,13.416666666666666,94.6,2.5233333333333334
Seoul,2025-04-05,5,1,spring,17053,,2025,4,13.416666666666666,94.6,2.5233333333333334
Seoul,2025-04-06,6,1,spring,104882,,2025,4,13.416666666666666,94.6,2.5233333333333334
Seoul,2025-04-07,0,0,spring,139291,,2025,4,13.416666666666666,94.6,2.5233333333333334
Seoul,2025-04-08,1,0,spring,147589,,2025,4,13.416666666666666,94.6,2.5233333333333334
Seoul,2025-04-09,2,0,spring,124370,,2025,4,13.416666666666666,94.6,2.5233333333333334
Seoul,2025-04-10,3,0,spring,149696,,2025,4,13.416666666666666,94.6,2.5233333333333334
Seoul,2025-04-11,4,0,spring,167346,,2025,4,13.416666666666666,94.6,2.5233333333333334
Seoul,2025-04-12,5,1,spring,53027,,2025,4,13.416666666666666,94.6,2.5233333333333334
Seoul,2025-04-13,6,1,spring,41925,,2025,4,13.416666666666666,94.6,2.5233333333333334
Seoul,2025-04-14,0,0,spring,41890,,2025,4,13.416666666666666,94.6,2.5233333333333334
Seoul,2025-04-15,1,0,spring,124290,,2025,4,13.416666666666666,94.6,2.5233333333333334
Seoul,2025-04-16,2,0,spring,148388,,2025,4,13.416666666666666,94.6,2.5233333333333334
Seoul,2025-04-17,3,0,spring,152477,,2025,4,13.416666666666666,94.6,2.5233333333333334
Seoul,2025-04-18,4,0,spring,154989,,2025,4,13.416666666666666,94.6,2.5233333333333334
Seoul,2025-04-19,5,1,spring,41988,,2025,4,13.416666666666666,94.6,2.5233333333333334
Seoul,2025-04-20,6,1,spring,136746,,2025,4,13.416666666666666,94.6,2.5233333333333334
Seoul,2025-04-21,0,0,spring,158268,,2025,4,13.416666666666666,94.6,2.5233333333333334
Seoul,2025-04-22,1,0,spring,45308,,2025,4,13.416666666666666,94.6,2.5233333333333334
Seoul,2025-04-23,2,0,spring,158602,,2025,4,13.416666666666666,94.6,2.5233333333333334
Seoul,2025-04-24,3,0,spring,150526,,2025,4,13.416666666666666,94.6,2.5233333333333334
Seoul,2025-04-25,4,0,spring,148020,,2025,4,13.416666666666666,94.6,2.5233333333333334
Seoul,2025-04-26,5,1,spring,133576,,2025,4,13.416666666666666,94.6,2.5233333333333334
Seoul,2025-04-27,6,1,spring,116047,,2025,4,13.416666666666666,94.6,2.5233333333333334
Seoul,2025-04-28,0,0,spring,151260,,2025,4,13.416666666666666,94.6,2.5233333333333334
Seoul,2025-04-29,1,0,spring,157192,,2025,4,13.416666666666666,94.6,2.5233333333333334
Seoul,2025-04-30,2,0,spring,165638,,2025,4,13.416666666666666,94.6,2.5233333333333334
Seoul,2025-05-01,3,0,spring,53549,,2025,5,17.770967741935483,123.6,2.3419354838709676
Seoul,2025-05-02,4,0,spring,144934,,2025,5,17.770967741935483,123.6,2.3419354838709676
Seoul,2025-05-03,5,1,spring,62747,,2025,5,17.770967741935483,123.6,2.3419354838709676
Seoul,2025-05-04,6,1,spring,111340,,2025,5,17.770967741935483,123.6,2.3419354838709676
Seoul,2025-05-05,0,0,spring,88946,,2025,5,17.770967741935483,123.6,2.3419354838709676
Seoul,2025-05-06,1,0,spring,121892,,2025,5,17.770967741935483,123.6,2.3419354838709676
Seoul,2025-05-07,2,0,spring,153651,,2025,5,17.770967741935483,123.6,2.3419354838709676
Seoul,2025-05-08,3,0,spring,160259,,2025,5,17.770967741935483,123.6,2.3419354838709676
Seoul,2025-05-09,4,0,spring,24264,,2025,5,17.770967741935483,123.6,2.3419354838709676
Seoul,2025-05-10,5,1,spring,27824,,2025,5,17.770967741935483,123.6,2.3419354838709676
Seoul,2025-05-11,6,1,spring,118904,,2025,5,17.770967741935483,123.6,2.3419354838709676
Seoul,2025-05-12,0,0,spring,157205,,2025,5,17.770967741935483,123.6,2.3419354838709676
Seoul,2025-05-13,1,0,spring,162773,,2025,5,17.770967741935483,123.6,2.3419354838709676
Seoul,2025-05-14,2,0,spring,165179,,2025,5,17.770967741935483,123.6,2.3419354838709676
Seoul,2025-05-15,3,0,spring,113326,,2025,5,17.770967741935483,123.6,2.3419354838709676
Seoul,2025-05-16,4,0,spring,40766,,2025,5,17.770967741935483,123.6,2.3419354838709676
Seoul,2025-05-17,5,1,spring,88198,,2025,5,17.770967741935483,123.6,2.3419354838709676
Seoul,2025-05-18,6,1,spring,134944,,2025,5,17.770967741935483,123.6,2.3419354838709676
Seoul,2025-05-19,0,0,spring,118348,,2025,5,17.770967741935483,123.6,2.3419354838709676
Seoul,2025-05-20,1,0,spring,144466,,2025,5,17.770967741935483,123.6,2.3419354838709676
Seoul,2025-05-21,2,0,spring,157494,,2025,5,17.770967741935483,123.6,2.3419354838709676
Seoul,2025-05-22,3,0,spring,149235,,2025,5,17.770967741935483,123.6,2.3419354838709676
Seoul,2025-05-23,4,0,spring,137430,,2025,5,17.770967741935483,123.6,2.3419354838709676
Seoul,2025-05-24,5,1,spring,113917,,2025,5,17.770967741935483,123.6,2.3419354838709676
Seoul,2025-05-25,6,1,spring,137711,,2025,5,17.770967741935483,123.6,2.3419354838709676
Seoul,2025-05-26,0,0,spring,160646,,2025,5,17.770967741935483,123.6,2.3419354838709676
Seoul,2025-05-27,1,0,spring,163261,,2025,5,17.770967741935483,123.6,2.3419354838709676
Seoul,2025-05-28,2,0,spring,162829,,2025,5,17.770967741935483,123.6,2.3419354838709676
Seoul,2025-05-29,3,0,spring,164645,,2025,5,17.770967741935483,123.6,2.3419354838709676
Seoul,2025-05-30,4,0,spring,173915,,2025,5,17.770967741935483,123.6,2.3419354838709676
Seoul,2025-05-31,5,1,spring,144790,,2025,5,17.770967741935483,123.6,2.3419354838709676
Seoul,2025-06-01,6,1,summer,130285,,2025,6,24.03666666666667,98.1,2.296666666666667
Seoul,2025-06-02,0,0,summer,148775,,2025,6,24.03666666666667,98.1,2.296666666666667
Seoul,2025-06-03,1,0,summer,154911,,2025,6,24.03666666666667,98.1,2.296666666666667
Seoul,2025-06-04,2,0,summer,167578,,2025,6,24.03666666666667,98.1,2.296666666666667
Seoul,2025-06-05,3,0,summer,172651,,2025,6,24.03666666666667,98.1,2.296666666666667
Seoul,2025-06-06,4,0,summer,137915,,2025,6,24.03666666666667,98.1,2.296666666666667
Seoul,2025-06-07,5,1,summer,135698,,2025,6,24.03666666666667,98.1,2.296666666666667
Seoul,2025-06-08,6,1,summer,122268,,2025,6,24.03666666666667,98.1,2.296666666666667
Seoul,2025-06-09,0,0,summer,161721,,2025,6,24.03666666666667,98.1,2.296666666666667
Seoul,2025-06-10,1,0,summer,169011,,2025,6,24.03666666666667,98.1,2.296666666666667
Seoul,2025-06-11,2,0,summer,168455,,2025,6,24.03666666666667,98.1,2.296666666666667
Seoul,2025-06-12,3,0,summer,164824,,2025,6,24.03666666666667,98.1,2.296666666666667
Seoul,2025-06-13,4,0,summer,115907,,2025,6,24.03666666666667,98.1,2.296666666666667
Seoul,2025-06-14,5,1,summer,131389,,2025,6,24.03666666666667,98.1,2.296666666666667
Seoul,2025-06-15,6,1,summer,88162,,2025,6,24.03666666666667,98.1,2.296666666666667
Seoul,2025-06-16,0,0,summer,111005,,2025,6,24.03666666666667,98.1,2.296666666666667
Seoul,2025-06-17,1,0,summer,164922,,2025,6,24.03666666666667,98.1,2.296666666666667
Seoul,2025-06-18,2,0,summer,165124,,2025,6,24.03666666666667,98.1,2.296666666666667
Seoul,2025-06-19,3,0,summer,156770,,2025,6,24.03666666666667,98.1,2.296666666666667
Seoul,2025-06-20,4,0,summer,13179,,2025,6,24.03666666666667,98.1,2.296666666666667
Seoul,2025-06-21,5,1,summer,108852,,2025,6,24.03666666666667,98.1,2.296666666666667
Seoul,2025-06-22,6,1,summer,124126,,2025,6,24.03666666666667,98.1,2.296666666666667
Seoul,2025-06-23,0,0,summer,159484,,2025,6,24.03666666666667,98.1,2.296666666666667
Seoul,2025-06-24,1,0,summer,136677,,2025,6,24.03666666666667,98.1,2.296666666666667
Seoul,2025-06-25,2,0,summer,51323,,2025,6,24.03666666666667,98.1,2.296666666666667
Seoul,2025-06-26,3,0,summer,146464,,2025,6,24.03666666666667,98.1,2.296666666666667
Seoul,2025-06-27,4,0,summer,154649,,2025,6,24.03666666666667,98.1,2.296666666666667
Seoul,2025-06-28,5,1,summer,100481,,2025,6,24.03666666666667,98.1,2.296666666666667
Seoul,2025-06-29,6,1,summer,111430,,2025,6,24.03666666666667,98.1,2.296666666666667
Seoul,2025-06-30,0,0,summer,150279,,2025,6,24.03666666666667,98.1,2.296666666666667
Seoul,2025-07-01,1,0,summer,132914,,2025,7,28.780645161290323,293.9,2.264516129032258
Seoul,2025-07-02,2,0,summer,151653,,2025,7,28.780645161290323,293.9,2.264516129032258
Seoul,2025-07-03,3,0,summer,151092,,2025,7,28.780645161290323,293.9,2.264516129032258
Seoul,2025-07-04,4,0,summer,151367,,2025,7,28.780645161290323,293.9,2.264516129032258
Seoul,2025-07-05,5,1,summer,118354,,2025,7,28.780645161290323,293.9,2.264516129032258
Seoul,2025-07-06,6,1,summer,106785,,2025,7,28.780645161290323,293.9,2.264516129032258
Seoul,2025-07-07,0,0,summer,146664,,2025,7,28.780645161290323,293.9,2.264516129032258
Seoul,2025-07-08,1,0,summer,115371,,2025,7,28.780645161290323,293.9,2.264516129032258
Seoul,2025-07-09,2,0,summer,136307,,2025,7,28.780645161290323,293.9,2.264516129032258
Seoul,2025-07-10,3,0,summer,139733,,2025,7,28.780645161290323,293.9,2.264516129032258
Seoul,2025-07-11,4,0,summer,144182,,2025,7,28.780645161290323,293.9,2.264516129032258
Seoul,2025-07-12,5,1,summer,109930,,2025,7,28.780645161290323,293.9,2.264516129032258
Seoul,2025-07-13,6,1,summer,90890,,2025,7,28.780645161290323,293.9,2.264516129032258
Seoul,2025-07-14,0,0,summer,67424,,2025,7,28.780645161290323,293.9,2.264516129032258
Seoul,2025-07-15,1,0,summer,109499,,2025,7,28.780645161290323,293.9,2.264516129032258
Seoul,2025-07-16,2,0,summer,51408,,2025,7,28.780645161290323,293.9,2.264516129032258
Seoul,2025-07-17,3,0,summer,30839,,2025,7,28.780645161290323,293.9,2.264516129032258
Seoul,2025-07-18,4,0,summer,83542,,2025,7,28.780645161290323,293.9,2.264516129032258
Seoul,2025-07-19,5,1,summer,37126,,2025,7,28.780645161290323,293.9,2.264516129032258
Seoul,2025-07-20,6,1,summer,90404,,2025,7,28.780645161290323,293.9,2.264516129032258
Seoul,2025-07-21,0,0,summer,140600,,2025,7,28.780645161290323,293.9,2.264516129032258
Seoul,2025-07-22,1,0,summer,143956,,2025,7,28.780645161290323,293.9,2.264516129032258
Seoul,2025-07-23,2,0,summer,144388,,2025,7,28.780645161290323,293.9,2.264516129032258
Seoul,2025-07-24,3,0,summer,138906,,2025,7,28.780645161290323,293.9,2.264516129032258
Seoul,2025-07-25,4,0,summer,130673,,2025,7,28.780645161290323,293.9,2.264516129032258
Seoul,2025-07-26,5,1,summer,92788,,2025,7,28.780645161290323,293.9,2.264516129032258
Seoul,2025-07-27,6,1,summer,79637,,2025,7,28.780645161290323,293.9,2.264516129032258
Seoul,2025-07-28,0,0,summer,119821,,2025,7,28.780645161290323,293.9,2.264516129032258
Seoul,2025-07-29,1,0,summer,122990,,2025,7,28.780645161290323,293.9,2.264516129032258
Seoul,2025-07-30,2,0,summer,126211,,2025,7,28.780645161290323,293.9,2.264516129032258
Seoul,2025-07-31,3,0,summer,130749,,2025,7,28.780645161290323,293.9,2.264516129032258
Seoul,2025-08-01,4,0,summer,125617,,2025,8,28.241935483870968,290.3,2.264516129032258
Seoul,2025-08-02,5,1,summer,96593,,2025,8,28.241935483870968,290.3,2.264516129032258
Seoul,2025-08-03,6,1,summer,71584,,2025,8,28.241935483870968,290.3,2.264516129032258
Seoul,2025-08-04,0,0,summer,121343,,2025,8,28.241935483870968,290.3,2.264516129032258
Seoul,2025-08-05,1,0,summer,138016,,2025,8,28.241935483870968,290.3,2.264516129032258
Seoul,2025-08-06,2,0,summer,85551,,2025,8,28.241935483870968,290.3,2.264516129032258
Seoul,2025-08-07,3,0,summer,138009,,2025,8,28.241935483870968,290.3,2.264516129032258
Seoul,2025-08-08,4,0,summer,141953,,2025,8,28.241935483870968,290.3,2.264516129032258
Seoul,2025-08-09,5,1,summer,101048,,2025,8,28.241935483870968,290.3,2.264516129032258
Seoul,2025-08-10,6,1,summer,106669,,2025,8,28.241935483870968,290.3,2.264516129032258
Seoul,2025-08-11,0,0,summer,148097,,2025,8,28.241935483870968,290.3,2.264516129032258
Seoul,2025-08-12,1,0,summer,148462,,2025,8,28.241935483870968,290.3,2.264516129032258
Seoul,2025-08-13,2,0,summer,26358,,2025,8,28.241935483870968,290.3,2.264516129032258
Seoul,2025-08-14,3,0,summer,80292,,2025,8,28.241935483870968,290.3,2.264516129032258
Seoul,2025-08-15,4,0,summer,91508,,2025,8,28.241935483870968,290.3,2.264516129032258
Seoul,2025-08-16,5,1,summer,108989,,2025,8,28.241935483870968,290.3,2.264516129032258
Seoul,2025-08-17,6,1,summer,104200,,2025,8,28.241935483870968,290.3,2.264516129032258
Seoul,2025-08-18,0,0,summer,108972,,2025,8,28.241935483870968,290.3,2.264516129032258
Seoul,2025-08-19,1,0,summer,140133,,2025,8,28.241935483870968,290.3,2.264516129032258
Seoul,2025-08-20,2,0,summer,142193,,2025,8,28.241935483870968,290.3,2.264516129032258
Seoul,2025-08-21,3,0,summer,141946,,2025,8,28.241935483870968,290.3,2.264516129032258
Seoul,2025-08-22,4,0,summer,141081,,2025,8,28.241935483870968,290.3,2.264516129032258
Seoul,2025-08-23,5,1,summer,114416,,2025,8,28.241935483870968,290.3,2.264516129032258
Seoul,2025-08-24,6,1,summer,98956,,2025,8,28.241935483870968,290.3,2.264516129032258
Seoul,2025-08-25,0,0,summer,112103,,2025,8,28.241935483870968,290.3,2.264516129032258
Seoul,2025-08-26,1,0,summer,119257,,2025,8,28.241935483870968,290.3,2.264516129032258
Seoul,2025-08-27,2,0,summer,148795,,2025,8,28.241935483870968,290.3,2.264516129032258
Seoul,2025-08-28,3,0,summer,148655,,2025,8,28.241935483870968,290.3,2.264516129032258
Seoul,2025-08-29,4,0,summer,110681,,2025,8,28.241935483870968,290.3,2.264516129032258
Seoul,2025-08-30,5,1,summer,94645,,2025,8,28.241935483870968,290.3,2.264516129032258
Seoul,2025-08-31,6,1,summer,103141,,2025,8,28.241935483870968,290.3,2.264516129032258
Seoul,2025-09-01,0,0,fall,89505,,2025,9,23.45,370.7,1.9966666666666666
Seoul,2025-09-02,1,0,fall,154043,,2025,9,23.45,370.7,1.9966666666666666
Seoul,2025-09-03,2,0,fall,155137,,2025,9,23.45,370.7,1.9966666666666666
Seoul,2025-09-04,3,0,fall,99885,,2025,9,23.45,370.7,1.9966666666666666
Seoul,2025-09-05,4,0,fall,152734,,2025,9,23.45,370.7,1.9966666666666666
Seoul,2025-09-06,5,1,fall,57076,,2025,9,23.45,370.7,1.9966666666666666
Seoul,2025-09-07,6,1,fall,116306,,2025,9,23.45,370.7,1.9966666666666666
Seoul,2025-09-08,0,0,fall,152244,,2025,9,23.45,370.7,1.9966666666666666
Seoul,2025-09-09,1,0,fall,165312,,2025,9,23.45,370.7,1.9966666666666666
Seoul,2025-09-10,2,0,fall,165850,,2025,9,23.45,370.7,1.9966666666666666
Seoul,2025-09-11,3,0,fall,166213,,2025,9,23.45,370.7,1.9966666666666666
Seoul,2025-09-12,4,0,fall,106264,,2025,9,23.45,370.7,1.9966666666666666
Seoul,2025-09-13,5,1,fall,113756,,2025,9,23.45,370.7,1.9966666666666666
Seoul,2025-09-14,6,1,fall,134624,,2025,9,23.45,370.7,1.9966666666666666
Seoul,2025-09-15,0,0,fall,165350,,2025,9,23.45,370.7,1.9966666666666666
Seoul,2025-09-16,1,0,fall,107807,,2025,9,23.45,370.7,1.9966666666666666
Seoul,2025-09-17,2,0,fall,84085,,2025,9,23.45,370.7,1.9966666666666666
Seoul,2025-09-18,3,0,fall,168436,,2025,9,23.45,370.7,1.9966666666666666
Seoul,2025-09-19,4,0,fall,62549,,2025,9,23.45,370.7,1.9966666666666666
Seoul,2025-09-20,5,1,fall,112491,,2025,9,23.45,370.7,1.9966666666666666
Seoul,2025-09-21,6,1,fall,146261,,2025,9,23.45,370.7,1.9966666666666666
Seoul,2025-09-22,0,0,fall,169403,,2025,9,23.45,370.7,1.9966666666666666
Seoul,2025-09-23,1,0,fall,173588,,2025,9,23.45,370.7,1.9966666666666666
Seoul,2025-09-24,2,0,fall,69988,,2025,9,23.45,370.7,1.9966666666666666
Seoul,2025-09-25,3,0,fall,157348,,2025,9,23.45,370.7,1.9966666666666666
Seoul,2025-09-26,4,0,fall,176011,,2025,9,23.45,370.7,1.9966666666666666
Seoul,2025-09-27,5,1,fall,153156,,2025,9,23.45,370.7,1.9966666666666666
Seoul,2025-09-28,6,1,fall,77626,,2025,9,23.45,370.7,1.9966666666666666
Seoul,2025-09-29,0,0,fall,168321,,2025,9,23.45,370.7,1.9966666666666666
Seoul,2025-09-30,1,0,fall,170957,,2025,9,23.45,370.7,1.9966666666666666
Seoul,2025-10-01,2,0,fall,169645,,2025,10,16.474193548387095,186.3,2.264516129032258
Seoul,2025-10-02,3,0,fall,175022,,2025,10,16.474193548387095,186.3,2.264516129032258
Seoul,2025-10-03,4,0,fall,89958,,2025,10,16.474193548387095,186.3,2.264516129032258
Seoul,2025-10-04,5,1,fall,113200,,2025,10,16.474193548387095,186.3,2.264516129032258
Seoul,2025-10-05,6,1,fall,53623,,2025,10,16.474193548387095,186.3,2.264516129032258
Seoul,2025-10-06,0,0,fall,10493,,2025,10,16.474193548387095,186.3,2.264516129032258
Seoul,2025-10-07,1,0,fall,26673,,2025,10,16.474193548387095,186.3,2.264516129032258
Seoul,2025-10-08,2,0,fall,126692,,2025,10,16.474193548387095,186.3,2.264516129032258
Seoul,2025-10-09,3,0,fall,113032,,2025,10,16.474193548387095,186.3,2.264516129032258
Seoul,2025-10-10,4,0,fall,13940,,2025,10,16.474193548387095,186.3,2.264516129032258
Seoul,2025-10-11,5,1,fall,55778,,2025,10,16.474193548387095,186.3,2.264516129032258
Seoul,2025-10-12,6,1,fall,108470,,2025,10,16.474193548387095,186.3,2.264516129032258
Seoul,2025-10-13,0,0,fall,28942,,2025,10,16.474193548387095,186.3,2.264516129032258
Seoul,2025-10-14,1,0,fall,130815,,2025,10,16.474193548387095,186.3,2.264516129032258
Seoul,2025-10-15,2,0,fall,119889,,2025,10,16.474193548387095,186.3,2.264516129032258
Seoul,2025-10-16,3,0,fall,152150,,2025,10,16.474193548387095,186.3,2.264516129032258
Seoul,2025-10-17,4,0,fall,112547,,2025,10,16.474193548387095,186.3,2.264516129032258
Seoul,2025-10-18,5,1,fall,99434,,2025,10,16.474193548387095,186.3,2.264516129032258
Seoul,2025-10-19,6,1,fall,116010,,2025,10,16.474193548387095,186.3,2.264516129032258
Seoul,2025-10-20,0,0,fall,131385,,2025,10,16.474193548387095,186.3,2.264516129032258
Seoul,2025-10-21,1,0,fall,134711,,2025,10,16.474193548387095,186.3,2.264516129032258
Seoul,2025-10-22,2,0,fall,145056,,2025,10,16.474193548387095,186.3,2.264516129032258
Seoul,2025-10-23,3,0,fall,151468,,2025,10,16.474193548387095,186.3,2.264516129032258
Seoul,2025-10-24,4,0,fall,154755,,2025,10,16.474193548387095,186.3,2.264516129032258
Seoul,2025-10-25,5,1,fall,124943,,2025,10,16.474193548387095,186.3,2.264516129032258
Seoul,2025-10-26,6,1,fall,82073,,2025,10,16.474193548387095,186.3,2.264516129032258
Seoul,2025-10-27,0,0,fall,120002,,2025,10,16.474193548387095,186.3,2.264516129032258
Seoul,2025-10-28,1,0,fall,127464,,2025,10,16.474193548387095,186.3,2.264516129032258
Seoul,2025-10-29,2,0,fall,137701,,2025,10,16.474193548387095,186.3,2.264516129032258
Seoul,2025-10-30,3,0,fall,140130,,2025,10,16.474193548387095,186.3,2.264516129032258
Seoul,2025-10-31,4,0,fall,141810,,2025,10,16.474193548387095,186.3,2.264516129032258
Seoul,2025-11-01,5,1,fall,94091,,2025,11,8.956666666666667,20.8,2.07
Seoul,2025-11-02,6,1,fall,78414,,2025,11,8.956666666666667,20.8,2.07
Seoul,2025-11-03,0,0,fall,117516,,2025,11,8.956666666666667,20.8,2.07
Seoul,2025-11-04,1,0,fall,131256,,2025,11,8.956666666666667,20.8,2.07
Seoul,2025-11-05,2,0,fall,137251,,2025,11,8.956666666666667,20.8,2.07
Seoul,2025-11-06,3,0,fall,138407,,2025,11,8.956666666666667,20.8,2.07
Seoul,2025-11-07,4,0,fall,141347,,2025,11,8.956666666666667,20.8,2.07
Seoul,2025-11-08,5,1,fall,109657,,2025,11,8.956666666666667,20.8,2.07
Seoul,2025-11-09,6,1,fall,96347,,2025,11,8.956666666666667,20.8,2.07
Seoul,2025-11-10,0,0,fall,119502,,2025,11,8.956666666666667,20.8,2.07
Seoul,2025-11-11,1,0,fall,128967,,2025,11,8.956666666666667,20.8,2.07
Seoul,2025-11-12,2,0,fall,134782,,2025,11,8.956666666666667,20.8,2.07
Seoul,2025-11-13,3,0,fall,130930,,2025,11,8.956666666666667,20.8,2.07
Seoul,2025-11-14,4,0,fall,126747,,2025,11,8.956666666666667,20.8,2.07
Seoul,2025-11-15,5,1,fall,100269,,2025,11,8.956666666666667,20.8,2.07
Seoul,2025-11-16,6,1,fall,86123,,2025,11,8.956666666666667,20.8,2.07
Seoul,2025-11-17,0,0,fall,94203,,2025,11,8.956666666666667,20.8,2.07
Seoul,2025-11-18,1,0,fall,96573,,2025,11,8.956666666666667,20.8,2.07
Seoul,2025-11-19,2,0,fall,103028,,2025,11,8.956666666666667,20.8,2.07
Seoul,2025-11-20,3,0,fall,111933,,2025,11,8.956666666666667,20.8,2.07
Seoul,2025-11-21,4,0,fall,112825,,2025,11,8.956666666666667,20.8,2.07
Seoul,2025-11-22,5,1,fall,90719,,2025,11,8.956666666666667,20.8,2.07
Seoul,2025-11-23,6,1,fall,80050,,2025,11,8.956666666666667,20.8,2.07
Seoul,2025-11-24,0,0,fall,118619,,2025,11,8.956666666666667,20.8,2.07
Seoul,2025-11-25,1,0,fall,72262,,2025,11,8.956666666666667,20.8,2.07
Seoul,2025-11-26,2,0,fall,113314,,2025,11,8.956666666666667,20.8,2.07
Seoul,2025-11-27,3,0,fall,66249,,2025,11,8.956666666666667,20.8,2.07
Seoul,2025-11-28,4,0,fall,99553,,2025,11,8.956666666666667,20.8,2.07
Seoul,2025-11-29,5,1,fall,75841,,2025,11,8.956666666666667,20.8,2.07
Seoul,2025-11-30,6,1,fall,80210,,2025,11,8.956666666666667,20.8,2.07
Seoul,2025-12-01,0,0,winter,101503,,2025,12,1.2354838709677418,41.2,2.3451612903225807
Seoul,2025-12-02,1,0,winter,85750,,2025,12,1.2354838709677418,41.2,2.3451612903225807
Seoul,2025-12-03,2,0,winter,68177,,2025,12,1.2354838709677418,41.2,2.3451612903225807
Seoul,2025-12-04,3,0,winter,56810,,2025,12,1.2354838709677418,41.2,2.3451612903225807
Seoul,2025-12-05,4,0,winter,35922,,2025,12,1.2354838709677418,41.2,2.3451612903225807
Seoul,2025-12-06,5,1,winter,40497,,2025,12,1.2354838709677418,41.2,2.3451612903225807
Seoul,2025-12-07,6,1,winter,56846,,2025,12,1.2354838709677418,41.2,2.3451612903225807
Seoul,2025-12-08,0,0,winter,85128,,2025,12,1.2354838709677418,41.2,2.3451612903225807
Seoul,2025-12-09,1,0,winter,90398,,2025,12,1.2354838709677418,41.2,2.3451612903225807
Seoul,2025-12-10,2,0,winter,95044,,2025,12,1.2354838709677418,41.2,2.3451612903225807
Seoul,2025-12-11,3,0,winter,71947,,2025,12,1.2354838709677418,41.2,2.3451612903225807
Seoul,2025-12-12,4,0,winter,86954,,2025,12,1.2354838709677418,41.2,2.3451612903225807
Seoul,2025-12-13,5,1,winter,19152,,2025,12,1.2354838709677418,41.2,2.3451612903225807
Seoul,2025-12-14,6,1,winter,43137,,2025,12,1.2354838709677418,41.2,2.3451612903225807
Seoul,2025-12-15,0,0,winter,80406,,2025,12,1.2354838709677418,41.2,2.3451612903225807
Seoul,2025-12-16,1,0,winter,48596,,2025,12,1.2354838709677418,41.2,2.3451612903225807
Seoul,2025-12-17,2,0,winter,84961,,2025,12,1.2354838709677418,41.2,2.3451612903225807
Seoul,2025-12-18,3,0,winter,87558,,2025,12,1.2354838709677418,41.2,2.3451612903225807
Seoul,2025-12-19,4,0,winter,91584,,2025,12,1.2354838709677418,41.2,2.3451612903225807
Seoul,2025-12-20,5,1,winter,46467,,2025,12,1.2354838709677418,41.2,2.3451612903225807
Seoul,2025-12-21,6,1,winter,45074,,2025,12,1.2354838709677418,41.2,2.3451612903225807
Seoul,2025-12-22,0,0,winter,76799,,2025,12,1.2354838709677418,41.2,2.3451612903225807
Seoul,2025-12-23,1,0,winter,38688,,2025,12,1.2354838709677418,41.2,2.3451612903225807
Seoul,2025-12-24,2,0,winter,73411,,2025,12,1.2354838709677418,41.2,2.3451612903225807
Seoul,2025-12-25,3,0,winter,32281,,2025,12,1.2354838709677418,41.2,2.3451612903225807
Seoul,2025-12-26,4,0,winter,45681,,2025,12,1.2354838709677418,41.2,2.3451612903225807
Seoul,2025-12-27,5,1,winter,42381,,2025,12,1.2354838709677418,41.2,2.3451612903225807
Seoul,2025-12-28,6,1,winter,40774,,2025,12,1.2354838709677418,41.2,2.3451612903225807
Seoul,2025-12-29,0,0,winter,66652,,2025,12,1.2354838709677418,41.2,2.3451612903225807
Seoul,2025-12-30,1,0,winter,71026,,2025,12,1.2354838709677418,41.2,2.3451612903225807
Seoul,2025-12-31,2,0,winter,55570,,2025,12,1.2354838709677418,41.2,2.3451612903225807
