city,time_grain,datetime,date,hour,weekday,is_weekend,season,bike_count,temp,rain,humidity,wind
NYC,hour,2023-12-31 02:00:00,2023-12-31,2,6,1,winter,1,,,,
NYC,hour,2023-12-31 06:00:00,2023-12-31,6,6,1,winter,1,,,,
NYC,hour,2023-12-31 08:00:00,2023-12-31,8,6,1,winter,2,,,,
NYC,hour,2023-12-31 09:00:00,2023-12-31,9,6,1,winter,1,,,,
NYC,hour,2023-12-31 10:00:00,2023-12-31,10,6,1,winter,1,,,,
NYC,hour,2023-12-31 11:00:00,2023-12-31,11,6,1,winter,2,,,,
NYC,hour,2023-12-31 12:00:00,2023-12-31,12,6,1,winter,3,,,,
NYC,hour,2023-12-31 13:00:00,2023-12-31,13,6,1,winter,4,,,,
NYC,hour,2023-12-31 14:00:00,2023-12-31,14,6,1,winter,5,,,,
NYC,hour,2023-12-31 15:00:00,2023-12-31,15,6,1,winter,2,,,,
NYC,hour,2023-12-31 16:00:00,2023-12-31,16,6,1,winter,5,,,,
NYC,hour,2023-12-31 17:00:00,2023-12-31,17,6,1,winter,6,,,,
NYC,hour,2023-12-31 18:00:00,2023-12-31,18,6,1,winter,2,,,,
NYC,hour,2023-12-31 19:00:00,2023-12-31,19,6,1,winter,6,,,,
NYC,hour,2023-12-31 20:00:00,2023-12-31,20,6,1,winter,2,,,,
NYC,hour,2023-12-31 21:00:00,2023-12-31,21,6,1,winter,7,,,,
NYC,hour,2023-12-31 22:00:00,2023-12-31,22,6,1,winter,22,,,,
NYC,hour,2023-12-31 23:00:00,2023-12-31,23,6,1,winter,338,,,,
NYC,hour,2024-01-01 00:00:00,2024-01-01,0,0,0,winter,1901,,,,
NYC,hour,2024-01-01 01:00:00,2024-01-01,1,0,0,winter,2333,,,,
NYC,hour,2024-01-01 02:00:00,2024-01-01,2,0,0,winter,1939,,,,
NYC,hour,2024-01-01 03:00:00,2024-01-01,3,0,0,winter,1099,,,,
NYC,hour,2024-01-01 04:00:00,2024-01-01,4,0,0,winter,656,,,,
NYC,hour,2024-01-01 05:00:00,2024-01-01,5,0,0,winter,382,,,,
NYC,hour,2024-01-01 06:00:00,2024-01-01,6,0,0,winter,404,,,,
NYC,hour,2024-01-01 07:00:00,2024-01-01,7,0,0,winter,459,,,,
NYC,hour,2024-01-01 08:00:00,2024-01-01,8,0,0,winter,643,,,,
NYC,hour,2024-01-01 09:00:00,2024-01-01,9,0,0,winter,1077,,,,
NYC,hour,2024-01-01 10:00:00,2024-01-01,10,0,0,winter,1595,,,,
NYC,hour,2024-01-01 11:00:00,2024-01-01,11,0,0,winter,2376,,,,
NYC,hour,2024-01-01 12:00:00,2024-01-01,12,0,0,winter,3160,,,,
NYC,hour,2024-01-01 13:00:00,2024-01-01,13,0,0,winter,3609,,,,
NYC,hour,2024-01-01 14:00:00,2024-01-01,14,0,0,winter,4150,,,,
NYC,hour,2024-01-01 15:00:00,2024-01-01,15,0,0,winter,4343,,,,
NYC,hour,2024-01-01 16:00:00,2024-01-01,16,0,0,winter,4082,,,,
NYC,hour,2024-01-01 17:00:00,2024-01-01,17,0,0,winter,3221,,,,
NYC,hour,2024-01-01 18:00:00,2024-01-01,18,0,0,winter,2701,,,,
NYC,hour,2024-01-01 19:00:00,2024-01-01,19,0,0,winter,2177,,,,
NYC,hour,2024-01-01 20:00:00,2024-01-01,20,0,0,winter,1723,,,,
NYC,hour,2024-01-01 21:00:00,2024-01-01,21,0,0,winter,1462,,,,
NYC,hour,2024-01-01 22:00:00,2024-01-01,22,0,0,winter,1005,,,,
NYC,hour,2024-01-01 23:00:00,2024-01-01,23,0,0,winter,781,,,,
NYC,hour,2024-01-02 00:00:00,2024-01-02,0,1,0,winter,452,,,,
NYC,hour,2024-01-02 01:00:00,2024-01-02,1,1,0,winter,274,,,,
NYC,hour,2024-01-02 02:00:00,2024-01-02,2,1,0,winter,185,,,,
NYC,hour,2024-01-02 03:00:00,2024-01-02,3,1,0,winter,119,,,,
NYC,hour,2024-01-02 04:00:00,2024-01-02,4,1,0,winter,169,,,,
NYC,hour,2024-01-02 05:00:00,2024-01-02,5,1,0,winter,636,,,,
NYC,hour,2024-01-02 06:00:00,2024-01-02,6,1,0,winter,1809,,,,
NYC,hour,2024-01-02 07:00:00,2024-01-02,7,1,0,winter,3696,,,,
NYC,hour,2024-01-02 08:00:00,2024-01-02,8,1,0,winter,5279,,,,
NYC,hour,2024-01-02 09:00:00,2024-01-02,9,1,0,winter,3653,,,,
NYC,hour,2024-01-02 10:00:00,2024-01-02,10,1,0,winter,2572,,,,
NYC,hour,2024-01-02 11:00:00,2024-01-02,11,1,0,winter,2844,,,,
NYC,hour,2024-01-02 12:00:00,2024-01-02,12,1,0,winter,3196,,,,
NYC,hour,2024-01-02 13:00:00,2024-01-02,13,1,0,winter,3598,,,,
NYC,hour,2024-01-02 14:00:00,2024-01-02,14,1,0,winter,4281,,,,
NYC,hour,2024-01-02 15:00:00,2024-01-02,15,1,0,winter,5015,,,,
NYC,hour,2024-01-02 16:00:00,2024-01-02,16,1,0,winter,5804,,,,
NYC,hour,2024-01-02 17:00:00,2024-01-02,17,1,0,winter,6962,,,,
NYC,hour,2024-01-02 18:00:00,2024-01-02,18,1,0,winter,5997,,,,
NYC,hour,2024-01-02 19:00:00,2024-01-02,19,1,0,winter,4128,,,,
NYC,hour,2024-01-02 20:00:00,2024-01-02,20,1,0,winter,2864,,,,
NYC,hour,2024-01-02 21:00:00,2024-01-02,21,1,0,winter,2093,,,,
NYC,hour,2024-01-02 22:00:00,2024-01-02,22,1,0,winter,1518,,,,
NYC,hour,2024-01-02 23:00:00,2024-01-02,23,1,0,winter,1005,,,,
NYC,hour,2024-01-03 00:00:00,2024-01-03,0,2,0,winter,591,,,,
NYC,hour,2024-01-03 01:00:00,2024-01-03,1,2,0,winter,329,,,,
NYC,hour,2024-01-03 02:00:00,2024-01-03,2,2,0,winter,203,,,,
NYC,hour,2024-01-03 03:00:00,2024-01-03,3,2,0,winter,136,,,,
NYC,hour,2024-01-03 04:00:00,2024-01-03,4,2,0,winter,179,,,,
NYC,hour,2024-01-03 05:00:00,2024-01-03,5,2,0,winter,749,,,,
NYC,hour,2024-01-03 06:00:00,2024-01-03,6,2,0,winter,2087,,,,
NYC,hour,2024-01-03 07:00:00,2024-01-03,7,2,0,winter,4404,,,,
NYC,hour,2024-01-03 08:00:00,2024-01-03,8,2,0,winter,6548,,,,
NYC,hour,2024-01-03 09:00:00,2024-01-03,9,2,0,winter,4559,,,,
NYC,hour,2024-01-03 10:00:00,2024-01-03,10,2,0,winter,3181,,,,
NYC,hour,2024-01-03 11:00:00,2024-01-03,11,2,0,winter,3245,,,,
NYC,hour,2024-01-03 12:00:00,2024-01-03,12,2,0,winter,3700,,,,
NYC,hour,2024-01-03 13:00:00,2024-01-03,13,2,0,winter,3950,,,,
NYC,hour,2024-01-03 14:00:00,2024-01-03,14,2,0,winter,4627,,,,
NYC,hour,2024-01-03 15:00:00,2024-01-03,15,2,0,winter,5055,,,,
NYC,hour,2024-01-03 16:00:00,2024-01-03,16,2,0,winter,5910,,,,
NYC,hour,2024-01-03 17:00:00,2024-01-03,17,2,0,winter,7485,,,,
NYC,hour,2024-01-03 18:00:00,2024-01-03,18,2,0,winter,6620,,,,
NYC,hour,2024-01-03 19:00:00,2024-01-03,19,2,0,winter,4550,,,,
NYC,hour,2024-01-03 20:00:00,2024-01-03,20,2,0,winter,3082,,,,
NYC,hour,2024-01-03 21:00:00,2024-01-03,21,2,0,winter,2300,,,,
NYC,hour,2024-01-03 22:00:00,2024-01-03,22,2,0,winter,1831,,,,
NYC,hour,2024-01-03 23:00:00,2024-01-03,23,2,0,winter,1238,,,,
NYC,hour,2024-01-04 00:00:00,2024-01-04,0,3,0,winter,707,,,,
NYC,hour,2024-01-04 01:00:00,2024-01-04,1,3,0,winter,320,,,,
NYC,hour,2024-01-04 02:00:00,2024-01-04,2,3,0,winter,235,,,,
NYC,hour,2024-01-04 03:00:00,2024-01-04,3,3,0,winter,161,,,,
NYC,hour,2024-01-04 04:00:00,2024-01-04,4,3,0,winter,234,,,,
NYC,hour,2024-01-04 05:00:00,2024-01-04,5,3,0,winter,732,,,,
NYC,hour,2024-01-04 06:00:00,2024-01-04,6,3,0,winter,2196,,,,
NYC,hour,2024-01-04 07:00:00,2024-01-04,7,3,0,winter,4511,,,,
NYC,hour,2024-01-04 08:00:00,2024-01-04,8,3,0,winter,6839,,,,
NYC,hour,2024-01-04 09:00:00,2024-01-04,9,3,0,winter,4793,,,,
NYC,hour,2024-01-04 10:00:00,2024-01-04,10,3,0,winter,3248,,,,
NYC,hour,2024-01-04 11:00:00,2024-01-04,11,3,0,winter,3148,,,,
NYC,hour,2024-01-04 12:00:00,2024-01-04,12,3,0,winter,3692,,,,
NYC,hour,2024-01-04 13:00:00,2024-01-04,13,3,0,winter,3820,,,,
NYC,hour,2024-01-04 14:00:00,2024-01-04,14,3,0,winter,4552,,,,
NYC,hour,2024-01-04 15:00:00,2024-01-04,15,3,0,winter,5272,,,,
NYC,hour,2024-01-04 16:00:00,2024-01-04,16,3,0,winter,6203,,,,
NYC,hour,2024-01-04 17:00:00,2024-01-04,17,3,0,winter,7940,,,,
NYC,hour,2024-01-04 18:00:00,2024-01-04,18,3,0,winter,6644,,,,
NYC,hour,2024-01-04 19:00:00,2024-01-04,19,3,0,winter,4482,,,,
NYC,hour,2024-01-04 20:00:00,2024-01-04,20,3,0,winter,2950,,,,
NYC,hour,2024-01-04 21:00:00,2024-01-04,21,3,0,winter,2229,,,,
NYC,hour,2024-01-04 22:00:00,2024-01-04,22,3,0,winter,1593,,,,
NYC,hour,2024-01-04 23:00:00,2024-01-04,23,3,0,winter,980,,,,
NYC,hour,2024-01-05 00:00:00,2024-01-05,0,4,0,winter,570,,,,
NYC,hour,2024-01-05 01:00:00,2024-01-05,1,4,0,winter,309,,,,
NYC,hour,2024-01-05 02:00:00,2024-01-05,2,4,0,winter,206,,,,
NYC,hour,2024-01-05 03:00:00,2024-01-05,3,4,0,winter,136,,,,
NYC,hour,2024-01-05 04:00:00,2024-01-05,4,4,0,winter,198,,,,
NYC,hour,2024-01-05 05:00:00,2024-01-05,5,4,0,winter,675,,,,
NYC,hour,2024-01-05 06:00:00,2024-01-05,6,4,0,winter,1819,,,,
NYC,hour,2024-01-05 07:00:00,2024-01-05,7,4,0,winter,3788,,,,
NYC,hour,2024-01-05 08:00:00,2024-01-05,8,4,0,winter,5282,,,,
NYC,hour,2024-01-05 09:00:00,2024-01-05,9,4,0,winter,4059,,,,
NYC,hour,2024-01-05 10:00:00,2024-01-05,10,4,0,winter,3032,,,,
NYC,hour,2024-01-05 11:00:00,2024-01-05,11,4,0,winter,3167,,,,
NYC,hour,2024-01-05 12:00:00,2024-01-05,12,4,0,winter,3701,,,,
NYC,hour,2024-01-05 13:00:00,2024-01-05,13,4,0,winter,4123,,,,
NYC,hour,2024-01-05 14:00:00,2024-01-05,14,4,0,winter,4696,,,,
NYC,hour,2024-01-05 15:00:00,2024-01-05,15,4,0,winter,5542,,,,
NYC,hour,2024-01-05 16:00:00,2024-01-05,16,4,0,winter,5940,,,,
NYC,hour,2024-01-05 17:00:00,2024-01-05,17,4,0,winter,6691,,,,
NYC,hour,2024-01-05 18:00:00,2024-01-05,18,4,0,winter,5806,,,,
NYC,hour,2024-01-05 19:00:00,2024-01-05,19,4,0,winter,4251,,,,
NYC,hour,2024-01-05 20:00:00,2024-01-05,20,4,0,winter,2855,,,,
NYC,hour,2024-01-05 21:00:00,2024-01-05,21,4,0,winter,2158,,,,
NYC,hour,2024-01-05 22:00:00,2024-01-05,22,4,0,winter,1890,,,,
NYC,hour,2024-01-05 23:00:00,2024-01-05,23,4,0,winter,1568,,,,
NYC,hour,2024-01-06 00:00:00,2024-01-06,0,5,1,winter,1142,,,,
NYC,hour,2024-01-06 01:00:00,2024-01-06,1,5,1,winter,773,,,,
NYC,hour,2024-01-06 02:00:00,2024-01-06,2,5,1,winter,490,,,,
NYC,hour,2024-01-06 03:00:00,2024-01-06,3,5,1,winter,301,,,,
NYC,hour,2024-01-06 04:00:00,2024-01-06,4,5,1,winter,221,,,,
NYC,hour,2024-01-06 05:00:00,2024-01-06,5,5,1,winter,242,,,,
NYC,hour,2024-01-06 06:00:00,2024-01-06,6,5,1,winter,649,,,,
NYC,hour,2024-01-06 07:00:00,2024-01-06,7,5,1,winter,1183,,,,
NYC,hour,2024-01-06 08:00:00,2024-01-06,8,5,1,winter,2016,,,,
NYC,hour,2024-01-06 09:00:00,2024-01-06,9,5,1,winter,3106,,,,
NYC,hour,2024-01-06 10:00:00,2024-01-06,10,5,1,winter,3744,,,,
NYC,hour,2024-01-06 11:00:00,2024-01-06,11,5,1,winter,4503,,,,
NYC,hour,2024-01-06 12:00:00,2024-01-06,12,5,1,winter,4767,,,,
NYC,hour,2024-01-06 13:00:00,2024-01-06,13,5,1,winter,4973,,,,
NYC,hour,2024-01-06 14:00:00,2024-01-06,14,5,1,winter,4739,,,,
NYC,hour,2024-01-06 15:00:00,2024-01-06,15,5,1,winter,3140,,,,
NYC,hour,2024-01-06 16:00:00,2024-01-06,16,5,1,winter,1956,,,,
NYC,hour,2024-01-06 17:00:00,2024-01-06,17,5,1,winter,1288,,,,
NYC,hour,2024-01-06 18:00:00,2024-01-06,18,5,1,winter,1013,,,,
NYC,hour,2024-01-06 19:00:00,2024-01-06,19,5,1,winter,776,,,,
NYC,hour,2024-01-06 20:00:00,2024-01-06,20,5,1,winter,679,,,,
NYC,hour,2024-01-06 21:00:00,2024-01-06,21,5,1,winter,432,,,,
NYC,hour,2024-01-06 22:00:00,2024-01-06,22,5,1,winter,501,,,,
NYC,hour,2024-01-06 23:00:00,2024-01-06,23,5,1,winter,669,,,,
NYC,hour,2024-01-07 00:00:00,2024-01-07,0,6,1,winter,488,,,,
NYC,hour,2024-01-07 01:00:00,2024-01-07,1,6,1,winter,304,,,,
NYC,hour,2024-01-07 02:00:00,2024-01-07,2,6,1,winter,262,,,,
NYC,hour,2024-01-07 03:00:00,2024-01-07,3,6,1,winter,187,,,,
NYC,hour,2024-01-07 04:00:00,2024-01-07,4,6,1,winter,123,,,,
NYC,hour,2024-01-07 05:00:00,2024-01-07,5,6,1,winter,78,,,,
NYC,hour,2024-01-07 06:00:00,2024-01-07,6,6,1,winter,262,,,,
NYC,hour,2024-01-07 07:00:00,2024-01-07,7,6,1,winter,260,,,,
NYC,hour,2024-01-07 08:00:00,2024-01-07,8,6,1,winter,737,,,,
NYC,hour,2024-01-07 09:00:00,2024-01-07,9,6,1,winter,1230,,,,
NYC,hour,2024-01-07 10:00:00,2024-01-07,10,6,1,winter,1636,,,,
NYC,hour,2024-01-07 11:00:00,2024-01-07,11,6,1,winter,1404,,,,
NYC,hour,2024-01-07 12:00:00,2024-01-07,12,6,1,winter,1880,,,,
NYC,hour,2024-01-07 13:00:00,2024-01-07,13,6,1,winter,2835,,,,
NYC,hour,2024-01-07 14:00:00,2024-01-07,14,6,1,winter,3543,,,,
NYC,hour,2024-01-07 15:00:00,2024-01-07,15,6,1,winter,3840,,,,
NYC,hour,2024-01-07 16:00:00,2024-01-07,16,6,1,winter,3621,,,,
NYC,hour,2024-01-07 17:00:00,2024-01-07,17,6,1,winter,2948,,,,
NYC,hour,2024-01-07 18:00:00,2024-01-07,18,6,1,winter,2664,,,,
NYC,hour,2024-01-07 19:00:00,2024-01-07,19,6,1,winter,2296,,,,
NYC,hour,2024-01-07 20:00:00,2024-01-07,20,6,1,winter,1714,,,,
NYC,hour,2024-01-07 21:00:00,2024-01-07,21,6,1,winter,1417,,,,
NYC,hour,2024-01-07 22:00:00,2024-01-07,22,6,1,winter,1140,,,,
NYC,hour,2024-01-07 23:00:00,2024-01-07,23,6,1,winter,809,,,,
NYC,hour,2024-01-08 00:00:00,2024-01-08,0,0,0,winter,473,,,,
NYC,hour,2024-01-08 01:00:00,2024-01-08,1,0,0,winter,253,,,,
NYC,hour,2024-01-08 02:00:00,2024-01-08,2,0,0,winter,169,,,,
NYC,hour,2024-01-08 03:00:00,2024-01-08,3,0,0,winter,137,,,,
NYC,hour,2024-01-08 04:00:00,2024-01-08,4,0,0,winter,205,,,,
NYC,hour,2024-01-08 05:00:00,2024-01-08,5,0,0,winter,747,,,,
NYC,hour,2024-01-08 06:00:00,2024-01-08,6,0,0,winter,2131,,,,
NYC,hour,2024-01-08 07:00:00,2024-01-08,7,0,0,winter,4627,,,,
NYC,hour,2024-01-08 08:00:00,2024-01-08,8,0,0,winter,6784,,,,
NYC,hour,2024-01-08 09:00:00,2024-01-08,9,0,0,winter,4411,,,,
NYC,hour,2024-01-08 10:00:00,2024-01-08,10,0,0,winter,2967,,,,
NYC,hour,2024-01-08 11:00:00,2024-01-08,11,0,0,winter,3056,,,,
NYC,hour,2024-01-08 12:00:00,2024-01-08,12,0,0,winter,3356,,,,
NYC,hour,2024-01-08 13:00:00,2024-01-08,13,0,0,winter,3752,,,,
NYC,hour,2024-01-08 14:00:00,2024-01-08,14,0,0,winter,4572,,,,
NYC,hour,2024-01-08 15:00:00,2024-01-08,15,0,0,winter,5323,,,,
NYC,hour,2024-01-08 16:00:00,2024-01-08,16,0,0,winter,6182,,,,
NYC,hour,2024-01-08 17:00:00,2024-01-08,17,0,0,winter,7704,,,,
NYC,hour,2024-01-08 18:00:00,2024-01-08,18,0,0,winter,7446,,,,
NYC,hour,2024-01-08 19:00:00,2024-01-08,19,0,0,winter,5169,,,,
NYC,hour,2024-01-08 20:00:00,2024-01-08,20,0,0,winter,3393,,,,
NYC,hour,2024-01-08 21:00:00,2024-01-08,21,0,0,winter,2390,,,,
NYC,hour,2024-01-08 22:00:00,2024-01-08,22,0,0,winter,1788,,,,
NYC,hour,2024-01-08 23:00:00,2024-01-08,23,0,0,winter,1451,,,,
NYC,hour,2024-01-09 00:00:00,2024-01-09,0,1,0,winter,639,,,,
NYC,hour,2024-01-09 01:00:00,2024-01-09,1,1,0,winter,337,,,,
NYC,hour,2024-01-09 02:00:00,2024-01-09,2,1,0,winter,210,,,,
NYC,hour,2024-01-09 03:00:00,2024-01-09,3,1,0,winter,135,,,,
NYC,hour,2024-01-09 04:00:00,2024-01-09,4,1,0,winter,223,,,,
NYC,hour,2024-01-09 05:00:00,2024-01-09,5,1,0,winter,838,,,,
NYC,hour,2024-01-09 06:00:00,2024-01-09,6,1,0,winter,2397,,,,
NYC,hour,2024-01-09 07:00:00,2024-01-09,7,1,0,winter,5308,,,,
NYC,hour,2024-01-09 08:00:00,2024-01-09,8,1,0,winter,8384,,,,
NYC,hour,2024-01-09 09:00:00,2024-01-09,9,1,0,winter,5514,,,,
NYC,hour,2024-01-09 10:00:00,2024-01-09,10,1,0,winter,3459,,,,
NYC,hour,2024-01-09 11:00:00,2024-01-09,11,1,0,winter,1983,,,,
NYC,hour,2024-01-09 12:00:00,2024-01-09,12,1,0,winter,2039,,,,
NYC,hour,2024-01-09 13:00:00,2024-01-09,13,1,0,winter,1735,,,,
NYC,hour,2024-01-09 14:00:00,2024-01-09,14,1,0,winter,1464,,,,
NYC,hour,2024-01-09 15:00:00,2024-01-09,15,1,0,winter,1670,,,,
NYC,hour,2024-01-09 16:00:00,2024-01-09,16,1,0,winter,1801,,,,
NYC,hour,2024-01-09 17:00:00,2024-01-09,17,1,0,winter,1630,,,,
NYC,hour,2024-01-09 18:00:00,2024-01-09,18,1,0,winter,1273,,,,
NYC,hour,2024-01-09 19:00:00,2024-01-09,19,1,0,winter,842,,,,
NYC,hour,2024-01-09 20:00:00,2024-01-09,20,1,0,winter,458,,,,
NYC,hour,2024-01-09 21:00:00,2024-01-09,21,1,0,winter,295,,,,
NYC,hour,2024-01-09 22:00:00,2024-01-09,22,1,0,winter,257,,,,
NYC,hour,2024-01-09 23:00:00,2024-01-09,23,1,0,winter,152,,,,
NYC,hour,2024-01-10 00:00:00,2024-01-10,0,2,0,winter,101,,,,
NYC,hour,2024-01-10 01:00:00,2024-01-10,1,2,0,winter,108,,,,
NYC,hour,2024-01-10 02:00:00,2024-01-10,2,2,0,winter,90,,,,
NYC,hour,2024-01-10 03:00:00,2024-01-10,3,2,0,winter,116,,,,
NYC,hour,2024-01-10 04:00:00,2024-01-10,4,2,0,winter,212,,,,
NYC,hour,2024-01-10 05:00:00,2024-01-10,5,2,0,winter,725,,,,
NYC,hour,2024-01-10 06:00:00,2024-01-10,6,2,0,winter,2284,,,,
NYC,hour,2024-01-10 07:00:00,2024-01-10,7,2,0,winter,5097,,,,
NYC,hour,2024-01-10 08:00:00,2024-01-10,8,2,0,winter,7839,,,,
NYC,hour,2024-01-10 09:00:00,2024-01-10,9,2,0,winter,5231,,,,
NYC,hour,2024-01-10 10:00:00,2024-01-10,10,2,0,winter,3320,,,,
NYC,hour,2024-01-10 11:00:00,2024-01-10,11,2,0,winter,3075,,,,
NYC,hour,2024-01-10 12:00:00,2024-01-10,12,2,0,winter,3463,,,,
NYC,hour,2024-01-10 13:00:00,2024-01-10,13,2,0,winter,3730,,,,
NYC,hour,2024-01-10 14:00:00,2024-01-10,14,2,0,winter,4347,,,,
NYC,hour,2024-01-10 15:00:00,2024-01-10,15,2,0,winter,5077,,,,
NYC,hour,2024-01-10 16:00:00,2024-01-10,16,2,0,winter,6092,,,,
NYC,hour,2024-01-10 17:00:00,2024-01-10,17,2,0,winter,8166,,,,
NYC,hour,2024-01-10 18:00:00,2024-01-10,18,2,0,winter,7553,,,,
NYC,hour,2024-01-10 19:00:00,2024-01-10,19,2,0,winter,4944,,,,
NYC,hour,2024-01-10 20:00:00,2024-01-10,20,2,0,winter,3748,,,,
NYC,hour,2024-01-10 21:00:00,2024-01-10,21,2,0,winter,2901,,,,
NYC,hour,2024-01-10 22:00:00,2024-01-10,22,2,0,winter,2123,,,,
NYC,hour,2024-01-10 23:00:00,2024-01-10,23,2,0,winter,1335,,,,
NYC,hour,2024-01-11 00:00:00,2024-01-11,0,3,0,winter,750,,,,
NYC,hour,2024-01-11 01:00:00,2024-01-11,1,3,0,winter,359,,,,
NYC,hour,2024-01-11 02:00:00,2024-01-11,2,3,0,winter,267,,,,
NYC,hour,2024-01-11 03:00:00,2024-01-11,3,3,0,winter,194,,,,
NYC,hour,2024-01-11 04:00:00,2024-01-11,4,3,0,winter,222,,,,
NYC,hour,2024-01-11 05:00:00,2024-01-11,5,3,0,winter,846,,,,
NYC,hour,2024-01-11 06:00:00,2024-01-11,6,3,0,winter,2402,,,,
NYC,hour,2024-01-11 07:00:00,2024-01-11,7,3,0,winter,5409,,,,
NYC,hour,2024-01-11 08:00:00,2024-01-11,8,3,0,winter,8222,,,,
NYC,hour,2024-01-11 09:00:00,2024-01-11,9,3,0,winter,5624,,,,
NYC,hour,2024-01-11 10:00:00,2024-01-11,10,3,0,winter,3582,,,,
NYC,hour,2024-01-11 11:00:00,2024-01-11,11,3,0,winter,3411,,,,
NYC,hour,2024-01-11 12:00:00,2024-01-11,12,3,0,winter,3715,,,,
NYC,hour,2024-01-11 13:00:00,2024-01-11,13,3,0,winter,4033,,,,
NYC,hour,2024-01-11 14:00:00,2024-01-11,14,3,0,winter,4869,,,,
NYC,hour,2024-01-11 15:00:00,2024-01-11,15,3,0,winter,5683,,,,
NYC,hour,2024-01-11 16:00:00,2024-01-11,16,3,0,winter,6685,,,,
NYC,hour,2024-01-11 17:00:00,2024-01-11,17,3,0,winter,8645,,,,
NYC,hour,2024-01-11 18:00:00,2024-01-11,18,3,0,winter,7920,,,,
NYC,hour,2024-01-11 19:00:00,2024-01-11,19,3,0,winter,5781,,,,
NYC,hour,2024-01-11 20:00:00,2024-01-11,20,3,0,winter,3883,,,,
NYC,hour,2024-01-11 21:00:00,2024-01-11,21,3,0,winter,2951,,,,
NYC,hour,2024-01-11 22:00:00,2024-01-11,22,3,0,winter,2195,,,,
NYC,hour,2024-01-11 23:00:00,2024-01-11,23,3,0,winter,1543,,,,
NYC,hour,2024-01-12 00:00:00,2024-01-12,0,4,0,winter,914,,,,
NYC,hour,2024-01-12 01:00:00,2024-01-12,1,4,0,winter,537,,,,
NYC,hour,2024-01-12 02:00:00,2024-01-12,2,4,0,winter,328,,,,
NYC,hour,2024-01-12 03:00:00,2024-01-12,3,4,0,winter,209,,,,
NYC,hour,2024-01-12 04:00:00,2024-01-12,4,4,0,winter,219,,,,
NYC,hour,2024-01-12 05:00:00,2024-01-12,5,4,0,winter,720,,,,
NYC,hour,2024-01-12 06:00:00,2024-01-12,6,4,0,winter,2066,,,,
NYC,hour,2024-01-12 07:00:00,2024-01-12,7,4,0,winter,4522,,,,
NYC,hour,2024-01-12 08:00:00,2024-01-12,8,4,0,winter,6554,,,,
NYC,hour,2024-01-12 09:00:00,2024-01-12,9,4,0,winter,5014,,,,
NYC,hour,2024-01-12 10:00:00,2024-01-12,10,4,0,winter,3864,,,,
NYC,hour,2024-01-12 11:00:00,2024-01-12,11,4,0,winter,4098,,,,
NYC,hour,2024-01-12 12:00:00,2024-01-12,12,4,0,winter,4729,,,,
NYC,hour,2024-01-12 13:00:00,2024-01-12,13,4,0,winter,5130,,,,
NYC,hour,2024-01-12 14:00:00,2024-01-12,14,4,0,winter,6039,,,,
NYC,hour,2024-01-12 15:00:00,2024-01-12,15,4,0,winter,6719,,,,
NYC,hour,2024-01-12 16:00:00,2024-01-12,16,4,0,winter,7020,,,,
NYC,hour,2024-01-12 17:00:00,2024-01-12,17,4,0,winter,7258,,,,
NYC,hour,2024-01-12 18:00:00,2024-01-12,18,4,0,winter,6651,,,,
NYC,hour,2024-01-12 19:00:00,2024-01-12,19,4,0,winter,5152,,,,
NYC,hour,2024-01-12 20:00:00,2024-01-12,20,4,0,winter,3473,,,,
NYC,hour,2024-01-12 21:00:00,2024-01-12,21,4,0,winter,2759,,,,
NYC,hour,2024-01-12 22:00:00,2024-01-12,22,4,0,winter,1476,,,,
NYC,hour,2024-01-12 23:00:00,2024-01-12,23,4,0,winter,662,,,,
NYC,hour,2024-01-13 00:00:00,2024-01-13,0,5,1,winter,410,,,,
NYC,hour,2024-01-13 01:00:00,2024-01-13,1,5,1,winter,189,,,,
NYC,hour,2024-01-13 02:00:00,2024-01-13,2,5,1,winter,98,,,,
NYC,hour,2024-01-13 03:00:00,2024-01-13,3,5,1,winter,91,,,,
NYC,hour,2024-01-13 04:00:00,2024-01-13,4,5,1,winter,146,,,,
NYC,hour,2024-01-13 05:00:00,2024-01-13,5,5,1,winter,251,,,,
NYC,hour,2024-01-13 06:00:00,2024-01-13,6,5,1,winter,600,,,,
NYC,hour,2024-01-13 07:00:00,2024-01-13,7,5,1,winter,1039,,,,
NYC,hour,2024-01-13 08:00:00,2024-01-13,8,5,1,winter,2185,,,,
NYC,hour,2024-01-13 09:00:00,2024-01-13,9,5,1,winter,3179,,,,
NYC,hour,2024-01-13 10:00:00,2024-01-13,10,5,1,winter,4787,,,,
NYC,hour,2024-01-13 11:00:00,2024-01-13,11,5,1,winter,5981,,,,
NYC,hour,2024-01-13 12:00:00,2024-01-13,12,5,1,winter,5247,,,,
NYC,hour,2024-01-13 13:00:00,2024-01-13,13,5,1,winter,5265,,,,
NYC,hour,2024-01-13 14:00:00,2024-01-13,14,5,1,winter,5650,,,,
NYC,hour,2024-01-13 15:00:00,2024-01-13,15,5,1,winter,5746,,,,
NYC,hour,2024-01-13 16:00:00,2024-01-13,16,5,1,winter,5383,,,,
NYC,hour,2024-01-13 17:00:00,2024-01-13,17,5,1,winter,4126,,,,
NYC,hour,2024-01-13 18:00:00,2024-01-13,18,5,1,winter,3544,,,,
NYC,hour,2024-01-13 19:00:00,2024-01-13,19,5,1,winter,2971,,,,
NYC,hour,2024-01-13 20:00:00,2024-01-13,20,5,1,winter,2252,,,,
NYC,hour,2024-01-13 21:00:00,2024-01-13,21,5,1,winter,1699,,,,
NYC,hour,2024-01-13 22:00:00,2024-01-13,22,5,1,winter,1520,,,,
NYC,hour,2024-01-13 23:00:00,2024-01-13,23,5,1,winter,1518,,,,
NYC,hour,2024-01-14 00:00:00,2024-01-14,0,6,1,winter,1060,,,,
NYC,hour,2024-01-14 01:00:00,2024-01-14,1,6,1,winter,809,,,,
NYC,hour,2024-01-14 02:00:00,2024-01-14,2,6,1,winter,485,,,,
NYC,hour,2024-01-14 03:00:00,2024-01-14,3,6,1,winter,396,,,,
NYC,hour,2024-01-14 04:00:00,2024-01-14,4,6,1,winter,235,,,,
NYC,hour,2024-01-14 05:00:00,2024-01-14,5,6,1,winter,192,,,,
NYC,hour,2024-01-14 06:00:00,2024-01-14,6,6,1,winter,435,,,,
NYC,hour,2024-01-14 07:00:00,2024-01-14,7,6,1,winter,804,,,,
NYC,hour,2024-01-14 08:00:00,2024-01-14,8,6,1,winter,1430,,,,
NYC,hour,2024-01-14 09:00:00,2024-01-14,9,6,1,winter,2510,,,,
NYC,hour,2024-01-14 10:00:00,2024-01-14,10,6,1,winter,3392,,,,
NYC,hour,2024-01-14 11:00:00,2024-01-14,11,6,1,winter,4291,,,,
NYC,hour,2024-01-14 12:00:00,2024-01-14,12,6,1,winter,4499,,,,
NYC,hour,2024-01-14 13:00:00,2024-01-14,13,6,1,winter,3647,,,,
NYC,hour,2024-01-14 14:00:00,2024-01-14,14,6,1,winter,3716,,,,
NYC,hour,2024-01-14 15:00:00,2024-01-14,15,6,1,winter,3869,,,,
NYC,hour,2024-01-14 16:00:00,2024-01-14,16,6,1,winter,3893,,,,
NYC,hour,2024-01-14 17:00:00,2024-01-14,17,6,1,winter,3102,,,,
NYC,hour,2024-01-14 18:00:00,2024-01-14,18,6,1,winter,2632,,,,
NYC,hour,2024-01-14 19:00:00,2024-01-14,19,6,1,winter,2213,,,,
NYC,hour,2024-01-14 20:00:00,2024-01-14,20,6,1,winter,1745,,,,
NYC,hour,2024-01-14 21:00:00,2024-01-14,21,6,1,winter,1312,,,,
NYC,hour,2024-01-14 22:00:00,2024-01-14,22,6,1,winter,1162,,,,
NYC,hour,2024-01-14 23:00:00,2024-01-14,23,6,1,winter,1072,,,,
NYC,hour,2024-01-15 00:00:00,2024-01-15,0,0,0,winter,649,,,,
NYC,hour,2024-01-15 01:00:00,2024-01-15,1,0,0,winter,318,,,,
NYC,hour,2024-01-15 02:00:00,2024-01-15,2,0,0,winter,198,,,,
NYC,hour,2024-01-15 03:00:00,2024-01-15,3,0,0,winter,136,,,,
NYC,hour,2024-01-15 04:00:00,2024-01-15,4,0,0,winter,158,,,,
NYC,hour,2024-01-15 05:00:00,2024-01-15,5,0,0,winter,348,,,,
NYC,hour,2024-01-15 06:00:00,2024-01-15,6,0,0,winter,767,,,,
NYC,hour,2024-01-15 07:00:00,2024-01-15,7,0,0,winter,1264,,,,
NYC,hour,2024-01-15 08:00:00,2024-01-15,8,0,0,winter,2028,,,,
NYC,hour,2024-01-15 09:00:00,2024-01-15,9,0,0,winter,2365,,,,
NYC,hour,2024-01-15 10:00:00,2024-01-15,10,0,0,winter,2771,,,,
NYC,hour,2024-01-15 11:00:00,2024-01-15,11,0,0,winter,3044,,,,
NYC,hour,2024-01-15 12:00:00,2024-01-15,12,0,0,winter,3267,,,,
NYC,hour,2024-01-15 13:00:00,2024-01-15,13,0,0,winter,3431,,,,
NYC,hour,2024-01-15 14:00:00,2024-01-15,14,0,0,winter,3572,,,,
NYC,hour,2024-01-15 15:00:00,2024-01-15,15,0,0,winter,3891,,,,
NYC,hour,2024-01-15 16:00:00,2024-01-15,16,0,0,winter,3727,,,,
NYC,hour,2024-01-15 17:00:00,2024-01-15,17,0,0,winter,3611,,,,
NYC,hour,2024-01-15 18:00:00,2024-01-15,18,0,0,winter,3316,,,,
NYC,hour,2024-01-15 19:00:00,2024-01-15,19,0,0,winter,2652,,,,
NYC,hour,2024-01-15 20:00:00,2024-01-15,20,0,0,winter,1835,,,,
NYC,hour,2024-01-15 21:00:00,2024-01-15,21,0,0,winter,1088,,,,
NYC,hour,2024-01-15 22:00:00,2024-01-15,22,0,0,winter,670,,,,
NYC,hour,2024-01-15 23:00:00,2024-01-15,23,0,0,winter,462,,,,
NYC,hour,2024-01-16 00:00:00,2024-01-16,0,1,0,winter,223,,,,
NYC,hour,2024-01-16 01:00:00,2024-01-16,1,1,0,winter,96,,,,
NYC,hour,2024-01-16 02:00:00,2024-01-16,2,1,0,winter,87,,,,
NYC,hour,2024-01-16 03:00:00,2024-01-16,3,1,0,winter,52,,,,
NYC,hour,2024-01-16 04:00:00,2024-01-16,4,1,0,winter,97,,,,
NYC,hour,2024-01-16 05:00:00,2024-01-16,5,1,0,winter,385,,,,
NYC,hour,2024-01-16 06:00:00,2024-01-16,6,1,0,winter,993,,,,
NYC,hour,2024-01-16 07:00:00,2024-01-16,7,1,0,winter,1759,,,,
NYC,hour,2024-01-16 08:00:00,2024-01-16,8,1,0,winter,2581,,,,
NYC,hour,2024-01-16 09:00:00,2024-01-16,9,1,0,winter,1570,,,,
NYC,hour,2024-01-16 10:00:00,2024-01-16,10,1,0,winter,873,,,,
NYC,hour,2024-01-16 11:00:00,2024-01-16,11,1,0,winter,777,,,,
NYC,hour,2024-01-16 12:00:00,2024-01-16,12,1,0,winter,973,,,,
NYC,hour,2024-01-16 13:00:00,2024-01-16,13,1,0,winter,1091,,,,
NYC,hour,2024-01-16 14:00:00,2024-01-16,14,1,0,winter,1342,,,,
NYC,hour,2024-01-16 15:00:00,2024-01-16,15,1,0,winter,1479,,,,
NYC,hour,2024-01-16 16:00:00,2024-01-16,16,1,0,winter,1803,,,,
NYC,hour,2024-01-16 17:00:00,2024-01-16,17,1,0,winter,2902,,,,
NYC,hour,2024-01-16 18:00:00,2024-01-16,18,1,0,winter,2776,,,,
NYC,hour,2024-01-16 19:00:00,2024-01-16,19,1,0,winter,2019,,,,
NYC,hour,2024-01-16 20:00:00,2024-01-16,20,1,0,winter,1337,,,,
NYC,hour,2024-01-16 21:00:00,2024-01-16,21,1,0,winter,998,,,,
NYC,hour,2024-01-16 22:00:00,2024-01-16,22,1,0,winter,723,,,,
NYC,hour,2024-01-16 23:00:00,2024-01-16,23,1,0,winter,431,,,,
NYC,hour,2024-01-17 00:00:00,2024-01-17,0,2,0,winter,251,,,,
NYC,hour,2024-01-17 01:00:00,2024-01-17,1,2,0,winter,141,,,,
NYC,hour,2024-01-17 02:00:00,2024-01-17,2,2,0,winter,91,,,,
NYC,hour,2024-01-17 03:00:00,2024-01-17,3,2,0,winter,66,,,,
NYC,hour,2024-01-17 04:00:00,2024-01-17,4,2,0,winter,110,,,,
NYC,hour,2024-01-17 05:00:00,2024-01-17,5,2,0,winter,491,,,,
NYC,hour,2024-01-17 06:00:00,2024-01-17,6,2,0,winter,1269,,,,
NYC,hour,2024-01-17 07:00:00,2024-01-17,7,2,0,winter,2706,,,,
NYC,hour,2024-01-17 08:00:00,2024-01-17,8,2,0,winter,4160,,,,
NYC,hour,2024-01-17 09:00:00,2024-01-17,9,2,0,winter,2816,,,,
NYC,hour,2024-01-17 10:00:00,2024-01-17,10,2,0,winter,1745,,,,
NYC,hour,2024-01-17 11:00:00,2024-01-17,11,2,0,winter,1606,,,,
NYC,hour,2024-01-17 12:00:00,2024-01-17,12,2,0,winter,1832,,,,
NYC,hour,2024-01-17 13:00:00,2024-01-17,13,2,0,winter,1966,,,,
NYC,hour,2024-01-17 14:00:00,2024-01-17,14,2,0,winter,2274,,,,
NYC,hour,2024-01-17 15:00:00,2024-01-17,15,2,0,winter,2671,,,,
NYC,hour,2024-01-17 16:00:00,2024-01-17,16,2,0,winter,3178,,,,
NYC,hour,2024-01-17 17:00:00,2024-01-17,17,2,0,winter,4262,,,,
NYC,hour,2024-01-17 18:00:00,2024-01-17,18,2,0,winter,3732,,,,
NYC,hour,2024-01-17 19:00:00,2024-01-17,19,2,0,winter,2660,,,,
NYC,hour,2024-01-17 20:00:00,2024-01-17,20,2,0,winter,1749,,,,
NYC,hour,2024-01-17 21:00:00,2024-01-17,21,2,0,winter,1317,,,,
NYC,hour,2024-01-17 22:00:00,2024-01-17,22,2,0,winter,1019,,,,
NYC,hour,2024-01-17 23:00:00,2024-01-17,23,2,0,winter,680,,,,
NYC,hour,2024-01-18 00:00:00,2024-01-18,0,3,0,winter,358,,,,
NYC,hour,2024-01-18 01:00:00,2024-01-18,1,3,0,winter,159,,,,
NYC,hour,2024-01-18 02:00:00,2024-01-18,2,3,0,winter,100,,,,
NYC,hour,2024-01-18 03:00:00,2024-01-18,3,3,0,winter,61,,,,
NYC,hour,2024-01-18 04:00:00,2024-01-18,4,3,0,winter,140,,,,
NYC,hour,2024-01-18 05:00:00,2024-01-18,5,3,0,winter,539,,,,
NYC,hour,2024-01-18 06:00:00,2024-01-18,6,3,0,winter,1489,,,,
NYC,hour,2024-01-18 07:00:00,2024-01-18,7,3,0,winter,3203,,,,
NYC,hour,2024-01-18 08:00:00,2024-01-18,8,3,0,winter,5101,,,,
NYC,hour,2024-01-18 09:00:00,2024-01-18,9,3,0,winter,3337,,,,
NYC,hour,2024-01-18 10:00:00,2024-01-18,10,3,0,winter,2312,,,,
NYC,hour,2024-01-18 11:00:00,2024-01-18,11,3,0,winter,2064,,,,
NYC,hour,2024-01-18 12:00:00,2024-01-18,12,3,0,winter,2251,,,,
NYC,hour,2024-01-18 13:00:00,2024-01-18,13,3,0,winter,2345,,,,
NYC,hour,2024-01-18 14:00:00,2024-01-18,14,3,0,winter,3025,,,,
NYC,hour,2024-01-18 15:00:00,2024-01-18,15,3,0,winter,3511,,,,
NYC,hour,2024-01-18 16:00:00,2024-01-18,16,3,0,winter,4217,,,,
NYC,hour,2024-01-18 17:00:00,2024-01-18,17,3,0,winter,5553,,,,
NYC,hour,2024-01-18 18:00:00,2024-01-18,18,3,0,winter,5002,,,,
NYC,hour,2024-01-18 19:00:00,2024-01-18,19,3,0,winter,3787,,,,
NYC,hour,2024-01-18 20:00:00,2024-01-18,20,3,0,winter,2549,,,,
NYC,hour,2024-01-18 21:00:00,2024-01-18,21,3,0,winter,1933,,,,
NYC,hour,2024-01-18 22:00:00,2024-01-18,22,3,0,winter,1484,,,,
NYC,hour,2024-01-18 23:00:00,2024-01-18,23,3,0,winter,1022,,,,
NYC,hour,2024-01-19 00:00:00,2024-01-19,0,4,0,winter,596,,,,
NYC,hour,2024-01-19 01:00:00,2024-01-19,1,4,0,winter,313,,,,
NYC,hour,2024-01-19 02:00:00,2024-01-19,2,4,0,winter,212,,,,
NYC,hour,2024-01-19 03:00:00,2024-01-19,3,4,0,winter,147,,,,
NYC,hour,2024-01-19 04:00:00,2024-01-19,4,4,0,winter,194,,,,
NYC,hour,2024-01-19 05:00:00,2024-01-19,5,4,0,winter,560,,,,
NYC,hour,2024-01-19 06:00:00,2024-01-19,6,4,0,winter,1480,,,,
NYC,hour,2024-01-19 07:00:00,2024-01-19,7,4,0,winter,3134,,,,
NYC,hour,2024-01-19 08:00:00,2024-01-19,8,4,0,winter,4616,,,,
NYC,hour,2024-01-19 09:00:00,2024-01-19,9,4,0,winter,2907,,,,
NYC,hour,2024-01-19 10:00:00,2024-01-19,10,4,0,winter,2087,,,,
NYC,hour,2024-01-19 11:00:00,2024-01-19,11,4,0,winter,1652,,,,
NYC,hour,2024-01-19 12:00:00,2024-01-19,12,4,0,winter,1672,,,,
NYC,hour,2024-01-19 13:00:00,2024-01-19,13,4,0,winter,1710,,,,
NYC,hour,2024-01-19 14:00:00,2024-01-19,14,4,0,winter,2007,,,,
NYC,hour,2024-01-19 15:00:00,2024-01-19,15,4,0,winter,2426,,,,
NYC,hour,2024-01-19 16:00:00,2024-01-19,16,4,0,winter,3006,,,,
NYC,hour,2024-01-19 17:00:00,2024-01-19,17,4,0,winter,3729,,,,
NYC,hour,2024-01-19 18:00:00,2024-01-19,18,4,0,winter,3508,,,,
NYC,hour,2024-01-19 19:00:00,2024-01-19,19,4,0,winter,2730,,,,
NYC,hour,2024-01-19 20:00:00,2024-01-19,20,4,0,winter,1814,,,,
NYC,hour,2024-01-19 21:00:00,2024-01-19,21,4,0,winter,1380,,,,
NYC,hour,2024-01-19 22:00:00,2024-01-19,22,4,0,winter,1166,,,,
NYC,hour,2024-01-19 23:00:00,2024-01-19,23,4,0,winter,1009,,,,
NYC,hour,2024-01-20 00:00:00,2024-01-20,0,5,1,winter,735,,,,
NYC,hour,2024-01-20 01:00:00,2024-01-20,1,5,1,winter,482,,,,
NYC,hour,2024-01-20 02:00:00,2024-01-20,2,5,1,winter,320,,,,
NYC,hour,2024-01-20 03:00:00,2024-01-20,3,5,1,winter,202,,,,
NYC,hour,2024-01-20 04:00:00,2024-01-20,4,5,1,winter,144,,,,
NYC,hour,2024-01-20 05:00:00,2024-01-20,5,5,1,winter,158,,,,
NYC,hour,2024-01-20 06:00:00,2024-01-20,6,5,1,winter,365,,,,
NYC,hour,2024-01-20 07:00:00,2024-01-20,7,5,1,winter,726,,,,
NYC,hour,2024-01-20 08:00:00,2024-01-20,8,5,1,winter,1421,,,,
NYC,hour,2024-01-20 09:00:00,2024-01-20,9,5,1,winter,1861,,,,
NYC,hour,2024-01-20 10:00:00,2024-01-20,10,5,1,winter,2402,,,,
NYC,hour,2024-01-20 11:00:00,2024-01-20,11,5,1,winter,2807,,,,
NYC,hour,2024-01-20 12:00:00,2024-01-20,12,5,1,winter,2970,,,,
NYC,hour,2024-01-20 13:00:00,2024-01-20,13,5,1,winter,3109,,,,
NYC,hour,2024-01-20 14:00:00,2024-01-20,14,5,1,winter,3136,,,,
NYC,hour,2024-01-20 15:00:00,2024-01-20,15,5,1,winter,3071,,,,
NYC,hour,2024-01-20 16:00:00,2024-01-20,16,5,1,winter,2823,,,,
NYC,hour,2024-01-20 17:00:00,2024-01-20,17,5,1,winter,2371,,,,
NYC,hour,2024-01-20 18:00:00,2024-01-20,18,5,1,winter,2134,,,,
NYC,hour,2024-01-20 19:00:00,2024-01-20,19,5,1,winter,1788,,,,
NYC,hour,2024-01-20 20:00:00,2024-01-20,20,5,1,winter,1355,,,,
NYC,hour,2024-01-20 21:00:00,2024-01-20,21,5,1,winter,1046,,,,
NYC,hour,2024-01-20 22:00:00,2024-01-20,22,5,1,winter,919,,,,
NYC,hour,2024-01-20 23:00:00,2024-01-20,23,5,1,winter,874,,,,
NYC,hour,2024-01-21 00:00:00,2024-01-21,0,6,1,winter,652,,,,
NYC,hour,2024-01-21 01:00:00,2024-01-21,1,6,1,winter,443,,,,
NYC,hour,2024-01-21 02:00:00,2024-01-21,2,6,1,winter,295,,,,
NYC,hour,2024-01-21 03:00:00,2024-01-21,3,6,1,winter,188,,,,
NYC,hour,2024-01-21 04:00:00,2024-01-21,4,6,1,winter,152,,,,
NYC,hour,2024-01-21 05:00:00,2024-01-21,5,6,1,winter,136,,,,
NYC,hour,2024-01-21 06:00:00,2024-01-21,6,6,1,winter,293,,,,
NYC,hour,2024-01-21 07:00:00,2024-01-21,7,6,1,winter,561,,,,
NYC,hour,2024-01-21 08:00:00,2024-01-21,8,6,1,winter,918,,,,
NYC,hour,2024-01-21 09:00:00,2024-01-21,9,6,1,winter,1518,,,,
NYC,hour,2024-01-21 10:00:00,2024-01-21,10,6,1,winter,2126,,,,
NYC,hour,2024-01-21 11:00:00,2024-01-21,11,6,1,winter,2642,,,,
NYC,hour,2024-01-21 12:00:00,2024-01-21,12,6,1,winter,2902,,,,
NYC,hour,2024-01-21 13:00:00,2024-01-21,13,6,1,winter,3158,,,,
NYC,hour,2024-01-21 14:00:00,2024-01-21,14,6,1,winter,3267,,,,
NYC,hour,2024-01-21 15:00:00,2024-01-21,15,6,1,winter,3355,,,,
NYC,hour,2024-01-21 16:00:00,2024-01-21,16,6,1,winter,3092,,,,
NYC,hour,2024-01-21 17:00:00,2024-01-21,17,6,1,winter,2657,,,,
NYC,hour,2024-01-21 18:00:00,2024-01-21,18,6,1,winter,2404,,,,
NYC,hour,2024-01-21 19:00:00,2024-01-21,19,6,1,winter,1730,,,,
NYC,hour,2024-01-21 20:00:00,2024-01-21,20,6,1,winter,1272,,,,
NYC,hour,2024-01-21 21:00:00,2024-01-21,21,6,1,winter,1133,,,,
NYC,hour,2024-01-21 22:00:00,2024-01-21,22,6,1,winter,880,,,,
NYC,hour,2024-01-21 23:00:00,2024-01-21,23,6,1,winter,543,,,,
NYC,hour,2024-01-22 00:00:00,2024-01-22,0,0,0,winter,324,,,,
NYC,hour,2024-01-22 01:00:00,2024-01-22,1,0,0,winter,153,,,,
NYC,hour,2024-01-22 02:00:00,2024-01-22,2,0,0,winter,104,,,,
NYC,hour,2024-01-22 03:00:00,2024-01-22,3,0,0,winter,98,,,,
NYC,hour,2024-01-22 04:00:00,2024-01-22,4,0,0,winter,148,,,,
NYC,hour,2024-01-22 05:00:00,2024-01-22,5,0,0,winter,656,,,,
NYC,hour,2024-01-22 06:00:00,2024-01-22,6,0,0,winter,1766,,,,
NYC,hour,2024-01-22 07:00:00,2024-01-22,7,0,0,winter,3624,,,,
NYC,hour,2024-01-22 08:00:00,2024-01-22,8,0,0,winter,5781,,,,
NYC,hour,2024-01-22 09:00:00,2024-01-22,9,0,0,winter,3892,,,,
NYC,hour,2024-01-22 10:00:00,2024-01-22,10,0,0,winter,2438,,,,
NYC,hour,2024-01-22 11:00:00,2024-01-22,11,0,0,winter,2398,,,,
NYC,hour,2024-01-22 12:00:00,2024-01-22,12,0,0,winter,2784,,,,
NYC,hour,2024-01-22 13:00:00,2024-01-22,13,0,0,winter,2955,,,,
NYC,hour,2024-01-22 14:00:00,2024-01-22,14,0,0,winter,3506,,,,
NYC,hour,2024-01-22 15:00:00,2024-01-22,15,0,0,winter,4065,,,,
NYC,hour,2024-01-22 16:00:00,2024-01-22,16,0,0,winter,4887,,,,
NYC,hour,2024-01-22 17:00:00,2024-01-22,17,0,0,winter,5062,,,,
NYC,hour,2024-01-22 18:00:00,2024-01-22,18,0,0,winter,5743,,,,
NYC,hour,2024-01-22 19:00:00,2024-01-22,19,0,0,winter,3981,,,,
NYC,hour,2024-01-22 20:00:00,2024-01-22,20,0,0,winter,2640,,,,
NYC,hour,2024-01-22 21:00:00,2024-01-22,21,0,0,winter,1899,,,,
NYC,hour,2024-01-22 22:00:00,2024-01-22,22,0,0,winter,1361,,,,
NYC,hour,2024-01-22 23:00:00,2024-01-22,23,0,0,winter,802,,,,
NYC,hour,2024-01-23 00:00:00,2024-01-23,0,1,0,winter,483,,,,
NYC,hour,2024-01-23 01:00:00,2024-01-23,1,1,0,winter,220,,,,
NYC,hour,2024-01-23 02:00:00,2024-01-23,2,1,0,winter,144,,,,
NYC,hour,2024-01-23 03:00:00,2024-01-23,3,1,0,winter,113,,,,
NYC,hour,2024-01-23 04:00:00,2024-01-23,4,1,0,winter,182,,,,
NYC,hour,2024-01-23 05:00:00,2024-01-23,5,1,0,winter,767,,,,
NYC,hour,2024-01-23 06:00:00,2024-01-23,6,1,0,winter,2201,,,,
NYC,hour,2024-01-23 07:00:00,2024-01-23,7,1,0,winter,4554,,,,
NYC,hour,2024-01-23 08:00:00,2024-01-23,8,1,0,winter,7269,,,,
NYC,hour,2024-01-23 09:00:00,2024-01-23,9,1,0,winter,4915,,,,
NYC,hour,2024-01-23 10:00:00,2024-01-23,10,1,0,winter,2585,,,,
NYC,hour,2024-01-23 11:00:00,2024-01-23,11,1,0,winter,1965,,,,
NYC,hour,2024-01-23 12:00:00,2024-01-23,12,1,0,winter,2116,,,,
NYC,hour,2024-01-23 13:00:00,2024-01-23,13,1,0,winter,2875,,,,
NYC,hour,2024-01-23 14:00:00,2024-01-23,14,1,0,winter,3467,,,,
NYC,hour,2024-01-23 15:00:00,2024-01-23,15,1,0,winter,4140,,,,
NYC,hour,2024-01-23 16:00:00,2024-01-23,16,1,0,winter,5084,,,,
NYC,hour,2024-01-23 17:00:00,2024-01-23,17,1,0,winter,7133,,,,
NYC,hour,2024-01-23 18:00:00,2024-01-23,18,1,0,winter,6806,,,,
NYC,hour,2024-01-23 19:00:00,2024-01-23,19,1,0,winter,4908,,,,
NYC,hour,2024-01-23 20:00:00,2024-01-23,20,1,0,winter,3290,,,,
NYC,hour,2024-01-23 21:00:00,2024-01-23,21,1,0,winter,2492,,,,
NYC,hour,2024-01-23 22:00:00,2024-01-23,22,1,0,winter,1956,,,,
NYC,hour,2024-01-23 23:00:00,2024-01-23,23,1,0,winter,995,,,,
NYC,hour,2024-01-24 00:00:00,2024-01-24,0,2,0,winter,568,,,,
NYC,hour,2024-01-24 01:00:00,2024-01-24,1,2,0,winter,315,,,,
NYC,hour,2024-01-24 02:00:00,2024-01-24,2,2,0,winter,177,,,,
NYC,hour,2024-01-24 03:00:00,2024-01-24,3,2,0,winter,141,,,,
NYC,hour,2024-01-24 04:00:00,2024-01-24,4,2,0,winter,191,,,,
NYC,hour,2024-01-24 05:00:00,2024-01-24,5,2,0,winter,750,,,,
NYC,hour,2024-01-24 06:00:00,2024-01-24,6,2,0,winter,2059,,,,
NYC,hour,2024-01-24 07:00:00,2024-01-24,7,2,0,winter,3694,,,,
NYC,hour,2024-01-24 08:00:00,2024-01-24,8,2,0,winter,6767,,,,
NYC,hour,2024-01-24 09:00:00,2024-01-24,9,2,0,winter,5105,,,,
NYC,hour,2024-01-24 10:00:00,2024-01-24,10,2,0,winter,3408,,,,
NYC,hour,2024-01-24 11:00:00,2024-01-24,11,2,0,winter,2994,,,,
NYC,hour,2024-01-24 12:00:00,2024-01-24,12,2,0,winter,3331,,,,
NYC,hour,2024-01-24 13:00:00,2024-01-24,13,2,0,winter,3156,,,,
NYC,hour,2024-01-24 14:00:00,2024-01-24,14,2,0,winter,3241,,,,
NYC,hour,2024-01-24 15:00:00,2024-01-24,15,2,0,winter,3426,,,,
NYC,hour,2024-01-24 16:00:00,2024-01-24,16,2,0,winter,4089,,,,
NYC,hour,2024-01-24 17:00:00,2024-01-24,17,2,0,winter,5658,,,,
NYC,hour,2024-01-24 18:00:00,2024-01-24,18,2,0,winter,5289,,,,
NYC,hour,2024-01-24 19:00:00,2024-01-24,19,2,0,winter,3434,,,,
NYC,hour,2024-01-24 20:00:00,2024-01-24,20,2,0,winter,2660,,,,
NYC,hour,2024-01-24 21:00:00,2024-01-24,21,2,0,winter,2367,,,,
NYC,hour,2024-01-24 22:00:00,2024-01-24,22,2,0,winter,1921,,,,
NYC,hour,2024-01-24 23:00:00,2024-01-24,23,2,0,winter,1171,,,,
NYC,hour,2024-01-25 00:00:00,2024-01-25,0,3,0,winter,551,,,,
NYC,hour,2024-01-25 01:00:00,2024-01-25,1,3,0,winter,304,,,,
NYC,hour,2024-01-25 02:00:00,2024-01-25,2,3,0,winter,191,,,,
NYC,hour,2024-01-25 03:00:00,2024-01-25,3,3,0,winter,108,,,,
NYC,hour,2024-01-25 04:00:00,2024-01-25,4,3,0,winter,130,,,,
NYC,hour,2024-01-25 05:00:00,2024-01-25,5,3,0,winter,458,,,,
NYC,hour,2024-01-25 06:00:00,2024-01-25,6,3,0,winter,1264,,,,
NYC,hour,2024-01-25 07:00:00,2024-01-25,7,3,0,winter,2925,,,,
NYC,hour,2024-01-25 08:00:00,2024-01-25,8,3,0,winter,4062,,,,
NYC,hour,2024-01-25 09:00:00,2024-01-25,9,3,0,winter,3373,,,,
NYC,hour,2024-01-25 10:00:00,2024-01-25,10,3,0,winter,2179,,,,
NYC,hour,2024-01-25 11:00:00,2024-01-25,11,3,0,winter,2893,,,,
NYC,hour,2024-01-25 12:00:00,2024-01-25,12,3,0,winter,3673,,,,
NYC,hour,2024-01-25 13:00:00,2024-01-25,13,3,0,winter,3867,,,,
NYC,hour,2024-01-25 14:00:00,2024-01-25,14,3,0,winter,4465,,,,
NYC,hour,2024-01-25 15:00:00,2024-01-25,15,3,0,winter,5252,,,,
NYC,hour,2024-01-25 16:00:00,2024-01-25,16,3,0,winter,6123,,,,
NYC,hour,2024-01-25 17:00:00,2024-01-25,17,3,0,winter,8363,,,,
NYC,hour,2024-01-25 18:00:00,2024-01-25,18,3,0,winter,7955,,,,
NYC,hour,2024-01-25 19:00:00,2024-01-25,19,3,0,winter,5706,,,,
NYC,hour,2024-01-25 20:00:00,2024-01-25,20,3,0,winter,4026,,,,
NYC,hour,2024-01-25 21:00:00,2024-01-25,21,3,0,winter,3315,,,,
NYC,hour,2024-01-25 22:00:00,2024-01-25,22,3,0,winter,2472,,,,
NYC,hour,2024-01-25 23:00:00,2024-01-25,23,3,0,winter,1272,,,,
NYC,hour,2024-01-26 00:00:00,2024-01-26,0,4,0,winter,713,,,,
NYC,hour,2024-01-26 01:00:00,2024-01-26,1,4,0,winter,349,,,,
NYC,hour,2024-01-26 02:00:00,2024-01-26,2,4,0,winter,212,,,,
NYC,hour,2024-01-26 03:00:00,2024-01-26,3,4,0,winter,123,,,,
NYC,hour,2024-01-26 04:00:00,2024-01-26,4,4,0,winter,139,,,,
NYC,hour,2024-01-26 05:00:00,2024-01-26,5,4,0,winter,446,,,,
NYC,hour,2024-01-26 06:00:00,2024-01-26,6,4,0,winter,1329,,,,
NYC,hour,2024-01-26 07:00:00,2024-01-26,7,4,0,winter,2642,,,,
NYC,hour,2024-01-26 08:00:00,2024-01-26,8,4,0,winter,4008,,,,
NYC,hour,2024-01-26 09:00:00,2024-01-26,9,4,0,winter,3443,,,,
NYC,hour,2024-01-26 10:00:00,2024-01-26,10,4,0,winter,2383,,,,
NYC,hour,2024-01-26 11:00:00,2024-01-26,11,4,0,winter,3167,,,,
NYC,hour,2024-01-26 12:00:00,2024-01-26,12,4,0,winter,3911,,,,
NYC,hour,2024-01-26 13:00:00,2024-01-26,13,4,0,winter,4237,,,,
NYC,hour,2024-01-26 14:00:00,2024-01-26,14,4,0,winter,4866,,,,
NYC,hour,2024-01-26 15:00:00,2024-01-26,15,4,0,winter,5460,,,,
NYC,hour,2024-01-26 16:00:00,2024-01-26,16,4,0,winter,6194,,,,
NYC,hour,2024-01-26 17:00:00,2024-01-26,17,4,0,winter,7317,,,,
NYC,hour,2024-01-26 18:00:00,2024-01-26,18,4,0,winter,5894,,,,
NYC,hour,2024-01-26 19:00:00,2024-01-26,19,4,0,winter,4467,,,,
NYC,hour,2024-01-26 20:00:00,2024-01-26,20,4,0,winter,3644,,,,
NYC,hour,2024-01-26 21:00:00,2024-01-26,21,4,0,winter,2894,,,,
NYC,hour,2024-01-26 22:00:00,2024-01-26,22,4,0,winter,2450,,,,
NYC,hour,2024-01-26 23:00:00,2024-01-26,23,4,0,winter,2075,,,,
NYC,hour,2024-01-27 00:00:00,2024-01-27,0,5,1,winter,1590,,,,
NYC,hour,2024-01-27 01:00:00,2024-01-27,1,5,1,winter,1235,,,,
NYC,hour,2024-01-27 02:00:00,2024-01-27,2,5,1,winter,802,,,,
NYC,hour,2024-01-27 03:00:00,2024-01-27,3,5,1,winter,547,,,,
NYC,hour,2024-01-27 04:00:00,2024-01-27,4,5,1,winter,343,,,,
NYC,hour,2024-01-27 05:00:00,2024-01-27,5,5,1,winter,290,,,,
NYC,hour,2024-01-27 06:00:00,2024-01-27,6,5,1,winter,656,,,,
NYC,hour,2024-01-27 07:00:00,2024-01-27,7,5,1,winter,1312,,,,
NYC,hour,2024-01-27 08:00:00,2024-01-27,8,5,1,winter,2446,,,,
NYC,hour,2024-01-27 09:00:00,2024-01-27,9,5,1,winter,3675,,,,
NYC,hour,2024-01-27 10:00:00,2024-01-27,10,5,1,winter,4762,,,,
NYC,hour,2024-01-27 11:00:00,2024-01-27,11,5,1,winter,5747,,,,
NYC,hour,2024-01-27 12:00:00,2024-01-27,12,5,1,winter,6264,,,,
NYC,hour,2024-01-27 13:00:00,2024-01-27,13,5,1,winter,6513,,,,
NYC,hour,2024-01-27 14:00:00,2024-01-27,14,5,1,winter,6476,,,,
NYC,hour,2024-01-27 15:00:00,2024-01-27,15,5,1,winter,6333,,,,
NYC,hour,2024-01-27 16:00:00,2024-01-27,16,5,1,winter,6073,,,,
NYC,hour,2024-01-27 17:00:00,2024-01-27,17,5,1,winter,5455,,,,
NYC,hour,2024-01-27 18:00:00,2024-01-27,18,5,1,winter,4815,,,,
NYC,hour,2024-01-27 19:00:00,2024-01-27,19,5,1,winter,4199,,,,
NYC,hour,2024-01-27 20:00:00,2024-01-27,20,5,1,winter,3240,,,,
NYC,hour,2024-01-27 21:00:00,2024-01-27,21,5,1,winter,2869,,,,
NYC,hour,2024-01-27 22:00:00,2024-01-27,22,5,1,winter,2460,,,,
NYC,hour,2024-01-27 23:00:00,2024-01-27,23,5,1,winter,2113,,,,
NYC,hour,2024-01-28 00:00:00,2024-01-28,0,6,1,winter,1754,,,,
NYC,hour,2024-01-28 01:00:00,2024-01-28,1,6,1,winter,912,,,,
NYC,hour,2024-01-28 02:00:00,2024-01-28,2,6,1,winter,375,,,,
NYC,hour,2024-01-28 03:00:00,2024-01-28,3,6,1,winter,179,,,,
NYC,hour,2024-01-28 04:00:00,2024-01-28,4,6,1,winter,93,,,,
NYC,hour,2024-01-28 05:00:00,2024-01-28,5,6,1,winter,98,,,,
NYC,hour,2024-01-28 06:00:00,2024-01-28,6,6,1,winter,168,,,,
NYC,hour,2024-01-28 07:00:00,2024-01-28,7,6,1,winter,305,,,,
NYC,hour,2024-01-28 08:00:00,2024-01-28,8,6,1,winter,394,,,,
NYC,hour,2024-01-28 09:00:00,2024-01-28,9,6,1,winter,861,,,,
NYC,hour,2024-01-28 10:00:00,2024-01-28,10,6,1,winter,2102,,,,
NYC,hour,2024-01-28 11:00:00,2024-01-28,11,6,1,winter,2275,,,,
NYC,hour,2024-01-28 12:00:00,2024-01-28,12,6,1,winter,2144,,,,
NYC,hour,2024-01-28 13:00:00,2024-01-28,13,6,1,winter,2117,,,,
NYC,hour,2024-01-28 14:00:00,2024-01-28,14,6,1,winter,2225,,,,
NYC,hour,2024-01-28 15:00:00,2024-01-28,15,6,1,winter,2050,,,,
NYC,hour,2024-01-28 16:00:00,2024-01-28,16,6,1,winter,2072,,,,
NYC,hour,2024-01-28 17:00:00,2024-01-28,17,6,1,winter,1617,,,,
NYC,hour,2024-01-28 18:00:00,2024-01-28,18,6,1,winter,1944,,,,
NYC,hour,2024-01-28 19:00:00,2024-01-28,19,6,1,winter,1626,,,,
NYC,hour,2024-01-28 20:00:00,2024-01-28,20,6,1,winter,1440,,,,
NYC,hour,2024-01-28 21:00:00,2024-01-28,21,6,1,winter,1222,,,,
NYC,hour,2024-01-28 22:00:00,2024-01-28,22,6,1,winter,1100,,,,
NYC,hour,2024-01-28 23:00:00,2024-01-28,23,6,1,winter,672,,,,
NYC,hour,2024-01-29 00:00:00,2024-01-29,0,0,0,winter,379,,,,
NYC,hour,2024-01-29 01:00:00,2024-01-29,1,0,0,winter,181,,,,
NYC,hour,2024-01-29 02:00:00,2024-01-29,2,0,0,winter,124,,,,
NYC,hour,2024-01-29 03:00:00,2024-01-29,3,0,0,winter,84,,,,
NYC,hour,2024-01-29 04:00:00,2024-01-29,4,0,0,winter,162,,,,
NYC,hour,2024-01-29 05:00:00,2024-01-29,5,0,0,winter,615,,,,
NYC,hour,2024-01-29 06:00:00,2024-01-29,6,0,0,winter,1685,,,,
NYC,hour,2024-01-29 07:00:00,2024-01-29,7,0,0,winter,3772,,,,
NYC,hour,2024-01-29 08:00:00,2024-01-29,8,0,0,winter,6065,,,,
NYC,hour,2024-01-29 09:00:00,2024-01-29,9,0,0,winter,4429,,,,
NYC,hour,2024-01-29 10:00:00,2024-01-29,10,0,0,winter,3138,,,,
NYC,hour,2024-01-29 11:00:00,2024-01-29,11,0,0,winter,2826,,,,
NYC,hour,2024-01-29 12:00:00,2024-01-29,12,0,0,winter,3344,,,,
NYC,hour,2024-01-29 13:00:00,2024-01-29,13,0,0,winter,3604,,,,
NYC,hour,2024-01-29 14:00:00,2024-01-29,14,0,0,winter,4065,,,,
NYC,hour,2024-01-29 15:00:00,2024-01-29,15,0,0,winter,4523,,,,
NYC,hour,2024-01-29 16:00:00,2024-01-29,16,0,0,winter,5240,,,,
NYC,hour,2024-01-29 17:00:00,2024-01-29,17,0,0,winter,7199,,,,
NYC,hour,2024-01-29 18:00:00,2024-01-29,18,0,0,winter,6580,,,,
NYC,hour,2024-01-29 19:00:00,2024-01-29,19,0,0,winter,4793,,,,
NYC,hour,2024-01-29 20:00:00,2024-01-29,20,0,0,winter,3209,,,,
NYC,hour,2024-01-29 21:00:00,2024-01-29,21,0,0,winter,2241,,,,
NYC,hour,2024-01-29 22:00:00,2024-01-29,22,0,0,winter,1588,,,,
NYC,hour,2024-01-29 23:00:00,2024-01-29,23,0,0,winter,942,,,,
NYC,hour,2024-01-30 00:00:00,2024-01-30,0,1,0,winter,546,,,,
NYC,hour,2024-01-30 01:00:00,2024-01-30,1,1,0,winter,233,,,,
NYC,hour,2024-01-30 02:00:00,2024-01-30,2,1,0,winter,167,,,,
NYC,hour,2024-01-30 03:00:00,2024-01-30,3,1,0,winter,130,,,,
NYC,hour,2024-01-30 04:00:00,2024-01-30,4,1,0,winter,198,,,,
NYC,hour,2024-01-30 05:00:00,2024-01-30,5,1,0,winter,824,,,,
NYC,hour,2024-01-30 06:00:00,2024-01-30,6,1,0,winter,2386,,,,
NYC,hour,2024-01-30 07:00:00,2024-01-30,7,1,0,winter,5109,,,,
NYC,hour,2024-01-30 08:00:00,2024-01-30,8,1,0,winter,8144,,,,
NYC,hour,2024-01-30 09:00:00,2024-01-30,9,1,0,winter,5686,,,,
NYC,hour,2024-01-30 10:00:00,2024-01-30,10,1,0,winter,3398,,,,
NYC,hour,2024-01-30 11:00:00,2024-01-30,11,1,0,winter,3108,,,,
NYC,hour,2024-01-30 12:00:00,2024-01-30,12,1,0,winter,3461,,,,
NYC,hour,2024-01-30 13:00:00,2024-01-30,13,1,0,winter,3585,,,,
NYC,hour,2024-01-30 14:00:00,2024-01-30,14,1,0,winter,3987,,,,
NYC,hour,2024-01-30 15:00:00,2024-01-30,15,1,0,winter,4785,,,,
NYC,hour,2024-01-30 16:00:00,2024-01-30,16,1,0,winter,5731,,,,
NYC,hour,2024-01-30 17:00:00,2024-01-30,17,1,0,winter,8037,,,,
NYC,hour,2024-01-30 18:00:00,2024-01-30,18,1,0,winter,7005,,,,
NYC,hour,2024-01-30 19:00:00,2024-01-30,19,1,0,winter,4572,,,,
NYC,hour,2024-01-30 20:00:00,2024-01-30,20,1,0,winter,2685,,,,
NYC,hour,2024-01-30 21:00:00,2024-01-30,21,1,0,winter,2082,,,,
NYC,hour,2024-01-30 22:00:00,2024-01-30,22,1,0,winter,1485,,,,
NYC,hour,2024-01-30 23:00:00,2024-01-30,23,1,0,winter,954,,,,
NYC,hour,2024-01-31 00:00:00,2024-01-31,0,2,0,winter,548,,,,
NYC,hour,2024-01-31 01:00:00,2024-01-31,1,2,0,winter,240,,,,
NYC,hour,2024-01-31 02:00:00,2024-01-31,2,2,0,winter,140,,,,
NYC,hour,2024-01-31 03:00:00,2024-01-31,3,2,0,winter,121,,,,
NYC,hour,2024-01-31 04:00:00,2024-01-31,4,2,0,winter,211,,,,
NYC,hour,2024-01-31 05:00:00,2024-01-31,5,2,0,winter,831,,,,
NYC,hour,2024-01-31 06:00:00,2024-01-31,6,2,0,winter,2235,,,,
NYC,hour,2024-01-31 07:00:00,2024-01-31,7,2,0,winter,4945,,,,
NYC,hour,2024-01-31 08:00:00,2024-01-31,8,2,0,winter,7807,,,,
NYC,hour,2024-01-31 09:00:00,2024-01-31,9,2,0,winter,5566,,,,
NYC,hour,2024-01-31 10:00:00,2024-01-31,10,2,0,winter,3568,,,,
NYC,hour,2024-01-31 11:00:00,2024-01-31,11,2,0,winter,3349,,,,
NYC,hour,2024-01-31 12:00:00,2024-01-31,12,2,0,winter,3606,,,,
NYC,hour,2024-01-31 13:00:00,2024-01-31,13,2,0,winter,3718,,,,
NYC,hour,2024-01-31 14:00:00,2024-01-31,14,2,0,winter,4298,,,,
NYC,hour,2024-01-31 15:00:00,2024-01-31,15,2,0,winter,4876,,,,
NYC,hour,2024-01-31 16:00:00,2024-01-31,16,2,0,winter,5820,,,,
NYC,hour,2024-01-31 17:00:00,2024-01-31,17,2,0,winter,8028,,,,
NYC,hour,2024-01-31 18:00:00,2024-01-31,18,2,0,winter,7641,,,,
NYC,hour,2024-01-31 19:00:00,2024-01-31,19,2,0,winter,5414,,,,
NYC,hour,2024-01-31 20:00:00,2024-01-31,20,2,0,winter,3685,,,,
NYC,hour,2024-01-31 21:00:00,2024-01-31,21,2,0,winter,2827,,,,
NYC,hour,2024-01-31 22:00:00,2024-01-31,22,2,0,winter,2017,,,,
NYC,hour,2024-01-31 23:00:00,2024-01-31,23,2,0,winter,1384,,,,
NYC,hour,2024-02-01 00:00:00,2024-02-01,0,3,0,winter,756,,,,
NYC,hour,2024-02-01 01:00:00,2024-02-01,1,3,0,winter,366,,,,
NYC,hour,2024-02-01 02:00:00,2024-02-01,2,3,0,winter,198,,,,
NYC,hour,2024-02-01 03:00:00,2024-02-01,3,3,0,winter,148,,,,
NYC,hour,2024-02-01 04:00:00,2024-02-01,4,3,0,winter,231,,,,
NYC,hour,2024-02-01 05:00:00,2024-02-01,5,3,0,winter,739,,,,
NYC,hour,2024-02-01 06:00:00,2024-02-01,6,3,0,winter,2221,,,,
NYC,hour,2024-02-01 07:00:00,2024-02-01,7,3,0,winter,5041,,,,
NYC,hour,2024-02-01 08:00:00,2024-02-01,8,3,0,winter,8069,,,,
NYC,hour,2024-02-01 09:00:00,2024-02-01,9,3,0,winter,5688,,,,
NYC,hour,2024-02-01 10:00:00,2024-02-01,10,3,0,winter,3630,,,,
NYC,hour,2024-02-01 11:00:00,2024-02-01,11,3,0,winter,3304,,,,
NYC,hour,2024-02-01 12:00:00,2024-02-01,12,3,0,winter,3843,,,,
NYC,hour,2024-02-01 13:00:00,2024-02-01,13,3,0,winter,4024,,,,
NYC,hour,2024-02-01 14:00:00,2024-02-01,14,3,0,winter,4526,,,,
NYC,hour,2024-02-01 15:00:00,2024-02-01,15,3,0,winter,5404,,,,
NYC,hour,2024-02-01 16:00:00,2024-02-01,16,3,0,winter,6399,,,,
NYC,hour,2024-02-01 17:00:00,2024-02-01,17,3,0,winter,8389,,,,
NYC,hour,2024-02-01 18:00:00,2024-02-01,18,3,0,winter,7867,,,,
NYC,hour,2024-02-01 19:00:00,2024-02-01,19,3,0,winter,5666,,,,
NYC,hour,2024-02-01 20:00:00,2024-02-01,20,3,0,winter,4054,,,,
NYC,hour,2024-02-01 21:00:00,2024-02-01,21,3,0,winter,3007,,,,
NYC,hour,2024-02-01 22:00:00,2024-02-01,22,3,0,winter,2454,,,,
NYC,hour,2024-02-01 23:00:00,2024-02-01,23,3,0,winter,1660,,,,
NYC,hour,2024-02-02 00:00:00,2024-02-02,0,4,0,winter,803,,,,
NYC,hour,2024-02-02 01:00:00,2024-02-02,1,4,0,winter,245,,,,
NYC,hour,2024-02-02 02:00:00,2024-02-02,2,4,0,winter,145,,,,
NYC,hour,2024-02-02 03:00:00,2024-02-02,3,4,0,winter,162,,,,
NYC,hour,2024-02-02 04:00:00,2024-02-02,4,4,0,winter,209,,,,
NYC,hour,2024-02-02 05:00:00,2024-02-02,5,4,0,winter,708,,,,
NYC,hour,2024-02-02 06:00:00,2024-02-02,6,4,0,winter,1908,,,,
NYC,hour,2024-02-02 07:00:00,2024-02-02,7,4,0,winter,4006,,,,
NYC,hour,2024-02-02 08:00:00,2024-02-02,8,4,0,winter,5352,,,,
NYC,hour,2024-02-02 09:00:00,2024-02-02,9,4,0,winter,2579,,,,
NYC,hour,2024-02-02 10:00:00,2024-02-02,10,4,0,winter,1896,,,,
NYC,hour,2024-02-02 11:00:00,2024-02-02,11,4,0,winter,1940,,,,
NYC,hour,2024-02-02 12:00:00,2024-02-02,12,4,0,winter,2331,,,,
NYC,hour,2024-02-02 13:00:00,2024-02-02,13,4,0,winter,3203,,,,
NYC,hour,2024-02-02 14:00:00,2024-02-02,14,4,0,winter,4202,,,,
NYC,hour,2024-02-02 15:00:00,2024-02-02,15,4,0,winter,5210,,,,
NYC,hour,2024-02-02 16:00:00,2024-02-02,16,4,0,winter,5877,,,,
NYC,hour,2024-02-02 17:00:00,2024-02-02,17,4,0,winter,6990,,,,
NYC,hour,2024-02-02 18:00:00,2024-02-02,18,4,0,winter,6298,,,,
NYC,hour,2024-02-02 19:00:00,2024-02-02,19,4,0,winter,4843,,,,
NYC,hour,2024-02-02 20:00:00,2024-02-02,20,4,0,winter,3387,,,,
NYC,hour,2024-02-02 21:00:00,2024-02-02,21,4,0,winter,2483,,,,
NYC,hour,2024-02-02 22:00:00,2024-02-02,22,4,0,winter,2135,,,,
NYC,hour,2024-02-02 23:00:00,2024-02-02,23,4,0,winter,1745,,,,
NYC,hour,2024-02-03 00:00:00,2024-02-03,0,5,1,winter,1354,,,,
NYC,hour,2024-02-03 01:00:00,2024-02-03,1,5,1,winter,876,,,,
NYC,hour,2024-02-03 02:00:00,2024-02-03,2,5,1,winter,593,,,,
NYC,hour,2024-02-03 03:00:00,2024-02-03,3,5,1,winter,386,,,,
NYC,hour,2024-02-03 04:00:00,2024-02-03,4,5,1,winter,252,,,,
NYC,hour,2024-02-03 05:00:00,2024-02-03,5,5,1,winter,277,,,,
NYC,hour,2024-02-03 06:00:00,2024-02-03,6,5,1,winter,648,,,,
NYC,hour,2024-02-03 07:00:00,2024-02-03,7,5,1,winter,1248,,,,
NYC,hour,2024-02-03 08:00:00,2024-02-03,8,5,1,winter,2201,,,,
NYC,hour,2024-02-03 09:00:00,2024-02-03,9,5,1,winter,3367,,,,
NYC,hour,2024-02-03 10:00:00,2024-02-03,10,5,1,winter,4240,,,,
NYC,hour,2024-02-03 11:00:00,2024-02-03,11,5,1,winter,5106,,,,
NYC,hour,2024-02-03 12:00:00,2024-02-03,12,5,1,winter,5603,,,,
NYC,hour,2024-02-03 13:00:00,2024-02-03,13,5,1,winter,6004,,,,
NYC,hour,2024-02-03 14:00:00,2024-02-03,14,5,1,winter,6207,,,,
NYC,hour,2024-02-03 15:00:00,2024-02-03,15,5,1,winter,6188,,,,
NYC,hour,2024-02-03 16:00:00,2024-02-03,16,5,1,winter,5983,,,,
NYC,hour,2024-02-03 17:00:00,2024-02-03,17,5,1,winter,5029,,,,
NYC,hour,2024-02-03 18:00:00,2024-02-03,18,5,1,winter,4309,,,,
NYC,hour,2024-02-03 19:00:00,2024-02-03,19,5,1,winter,3759,,,,
NYC,hour,2024-02-03 20:00:00,2024-02-03,20,5,1,winter,2758,,,,
NYC,hour,2024-02-03 21:00:00,2024-02-03,21,5,1,winter,2156,,,,
NYC,hour,2024-02-03 22:00:00,2024-02-03,22,5,1,winter,1988,,,,
NYC,hour,2024-02-03 23:00:00,2024-02-03,23,5,1,winter,1874,,,,
NYC,hour,2024-02-04 00:00:00,2024-02-04,0,6,1,winter,1352,,,,
NYC,hour,2024-02-04 01:00:00,2024-02-04,1,6,1,winter,891,,,,
NYC,hour,2024-02-04 02:00:00,2024-02-04,2,6,1,winter,666,,,,
NYC,hour,2024-02-04 03:00:00,2024-02-04,3,6,1,winter,410,,,,
NYC,hour,2024-02-04 04:00:00,2024-02-04,4,6,1,winter,290,,,,
NYC,hour,2024-02-04 05:00:00,2024-02-04,5,6,1,winter,232,,,,
NYC,hour,2024-02-04 06:00:00,2024-02-04,6,6,1,winter,468,,,,
NYC,hour,2024-02-04 07:00:00,2024-02-04,7,6,1,winter,918,,,,
NYC,hour,2024-02-04 08:00:00,2024-02-04,8,6,1,winter,1592,,,,
NYC,hour,2024-02-04 09:00:00,2024-02-04,9,6,1,winter,2668,,,,
NYC,hour,2024-02-04 10:00:00,2024-02-04,10,6,1,winter,3794,,,,
NYC,hour,2024-02-04 11:00:00,2024-02-04,11,6,1,winter,4664,,,,
NYC,hour,2024-02-04 12:00:00,2024-02-04,12,6,1,winter,5392,,,,
NYC,hour,2024-02-04 13:00:00,2024-02-04,13,6,1,winter,5965,,,,
NYC,hour,2024-02-04 14:00:00,2024-02-04,14,6,1,winter,6229,,,,
NYC,hour,2024-02-04 15:00:00,2024-02-04,15,6,1,winter,6278,,,,
NYC,hour,2024-02-04 16:00:00,2024-02-04,16,6,1,winter,6102,,,,
NYC,hour,2024-02-04 17:00:00,2024-02-04,17,6,1,winter,5023,,,,
NYC,hour,2024-02-04 18:00:00,2024-02-04,18,6,1,winter,4132,,,,
NYC,hour,2024-02-04 19:00:00,2024-02-04,19,6,1,winter,3152,,,,
NYC,hour,2024-02-04 20:00:00,2024-02-04,20,6,1,winter,2278,,,,
NYC,hour,2024-02-04 21:00:00,2024-02-04,21,6,1,winter,1730,,,,
NYC,hour,2024-02-04 22:00:00,2024-02-04,22,6,1,winter,1272,,,,
NYC,hour,2024-02-04 23:00:00,2024-02-04,23,6,1,winter,857,,,,
NYC,hour,2024-02-05 00:00:00,2024-02-05,0,0,0,winter,455,,,,
NYC,hour,2024-02-05 01:00:00,2024-02-05,1,0,0,winter,234,,,,
NYC,hour,2024-02-05 02:00:00,2024-02-05,2,0,0,winter,147,,,,
NYC,hour,2024-02-05 03:00:00,2024-02-05,3,0,0,winter,126,,,,
NYC,hour,2024-02-05 04:00:00,2024-02-05,4,0,0,winter,190,,,,
NYC,hour,2024-02-05 05:00:00,2024-02-05,5,0,0,winter,747,,,,
NYC,hour,2024-02-05 06:00:00,2024-02-05,6,0,0,winter,2155,,,,
NYC,hour,2024-02-05 07:00:00,2024-02-05,7,0,0,winter,4722,,,,
NYC,hour,2024-02-05 08:00:00,2024-02-05,8,0,0,winter,7122,,,,
NYC,hour,2024-02-05 09:00:00,2024-02-05,9,0,0,winter,4674,,,,
NYC,hour,2024-02-05 10:00:00,2024-02-05,10,0,0,winter,3116,,,,
NYC,hour,2024-02-05 11:00:00,2024-02-05,11,0,0,winter,3022,,,,
NYC,hour,2024-02-05 12:00:00,2024-02-05,12,0,0,winter,3496,,,,
NYC,hour,2024-02-05 13:00:00,2024-02-05,13,0,0,winter,3832,,,,
NYC,hour,2024-02-05 14:00:00,2024-02-05,14,0,0,winter,4337,,,,
NYC,hour,2024-02-05 15:00:00,2024-02-05,15,0,0,winter,5037,,,,
NYC,hour,2024-02-05 16:00:00,2024-02-05,16,0,0,winter,6040,,,,
NYC,hour,2024-02-05 17:00:00,2024-02-05,17,0,0,winter,7933,,,,
NYC,hour,2024-02-05 18:00:00,2024-02-05,18,0,0,winter,6935,,,,
NYC,hour,2024-02-05 19:00:00,2024-02-05,19,0,0,winter,4667,,,,
NYC,hour,2024-02-05 20:00:00,2024-02-05,20,0,0,winter,3299,,,,
NYC,hour,2024-02-05 21:00:00,2024-02-05,21,0,0,winter,2237,,,,
NYC,hour,2024-02-05 22:00:00,2024-02-05,22,0,0,winter,1623,,,,
NYC,hour,2024-02-05 23:00:00,2024-02-05,23,0,0,winter,950,,,,
NYC,hour,2024-02-06 00:00:00,2024-02-06,0,1,0,winter,459,,,,
NYC,hour,2024-02-06 01:00:00,2024-02-06,1,1,0,winter,256,,,,
NYC,hour,2024-02-06 02:00:00,2024-02-06,2,1,0,winter,148,,,,
NYC,hour,2024-02-06 03:00:00,2024-02-06,3,1,0,winter,108,,,,
NYC,hour,2024-02-06 04:00:00,2024-02-06,4,1,0,winter,202,,,,
NYC,hour,2024-02-06 05:00:00,2024-02-06,5,1,0,winter,781,,,,
NYC,hour,2024-02-06 06:00:00,2024-02-06,6,1,0,winter,2346,,,,
NYC,hour,2024-02-06 07:00:00,2024-02-06,7,1,0,winter,5044,,,,
NYC,hour,2024-02-06 08:00:00,2024-02-06,8,1,0,winter,7845,,,,
NYC,hour,2024-02-06 09:00:00,2024-02-06,9,1,0,winter,5164,,,,
NYC,hour,2024-02-06 10:00:00,2024-02-06,10,1,0,winter,3306,,,,
NYC,hour,2024-02-06 11:00:00,2024-02-06,11,1,0,winter,3023,,,,
NYC,hour,2024-02-06 12:00:00,2024-02-06,12,1,0,winter,3522,,,,
NYC,hour,2024-02-06 13:00:00,2024-02-06,13,1,0,winter,3628,,,,
NYC,hour,2024-02-06 14:00:00,2024-02-06,14,1,0,winter,4383,,,,
NYC,hour,2024-02-06 15:00:00,2024-02-06,15,1,0,winter,5126,,,,
NYC,hour,2024-02-06 16:00:00,2024-02-06,16,1,0,winter,6242,,,,
NYC,hour,2024-02-06 17:00:00,2024-02-06,17,1,0,winter,8340,,,,
NYC,hour,2024-02-06 18:00:00,2024-02-06,18,1,0,winter,7542,,,,
NYC,hour,2024-02-06 19:00:00,2024-02-06,19,1,0,winter,5160,,,,
NYC,hour,2024-02-06 20:00:00,2024-02-06,20,1,0,winter,3570,,,,
NYC,hour,2024-02-06 21:00:00,2024-02-06,21,1,0,winter,2721,,,,
NYC,hour,2024-02-06 22:00:00,2024-02-06,22,1,0,winter,1985,,,,
NYC,hour,2024-02-06 23:00:00,2024-02-06,23,1,0,winter,1188,,,,
NYC,hour,2024-02-07 00:00:00,2024-02-07,0,2,0,winter,562,,,,
NYC,hour,2024-02-07 01:00:00,2024-02-07,1,2,0,winter,272,,,,
NYC,hour,2024-02-07 02:00:00,2024-02-07,2,2,0,winter,179,,,,
NYC,hour,2024-02-07 03:00:00,2024-02-07,3,2,0,winter,121,,,,
NYC,hour,2024-02-07 04:00:00,2024-02-07,4,2,0,winter,192,,,,
NYC,hour,2024-02-07 05:00:00,2024-02-07,5,2,0,winter,810,,,,
NYC,hour,2024-02-07 06:00:00,2024-02-07,6,2,0,winter,2343,,,,
NYC,hour,2024-02-07 07:00:00,2024-02-07,7,2,0,winter,5220,,,,
NYC,hour,2024-02-07 08:00:00,2024-02-07,8,2,0,winter,8336,,,,
NYC,hour,2024-02-07 09:00:00,2024-02-07,9,2,0,winter,5615,,,,
NYC,hour,2024-02-07 10:00:00,2024-02-07,10,2,0,winter,3532,,,,
NYC,hour,2024-02-07 11:00:00,2024-02-07,11,2,0,winter,3424,,,,
NYC,hour,2024-02-07 12:00:00,2024-02-07,12,2,0,winter,3885,,,,
NYC,hour,2024-02-07 13:00:00,2024-02-07,13,2,0,winter,4207,,,,
NYC,hour,2024-02-07 14:00:00,2024-02-07,14,2,0,winter,4941,,,,
NYC,hour,2024-02-07 15:00:00,2024-02-07,15,2,0,winter,5582,,,,
NYC,hour,2024-02-07 16:00:00,2024-02-07,16,2,0,winter,6614,,,,
NYC,hour,2024-02-07 17:00:00,2024-02-07,17,2,0,winter,9271,,,,
NYC,hour,2024-02-07 18:00:00,2024-02-07,18,2,0,winter,8136,,,,
NYC,hour,2024-02-07 19:00:00,2024-02-07,19,2,0,winter,5785,,,,
NYC,hour,2024-02-07 20:00:00,2024-02-07,20,2,0,winter,3929,,,,
NYC,hour,2024-02-07 21:00:00,2024-02-07,21,2,0,winter,3180,,,,
NYC,hour,2024-02-07 22:00:00,2024-02-07,22,2,0,winter,2217,,,,
NYC,hour,2024-02-07 23:00:00,2024-02-07,23,2,0,winter,1322,,,,
NYC,hour,2024-02-08 00:00:00,2024-02-08,0,3,0,winter,718,,,,
NYC,hour,2024-02-08 01:00:00,2024-02-08,1,3,0,winter,368,,,,
NYC,hour,2024-02-08 02:00:00,2024-02-08,2,3,0,winter,238,,,,
NYC,hour,2024-02-08 03:00:00,2024-02-08,3,3,0,winter,181,,,,
NYC,hour,2024-02-08 04:00:00,2024-02-08,4,3,0,winter,266,,,,
NYC,hour,2024-02-08 05:00:00,2024-02-08,5,3,0,winter,792,,,,
NYC,hour,2024-02-08 06:00:00,2024-02-08,6,3,0,winter,2338,,,,
NYC,hour,2024-02-08 07:00:00,2024-02-08,7,3,0,winter,5366,,,,
NYC,hour,2024-02-08 08:00:00,2024-02-08,8,3,0,winter,8513,,,,
NYC,hour,2024-02-08 09:00:00,2024-02-08,9,3,0,winter,5771,,,,
NYC,hour,2024-02-08 10:00:00,2024-02-08,10,3,0,winter,4037,,,,
NYC,hour,2024-02-08 11:00:00,2024-02-08,11,3,0,winter,3831,,,,
NYC,hour,2024-02-08 12:00:00,2024-02-08,12,3,0,winter,4500,,,,
NYC,hour,2024-02-08 13:00:00,2024-02-08,13,3,0,winter,4737,,,,
NYC,hour,2024-02-08 14:00:00,2024-02-08,14,3,0,winter,5400,,,,
NYC,hour,2024-02-08 15:00:00,2024-02-08,15,3,0,winter,6190,,,,
NYC,hour,2024-02-08 16:00:00,2024-02-08,16,3,0,winter,7149,,,,
NYC,hour,2024-02-08 17:00:00,2024-02-08,17,3,0,winter,9252,,,,
NYC,hour,2024-02-08 18:00:00,2024-02-08,18,3,0,winter,8272,,,,
NYC,hour,2024-02-08 19:00:00,2024-02-08,19,3,0,winter,5739,,,,
NYC,hour,2024-02-08 20:00:00,2024-02-08,20,3,0,winter,4023,,,,
NYC,hour,2024-02-08 21:00:00,2024-02-08,21,3,0,winter,3167,,,,
NYC,hour,2024-02-08 22:00:00,2024-02-08,22,3,0,winter,2513,,,,
NYC,hour,2024-02-08 23:00:00,2024-02-08,23,3,0,winter,1595,,,,
NYC,hour,2024-02-09 00:00:00,2024-02-09,0,4,0,winter,906,,,,
NYC,hour,2024-02-09 01:00:00,2024-02-09,1,4,0,winter,528,,,,
NYC,hour,2024-02-09 02:00:00,2024-02-09,2,4,0,winter,322,,,,
NYC,hour,2024-02-09 03:00:00,2024-02-09,3,4,0,winter,210,,,,
NYC,hour,2024-02-09 04:00:00,2024-02-09,4,4,0,winter,276,,,,
NYC,hour,2024-02-09 05:00:00,2024-02-09,5,4,0,winter,784,,,,
NYC,hour,2024-02-09 06:00:00,2024-02-09,6,4,0,winter,2189,,,,
NYC,hour,2024-02-09 07:00:00,2024-02-09,7,4,0,winter,4663,,,,
NYC,hour,2024-02-09 08:00:00,2024-02-09,8,4,0,winter,6778,,,,
NYC,hour,2024-02-09 09:00:00,2024-02-09,9,4,0,winter,5032,,,,
NYC,hour,2024-02-09 10:00:00,2024-02-09,10,4,0,winter,3956,,,,
NYC,hour,2024-02-09 11:00:00,2024-02-09,11,4,0,winter,4385,,,,
NYC,hour,2024-02-09 12:00:00,2024-02-09,12,4,0,winter,5152,,,,
NYC,hour,2024-02-09 13:00:00,2024-02-09,13,4,0,winter,5492,,,,
NYC,hour,2024-02-09 14:00:00,2024-02-09,14,4,0,winter,6520,,,,
NYC,hour,2024-02-09 15:00:00,2024-02-09,15,4,0,winter,7341,,,,
NYC,hour,2024-02-09 16:00:00,2024-02-09,16,4,0,winter,7795,,,,
NYC,hour,2024-02-09 17:00:00,2024-02-09,17,4,0,winter,8921,,,,
NYC,hour,2024-02-09 18:00:00,2024-02-09,18,4,0,winter,8179,,,,
NYC,hour,2024-02-09 19:00:00,2024-02-09,19,4,0,winter,5614,,,,
NYC,hour,2024-02-09 20:00:00,2024-02-09,20,4,0,winter,3971,,,,
NYC,hour,2024-02-09 21:00:00,2024-02-09,21,4,0,winter,3159,,,,
NYC,hour,2024-02-09 22:00:00,2024-02-09,22,4,0,winter,2723,,,,
NYC,hour,2024-02-09 23:00:00,2024-02-09,23,4,0,winter,2284,,,,
NYC,hour,2024-02-10 00:00:00,2024-02-10,0,5,1,winter,1643,,,,
NYC,hour,2024-02-10 01:00:00,2024-02-10,1,5,1,winter,1245,,,,
NYC,hour,2024-02-10 02:00:00,2024-02-10,2,5,1,winter,818,,,,
NYC,hour,2024-02-10 03:00:00,2024-02-10,3,5,1,winter,550,,,,
NYC,hour,2024-02-10 04:00:00,2024-02-10,4,5,1,winter,387,,,,
NYC,hour,2024-02-10 05:00:00,2024-02-10,5,5,1,winter,344,,,,
NYC,hour,2024-02-10 06:00:00,2024-02-10,6,5,1,winter,696,,,,
NYC,hour,2024-02-10 07:00:00,2024-02-10,7,5,1,winter,1453,,,,
NYC,hour,2024-02-10 08:00:00,2024-02-10,8,5,1,winter,2746,,,,
NYC,hour,2024-02-10 09:00:00,2024-02-10,9,5,1,winter,4184,,,,
NYC,hour,2024-02-10 10:00:00,2024-02-10,10,5,1,winter,5532,,,,
NYC,hour,2024-02-10 11:00:00,2024-02-10,11,5,1,winter,6507,,,,
NYC,hour,2024-02-10 12:00:00,2024-02-10,12,5,1,winter,7255,,,,
NYC,hour,2024-02-10 13:00:00,2024-02-10,13,5,1,winter,7642,,,,
NYC,hour,2024-02-10 14:00:00,2024-02-10,14,5,1,winter,7479,,,,
NYC,hour,2024-02-10 15:00:00,2024-02-10,15,5,1,winter,7834,,,,
NYC,hour,2024-02-10 16:00:00,2024-02-10,16,5,1,winter,7845,,,,
NYC,hour,2024-02-10 17:00:00,2024-02-10,17,5,1,winter,7180,,,,
NYC,hour,2024-02-10 18:00:00,2024-02-10,18,5,1,winter,5739,,,,
NYC,hour,2024-02-10 19:00:00,2024-02-10,19,5,1,winter,4927,,,,
NYC,hour,2024-02-10 20:00:00,2024-02-10,20,5,1,winter,3938,,,,
NYC,hour,2024-02-10 21:00:00,2024-02-10,21,5,1,winter,3153,,,,
NYC,hour,2024-02-10 22:00:00,2024-02-10,22,5,1,winter,2935,,,,
NYC,hour,2024-02-10 23:00:00,2024-02-10,23,5,1,winter,2581,,,,
NYC,hour,2024-02-11 00:00:00,2024-02-11,0,6,1,winter,2134,,,,
NYC,hour,2024-02-11 01:00:00,2024-02-11,1,6,1,winter,1427,,,,
NYC,hour,2024-02-11 02:00:00,2024-02-11,2,6,1,winter,891,,,,
NYC,hour,2024-02-11 03:00:00,2024-02-11,3,6,1,winter,581,,,,
NYC,hour,2024-02-11 04:00:00,2024-02-11,4,6,1,winter,413,,,,
NYC,hour,2024-02-11 05:00:00,2024-02-11,5,6,1,winter,271,,,,
NYC,hour,2024-02-11 06:00:00,2024-02-11,6,6,1,winter,540,,,,
NYC,hour,2024-02-11 07:00:00,2024-02-11,7,6,1,winter,1143,,,,
NYC,hour,2024-02-11 08:00:00,2024-02-11,8,6,1,winter,2003,,,,
NYC,hour,2024-02-11 09:00:00,2024-02-11,9,6,1,winter,3245,,,,
NYC,hour,2024-02-11 10:00:00,2024-02-11,10,6,1,winter,4358,,,,
NYC,hour,2024-02-11 11:00:00,2024-02-11,11,6,1,winter,5181,,,,
NYC,hour,2024-02-11 12:00:00,2024-02-11,12,6,1,winter,5634,,,,
NYC,hour,2024-02-11 13:00:00,2024-02-11,13,6,1,winter,5847,,,,
NYC,hour,2024-02-11 14:00:00,2024-02-11,14,6,1,winter,5874,,,,
NYC,hour,2024-02-11 15:00:00,2024-02-11,15,6,1,winter,6042,,,,
NYC,hour,2024-02-11 16:00:00,2024-02-11,16,6,1,winter,6161,,,,
NYC,hour,2024-02-11 17:00:00,2024-02-11,17,6,1,winter,6987,,,,
NYC,hour,2024-02-11 18:00:00,2024-02-11,18,6,1,winter,5330,,,,
NYC,hour,2024-02-11 19:00:00,2024-02-11,19,6,1,winter,2548,,,,
NYC,hour,2024-02-11 20:00:00,2024-02-11,20,6,1,winter,1970,,,,
NYC,hour,2024-02-11 21:00:00,2024-02-11,21,6,1,winter,1730,,,,
NYC,hour,2024-02-11 22:00:00,2024-02-11,22,6,1,winter,2126,,,,
NYC,hour,2024-02-11 23:00:00,2024-02-11,23,6,1,winter,4585,,,,
NYC,hour,2024-02-12 00:00:00,2024-02-12,0,0,0,winter,880,,,,
NYC,hour,2024-02-12 01:00:00,2024-02-12,1,0,0,winter,390,,,,
NYC,hour,2024-02-12 02:00:00,2024-02-12,2,0,0,winter,217,,,,
NYC,hour,2024-02-12 03:00:00,2024-02-12,3,0,0,winter,126,,,,
NYC,hour,2024-02-12 04:00:00,2024-02-12,4,0,0,winter,218,,,,
NYC,hour,2024-02-12 05:00:00,2024-02-12,5,0,0,winter,711,,,,
NYC,hour,2024-02-12 06:00:00,2024-02-12,6,0,0,winter,1975,,,,
NYC,hour,2024-02-12 07:00:00,2024-02-12,7,0,0,winter,4521,,,,
NYC,hour,2024-02-12 08:00:00,2024-02-12,8,0,0,winter,7351,,,,
NYC,hour,2024-02-12 09:00:00,2024-02-12,9,0,0,winter,4906,,,,
NYC,hour,2024-02-12 10:00:00,2024-02-12,10,0,0,winter,3333,,,,
NYC,hour,2024-02-12 11:00:00,2024-02-12,11,0,0,winter,3271,,,,
NYC,hour,2024-02-12 12:00:00,2024-02-12,12,0,0,winter,3745,,,,
NYC,hour,2024-02-12 13:00:00,2024-02-12,13,0,0,winter,4290,,,,
NYC,hour,2024-02-12 14:00:00,2024-02-12,14,0,0,winter,4757,,,,
NYC,hour,2024-02-12 15:00:00,2024-02-12,15,0,0,winter,5445,,,,
NYC,hour,2024-02-12 16:00:00,2024-02-12,16,0,0,winter,6360,,,,
NYC,hour,2024-02-12 17:00:00,2024-02-12,17,0,0,winter,8572,,,,
NYC,hour,2024-02-12 18:00:00,2024-02-12,18,0,0,winter,7632,,,,
NYC,hour,2024-02-12 19:00:00,2024-02-12,19,0,0,winter,5435,,,,
NYC,hour,2024-02-12 20:00:00,2024-02-12,20,0,0,winter,3832,,,,
NYC,hour,2024-02-12 21:00:00,2024-02-12,21,0,0,winter,2773,,,,
NYC,hour,2024-02-12 22:00:00,2024-02-12,22,0,0,winter,1954,,,,
NYC,hour,2024-02-12 23:00:00,2024-02-12,23,0,0,winter,1088,,,,
NYC,hour,2024-02-13 00:00:00,2024-02-13,0,1,0,winter,604,,,,
NYC,hour,2024-02-13 01:00:00,2024-02-13,1,1,0,winter,229,,,,
NYC,hour,2024-02-13 02:00:00,2024-02-13,2,1,0,winter,95,,,,
NYC,hour,2024-02-13 03:00:00,2024-02-13,3,1,0,winter,50,,,,
NYC,hour,2024-02-13 04:00:00,2024-02-13,4,1,0,winter,75,,,,
NYC,hour,2024-02-13 05:00:00,2024-02-13,5,1,0,winter,265,,,,
NYC,hour,2024-02-13 06:00:00,2024-02-13,6,1,0,winter,639,,,,
NYC,hour,2024-02-13 07:00:00,2024-02-13,7,1,0,winter,721,,,,
NYC,hour,2024-02-13 08:00:00,2024-02-13,8,1,0,winter,762,,,,
NYC,hour,2024-02-13 09:00:00,2024-02-13,9,1,0,winter,582,,,,
NYC,hour,2024-02-13 10:00:00,2024-02-13,10,1,0,winter,463,,,,
NYC,hour,2024-02-13 11:00:00,2024-02-13,11,1,0,winter,492,,,,
NYC,hour,2024-02-13 12:00:00,2024-02-13,12,1,0,winter,678,,,,
NYC,hour,2024-02-13 13:00:00,2024-02-13,13,1,0,winter,1242,,,,
NYC,hour,2024-02-13 14:00:00,2024-02-13,14,1,0,winter,1691,,,,
NYC,hour,2024-02-13 15:00:00,2024-02-13,15,1,0,winter,2345,,,,
NYC,hour,2024-02-13 16:00:00,2024-02-13,16,1,0,winter,2966,,,,
NYC,hour,2024-02-13 17:00:00,2024-02-13,17,1,0,winter,4325,,,,
NYC,hour,2024-02-13 18:00:00,2024-02-13,18,1,0,winter,4103,,,,
NYC,hour,2024-02-13 19:00:00,2024-02-13,19,1,0,winter,3173,,,,
NYC,hour,2024-02-13 20:00:00,2024-02-13,20,1,0,winter,2325,,,,
NYC,hour,2024-02-13 21:00:00,2024-02-13,21,1,0,winter,1781,,,,
NYC,hour,2024-02-13 22:00:00,2024-02-13,22,1,0,winter,1510,,,,
NYC,hour,2024-02-13 23:00:00,2024-02-13,23,1,0,winter,911,,,,
NYC,hour,2024-02-14 00:00:00,2024-02-14,0,2,0,winter,534,,,,
NYC,hour,2024-02-14 01:00:00,2024-02-14,1,2,0,winter,262,,,,
NYC,hour,2024-02-14 02:00:00,2024-02-14,2,2,0,winter,154,,,,
NYC,hour,2024-02-14 03:00:00,2024-02-14,3,2,0,winter,130,,,,
NYC,hour,2024-02-14 04:00:00,2024-02-14,4,2,0,winter,164,,,,
NYC,hour,2024-02-14 05:00:00,2024-02-14,5,2,0,winter,676,,,,
NYC,hour,2024-02-14 06:00:00,2024-02-14,6,2,0,winter,1953,,,,
NYC,hour,2024-02-14 07:00:00,2024-02-14,7,2,0,winter,4451,,,,
NYC,hour,2024-02-14 08:00:00,2024-02-14,8,2,0,winter,6725,,,,
NYC,hour,2024-02-14 09:00:00,2024-02-14,9,2,0,winter,4673,,,,
NYC,hour,2024-02-14 10:00:00,2024-02-14,10,2,0,winter,3001,,,,
NYC,hour,2024-02-14 11:00:00,2024-02-14,11,2,0,winter,2837,,,,
NYC,hour,2024-02-14 12:00:00,2024-02-14,12,2,0,winter,3246,,,,
NYC,hour,2024-02-14 13:00:00,2024-02-14,13,2,0,winter,3418,,,,
NYC,hour,2024-02-14 14:00:00,2024-02-14,14,2,0,winter,4049,,,,
NYC,hour,2024-02-14 15:00:00,2024-02-14,15,2,0,winter,4525,,,,
NYC,hour,2024-02-14 16:00:00,2024-02-14,16,2,0,winter,5591,,,,
NYC,hour,2024-02-14 17:00:00,2024-02-14,17,2,0,winter,7601,,,,
NYC,hour,2024-02-14 18:00:00,2024-02-14,18,2,0,winter,6455,,,,
NYC,hour,2024-02-14 19:00:00,2024-02-14,19,2,0,winter,3920,,,,
NYC,hour,2024-02-14 20:00:00,2024-02-14,20,2,0,winter,2521,,,,
NYC,hour,2024-02-14 21:00:00,2024-02-14,21,2,0,winter,1762,,,,
NYC,hour,2024-02-14 22:00:00,2024-02-14,22,2,0,winter,1303,,,,
NYC,hour,2024-02-14 23:00:00,2024-02-14,23,2,0,winter,963,,,,
NYC,hour,2024-02-15 00:00:00,2024-02-15,0,3,0,winter,530,,,,
NYC,hour,2024-02-15 01:00:00,2024-02-15,1,3,0,winter,291,,,,
NYC,hour,2024-02-15 02:00:00,2024-02-15,2,3,0,winter,154,,,,
NYC,hour,2024-02-15 03:00:00,2024-02-15,3,3,0,winter,97,,,,
NYC,hour,2024-02-15 04:00:00,2024-02-15,4,3,0,winter,179,,,,
NYC,hour,2024-02-15 05:00:00,2024-02-15,5,3,0,winter,667,,,,
NYC,hour,2024-02-15 06:00:00,2024-02-15,6,3,0,winter,1973,,,,
NYC,hour,2024-02-15 07:00:00,2024-02-15,7,3,0,winter,4451,,,,
NYC,hour,2024-02-15 08:00:00,2024-02-15,8,3,0,winter,7063,,,,
NYC,hour,2024-02-15 09:00:00,2024-02-15,9,3,0,winter,4825,,,,
NYC,hour,2024-02-15 10:00:00,2024-02-15,10,3,0,winter,3222,,,,
NYC,hour,2024-02-15 11:00:00,2024-02-15,11,3,0,winter,3002,,,,
NYC,hour,2024-02-15 12:00:00,2024-02-15,12,3,0,winter,3386,,,,
NYC,hour,2024-02-15 13:00:00,2024-02-15,13,3,0,winter,3493,,,,
NYC,hour,2024-02-15 14:00:00,2024-02-15,14,3,0,winter,4072,,,,
NYC,hour,2024-02-15 15:00:00,2024-02-15,15,3,0,winter,4950,,,,
NYC,hour,2024-02-15 16:00:00,2024-02-15,16,3,0,winter,5350,,,,
NYC,hour,2024-02-15 17:00:00,2024-02-15,17,3,0,winter,7377,,,,
NYC,hour,2024-02-15 18:00:00,2024-02-15,18,3,0,winter,6664,,,,
NYC,hour,2024-02-15 19:00:00,2024-02-15,19,3,0,winter,4668,,,,
NYC,hour,2024-02-15 20:00:00,2024-02-15,20,3,0,winter,3326,,,,
NYC,hour,2024-02-15 21:00:00,2024-02-15,21,3,0,winter,2478,,,,
NYC,hour,2024-02-15 22:00:00,2024-02-15,22,3,0,winter,1903,,,,
NYC,hour,2024-02-15 23:00:00,2024-02-15,23,3,0,winter,1368,,,,
NYC,hour,2024-02-16 00:00:00,2024-02-16,0,4,0,winter,713,,,,
NYC,hour,2024-02-16 01:00:00,2024-02-16,1,4,0,winter,372,,,,
NYC,hour,2024-02-16 02:00:00,2024-02-16,2,4,0,winter,279,,,,
NYC,hour,2024-02-16 03:00:00,2024-02-16,3,4,0,winter,203,,,,
NYC,hour,2024-02-16 04:00:00,2024-02-16,4,4,0,winter,184,,,,
NYC,hour,2024-02-16 05:00:00,2024-02-16,5,4,0,winter,628,,,,
NYC,hour,2024-02-16 06:00:00,2024-02-16,6,4,0,winter,1693,,,,
NYC,hour,2024-02-16 07:00:00,2024-02-16,7,4,0,winter,3885,,,,
NYC,hour,2024-02-16 08:00:00,2024-02-16,8,4,0,winter,5506,,,,
NYC,hour,2024-02-16 09:00:00,2024-02-16,9,4,0,winter,4205,,,,
NYC,hour,2024-02-16 10:00:00,2024-02-16,10,4,0,winter,3145,,,,
NYC,hour,2024-02-16 11:00:00,2024-02-16,11,4,0,winter,3319,,,,
NYC,hour,2024-02-16 12:00:00,2024-02-16,12,4,0,winter,3993,,,,
NYC,hour,2024-02-16 13:00:00,2024-02-16,13,4,0,winter,4294,,,,
NYC,hour,2024-02-16 14:00:00,2024-02-16,14,4,0,winter,5017,,,,
NYC,hour,2024-02-16 15:00:00,2024-02-16,15,4,0,winter,5617,,,,
NYC,hour,2024-02-16 16:00:00,2024-02-16,16,4,0,winter,5964,,,,
NYC,hour,2024-02-16 17:00:00,2024-02-16,17,4,0,winter,6924,,,,
NYC,hour,2024-02-16 18:00:00,2024-02-16,18,4,0,winter,5826,,,,
NYC,hour,2024-02-16 19:00:00,2024-02-16,19,4,0,winter,4557,,,,
NYC,hour,2024-02-16 20:00:00,2024-02-16,20,4,0,winter,3175,,,,
NYC,hour,2024-02-16 21:00:00,2024-02-16,21,4,0,winter,2434,,,,
NYC,hour,2024-02-16 22:00:00,2024-02-16,22,4,0,winter,2004,,,,
NYC,hour,2024-02-16 23:00:00,2024-02-16,23,4,0,winter,1588,,,,
NYC,hour,2024-02-17 00:00:00,2024-02-17,0,5,1,winter,1085,,,,
NYC,hour,2024-02-17 01:00:00,2024-02-17,1,5,1,winter,482,,,,
NYC,hour,2024-02-17 02:00:00,2024-02-17,2,5,1,winter,242,,,,
NYC,hour,2024-02-17 03:00:00,2024-02-17,3,5,1,winter,127,,,,
NYC,hour,2024-02-17 04:00:00,2024-02-17,4,5,1,winter,96,,,,
NYC,hour,2024-02-17 05:00:00,2024-02-17,5,5,1,winter,102,,,,
NYC,hour,2024-02-17 06:00:00,2024-02-17,6,5,1,winter,251,,,,
NYC,hour,2024-02-17 07:00:00,2024-02-17,7,5,1,winter,452,,,,
NYC,hour,2024-02-17 08:00:00,2024-02-17,8,5,1,winter,728,,,,
NYC,hour,2024-02-17 09:00:00,2024-02-17,9,5,1,winter,1263,,,,
NYC,hour,2024-02-17 10:00:00,2024-02-17,10,5,1,winter,1756,,,,
NYC,hour,2024-02-17 11:00:00,2024-02-17,11,5,1,winter,2288,,,,
NYC,hour,2024-02-17 12:00:00,2024-02-17,12,5,1,winter,2605,,,,
NYC,hour,2024-02-17 13:00:00,2024-02-17,13,5,1,winter,2859,,,,
NYC,hour,2024-02-17 14:00:00,2024-02-17,14,5,1,winter,2910,,,,
NYC,hour,2024-02-17 15:00:00,2024-02-17,15,5,1,winter,3377,,,,
NYC,hour,2024-02-17 16:00:00,2024-02-17,16,5,1,winter,3370,,,,
NYC,hour,2024-02-17 17:00:00,2024-02-17,17,5,1,winter,3262,,,,
NYC,hour,2024-02-17 18:00:00,2024-02-17,18,5,1,winter,2835,,,,
NYC,hour,2024-02-17 19:00:00,2024-02-17,19,5,1,winter,2420,,,,
NYC,hour,2024-02-17 20:00:00,2024-02-17,20,5,1,winter,1722,,,,
NYC,hour,2024-02-17 21:00:00,2024-02-17,21,5,1,winter,1554,,,,
NYC,hour,2024-02-17 22:00:00,2024-02-17,22,5,1,winter,1252,,,,
NYC,hour,2024-02-17 23:00:00,2024-02-17,23,5,1,winter,1082,,,,
NYC,hour,2024-02-18 00:00:00,2024-02-18,0,6,1,winter,845,,,,
NYC,hour,2024-02-18 01:00:00,2024-02-18,1,6,1,winter,626,,,,
NYC,hour,2024-02-18 02:00:00,2024-02-18,2,6,1,winter,347,,,,
NYC,hour,2024-02-18 03:00:00,2024-02-18,3,6,1,winter,278,,,,
NYC,hour,2024-02-18 04:00:00,2024-02-18,4,6,1,winter,187,,,,
NYC,hour,2024-02-18 05:00:00,2024-02-18,5,6,1,winter,171,,,,
NYC,hour,2024-02-18 06:00:00,2024-02-18,6,6,1,winter,297,,,,
NYC,hour,2024-02-18 07:00:00,2024-02-18,7,6,1,winter,671,,,,
NYC,hour,2024-02-18 08:00:00,2024-02-18,8,6,1,winter,1158,,,,
NYC,hour,2024-02-18 09:00:00,2024-02-18,9,6,1,winter,1892,,,,
NYC,hour,2024-02-18 10:00:00,2024-02-18,10,6,1,winter,2567,,,,
NYC,hour,2024-02-18 11:00:00,2024-02-18,11,6,1,winter,3117,,,,
NYC,hour,2024-02-18 12:00:00,2024-02-18,12,6,1,winter,3431,,,,
NYC,hour,2024-02-18 13:00:00,2024-02-18,13,6,1,winter,3615,,,,
NYC,hour,2024-02-18 14:00:00,2024-02-18,14,6,1,winter,3893,,,,
NYC,hour,2024-02-18 15:00:00,2024-02-18,15,6,1,winter,4058,,,,
NYC,hour,2024-02-18 16:00:00,2024-02-18,16,6,1,winter,3922,,,,
NYC,hour,2024-02-18 17:00:00,2024-02-18,17,6,1,winter,3846,,,,
NYC,hour,2024-02-18 18:00:00,2024-02-18,18,6,1,winter,3157,,,,
NYC,hour,2024-02-18 19:00:00,2024-02-18,19,6,1,winter,2538,,,,
NYC,hour,2024-02-18 20:00:00,2024-02-18,20,6,1,winter,1959,,,,
NYC,hour,2024-02-18 21:00:00,2024-02-18,21,6,1,winter,1584,,,,
NYC,hour,2024-02-18 22:00:00,2024-02-18,22,6,1,winter,1246,,,,
NYC,hour,2024-02-18 23:00:00,2024-02-18,23,6,1,winter,1026,,,,
NYC,hour,2024-02-19 00:00:00,2024-02-19,0,0,0,winter,669,,,,
NYC,hour,2024-02-19 01:00:00,2024-02-19,1,0,0,winter,401,,,,
NYC,hour,2024-02-19 02:00:00,2024-02-19,2,0,0,winter,223,,,,
NYC,hour,2024-02-19 03:00:00,2024-02-19,3,0,0,winter,189,,,,
NYC,hour,2024-02-19 04:00:00,2024-02-19,4,0,0,winter,165,,,,
NYC,hour,2024-02-19 05:00:00,2024-02-19,5,0,0,winter,333,,,,
NYC,hour,2024-02-19 06:00:00,2024-02-19,6,0,0,winter,791,,,,
NYC,hour,2024-02-19 07:00:00,2024-02-19,7,0,0,winter,1377,,,,
NYC,hour,2024-02-19 08:00:00,2024-02-19,8,0,0,winter,2418,,,,
NYC,hour,2024-02-19 09:00:00,2024-02-19,9,0,0,winter,2835,,,,
NYC,hour,2024-02-19 10:00:00,2024-02-19,10,0,0,winter,3030,,,,
NYC,hour,2024-02-19 11:00:00,2024-02-19,11,0,0,winter,3623,,,,
NYC,hour,2024-02-19 12:00:00,2024-02-19,12,0,0,winter,4110,,,,
NYC,hour,2024-02-19 13:00:00,2024-02-19,13,0,0,winter,4476,,,,
NYC,hour,2024-02-19 14:00:00,2024-02-19,14,0,0,winter,4561,,,,
NYC,hour,2024-02-19 15:00:00,2024-02-19,15,0,0,winter,4802,,,,
NYC,hour,2024-02-19 16:00:00,2024-02-19,16,0,0,winter,4921,,,,
NYC,hour,2024-02-19 17:00:00,2024-02-19,17,0,0,winter,5086,,,,
NYC,hour,2024-02-19 18:00:00,2024-02-19,18,0,0,winter,4659,,,,
NYC,hour,2024-02-19 19:00:00,2024-02-19,19,0,0,winter,3351,,,,
NYC,hour,2024-02-19 20:00:00,2024-02-19,20,0,0,winter,2476,,,,
NYC,hour,2024-02-19 21:00:00,2024-02-19,21,0,0,winter,1824,,,,
NYC,hour,2024-02-19 22:00:00,2024-02-19,22,0,0,winter,1295,,,,
NYC,hour,2024-02-19 23:00:00,2024-02-19,23,0,0,winter,871,,,,
NYC,hour,2024-02-20 00:00:00,2024-02-20,0,1,0,winter,486,,,,
NYC,hour,2024-02-20 01:00:00,2024-02-20,1,1,0,winter,265,,,,
NYC,hour,2024-02-20 02:00:00,2024-02-20,2,1,0,winter,158,,,,
NYC,hour,2024-02-20 03:00:00,2024-02-20,3,1,0,winter,98,,,,
NYC,hour,2024-02-20 04:00:00,2024-02-20,4,1,0,winter,176,,,,
NYC,hour,2024-02-20 05:00:00,2024-02-20,5,1,0,winter,710,,,,
NYC,hour,2024-02-20 06:00:00,2024-02-20,6,1,0,winter,1881,,,,
NYC,hour,2024-02-20 07:00:00,2024-02-20,7,1,0,winter,3455,,,,
NYC,hour,2024-02-20 08:00:00,2024-02-20,8,1,0,winter,5916,,,,
NYC,hour,2024-02-20 09:00:00,2024-02-20,9,1,0,winter,4383,,,,
NYC,hour,2024-02-20 10:00:00,2024-02-20,10,1,0,winter,2938,,,,
NYC,hour,2024-02-20 11:00:00,2024-02-20,11,1,0,winter,2807,,,,
NYC,hour,2024-02-20 12:00:00,2024-02-20,12,1,0,winter,3131,,,,
NYC,hour,2024-02-20 13:00:00,2024-02-20,13,1,0,winter,3409,,,,
NYC,hour,2024-02-20 14:00:00,2024-02-20,14,1,0,winter,3604,,,,
NYC,hour,2024-02-20 15:00:00,2024-02-20,15,1,0,winter,4204,,,,
NYC,hour,2024-02-20 16:00:00,2024-02-20,16,1,0,winter,4950,,,,
NYC,hour,2024-02-20 17:00:00,2024-02-20,17,1,0,winter,6943,,,,
NYC,hour,2024-02-20 18:00:00,2024-02-20,18,1,0,winter,6345,,,,
NYC,hour,2024-02-20 19:00:00,2024-02-20,19,1,0,winter,4469,,,,
NYC,hour,2024-02-20 20:00:00,2024-02-20,20,1,0,winter,3144,,,,
NYC,hour,2024-02-20 21:00:00,2024-02-20,21,1,0,winter,2331,,,,
NYC,hour,2024-02-20 22:00:00,2024-02-20,22,1,0,winter,1688,,,,
NYC,hour,2024-02-20 23:00:00,2024-02-20,23,1,0,winter,990,,,,
NYC,hour,2024-02-21 00:00:00,2024-02-21,0,2,0,winter,576,,,,
NYC,hour,2024-02-21 01:00:00,2024-02-21,1,2,0,winter,258,,,,
NYC,hour,2024-02-21 02:00:00,2024-02-21,2,2,0,winter,151,,,,
NYC,hour,2024-02-21 03:00:00,2024-02-21,3,2,0,winter,105,,,,
NYC,hour,2024-02-21 04:00:00,2024-02-21,4,2,0,winter,190,,,,
NYC,hour,2024-02-21 05:00:00,2024-02-21,5,2,0,winter,775,,,,
NYC,hour,2024-02-21 06:00:00,2024-02-21,6,2,0,winter,2095,,,,
NYC,hour,2024-02-21 07:00:00,2024-02-21,7,2,0,winter,3984,,,,
NYC,hour,2024-02-21 08:00:00,2024-02-21,8,2,0,winter,6426,,,,
NYC,hour,2024-02-21 09:00:00,2024-02-21,9,2,0,winter,5012,,,,
NYC,hour,2024-02-21 10:00:00,2024-02-21,10,2,0,winter,3260,,,,
NYC,hour,2024-02-21 11:00:00,2024-02-21,11,2,0,winter,3015,,,,
NYC,hour,2024-02-21 12:00:00,2024-02-21,12,2,0,winter,3399,,,,
NYC,hour,2024-02-21 13:00:00,2024-02-21,13,2,0,winter,3518,,,,
NYC,hour,2024-02-21 14:00:00,2024-02-21,14,2,0,winter,3822,,,,
NYC,hour,2024-02-21 15:00:00,2024-02-21,15,2,0,winter,4362,,,,
NYC,hour,2024-02-21 16:00:00,2024-02-21,16,2,0,winter,5408,,,,
NYC,hour,2024-02-21 17:00:00,2024-02-21,17,2,0,winter,7322,,,,
NYC,hour,2024-02-21 18:00:00,2024-02-21,18,2,0,winter,6896,,,,
NYC,hour,2024-02-21 19:00:00,2024-02-21,19,2,0,winter,4762,,,,
NYC,hour,2024-02-21 20:00:00,2024-02-21,20,2,0,winter,3455,,,,
NYC,hour,2024-02-21 21:00:00,2024-02-21,21,2,0,winter,2533,,,,
NYC,hour,2024-02-21 22:00:00,2024-02-21,22,2,0,winter,1917,,,,
NYC,hour,2024-02-21 23:00:00,2024-02-21,23,2,0,winter,1150,,,,
NYC,hour,2024-02-22 00:00:00,2024-02-22,0,3,0,winter,623,,,,
NYC,hour,2024-02-22 01:00:00,2024-02-22,1,3,0,winter,369,,,,
NYC,hour,2024-02-22 02:00:00,2024-02-22,2,3,0,winter,197,,,,
NYC,hour,2024-02-22 03:00:00,2024-02-22,3,3,0,winter,149,,,,
NYC,hour,2024-02-22 04:00:00,2024-02-22,4,3,0,winter,203,,,,
NYC,hour,2024-02-22 05:00:00,2024-02-22,5,3,0,winter,720,,,,
NYC,hour,2024-02-22 06:00:00,2024-02-22,6,3,0,winter,2122,,,,
NYC,hour,2024-02-22 07:00:00,2024-02-22,7,3,0,winter,3922,,,,
NYC,hour,2024-02-22 08:00:00,2024-02-22,8,3,0,winter,6472,,,,
NYC,hour,2024-02-22 09:00:00,2024-02-22,9,3,0,winter,4877,,,,
NYC,hour,2024-02-22 10:00:00,2024-02-22,10,3,0,winter,3285,,,,
NYC,hour,2024-02-22 11:00:00,2024-02-22,11,3,0,winter,3144,,,,
NYC,hour,2024-02-22 12:00:00,2024-02-22,12,3,0,winter,3763,,,,
NYC,hour,2024-02-22 13:00:00,2024-02-22,13,3,0,winter,3825,,,,
NYC,hour,2024-02-22 14:00:00,2024-02-22,14,3,0,winter,4222,,,,
NYC,hour,2024-02-22 15:00:00,2024-02-22,15,3,0,winter,4631,,,,
NYC,hour,2024-02-22 16:00:00,2024-02-22,16,3,0,winter,4753,,,,
NYC,hour,2024-02-22 17:00:00,2024-02-22,17,3,0,winter,5896,,,,
NYC,hour,2024-02-22 18:00:00,2024-02-22,18,3,0,winter,6323,,,,
NYC,hour,2024-02-22 19:00:00,2024-02-22,19,3,0,winter,4038,,,,
NYC,hour,2024-02-22 20:00:00,2024-02-22,20,3,0,winter,2686,,,,
NYC,hour,2024-02-22 21:00:00,2024-02-22,21,3,0,winter,2366,,,,
NYC,hour,2024-02-22 22:00:00,2024-02-22,22,3,0,winter,1710,,,,
NYC,hour,2024-02-22 23:00:00,2024-02-22,23,3,0,winter,947,,,,
NYC,hour,2024-02-23 00:00:00,2024-02-23,0,4,0,winter,523,,,,
NYC,hour,2024-02-23 01:00:00,2024-02-23,1,4,0,winter,337,,,,
NYC,hour,2024-02-23 02:00:00,2024-02-23,2,4,0,winter,213,,,,
NYC,hour,2024-02-23 03:00:00,2024-02-23,3,4,0,winter,174,,,,
NYC,hour,2024-02-23 04:00:00,2024-02-23,4,4,0,winter,193,,,,
NYC,hour,2024-02-23 05:00:00,2024-02-23,5,4,0,winter,616,,,,
NYC,hour,2024-02-23 06:00:00,2024-02-23,6,4,0,winter,1755,,,,
NYC,hour,2024-02-23 07:00:00,2024-02-23,7,4,0,winter,3309,,,,
NYC,hour,2024-02-23 08:00:00,2024-02-23,8,4,0,winter,5109,,,,
NYC,hour,2024-02-23 09:00:00,2024-02-23,9,4,0,winter,4317,,,,
NYC,hour,2024-02-23 10:00:00,2024-02-23,10,4,0,winter,3366,,,,
NYC,hour,2024-02-23 11:00:00,2024-02-23,11,4,0,winter,3340,,,,
NYC,hour,2024-02-23 12:00:00,2024-02-23,12,4,0,winter,3506,,,,
NYC,hour,2024-02-23 13:00:00,2024-02-23,13,4,0,winter,3882,,,,
NYC,hour,2024-02-23 14:00:00,2024-02-23,14,4,0,winter,4417,,,,
NYC,hour,2024-02-23 15:00:00,2024-02-23,15,4,0,winter,5140,,,,
NYC,hour,2024-02-23 16:00:00,2024-02-23,16,4,0,winter,6026,,,,
NYC,hour,2024-02-23 17:00:00,2024-02-23,17,4,0,winter,7322,,,,
NYC,hour,2024-02-23 18:00:00,2024-02-23,18,4,0,winter,6675,,,,
NYC,hour,2024-02-23 19:00:00,2024-02-23,19,4,0,winter,5081,,,,
NYC,hour,2024-02-23 20:00:00,2024-02-23,20,4,0,winter,3698,,,,
NYC,hour,2024-02-23 21:00:00,2024-02-23,21,4,0,winter,2788,,,,
NYC,hour,2024-02-23 22:00:00,2024-02-23,22,4,0,winter,2397,,,,
NYC,hour,2024-02-23 23:00:00,2024-02-23,23,4,0,winter,2080,,,,
NYC,hour,2024-02-24 00:00:00,2024-02-24,0,5,1,winter,1542,,,,
NYC,hour,2024-02-24 01:00:00,2024-02-24,1,5,1,winter,1145,,,,
NYC,hour,2024-02-24 02:00:00,2024-02-24,2,5,1,winter,783,,,,
NYC,hour,2024-02-24 03:00:00,2024-02-24,3,5,1,winter,480,,,,
NYC,hour,2024-02-24 04:00:00,2024-02-24,4,5,1,winter,330,,,,
NYC,hour,2024-02-24 05:00:00,2024-02-24,5,5,1,winter,287,,,,
NYC,hour,2024-02-24 06:00:00,2024-02-24,6,5,1,winter,667,,,,
NYC,hour,2024-02-24 07:00:00,2024-02-24,7,5,1,winter,1322,,,,
NYC,hour,2024-02-24 08:00:00,2024-02-24,8,5,1,winter,2315,,,,
NYC,hour,2024-02-24 09:00:00,2024-02-24,9,5,1,winter,3459,,,,
NYC,hour,2024-02-24 10:00:00,2024-02-24,10,5,1,winter,4236,,,,
NYC,hour,2024-02-24 11:00:00,2024-02-24,11,5,1,winter,5143,,,,
NYC,hour,2024-02-24 12:00:00,2024-02-24,12,5,1,winter,5686,,,,
NYC,hour,2024-02-24 13:00:00,2024-02-24,13,5,1,winter,6116,,,,
NYC,hour,2024-02-24 14:00:00,2024-02-24,14,5,1,winter,6198,,,,
NYC,hour,2024-02-24 15:00:00,2024-02-24,15,5,1,winter,6144,,,,
NYC,hour,2024-02-24 16:00:00,2024-02-24,16,5,1,winter,5758,,,,
NYC,hour,2024-02-24 17:00:00,2024-02-24,17,5,1,winter,5231,,,,
NYC,hour,2024-02-24 18:00:00,2024-02-24,18,5,1,winter,4313,,,,
NYC,hour,2024-02-24 19:00:00,2024-02-24,19,5,1,winter,3496,,,,
NYC,hour,2024-02-24 20:00:00,2024-02-24,20,5,1,winter,2576,,,,
NYC,hour,2024-02-24 21:00:00,2024-02-24,21,5,1,winter,1902,,,,
NYC,hour,2024-02-24 22:00:00,2024-02-24,22,5,1,winter,1594,,,,
NYC,hour,2024-02-24 23:00:00,2024-02-24,23,5,1,winter,1476,,,,
NYC,hour,2024-02-25 00:00:00,2024-02-25,0,6,1,winter,1070,,,,
NYC,hour,2024-02-25 01:00:00,2024-02-25,1,6,1,winter,655,,,,
NYC,hour,2024-02-25 02:00:00,2024-02-25,2,6,1,winter,504,,,,
NYC,hour,2024-02-25 03:00:00,2024-02-25,3,6,1,winter,329,,,,
NYC,hour,2024-02-25 04:00:00,2024-02-25,4,6,1,winter,223,,,,
NYC,hour,2024-02-25 05:00:00,2024-02-25,5,6,1,winter,198,,,,
NYC,hour,2024-02-25 06:00:00,2024-02-25,6,6,1,winter,412,,,,
NYC,hour,2024-02-25 07:00:00,2024-02-25,7,6,1,winter,892,,,,
NYC,hour,2024-02-25 08:00:00,2024-02-25,8,6,1,winter,1492,,,,
NYC,hour,2024-02-25 09:00:00,2024-02-25,9,6,1,winter,2539,,,,
NYC,hour,2024-02-25 10:00:00,2024-02-25,10,6,1,winter,3437,,,,
NYC,hour,2024-02-25 11:00:00,2024-02-25,11,6,1,winter,3939,,,,
NYC,hour,2024-02-25 12:00:00,2024-02-25,12,6,1,winter,4600,,,,
NYC,hour,2024-02-25 13:00:00,2024-02-25,13,6,1,winter,4954,,,,
NYC,hour,2024-02-25 14:00:00,2024-02-25,14,6,1,winter,5191,,,,
NYC,hour,2024-02-25 15:00:00,2024-02-25,15,6,1,winter,5217,,,,
NYC,hour,2024-02-25 16:00:00,2024-02-25,16,6,1,winter,4911,,,,
NYC,hour,2024-02-25 17:00:00,2024-02-25,17,6,1,winter,4605,,,,
NYC,hour,2024-02-25 18:00:00,2024-02-25,18,6,1,winter,3628,,,,
NYC,hour,2024-02-25 19:00:00,2024-02-25,19,6,1,winter,2784,,,,
NYC,hour,2024-02-25 20:00:00,2024-02-25,20,6,1,winter,2064,,,,
NYC,hour,2024-02-25 21:00:00,2024-02-25,21,6,1,winter,1589,,,,
NYC,hour,2024-02-25 22:00:00,2024-02-25,22,6,1,winter,1219,,,,
NYC,hour,2024-02-25 23:00:00,2024-02-25,23,6,1,winter,763,,,,
NYC,hour,2024-02-26 00:00:00,2024-02-26,0,0,0,winter,462,,,,
NYC,hour,2024-02-26 01:00:00,2024-02-26,1,0,0,winter,243,,,,
NYC,hour,2024-02-26 02:00:00,2024-02-26,2,0,0,winter,139,,,,
NYC,hour,2024-02-26 03:00:00,2024-02-26,3,0,0,winter,118,,,,
NYC,hour,2024-02-26 04:00:00,2024-02-26,4,0,0,winter,228,,,,
NYC,hour,2024-02-26 05:00:00,2024-02-26,5,0,0,winter,755,,,,
NYC,hour,2024-02-26 06:00:00,2024-02-26,6,0,0,winter,2217,,,,
NYC,hour,2024-02-26 07:00:00,2024-02-26,7,0,0,winter,4956,,,,
NYC,hour,2024-02-26 08:00:00,2024-02-26,8,0,0,winter,7119,,,,
NYC,hour,2024-02-26 09:00:00,2024-02-26,9,0,0,winter,4565,,,,
NYC,hour,2024-02-26 10:00:00,2024-02-26,10,0,0,winter,2575,,,,
NYC,hour,2024-02-26 11:00:00,2024-02-26,11,0,0,winter,2593,,,,
NYC,hour,2024-02-26 12:00:00,2024-02-26,12,0,0,winter,3407,,,,
NYC,hour,2024-02-26 13:00:00,2024-02-26,13,0,0,winter,4002,,,,
NYC,hour,2024-02-26 14:00:00,2024-02-26,14,0,0,winter,4874,,,,
NYC,hour,2024-02-26 15:00:00,2024-02-26,15,0,0,winter,5830,,,,
NYC,hour,2024-02-26 16:00:00,2024-02-26,16,0,0,winter,6884,,,,
NYC,hour,2024-02-26 17:00:00,2024-02-26,17,0,0,winter,9021,,,,
NYC,hour,2024-02-26 18:00:00,2024-02-26,18,0,0,winter,7882,,,,
NYC,hour,2024-02-26 19:00:00,2024-02-26,19,0,0,winter,5482,,,,
NYC,hour,2024-02-26 20:00:00,2024-02-26,20,0,0,winter,3764,,,,
NYC,hour,2024-02-26 21:00:00,2024-02-26,21,0,0,winter,2807,,,,
NYC,hour,2024-02-26 22:00:00,2024-02-26,22,0,0,winter,2079,,,,
NYC,hour,2024-02-26 23:00:00,2024-02-26,23,0,0,winter,1195,,,,
NYC,hour,2024-02-27 00:00:00,2024-02-27,0,1,0,winter,633,,,,
NYC,hour,2024-02-27 01:00:00,2024-02-27,1,1,0,winter,334,,,,
NYC,hour,2024-02-27 02:00:00,2024-02-27,2,1,0,winter,205,,,,
NYC,hour,2024-02-27 03:00:00,2024-02-27,3,1,0,winter,130,,,,
NYC,hour,2024-02-27 04:00:00,2024-02-27,4,1,0,winter,223,,,,
NYC,hour,2024-02-27 05:00:00,2024-02-27,5,1,0,winter,878,,,,
NYC,hour,2024-02-27 06:00:00,2024-02-27,6,1,0,winter,2568,,,,
NYC,hour,2024-02-27 07:00:00,2024-02-27,7,1,0,winter,5835,,,,
NYC,hour,2024-02-27 08:00:00,2024-02-27,8,1,0,winter,8619,,,,
NYC,hour,2024-02-27 09:00:00,2024-02-27,9,1,0,winter,5775,,,,
NYC,hour,2024-02-27 10:00:00,2024-02-27,10,1,0,winter,3770,,,,
NYC,hour,2024-02-27 11:00:00,2024-02-27,11,1,0,winter,3610,,,,
NYC,hour,2024-02-27 12:00:00,2024-02-27,12,1,0,winter,4171,,,,
NYC,hour,2024-02-27 13:00:00,2024-02-27,13,1,0,winter,4652,,,,
NYC,hour,2024-02-27 14:00:00,2024-02-27,14,1,0,winter,5199,,,,
NYC,hour,2024-02-27 15:00:00,2024-02-27,15,1,0,winter,6105,,,,
NYC,hour,2024-02-27 16:00:00,2024-02-27,16,1,0,winter,7026,,,,
NYC,hour,2024-02-27 17:00:00,2024-02-27,17,1,0,winter,9048,,,,
NYC,hour,2024-02-27 18:00:00,2024-02-27,18,1,0,winter,3048,,,,
NYC,hour,2024-02-27 19:00:00,2024-02-27,19,1,0,winter,1279,,,,
NYC,hour,2024-02-27 20:00:00,2024-02-27,20,1,0,winter,1076,,,,
NYC,hour,2024-02-27 21:00:00,2024-02-27,21,1,0,winter,1611,,,,
NYC,hour,2024-02-27 22:00:00,2024-02-27,22,1,0,winter,1567,,,,
NYC,hour,2024-02-27 23:00:00,2024-02-27,23,1,0,winter,1078,,,,
NYC,hour,2024-02-28 00:00:00,2024-02-28,0,2,0,winter,634,,,,
NYC,hour,2024-02-28 01:00:00,2024-02-28,1,2,0,winter,307,,,,
NYC,hour,2024-02-28 02:00:00,2024-02-28,2,2,0,winter,215,,,,
NYC,hour,2024-02-28 03:00:00,2024-02-28,3,2,0,winter,136,,,,
NYC,hour,2024-02-28 04:00:00,2024-02-28,4,2,0,winter,181,,,,
NYC,hour,2024-02-28 05:00:00,2024-02-28,5,2,0,winter,780,,,,
NYC,hour,2024-02-28 06:00:00,2024-02-28,6,2,0,winter,2237,,,,
NYC,hour,2024-02-28 07:00:00,2024-02-28,7,2,0,winter,4407,,,,
NYC,hour,2024-02-28 08:00:00,2024-02-28,8,2,0,winter,6455,,,,
NYC,hour,2024-02-28 09:00:00,2024-02-28,9,2,0,winter,4963,,,,
NYC,hour,2024-02-28 10:00:00,2024-02-28,10,2,0,winter,2868,,,,
NYC,hour,2024-02-28 11:00:00,2024-02-28,11,2,0,winter,2881,,,,
NYC,hour,2024-02-28 12:00:00,2024-02-28,12,2,0,winter,3044,,,,
NYC,hour,2024-02-28 13:00:00,2024-02-28,13,2,0,winter,2858,,,,
NYC,hour,2024-02-28 14:00:00,2024-02-28,14,2,0,winter,2359,,,,
NYC,hour,2024-02-28 15:00:00,2024-02-28,15,2,0,winter,3735,,,,
NYC,hour,2024-02-28 16:00:00,2024-02-28,16,2,0,winter,4321,,,,
NYC,hour,2024-02-28 17:00:00,2024-02-28,17,2,0,winter,5546,,,,
NYC,hour,2024-02-28 18:00:00,2024-02-28,18,2,0,winter,6718,,,,
NYC,hour,2024-02-28 19:00:00,2024-02-28,19,2,0,winter,5136,,,,
NYC,hour,2024-02-28 20:00:00,2024-02-28,20,2,0,winter,3276,,,,
NYC,hour,2024-02-28 21:00:00,2024-02-28,21,2,0,winter,2053,,,,
NYC,hour,2024-02-28 22:00:00,2024-02-28,22,2,0,winter,1398,,,,
NYC,hour,2024-02-28 23:00:00,2024-02-28,23,2,0,winter,1095,,,,
NYC,hour,2024-02-29 00:00:00,2024-02-29,0,3,0,winter,563,,,,
NYC,hour,2024-02-29 01:00:00,2024-02-29,1,3,0,winter,276,,,,
NYC,hour,2024-02-29 02:00:00,2024-02-29,2,3,0,winter,170,,,,
NYC,hour,2024-02-29 03:00:00,2024-02-29,3,3,0,winter,119,,,,
NYC,hour,2024-02-29 04:00:00,2024-02-29,4,3,0,winter,190,,,,
NYC,hour,2024-02-29 05:00:00,2024-02-29,5,3,0,winter,787,,,,
NYC,hour,2024-02-29 06:00:00,2024-02-29,6,3,0,winter,2309,,,,
NYC,hour,2024-02-29 07:00:00,2024-02-29,7,3,0,winter,5041,,,,
NYC,hour,2024-02-29 08:00:00,2024-02-29,8,3,0,winter,7707,,,,
NYC,hour,2024-02-29 09:00:00,2024-02-29,9,3,0,winter,5350,,,,
NYC,hour,2024-02-29 10:00:00,2024-02-29,10,3,0,winter,3459,,,,
NYC,hour,2024-02-29 11:00:00,2024-02-29,11,3,0,winter,3221,,,,
NYC,hour,2024-02-29 12:00:00,2024-02-29,12,3,0,winter,3639,,,,
NYC,hour,2024-02-29 13:00:00,2024-02-29,13,3,0,winter,3889,,,,
NYC,hour,2024-02-29 14:00:00,2024-02-29,14,3,0,winter,4533,,,,
NYC,hour,2024-02-29 15:00:00,2024-02-29,15,3,0,winter,5268,,,,
NYC,hour,2024-02-29 16:00:00,2024-02-29,16,3,0,winter,6090,,,,
NYC,hour,2024-02-29 17:00:00,2024-02-29,17,3,0,winter,8575,,,,
NYC,hour,2024-02-29 18:00:00,2024-02-29,18,3,0,winter,7408,,,,
NYC,hour,2024-02-29 19:00:00,2024-02-29,19,3,0,winter,5327,,,,
NYC,hour,2024-02-29 20:00:00,2024-02-29,20,3,0,winter,3594,,,,
NYC,hour,2024-02-29 21:00:00,2024-02-29,21,3,0,winter,2674,,,,
NYC,hour,2024-02-29 22:00:00,2024-02-29,22,3,0,winter,2290,,,,
NYC,hour,2024-02-29 23:00:00,2024-02-29,23,3,0,winter,1488,,,,
NYC,hour,2024-03-01 00:00:00,2024-03-01,0,4,0,spring,797,,,,
NYC,hour,2024-03-01 01:00:00,2024-03-01,1,4,0,spring,453,,,,
NYC,hour,2024-03-01 02:00:00,2024-03-01,2,4,0,spring,311,,,,
NYC,hour,2024-03-01 03:00:00,2024-03-01,3,4,0,spring,159,,,,
NYC,hour,2024-03-01 04:00:00,2024-03-01,4,4,0,spring,208,,,,
NYC,hour,2024-03-01 05:00:00,2024-03-01,5,4,0,spring,697,,,,
NYC,hour,2024-03-01 06:00:00,2024-03-01,6,4,0,spring,2014,,,,
NYC,hour,2024-03-01 07:00:00,2024-03-01,7,4,0,spring,4271,,,,
NYC,hour,2024-03-01 08:00:00,2024-03-01,8,4,0,spring,6335,,,,
NYC,hour,2024-03-01 09:00:00,2024-03-01,9,4,0,spring,4610,,,,
NYC,hour,2024-03-01 10:00:00,2024-03-01,10,4,0,spring,3668,,,,
NYC,hour,2024-03-01 11:00:00,2024-03-01,11,4,0,spring,3930,,,,
NYC,hour,2024-03-01 12:00:00,2024-03-01,12,4,0,spring,4523,,,,
NYC,hour,2024-03-01 13:00:00,2024-03-01,13,4,0,spring,4954,,,,
NYC,hour,2024-03-01 14:00:00,2024-03-01,14,4,0,spring,5722,,,,
NYC,hour,2024-03-01 15:00:00,2024-03-01,15,4,0,spring,6213,,,,
NYC,hour,2024-03-01 16:00:00,2024-03-01,16,4,0,spring,6931,,,,
NYC,hour,2024-03-01 17:00:00,2024-03-01,17,4,0,spring,8030,,,,
NYC,hour,2024-03-01 18:00:00,2024-03-01,18,4,0,spring,6536,,,,
NYC,hour,2024-03-01 19:00:00,2024-03-01,19,4,0,spring,4776,,,,
NYC,hour,2024-03-01 20:00:00,2024-03-01,20,4,0,spring,3540,,,,
NYC,hour,2024-03-01 21:00:00,2024-03-01,21,4,0,spring,2737,,,,
NYC,hour,2024-03-01 22:00:00,2024-03-01,22,4,0,spring,2404,,,,
NYC,hour,2024-03-01 23:00:00,2024-03-01,23,4,0,spring,1894,,,,
NYC,hour,2024-03-02 00:00:00,2024-03-02,0,5,1,spring,1513,,,,
NYC,hour,2024-03-02 01:00:00,2024-03-02,1,5,1,spring,983,,,,
NYC,hour,2024-03-02 02:00:00,2024-03-02,2,5,1,spring,725,,,,
NYC,hour,2024-03-02 03:00:00,2024-03-02,3,5,1,spring,410,,,,
NYC,hour,2024-03-02 04:00:00,2024-03-02,4,5,1,spring,297,,,,
NYC,hour,2024-03-02 05:00:00,2024-03-02,5,5,1,spring,291,,,,
NYC,hour,2024-03-02 06:00:00,2024-03-02,6,5,1,spring,638,,,,
NYC,hour,2024-03-02 07:00:00,2024-03-02,7,5,1,spring,853,,,,
NYC,hour,2024-03-02 08:00:00,2024-03-02,8,5,1,spring,1345,,,,
NYC,hour,2024-03-02 09:00:00,2024-03-02,9,5,1,spring,1557,,,,
NYC,hour,2024-03-02 10:00:00,2024-03-02,10,5,1,spring,1725,,,,
NYC,hour,2024-03-02 11:00:00,2024-03-02,11,5,1,spring,1933,,,,
NYC,hour,2024-03-02 12:00:00,2024-03-02,12,5,1,spring,1116,,,,
NYC,hour,2024-03-02 13:00:00,2024-03-02,13,5,1,spring,1051,,,,
NYC,hour,2024-03-02 14:00:00,2024-03-02,14,5,1,spring,1050,,,,
NYC,hour,2024-03-02 15:00:00,2024-03-02,15,5,1,spring,899,,,,
NYC,hour,2024-03-02 16:00:00,2024-03-02,16,5,1,spring,757,,,,
NYC,hour,2024-03-02 17:00:00,2024-03-02,17,5,1,spring,962,,,,
NYC,hour,2024-03-02 18:00:00,2024-03-02,18,5,1,spring,1440,,,,
NYC,hour,2024-03-02 19:00:00,2024-03-02,19,5,1,spring,1966,,,,
NYC,hour,2024-03-02 20:00:00,2024-03-02,20,5,1,spring,1852,,,,
NYC,hour,2024-03-02 21:00:00,2024-03-02,21,5,1,spring,1724,,,,
NYC,hour,2024-03-02 22:00:00,2024-03-02,22,5,1,spring,1555,,,,
NYC,hour,2024-03-02 23:00:00,2024-03-02,23,5,1,spring,1461,,,,
NYC,hour,2024-03-03 00:00:00,2024-03-03,0,6,1,spring,1226,,,,
NYC,hour,2024-03-03 01:00:00,2024-03-03,1,6,1,spring,935,,,,
NYC,hour,2024-03-03 02:00:00,2024-03-03,2,6,1,spring,691,,,,
NYC,hour,2024-03-03 03:00:00,2024-03-03,3,6,1,spring,451,,,,
NYC,hour,2024-03-03 04:00:00,2024-03-03,4,6,1,spring,305,,,,
NYC,hour,2024-03-03 05:00:00,2024-03-03,5,6,1,spring,262,,,,
NYC,hour,2024-03-03 06:00:00,2024-03-03,6,6,1,spring,653,,,,
NYC,hour,2024-03-03 07:00:00,2024-03-03,7,6,1,spring,1274,,,,
NYC,hour,2024-03-03 08:00:00,2024-03-03,8,6,1,spring,2300,,,,
NYC,hour,2024-03-03 09:00:00,2024-03-03,9,6,1,spring,3963,,,,
NYC,hour,2024-03-03 10:00:00,2024-03-03,10,6,1,spring,5988,,,,
NYC,hour,2024-03-03 11:00:00,2024-03-03,11,6,1,spring,7503,,,,
NYC,hour,2024-03-03 12:00:00,2024-03-03,12,6,1,spring,9355,,,,
NYC,hour,2024-03-03 13:00:00,2024-03-03,13,6,1,spring,10853,,,,
NYC,hour,2024-03-03 14:00:00,2024-03-03,14,6,1,spring,11583,,,,
NYC,hour,2024-03-03 15:00:00,2024-03-03,15,6,1,spring,11731,,,,
NYC,hour,2024-03-03 16:00:00,2024-03-03,16,6,1,spring,10840,,,,
NYC,hour,2024-03-03 17:00:00,2024-03-03,17,6,1,spring,9952,,,,
NYC,hour,2024-03-03 18:00:00,2024-03-03,18,6,1,spring,7322,,,,
NYC,hour,2024-03-03 19:00:00,2024-03-03,19,6,1,spring,4998,,,,
NYC,hour,2024-03-03 20:00:00,2024-03-03,20,6,1,spring,3665,,,,
NYC,hour,2024-03-03 21:00:00,2024-03-03,21,6,1,spring,2754,,,,
NYC,hour,2024-03-03 22:00:00,2024-03-03,22,6,1,spring,2049,,,,
NYC,hour,2024-03-03 23:00:00,2024-03-03,23,6,1,spring,1417,,,,
NYC,hour,2024-03-04 00:00:00,2024-03-04,0,0,0,spring,790,,,,
NYC,hour,2024-03-04 01:00:00,2024-03-04,1,0,0,spring,445,,,,
NYC,hour,2024-03-04 02:00:00,2024-03-04,2,0,0,spring,242,,,,
NYC,hour,2024-03-04 03:00:00,2024-03-04,3,0,0,spring,207,,,,
NYC,hour,2024-03-04 04:00:00,2024-03-04,4,0,0,spring,261,,,,
NYC,hour,2024-03-04 05:00:00,2024-03-04,5,0,0,spring,851,,,,
NYC,hour,2024-03-04 06:00:00,2024-03-04,6,0,0,spring,2516,,,,
NYC,hour,2024-03-04 07:00:00,2024-03-04,7,0,0,spring,5538,,,,
NYC,hour,2024-03-04 08:00:00,2024-03-04,8,0,0,spring,8477,,,,
NYC,hour,2024-03-04 09:00:00,2024-03-04,9,0,0,spring,5511,,,,
NYC,hour,2024-03-04 10:00:00,2024-03-04,10,0,0,spring,3919,,,,
NYC,hour,2024-03-04 11:00:00,2024-03-04,11,0,0,spring,3809,,,,
NYC,hour,2024-03-04 12:00:00,2024-03-04,12,0,0,spring,4627,,,,
NYC,hour,2024-03-04 13:00:00,2024-03-04,13,0,0,spring,4610,,,,
NYC,hour,2024-03-04 14:00:00,2024-03-04,14,0,0,spring,5391,,,,
NYC,hour,2024-03-04 15:00:00,2024-03-04,15,0,0,spring,6404,,,,
NYC,hour,2024-03-04 16:00:00,2024-03-04,16,0,0,spring,7256,,,,
NYC,hour,2024-03-04 17:00:00,2024-03-04,17,0,0,spring,9997,,,,
NYC,hour,2024-03-04 18:00:00,2024-03-04,18,0,0,spring,8825,,,,
NYC,hour,2024-03-04 19:00:00,2024-03-04,19,0,0,spring,5738,,,,
NYC,hour,2024-03-04 20:00:00,2024-03-04,20,0,0,spring,3886,,,,
NYC,hour,2024-03-04 21:00:00,2024-03-04,21,0,0,spring,2846,,,,
NYC,hour,2024-03-04 22:00:00,2024-03-04,22,0,0,spring,2096,,,,
NYC,hour,2024-03-04 23:00:00,2024-03-04,23,0,0,spring,1215,,,,
NYC,hour,2024-03-05 00:00:00,2024-03-05,0,1,0,spring,655,,,,
NYC,hour,2024-03-05 01:00:00,2024-03-05,1,1,0,spring,348,,,,
NYC,hour,2024-03-05 02:00:00,2024-03-05,2,1,0,spring,239,,,,
NYC,hour,2024-03-05 03:00:00,2024-03-05,3,1,0,spring,166,,,,
NYC,hour,2024-03-05 04:00:00,2024-03-05,4,1,0,spring,203,,,,
NYC,hour,2024-03-05 05:00:00,2024-03-05,5,1,0,spring,732,,,,
NYC,hour,2024-03-05 06:00:00,2024-03-05,6,1,0,spring,1122,,,,
NYC,hour,2024-03-05 07:00:00,2024-03-05,7,1,0,spring,2400,,,,
NYC,hour,2024-03-05 08:00:00,2024-03-05,8,1,0,spring,2403,,,,
NYC,hour,2024-03-05 09:00:00,2024-03-05,9,1,0,spring,1843,,,,
NYC,hour,2024-03-05 10:00:00,2024-03-05,10,1,0,spring,1434,,,,
NYC,hour,2024-03-05 11:00:00,2024-03-05,11,1,0,spring,1478,,,,
NYC,hour,2024-03-05 12:00:00,2024-03-05,12,1,0,spring,1764,,,,
NYC,hour,2024-03-05 13:00:00,2024-03-05,13,1,0,spring,1903,,,,
NYC,hour,2024-03-05 14:00:00,2024-03-05,14,1,0,spring,2360,,,,
NYC,hour,2024-03-05 15:00:00,2024-03-05,15,1,0,spring,1965,,,,
NYC,hour,2024-03-05 16:00:00,2024-03-05,16,1,0,spring,2891,,,,
NYC,hour,2024-03-05 17:00:00,2024-03-05,17,1,0,spring,5852,,,,
NYC,hour,2024-03-05 18:00:00,2024-03-05,18,1,0,spring,6178,,,,
NYC,hour,2024-03-05 19:00:00,2024-03-05,19,1,0,spring,4653,,,,
NYC,hour,2024-03-05 20:00:00,2024-03-05,20,1,0,spring,3336,,,,
NYC,hour,2024-03-05 21:00:00,2024-03-05,21,1,0,spring,2609,,,,
NYC,hour,2024-03-05 22:00:00,2024-03-05,22,1,0,spring,2252,,,,
NYC,hour,2024-03-05 23:00:00,2024-03-05,23,1,0,spring,1387,,,,
NYC,hour,2024-03-06 00:00:00,2024-03-06,0,2,0,spring,737,,,,
NYC,hour,2024-03-06 01:00:00,2024-03-06,1,2,0,spring,426,,,,
NYC,hour,2024-03-06 02:00:00,2024-03-06,2,2,0,spring,222,,,,
NYC,hour,2024-03-06 03:00:00,2024-03-06,3,2,0,spring,186,,,,
NYC,hour,2024-03-06 04:00:00,2024-03-06,4,2,0,spring,243,,,,
NYC,hour,2024-03-06 05:00:00,2024-03-06,5,2,0,spring,919,,,,
NYC,hour,2024-03-06 06:00:00,2024-03-06,6,2,0,spring,2565,,,,
NYC,hour,2024-03-06 07:00:00,2024-03-06,7,2,0,spring,6065,,,,
NYC,hour,2024-03-06 08:00:00,2024-03-06,8,2,0,spring,9309,,,,
NYC,hour,2024-03-06 09:00:00,2024-03-06,9,2,0,spring,6519,,,,
NYC,hour,2024-03-06 10:00:00,2024-03-06,10,2,0,spring,4203,,,,
NYC,hour,2024-03-06 11:00:00,2024-03-06,11,2,0,spring,3912,,,,
NYC,hour,2024-03-06 12:00:00,2024-03-06,12,2,0,spring,3543,,,,
NYC,hour,2024-03-06 13:00:00,2024-03-06,13,2,0,spring,2083,,,,
NYC,hour,2024-03-06 14:00:00,2024-03-06,14,2,0,spring,1669,,,,
NYC,hour,2024-03-06 15:00:00,2024-03-06,15,2,0,spring,1538,,,,
NYC,hour,2024-03-06 16:00:00,2024-03-06,16,2,0,spring,1246,,,,
NYC,hour,2024-03-06 17:00:00,2024-03-06,17,2,0,spring,1590,,,,
NYC,hour,2024-03-06 18:00:00,2024-03-06,18,2,0,spring,1202,,,,
NYC,hour,2024-03-06 19:00:00,2024-03-06,19,2,0,spring,1166,,,,
NYC,hour,2024-03-06 20:00:00,2024-03-06,20,2,0,spring,1252,,,,
NYC,hour,2024-03-06 21:00:00,2024-03-06,21,2,0,spring,1143,,,,
NYC,hour,2024-03-06 22:00:00,2024-03-06,22,2,0,spring,908,,,,
NYC,hour,2024-03-06 23:00:00,2024-03-06,23,2,0,spring,673,,,,
NYC,hour,2024-03-07 00:00:00,2024-03-07,0,3,0,spring,488,,,,
NYC,hour,2024-03-07 01:00:00,2024-03-07,1,3,0,spring,245,,,,
NYC,hour,2024-03-07 02:00:00,2024-03-07,2,3,0,spring,120,,,,
NYC,hour,2024-03-07 03:00:00,2024-03-07,3,3,0,spring,94,,,,
NYC,hour,2024-03-07 04:00:00,2024-03-07,4,3,0,spring,214,,,,
NYC,hour,2024-03-07 05:00:00,2024-03-07,5,3,0,spring,697,,,,
NYC,hour,2024-03-07 06:00:00,2024-03-07,6,3,0,spring,1933,,,,
NYC,hour,2024-03-07 07:00:00,2024-03-07,7,3,0,spring,5010,,,,
NYC,hour,2024-03-07 08:00:00,2024-03-07,8,3,0,spring,8174,,,,
NYC,hour,2024-03-07 09:00:00,2024-03-07,9,3,0,spring,5544,,,,
NYC,hour,2024-03-07 10:00:00,2024-03-07,10,3,0,spring,3827,,,,
NYC,hour,2024-03-07 11:00:00,2024-03-07,11,3,0,spring,4096,,,,
NYC,hour,2024-03-07 12:00:00,2024-03-07,12,3,0,spring,4171,,,,
NYC,hour,2024-03-07 13:00:00,2024-03-07,13,3,0,spring,4281,,,,
NYC,hour,2024-03-07 14:00:00,2024-03-07,14,3,0,spring,5033,,,,
NYC,hour,2024-03-07 15:00:00,2024-03-07,15,3,0,spring,5967,,,,
NYC,hour,2024-03-07 16:00:00,2024-03-07,16,3,0,spring,6889,,,,
NYC,hour,2024-03-07 17:00:00,2024-03-07,17,3,0,spring,9789,,,,
NYC,hour,2024-03-07 18:00:00,2024-03-07,18,3,0,spring,8596,,,,
NYC,hour,2024-03-07 19:00:00,2024-03-07,19,3,0,spring,6009,,,,
NYC,hour,2024-03-07 20:00:00,2024-03-07,20,3,0,spring,4330,,,,
NYC,hour,2024-03-07 21:00:00,2024-03-07,21,3,0,spring,3184,,,,
NYC,hour,2024-03-07 22:00:00,2024-03-07,22,3,0,spring,2531,,,,
NYC,hour,2024-03-07 23:00:00,2024-03-07,23,3,0,spring,1846,,,,
NYC,hour,2024-03-08 00:00:00,2024-03-08,0,4,0,spring,1007,,,,
NYC,hour,2024-03-08 01:00:00,2024-03-08,1,4,0,spring,576,,,,
NYC,hour,2024-03-08 02:00:00,2024-03-08,2,4,0,spring,390,,,,
NYC,hour,2024-03-08 03:00:00,2024-03-08,3,4,0,spring,233,,,,
NYC,hour,2024-03-08 04:00:00,2024-03-08,4,4,0,spring,264,,,,
NYC,hour,2024-03-08 05:00:00,2024-03-08,5,4,0,spring,815,,,,
NYC,hour,2024-03-08 06:00:00,2024-03-08,6,4,0,spring,2251,,,,
NYC,hour,2024-03-08 07:00:00,2024-03-08,7,4,0,spring,4834,,,,
NYC,hour,2024-03-08 08:00:00,2024-03-08,8,4,0,spring,7222,,,,
NYC,hour,2024-03-08 09:00:00,2024-03-08,9,4,0,spring,5485,,,,
NYC,hour,2024-03-08 10:00:00,2024-03-08,10,4,0,spring,4387,,,,
NYC,hour,2024-03-08 11:00:00,2024-03-08,11,4,0,spring,4576,,,,
NYC,hour,2024-03-08 12:00:00,2024-03-08,12,4,0,spring,5529,,,,
NYC,hour,2024-03-08 13:00:00,2024-03-08,13,4,0,spring,6061,,,,
NYC,hour,2024-03-08 14:00:00,2024-03-08,14,4,0,spring,7106,,,,
NYC,hour,2024-03-08 15:00:00,2024-03-08,15,4,0,spring,8120,,,,
NYC,hour,2024-03-08 16:00:00,2024-03-08,16,4,0,spring,8859,,,,
NYC,hour,2024-03-08 17:00:00,2024-03-08,17,4,0,spring,10144,,,,
NYC,hour,2024-03-08 18:00:00,2024-03-08,18,4,0,spring,8251,,,,
NYC,hour,2024-03-08 19:00:00,2024-03-08,19,4,0,spring,5738,,,,
NYC,hour,2024-03-08 20:00:00,2024-03-08,20,4,0,spring,3919,,,,
NYC,hour,2024-03-08 21:00:00,2024-03-08,21,4,0,spring,2988,,,,
NYC,hour,2024-03-08 22:00:00,2024-03-08,22,4,0,spring,2627,,,,
NYC,hour,2024-03-08 23:00:00,2024-03-08,23,4,0,spring,2237,,,,
NYC,hour,2024-03-09 00:00:00,2024-03-09,0,5,1,spring,1718,,,,
NYC,hour,2024-03-09 01:00:00,2024-03-09,1,5,1,spring,1214,,,,
NYC,hour,2024-03-09 02:00:00,2024-03-09,2,5,1,spring,893,,,,
NYC,hour,2024-03-09 03:00:00,2024-03-09,3,5,1,spring,526,,,,
NYC,hour,2024-03-09 04:00:00,2024-03-09,4,5,1,spring,364,,,,
NYC,hour,2024-03-09 05:00:00,2024-03-09,5,5,1,spring,334,,,,
NYC,hour,2024-03-09 06:00:00,2024-03-09,6,5,1,spring,707,,,,
NYC,hour,2024-03-09 07:00:00,2024-03-09,7,5,1,spring,1480,,,,
NYC,hour,2024-03-09 08:00:00,2024-03-09,8,5,1,spring,2502,,,,
NYC,hour,2024-03-09 09:00:00,2024-03-09,9,5,1,spring,3762,,,,
NYC,hour,2024-03-09 10:00:00,2024-03-09,10,5,1,spring,4647,,,,
NYC,hour,2024-03-09 11:00:00,2024-03-09,11,5,1,spring,5474,,,,
NYC,hour,2024-03-09 12:00:00,2024-03-09,12,5,1,spring,4845,,,,
NYC,hour,2024-03-09 13:00:00,2024-03-09,13,5,1,spring,3282,,,,
NYC,hour,2024-03-09 14:00:00,2024-03-09,14,5,1,spring,2701,,,,
NYC,hour,2024-03-09 15:00:00,2024-03-09,15,5,1,spring,1705,,,,
NYC,hour,2024-03-09 16:00:00,2024-03-09,16,5,1,spring,1186,,,,
NYC,hour,2024-03-09 17:00:00,2024-03-09,17,5,1,spring,1333,,,,
NYC,hour,2024-03-09 18:00:00,2024-03-09,18,5,1,spring,1305,,,,
NYC,hour,2024-03-09 19:00:00,2024-03-09,19,5,1,spring,747,,,,
NYC,hour,2024-03-09 20:00:00,2024-03-09,20,5,1,spring,333,,,,
NYC,hour,2024-03-09 21:00:00,2024-03-09,21,5,1,spring,279,,,,
NYC,hour,2024-03-09 22:00:00,2024-03-09,22,5,1,spring,298,,,,
NYC,hour,2024-03-09 23:00:00,2024-03-09,23,5,1,spring,509,,,,
NYC,hour,2024-03-10 00:00:00,2024-03-10,0,6,1,spring,666,,,,
NYC,hour,2024-03-10 01:00:00,2024-03-10,1,6,1,spring,695,,,,
NYC,hour,2024-03-10 03:00:00,2024-03-10,3,6,1,spring,582,,,,
NYC,hour,2024-03-10 04:00:00,2024-03-10,4,6,1,spring,404,,,,
NYC,hour,2024-03-10 05:00:00,2024-03-10,5,6,1,spring,288,,,,
NYC,hour,2024-03-10 06:00:00,2024-03-10,6,6,1,spring,375,,,,
NYC,hour,2024-03-10 07:00:00,2024-03-10,7,6,1,spring,832,,,,
NYC,hour,2024-03-10 08:00:00,2024-03-10,8,6,1,spring,1609,,,,
NYC,hour,2024-03-10 09:00:00,2024-03-10,9,6,1,spring,2689,,,,
NYC,hour,2024-03-10 10:00:00,2024-03-10,10,6,1,spring,3883,,,,
NYC,hour,2024-03-10 11:00:00,2024-03-10,11,6,1,spring,5312,,,,
NYC,hour,2024-03-10 12:00:00,2024-03-10,12,6,1,spring,5725,,,,
NYC,hour,2024-03-10 13:00:00,2024-03-10,13,6,1,spring,5836,,,,
NYC,hour,2024-03-10 14:00:00,2024-03-10,14,6,1,spring,5347,,,,
NYC,hour,2024-03-10 15:00:00,2024-03-10,15,6,1,spring,4486,,,,
NYC,hour,2024-03-10 16:00:00,2024-03-10,16,6,1,spring,4243,,,,
NYC,hour,2024-03-10 17:00:00,2024-03-10,17,6,1,spring,4354,,,,
NYC,hour,2024-03-10 18:00:00,2024-03-10,18,6,1,spring,4472,,,,
NYC,hour,2024-03-10 19:00:00,2024-03-10,19,6,1,spring,3272,,,,
NYC,hour,2024-03-10 20:00:00,2024-03-10,20,6,1,spring,2295,,,,
NYC,hour,2024-03-10 21:00:00,2024-03-10,21,6,1,spring,1833,,,,
NYC,hour,2024-03-10 22:00:00,2024-03-10,22,6,1,spring,1606,,,,
NYC,hour,2024-03-10 23:00:00,2024-03-10,23,6,1,spring,981,,,,
NYC,hour,2024-03-11 00:00:00,2024-03-11,0,0,0,spring,588,,,,
NYC,hour,2024-03-11 01:00:00,2024-03-11,1,0,0,spring,294,,,,
NYC,hour,2024-03-11 02:00:00,2024-03-11,2,0,0,spring,190,,,,
NYC,hour,2024-03-11 03:00:00,2024-03-11,3,0,0,spring,134,,,,
NYC,hour,2024-03-11 04:00:00,2024-03-11,4,0,0,spring,222,,,,
NYC,hour,2024-03-11 05:00:00,2024-03-11,5,0,0,spring,689,,,,
NYC,hour,2024-03-11 06:00:00,2024-03-11,6,0,0,spring,1884,,,,
NYC,hour,2024-03-11 07:00:00,2024-03-11,7,0,0,spring,4132,,,,
NYC,hour,2024-03-11 08:00:00,2024-03-11,8,0,0,spring,6253,,,,
NYC,hour,2024-03-11 09:00:00,2024-03-11,9,0,0,spring,4309,,,,
NYC,hour,2024-03-11 10:00:00,2024-03-11,10,0,0,spring,2689,,,,
NYC,hour,2024-03-11 11:00:00,2024-03-11,11,0,0,spring,2768,,,,
NYC,hour,2024-03-11 12:00:00,2024-03-11,12,0,0,spring,3202,,,,
NYC,hour,2024-03-11 13:00:00,2024-03-11,13,0,0,spring,3526,,,,
NYC,hour,2024-03-11 14:00:00,2024-03-11,14,0,0,spring,4364,,,,
NYC,hour,2024-03-11 15:00:00,2024-03-11,15,0,0,spring,5301,,,,
NYC,hour,2024-03-11 16:00:00,2024-03-11,16,0,0,spring,6291,,,,
NYC,hour,2024-03-11 17:00:00,2024-03-11,17,0,0,spring,8678,,,,
NYC,hour,2024-03-11 18:00:00,2024-03-11,18,0,0,spring,8829,,,,
NYC,hour,2024-03-11 19:00:00,2024-03-11,19,0,0,spring,5740,,,,
NYC,hour,2024-03-11 20:00:00,2024-03-11,20,0,0,spring,4013,,,,
NYC,hour,2024-03-11 21:00:00,2024-03-11,21,0,0,spring,2805,,,,
NYC,hour,2024-03-11 22:00:00,2024-03-11,22,0,0,spring,1999,,,,
NYC,hour,2024-03-11 23:00:00,2024-03-11,23,0,0,spring,1240,,,,
NYC,hour,2024-03-12 00:00:00,2024-03-12,0,1,0,spring,647,,,,
NYC,hour,2024-03-12 01:00:00,2024-03-12,1,1,0,spring,361,,,,
NYC,hour,2024-03-12 02:00:00,2024-03-12,2,1,0,spring,221,,,,
NYC,hour,2024-03-12 03:00:00,2024-03-12,3,1,0,spring,136,,,,
NYC,hour,2024-03-12 04:00:00,2024-03-12,4,1,0,spring,249,,,,
NYC,hour,2024-03-12 05:00:00,2024-03-12,5,1,0,spring,864,,,,
NYC,hour,2024-03-12 06:00:00,2024-03-12,6,1,0,spring,2457,,,,
NYC,hour,2024-03-12 07:00:00,2024-03-12,7,1,0,spring,5448,,,,
NYC,hour,2024-03-12 08:00:00,2024-03-12,8,1,0,spring,8940,,,,
NYC,hour,2024-03-12 09:00:00,2024-03-12,9,1,0,spring,6430,,,,
NYC,hour,2024-03-12 10:00:00,2024-03-12,10,1,0,spring,4066,,,,
NYC,hour,2024-03-12 11:00:00,2024-03-12,11,1,0,spring,4190,,,,
NYC,hour,2024-03-12 12:00:00,2024-03-12,12,1,0,spring,4758,,,,
NYC,hour,2024-03-12 13:00:00,2024-03-12,13,1,0,spring,5354,,,,
NYC,hour,2024-03-12 14:00:00,2024-03-12,14,1,0,spring,6488,,,,
NYC,hour,2024-03-12 15:00:00,2024-03-12,15,1,0,spring,7741,,,,
NYC,hour,2024-03-12 16:00:00,2024-03-12,16,1,0,spring,9381,,,,
NYC,hour,2024-03-12 17:00:00,2024-03-12,17,1,0,spring,13466,,,,
NYC,hour,2024-03-12 18:00:00,2024-03-12,18,1,0,spring,12953,,,,
NYC,hour,2024-03-12 19:00:00,2024-03-12,19,1,0,spring,8373,,,,
NYC,hour,2024-03-12 20:00:00,2024-03-12,20,1,0,spring,5568,,,,
NYC,hour,2024-03-12 21:00:00,2024-03-12,21,1,0,spring,4453,,,,
NYC,hour,2024-03-12 22:00:00,2024-03-12,22,1,0,spring,3316,,,,
NYC,hour,2024-03-12 23:00:00,2024-03-12,23,1,0,spring,1975,,,,
NYC,hour,2024-03-13 00:00:00,2024-03-13,0,2,0,spring,1122,,,,
NYC,hour,2024-03-13 01:00:00,2024-03-13,1,2,0,spring,553,,,,
NYC,hour,2024-03-13 02:00:00,2024-03-13,2,2,0,spring,355,,,,
NYC,hour,2024-03-13 03:00:00,2024-03-13,3,2,0,spring,206,,,,
NYC,hour,2024-03-13 04:00:00,2024-03-13,4,2,0,spring,288,,,,
NYC,hour,2024-03-13 05:00:00,2024-03-13,5,2,0,spring,901,,,,
NYC,hour,2024-03-13 06:00:00,2024-03-13,6,2,0,spring,2699,,,,
NYC,hour,2024-03-13 07:00:00,2024-03-13,7,2,0,spring,6136,,,,
NYC,hour,2024-03-13 08:00:00,2024-03-13,8,2,0,spring,9925,,,,
NYC,hour,2024-03-13 09:00:00,2024-03-13,9,2,0,spring,7160,,,,
NYC,hour,2024-03-13 10:00:00,2024-03-13,10,2,0,spring,4730,,,,
NYC,hour,2024-03-13 11:00:00,2024-03-13,11,2,0,spring,4549,,,,
NYC,hour,2024-03-13 12:00:00,2024-03-13,12,2,0,spring,5162,,,,
NYC,hour,2024-03-13 13:00:00,2024-03-13,13,2,0,spring,5605,,,,
NYC,hour,2024-03-13 14:00:00,2024-03-13,14,2,0,spring,6562,,,,
NYC,hour,2024-03-13 15:00:00,2024-03-13,15,2,0,spring,7588,,,,
NYC,hour,2024-03-13 16:00:00,2024-03-13,16,2,0,spring,9102,,,,
NYC,hour,2024-03-13 17:00:00,2024-03-13,17,2,0,spring,12801,,,,
NYC,hour,2024-03-13 18:00:00,2024-03-13,18,2,0,spring,11927,,,,
NYC,hour,2024-03-13 19:00:00,2024-03-13,19,2,0,spring,7814,,,,
NYC,hour,2024-03-13 20:00:00,2024-03-13,20,2,0,spring,5057,,,,
NYC,hour,2024-03-13 21:00:00,2024-03-13,21,2,0,spring,3913,,,,
NYC,hour,2024-03-13 22:00:00,2024-03-13,22,2,0,spring,3001,,,,
NYC,hour,2024-03-13 23:00:00,2024-03-13,23,2,0,spring,1858,,,,
NYC,hour,2024-03-14 00:00:00,2024-03-14,0,3,0,spring,986,,,,
NYC,hour,2024-03-14 01:00:00,2024-03-14,1,3,0,spring,568,,,,
NYC,hour,2024-03-14 02:00:00,2024-03-14,2,3,0,spring,346,,,,
NYC,hour,2024-03-14 03:00:00,2024-03-14,3,3,0,spring,196,,,,
NYC,hour,2024-03-14 04:00:00,2024-03-14,4,3,0,spring,298,,,,
NYC,hour,2024-03-14 05:00:00,2024-03-14,5,3,0,spring,880,,,,
NYC,hour,2024-03-14 06:00:00,2024-03-14,6,3,0,spring,2493,,,,
NYC,hour,2024-03-14 07:00:00,2024-03-14,7,3,0,spring,5936,,,,
NYC,hour,2024-03-14 08:00:00,2024-03-14,8,3,0,spring,9769,,,,
NYC,hour,2024-03-14 09:00:00,2024-03-14,9,3,0,spring,6984,,,,
NYC,hour,2024-03-14 10:00:00,2024-03-14,10,3,0,spring,4926,,,,
NYC,hour,2024-03-14 11:00:00,2024-03-14,11,3,0,spring,5209,,,,
NYC,hour,2024-03-14 12:00:00,2024-03-14,12,3,0,spring,5945,,,,
NYC,hour,2024-03-14 13:00:00,2024-03-14,13,3,0,spring,6474,,,,
NYC,hour,2024-03-14 14:00:00,2024-03-14,14,3,0,spring,7846,,,,
NYC,hour,2024-03-14 15:00:00,2024-03-14,15,3,0,spring,9415,,,,
NYC,hour,2024-03-14 16:00:00,2024-03-14,16,3,0,spring,10788,,,,
NYC,hour,2024-03-14 17:00:00,2024-03-14,17,3,0,spring,15153,,,,
NYC,hour,2024-03-14 18:00:00,2024-03-14,18,3,0,spring,13811,,,,
NYC,hour,2024-03-14 19:00:00,2024-03-14,19,3,0,spring,8618,,,,
NYC,hour,2024-03-14 20:00:00,2024-03-14,20,3,0,spring,5649,,,,
NYC,hour,2024-03-14 21:00:00,2024-03-14,21,3,0,spring,4329,,,,
NYC,hour,2024-03-14 22:00:00,2024-03-14,22,3,0,spring,3495,,,,
NYC,hour,2024-03-14 23:00:00,2024-03-14,23,3,0,spring,2348,,,,
NYC,hour,2024-03-15 00:00:00,2024-03-15,0,4,0,spring,1546,,,,
NYC,hour,2024-03-15 01:00:00,2024-03-15,1,4,0,spring,909,,,,
NYC,hour,2024-03-15 02:00:00,2024-03-15,2,4,0,spring,490,,,,
NYC,hour,2024-03-15 03:00:00,2024-03-15,3,4,0,spring,285,,,,
NYC,hour,2024-03-15 04:00:00,2024-03-15,4,4,0,spring,335,,,,
NYC,hour,2024-03-15 05:00:00,2024-03-15,5,4,0,spring,828,,,,
NYC,hour,2024-03-15 06:00:00,2024-03-15,6,4,0,spring,2388,,,,
NYC,hour,2024-03-15 07:00:00,2024-03-15,7,4,0,spring,5175,,,,
NYC,hour,2024-03-15 08:00:00,2024-03-15,8,4,0,spring,7838,,,,
NYC,hour,2024-03-15 09:00:00,2024-03-15,9,4,0,spring,6122,,,,
NYC,hour,2024-03-15 10:00:00,2024-03-15,10,4,0,spring,4813,,,,
NYC,hour,2024-03-15 11:00:00,2024-03-15,11,4,0,spring,5212,,,,
NYC,hour,2024-03-15 12:00:00,2024-03-15,12,4,0,spring,5552,,,,
NYC,hour,2024-03-15 13:00:00,2024-03-15,13,4,0,spring,6130,,,,
NYC,hour,2024-03-15 14:00:00,2024-03-15,14,4,0,spring,7970,,,,
NYC,hour,2024-03-15 15:00:00,2024-03-15,15,4,0,spring,9168,,,,
NYC,hour,2024-03-15 16:00:00,2024-03-15,16,4,0,spring,10000,,,,
NYC,hour,2024-03-15 17:00:00,2024-03-15,17,4,0,spring,12364,,,,
NYC,hour,2024-03-15 18:00:00,2024-03-15,18,4,0,spring,11433,,,,
NYC,hour,2024-03-15 19:00:00,2024-03-15,19,4,0,spring,7904,,,,
NYC,hour,2024-03-15 20:00:00,2024-03-15,20,4,0,spring,5235,,,,
NYC,hour,2024-03-15 21:00:00,2024-03-15,21,4,0,spring,3941,,,,
NYC,hour,2024-03-15 22:00:00,2024-03-15,22,4,0,spring,3285,,,,
NYC,hour,2024-03-15 23:00:00,2024-03-15,23,4,0,spring,2936,,,,
NYC,hour,2024-03-16 00:00:00,2024-03-16,0,5,1,spring,2115,,,,
NYC,hour,2024-03-16 01:00:00,2024-03-16,1,5,1,spring,1425,,,,
NYC,hour,2024-03-16 02:00:00,2024-03-16,2,5,1,spring,1027,,,,
NYC,hour,2024-03-16 03:00:00,2024-03-16,3,5,1,spring,598,,,,
NYC,hour,2024-03-16 04:00:00,2024-03-16,4,5,1,spring,459,,,,
NYC,hour,2024-03-16 05:00:00,2024-03-16,5,5,1,spring,361,,,,
NYC,hour,2024-03-16 06:00:00,2024-03-16,6,5,1,spring,734,,,,
NYC,hour,2024-03-16 07:00:00,2024-03-16,7,5,1,spring,1488,,,,
NYC,hour,2024-03-16 08:00:00,2024-03-16,8,5,1,spring,2828,,,,
NYC,hour,2024-03-16 09:00:00,2024-03-16,9,5,1,spring,4501,,,,
NYC,hour,2024-03-16 10:00:00,2024-03-16,10,5,1,spring,6006,,,,
NYC,hour,2024-03-16 11:00:00,2024-03-16,11,5,1,spring,7502,,,,
NYC,hour,2024-03-16 12:00:00,2024-03-16,12,5,1,spring,8719,,,,
NYC,hour,2024-03-16 13:00:00,2024-03-16,13,5,1,spring,9418,,,,
NYC,hour,2024-03-16 14:00:00,2024-03-16,14,5,1,spring,9614,,,,
NYC,hour,2024-03-16 15:00:00,2024-03-16,15,5,1,spring,9884,,,,
NYC,hour,2024-03-16 16:00:00,2024-03-16,16,5,1,spring,9166,,,,
NYC,hour,2024-03-16 17:00:00,2024-03-16,17,5,1,spring,8413,,,,
NYC,hour,2024-03-16 18:00:00,2024-03-16,18,5,1,spring,8013,,,,
NYC,hour,2024-03-16 19:00:00,2024-03-16,19,5,1,spring,6090,,,,
NYC,hour,2024-03-16 20:00:00,2024-03-16,20,5,1,spring,4343,,,,
NYC,hour,2024-03-16 21:00:00,2024-03-16,21,5,1,spring,3491,,,,
NYC,hour,2024-03-16 22:00:00,2024-03-16,22,5,1,spring,3281,,,,
NYC,hour,2024-03-16 23:00:00,2024-03-16,23,5,1,spring,2787,,,,
NYC,hour,2024-03-17 00:00:00,2024-03-17,0,6,1,spring,2052,,,,
NYC,hour,2024-03-17 01:00:00,2024-03-17,1,6,1,spring,1392,,,,
NYC,hour,2024-03-17 02:00:00,2024-03-17,2,6,1,spring,928,,,,
NYC,hour,2024-03-17 03:00:00,2024-03-17,3,6,1,spring,676,,,,
NYC,hour,2024-03-17 04:00:00,2024-03-17,4,6,1,spring,424,,,,
NYC,hour,2024-03-17 05:00:00,2024-03-17,5,6,1,spring,471,,,,
NYC,hour,2024-03-17 06:00:00,2024-03-17,6,6,1,spring,900,,,,
NYC,hour,2024-03-17 07:00:00,2024-03-17,7,6,1,spring,1487,,,,
NYC,hour,2024-03-17 08:00:00,2024-03-17,8,6,1,spring,2521,,,,
NYC,hour,2024-03-17 09:00:00,2024-03-17,9,6,1,spring,4112,,,,
NYC,hour,2024-03-17 10:00:00,2024-03-17,10,6,1,spring,5549,,,,
NYC,hour,2024-03-17 11:00:00,2024-03-17,11,6,1,spring,6715,,,,
NYC,hour,2024-03-17 12:00:00,2024-03-17,12,6,1,spring,7717,,,,
NYC,hour,2024-03-17 13:00:00,2024-03-17,13,6,1,spring,8460,,,,
NYC,hour,2024-03-17 14:00:00,2024-03-17,14,6,1,spring,8824,,,,
NYC,hour,2024-03-17 15:00:00,2024-03-17,15,6,1,spring,8837,,,,
NYC,hour,2024-03-17 16:00:00,2024-03-17,16,6,1,spring,8743,,,,
NYC,hour,2024-03-17 17:00:00,2024-03-17,17,6,1,spring,7893,,,,
NYC,hour,2024-03-17 18:00:00,2024-03-17,18,6,1,spring,7453,,,,
NYC,hour,2024-03-17 19:00:00,2024-03-17,19,6,1,spring,5344,,,,
NYC,hour,2024-03-17 20:00:00,2024-03-17,20,6,1,spring,3530,,,,
NYC,hour,2024-03-17 21:00:00,2024-03-17,21,6,1,spring,2621,,,,
NYC,hour,2024-03-17 22:00:00,2024-03-17,22,6,1,spring,2049,,,,
NYC,hour,2024-03-17 23:00:00,2024-03-17,23,6,1,spring,1382,,,,
NYC,hour,2024-03-18 00:00:00,2024-03-18,0,0,0,spring,812,,,,
NYC,hour,2024-03-18 01:00:00,2024-03-18,1,0,0,spring,390,,,,
NYC,hour,2024-03-18 02:00:00,2024-03-18,2,0,0,spring,248,,,,
NYC,hour,2024-03-18 03:00:00,2024-03-18,3,0,0,spring,191,,,,
NYC,hour,2024-03-18 04:00:00,2024-03-18,4,0,0,spring,274,,,,
NYC,hour,2024-03-18 05:00:00,2024-03-18,5,0,0,spring,857,,,,
NYC,hour,2024-03-18 06:00:00,2024-03-18,6,0,0,spring,2278,,,,
NYC,hour,2024-03-18 07:00:00,2024-03-18,7,0,0,spring,5053,,,,
NYC,hour,2024-03-18 08:00:00,2024-03-18,8,0,0,spring,7780,,,,
NYC,hour,2024-03-18 09:00:00,2024-03-18,9,0,0,spring,5292,,,,
NYC,hour,2024-03-18 10:00:00,2024-03-18,10,0,0,spring,3701,,,,
NYC,hour,2024-03-18 11:00:00,2024-03-18,11,0,0,spring,3480,,,,
NYC,hour,2024-03-18 12:00:00,2024-03-18,12,0,0,spring,4087,,,,
NYC,hour,2024-03-18 13:00:00,2024-03-18,13,0,0,spring,4341,,,,
NYC,hour,2024-03-18 14:00:00,2024-03-18,14,0,0,spring,5158,,,,
NYC,hour,2024-03-18 15:00:00,2024-03-18,15,0,0,spring,5937,,,,
NYC,hour,2024-03-18 16:00:00,2024-03-18,16,0,0,spring,7019,,,,
NYC,hour,2024-03-18 17:00:00,2024-03-18,17,0,0,spring,9477,,,,
NYC,hour,2024-03-18 18:00:00,2024-03-18,18,0,0,spring,8802,,,,
NYC,hour,2024-03-18 19:00:00,2024-03-18,19,0,0,spring,5678,,,,
NYC,hour,2024-03-18 20:00:00,2024-03-18,20,0,0,spring,3781,,,,
NYC,hour,2024-03-18 21:00:00,2024-03-18,21,0,0,spring,2704,,,,
NYC,hour,2024-03-18 22:00:00,2024-03-18,22,0,0,spring,1874,,,,
NYC,hour,2024-03-18 23:00:00,2024-03-18,23,0,0,spring,1076,,,,
NYC,hour,2024-03-19 00:00:00,2024-03-19,0,1,0,spring,561,,,,
NYC,hour,2024-03-19 01:00:00,2024-03-19,1,1,0,spring,297,,,,
NYC,hour,2024-03-19 02:00:00,2024-03-19,2,1,0,spring,180,,,,
NYC,hour,2024-03-19 03:00:00,2024-03-19,3,1,0,spring,122,,,,
NYC,hour,2024-03-19 04:00:00,2024-03-19,4,1,0,spring,236,,,,
NYC,hour,2024-03-19 05:00:00,2024-03-19,5,1,0,spring,900,,,,
NYC,hour,2024-03-19 06:00:00,2024-03-19,6,1,0,spring,2407,,,,
NYC,hour,2024-03-19 07:00:00,2024-03-19,7,1,0,spring,5213,,,,
NYC,hour,2024-03-19 08:00:00,2024-03-19,8,1,0,spring,8069,,,,
NYC,hour,2024-03-19 09:00:00,2024-03-19,9,1,0,spring,5473,,,,
NYC,hour,2024-03-19 10:00:00,2024-03-19,10,1,0,spring,3471,,,,
NYC,hour,2024-03-19 11:00:00,2024-03-19,11,1,0,spring,3304,,,,
NYC,hour,2024-03-19 12:00:00,2024-03-19,12,1,0,spring,3849,,,,
NYC,hour,2024-03-19 13:00:00,2024-03-19,13,1,0,spring,4089,,,,
NYC,hour,2024-03-19 14:00:00,2024-03-19,14,1,0,spring,4943,,,,
NYC,hour,2024-03-19 15:00:00,2024-03-19,15,1,0,spring,5651,,,,
NYC,hour,2024-03-19 16:00:00,2024-03-19,16,1,0,spring,6696,,,,
NYC,hour,2024-03-19 17:00:00,2024-03-19,17,1,0,spring,9639,,,,
NYC,hour,2024-03-19 18:00:00,2024-03-19,18,1,0,spring,8819,,,,
NYC,hour,2024-03-19 19:00:00,2024-03-19,19,1,0,spring,5954,,,,
NYC,hour,2024-03-19 20:00:00,2024-03-19,20,1,0,spring,3914,,,,
NYC,hour,2024-03-19 21:00:00,2024-03-19,21,1,0,spring,2754,,,,
NYC,hour,2024-03-19 22:00:00,2024-03-19,22,1,0,spring,2266,,,,
NYC,hour,2024-03-19 23:00:00,2024-03-19,23,1,0,spring,1359,,,,
NYC,hour,2024-03-20 00:00:00,2024-03-20,0,2,0,spring,713,,,,
NYC,hour,2024-03-20 01:00:00,2024-03-20,1,2,0,spring,336,,,,
NYC,hour,2024-03-20 02:00:00,2024-03-20,2,2,0,spring,218,,,,
NYC,hour,2024-03-20 03:00:00,2024-03-20,3,2,0,spring,156,,,,
NYC,hour,2024-03-20 04:00:00,2024-03-20,4,2,0,spring,221,,,,
NYC,hour,2024-03-20 05:00:00,2024-03-20,5,2,0,spring,921,,,,
NYC,hour,2024-03-20 06:00:00,2024-03-20,6,2,0,spring,2491,,,,
NYC,hour,2024-03-20 07:00:00,2024-03-20,7,2,0,spring,5499,,,,
NYC,hour,2024-03-20 08:00:00,2024-03-20,8,2,0,spring,8889,,,,
NYC,hour,2024-03-20 09:00:00,2024-03-20,9,2,0,spring,6164,,,,
NYC,hour,2024-03-20 10:00:00,2024-03-20,10,2,0,spring,3841,,,,
NYC,hour,2024-03-20 11:00:00,2024-03-20,11,2,0,spring,3888,,,,
NYC,hour,2024-03-20 12:00:00,2024-03-20,12,2,0,spring,4281,,,,
NYC,hour,2024-03-20 13:00:00,2024-03-20,13,2,0,spring,4615,,,,
NYC,hour,2024-03-20 14:00:00,2024-03-20,14,2,0,spring,5413,,,,
NYC,hour,2024-03-20 15:00:00,2024-03-20,15,2,0,spring,6292,,,,
NYC,hour,2024-03-20 16:00:00,2024-03-20,16,2,0,spring,6552,,,,
NYC,hour,2024-03-20 17:00:00,2024-03-20,17,2,0,spring,6300,,,,
NYC,hour,2024-03-20 18:00:00,2024-03-20,18,2,0,spring,7477,,,,
NYC,hour,2024-03-20 19:00:00,2024-03-20,19,2,0,spring,5413,,,,
NYC,hour,2024-03-20 20:00:00,2024-03-20,20,2,0,spring,3763,,,,
NYC,hour,2024-03-20 21:00:00,2024-03-20,21,2,0,spring,2764,,,,
NYC,hour,2024-03-20 22:00:00,2024-03-20,22,2,0,spring,2025,,,,
NYC,hour,2024-03-20 23:00:00,2024-03-20,23,2,0,spring,1259,,,,
NYC,hour,2024-03-21 00:00:00,2024-03-21,0,3,0,spring,582,,,,
NYC,hour,2024-03-21 01:00:00,2024-03-21,1,3,0,spring,334,,,,
NYC,hour,2024-03-21 02:00:00,2024-03-21,2,3,0,spring,210,,,,
NYC,hour,2024-03-21 03:00:00,2024-03-21,3,3,0,spring,147,,,,
NYC,hour,2024-03-21 04:00:00,2024-03-21,4,3,0,spring,199,,,,
NYC,hour,2024-03-21 05:00:00,2024-03-21,5,3,0,spring,710,,,,
NYC,hour,2024-03-21 06:00:00,2024-03-21,6,3,0,spring,2045,,,,
NYC,hour,2024-03-21 07:00:00,2024-03-21,7,3,0,spring,4591,,,,
NYC,hour,2024-03-21 08:00:00,2024-03-21,8,3,0,spring,7208,,,,
NYC,hour,2024-03-21 09:00:00,2024-03-21,9,3,0,spring,5109,,,,
NYC,hour,2024-03-21 10:00:00,2024-03-21,10,3,0,spring,3267,,,,
NYC,hour,2024-03-21 11:00:00,2024-03-21,11,3,0,spring,3314,,,,
NYC,hour,2024-03-21 12:00:00,2024-03-21,12,3,0,spring,3770,,,,
NYC,hour,2024-03-21 13:00:00,2024-03-21,13,3,0,spring,3799,,,,
NYC,hour,2024-03-21 14:00:00,2024-03-21,14,3,0,spring,4492,,,,
NYC,hour,2024-03-21 15:00:00,2024-03-21,15,3,0,spring,5144,,,,
NYC,hour,2024-03-21 16:00:00,2024-03-21,16,3,0,spring,6201,,,,
NYC,hour,2024-03-21 17:00:00,2024-03-21,17,3,0,spring,8198,,,,
NYC,hour,2024-03-21 18:00:00,2024-03-21,18,3,0,spring,7904,,,,
NYC,hour,2024-03-21 19:00:00,2024-03-21,19,3,0,spring,5455,,,,
NYC,hour,2024-03-21 20:00:00,2024-03-21,20,3,0,spring,3626,,,,
NYC,hour,2024-03-21 21:00:00,2024-03-21,21,3,0,spring,2637,,,,
NYC,hour,2024-03-21 22:00:00,2024-03-21,22,3,0,spring,2122,,,,
NYC,hour,2024-03-21 23:00:00,2024-03-21,23,3,0,spring,1392,,,,
NYC,hour,2024-03-22 00:00:00,2024-03-22,0,4,0,spring,764,,,,
NYC,hour,2024-03-22 01:00:00,2024-03-22,1,4,0,spring,414,,,,
NYC,hour,2024-03-22 02:00:00,2024-03-22,2,4,0,spring,307,,,,
NYC,hour,2024-03-22 03:00:00,2024-03-22,3,4,0,spring,219,,,,
NYC,hour,2024-03-22 04:00:00,2024-03-22,4,4,0,spring,268,,,,
NYC,hour,2024-03-22 05:00:00,2024-03-22,5,4,0,spring,629,,,,
NYC,hour,2024-03-22 06:00:00,2024-03-22,6,4,0,spring,1807,,,,
NYC,hour,2024-03-22 07:00:00,2024-03-22,7,4,0,spring,3883,,,,
NYC,hour,2024-03-22 08:00:00,2024-03-22,8,4,0,spring,5674,,,,
NYC,hour,2024-03-22 09:00:00,2024-03-22,9,4,0,spring,4490,,,,
NYC,hour,2024-03-22 10:00:00,2024-03-22,10,4,0,spring,3537,,,,
NYC,hour,2024-03-22 11:00:00,2024-03-22,11,4,0,spring,3971,,,,
NYC,hour,2024-03-22 12:00:00,2024-03-22,12,4,0,spring,4824,,,,
NYC,hour,2024-03-22 13:00:00,2024-03-22,13,4,0,spring,4964,,,,
NYC,hour,2024-03-22 14:00:00,2024-03-22,14,4,0,spring,5708,,,,
NYC,hour,2024-03-22 15:00:00,2024-03-22,15,4,0,spring,6140,,,,
NYC,hour,2024-03-22 16:00:00,2024-03-22,16,4,0,spring,6563,,,,
NYC,hour,2024-03-22 17:00:00,2024-03-22,17,4,0,spring,7498,,,,
NYC,hour,2024-03-22 18:00:00,2024-03-22,18,4,0,spring,6858,,,,
NYC,hour,2024-03-22 19:00:00,2024-03-22,19,4,0,spring,5098,,,,
NYC,hour,2024-03-22 20:00:00,2024-03-22,20,4,0,spring,3475,,,,
NYC,hour,2024-03-22 21:00:00,2024-03-22,21,4,0,spring,2632,,,,
NYC,hour,2024-03-22 22:00:00,2024-03-22,22,4,0,spring,2339,,,,
NYC,hour,2024-03-22 23:00:00,2024-03-22,23,4,0,spring,2011,,,,
NYC,hour,2024-03-23 00:00:00,2024-03-23,0,5,1,spring,1596,,,,
NYC,hour,2024-03-23 01:00:00,2024-03-23,1,5,1,spring,1009,,,,
NYC,hour,2024-03-23 02:00:00,2024-03-23,2,5,1,spring,480,,,,
NYC,hour,2024-03-23 03:00:00,2024-03-23,3,5,1,spring,324,,,,
NYC,hour,2024-03-23 04:00:00,2024-03-23,4,5,1,spring,162,,,,
NYC,hour,2024-03-23 05:00:00,2024-03-23,5,5,1,spring,112,,,,
NYC,hour,2024-03-23 06:00:00,2024-03-23,6,5,1,spring,150,,,,
NYC,hour,2024-03-23 07:00:00,2024-03-23,7,5,1,spring,280,,,,
NYC,hour,2024-03-23 08:00:00,2024-03-23,8,5,1,spring,489,,,,
NYC,hour,2024-03-23 09:00:00,2024-03-23,9,5,1,spring,547,,,,
NYC,hour,2024-03-23 10:00:00,2024-03-23,10,5,1,spring,745,,,,
NYC,hour,2024-03-23 11:00:00,2024-03-23,11,5,1,spring,760,,,,
NYC,hour,2024-03-23 12:00:00,2024-03-23,12,5,1,spring,683,,,,
NYC,hour,2024-03-23 13:00:00,2024-03-23,13,5,1,spring,526,,,,
NYC,hour,2024-03-23 14:00:00,2024-03-23,14,5,1,spring,416,,,,
NYC,hour,2024-03-23 15:00:00,2024-03-23,15,5,1,spring,442,,,,
NYC,hour,2024-03-23 16:00:00,2024-03-23,16,5,1,spring,500,,,,
NYC,hour,2024-03-23 17:00:00,2024-03-23,17,5,1,spring,1497,,,,
NYC,hour,2024-03-23 18:00:00,2024-03-23,18,5,1,spring,2508,,,,
NYC,hour,2024-03-23 19:00:00,2024-03-23,19,5,1,spring,2701,,,,
NYC,hour,2024-03-23 20:00:00,2024-03-23,20,5,1,spring,2365,,,,
NYC,hour,2024-03-23 21:00:00,2024-03-23,21,5,1,spring,1965,,,,
NYC,hour,2024-03-23 22:00:00,2024-03-23,22,5,1,spring,1667,,,,
NYC,hour,2024-03-23 23:00:00,2024-03-23,23,5,1,spring,1487,,,,
NYC,hour,2024-03-24 00:00:00,2024-03-24,0,6,1,spring,1051,,,,
NYC,hour,2024-03-24 01:00:00,2024-03-24,1,6,1,spring,815,,,,
NYC,hour,2024-03-24 02:00:00,2024-03-24,2,6,1,spring,487,,,,
NYC,hour,2024-03-24 03:00:00,2024-03-24,3,6,1,spring,368,,,,
NYC,hour,2024-03-24 04:00:00,2024-03-24,4,6,1,spring,265,,,,
NYC,hour,2024-03-24 05:00:00,2024-03-24,5,6,1,spring,203,,,,
NYC,hour,2024-03-24 06:00:00,2024-03-24,6,6,1,spring,434,,,,
NYC,hour,2024-03-24 07:00:00,2024-03-24,7,6,1,spring,950,,,,
NYC,hour,2024-03-24 08:00:00,2024-03-24,8,6,1,spring,1586,,,,
NYC,hour,2024-03-24 09:00:00,2024-03-24,9,6,1,spring,2573,,,,
NYC,hour,2024-03-24 10:00:00,2024-03-24,10,6,1,spring,3683,,,,
NYC,hour,2024-03-24 11:00:00,2024-03-24,11,6,1,spring,4582,,,,
NYC,hour,2024-03-24 12:00:00,2024-03-24,12,6,1,spring,5437,,,,
NYC,hour,2024-03-24 13:00:00,2024-03-24,13,6,1,spring,5962,,,,
NYC,hour,2024-03-24 14:00:00,2024-03-24,14,6,1,spring,6086,,,,
NYC,hour,2024-03-24 15:00:00,2024-03-24,15,6,1,spring,6337,,,,
NYC,hour,2024-03-24 16:00:00,2024-03-24,16,6,1,spring,6429,,,,
NYC,hour,2024-03-24 17:00:00,2024-03-24,17,6,1,spring,6192,,,,
NYC,hour,2024-03-24 18:00:00,2024-03-24,18,6,1,spring,5641,,,,
NYC,hour,2024-03-24 19:00:00,2024-03-24,19,6,1,spring,4175,,,,
NYC,hour,2024-03-24 20:00:00,2024-03-24,20,6,1,spring,2963,,,,
NYC,hour,2024-03-24 21:00:00,2024-03-24,21,6,1,spring,2082,,,,
NYC,hour,2024-03-24 22:00:00,2024-03-24,22,6,1,spring,1554,,,,
NYC,hour,2024-03-24 23:00:00,2024-03-24,23,6,1,spring,1045,,,,
NYC,hour,2024-03-25 00:00:00,2024-03-25,0,0,0,spring,587,,,,
NYC,hour,2024-03-25 01:00:00,2024-03-25,1,0,0,spring,320,,,,
NYC,hour,2024-03-25 02:00:00,2024-03-25,2,0,0,spring,210,,,,
NYC,hour,2024-03-25 03:00:00,2024-03-25,3,0,0,spring,172,,,,
NYC,hour,2024-03-25 04:00:00,2024-03-25,4,0,0,spring,223,,,,
NYC,hour,2024-03-25 05:00:00,2024-03-25,5,0,0,spring,806,,,,
NYC,hour,2024-03-25 06:00:00,2024-03-25,6,0,0,spring,2097,,,,
NYC,hour,2024-03-25 07:00:00,2024-03-25,7,0,0,spring,4433,,,,
NYC,hour,2024-03-25 08:00:00,2024-03-25,8,0,0,spring,6914,,,,
NYC,hour,2024-03-25 09:00:00,2024-03-25,9,0,0,spring,4955,,,,
NYC,hour,2024-03-25 10:00:00,2024-03-25,10,0,0,spring,3333,,,,
NYC,hour,2024-03-25 11:00:00,2024-03-25,11,0,0,spring,3276,,,,
NYC,hour,2024-03-25 12:00:00,2024-03-25,12,0,0,spring,3798,,,,
NYC,hour,2024-03-25 13:00:00,2024-03-25,13,0,0,spring,4233,,,,
NYC,hour,2024-03-25 14:00:00,2024-03-25,14,0,0,spring,5163,,,,
NYC,hour,2024-03-25 15:00:00,2024-03-25,15,0,0,spring,6156,,,,
NYC,hour,2024-03-25 16:00:00,2024-03-25,16,0,0,spring,7245,,,,
NYC,hour,2024-03-25 17:00:00,2024-03-25,17,0,0,spring,10001,,,,
NYC,hour,2024-03-25 18:00:00,2024-03-25,18,0,0,spring,9340,,,,
NYC,hour,2024-03-25 19:00:00,2024-03-25,19,0,0,spring,6717,,,,
NYC,hour,2024-03-25 20:00:00,2024-03-25,20,0,0,spring,4408,,,,
NYC,hour,2024-03-25 21:00:00,2024-03-25,21,0,0,spring,3012,,,,
NYC,hour,2024-03-25 22:00:00,2024-03-25,22,0,0,spring,2192,,,,
NYC,hour,2024-03-25 23:00:00,2024-03-25,23,0,0,spring,1295,,,,
NYC,hour,2024-03-26 00:00:00,2024-03-26,0,1,0,spring,650,,,,
NYC,hour,2024-03-26 01:00:00,2024-03-26,1,1,0,spring,299,,,,
NYC,hour,2024-03-26 02:00:00,2024-03-26,2,1,0,spring,183,,,,
NYC,hour,2024-03-26 03:00:00,2024-03-26,3,1,0,spring,120,,,,
NYC,hour,2024-03-26 04:00:00,2024-03-26,4,1,0,spring,223,,,,
NYC,hour,2024-03-26 05:00:00,2024-03-26,5,1,0,spring,881,,,,
NYC,hour,2024-03-26 06:00:00,2024-03-26,6,1,0,spring,2464,,,,
NYC,hour,2024-03-26 07:00:00,2024-03-26,7,1,0,spring,5421,,,,
NYC,hour,2024-03-26 08:00:00,2024-03-26,8,1,0,spring,8733,,,,
NYC,hour,2024-03-26 09:00:00,2024-03-26,9,1,0,spring,6232,,,,
NYC,hour,2024-03-26 10:00:00,2024-03-26,10,1,0,spring,4092,,,,
NYC,hour,2024-03-26 11:00:00,2024-03-26,11,1,0,spring,3855,,,,
NYC,hour,2024-03-26 12:00:00,2024-03-26,12,1,0,spring,4249,,,,
NYC,hour,2024-03-26 13:00:00,2024-03-26,13,1,0,spring,4642,,,,
NYC,hour,2024-03-26 14:00:00,2024-03-26,14,1,0,spring,5349,,,,
NYC,hour,2024-03-26 15:00:00,2024-03-26,15,1,0,spring,6073,,,,
NYC,hour,2024-03-26 16:00:00,2024-03-26,16,1,0,spring,7635,,,,
NYC,hour,2024-03-26 17:00:00,2024-03-26,17,1,0,spring,11109,,,,
NYC,hour,2024-03-26 18:00:00,2024-03-26,18,1,0,spring,10483,,,,
NYC,hour,2024-03-26 19:00:00,2024-03-26,19,1,0,spring,6938,,,,
NYC,hour,2024-03-26 20:00:00,2024-03-26,20,1,0,spring,4696,,,,
NYC,hour,2024-03-26 21:00:00,2024-03-26,21,1,0,spring,3424,,,,
NYC,hour,2024-03-26 22:00:00,2024-03-26,22,1,0,spring,2649,,,,
NYC,hour,2024-03-26 23:00:00,2024-03-26,23,1,0,spring,1622,,,,
NYC,hour,2024-03-27 00:00:00,2024-03-27,0,2,0,spring,833,,,,
NYC,hour,2024-03-27 01:00:00,2024-03-27,1,2,0,spring,416,,,,
NYC,hour,2024-03-27 02:00:00,2024-03-27,2,2,0,spring,263,,,,
NYC,hour,2024-03-27 03:00:00,2024-03-27,3,2,0,spring,165,,,,
NYC,hour,2024-03-27 04:00:00,2024-03-27,4,2,0,spring,265,,,,
NYC,hour,2024-03-27 05:00:00,2024-03-27,5,2,0,spring,911,,,,
NYC,hour,2024-03-27 06:00:00,2024-03-27,6,2,0,spring,2489,,,,
NYC,hour,2024-03-27 07:00:00,2024-03-27,7,2,0,spring,5599,,,,
NYC,hour,2024-03-27 08:00:00,2024-03-27,8,2,0,spring,8894,,,,
NYC,hour,2024-03-27 09:00:00,2024-03-27,9,2,0,spring,6408,,,,
NYC,hour,2024-03-27 10:00:00,2024-03-27,10,2,0,spring,4199,,,,
NYC,hour,2024-03-27 11:00:00,2024-03-27,11,2,0,spring,4095,,,,
NYC,hour,2024-03-27 12:00:00,2024-03-27,12,2,0,spring,4625,,,,
NYC,hour,2024-03-27 13:00:00,2024-03-27,13,2,0,spring,4971,,,,
NYC,hour,2024-03-27 14:00:00,2024-03-27,14,2,0,spring,5560,,,,
NYC,hour,2024-03-27 15:00:00,2024-03-27,15,2,0,spring,6371,,,,
NYC,hour,2024-03-27 16:00:00,2024-03-27,16,2,0,spring,7058,,,,
NYC,hour,2024-03-27 17:00:00,2024-03-27,17,2,0,spring,8021,,,,
NYC,hour,2024-03-27 18:00:00,2024-03-27,18,2,0,spring,5325,,,,
NYC,hour,2024-03-27 19:00:00,2024-03-27,19,2,0,spring,5182,,,,
NYC,hour,2024-03-27 20:00:00,2024-03-27,20,2,0,spring,3931,,,,
NYC,hour,2024-03-27 21:00:00,2024-03-27,21,2,0,spring,3321,,,,
NYC,hour,2024-03-27 22:00:00,2024-03-27,22,2,0,spring,2745,,,,
NYC,hour,2024-03-27 23:00:00,2024-03-27,23,2,0,spring,1530,,,,
NYC,hour,2024-03-28 00:00:00,2024-03-28,0,3,0,spring,696,,,,
NYC,hour,2024-03-28 01:00:00,2024-03-28,1,3,0,spring,240,,,,
NYC,hour,2024-03-28 02:00:00,2024-03-28,2,3,0,spring,67,,,,
NYC,hour,2024-03-28 03:00:00,2024-03-28,3,3,0,spring,112,,,,
NYC,hour,2024-03-28 04:00:00,2024-03-28,4,3,0,spring,135,,,,
NYC,hour,2024-03-28 05:00:00,2024-03-28,5,3,0,spring,470,,,,
NYC,hour,2024-03-28 06:00:00,2024-03-28,6,3,0,spring,1259,,,,
NYC,hour,2024-03-28 07:00:00,2024-03-28,7,3,0,spring,3180,,,,
NYC,hour,2024-03-28 08:00:00,2024-03-28,8,3,0,spring,6126,,,,
NYC,hour,2024-03-28 09:00:00,2024-03-28,9,3,0,spring,3453,,,,
NYC,hour,2024-03-28 10:00:00,2024-03-28,10,3,0,spring,2827,,,,
NYC,hour,2024-03-28 11:00:00,2024-03-28,11,3,0,spring,2021,,,,
NYC,hour,2024-03-28 12:00:00,2024-03-28,12,3,0,spring,1433,,,,
NYC,hour,2024-03-28 13:00:00,2024-03-28,13,3,0,spring,1444,,,,
NYC,hour,2024-03-28 14:00:00,2024-03-28,14,3,0,spring,2747,,,,
NYC,hour,2024-03-28 15:00:00,2024-03-28,15,3,0,spring,3260,,,,
NYC,hour,2024-03-28 16:00:00,2024-03-28,16,3,0,spring,2708,,,,
NYC,hour,2024-03-28 17:00:00,2024-03-28,17,3,0,spring,5357,,,,
NYC,hour,2024-03-28 18:00:00,2024-03-28,18,3,0,spring,5516,,,,
NYC,hour,2024-03-28 19:00:00,2024-03-28,19,3,0,spring,2856,,,,
NYC,hour,2024-03-28 20:00:00,2024-03-28,20,3,0,spring,2924,,,,
NYC,hour,2024-03-28 21:00:00,2024-03-28,21,3,0,spring,1857,,,,
NYC,hour,2024-03-28 22:00:00,2024-03-28,22,3,0,spring,2028,,,,
NYC,hour,2024-03-28 23:00:00,2024-03-28,23,3,0,spring,1795,,,,
NYC,hour,2024-03-29 00:00:00,2024-03-29,0,4,0,spring,1171,,,,
NYC,hour,2024-03-29 01:00:00,2024-03-29,1,4,0,spring,706,,,,
NYC,hour,2024-03-29 02:00:00,2024-03-29,2,4,0,spring,429,,,,
NYC,hour,2024-03-29 03:00:00,2024-03-29,3,4,0,spring,274,,,,
NYC,hour,2024-03-29 04:00:00,2024-03-29,4,4,0,spring,305,,,,
NYC,hour,2024-03-29 05:00:00,2024-03-29,5,4,0,spring,702,,,,
NYC,hour,2024-03-29 06:00:00,2024-03-29,6,4,0,spring,1528,,,,
NYC,hour,2024-03-29 07:00:00,2024-03-29,7,4,0,spring,2858,,,,
NYC,hour,2024-03-29 08:00:00,2024-03-29,8,4,0,spring,4637,,,,
NYC,hour,2024-03-29 09:00:00,2024-03-29,9,4,0,spring,5163,,,,
NYC,hour,2024-03-29 10:00:00,2024-03-29,10,4,0,spring,4803,,,,
NYC,hour,2024-03-29 11:00:00,2024-03-29,11,4,0,spring,5408,,,,
NYC,hour,2024-03-29 12:00:00,2024-03-29,12,4,0,spring,6301,,,,
NYC,hour,2024-03-29 13:00:00,2024-03-29,13,4,0,spring,6965,,,,
NYC,hour,2024-03-29 14:00:00,2024-03-29,14,4,0,spring,7393,,,,
NYC,hour,2024-03-29 15:00:00,2024-03-29,15,4,0,spring,7635,,,,
NYC,hour,2024-03-29 16:00:00,2024-03-29,16,4,0,spring,8020,,,,
NYC,hour,2024-03-29 17:00:00,2024-03-29,17,4,0,spring,8681,,,,
NYC,hour,2024-03-29 18:00:00,2024-03-29,18,4,0,spring,7703,,,,
NYC,hour,2024-03-29 19:00:00,2024-03-29,19,4,0,spring,5653,,,,
NYC,hour,2024-03-29 20:00:00,2024-03-29,20,4,0,spring,3727,,,,
NYC,hour,2024-03-29 21:00:00,2024-03-29,21,4,0,spring,2761,,,,
NYC,hour,2024-03-29 22:00:00,2024-03-29,22,4,0,spring,2332,,,,
NYC,hour,2024-03-29 23:00:00,2024-03-29,23,4,0,spring,1941,,,,
NYC,hour,2024-03-30 00:00:00,2024-03-30,0,5,1,spring,1486,,,,
NYC,hour,2024-03-30 01:00:00,2024-03-30,1,5,1,spring,982,,,,
NYC,hour,2024-03-30 02:00:00,2024-03-30,2,5,1,spring,657,,,,
NYC,hour,2024-03-30 03:00:00,2024-03-30,3,5,1,spring,499,,,,
NYC,hour,2024-03-30 04:00:00,2024-03-30,4,5,1,spring,369,,,,
NYC,hour,2024-03-30 05:00:00,2024-03-30,5,5,1,spring,307,,,,
NYC,hour,2024-03-30 06:00:00,2024-03-30,6,5,1,spring,629,,,,
NYC,hour,2024-03-30 07:00:00,2024-03-30,7,5,1,spring,1317,,,,
NYC,hour,2024-03-30 08:00:00,2024-03-30,8,5,1,spring,2345,,,,
NYC,hour,2024-03-30 09:00:00,2024-03-30,9,5,1,spring,3688,,,,
NYC,hour,2024-03-30 10:00:00,2024-03-30,10,5,1,spring,5131,,,,
NYC,hour,2024-03-30 11:00:00,2024-03-30,11,5,1,spring,6424,,,,
NYC,hour,2024-03-30 12:00:00,2024-03-30,12,5,1,spring,7404,,,,
NYC,hour,2024-03-30 13:00:00,2024-03-30,13,5,1,spring,8057,,,,
NYC,hour,2024-03-30 14:00:00,2024-03-30,14,5,1,spring,8529,,,,
NYC,hour,2024-03-30 15:00:00,2024-03-30,15,5,1,spring,8766,,,,
NYC,hour,2024-03-30 16:00:00,2024-03-30,16,5,1,spring,8583,,,,
NYC,hour,2024-03-30 17:00:00,2024-03-30,17,5,1,spring,7941,,,,
NYC,hour,2024-03-30 18:00:00,2024-03-30,18,5,1,spring,7105,,,,
NYC,hour,2024-03-30 19:00:00,2024-03-30,19,5,1,spring,5390,,,,
NYC,hour,2024-03-30 20:00:00,2024-03-30,20,5,1,spring,2782,,,,
NYC,hour,2024-03-30 21:00:00,2024-03-30,21,5,1,spring,2135,,,,
NYC,hour,2024-03-30 22:00:00,2024-03-30,22,5,1,spring,2323,,,,
NYC,hour,2024-03-30 23:00:00,2024-03-30,23,5,1,spring,2168,,,,
NYC,hour,2024-03-31 00:00:00,2024-03-31,0,6,1,spring,1294,,,,
NYC,hour,2024-03-31 01:00:00,2024-03-31,1,6,1,spring,925,,,,
NYC,hour,2024-03-31 02:00:00,2024-03-31,2,6,1,spring,705,,,,
NYC,hour,2024-03-31 03:00:00,2024-03-31,3,6,1,spring,523,,,,
NYC,hour,2024-03-31 04:00:00,2024-03-31,4,6,1,spring,474,,,,
NYC,hour,2024-03-31 05:00:00,2024-03-31,5,6,1,spring,351,,,,
NYC,hour,2024-03-31 06:00:00,2024-03-31,6,6,1,spring,596,,,,
NYC,hour,2024-03-31 07:00:00,2024-03-31,7,6,1,spring,1131,,,,
NYC,hour,2024-03-31 08:00:00,2024-03-31,8,6,1,spring,2059,,,,
NYC,hour,2024-03-31 09:00:00,2024-03-31,9,6,1,spring,3485,,,,
NYC,hour,2024-03-31 10:00:00,2024-03-31,10,6,1,spring,4805,,,,
NYC,hour,2024-03-31 11:00:00,2024-03-31,11,6,1,spring,6168,,,,
NYC,hour,2024-03-31 12:00:00,2024-03-31,12,6,1,spring,6924,,,,
NYC,hour,2024-03-31 13:00:00,2024-03-31,13,6,1,spring,7187,,,,
NYC,hour,2024-03-31 14:00:00,2024-03-31,14,6,1,spring,7922,,,,
NYC,hour,2024-03-31 15:00:00,2024-03-31,15,6,1,spring,8241,,,,
NYC,hour,2024-03-31 16:00:00,2024-03-31,16,6,1,spring,7862,,,,
NYC,hour,2024-03-31 17:00:00,2024-03-31,17,6,1,spring,7680,,,,
NYC,hour,2024-03-31 18:00:00,2024-03-31,18,6,1,spring,6679,,,,
NYC,hour,2024-03-31 19:00:00,2024-03-31,19,6,1,spring,5236,,,,
NYC,hour,2024-03-31 20:00:00,2024-03-31,20,6,1,spring,3697,,,,
NYC,hour,2024-03-31 21:00:00,2024-03-31,21,6,1,spring,2879,,,,
NYC,hour,2024-03-31 22:00:00,2024-03-31,22,6,1,spring,2381,,,,
NYC,hour,2024-03-31 23:00:00,2024-03-31,23,6,1,spring,1612,,,,
NYC,hour,2024-04-01 00:00:00,2024-04-01,0,0,0,spring,920,,,,
NYC,hour,2024-04-01 01:00:00,2024-04-01,1,0,0,spring,531,,,,
NYC,hour,2024-04-01 02:00:00,2024-04-01,2,0,0,spring,316,,,,
NYC,hour,2024-04-01 03:00:00,2024-04-01,3,0,0,spring,213,,,,
NYC,hour,2024-04-01 04:00:00,2024-04-01,4,0,0,spring,280,,,,
NYC,hour,2024-04-01 05:00:00,2024-04-01,5,0,0,spring,855,,,,
NYC,hour,2024-04-01 06:00:00,2024-04-01,6,0,0,spring,2205,,,,
NYC,hour,2024-04-01 07:00:00,2024-04-01,7,0,0,spring,4233,,,,
NYC,hour,2024-04-01 08:00:00,2024-04-01,8,0,0,spring,6418,,,,
NYC,hour,2024-04-01 09:00:00,2024-04-01,9,0,0,spring,3679,,,,
NYC,hour,2024-04-01 10:00:00,2024-04-01,10,0,0,spring,2305,,,,
NYC,hour,2024-04-01 11:00:00,2024-04-01,11,0,0,spring,2367,,,,
NYC,hour,2024-04-01 12:00:00,2024-04-01,12,0,0,spring,3383,,,,
NYC,hour,2024-04-01 13:00:00,2024-04-01,13,0,0,spring,4070,,,,
NYC,hour,2024-04-01 14:00:00,2024-04-01,14,0,0,spring,4705,,,,
NYC,hour,2024-04-01 15:00:00,2024-04-01,15,0,0,spring,5577,,,,
NYC,hour,2024-04-01 16:00:00,2024-04-01,16,0,0,spring,6773,,,,
NYC,hour,2024-04-01 17:00:00,2024-04-01,17,0,0,spring,9531,,,,
NYC,hour,2024-04-01 18:00:00,2024-04-01,18,0,0,spring,9466,,,,
NYC,hour,2024-04-01 19:00:00,2024-04-01,19,0,0,spring,6776,,,,
NYC,hour,2024-04-01 20:00:00,2024-04-01,20,0,0,spring,4727,,,,
NYC,hour,2024-04-01 21:00:00,2024-04-01,21,0,0,spring,3628,,,,
NYC,hour,2024-04-01 22:00:00,2024-04-01,22,0,0,spring,2594,,,,
NYC,hour,2024-04-01 23:00:00,2024-04-01,23,0,0,spring,1580,,,,
NYC,hour,2024-04-02 00:00:00,2024-04-02,0,1,0,spring,891,,,,
NYC,hour,2024-04-02 01:00:00,2024-04-02,1,1,0,spring,404,,,,
NYC,hour,2024-04-02 02:00:00,2024-04-02,2,1,0,spring,271,,,,
NYC,hour,2024-04-02 03:00:00,2024-04-02,3,1,0,spring,183,,,,
NYC,hour,2024-04-02 04:00:00,2024-04-02,4,1,0,spring,338,,,,
NYC,hour,2024-04-02 05:00:00,2024-04-02,5,1,0,spring,906,,,,
NYC,hour,2024-04-02 06:00:00,2024-04-02,6,1,0,spring,1550,,,,
NYC,hour,2024-04-02 07:00:00,2024-04-02,7,1,0,spring,2601,,,,
NYC,hour,2024-04-02 08:00:00,2024-04-02,8,1,0,spring,3860,,,,
NYC,hour,2024-04-02 09:00:00,2024-04-02,9,1,0,spring,3834,,,,
NYC,hour,2024-04-02 10:00:00,2024-04-02,10,1,0,spring,2803,,,,
NYC,hour,2024-04-02 11:00:00,2024-04-02,11,1,0,spring,2419,,,,
NYC,hour,2024-04-02 12:00:00,2024-04-02,12,1,0,spring,1257,,,,
NYC,hour,2024-04-02 13:00:00,2024-04-02,13,1,0,spring,1141,,,,
NYC,hour,2024-04-02 14:00:00,2024-04-02,14,1,0,spring,975,,,,
NYC,hour,2024-04-02 15:00:00,2024-04-02,15,1,0,spring,1352,,,,
NYC,hour,2024-04-02 16:00:00,2024-04-02,16,1,0,spring,1978,,,,
NYC,hour,2024-04-02 17:00:00,2024-04-02,17,1,0,spring,2734,,,,
NYC,hour,2024-04-02 18:00:00,2024-04-02,18,1,0,spring,3026,,,,
NYC,hour,2024-04-02 19:00:00,2024-04-02,19,1,0,spring,1873,,,,
NYC,hour,2024-04-02 20:00:00,2024-04-02,20,1,0,spring,1594,,,,
NYC,hour,2024-04-02 21:00:00,2024-04-02,21,1,0,spring,1645,,,,
NYC,hour,2024-04-02 22:00:00,2024-04-02,22,1,0,spring,1640,,,,
NYC,hour,2024-04-02 23:00:00,2024-04-02,23,1,0,spring,1062,,,,
NYC,hour,2024-04-03 00:00:00,2024-04-03,0,2,0,spring,522,,,,
NYC,hour,2024-04-03 01:00:00,2024-04-03,1,2,0,spring,223,,,,
NYC,hour,2024-04-03 02:00:00,2024-04-03,2,2,0,spring,173,,,,
NYC,hour,2024-04-03 03:00:00,2024-04-03,3,2,0,spring,99,,,,
NYC,hour,2024-04-03 04:00:00,2024-04-03,4,2,0,spring,128,,,,
NYC,hour,2024-04-03 05:00:00,2024-04-03,5,2,0,spring,325,,,,
NYC,hour,2024-04-03 06:00:00,2024-04-03,6,2,0,spring,1041,,,,
NYC,hour,2024-04-03 07:00:00,2024-04-03,7,2,0,spring,1940,,,,
NYC,hour,2024-04-03 08:00:00,2024-04-03,8,2,0,spring,2749,,,,
NYC,hour,2024-04-03 09:00:00,2024-04-03,9,2,0,spring,1924,,,,
NYC,hour,2024-04-03 10:00:00,2024-04-03,10,2,0,spring,1349,,,,
NYC,hour,2024-04-03 11:00:00,2024-04-03,11,2,0,spring,1031,,,,
NYC,hour,2024-04-03 12:00:00,2024-04-03,12,2,0,spring,946,,,,
NYC,hour,2024-04-03 13:00:00,2024-04-03,13,2,0,spring,1052,,,,
NYC,hour,2024-04-03 14:00:00,2024-04-03,14,2,0,spring,1936,,,,
NYC,hour,2024-04-03 15:00:00,2024-04-03,15,2,0,spring,1235,,,,
NYC,hour,2024-04-03 16:00:00,2024-04-03,16,2,0,spring,1244,,,,
NYC,hour,2024-04-03 17:00:00,2024-04-03,17,2,0,spring,1635,,,,
NYC,hour,2024-04-03 18:00:00,2024-04-03,18,2,0,spring,1407,,,,
NYC,hour,2024-04-03 19:00:00,2024-04-03,19,2,0,spring,1464,,,,
NYC,hour,2024-04-03 20:00:00,2024-04-03,20,2,0,spring,1202,,,,
NYC,hour,2024-04-03 21:00:00,2024-04-03,21,2,0,spring,1108,,,,
NYC,hour,2024-04-03 22:00:00,2024-04-03,22,2,0,spring,1200,,,,
NYC,hour,2024-04-03 23:00:00,2024-04-03,23,2,0,spring,622,,,,
NYC,hour,2024-04-04 00:00:00,2024-04-04,0,3,0,spring,347,,,,
NYC,hour,2024-04-04 01:00:00,2024-04-04,1,3,0,spring,166,,,,
NYC,hour,2024-04-04 02:00:00,2024-04-04,2,3,0,spring,144,,,,
NYC,hour,2024-04-04 03:00:00,2024-04-04,3,3,0,spring,62,,,,
NYC,hour,2024-04-04 04:00:00,2024-04-04,4,3,0,spring,118,,,,
NYC,hour,2024-04-04 05:00:00,2024-04-04,5,3,0,spring,666,,,,
NYC,hour,2024-04-04 06:00:00,2024-04-04,6,3,0,spring,1992,,,,
NYC,hour,2024-04-04 07:00:00,2024-04-04,7,3,0,spring,4672,,,,
NYC,hour,2024-04-04 08:00:00,2024-04-04,8,3,0,spring,7816,,,,
NYC,hour,2024-04-04 09:00:00,2024-04-04,9,3,0,spring,5805,,,,
NYC,hour,2024-04-04 10:00:00,2024-04-04,10,3,0,spring,3748,,,,
NYC,hour,2024-04-04 11:00:00,2024-04-04,11,3,0,spring,3758,,,,
NYC,hour,2024-04-04 12:00:00,2024-04-04,12,3,0,spring,4256,,,,
NYC,hour,2024-04-04 13:00:00,2024-04-04,13,3,0,spring,4585,,,,
NYC,hour,2024-04-04 14:00:00,2024-04-04,14,3,0,spring,5394,,,,
NYC,hour,2024-04-04 15:00:00,2024-04-04,15,3,0,spring,6361,,,,
NYC,hour,2024-04-04 16:00:00,2024-04-04,16,3,0,spring,7556,,,,
NYC,hour,2024-04-04 17:00:00,2024-04-04,17,3,0,spring,10487,,,,
NYC,hour,2024-04-04 18:00:00,2024-04-04,18,3,0,spring,10062,,,,
NYC,hour,2024-04-04 19:00:00,2024-04-04,19,3,0,spring,7072,,,,
NYC,hour,2024-04-04 20:00:00,2024-04-04,20,3,0,spring,4012,,,,
NYC,hour,2024-04-04 21:00:00,2024-04-04,21,3,0,spring,3118,,,,
NYC,hour,2024-04-04 22:00:00,2024-04-04,22,3,0,spring,2844,,,,
NYC,hour,2024-04-04 23:00:00,2024-04-04,23,3,0,spring,1878,,,,
NYC,hour,2024-04-05 00:00:00,2024-04-05,0,4,0,spring,1138,,,,
NYC,hour,2024-04-05 01:00:00,2024-04-05,1,4,0,spring,578,,,,
NYC,hour,2024-04-05 02:00:00,2024-04-05,2,4,0,spring,387,,,,
NYC,hour,2024-04-05 03:00:00,2024-04-05,3,4,0,spring,206,,,,
NYC,hour,2024-04-05 04:00:00,2024-04-05,4,4,0,spring,291,,,,
NYC,hour,2024-04-05 05:00:00,2024-04-05,5,4,0,spring,766,,,,
NYC,hour,2024-04-05 06:00:00,2024-04-05,6,4,0,spring,2179,,,,
NYC,hour,2024-04-05 07:00:00,2024-04-05,7,4,0,spring,4720,,,,
NYC,hour,2024-04-05 08:00:00,2024-04-05,8,4,0,spring,6863,,,,
NYC,hour,2024-04-05 09:00:00,2024-04-05,9,4,0,spring,5433,,,,
NYC,hour,2024-04-05 10:00:00,2024-04-05,10,4,0,spring,4257,,,,
NYC,hour,2024-04-05 11:00:00,2024-04-05,11,4,0,spring,4480,,,,
NYC,hour,2024-04-05 12:00:00,2024-04-05,12,4,0,spring,5104,,,,
NYC,hour,2024-04-05 13:00:00,2024-04-05,13,4,0,spring,5497,,,,
NYC,hour,2024-04-05 14:00:00,2024-04-05,14,4,0,spring,6126,,,,
NYC,hour,2024-04-05 15:00:00,2024-04-05,15,4,0,spring,6956,,,,
NYC,hour,2024-04-05 16:00:00,2024-04-05,16,4,0,spring,7846,,,,
NYC,hour,2024-04-05 17:00:00,2024-04-05,17,4,0,spring,9249,,,,
NYC,hour,2024-04-05 18:00:00,2024-04-05,18,4,0,spring,8594,,,,
NYC,hour,2024-04-05 19:00:00,2024-04-05,19,4,0,spring,6741,,,,
NYC,hour,2024-04-05 20:00:00,2024-04-05,20,4,0,spring,4340,,,,
NYC,hour,2024-04-05 21:00:00,2024-04-05,21,4,0,spring,3285,,,,
NYC,hour,2024-04-05 22:00:00,2024-04-05,22,4,0,spring,2577,,,,
NYC,hour,2024-04-05 23:00:00,2024-04-05,23,4,0,spring,2288,,,,
NYC,hour,2024-04-06 00:00:00,2024-04-06,0,5,1,spring,1845,,,,
NYC,hour,2024-04-06 01:00:00,2024-04-06,1,5,1,spring,1220,,,,
NYC,hour,2024-04-06 02:00:00,2024-04-06,2,5,1,spring,874,,,,
NYC,hour,2024-04-06 03:00:00,2024-04-06,3,5,1,spring,617,,,,
NYC,hour,2024-04-06 04:00:00,2024-04-06,4,5,1,spring,499,,,,
NYC,hour,2024-04-06 05:00:00,2024-04-06,5,5,1,spring,387,,,,
NYC,hour,2024-04-06 06:00:00,2024-04-06,6,5,1,spring,841,,,,
NYC,hour,2024-04-06 07:00:00,2024-04-06,7,5,1,spring,1660,,,,
NYC,hour,2024-04-06 08:00:00,2024-04-06,8,5,1,spring,2775,,,,
NYC,hour,2024-04-06 09:00:00,2024-04-06,9,5,1,spring,4138,,,,
NYC,hour,2024-04-06 10:00:00,2024-04-06,10,5,1,spring,5301,,,,
NYC,hour,2024-04-06 11:00:00,2024-04-06,11,5,1,spring,6498,,,,
NYC,hour,2024-04-06 12:00:00,2024-04-06,12,5,1,spring,6961,,,,
NYC,hour,2024-04-06 13:00:00,2024-04-06,13,5,1,spring,7103,,,,
NYC,hour,2024-04-06 14:00:00,2024-04-06,14,5,1,spring,7568,,,,
NYC,hour,2024-04-06 15:00:00,2024-04-06,15,5,1,spring,7854,,,,
NYC,hour,2024-04-06 16:00:00,2024-04-06,16,5,1,spring,7375,,,,
NYC,hour,2024-04-06 17:00:00,2024-04-06,17,5,1,spring,7051,,,,
NYC,hour,2024-04-06 18:00:00,2024-04-06,18,5,1,spring,6822,,,,
NYC,hour,2024-04-06 19:00:00,2024-04-06,19,5,1,spring,5278,,,,
NYC,hour,2024-04-06 20:00:00,2024-04-06,20,5,1,spring,3891,,,,
NYC,hour,2024-04-06 21:00:00,2024-04-06,21,5,1,spring,3089,,,,
NYC,hour,2024-04-06 22:00:00,2024-04-06,22,5,1,spring,2631,,,,
NYC,hour,2024-04-06 23:00:00,2024-04-06,23,5,1,spring,2652,,,,
NYC,hour,2024-04-07 00:00:00,2024-04-07,0,6,1,spring,1826,,,,
NYC,hour,2024-04-07 01:00:00,2024-04-07,1,6,1,spring,1241,,,,
NYC,hour,2024-04-07 02:00:00,2024-04-07,2,6,1,spring,832,,,,
NYC,hour,2024-04-07 03:00:00,2024-04-07,3,6,1,spring,606,,,,
NYC,hour,2024-04-07 04:00:00,2024-04-07,4,6,1,spring,489,,,,
NYC,hour,2024-04-07 05:00:00,2024-04-07,5,6,1,spring,317,,,,
NYC,hour,2024-04-07 06:00:00,2024-04-07,6,6,1,spring,694,,,,
NYC,hour,2024-04-07 07:00:00,2024-04-07,7,6,1,spring,1283,,,,
NYC,hour,2024-04-07 08:00:00,2024-04-07,8,6,1,spring,2190,,,,
NYC,hour,2024-04-07 09:00:00,2024-04-07,9,6,1,spring,3574,,,,
NYC,hour,2024-04-07 10:00:00,2024-04-07,10,6,1,spring,4891,,,,
NYC,hour,2024-04-07 11:00:00,2024-04-07,11,6,1,spring,6154,,,,
NYC,hour,2024-04-07 12:00:00,2024-04-07,12,6,1,spring,7117,,,,
NYC,hour,2024-04-07 13:00:00,2024-04-07,13,6,1,spring,7832,,,,
NYC,hour,2024-04-07 14:00:00,2024-04-07,14,6,1,spring,8428,,,,
NYC,hour,2024-04-07 15:00:00,2024-04-07,15,6,1,spring,8448,,,,
NYC,hour,2024-04-07 16:00:00,2024-04-07,16,6,1,spring,8358,,,,
NYC,hour,2024-04-07 17:00:00,2024-04-07,17,6,1,spring,8141,,,,
NYC,hour,2024-04-07 18:00:00,2024-04-07,18,6,1,spring,7394,,,,
NYC,hour,2024-04-07 19:00:00,2024-04-07,19,6,1,spring,5461,,,,
NYC,hour,2024-04-07 20:00:00,2024-04-07,20,6,1,spring,3664,,,,
NYC,hour,2024-04-07 21:00:00,2024-04-07,21,6,1,spring,2716,,,,
NYC,hour,2024-04-07 22:00:00,2024-04-07,22,6,1,spring,2034,,,,
NYC,hour,2024-04-07 23:00:00,2024-04-07,23,6,1,spring,1231,,,,
NYC,hour,2024-04-08 00:00:00,2024-04-08,0,0,0,spring,781,,,,
NYC,hour,2024-04-08 01:00:00,2024-04-08,1,0,0,spring,374,,,,
NYC,hour,2024-04-08 02:00:00,2024-04-08,2,0,0,spring,249,,,,
NYC,hour,2024-04-08 03:00:00,2024-04-08,3,0,0,spring,177,,,,
NYC,hour,2024-04-08 04:00:00,2024-04-08,4,0,0,spring,265,,,,
NYC,hour,2024-04-08 05:00:00,2024-04-08,5,0,0,spring,851,,,,
NYC,hour,2024-04-08 06:00:00,2024-04-08,6,0,0,spring,2419,,,,
NYC,hour,2024-04-08 07:00:00,2024-04-08,7,0,0,spring,5498,,,,
NYC,hour,2024-04-08 08:00:00,2024-04-08,8,0,0,spring,8251,,,,
NYC,hour,2024-04-08 09:00:00,2024-04-08,9,0,0,spring,5776,,,,
NYC,hour,2024-04-08 10:00:00,2024-04-08,10,0,0,spring,4646,,,,
NYC,hour,2024-04-08 11:00:00,2024-04-08,11,0,0,spring,4856,,,,
NYC,hour,2024-04-08 12:00:00,2024-04-08,12,0,0,spring,5798,,,,
NYC,hour,2024-04-08 13:00:00,2024-04-08,13,0,0,spring,6988,,,,
NYC,hour,2024-04-08 14:00:00,2024-04-08,14,0,0,spring,9236,,,,
NYC,hour,2024-04-08 15:00:00,2024-04-08,15,0,0,spring,8142,,,,
NYC,hour,2024-04-08 16:00:00,2024-04-08,16,0,0,spring,8162,,,,
NYC,hour,2024-04-08 17:00:00,2024-04-08,17,0,0,spring,10291,,,,
NYC,hour,2024-04-08 18:00:00,2024-04-08,18,0,0,spring,9244,,,,
NYC,hour,2024-04-08 19:00:00,2024-04-08,19,0,0,spring,6666,,,,
NYC,hour,2024-04-08 20:00:00,2024-04-08,20,0,0,spring,4839,,,,
NYC,hour,2024-04-08 21:00:00,2024-04-08,21,0,0,spring,3404,,,,
NYC,hour,2024-04-08 22:00:00,2024-04-08,22,0,0,spring,2523,,,,
NYC,hour,2024-04-08 23:00:00,2024-04-08,23,0,0,spring,1748,,,,
NYC,hour,2024-04-09 00:00:00,2024-04-09,0,1,0,spring,894,,,,
NYC,hour,2024-04-09 01:00:00,2024-04-09,1,1,0,spring,554,,,,
NYC,hour,2024-04-09 02:00:00,2024-04-09,2,1,0,spring,295,,,,
NYC,hour,2024-04-09 03:00:00,2024-04-09,3,1,0,spring,221,,,,
NYC,hour,2024-04-09 04:00:00,2024-04-09,4,1,0,spring,286,,,,
NYC,hour,2024-04-09 05:00:00,2024-04-09,5,1,0,spring,959,,,,
NYC,hour,2024-04-09 06:00:00,2024-04-09,6,1,0,spring,3068,,,,
NYC,hour,2024-04-09 07:00:00,2024-04-09,7,1,0,spring,6864,,,,
NYC,hour,2024-04-09 08:00:00,2024-04-09,8,1,0,spring,10563,,,,
NYC,hour,2024-04-09 09:00:00,2024-04-09,9,1,0,spring,7301,,,,
NYC,hour,2024-04-09 10:00:00,2024-04-09,10,1,0,spring,4910,,,,
NYC,hour,2024-04-09 11:00:00,2024-04-09,11,1,0,spring,4936,,,,
NYC,hour,2024-04-09 12:00:00,2024-04-09,12,1,0,spring,5644,,,,
NYC,hour,2024-04-09 13:00:00,2024-04-09,13,1,0,spring,6323,,,,
NYC,hour,2024-04-09 14:00:00,2024-04-09,14,1,0,spring,7556,,,,
NYC,hour,2024-04-09 15:00:00,2024-04-09,15,1,0,spring,8884,,,,
NYC,hour,2024-04-09 16:00:00,2024-04-09,16,1,0,spring,10580,,,,
NYC,hour,2024-04-09 17:00:00,2024-04-09,17,1,0,spring,15655,,,,
NYC,hour,2024-04-09 18:00:00,2024-04-09,18,1,0,spring,14120,,,,
NYC,hour,2024-04-09 19:00:00,2024-04-09,19,1,0,spring,9555,,,,
NYC,hour,2024-04-09 20:00:00,2024-04-09,20,1,0,spring,6154,,,,
NYC,hour,2024-04-09 21:00:00,2024-04-09,21,1,0,spring,4745,,,,
NYC,hour,2024-04-09 22:00:00,2024-04-09,22,1,0,spring,3923,,,,
NYC,hour,2024-04-09 23:00:00,2024-04-09,23,1,0,spring,2447,,,,
NYC,hour,2024-04-10 00:00:00,2024-04-10,0,2,0,spring,1290,,,,
NYC,hour,2024-04-10 01:00:00,2024-04-10,1,2,0,spring,633,,,,
NYC,hour,2024-04-10 02:00:00,2024-04-10,2,2,0,spring,323,,,,
NYC,hour,2024-04-10 03:00:00,2024-04-10,3,2,0,spring,294,,,,
NYC,hour,2024-04-10 04:00:00,2024-04-10,4,2,0,spring,323,,,,
NYC,hour,2024-04-10 05:00:00,2024-04-10,5,2,0,spring,937,,,,
NYC,hour,2024-04-10 06:00:00,2024-04-10,6,2,0,spring,2931,,,,
NYC,hour,2024-04-10 07:00:00,2024-04-10,7,2,0,spring,5750,,,,
NYC,hour,2024-04-10 08:00:00,2024-04-10,8,2,0,spring,9490,,,,
NYC,hour,2024-04-10 09:00:00,2024-04-10,9,2,0,spring,7528,,,,
NYC,hour,2024-04-10 10:00:00,2024-04-10,10,2,0,spring,5194,,,,
NYC,hour,2024-04-10 11:00:00,2024-04-10,11,2,0,spring,5164,,,,
NYC,hour,2024-04-10 12:00:00,2024-04-10,12,2,0,spring,5805,,,,
NYC,hour,2024-04-10 13:00:00,2024-04-10,13,2,0,spring,6047,,,,
NYC,hour,2024-04-10 14:00:00,2024-04-10,14,2,0,spring,6477,,,,
NYC,hour,2024-04-10 15:00:00,2024-04-10,15,2,0,spring,7237,,,,
NYC,hour,2024-04-10 16:00:00,2024-04-10,16,2,0,spring,8674,,,,
NYC,hour,2024-04-10 17:00:00,2024-04-10,17,2,0,spring,13143,,,,
NYC,hour,2024-04-10 18:00:00,2024-04-10,18,2,0,spring,12179,,,,
NYC,hour,2024-04-10 19:00:00,2024-04-10,19,2,0,spring,8481,,,,
NYC,hour,2024-04-10 20:00:00,2024-04-10,20,2,0,spring,5494,,,,
NYC,hour,2024-04-10 21:00:00,2024-04-10,21,2,0,spring,4379,,,,
NYC,hour,2024-04-10 22:00:00,2024-04-10,22,2,0,spring,3424,,,,
NYC,hour,2024-04-10 23:00:00,2024-04-10,23,2,0,spring,1990,,,,
NYC,hour,2024-04-11 00:00:00,2024-04-11,0,3,0,spring,1091,,,,
NYC,hour,2024-04-11 01:00:00,2024-04-11,1,3,0,spring,534,,,,
NYC,hour,2024-04-11 02:00:00,2024-04-11,2,3,0,spring,312,,,,
NYC,hour,2024-04-11 03:00:00,2024-04-11,3,3,0,spring,201,,,,
NYC,hour,2024-04-11 04:00:00,2024-04-11,4,3,0,spring,309,,,,
NYC,hour,2024-04-11 05:00:00,2024-04-11,5,3,0,spring,920,,,,
NYC,hour,2024-04-11 06:00:00,2024-04-11,6,3,0,spring,2697,,,,
NYC,hour,2024-04-11 07:00:00,2024-04-11,7,3,0,spring,4959,,,,
NYC,hour,2024-04-11 08:00:00,2024-04-11,8,3,0,spring,5887,,,,
NYC,hour,2024-04-11 09:00:00,2024-04-11,9,3,0,spring,5048,,,,
NYC,hour,2024-04-11 10:00:00,2024-04-11,10,3,0,spring,3950,,,,
NYC,hour,2024-04-11 11:00:00,2024-04-11,11,3,0,spring,4253,,,,
NYC,hour,2024-04-11 12:00:00,2024-04-11,12,3,0,spring,4933,,,,
NYC,hour,2024-04-11 13:00:00,2024-04-11,13,3,0,spring,5324,,,,
NYC,hour,2024-04-11 14:00:00,2024-04-11,14,3,0,spring,6341,,,,
NYC,hour,2024-04-11 15:00:00,2024-04-11,15,3,0,spring,6400,,,,
NYC,hour,2024-04-11 16:00:00,2024-04-11,16,3,0,spring,6968,,,,
NYC,hour,2024-04-11 17:00:00,2024-04-11,17,3,0,spring,8040,,,,
NYC,hour,2024-04-11 18:00:00,2024-04-11,18,3,0,spring,7634,,,,
NYC,hour,2024-04-11 19:00:00,2024-04-11,19,3,0,spring,3351,,,,
NYC,hour,2024-04-11 20:00:00,2024-04-11,20,3,0,spring,2561,,,,
NYC,hour,2024-04-11 21:00:00,2024-04-11,21,3,0,spring,2372,,,,
NYC,hour,2024-04-11 22:00:00,2024-04-11,22,3,0,spring,1847,,,,
NYC,hour,2024-04-11 23:00:00,2024-04-11,23,3,0,spring,1582,,,,
NYC,hour,2024-04-12 00:00:00,2024-04-12,0,4,0,spring,842,,,,
NYC,hour,2024-04-12 01:00:00,2024-04-12,1,4,0,spring,390,,,,
NYC,hour,2024-04-12 02:00:00,2024-04-12,2,4,0,spring,171,,,,
NYC,hour,2024-04-12 03:00:00,2024-04-12,3,4,0,spring,147,,,,
NYC,hour,2024-04-12 04:00:00,2024-04-12,4,4,0,spring,187,,,,
NYC,hour,2024-04-12 05:00:00,2024-04-12,5,4,0,spring,641,,,,
NYC,hour,2024-04-12 06:00:00,2024-04-12,6,4,0,spring,2126,,,,
NYC,hour,2024-04-12 07:00:00,2024-04-12,7,4,0,spring,4723,,,,
NYC,hour,2024-04-12 08:00:00,2024-04-12,8,4,0,spring,6916,,,,
NYC,hour,2024-04-12 09:00:00,2024-04-12,9,4,0,spring,5442,,,,
NYC,hour,2024-04-12 10:00:00,2024-04-12,10,4,0,spring,4502,,,,
NYC,hour,2024-04-12 11:00:00,2024-04-12,11,4,0,spring,4687,,,,
NYC,hour,2024-04-12 12:00:00,2024-04-12,12,4,0,spring,3865,,,,
NYC,hour,2024-04-12 13:00:00,2024-04-12,13,4,0,spring,2483,,,,
NYC,hour,2024-04-12 14:00:00,2024-04-12,14,4,0,spring,6113,,,,
NYC,hour,2024-04-12 15:00:00,2024-04-12,15,4,0,spring,7366,,,,
NYC,hour,2024-04-12 16:00:00,2024-04-12,16,4,0,spring,8591,,,,
NYC,hour,2024-04-12 17:00:00,2024-04-12,17,4,0,spring,10692,,,,
NYC,hour,2024-04-12 18:00:00,2024-04-12,18,4,0,spring,10561,,,,
NYC,hour,2024-04-12 19:00:00,2024-04-12,19,4,0,spring,8435,,,,
NYC,hour,2024-04-12 20:00:00,2024-04-12,20,4,0,spring,5014,,,,
NYC,hour,2024-04-12 21:00:00,2024-04-12,21,4,0,spring,4100,,,,
NYC,hour,2024-04-12 22:00:00,2024-04-12,22,4,0,spring,3903,,,,
NYC,hour,2024-04-12 23:00:00,2024-04-12,23,4,0,spring,3192,,,,
NYC,hour,2024-04-13 00:00:00,2024-04-13,0,5,1,spring,2295,,,,
NYC,hour,2024-04-13 01:00:00,2024-04-13,1,5,1,spring,1638,,,,
NYC,hour,2024-04-13 02:00:00,2024-04-13,2,5,1,spring,1030,,,,
NYC,hour,2024-04-13 03:00:00,2024-04-13,3,5,1,spring,693,,,,
NYC,hour,2024-04-13 04:00:00,2024-04-13,4,5,1,spring,416,,,,
NYC,hour,2024-04-13 05:00:00,2024-04-13,5,5,1,spring,393,,,,
NYC,hour,2024-04-13 06:00:00,2024-04-13,6,5,1,spring,866,,,,
NYC,hour,2024-04-13 07:00:00,2024-04-13,7,5,1,spring,1682,,,,
NYC,hour,2024-04-13 08:00:00,2024-04-13,8,5,1,spring,2906,,,,
NYC,hour,2024-04-13 09:00:00,2024-04-13,9,5,1,spring,4418,,,,
NYC,hour,2024-04-13 10:00:00,2024-04-13,10,5,1,spring,5136,,,,
NYC,hour,2024-04-13 11:00:00,2024-04-13,11,5,1,spring,5367,,,,
NYC,hour,2024-04-13 12:00:00,2024-04-13,12,5,1,spring,5975,,,,
NYC,hour,2024-04-13 13:00:00,2024-04-13,13,5,1,spring,6774,,,,
NYC,hour,2024-04-13 14:00:00,2024-04-13,14,5,1,spring,6378,,,,
NYC,hour,2024-04-13 15:00:00,2024-04-13,15,5,1,spring,6533,,,,
NYC,hour,2024-04-13 16:00:00,2024-04-13,16,5,1,spring,6261,,,,
NYC,hour,2024-04-13 17:00:00,2024-04-13,17,5,1,spring,6368,,,,
NYC,hour,2024-04-13 18:00:00,2024-04-13,18,5,1,spring,6282,,,,
NYC,hour,2024-04-13 19:00:00,2024-04-13,19,5,1,spring,5563,,,,
NYC,hour,2024-04-13 20:00:00,2024-04-13,20,5,1,spring,3943,,,,
NYC,hour,2024-04-13 21:00:00,2024-04-13,21,5,1,spring,3259,,,,
NYC,hour,2024-04-13 22:00:00,2024-04-13,22,5,1,spring,2970,,,,
NYC,hour,2024-04-13 23:00:00,2024-04-13,23,5,1,spring,2448,,,,
NYC,hour,2024-04-14 00:00:00,2024-04-14,0,6,1,spring,1990,,,,
NYC,hour,2024-04-14 01:00:00,2024-04-14,1,6,1,spring,1535,,,,
NYC,hour,2024-04-14 02:00:00,2024-04-14,2,6,1,spring,977,,,,
NYC,hour,2024-04-14 03:00:00,2024-04-14,3,6,1,spring,594,,,,
NYC,hour,2024-04-14 04:00:00,2024-04-14,4,6,1,spring,459,,,,
NYC,hour,2024-04-14 05:00:00,2024-04-14,5,6,1,spring,328,,,,
NYC,hour,2024-04-14 06:00:00,2024-04-14,6,6,1,spring,686,,,,
NYC,hour,2024-04-14 07:00:00,2024-04-14,7,6,1,spring,1388,,,,
NYC,hour,2024-04-14 08:00:00,2024-04-14,8,6,1,spring,2413,,,,
NYC,hour,2024-04-14 09:00:00,2024-04-14,9,6,1,spring,4236,,,,
NYC,hour,2024-04-14 10:00:00,2024-04-14,10,6,1,spring,6300,,,,
NYC,hour,2024-04-14 11:00:00,2024-04-14,11,6,1,spring,8198,,,,
NYC,hour,2024-04-14 12:00:00,2024-04-14,12,6,1,spring,9427,,,,
NYC,hour,2024-04-14 13:00:00,2024-04-14,13,6,1,spring,7786,,,,
NYC,hour,2024-04-14 14:00:00,2024-04-14,14,6,1,spring,9818,,,,
NYC,hour,2024-04-14 15:00:00,2024-04-14,15,6,1,spring,10755,,,,
NYC,hour,2024-04-14 16:00:00,2024-04-14,16,6,1,spring,10894,,,,
NYC,hour,2024-04-14 17:00:00,2024-04-14,17,6,1,spring,10828,,,,
NYC,hour,2024-04-14 18:00:00,2024-04-14,18,6,1,spring,9692,,,,
NYC,hour,2024-04-14 19:00:00,2024-04-14,19,6,1,spring,7823,,,,
NYC,hour,2024-04-14 20:00:00,2024-04-14,20,6,1,spring,4888,,,,
NYC,hour,2024-04-14 21:00:00,2024-04-14,21,6,1,spring,1581,,,,
NYC,hour,2024-04-14 22:00:00,2024-04-14,22,6,1,spring,1627,,,,
NYC,hour,2024-04-14 23:00:00,2024-04-14,23,6,1,spring,1475,,,,
NYC,hour,2024-04-15 00:00:00,2024-04-15,0,0,0,spring,933,,,,
NYC,hour,2024-04-15 01:00:00,2024-04-15,1,0,0,spring,505,,,,
NYC,hour,2024-04-15 02:00:00,2024-04-15,2,0,0,spring,334,,,,
NYC,hour,2024-04-15 03:00:00,2024-04-15,3,0,0,spring,280,,,,
NYC,hour,2024-04-15 04:00:00,2024-04-15,4,0,0,spring,312,,,,
NYC,hour,2024-04-15 05:00:00,2024-04-15,5,0,0,spring,974,,,,
NYC,hour,2024-04-15 06:00:00,2024-04-15,6,0,0,spring,2895,,,,
NYC,hour,2024-04-15 07:00:00,2024-04-15,7,0,0,spring,6711,,,,
NYC,hour,2024-04-15 08:00:00,2024-04-15,8,0,0,spring,10043,,,,
NYC,hour,2024-04-15 09:00:00,2024-04-15,9,0,0,spring,6977,,,,
NYC,hour,2024-04-15 10:00:00,2024-04-15,10,0,0,spring,5180,,,,
NYC,hour,2024-04-15 11:00:00,2024-04-15,11,0,0,spring,5318,,,,
NYC,hour,2024-04-15 12:00:00,2024-04-15,12,0,0,spring,6334,,,,
NYC,hour,2024-04-15 13:00:00,2024-04-15,13,0,0,spring,6868,,,,
NYC,hour,2024-04-15 14:00:00,2024-04-15,14,0,0,spring,8079,,,,
NYC,hour,2024-04-15 15:00:00,2024-04-15,15,0,0,spring,9553,,,,
NYC,hour,2024-04-15 16:00:00,2024-04-15,16,0,0,spring,11223,,,,
NYC,hour,2024-04-15 17:00:00,2024-04-15,17,0,0,spring,15219,,,,
NYC,hour,2024-04-15 18:00:00,2024-04-15,18,0,0,spring,14246,,,,
NYC,hour,2024-04-15 19:00:00,2024-04-15,19,0,0,spring,10151,,,,
NYC,hour,2024-04-15 20:00:00,2024-04-15,20,0,0,spring,6751,,,,
NYC,hour,2024-04-15 21:00:00,2024-04-15,21,0,0,spring,4796,,,,
NYC,hour,2024-04-15 22:00:00,2024-04-15,22,0,0,spring,3368,,,,
NYC,hour,2024-04-15 23:00:00,2024-04-15,23,0,0,spring,1951,,,,
NYC,hour,2024-04-16 00:00:00,2024-04-16,0,1,0,spring,927,,,,
NYC,hour,2024-04-16 01:00:00,2024-04-16,1,1,0,spring,482,,,,
NYC,hour,2024-04-16 02:00:00,2024-04-16,2,1,0,spring,289,,,,
NYC,hour,2024-04-16 03:00:00,2024-04-16,3,1,0,spring,181,,,,
NYC,hour,2024-04-16 04:00:00,2024-04-16,4,1,0,spring,332,,,,
NYC,hour,2024-04-16 05:00:00,2024-04-16,5,1,0,spring,1022,,,,
NYC,hour,2024-04-16 06:00:00,2024-04-16,6,1,0,spring,3249,,,,
NYC,hour,2024-04-16 07:00:00,2024-04-16,7,1,0,spring,7426,,,,
NYC,hour,2024-04-16 08:00:00,2024-04-16,8,1,0,spring,11578,,,,
NYC,hour,2024-04-16 09:00:00,2024-04-16,9,1,0,spring,7795,,,,
NYC,hour,2024-04-16 10:00:00,2024-04-16,10,1,0,spring,5373,,,,
NYC,hour,2024-04-16 11:00:00,2024-04-16,11,1,0,spring,5362,,,,
NYC,hour,2024-04-16 12:00:00,2024-04-16,12,1,0,spring,6095,,,,
NYC,hour,2024-04-16 13:00:00,2024-04-16,13,1,0,spring,6557,,,,
NYC,hour,2024-04-16 14:00:00,2024-04-16,14,1,0,spring,7613,,,,
NYC,hour,2024-04-16 15:00:00,2024-04-16,15,1,0,spring,9204,,,,
NYC,hour,2024-04-16 16:00:00,2024-04-16,16,1,0,spring,10833,,,,
NYC,hour,2024-04-16 17:00:00,2024-04-16,17,1,0,spring,16092,,,,
NYC,hour,2024-04-16 18:00:00,2024-04-16,18,1,0,spring,14755,,,,
NYC,hour,2024-04-16 19:00:00,2024-04-16,19,1,0,spring,10529,,,,
NYC,hour,2024-04-16 20:00:00,2024-04-16,20,1,0,spring,6844,,,,
NYC,hour,2024-04-16 21:00:00,2024-04-16,21,1,0,spring,5048,,,,
NYC,hour,2024-04-16 22:00:00,2024-04-16,22,1,0,spring,3638,,,,
NYC,hour,2024-04-16 23:00:00,2024-04-16,23,1,0,spring,2107,,,,
NYC,hour,2024-04-17 00:00:00,2024-04-17,0,2,0,spring,1205,,,,
NYC,hour,2024-04-17 01:00:00,2024-04-17,1,2,0,spring,563,,,,
NYC,hour,2024-04-17 02:00:00,2024-04-17,2,2,0,spring,372,,,,
NYC,hour,2024-04-17 03:00:00,2024-04-17,3,2,0,spring,238,,,,
NYC,hour,2024-04-17 04:00:00,2024-04-17,4,2,0,spring,332,,,,
NYC,hour,2024-04-17 05:00:00,2024-04-17,5,2,0,spring,996,,,,
NYC,hour,2024-04-17 06:00:00,2024-04-17,6,2,0,spring,3213,,,,
NYC,hour,2024-04-17 07:00:00,2024-04-17,7,2,0,spring,7439,,,,
NYC,hour,2024-04-17 08:00:00,2024-04-17,8,2,0,spring,11303,,,,
NYC,hour,2024-04-17 09:00:00,2024-04-17,9,2,0,spring,7946,,,,
NYC,hour,2024-04-17 10:00:00,2024-04-17,10,2,0,spring,5402,,,,
NYC,hour,2024-04-17 11:00:00,2024-04-17,11,2,0,spring,5353,,,,
NYC,hour,2024-04-17 12:00:00,2024-04-17,12,2,0,spring,5781,,,,
NYC,hour,2024-04-17 13:00:00,2024-04-17,13,2,0,spring,5871,,,,
NYC,hour,2024-04-17 14:00:00,2024-04-17,14,2,0,spring,6660,,,,
NYC,hour,2024-04-17 15:00:00,2024-04-17,15,2,0,spring,6304,,,,
NYC,hour,2024-04-17 16:00:00,2024-04-17,16,2,0,spring,4051,,,,
NYC,hour,2024-04-17 17:00:00,2024-04-17,17,2,0,spring,9002,,,,
NYC,hour,2024-04-17 18:00:00,2024-04-17,18,2,0,spring,10082,,,,
NYC,hour,2024-04-17 19:00:00,2024-04-17,19,2,0,spring,7687,,,,
NYC,hour,2024-04-17 20:00:00,2024-04-17,20,2,0,spring,4981,,,,
NYC,hour,2024-04-17 21:00:00,2024-04-17,21,2,0,spring,2699,,,,
NYC,hour,2024-04-17 22:00:00,2024-04-17,22,2,0,spring,2338,,,,
NYC,hour,2024-04-17 23:00:00,2024-04-17,23,2,0,spring,1698,,,,
NYC,hour,2024-04-18 00:00:00,2024-04-18,0,3,0,spring,952,,,,
NYC,hour,2024-04-18 01:00:00,2024-04-18,1,3,0,spring,483,,,,
NYC,hour,2024-04-18 02:00:00,2024-04-18,2,3,0,spring,290,,,,
NYC,hour,2024-04-18 03:00:00,2024-04-18,3,3,0,spring,164,,,,
NYC,hour,2024-04-18 04:00:00,2024-04-18,4,3,0,spring,226,,,,
NYC,hour,2024-04-18 05:00:00,2024-04-18,5,3,0,spring,676,,,,
NYC,hour,2024-04-18 06:00:00,2024-04-18,6,3,0,spring,1839,,,,
NYC,hour,2024-04-18 07:00:00,2024-04-18,7,3,0,spring,4065,,,,
NYC,hour,2024-04-18 08:00:00,2024-04-18,8,3,0,spring,6184,,,,
NYC,hour,2024-04-18 09:00:00,2024-04-18,9,3,0,spring,4180,,,,
NYC,hour,2024-04-18 10:00:00,2024-04-18,10,3,0,spring,2880,,,,
NYC,hour,2024-04-18 11:00:00,2024-04-18,11,3,0,spring,2845,,,,
NYC,hour,2024-04-18 12:00:00,2024-04-18,12,3,0,spring,3784,,,,
NYC,hour,2024-04-18 13:00:00,2024-04-18,13,3,0,spring,4122,,,,
NYC,hour,2024-04-18 14:00:00,2024-04-18,14,3,0,spring,4990,,,,
NYC,hour,2024-04-18 15:00:00,2024-04-18,15,3,0,spring,5778,,,,
NYC,hour,2024-04-18 16:00:00,2024-04-18,16,3,0,spring,6986,,,,
NYC,hour,2024-04-18 17:00:00,2024-04-18,17,3,0,spring,9692,,,,
NYC,hour,2024-04-18 18:00:00,2024-04-18,18,3,0,spring,9288,,,,
NYC,hour,2024-04-18 19:00:00,2024-04-18,19,3,0,spring,6562,,,,
NYC,hour,2024-04-18 20:00:00,2024-04-18,20,3,0,spring,4732,,,,
NYC,hour,2024-04-18 21:00:00,2024-04-18,21,3,0,spring,3632,,,,
NYC,hour,2024-04-18 22:00:00,2024-04-18,22,3,0,spring,2793,,,,
NYC,hour,2024-04-18 23:00:00,2024-04-18,23,3,0,spring,2032,,,,
NYC,hour,2024-04-19 00:00:00,2024-04-19,0,4,0,spring,1187,,,,
NYC,hour,2024-04-19 01:00:00,2024-04-19,1,4,0,spring,789,,,,
NYC,hour,2024-04-19 02:00:00,2024-04-19,2,4,0,spring,483,,,,
NYC,hour,2024-04-19 03:00:00,2024-04-19,3,4,0,spring,325,,,,
NYC,hour,2024-04-19 04:00:00,2024-04-19,4,4,0,spring,368,,,,
NYC,hour,2024-04-19 05:00:00,2024-04-19,5,4,0,spring,846,,,,
NYC,hour,2024-04-19 06:00:00,2024-04-19,6,4,0,spring,2491,,,,
NYC,hour,2024-04-19 07:00:00,2024-04-19,7,4,0,spring,5461,,,,
NYC,hour,2024-04-19 08:00:00,2024-04-19,8,4,0,spring,7973,,,,
NYC,hour,2024-04-19 09:00:00,2024-04-19,9,4,0,spring,6448,,,,
NYC,hour,2024-04-19 10:00:00,2024-04-19,10,4,0,spring,5134,,,,
NYC,hour,2024-04-19 11:00:00,2024-04-19,11,4,0,spring,5362,,,,
NYC,hour,2024-04-19 12:00:00,2024-04-19,12,4,0,spring,6343,,,,
NYC,hour,2024-04-19 13:00:00,2024-04-19,13,4,0,spring,6662,,,,
NYC,hour,2024-04-19 14:00:00,2024-04-19,14,4,0,spring,7714,,,,
NYC,hour,2024-04-19 15:00:00,2024-04-19,15,4,0,spring,8429,,,,
NYC,hour,2024-04-19 16:00:00,2024-04-19,16,4,0,spring,9157,,,,
NYC,hour,2024-04-19 17:00:00,2024-04-19,17,4,0,spring,10542,,,,
NYC,hour,2024-04-19 18:00:00,2024-04-19,18,4,0,spring,9257,,,,
NYC,hour,2024-04-19 19:00:00,2024-04-19,19,4,0,spring,7225,,,,
NYC,hour,2024-04-19 20:00:00,2024-04-19,20,4,0,spring,4809,,,,
NYC,hour,2024-04-19 21:00:00,2024-04-19,21,4,0,spring,3488,,,,
NYC,hour,2024-04-19 22:00:00,2024-04-19,22,4,0,spring,3273,,,,
NYC,hour,2024-04-19 23:00:00,2024-04-19,23,4,0,spring,2825,,,,
NYC,hour,2024-04-20 00:00:00,2024-04-20,0,5,1,spring,2128,,,,
NYC,hour,2024-04-20 01:00:00,2024-04-20,1,5,1,spring,1543,,,,
NYC,hour,2024-04-20 02:00:00,2024-04-20,2,5,1,spring,1026,,,,
NYC,hour,2024-04-20 03:00:00,2024-04-20,3,5,1,spring,669,,,,
NYC,hour,2024-04-20 04:00:00,2024-04-20,4,5,1,spring,481,,,,
NYC,hour,2024-04-20 05:00:00,2024-04-20,5,5,1,spring,355,,,,
NYC,hour,2024-04-20 06:00:00,2024-04-20,6,5,1,spring,626,,,,
NYC,hour,2024-04-20 07:00:00,2024-04-20,7,5,1,spring,1029,,,,
NYC,hour,2024-04-20 08:00:00,2024-04-20,8,5,1,spring,2294,,,,
NYC,hour,2024-04-20 09:00:00,2024-04-20,9,5,1,spring,3800,,,,
NYC,hour,2024-04-20 10:00:00,2024-04-20,10,5,1,spring,6018,,,,
NYC,hour,2024-04-20 11:00:00,2024-04-20,11,5,1,spring,8704,,,,
NYC,hour,2024-04-20 12:00:00,2024-04-20,12,5,1,spring,11045,,,,
NYC,hour,2024-04-20 13:00:00,2024-04-20,13,5,1,spring,12945,,,,
NYC,hour,2024-04-20 14:00:00,2024-04-20,14,5,1,spring,14000,,,,
NYC,hour,2024-04-20 15:00:00,2024-04-20,15,5,1,spring,14626,,,,
NYC,hour,2024-04-20 16:00:00,2024-04-20,16,5,1,spring,14032,,,,
NYC,hour,2024-04-20 17:00:00,2024-04-20,17,5,1,spring,13142,,,,
NYC,hour,2024-04-20 18:00:00,2024-04-20,18,5,1,spring,11680,,,,
NYC,hour,2024-04-20 19:00:00,2024-04-20,19,5,1,spring,8979,,,,
NYC,hour,2024-04-20 20:00:00,2024-04-20,20,5,1,spring,5668,,,,
NYC,hour,2024-04-20 21:00:00,2024-04-20,21,5,1,spring,4283,,,,
NYC,hour,2024-04-20 22:00:00,2024-04-20,22,5,1,spring,3439,,,,
NYC,hour,2024-04-20 23:00:00,2024-04-20,23,5,1,spring,2831,,,,
NYC,hour,2024-04-21 00:00:00,2024-04-21,0,6,1,spring,1924,,,,
NYC,hour,2024-04-21 01:00:00,2024-04-21,1,6,1,spring,1426,,,,
NYC,hour,2024-04-21 02:00:00,2024-04-21,2,6,1,spring,937,,,,
NYC,hour,2024-04-21 03:00:00,2024-04-21,3,6,1,spring,621,,,,
NYC,hour,2024-04-21 04:00:00,2024-04-21,4,6,1,spring,406,,,,
NYC,hour,2024-04-21 05:00:00,2024-04-21,5,6,1,spring,362,,,,
NYC,hour,2024-04-21 06:00:00,2024-04-21,6,6,1,spring,743,,,,
NYC,hour,2024-04-21 07:00:00,2024-04-21,7,6,1,spring,1554,,,,
NYC,hour,2024-04-21 08:00:00,2024-04-21,8,6,1,spring,2440,,,,
NYC,hour,2024-04-21 09:00:00,2024-04-21,9,6,1,spring,3961,,,,
NYC,hour,2024-04-21 10:00:00,2024-04-21,10,6,1,spring,5488,,,,
NYC,hour,2024-04-21 11:00:00,2024-04-21,11,6,1,spring,6485,,,,
NYC,hour,2024-04-21 12:00:00,2024-04-21,12,6,1,spring,7297,,,,
NYC,hour,2024-04-21 13:00:00,2024-04-21,13,6,1,spring,7487,,,,
NYC,hour,2024-04-21 14:00:00,2024-04-21,14,6,1,spring,7856,,,,
NYC,hour,2024-04-21 15:00:00,2024-04-21,15,6,1,spring,7574,,,,
NYC,hour,2024-04-21 16:00:00,2024-04-21,16,6,1,spring,7259,,,,
NYC,hour,2024-04-21 17:00:00,2024-04-21,17,6,1,spring,7004,,,,
NYC,hour,2024-04-21 18:00:00,2024-04-21,18,6,1,spring,6487,,,,
NYC,hour,2024-04-21 19:00:00,2024-04-21,19,6,1,spring,5106,,,,
NYC,hour,2024-04-21 20:00:00,2024-04-21,20,6,1,spring,3629,,,,
NYC,hour,2024-04-21 21:00:00,2024-04-21,21,6,1,spring,2704,,,,
NYC,hour,2024-04-21 22:00:00,2024-04-21,22,6,1,spring,1928,,,,
NYC,hour,2024-04-21 23:00:00,2024-04-21,23,6,1,spring,1400,,,,
NYC,hour,2024-04-22 00:00:00,2024-04-22,0,0,0,spring,861,,,,
NYC,hour,2024-04-22 01:00:00,2024-04-22,1,0,0,spring,393,,,,
NYC,hour,2024-04-22 02:00:00,2024-04-22,2,0,0,spring,235,,,,
NYC,hour,2024-04-22 03:00:00,2024-04-22,3,0,0,spring,157,,,,
NYC,hour,2024-04-22 04:00:00,2024-04-22,4,0,0,spring,269,,,,
NYC,hour,2024-04-22 05:00:00,2024-04-22,5,0,0,spring,913,,,,
NYC,hour,2024-04-22 06:00:00,2024-04-22,6,0,0,spring,2505,,,,
NYC,hour,2024-04-22 07:00:00,2024-04-22,7,0,0,spring,4864,,,,
NYC,hour,2024-04-22 08:00:00,2024-04-22,8,0,0,spring,7468,,,,
NYC,hour,2024-04-22 09:00:00,2024-04-22,9,0,0,spring,5675,,,,
NYC,hour,2024-04-22 10:00:00,2024-04-22,10,0,0,spring,4282,,,,
NYC,hour,2024-04-22 11:00:00,2024-04-22,11,0,0,spring,4483,,,,
NYC,hour,2024-04-22 12:00:00,2024-04-22,12,0,0,spring,5177,,,,
NYC,hour,2024-04-22 13:00:00,2024-04-22,13,0,0,spring,5601,,,,
NYC,hour,2024-04-22 14:00:00,2024-04-22,14,0,0,spring,6240,,,,
NYC,hour,2024-04-22 15:00:00,2024-04-22,15,0,0,spring,7393,,,,
NYC,hour,2024-04-22 16:00:00,2024-04-22,16,0,0,spring,8773,,,,
NYC,hour,2024-04-22 17:00:00,2024-04-22,17,0,0,spring,12175,,,,
NYC,hour,2024-04-22 18:00:00,2024-04-22,18,0,0,spring,11559,,,,
NYC,hour,2024-04-22 19:00:00,2024-04-22,19,0,0,spring,7859,,,,
NYC,hour,2024-04-22 20:00:00,2024-04-22,20,0,0,spring,4863,,,,
NYC,hour,2024-04-22 21:00:00,2024-04-22,21,0,0,spring,3474,,,,
NYC,hour,2024-04-22 22:00:00,2024-04-22,22,0,0,spring,2930,,,,
NYC,hour,2024-04-22 23:00:00,2024-04-22,23,0,0,spring,1715,,,,
NYC,hour,2024-04-23 00:00:00,2024-04-23,0,1,0,spring,870,,,,
NYC,hour,2024-04-23 01:00:00,2024-04-23,1,1,0,spring,477,,,,
NYC,hour,2024-04-23 02:00:00,2024-04-23,2,1,0,spring,241,,,,
NYC,hour,2024-04-23 03:00:00,2024-04-23,3,1,0,spring,199,,,,
NYC,hour,2024-04-23 04:00:00,2024-04-23,4,1,0,spring,286,,,,
NYC,hour,2024-04-23 05:00:00,2024-04-23,5,1,0,spring,952,,,,
NYC,hour,2024-04-23 06:00:00,2024-04-23,6,1,0,spring,2873,,,,
NYC,hour,2024-04-23 07:00:00,2024-04-23,7,1,0,spring,5426,,,,
NYC,hour,2024-04-23 08:00:00,2024-04-23,8,1,0,spring,8859,,,,
NYC,hour,2024-04-23 09:00:00,2024-04-23,9,1,0,spring,7000,,,,
NYC,hour,2024-04-23 10:00:00,2024-04-23,10,1,0,spring,4885,,,,
NYC,hour,2024-04-23 11:00:00,2024-04-23,11,1,0,spring,4933,,,,
NYC,hour,2024-04-23 12:00:00,2024-04-23,12,1,0,spring,5593,,,,
NYC,hour,2024-04-23 13:00:00,2024-04-23,13,1,0,spring,6030,,,,
NYC,hour,2024-04-23 14:00:00,2024-04-23,14,1,0,spring,6442,,,,
NYC,hour,2024-04-23 15:00:00,2024-04-23,15,1,0,spring,7121,,,,
NYC,hour,2024-04-23 16:00:00,2024-04-23,16,1,0,spring,8454,,,,
NYC,hour,2024-04-23 17:00:00,2024-04-23,17,1,0,spring,12005,,,,
NYC,hour,2024-04-23 18:00:00,2024-04-23,18,1,0,spring,11080,,,,
NYC,hour,2024-04-23 19:00:00,2024-04-23,19,1,0,spring,7602,,,,
NYC,hour,2024-04-23 20:00:00,2024-04-23,20,1,0,spring,4828,,,,
NYC,hour,2024-04-23 21:00:00,2024-04-23,21,1,0,spring,3781,,,,
NYC,hour,2024-04-23 22:00:00,2024-04-23,22,1,0,spring,2955,,,,
NYC,hour,2024-04-23 23:00:00,2024-04-23,23,1,0,spring,1824,,,,
NYC,hour,2024-04-24 00:00:00,2024-04-24,0,2,0,spring,1019,,,,
NYC,hour,2024-04-24 01:00:00,2024-04-24,1,2,0,spring,491,,,,
NYC,hour,2024-04-24 02:00:00,2024-04-24,2,2,0,spring,304,,,,
NYC,hour,2024-04-24 03:00:00,2024-04-24,3,2,0,spring,206,,,,
NYC,hour,2024-04-24 04:00:00,2024-04-24,4,2,0,spring,259,,,,
NYC,hour,2024-04-24 05:00:00,2024-04-24,5,2,0,spring,954,,,,
NYC,hour,2024-04-24 06:00:00,2024-04-24,6,2,0,spring,2846,,,,
NYC,hour,2024-04-24 07:00:00,2024-04-24,7,2,0,spring,4284,,,,
NYC,hour,2024-04-24 08:00:00,2024-04-24,8,2,0,spring,7960,,,,
NYC,hour,2024-04-24 09:00:00,2024-04-24,9,2,0,spring,6862,,,,
NYC,hour,2024-04-24 10:00:00,2024-04-24,10,2,0,spring,4921,,,,
NYC,hour,2024-04-24 11:00:00,2024-04-24,11,2,0,spring,4952,,,,
NYC,hour,2024-04-24 12:00:00,2024-04-24,12,2,0,spring,5783,,,,
NYC,hour,2024-04-24 13:00:00,2024-04-24,13,2,0,spring,6256,,,,
NYC,hour,2024-04-24 14:00:00,2024-04-24,14,2,0,spring,6019,,,,
NYC,hour,2024-04-24 15:00:00,2024-04-24,15,2,0,spring,6876,,,,
NYC,hour,2024-04-24 16:00:00,2024-04-24,16,2,0,spring,8762,,,,
NYC,hour,2024-04-24 17:00:00,2024-04-24,17,2,0,spring,13226,,,,
NYC,hour,2024-04-24 18:00:00,2024-04-24,18,2,0,spring,13216,,,,
NYC,hour,2024-04-24 19:00:00,2024-04-24,19,2,0,spring,9569,,,,
NYC,hour,2024-04-24 20:00:00,2024-04-24,20,2,0,spring,6098,,,,
NYC,hour,2024-04-24 21:00:00,2024-04-24,21,2,0,spring,4678,,,,
NYC,hour,2024-04-24 22:00:00,2024-04-24,22,2,0,spring,3569,,,,
NYC,hour,2024-04-24 23:00:00,2024-04-24,23,2,0,spring,2197,,,,
NYC,hour,2024-04-25 00:00:00,2024-04-25,0,3,0,spring,1162,,,,
NYC,hour,2024-04-25 01:00:00,2024-04-25,1,3,0,spring,554,,,,
NYC,hour,2024-04-25 02:00:00,2024-04-25,2,3,0,spring,337,,,,
NYC,hour,2024-04-25 03:00:00,2024-04-25,3,3,0,spring,190,,,,
NYC,hour,2024-04-25 04:00:00,2024-04-25,4,3,0,spring,277,,,,
NYC,hour,2024-04-25 05:00:00,2024-04-25,5,3,0,spring,909,,,,
NYC,hour,2024-04-25 06:00:00,2024-04-25,6,3,0,spring,2793,,,,
NYC,hour,2024-04-25 07:00:00,2024-04-25,7,3,0,spring,5312,,,,
NYC,hour,2024-04-25 08:00:00,2024-04-25,8,3,0,spring,8395,,,,
NYC,hour,2024-04-25 09:00:00,2024-04-25,9,3,0,spring,6609,,,,
NYC,hour,2024-04-25 10:00:00,2024-04-25,10,3,0,spring,4856,,,,
NYC,hour,2024-04-25 11:00:00,2024-04-25,11,3,0,spring,4789,,,,
NYC,hour,2024-04-25 12:00:00,2024-04-25,12,3,0,spring,5276,,,,
NYC,hour,2024-04-25 13:00:00,2024-04-25,13,3,0,spring,5976,,,,
NYC,hour,2024-04-25 14:00:00,2024-04-25,14,3,0,spring,6358,,,,
NYC,hour,2024-04-25 15:00:00,2024-04-25,15,3,0,spring,7326,,,,
NYC,hour,2024-04-25 16:00:00,2024-04-25,16,3,0,spring,8554,,,,
NYC,hour,2024-04-25 17:00:00,2024-04-25,17,3,0,spring,11892,,,,
NYC,hour,2024-04-25 18:00:00,2024-04-25,18,3,0,spring,11467,,,,
NYC,hour,2024-04-25 19:00:00,2024-04-25,19,3,0,spring,7953,,,,
NYC,hour,2024-04-25 20:00:00,2024-04-25,20,3,0,spring,5139,,,,
NYC,hour,2024-04-25 21:00:00,2024-04-25,21,3,0,spring,3816,,,,
NYC,hour,2024-04-25 22:00:00,2024-04-25,22,3,0,spring,3311,,,,
NYC,hour,2024-04-25 23:00:00,2024-04-25,23,3,0,spring,2209,,,,
NYC,hour,2024-04-26 00:00:00,2024-04-26,0,4,0,spring,1274,,,,
NYC,hour,2024-04-26 01:00:00,2024-04-26,1,4,0,spring,665,,,,
NYC,hour,2024-04-26 02:00:00,2024-04-26,2,4,0,spring,456,,,,
NYC,hour,2024-04-26 03:00:00,2024-04-26,3,4,0,spring,259,,,,
NYC,hour,2024-04-26 04:00:00,2024-04-26,4,4,0,spring,329,,,,
NYC,hour,2024-04-26 05:00:00,2024-04-26,5,4,0,spring,833,,,,
NYC,hour,2024-04-26 06:00:00,2024-04-26,6,4,0,spring,2390,,,,
NYC,hour,2024-04-26 07:00:00,2024-04-26,7,4,0,spring,4562,,,,
NYC,hour,2024-04-26 08:00:00,2024-04-26,8,4,0,spring,6871,,,,
NYC,hour,2024-04-26 09:00:00,2024-04-26,9,4,0,spring,6182,,,,
NYC,hour,2024-04-26 10:00:00,2024-04-26,10,4,0,spring,5337,,,,
NYC,hour,2024-04-26 11:00:00,2024-04-26,11,4,0,spring,5720,,,,
NYC,hour,2024-04-26 12:00:00,2024-04-26,12,4,0,spring,6627,,,,
NYC,hour,2024-04-26 13:00:00,2024-04-26,13,4,0,spring,6962,,,,
NYC,hour,2024-04-26 14:00:00,2024-04-26,14,4,0,spring,8029,,,,
NYC,hour,2024-04-26 15:00:00,2024-04-26,15,4,0,spring,8739,,,,
NYC,hour,2024-04-26 16:00:00,2024-04-26,16,4,0,spring,10051,,,,
NYC,hour,2024-04-26 17:00:00,2024-04-26,17,4,0,spring,11425,,,,
NYC,hour,2024-04-26 18:00:00,2024-04-26,18,4,0,spring,10850,,,,
NYC,hour,2024-04-26 19:00:00,2024-04-26,19,4,0,spring,7792,,,,
NYC,hour,2024-04-26 20:00:00,2024-04-26,20,4,0,spring,5031,,,,
NYC,hour,2024-04-26 21:00:00,2024-04-26,21,4,0,spring,3827,,,,
NYC,hour,2024-04-26 22:00:00,2024-04-26,22,4,0,spring,3273,,,,
NYC,hour,2024-04-26 23:00:00,2024-04-26,23,4,0,spring,2725,,,,
NYC,hour,2024-04-27 00:00:00,2024-04-27,0,5,1,spring,2093,,,,
NYC,hour,2024-04-27 01:00:00,2024-04-27,1,5,1,spring,1301,,,,
NYC,hour,2024-04-27 02:00:00,2024-04-27,2,5,1,spring,854,,,,
NYC,hour,2024-04-27 03:00:00,2024-04-27,3,5,1,spring,621,,,,
NYC,hour,2024-04-27 04:00:00,2024-04-27,4,5,1,spring,449,,,,
NYC,hour,2024-04-27 05:00:00,2024-04-27,5,5,1,spring,341,,,,
NYC,hour,2024-04-27 06:00:00,2024-04-27,6,5,1,spring,910,,,,
NYC,hour,2024-04-27 07:00:00,2024-04-27,7,5,1,spring,1717,,,,
NYC,hour,2024-04-27 08:00:00,2024-04-27,8,5,1,spring,3152,,,,
NYC,hour,2024-04-27 09:00:00,2024-04-27,9,5,1,spring,4859,,,,
NYC,hour,2024-04-27 10:00:00,2024-04-27,10,5,1,spring,6728,,,,
NYC,hour,2024-04-27 11:00:00,2024-04-27,11,5,1,spring,8147,,,,
NYC,hour,2024-04-27 12:00:00,2024-04-27,12,5,1,spring,9314,,,,
NYC,hour,2024-04-27 13:00:00,2024-04-27,13,5,1,spring,9580,,,,
NYC,hour,2024-04-27 14:00:00,2024-04-27,14,5,1,spring,9440,,,,
NYC,hour,2024-04-27 15:00:00,2024-04-27,15,5,1,spring,9385,,,,
NYC,hour,2024-04-27 16:00:00,2024-04-27,16,5,1,spring,8001,,,,
NYC,hour,2024-04-27 17:00:00,2024-04-27,17,5,1,spring,5584,,,,
NYC,hour,2024-04-27 18:00:00,2024-04-27,18,5,1,spring,5903,,,,
NYC,hour,2024-04-27 19:00:00,2024-04-27,19,5,1,spring,5470,,,,
NYC,hour,2024-04-27 20:00:00,2024-04-27,20,5,1,spring,3868,,,,
NYC,hour,2024-04-27 21:00:00,2024-04-27,21,5,1,spring,2400,,,,
NYC,hour,2024-04-27 22:00:00,2024-04-27,22,5,1,spring,2814,,,,
NYC,hour,2024-04-27 23:00:00,2024-04-27,23,5,1,spring,2605,,,,
NYC,hour,2024-04-28 00:00:00,2024-04-28,0,6,1,spring,1840,,,,
NYC,hour,2024-04-28 01:00:00,2024-04-28,1,6,1,spring,1106,,,,
NYC,hour,2024-04-28 02:00:00,2024-04-28,2,6,1,spring,816,,,,
NYC,hour,2024-04-28 03:00:00,2024-04-28,3,6,1,spring,667,,,,
NYC,hour,2024-04-28 04:00:00,2024-04-28,4,6,1,spring,422,,,,
NYC,hour,2024-04-28 05:00:00,2024-04-28,5,6,1,spring,570,,,,
NYC,hour,2024-04-28 06:00:00,2024-04-28,6,6,1,spring,1249,,,,
NYC,hour,2024-04-28 07:00:00,2024-04-28,7,6,1,spring,2181,,,,
NYC,hour,2024-04-28 08:00:00,2024-04-28,8,6,1,spring,3427,,,,
NYC,hour,2024-04-28 09:00:00,2024-04-28,9,6,1,spring,4957,,,,
NYC,hour,2024-04-28 10:00:00,2024-04-28,10,6,1,spring,6574,,,,
NYC,hour,2024-04-28 11:00:00,2024-04-28,11,6,1,spring,8539,,,,
NYC,hour,2024-04-28 12:00:00,2024-04-28,12,6,1,spring,9960,,,,
NYC,hour,2024-04-28 13:00:00,2024-04-28,13,6,1,spring,11009,,,,
NYC,hour,2024-04-28 14:00:00,2024-04-28,14,6,1,spring,11287,,,,
NYC,hour,2024-04-28 15:00:00,2024-04-28,15,6,1,spring,11817,,,,
NYC,hour,2024-04-28 16:00:00,2024-04-28,16,6,1,spring,11977,,,,
NYC,hour,2024-04-28 17:00:00,2024-04-28,17,6,1,spring,11107,,,,
NYC,hour,2024-04-28 18:00:00,2024-04-28,18,6,1,spring,10071,,,,
NYC,hour,2024-04-28 19:00:00,2024-04-28,19,6,1,spring,8117,,,,
NYC,hour,2024-04-28 20:00:00,2024-04-28,20,6,1,spring,5545,,,,
NYC,hour,2024-04-28 21:00:00,2024-04-28,21,6,1,spring,3266,,,,
NYC,hour,2024-04-28 22:00:00,2024-04-28,22,6,1,spring,2636,,,,
NYC,hour,2024-04-28 23:00:00,2024-04-28,23,6,1,spring,1863,,,,
NYC,hour,2024-04-29 00:00:00,2024-04-29,0,0,0,spring,994,,,,
NYC,hour,2024-04-29 01:00:00,2024-04-29,1,0,0,spring,598,,,,
NYC,hour,2024-04-29 02:00:00,2024-04-29,2,0,0,spring,312,,,,
NYC,hour,2024-04-29 03:00:00,2024-04-29,3,0,0,spring,212,,,,
NYC,hour,2024-04-29 04:00:00,2024-04-29,4,0,0,spring,316,,,,
NYC,hour,2024-04-29 05:00:00,2024-04-29,5,0,0,spring,1012,,,,
NYC,hour,2024-04-29 06:00:00,2024-04-29,6,0,0,spring,2869,,,,
NYC,hour,2024-04-29 07:00:00,2024-04-29,7,0,0,spring,5946,,,,
NYC,hour,2024-04-29 08:00:00,2024-04-29,8,0,0,spring,8918,,,,
NYC,hour,2024-04-29 09:00:00,2024-04-29,9,0,0,spring,6891,,,,
NYC,hour,2024-04-29 10:00:00,2024-04-29,10,0,0,spring,5184,,,,
NYC,hour,2024-04-29 11:00:00,2024-04-29,11,0,0,spring,5755,,,,
NYC,hour,2024-04-29 12:00:00,2024-04-29,12,0,0,spring,6571,,,,
NYC,hour,2024-04-29 13:00:00,2024-04-29,13,0,0,spring,7010,,,,
NYC,hour,2024-04-29 14:00:00,2024-04-29,14,0,0,spring,7589,,,,
NYC,hour,2024-04-29 15:00:00,2024-04-29,15,0,0,spring,8620,,,,
NYC,hour,2024-04-29 16:00:00,2024-04-29,16,0,0,spring,10165,,,,
NYC,hour,2024-04-29 17:00:00,2024-04-29,17,0,0,spring,11408,,,,
NYC,hour,2024-04-29 18:00:00,2024-04-29,18,0,0,spring,12958,,,,
NYC,hour,2024-04-29 19:00:00,2024-04-29,19,0,0,spring,8981,,,,
NYC,hour,2024-04-29 20:00:00,2024-04-29,20,0,0,spring,6666,,,,
NYC,hour,2024-04-29 21:00:00,2024-04-29,21,0,0,spring,4747,,,,
NYC,hour,2024-04-29 22:00:00,2024-04-29,22,0,0,spring,3425,,,,
NYC,hour,2024-04-29 23:00:00,2024-04-29,23,0,0,spring,2051,,,,
NYC,hour,2024-04-30 00:00:00,2024-04-30,0,1,0,spring,1162,,,,
NYC,hour,2024-04-30 01:00:00,2024-04-30,1,1,0,spring,591,,,,
NYC,hour,2024-04-30 02:00:00,2024-04-30,2,1,0,spring,337,,,,
NYC,hour,2024-04-30 03:00:00,2024-04-30,3,1,0,spring,235,,,,
NYC,hour,2024-04-30 04:00:00,2024-04-30,4,1,0,spring,338,,,,
NYC,hour,2024-04-30 05:00:00,2024-04-30,5,1,0,spring,1069,,,,
NYC,hour,2024-04-30 06:00:00,2024-04-30,6,1,0,spring,3276,,,,
NYC,hour,2024-04-30 07:00:00,2024-04-30,7,1,0,spring,6216,,,,
NYC,hour,2024-04-30 08:00:00,2024-04-30,8,1,0,spring,9811,,,,
NYC,hour,2024-04-30 09:00:00,2024-04-30,9,1,0,spring,7137,,,,
NYC,hour,2024-04-30 10:00:00,2024-04-30,10,1,0,spring,4763,,,,
NYC,hour,2024-04-30 11:00:00,2024-04-30,11,1,0,spring,4874,,,,
NYC,hour,2024-04-30 12:00:00,2024-04-30,12,1,0,spring,5294,,,,
NYC,hour,2024-04-30 13:00:00,2024-04-30,13,1,0,spring,5791,,,,
NYC,hour,2024-04-30 14:00:00,2024-04-30,14,1,0,spring,6426,,,,
NYC,hour,2024-04-30 15:00:00,2024-04-30,15,1,0,spring,7436,,,,
NYC,hour,2024-04-30 16:00:00,2024-04-30,16,1,0,spring,9055,,,,
NYC,hour,2024-04-30 17:00:00,2024-04-30,17,1,0,spring,13766,,,,
NYC,hour,2024-04-30 18:00:00,2024-04-30,18,1,0,spring,13271,,,,
NYC,hour,2024-04-30 19:00:00,2024-04-30,19,1,0,spring,8872,,,,
NYC,hour,2024-04-30 20:00:00,2024-04-30,20,1,0,spring,5539,,,,
NYC,hour,2024-04-30 21:00:00,2024-04-30,21,1,0,spring,4113,,,,
NYC,hour,2024-04-30 22:00:00,2024-04-30,22,1,0,spring,2589,,,,
NYC,hour,2024-04-30 23:00:00,2024-04-30,23,1,0,spring,1270,,,,
NYC,hour,2024-05-01 00:00:00,2024-05-01,0,2,0,spring,871,,,,
NYC,hour,2024-05-01 01:00:00,2024-05-01,1,2,0,spring,415,,,,
NYC,hour,2024-05-01 02:00:00,2024-05-01,2,2,0,spring,250,,,,
NYC,hour,2024-05-01 03:00:00,2024-05-01,3,2,0,spring,178,,,,
NYC,hour,2024-05-01 04:00:00,2024-05-01,4,2,0,spring,258,,,,
NYC,hour,2024-05-01 05:00:00,2024-05-01,5,2,0,spring,1043,,,,
NYC,hour,2024-05-01 06:00:00,2024-05-01,6,2,0,spring,3374,,,,
NYC,hour,2024-05-01 07:00:00,2024-05-01,7,2,0,spring,7450,,,,
NYC,hour,2024-05-01 08:00:00,2024-05-01,8,2,0,spring,11416,,,,
NYC,hour,2024-05-01 09:00:00,2024-05-01,9,2,0,spring,8078,,,,
NYC,hour,2024-05-01 10:00:00,2024-05-01,10,2,0,spring,5589,,,,
NYC,hour,2024-05-01 11:00:00,2024-05-01,11,2,0,spring,5844,,,,
NYC,hour,2024-05-01 12:00:00,2024-05-01,12,2,0,spring,6513,,,,
NYC,hour,2024-05-01 13:00:00,2024-05-01,13,2,0,spring,7034,,,,
NYC,hour,2024-05-01 14:00:00,2024-05-01,14,2,0,spring,8107,,,,
NYC,hour,2024-05-01 15:00:00,2024-05-01,15,2,0,spring,9204,,,,
NYC,hour,2024-05-01 16:00:00,2024-05-01,16,2,0,spring,10759,,,,
NYC,hour,2024-05-01 17:00:00,2024-05-01,17,2,0,spring,15213,,,,
NYC,hour,2024-05-01 18:00:00,2024-05-01,18,2,0,spring,14660,,,,
NYC,hour,2024-05-01 19:00:00,2024-05-01,19,2,0,spring,10020,,,,
NYC,hour,2024-05-01 20:00:00,2024-05-01,20,2,0,spring,6508,,,,
NYC,hour,2024-05-01 21:00:00,2024-05-01,21,2,0,spring,4546,,,,
NYC,hour,2024-05-01 22:00:00,2024-05-01,22,2,0,spring,3639,,,,
NYC,hour,2024-05-01 23:00:00,2024-05-01,23,2,0,spring,2122,,,,
NYC,hour,2024-05-02 00:00:00,2024-05-02,0,3,0,spring,1166,,,,
NYC,hour,2024-05-02 01:00:00,2024-05-02,1,3,0,spring,612,,,,
NYC,hour,2024-05-02 02:00:00,2024-05-02,2,3,0,spring,367,,,,
NYC,hour,2024-05-02 03:00:00,2024-05-02,3,3,0,spring,245,,,,
NYC,hour,2024-05-02 04:00:00,2024-05-02,4,3,0,spring,325,,,,
NYC,hour,2024-05-02 05:00:00,2024-05-02,5,3,0,spring,1031,,,,
NYC,hour,2024-05-02 06:00:00,2024-05-02,6,3,0,spring,3224,,,,
NYC,hour,2024-05-02 07:00:00,2024-05-02,7,3,0,spring,7115,,,,
NYC,hour,2024-05-02 08:00:00,2024-05-02,8,3,0,spring,10959,,,,
NYC,hour,2024-05-02 09:00:00,2024-05-02,9,3,0,spring,8004,,,,
NYC,hour,2024-05-02 10:00:00,2024-05-02,10,3,0,spring,5498,,,,
NYC,hour,2024-05-02 11:00:00,2024-05-02,11,3,0,spring,5562,,,,
NYC,hour,2024-05-02 12:00:00,2024-05-02,12,3,0,spring,6695,,,,
NYC,hour,2024-05-02 13:00:00,2024-05-02,13,3,0,spring,7037,,,,
NYC,hour,2024-05-02 14:00:00,2024-05-02,14,3,0,spring,8615,,,,
NYC,hour,2024-05-02 15:00:00,2024-05-02,15,3,0,spring,10176,,,,
NYC,hour,2024-05-02 16:00:00,2024-05-02,16,3,0,spring,11667,,,,
NYC,hour,2024-05-02 17:00:00,2024-05-02,17,3,0,spring,16471,,,,
NYC,hour,2024-05-02 18:00:00,2024-05-02,18,3,0,spring,15721,,,,
NYC,hour,2024-05-02 19:00:00,2024-05-02,19,3,0,spring,11886,,,,
NYC,hour,2024-05-02 20:00:00,2024-05-02,20,3,0,spring,8377,,,,
NYC,hour,2024-05-02 21:00:00,2024-05-02,21,3,0,spring,5856,,,,
NYC,hour,2024-05-02 22:00:00,2024-05-02,22,3,0,spring,4422,,,,
NYC,hour,2024-05-02 23:00:00,2024-05-02,23,3,0,spring,3389,,,,
NYC,hour,2024-05-03 00:00:00,2024-05-03,0,4,0,spring,2277,,,,
NYC,hour,2024-05-03 01:00:00,2024-05-03,1,4,0,spring,1088,,,,
NYC,hour,2024-05-03 02:00:00,2024-05-03,2,4,0,spring,629,,,,
NYC,hour,2024-05-03 03:00:00,2024-05-03,3,4,0,spring,409,,,,
NYC,hour,2024-05-03 04:00:00,2024-05-03,4,4,0,spring,405,,,,
NYC,hour,2024-05-03 05:00:00,2024-05-03,5,4,0,spring,972,,,,
NYC,hour,2024-05-03 06:00:00,2024-05-03,6,4,0,spring,2944,,,,
NYC,hour,2024-05-03 07:00:00,2024-05-03,7,4,0,spring,6367,,,,
NYC,hour,2024-05-03 08:00:00,2024-05-03,8,4,0,spring,9029,,,,
NYC,hour,2024-05-03 09:00:00,2024-05-03,9,4,0,spring,7153,,,,
NYC,hour,2024-05-03 10:00:00,2024-05-03,10,4,0,spring,5674,,,,
NYC,hour,2024-05-03 11:00:00,2024-05-03,11,4,0,spring,5994,,,,
NYC,hour,2024-05-03 12:00:00,2024-05-03,12,4,0,spring,6919,,,,
NYC,hour,2024-05-03 13:00:00,2024-05-03,13,4,0,spring,7599,,,,
NYC,hour,2024-05-03 14:00:00,2024-05-03,14,4,0,spring,8689,,,,
NYC,hour,2024-05-03 15:00:00,2024-05-03,15,4,0,spring,10076,,,,
NYC,hour,2024-05-03 16:00:00,2024-05-03,16,4,0,spring,11076,,,,
NYC,hour,2024-05-03 17:00:00,2024-05-03,17,4,0,spring,13345,,,,
NYC,hour,2024-05-03 18:00:00,2024-05-03,18,4,0,spring,11881,,,,
NYC,hour,2024-05-03 19:00:00,2024-05-03,19,4,0,spring,9112,,,,
NYC,hour,2024-05-03 20:00:00,2024-05-03,20,4,0,spring,5964,,,,
NYC,hour,2024-05-03 21:00:00,2024-05-03,21,4,0,spring,4471,,,,
NYC,hour,2024-05-03 22:00:00,2024-05-03,22,4,0,spring,3966,,,,
NYC,hour,2024-05-03 23:00:00,2024-05-03,23,4,0,spring,3068,,,,
NYC,hour,2024-05-04 00:00:00,2024-05-04,0,5,1,spring,2435,,,,
NYC,hour,2024-05-04 01:00:00,2024-05-04,1,5,1,spring,1668,,,,
NYC,hour,2024-05-04 02:00:00,2024-05-04,2,5,1,spring,1104,,,,
NYC,hour,2024-05-04 03:00:00,2024-05-04,3,5,1,spring,711,,,,
NYC,hour,2024-05-04 04:00:00,2024-05-04,4,5,1,spring,500,,,,
NYC,hour,2024-05-04 05:00:00,2024-05-04,5,5,1,spring,453,,,,
NYC,hour,2024-05-04 06:00:00,2024-05-04,6,5,1,spring,1178,,,,
NYC,hour,2024-05-04 07:00:00,2024-05-04,7,5,1,spring,2142,,,,
NYC,hour,2024-05-04 08:00:00,2024-05-04,8,5,1,spring,3718,,,,
NYC,hour,2024-05-04 09:00:00,2024-05-04,9,5,1,spring,5747,,,,
NYC,hour,2024-05-04 10:00:00,2024-05-04,10,5,1,spring,7850,,,,
NYC,hour,2024-05-04 11:00:00,2024-05-04,11,5,1,spring,9135,,,,
NYC,hour,2024-05-04 12:00:00,2024-05-04,12,5,1,spring,10391,,,,
NYC,hour,2024-05-04 13:00:00,2024-05-04,13,5,1,spring,10258,,,,
NYC,hour,2024-05-04 14:00:00,2024-05-04,14,5,1,spring,9956,,,,
NYC,hour,2024-05-04 15:00:00,2024-05-04,15,5,1,spring,9437,,,,
NYC,hour,2024-05-04 16:00:00,2024-05-04,16,5,1,spring,9103,,,,
NYC,hour,2024-05-04 17:00:00,2024-05-04,17,5,1,spring,8551,,,,
NYC,hour,2024-05-04 18:00:00,2024-05-04,18,5,1,spring,7908,,,,
NYC,hour,2024-05-04 19:00:00,2024-05-04,19,5,1,spring,6594,,,,
NYC,hour,2024-05-04 20:00:00,2024-05-04,20,5,1,spring,4754,,,,
NYC,hour,2024-05-04 21:00:00,2024-05-04,21,5,1,spring,3858,,,,
NYC,hour,2024-05-04 22:00:00,2024-05-04,22,5,1,spring,3387,,,,
NYC,hour,2024-05-04 23:00:00,2024-05-04,23,5,1,spring,2822,,,,
NYC,hour,2024-05-05 00:00:00,2024-05-05,0,6,1,spring,1976,,,,
NYC,hour,2024-05-05 01:00:00,2024-05-05,1,6,1,spring,1436,,,,
NYC,hour,2024-05-05 02:00:00,2024-05-05,2,6,1,spring,1054,,,,
NYC,hour,2024-05-05 03:00:00,2024-05-05,3,6,1,spring,735,,,,
NYC,hour,2024-05-05 04:00:00,2024-05-05,4,6,1,spring,334,,,,
NYC,hour,2024-05-05 05:00:00,2024-05-05,5,6,1,spring,360,,,,
NYC,hour,2024-05-05 06:00:00,2024-05-05,6,6,1,spring,759,,,,
NYC,hour,2024-05-05 07:00:00,2024-05-05,7,6,1,spring,1438,,,,
NYC,hour,2024-05-05 08:00:00,2024-05-05,8,6,1,spring,2385,,,,
NYC,hour,2024-05-05 09:00:00,2024-05-05,9,6,1,spring,3676,,,,
NYC,hour,2024-05-05 10:00:00,2024-05-05,10,6,1,spring,4973,,,,
NYC,hour,2024-05-05 11:00:00,2024-05-05,11,6,1,spring,4517,,,,
NYC,hour,2024-05-05 12:00:00,2024-05-05,12,6,1,spring,5278,,,,
NYC,hour,2024-05-05 13:00:00,2024-05-05,13,6,1,spring,5022,,,,
NYC,hour,2024-05-05 14:00:00,2024-05-05,14,6,1,spring,2612,,,,
NYC,hour,2024-05-05 15:00:00,2024-05-05,15,6,1,spring,1730,,,,
NYC,hour,2024-05-05 16:00:00,2024-05-05,16,6,1,spring,2230,,,,
NYC,hour,2024-05-05 17:00:00,2024-05-05,17,6,1,spring,2312,,,,
NYC,hour,2024-05-05 18:00:00,2024-05-05,18,6,1,spring,2775,,,,
NYC,hour,2024-05-05 19:00:00,2024-05-05,19,6,1,spring,1916,,,,
NYC,hour,2024-05-05 20:00:00,2024-05-05,20,6,1,spring,2099,,,,
NYC,hour,2024-05-05 21:00:00,2024-05-05,21,6,1,spring,1995,,,,
NYC,hour,2024-05-05 22:00:00,2024-05-05,22,6,1,spring,1481,,,,
NYC,hour,2024-05-05 23:00:00,2024-05-05,23,6,1,spring,1062,,,,
NYC,hour,2024-05-06 00:00:00,2024-05-06,0,0,0,spring,640,,,,
NYC,hour,2024-05-06 01:00:00,2024-05-06,1,0,0,spring,390,,,,
NYC,hour,2024-05-06 02:00:00,2024-05-06,2,0,0,spring,247,,,,
NYC,hour,2024-05-06 03:00:00,2024-05-06,3,0,0,spring,185,,,,
NYC,hour,2024-05-06 04:00:00,2024-05-06,4,0,0,spring,275,,,,
NYC,hour,2024-05-06 05:00:00,2024-05-06,5,0,0,spring,947,,,,
NYC,hour,2024-05-06 06:00:00,2024-05-06,6,0,0,spring,2714,,,,
NYC,hour,2024-05-06 07:00:00,2024-05-06,7,0,0,spring,6148,,,,
NYC,hour,2024-05-06 08:00:00,2024-05-06,8,0,0,spring,9166,,,,
NYC,hour,2024-05-06 09:00:00,2024-05-06,9,0,0,spring,6557,,,,
NYC,hour,2024-05-06 10:00:00,2024-05-06,10,0,0,spring,4756,,,,
NYC,hour,2024-05-06 11:00:00,2024-05-06,11,0,0,spring,4863,,,,
NYC,hour,2024-05-06 12:00:00,2024-05-06,12,0,0,spring,5582,,,,
NYC,hour,2024-05-06 13:00:00,2024-05-06,13,0,0,spring,6113,,,,
NYC,hour,2024-05-06 14:00:00,2024-05-06,14,0,0,spring,7204,,,,
NYC,hour,2024-05-06 15:00:00,2024-05-06,15,0,0,spring,8693,,,,
NYC,hour,2024-05-06 16:00:00,2024-05-06,16,0,0,spring,10390,,,,
NYC,hour,2024-05-06 17:00:00,2024-05-06,17,0,0,spring,14025,,,,
NYC,hour,2024-05-06 18:00:00,2024-05-06,18,0,0,spring,13054,,,,
NYC,hour,2024-05-06 19:00:00,2024-05-06,19,0,0,spring,9788,,,,
NYC,hour,2024-05-06 20:00:00,2024-05-06,20,0,0,spring,6661,,,,
NYC,hour,2024-05-06 21:00:00,2024-05-06,21,0,0,spring,4690,,,,
NYC,hour,2024-05-06 22:00:00,2024-05-06,22,0,0,spring,3967,,,,
NYC,hour,2024-05-06 23:00:00,2024-05-06,23,0,0,spring,2224,,,,
NYC,hour,2024-05-07 00:00:00,2024-05-07,0,1,0,spring,1277,,,,
NYC,hour,2024-05-07 01:00:00,2024-05-07,1,1,0,spring,681,,,,
NYC,hour,2024-05-07 02:00:00,2024-05-07,2,1,0,spring,380,,,,
NYC,hour,2024-05-07 03:00:00,2024-05-07,3,1,0,spring,303,,,,
NYC,hour,2024-05-07 04:00:00,2024-05-07,4,1,0,spring,331,,,,
NYC,hour,2024-05-07 05:00:00,2024-05-07,5,1,0,spring,1201,,,,
NYC,hour,2024-05-07 06:00:00,2024-05-07,6,1,0,spring,3683,,,,
NYC,hour,2024-05-07 07:00:00,2024-05-07,7,1,0,spring,8090,,,,
NYC,hour,2024-05-07 08:00:00,2024-05-07,8,1,0,spring,12170,,,,
NYC,hour,2024-05-07 09:00:00,2024-05-07,9,1,0,spring,8402,,,,
NYC,hour,2024-05-07 10:00:00,2024-05-07,10,1,0,spring,5926,,,,
NYC,hour,2024-05-07 11:00:00,2024-05-07,11,1,0,spring,6203,,,,
NYC,hour,2024-05-07 12:00:00,2024-05-07,12,1,0,spring,6963,,,,
NYC,hour,2024-05-07 13:00:00,2024-05-07,13,1,0,spring,7330,,,,
NYC,hour,2024-05-07 14:00:00,2024-05-07,14,1,0,spring,8635,,,,
NYC,hour,2024-05-07 15:00:00,2024-05-07,15,1,0,spring,10030,,,,
NYC,hour,2024-05-07 16:00:00,2024-05-07,16,1,0,spring,11641,,,,
NYC,hour,2024-05-07 17:00:00,2024-05-07,17,1,0,spring,17586,,,,
NYC,hour,2024-05-07 18:00:00,2024-05-07,18,1,0,spring,16292,,,,
NYC,hour,2024-05-07 19:00:00,2024-05-07,19,1,0,spring,11594,,,,
NYC,hour,2024-05-07 20:00:00,2024-05-07,20,1,0,spring,7840,,,,
NYC,hour,2024-05-07 21:00:00,2024-05-07,21,1,0,spring,5711,,,,
NYC,hour,2024-05-07 22:00:00,2024-05-07,22,1,0,spring,4192,,,,
NYC,hour,2024-05-07 23:00:00,2024-05-07,23,1,0,spring,2935,,,,
NYC,hour,2024-05-08 00:00:00,2024-05-08,0,2,0,spring,1487,,,,
NYC,hour,2024-05-08 01:00:00,2024-05-08,1,2,0,spring,790,,,,
NYC,hour,2024-05-08 02:00:00,2024-05-08,2,2,0,spring,438,,,,
NYC,hour,2024-05-08 03:00:00,2024-05-08,3,2,0,spring,262,,,,
NYC,hour,2024-05-08 04:00:00,2024-05-08,4,2,0,spring,341,,,,
NYC,hour,2024-05-08 05:00:00,2024-05-08,5,2,0,spring,1140,,,,
NYC,hour,2024-05-08 06:00:00,2024-05-08,6,2,0,spring,3069,,,,
NYC,hour,2024-05-08 07:00:00,2024-05-08,7,2,0,spring,5894,,,,
NYC,hour,2024-05-08 08:00:00,2024-05-08,8,2,0,spring,7283,,,,
NYC,hour,2024-05-08 09:00:00,2024-05-08,9,2,0,spring,7064,,,,
NYC,hour,2024-05-08 10:00:00,2024-05-08,10,2,0,spring,5636,,,,
NYC,hour,2024-05-08 11:00:00,2024-05-08,11,2,0,spring,5844,,,,
NYC,hour,2024-05-08 12:00:00,2024-05-08,12,2,0,spring,6648,,,,
NYC,hour,2024-05-08 13:00:00,2024-05-08,13,2,0,spring,7122,,,,
NYC,hour,2024-05-08 14:00:00,2024-05-08,14,2,0,spring,8526,,,,
NYC,hour,2024-05-08 15:00:00,2024-05-08,15,2,0,spring,9661,,,,
NYC,hour,2024-05-08 16:00:00,2024-05-08,16,2,0,spring,11343,,,,
NYC,hour,2024-05-08 17:00:00,2024-05-08,17,2,0,spring,16805,,,,
NYC,hour,2024-05-08 18:00:00,2024-05-08,18,2,0,spring,15979,,,,
NYC,hour,2024-05-08 19:00:00,2024-05-08,19,2,0,spring,12064,,,,
NYC,hour,2024-05-08 20:00:00,2024-05-08,20,2,0,spring,8108,,,,
NYC,hour,2024-05-08 21:00:00,2024-05-08,21,2,0,spring,6167,,,,
NYC,hour,2024-05-08 22:00:00,2024-05-08,22,2,0,spring,5392,,,,
NYC,hour,2024-05-08 23:00:00,2024-05-08,23,2,0,spring,3474,,,,
NYC,hour,2024-05-09 00:00:00,2024-05-09,0,3,0,spring,1741,,,,
NYC,hour,2024-05-09 01:00:00,2024-05-09,1,3,0,spring,895,,,,
NYC,hour,2024-05-09 02:00:00,2024-05-09,2,3,0,spring,533,,,,
NYC,hour,2024-05-09 03:00:00,2024-05-09,3,3,0,spring,349,,,,
NYC,hour,2024-05-09 04:00:00,2024-05-09,4,3,0,spring,385,,,,
NYC,hour,2024-05-09 05:00:00,2024-05-09,5,3,0,spring,1086,,,,
NYC,hour,2024-05-09 06:00:00,2024-05-09,6,3,0,spring,3437,,,,
NYC,hour,2024-05-09 07:00:00,2024-05-09,7,3,0,spring,7588,,,,
NYC,hour,2024-05-09 08:00:00,2024-05-09,8,3,0,spring,11548,,,,
NYC,hour,2024-05-09 09:00:00,2024-05-09,9,3,0,spring,8720,,,,
NYC,hour,2024-05-09 10:00:00,2024-05-09,10,3,0,spring,6208,,,,
NYC,hour,2024-05-09 11:00:00,2024-05-09,11,3,0,spring,5967,,,,
NYC,hour,2024-05-09 12:00:00,2024-05-09,12,3,0,spring,6580,,,,
NYC,hour,2024-05-09 13:00:00,2024-05-09,13,3,0,spring,6813,,,,
NYC,hour,2024-05-09 14:00:00,2024-05-09,14,3,0,spring,7803,,,,
NYC,hour,2024-05-09 15:00:00,2024-05-09,15,3,0,spring,9414,,,,
NYC,hour,2024-05-09 16:00:00,2024-05-09,16,3,0,spring,10768,,,,
NYC,hour,2024-05-09 17:00:00,2024-05-09,17,3,0,spring,14992,,,,
NYC,hour,2024-05-09 18:00:00,2024-05-09,18,3,0,spring,13861,,,,
NYC,hour,2024-05-09 19:00:00,2024-05-09,19,3,0,spring,9864,,,,
NYC,hour,2024-05-09 20:00:00,2024-05-09,20,3,0,spring,6891,,,,
NYC,hour,2024-05-09 21:00:00,2024-05-09,21,3,0,spring,5182,,,,
NYC,hour,2024-05-09 22:00:00,2024-05-09,22,3,0,spring,4226,,,,
NYC,hour,2024-05-09 23:00:00,2024-05-09,23,3,0,spring,2975,,,,
NYC,hour,2024-05-10 00:00:00,2024-05-10,0,4,0,spring,1666,,,,
NYC,hour,2024-05-10 01:00:00,2024-05-10,1,4,0,spring,883,,,,
NYC,hour,2024-05-10 02:00:00,2024-05-10,2,4,0,spring,265,,,,
NYC,hour,2024-05-10 03:00:00,2024-05-10,3,4,0,spring,150,,,,
NYC,hour,2024-05-10 04:00:00,2024-05-10,4,4,0,spring,141,,,,
NYC,hour,2024-05-10 05:00:00,2024-05-10,5,4,0,spring,432,,,,
NYC,hour,2024-05-10 06:00:00,2024-05-10,6,4,0,spring,1902,,,,
NYC,hour,2024-05-10 07:00:00,2024-05-10,7,4,0,spring,4709,,,,
NYC,hour,2024-05-10 08:00:00,2024-05-10,8,4,0,spring,5965,,,,
NYC,hour,2024-05-10 09:00:00,2024-05-10,9,4,0,spring,4092,,,,
NYC,hour,2024-05-10 10:00:00,2024-05-10,10,4,0,spring,3352,,,,
NYC,hour,2024-05-10 11:00:00,2024-05-10,11,4,0,spring,4069,,,,
NYC,hour,2024-05-10 12:00:00,2024-05-10,12,4,0,spring,4524,,,,
NYC,hour,2024-05-10 13:00:00,2024-05-10,13,4,0,spring,5633,,,,
NYC,hour,2024-05-10 14:00:00,2024-05-10,14,4,0,spring,6253,,,,
NYC,hour,2024-05-10 15:00:00,2024-05-10,15,4,0,spring,6804,,,,
NYC,hour,2024-05-10 16:00:00,2024-05-10,16,4,0,spring,5738,,,,
NYC,hour,2024-05-10 17:00:00,2024-05-10,17,4,0,spring,7642,,,,
NYC,hour,2024-05-10 18:00:00,2024-05-10,18,4,0,spring,8317,,,,
NYC,hour,2024-05-10 19:00:00,2024-05-10,19,4,0,spring,4697,,,,
NYC,hour,2024-05-10 20:00:00,2024-05-10,20,4,0,spring,3471,,,,
NYC,hour,2024-05-10 21:00:00,2024-05-10,21,4,0,spring,2730,,,,
NYC,hour,2024-05-10 22:00:00,2024-05-10,22,4,0,spring,2747,,,,
NYC,hour,2024-05-10 23:00:00,2024-05-10,23,4,0,spring,2485,,,,
NYC,hour,2024-05-11 00:00:00,2024-05-11,0,5,1,spring,2156,,,,
NYC,hour,2024-05-11 01:00:00,2024-05-11,1,5,1,spring,1521,,,,
NYC,hour,2024-05-11 02:00:00,2024-05-11,2,5,1,spring,1094,,,,
NYC,hour,2024-05-11 03:00:00,2024-05-11,3,5,1,spring,665,,,,
NYC,hour,2024-05-11 04:00:00,2024-05-11,4,5,1,spring,515,,,,
NYC,hour,2024-05-11 05:00:00,2024-05-11,5,5,1,spring,408,,,,
NYC,hour,2024-05-11 06:00:00,2024-05-11,6,5,1,spring,990,,,,
NYC,hour,2024-05-11 07:00:00,2024-05-11,7,5,1,spring,2138,,,,
NYC,hour,2024-05-11 08:00:00,2024-05-11,8,5,1,spring,3703,,,,
NYC,hour,2024-05-11 09:00:00,2024-05-11,9,5,1,spring,5732,,,,
NYC,hour,2024-05-11 10:00:00,2024-05-11,10,5,1,spring,7899,,,,
NYC,hour,2024-05-11 11:00:00,2024-05-11,11,5,1,spring,9538,,,,
NYC,hour,2024-05-11 12:00:00,2024-05-11,12,5,1,spring,10442,,,,
NYC,hour,2024-05-11 13:00:00,2024-05-11,13,5,1,spring,11148,,,,
NYC,hour,2024-05-11 14:00:00,2024-05-11,14,5,1,spring,11215,,,,
NYC,hour,2024-05-11 15:00:00,2024-05-11,15,5,1,spring,11433,,,,
NYC,hour,2024-05-11 16:00:00,2024-05-11,16,5,1,spring,10665,,,,
NYC,hour,2024-05-11 17:00:00,2024-05-11,17,5,1,spring,9793,,,,
NYC,hour,2024-05-11 18:00:00,2024-05-11,18,5,1,spring,8844,,,,
NYC,hour,2024-05-11 19:00:00,2024-05-11,19,5,1,spring,7147,,,,
NYC,hour,2024-05-11 20:00:00,2024-05-11,20,5,1,spring,5156,,,,
NYC,hour,2024-05-11 21:00:00,2024-05-11,21,5,1,spring,3835,,,,
NYC,hour,2024-05-11 22:00:00,2024-05-11,22,5,1,spring,3586,,,,
NYC,hour,2024-05-11 23:00:00,2024-05-11,23,5,1,spring,3059,,,,
NYC,hour,2024-05-12 00:00:00,2024-05-12,0,6,1,spring,2321,,,,
NYC,hour,2024-05-12 01:00:00,2024-05-12,1,6,1,spring,1551,,,,
NYC,hour,2024-05-12 02:00:00,2024-05-12,2,6,1,spring,1010,,,,
NYC,hour,2024-05-12 03:00:00,2024-05-12,3,6,1,spring,731,,,,
NYC,hour,2024-05-12 04:00:00,2024-05-12,4,6,1,spring,459,,,,
NYC,hour,2024-05-12 05:00:00,2024-05-12,5,6,1,spring,406,,,,
NYC,hour,2024-05-12 06:00:00,2024-05-12,6,6,1,spring,537,,,,
NYC,hour,2024-05-12 07:00:00,2024-05-12,7,6,1,spring,772,,,,
NYC,hour,2024-05-12 08:00:00,2024-05-12,8,6,1,spring,1001,,,,
NYC,hour,2024-05-12 09:00:00,2024-05-12,9,6,1,spring,1622,,,,
NYC,hour,2024-05-12 10:00:00,2024-05-12,10,6,1,spring,2294,,,,
NYC,hour,2024-05-12 11:00:00,2024-05-12,11,6,1,spring,2845,,,,
NYC,hour,2024-05-12 12:00:00,2024-05-12,12,6,1,spring,2701,,,,
NYC,hour,2024-05-12 13:00:00,2024-05-12,13,6,1,spring,4132,,,,
NYC,hour,2024-05-12 14:00:00,2024-05-12,14,6,1,spring,5677,,,,
NYC,hour,2024-05-12 15:00:00,2024-05-12,15,6,1,spring,6677,,,,
NYC,hour,2024-05-12 16:00:00,2024-05-12,16,6,1,spring,7033,,,,
NYC,hour,2024-05-12 17:00:00,2024-05-12,17,6,1,spring,7353,,,,
NYC,hour,2024-05-12 18:00:00,2024-05-12,18,6,1,spring,7326,,,,
NYC,hour,2024-05-12 19:00:00,2024-05-12,19,6,1,spring,5860,,,,
NYC,hour,2024-05-12 20:00:00,2024-05-12,20,6,1,spring,4251,,,,
NYC,hour,2024-05-12 21:00:00,2024-05-12,21,6,1,spring,3209,,,,
NYC,hour,2024-05-12 22:00:00,2024-05-12,22,6,1,spring,2421,,,,
NYC,hour,2024-05-12 23:00:00,2024-05-12,23,6,1,spring,1586,,,,
NYC,hour,2024-05-13 00:00:00,2024-05-13,0,0,0,spring,931,,,,
NYC,hour,2024-05-13 01:00:00,2024-05-13,1,0,0,spring,508,,,,
NYC,hour,2024-05-13 02:00:00,2024-05-13,2,0,0,spring,306,,,,
NYC,hour,2024-05-13 03:00:00,2024-05-13,3,0,0,spring,231,,,,
NYC,hour,2024-05-13 04:00:00,2024-05-13,4,0,0,spring,282,,,,
NYC,hour,2024-05-13 05:00:00,2024-05-13,5,0,0,spring,1081,,,,
NYC,hour,2024-05-13 06:00:00,2024-05-13,6,0,0,spring,3035,,,,
NYC,hour,2024-05-13 07:00:00,2024-05-13,7,0,0,spring,6735,,,,
NYC,hour,2024-05-13 08:00:00,2024-05-13,8,0,0,spring,9964,,,,
NYC,hour,2024-05-13 09:00:00,2024-05-13,9,0,0,spring,6740,,,,
NYC,hour,2024-05-13 10:00:00,2024-05-13,10,0,0,spring,4771,,,,
NYC,hour,2024-05-13 11:00:00,2024-05-13,11,0,0,spring,4991,,,,
NYC,hour,2024-05-13 12:00:00,2024-05-13,12,0,0,spring,5981,,,,
NYC,hour,2024-05-13 13:00:00,2024-05-13,13,0,0,spring,6368,,,,
NYC,hour,2024-05-13 14:00:00,2024-05-13,14,0,0,spring,7622,,,,
NYC,hour,2024-05-13 15:00:00,2024-05-13,15,0,0,spring,8806,,,,
NYC,hour,2024-05-13 16:00:00,2024-05-13,16,0,0,spring,10283,,,,
NYC,hour,2024-05-13 17:00:00,2024-05-13,17,0,0,spring,13990,,,,
NYC,hour,2024-05-13 18:00:00,2024-05-13,18,0,0,spring,13471,,,,
NYC,hour,2024-05-13 19:00:00,2024-05-13,19,0,0,spring,9764,,,,
NYC,hour,2024-05-13 20:00:00,2024-05-13,20,0,0,spring,6658,,,,
NYC,hour,2024-05-13 21:00:00,2024-05-13,21,0,0,spring,4763,,,,
NYC,hour,2024-05-13 22:00:00,2024-05-13,22,0,0,spring,3567,,,,
NYC,hour,2024-05-13 23:00:00,2024-05-13,23,0,0,spring,2098,,,,
NYC,hour,2024-05-14 00:00:00,2024-05-14,0,1,0,spring,1303,,,,
NYC,hour,2024-05-14 01:00:00,2024-05-14,1,1,0,spring,670,,,,
NYC,hour,2024-05-14 02:00:00,2024-05-14,2,1,0,spring,377,,,,
NYC,hour,2024-05-14 03:00:00,2024-05-14,3,1,0,spring,269,,,,
NYC,hour,2024-05-14 04:00:00,2024-05-14,4,1,0,spring,355,,,,
NYC,hour,2024-05-14 05:00:00,2024-05-14,5,1,0,spring,1272,,,,
NYC,hour,2024-05-14 06:00:00,2024-05-14,6,1,0,spring,3664,,,,
NYC,hour,2024-05-14 07:00:00,2024-05-14,7,1,0,spring,8230,,,,
NYC,hour,2024-05-14 08:00:00,2024-05-14,8,1,0,spring,12016,,,,
NYC,hour,2024-05-14 09:00:00,2024-05-14,9,1,0,spring,8568,,,,
NYC,hour,2024-05-14 10:00:00,2024-05-14,10,1,0,spring,5809,,,,
NYC,hour,2024-05-14 11:00:00,2024-05-14,11,1,0,spring,5991,,,,
NYC,hour,2024-05-14 12:00:00,2024-05-14,12,1,0,spring,6607,,,,
NYC,hour,2024-05-14 13:00:00,2024-05-14,13,1,0,spring,6703,,,,
NYC,hour,2024-05-14 14:00:00,2024-05-14,14,1,0,spring,7891,,,,
NYC,hour,2024-05-14 15:00:00,2024-05-14,15,1,0,spring,9023,,,,
NYC,hour,2024-05-14 16:00:00,2024-05-14,16,1,0,spring,10371,,,,
NYC,hour,2024-05-14 17:00:00,2024-05-14,17,1,0,spring,14852,,,,
NYC,hour,2024-05-14 18:00:00,2024-05-14,18,1,0,spring,13034,,,,
NYC,hour,2024-05-14 19:00:00,2024-05-14,19,1,0,spring,6894,,,,
NYC,hour,2024-05-14 20:00:00,2024-05-14,20,1,0,spring,5857,,,,
NYC,hour,2024-05-14 21:00:00,2024-05-14,21,1,0,spring,3473,,,,
NYC,hour,2024-05-14 22:00:00,2024-05-14,22,1,0,spring,3345,,,,
NYC,hour,2024-05-14 23:00:00,2024-05-14,23,1,0,spring,2028,,,,
NYC,hour,2024-05-15 00:00:00,2024-05-15,0,2,0,spring,1070,,,,
NYC,hour,2024-05-15 01:00:00,2024-05-15,1,2,0,spring,431,,,,
NYC,hour,2024-05-15 02:00:00,2024-05-15,2,2,0,spring,208,,,,
NYC,hour,2024-05-15 03:00:00,2024-05-15,3,2,0,spring,166,,,,
NYC,hour,2024-05-15 04:00:00,2024-05-15,4,2,0,spring,260,,,,
NYC,hour,2024-05-15 05:00:00,2024-05-15,5,2,0,spring,727,,,,
NYC,hour,2024-05-15 06:00:00,2024-05-15,6,2,0,spring,2004,,,,
NYC,hour,2024-05-15 07:00:00,2024-05-15,7,2,0,spring,3495,,,,
NYC,hour,2024-05-15 08:00:00,2024-05-15,8,2,0,spring,4513,,,,
NYC,hour,2024-05-15 09:00:00,2024-05-15,9,2,0,spring,3910,,,,
NYC,hour,2024-05-15 10:00:00,2024-05-15,10,2,0,spring,3371,,,,
NYC,hour,2024-05-15 11:00:00,2024-05-15,11,2,0,spring,3666,,,,
NYC,hour,2024-05-15 12:00:00,2024-05-15,12,2,0,spring,4907,,,,
NYC,hour,2024-05-15 13:00:00,2024-05-15,13,2,0,spring,5798,,,,
NYC,hour,2024-05-15 14:00:00,2024-05-15,14,2,0,spring,6878,,,,
NYC,hour,2024-05-15 15:00:00,2024-05-15,15,2,0,spring,7451,,,,
NYC,hour,2024-05-15 16:00:00,2024-05-15,16,2,0,spring,7525,,,,
NYC,hour,2024-05-15 17:00:00,2024-05-15,17,2,0,spring,7256,,,,
NYC,hour,2024-05-15 18:00:00,2024-05-15,18,2,0,spring,7712,,,,
NYC,hour,2024-05-15 19:00:00,2024-05-15,19,2,0,spring,5904,,,,
NYC,hour,2024-05-15 20:00:00,2024-05-15,20,2,0,spring,4780,,,,
NYC,hour,2024-05-15 21:00:00,2024-05-15,21,2,0,spring,3722,,,,
NYC,hour,2024-05-15 22:00:00,2024-05-15,22,2,0,spring,3185,,,,
NYC,hour,2024-05-15 23:00:00,2024-05-15,23,2,0,spring,1890,,,,
NYC,hour,2024-05-16 00:00:00,2024-05-16,0,3,0,spring,1262,,,,
NYC,hour,2024-05-16 01:00:00,2024-05-16,1,3,0,spring,537,,,,
NYC,hour,2024-05-16 02:00:00,2024-05-16,2,3,0,spring,190,,,,
NYC,hour,2024-05-16 03:00:00,2024-05-16,3,3,0,spring,144,,,,
NYC,hour,2024-05-16 04:00:00,2024-05-16,4,3,0,spring,247,,,,
NYC,hour,2024-05-16 05:00:00,2024-05-16,5,3,0,spring,615,,,,
NYC,hour,2024-05-16 06:00:00,2024-05-16,6,3,0,spring,1835,,,,
NYC,hour,2024-05-16 07:00:00,2024-05-16,7,3,0,spring,4900,,,,
NYC,hour,2024-05-16 08:00:00,2024-05-16,8,3,0,spring,8484,,,,
NYC,hour,2024-05-16 09:00:00,2024-05-16,9,3,0,spring,6634,,,,
NYC,hour,2024-05-16 10:00:00,2024-05-16,10,3,0,spring,4886,,,,
NYC,hour,2024-05-16 11:00:00,2024-05-16,11,3,0,spring,5025,,,,
NYC,hour,2024-05-16 12:00:00,2024-05-16,12,3,0,spring,5811,,,,
NYC,hour,2024-05-16 13:00:00,2024-05-16,13,3,0,spring,6172,,,,
NYC,hour,2024-05-16 14:00:00,2024-05-16,14,3,0,spring,7362,,,,
NYC,hour,2024-05-16 15:00:00,2024-05-16,15,3,0,spring,8741,,,,
NYC,hour,2024-05-16 16:00:00,2024-05-16,16,3,0,spring,9809,,,,
NYC,hour,2024-05-16 17:00:00,2024-05-16,17,3,0,spring,13076,,,,
NYC,hour,2024-05-16 18:00:00,2024-05-16,18,3,0,spring,12062,,,,
NYC,hour,2024-05-16 19:00:00,2024-05-16,19,3,0,spring,8891,,,,
NYC,hour,2024-05-16 20:00:00,2024-05-16,20,3,0,spring,6463,,,,
NYC,hour,2024-05-16 21:00:00,2024-05-16,21,3,0,spring,4892,,,,
NYC,hour,2024-05-16 22:00:00,2024-05-16,22,3,0,spring,4343,,,,
NYC,hour,2024-05-16 23:00:00,2024-05-16,23,3,0,spring,3072,,,,
NYC,hour,2024-05-17 00:00:00,2024-05-17,0,4,0,spring,1811,,,,
NYC,hour,2024-05-17 01:00:00,2024-05-17,1,4,0,spring,1008,,,,
NYC,hour,2024-05-17 02:00:00,2024-05-17,2,4,0,spring,642,,,,
NYC,hour,2024-05-17 03:00:00,2024-05-17,3,4,0,spring,382,,,,
NYC,hour,2024-05-17 04:00:00,2024-05-17,4,4,0,spring,378,,,,
NYC,hour,2024-05-17 05:00:00,2024-05-17,5,4,0,spring,985,,,,
NYC,hour,2024-05-17 06:00:00,2024-05-17,6,4,0,spring,2747,,,,
NYC,hour,2024-05-17 07:00:00,2024-05-17,7,4,0,spring,6362,,,,
NYC,hour,2024-05-17 08:00:00,2024-05-17,8,4,0,spring,9117,,,,
NYC,hour,2024-05-17 09:00:00,2024-05-17,9,4,0,spring,7390,,,,
NYC,hour,2024-05-17 10:00:00,2024-05-17,10,4,0,spring,6142,,,,
NYC,hour,2024-05-17 11:00:00,2024-05-17,11,4,0,spring,6631,,,,
NYC,hour,2024-05-17 12:00:00,2024-05-17,12,4,0,spring,7707,,,,
NYC,hour,2024-05-17 13:00:00,2024-05-17,13,4,0,spring,8246,,,,
NYC,hour,2024-05-17 14:00:00,2024-05-17,14,4,0,spring,9554,,,,
NYC,hour,2024-05-17 15:00:00,2024-05-17,15,4,0,spring,10751,,,,
NYC,hour,2024-05-17 16:00:00,2024-05-17,16,4,0,spring,11758,,,,
NYC,hour,2024-05-17 17:00:00,2024-05-17,17,4,0,spring,13746,,,,
NYC,hour,2024-05-17 18:00:00,2024-05-17,18,4,0,spring,12692,,,,
NYC,hour,2024-05-17 19:00:00,2024-05-17,19,4,0,spring,10370,,,,
NYC,hour,2024-05-17 20:00:00,2024-05-17,20,4,0,spring,7742,,,,
NYC,hour,2024-05-17 21:00:00,2024-05-17,21,4,0,spring,5635,,,,
NYC,hour,2024-05-17 22:00:00,2024-05-17,22,4,0,spring,4749,,,,
NYC,hour,2024-05-17 23:00:00,2024-05-17,23,4,0,spring,4392,,,,
NYC,hour,2024-05-18 00:00:00,2024-05-18,0,5,1,spring,3301,,,,
NYC,hour,2024-05-18 01:00:00,2024-05-18,1,5,1,spring,2163,,,,
NYC,hour,2024-05-18 02:00:00,2024-05-18,2,5,1,spring,1469,,,,
NYC,hour,2024-05-18 03:00:00,2024-05-18,3,5,1,spring,1038,,,,
NYC,hour,2024-05-18 04:00:00,2024-05-18,4,5,1,spring,700,,,,
NYC,hour,2024-05-18 05:00:00,2024-05-18,5,5,1,spring,862,,,,
NYC,hour,2024-05-18 06:00:00,2024-05-18,6,5,1,spring,1739,,,,
NYC,hour,2024-05-18 07:00:00,2024-05-18,7,5,1,spring,2582,,,,
NYC,hour,2024-05-18 08:00:00,2024-05-18,8,5,1,spring,4007,,,,
NYC,hour,2024-05-18 09:00:00,2024-05-18,9,5,1,spring,5930,,,,
NYC,hour,2024-05-18 10:00:00,2024-05-18,10,5,1,spring,7805,,,,
NYC,hour,2024-05-18 11:00:00,2024-05-18,11,5,1,spring,9264,,,,
NYC,hour,2024-05-18 12:00:00,2024-05-18,12,5,1,spring,10662,,,,
NYC,hour,2024-05-18 13:00:00,2024-05-18,13,5,1,spring,10640,,,,
NYC,hour,2024-05-18 14:00:00,2024-05-18,14,5,1,spring,10675,,,,
NYC,hour,2024-05-18 15:00:00,2024-05-18,15,5,1,spring,9612,,,,
NYC,hour,2024-05-18 16:00:00,2024-05-18,16,5,1,spring,8001,,,,
NYC,hour,2024-05-18 17:00:00,2024-05-18,17,5,1,spring,6606,,,,
NYC,hour,2024-05-18 18:00:00,2024-05-18,18,5,1,spring,5258,,,,
NYC,hour,2024-05-18 19:00:00,2024-05-18,19,5,1,spring,4339,,,,
NYC,hour,2024-05-18 20:00:00,2024-05-18,20,5,1,spring,3683,,,,
NYC,hour,2024-05-18 21:00:00,2024-05-18,21,5,1,spring,2982,,,,
NYC,hour,2024-05-18 22:00:00,2024-05-18,22,5,1,spring,3066,,,,
NYC,hour,2024-05-18 23:00:00,2024-05-18,23,5,1,spring,3025,,,,
NYC,hour,2024-05-19 00:00:00,2024-05-19,0,6,1,spring,2516,,,,
NYC,hour,2024-05-19 01:00:00,2024-05-19,1,6,1,spring,1950,,,,
NYC,hour,2024-05-19 02:00:00,2024-05-19,2,6,1,spring,1297,,,,
NYC,hour,2024-05-19 03:00:00,2024-05-19,3,6,1,spring,934,,,,
NYC,hour,2024-05-19 04:00:00,2024-05-19,4,6,1,spring,579,,,,
NYC,hour,2024-05-19 05:00:00,2024-05-19,5,6,1,spring,474,,,,
NYC,hour,2024-05-19 06:00:00,2024-05-19,6,6,1,spring,952,,,,
NYC,hour,2024-05-19 07:00:00,2024-05-19,7,6,1,spring,1567,,,,
NYC,hour,2024-05-19 08:00:00,2024-05-19,8,6,1,spring,3039,,,,
NYC,hour,2024-05-19 09:00:00,2024-05-19,9,6,1,spring,5022,,,,
NYC,hour,2024-05-19 10:00:00,2024-05-19,10,6,1,spring,7197,,,,
NYC,hour,2024-05-19 11:00:00,2024-05-19,11,6,1,spring,8757,,,,
NYC,hour,2024-05-19 12:00:00,2024-05-19,12,6,1,spring,10452,,,,
NYC,hour,2024-05-19 13:00:00,2024-05-19,13,6,1,spring,11781,,,,
NYC,hour,2024-05-19 14:00:00,2024-05-19,14,6,1,spring,12086,,,,
NYC,hour,2024-05-19 15:00:00,2024-05-19,15,6,1,spring,12653,,,,
NYC,hour,2024-05-19 16:00:00,2024-05-19,16,6,1,spring,11706,,,,
NYC,hour,2024-05-19 17:00:00,2024-05-19,17,6,1,spring,10901,,,,
NYC,hour,2024-05-19 18:00:00,2024-05-19,18,6,1,spring,11748,,,,
NYC,hour,2024-05-19 19:00:00,2024-05-19,19,6,1,spring,8993,,,,
NYC,hour,2024-05-19 20:00:00,2024-05-19,20,6,1,spring,6122,,,,
NYC,hour,2024-05-19 21:00:00,2024-05-19,21,6,1,spring,4196,,,,
NYC,hour,2024-05-19 22:00:00,2024-05-19,22,6,1,spring,3166,,,,
NYC,hour,2024-05-19 23:00:00,2024-05-19,23,6,1,spring,2120,,,,
NYC,hour,2024-05-20 00:00:00,2024-05-20,0,0,0,spring,1191,,,,
NYC,hour,2024-05-20 01:00:00,2024-05-20,1,0,0,spring,657,,,,
NYC,hour,2024-05-20 02:00:00,2024-05-20,2,0,0,spring,445,,,,
NYC,hour,2024-05-20 03:00:00,2024-05-20,3,0,0,spring,288,,,,
NYC,hour,2024-05-20 04:00:00,2024-05-20,4,0,0,spring,355,,,,
NYC,hour,2024-05-20 05:00:00,2024-05-20,5,0,0,spring,1133,,,,
NYC,hour,2024-05-20 06:00:00,2024-05-20,6,0,0,spring,3333,,,,
NYC,hour,2024-05-20 07:00:00,2024-05-20,7,0,0,spring,7143,,,,
NYC,hour,2024-05-20 08:00:00,2024-05-20,8,0,0,spring,10922,,,,
NYC,hour,2024-05-20 09:00:00,2024-05-20,9,0,0,spring,7723,,,,
NYC,hour,2024-05-20 10:00:00,2024-05-20,10,0,0,spring,5648,,,,
NYC,hour,2024-05-20 11:00:00,2024-05-20,11,0,0,spring,5595,,,,
NYC,hour,2024-05-20 12:00:00,2024-05-20,12,0,0,spring,6627,,,,
NYC,hour,2024-05-20 13:00:00,2024-05-20,13,0,0,spring,7159,,,,
NYC,hour,2024-05-20 14:00:00,2024-05-20,14,0,0,spring,8362,,,,
NYC,hour,2024-05-20 15:00:00,2024-05-20,15,0,0,spring,9612,,,,
NYC,hour,2024-05-20 16:00:00,2024-05-20,16,0,0,spring,11104,,,,
NYC,hour,2024-05-20 17:00:00,2024-05-20,17,0,0,spring,15245,,,,
NYC,hour,2024-05-20 18:00:00,2024-05-20,18,0,0,spring,14396,,,,
NYC,hour,2024-05-20 19:00:00,2024-05-20,19,0,0,spring,10688,,,,
NYC,hour,2024-05-20 20:00:00,2024-05-20,20,0,0,spring,7168,,,,
NYC,hour,2024-05-20 21:00:00,2024-05-20,21,0,0,spring,5131,,,,
NYC,hour,2024-05-20 22:00:00,2024-05-20,22,0,0,spring,3590,,,,
NYC,hour,2024-05-20 23:00:00,2024-05-20,23,0,0,spring,2280,,,,
NYC,hour,2024-05-21 00:00:00,2024-05-21,0,1,0,spring,1218,,,,
NYC,hour,2024-05-21 01:00:00,2024-05-21,1,1,0,spring,618,,,,
NYC,hour,2024-05-21 02:00:00,2024-05-21,2,1,0,spring,412,,,,
NYC,hour,2024-05-21 03:00:00,2024-05-21,3,1,0,spring,279,,,,
NYC,hour,2024-05-21 04:00:00,2024-05-21,4,1,0,spring,335,,,,
NYC,hour,2024-05-21 05:00:00,2024-05-21,5,1,0,spring,1208,,,,
NYC,hour,2024-05-21 06:00:00,2024-05-21,6,1,0,spring,3770,,,,
NYC,hour,2024-05-21 07:00:00,2024-05-21,7,1,0,spring,8115,,,,
NYC,hour,2024-05-21 08:00:00,2024-05-21,8,1,0,spring,12415,,,,
NYC,hour,2024-05-21 09:00:00,2024-05-21,9,1,0,spring,8698,,,,
NYC,hour,2024-05-21 10:00:00,2024-05-21,10,1,0,spring,6000,,,,
NYC,hour,2024-05-21 11:00:00,2024-05-21,11,1,0,spring,5900,,,,
NYC,hour,2024-05-21 12:00:00,2024-05-21,12,1,0,spring,6668,,,,
NYC,hour,2024-05-21 13:00:00,2024-05-21,13,1,0,spring,7164,,,,
NYC,hour,2024-05-21 14:00:00,2024-05-21,14,1,0,spring,8518,,,,
NYC,hour,2024-05-21 15:00:00,2024-05-21,15,1,0,spring,9960,,,,
NYC,hour,2024-05-21 16:00:00,2024-05-21,16,1,0,spring,11876,,,,
NYC,hour,2024-05-21 17:00:00,2024-05-21,17,1,0,spring,17212,,,,
NYC,hour,2024-05-21 18:00:00,2024-05-21,18,1,0,spring,16109,,,,
NYC,hour,2024-05-21 19:00:00,2024-05-21,19,1,0,spring,11811,,,,
NYC,hour,2024-05-21 20:00:00,2024-05-21,20,1,0,spring,8631,,,,
NYC,hour,2024-05-21 21:00:00,2024-05-21,21,1,0,spring,6416,,,,
NYC,hour,2024-05-21 22:00:00,2024-05-21,22,1,0,spring,4759,,,,
NYC,hour,2024-05-21 23:00:00,2024-05-21,23,1,0,spring,3165,,,,
NYC,hour,2024-05-22 00:00:00,2024-05-22,0,2,0,spring,1635,,,,
NYC,hour,2024-05-22 01:00:00,2024-05-22,1,2,0,spring,884,,,,
NYC,hour,2024-05-22 02:00:00,2024-05-22,2,2,0,spring,500,,,,
NYC,hour,2024-05-22 03:00:00,2024-05-22,3,2,0,spring,301,,,,
NYC,hour,2024-05-22 04:00:00,2024-05-22,4,2,0,spring,358,,,,
NYC,hour,2024-05-22 05:00:00,2024-05-22,5,2,0,spring,1197,,,,
NYC,hour,2024-05-22 06:00:00,2024-05-22,6,2,0,spring,3808,,,,
NYC,hour,2024-05-22 07:00:00,2024-05-22,7,2,0,spring,8405,,,,
NYC,hour,2024-05-22 08:00:00,2024-05-22,8,2,0,spring,12797,,,,
NYC,hour,2024-05-22 09:00:00,2024-05-22,9,2,0,spring,8916,,,,
NYC,hour,2024-05-22 10:00:00,2024-05-22,10,2,0,spring,6436,,,,
NYC,hour,2024-05-22 11:00:00,2024-05-22,11,2,0,spring,6336,,,,
NYC,hour,2024-05-22 12:00:00,2024-05-22,12,2,0,spring,7180,,,,
NYC,hour,2024-05-22 13:00:00,2024-05-22,13,2,0,spring,7707,,,,
NYC,hour,2024-05-22 14:00:00,2024-05-22,14,2,0,spring,9115,,,,
NYC,hour,2024-05-22 15:00:00,2024-05-22,15,2,0,spring,10190,,,,
NYC,hour,2024-05-22 16:00:00,2024-05-22,16,2,0,spring,12117,,,,
NYC,hour,2024-05-22 17:00:00,2024-05-22,17,2,0,spring,17188,,,,
NYC,hour,2024-05-22 18:00:00,2024-05-22,18,2,0,spring,16638,,,,
NYC,hour,2024-05-22 19:00:00,2024-05-22,19,2,0,spring,12041,,,,
NYC,hour,2024-05-22 20:00:00,2024-05-22,20,2,0,spring,8874,,,,
NYC,hour,2024-05-22 21:00:00,2024-05-22,21,2,0,spring,6492,,,,
NYC,hour,2024-05-22 22:00:00,2024-05-22,22,2,0,spring,5249,,,,
NYC,hour,2024-05-22 23:00:00,2024-05-22,23,2,0,spring,3838,,,,
NYC,hour,2024-05-23 00:00:00,2024-05-23,0,3,0,spring,1997,,,,
NYC,hour,2024-05-23 01:00:00,2024-05-23,1,3,0,spring,1084,,,,
NYC,hour,2024-05-23 02:00:00,2024-05-23,2,3,0,spring,550,,,,
NYC,hour,2024-05-23 03:00:00,2024-05-23,3,3,0,spring,331,,,,
NYC,hour,2024-05-23 04:00:00,2024-05-23,4,3,0,spring,384,,,,
NYC,hour,2024-05-23 05:00:00,2024-05-23,5,3,0,spring,1195,,,,
NYC,hour,2024-05-23 06:00:00,2024-05-23,6,3,0,spring,3528,,,,
NYC,hour,2024-05-23 07:00:00,2024-05-23,7,3,0,spring,7841,,,,
NYC,hour,2024-05-23 08:00:00,2024-05-23,8,3,0,spring,11411,,,,
NYC,hour,2024-05-23 09:00:00,2024-05-23,9,3,0,spring,5785,,,,
NYC,hour,2024-05-23 10:00:00,2024-05-23,10,3,0,spring,2729,,,,
NYC,hour,2024-05-23 11:00:00,2024-05-23,11,3,0,spring,4569,,,,
NYC,hour,2024-05-23 12:00:00,2024-05-23,12,3,0,spring,5883,,,,
NYC,hour,2024-05-23 13:00:00,2024-05-23,13,3,0,spring,6477,,,,
NYC,hour,2024-05-23 14:00:00,2024-05-23,14,3,0,spring,7605,,,,
NYC,hour,2024-05-23 15:00:00,2024-05-23,15,3,0,spring,9678,,,,
NYC,hour,2024-05-23 16:00:00,2024-05-23,16,3,0,spring,11280,,,,
NYC,hour,2024-05-23 17:00:00,2024-05-23,17,3,0,spring,14739,,,,
NYC,hour,2024-05-23 18:00:00,2024-05-23,18,3,0,spring,14248,,,,
NYC,hour,2024-05-23 19:00:00,2024-05-23,19,3,0,spring,11152,,,,
NYC,hour,2024-05-23 20:00:00,2024-05-23,20,3,0,spring,8282,,,,
NYC,hour,2024-05-23 21:00:00,2024-05-23,21,3,0,spring,6247,,,,
NYC,hour,2024-05-23 22:00:00,2024-05-23,22,3,0,spring,5075,,,,
NYC,hour,2024-05-23 23:00:00,2024-05-23,23,3,0,spring,3571,,,,
NYC,hour,2024-05-24 00:00:00,2024-05-24,0,4,0,spring,2315,,,,
NYC,hour,2024-05-24 01:00:00,2024-05-24,1,4,0,spring,1269,,,,
NYC,hour,2024-05-24 02:00:00,2024-05-24,2,4,0,spring,795,,,,
NYC,hour,2024-05-24 03:00:00,2024-05-24,3,4,0,spring,513,,,,
NYC,hour,2024-05-24 04:00:00,2024-05-24,4,4,0,spring,458,,,,
NYC,hour,2024-05-24 05:00:00,2024-05-24,5,4,0,spring,1077,,,,
NYC,hour,2024-05-24 06:00:00,2024-05-24,6,4,0,spring,2996,,,,
NYC,hour,2024-05-24 07:00:00,2024-05-24,7,4,0,spring,6302,,,,
NYC,hour,2024-05-24 08:00:00,2024-05-24,8,4,0,spring,8889,,,,
NYC,hour,2024-05-24 09:00:00,2024-05-24,9,4,0,spring,7784,,,,
NYC,hour,2024-05-24 10:00:00,2024-05-24,10,4,0,spring,6887,,,,
NYC,hour,2024-05-24 11:00:00,2024-05-24,11,4,0,spring,7361,,,,
NYC,hour,2024-05-24 12:00:00,2024-05-24,12,4,0,spring,8469,,,,
NYC,hour,2024-05-24 13:00:00,2024-05-24,13,4,0,spring,9504,,,,
NYC,hour,2024-05-24 14:00:00,2024-05-24,14,4,0,spring,10855,,,,
NYC,hour,2024-05-24 15:00:00,2024-05-24,15,4,0,spring,11892,,,,
NYC,hour,2024-05-24 16:00:00,2024-05-24,16,4,0,spring,12578,,,,
NYC,hour,2024-05-24 17:00:00,2024-05-24,17,4,0,spring,13422,,,,
NYC,hour,2024-05-24 18:00:00,2024-05-24,18,4,0,spring,12441,,,,
NYC,hour,2024-05-24 19:00:00,2024-05-24,19,4,0,spring,10465,,,,
NYC,hour,2024-05-24 20:00:00,2024-05-24,20,4,0,spring,7672,,,,
NYC,hour,2024-05-24 21:00:00,2024-05-24,21,4,0,spring,5838,,,,
NYC,hour,2024-05-24 22:00:00,2024-05-24,22,4,0,spring,5073,,,,
NYC,hour,2024-05-24 23:00:00,2024-05-24,23,4,0,spring,4248,,,,
NYC,hour,2024-05-25 00:00:00,2024-05-25,0,5,1,spring,3145,,,,
NYC,hour,2024-05-25 01:00:00,2024-05-25,1,5,1,spring,2013,,,,
NYC,hour,2024-05-25 02:00:00,2024-05-25,2,5,1,spring,1416,,,,
NYC,hour,2024-05-25 03:00:00,2024-05-25,3,5,1,spring,912,,,,
NYC,hour,2024-05-25 04:00:00,2024-05-25,4,5,1,spring,615,,,,
NYC,hour,2024-05-25 05:00:00,2024-05-25,5,5,1,spring,555,,,,
NYC,hour,2024-05-25 06:00:00,2024-05-25,6,5,1,spring,1113,,,,
NYC,hour,2024-05-25 07:00:00,2024-05-25,7,5,1,spring,2128,,,,
NYC,hour,2024-05-25 08:00:00,2024-05-25,8,5,1,spring,3574,,,,
NYC,hour,2024-05-25 09:00:00,2024-05-25,9,5,1,spring,5622,,,,
NYC,hour,2024-05-25 10:00:00,2024-05-25,10,5,1,spring,7024,,,,
NYC,hour,2024-05-25 11:00:00,2024-05-25,11,5,1,spring,8218,,,,
NYC,hour,2024-05-25 12:00:00,2024-05-25,12,5,1,spring,9482,,,,
NYC,hour,2024-05-25 13:00:00,2024-05-25,13,5,1,spring,10061,,,,
NYC,hour,2024-05-25 14:00:00,2024-05-25,14,5,1,spring,10219,,,,
NYC,hour,2024-05-25 15:00:00,2024-05-25,15,5,1,spring,10442,,,,
NYC,hour,2024-05-25 16:00:00,2024-05-25,16,5,1,spring,10075,,,,
NYC,hour,2024-05-25 17:00:00,2024-05-25,17,5,1,spring,9959,,,,
NYC,hour,2024-05-25 18:00:00,2024-05-25,18,5,1,spring,9555,,,,
NYC,hour,2024-05-25 19:00:00,2024-05-25,19,5,1,spring,8429,,,,
NYC,hour,2024-05-25 20:00:00,2024-05-25,20,5,1,spring,6308,,,,
NYC,hour,2024-05-25 21:00:00,2024-05-25,21,5,1,spring,4858,,,,
NYC,hour,2024-05-25 22:00:00,2024-05-25,22,5,1,spring,4278,,,,
NYC,hour,2024-05-25 23:00:00,2024-05-25,23,5,1,spring,3751,,,,
NYC,hour,2024-05-26 00:00:00,2024-05-26,0,6,1,spring,2644,,,,
NYC,hour,2024-05-26 01:00:00,2024-05-26,1,6,1,spring,1906,,,,
NYC,hour,2024-05-26 02:00:00,2024-05-26,2,6,1,spring,1319,,,,
NYC,hour,2024-05-26 03:00:00,2024-05-26,3,6,1,spring,857,,,,
NYC,hour,2024-05-26 04:00:00,2024-05-26,4,6,1,spring,629,,,,
NYC,hour,2024-05-26 05:00:00,2024-05-26,5,6,1,spring,490,,,,
NYC,hour,2024-05-26 06:00:00,2024-05-26,6,6,1,spring,847,,,,
NYC,hour,2024-05-26 07:00:00,2024-05-26,7,6,1,spring,1510,,,,
NYC,hour,2024-05-26 08:00:00,2024-05-26,8,6,1,spring,2578,,,,
NYC,hour,2024-05-26 09:00:00,2024-05-26,9,6,1,spring,4284,,,,
NYC,hour,2024-05-26 10:00:00,2024-05-26,10,6,1,spring,6262,,,,
NYC,hour,2024-05-26 11:00:00,2024-05-26,11,6,1,spring,7691,,,,
NYC,hour,2024-05-26 12:00:00,2024-05-26,12,6,1,spring,8969,,,,
NYC,hour,2024-05-26 13:00:00,2024-05-26,13,6,1,spring,9436,,,,
NYC,hour,2024-05-26 14:00:00,2024-05-26,14,6,1,spring,9957,,,,
NYC,hour,2024-05-26 15:00:00,2024-05-26,15,6,1,spring,9906,,,,
NYC,hour,2024-05-26 16:00:00,2024-05-26,16,6,1,spring,9829,,,,
NYC,hour,2024-05-26 17:00:00,2024-05-26,17,6,1,spring,9882,,,,
NYC,hour,2024-05-26 18:00:00,2024-05-26,18,6,1,spring,9524,,,,
NYC,hour,2024-05-26 19:00:00,2024-05-26,19,6,1,spring,8463,,,,
NYC,hour,2024-05-26 20:00:00,2024-05-26,20,6,1,spring,6420,,,,
NYC,hour,2024-05-26 21:00:00,2024-05-26,21,6,1,spring,4676,,,,
NYC,hour,2024-05-26 22:00:00,2024-05-26,22,6,1,spring,4011,,,,
NYC,hour,2024-05-26 23:00:00,2024-05-26,23,6,1,spring,3318,,,,
NYC,hour,2024-05-27 00:00:00,2024-05-27,0,0,0,spring,2176,,,,
NYC,hour,2024-05-27 01:00:00,2024-05-27,1,0,0,spring,1391,,,,
NYC,hour,2024-05-27 02:00:00,2024-05-27,2,0,0,spring,829,,,,
NYC,hour,2024-05-27 03:00:00,2024-05-27,3,0,0,spring,561,,,,
NYC,hour,2024-05-27 04:00:00,2024-05-27,4,0,0,spring,464,,,,
NYC,hour,2024-05-27 05:00:00,2024-05-27,5,0,0,spring,444,,,,
NYC,hour,2024-05-27 06:00:00,2024-05-27,6,0,0,spring,959,,,,
NYC,hour,2024-05-27 07:00:00,2024-05-27,7,0,0,spring,770,,,,
NYC,hour,2024-05-27 08:00:00,2024-05-27,8,0,0,spring,1959,,,,
NYC,hour,2024-05-27 09:00:00,2024-05-27,9,0,0,spring,3118,,,,
NYC,hour,2024-05-27 10:00:00,2024-05-27,10,0,0,spring,4678,,,,
NYC,hour,2024-05-27 11:00:00,2024-05-27,11,0,0,spring,6386,,,,
NYC,hour,2024-05-27 12:00:00,2024-05-27,12,0,0,spring,7282,,,,
NYC,hour,2024-05-27 13:00:00,2024-05-27,13,0,0,spring,5265,,,,
NYC,hour,2024-05-27 14:00:00,2024-05-27,14,0,0,spring,2407,,,,
NYC,hour,2024-05-27 15:00:00,2024-05-27,15,0,0,spring,1652,,,,
NYC,hour,2024-05-27 16:00:00,2024-05-27,16,0,0,spring,4082,,,,
NYC,hour,2024-05-27 17:00:00,2024-05-27,17,0,0,spring,4641,,,,
NYC,hour,2024-05-27 18:00:00,2024-05-27,18,0,0,spring,4892,,,,
NYC,hour,2024-05-27 19:00:00,2024-05-27,19,0,0,spring,3340,,,,
NYC,hour,2024-05-27 20:00:00,2024-05-27,20,0,0,spring,3406,,,,
NYC,hour,2024-05-27 21:00:00,2024-05-27,21,0,0,spring,2914,,,,
NYC,hour,2024-05-27 22:00:00,2024-05-27,22,0,0,spring,2412,,,,
NYC,hour,2024-05-27 23:00:00,2024-05-27,23,0,0,spring,1756,,,,
NYC,hour,2024-05-28 00:00:00,2024-05-28,0,1,0,spring,1127,,,,
NYC,hour,2024-05-28 01:00:00,2024-05-28,1,1,0,spring,723,,,,
NYC,hour,2024-05-28 02:00:00,2024-05-28,2,1,0,spring,443,,,,
NYC,hour,2024-05-28 03:00:00,2024-05-28,3,1,0,spring,289,,,,
NYC,hour,2024-05-28 04:00:00,2024-05-28,4,1,0,spring,355,,,,
NYC,hour,2024-05-28 05:00:00,2024-05-28,5,1,0,spring,1201,,,,
NYC,hour,2024-05-28 06:00:00,2024-05-28,6,1,0,spring,3541,,,,
NYC,hour,2024-05-28 07:00:00,2024-05-28,7,1,0,spring,7833,,,,
NYC,hour,2024-05-28 08:00:00,2024-05-28,8,1,0,spring,11733,,,,
NYC,hour,2024-05-28 09:00:00,2024-05-28,9,1,0,spring,7924,,,,
NYC,hour,2024-05-28 10:00:00,2024-05-28,10,1,0,spring,5586,,,,
NYC,hour,2024-05-28 11:00:00,2024-05-28,11,1,0,spring,5845,,,,
NYC,hour,2024-05-28 12:00:00,2024-05-28,12,1,0,spring,6458,,,,
NYC,hour,2024-05-28 13:00:00,2024-05-28,13,1,0,spring,7086,,,,
NYC,hour,2024-05-28 14:00:00,2024-05-28,14,1,0,spring,8260,,,,
NYC,hour,2024-05-28 15:00:00,2024-05-28,15,1,0,spring,9591,,,,
NYC,hour,2024-05-28 16:00:00,2024-05-28,16,1,0,spring,11788,,,,
NYC,hour,2024-05-28 17:00:00,2024-05-28,17,1,0,spring,16308,,,,
NYC,hour,2024-05-28 18:00:00,2024-05-28,18,1,0,spring,15625,,,,
NYC,hour,2024-05-28 19:00:00,2024-05-28,19,1,0,spring,11762,,,,
NYC,hour,2024-05-28 20:00:00,2024-05-28,20,1,0,spring,8348,,,,
NYC,hour,2024-05-28 21:00:00,2024-05-28,21,1,0,spring,5669,,,,
NYC,hour,2024-05-28 22:00:00,2024-05-28,22,1,0,spring,4281,,,,
NYC,hour,2024-05-28 23:00:00,2024-05-28,23,1,0,spring,3018,,,,
NYC,hour,2024-05-29 00:00:00,2024-05-29,0,2,0,spring,1604,,,,
NYC,hour,2024-05-29 01:00:00,2024-05-29,1,2,0,spring,836,,,,
NYC,hour,2024-05-29 02:00:00,2024-05-29,2,2,0,spring,482,,,,
NYC,hour,2024-05-29 03:00:00,2024-05-29,3,2,0,spring,304,,,,
NYC,hour,2024-05-29 04:00:00,2024-05-29,4,2,0,spring,350,,,,
NYC,hour,2024-05-29 05:00:00,2024-05-29,5,2,0,spring,1299,,,,
NYC,hour,2024-05-29 06:00:00,2024-05-29,6,2,0,spring,3873,,,,
NYC,hour,2024-05-29 07:00:00,2024-05-29,7,2,0,spring,8362,,,,
NYC,hour,2024-05-29 08:00:00,2024-05-29,8,2,0,spring,12716,,,,
NYC,hour,2024-05-29 09:00:00,2024-05-29,9,2,0,spring,8986,,,,
NYC,hour,2024-05-29 10:00:00,2024-05-29,10,2,0,spring,6270,,,,
NYC,hour,2024-05-29 11:00:00,2024-05-29,11,2,0,spring,6195,,,,
NYC,hour,2024-05-29 12:00:00,2024-05-29,12,2,0,spring,6950,,,,
NYC,hour,2024-05-29 13:00:00,2024-05-29,13,2,0,spring,7350,,,,
NYC,hour,2024-05-29 14:00:00,2024-05-29,14,2,0,spring,8604,,,,
NYC,hour,2024-05-29 15:00:00,2024-05-29,15,2,0,spring,9849,,,,
NYC,hour,2024-05-29 16:00:00,2024-05-29,16,2,0,spring,11522,,,,
NYC,hour,2024-05-29 17:00:00,2024-05-29,17,2,0,spring,16882,,,,
NYC,hour,2024-05-29 18:00:00,2024-05-29,18,2,0,spring,15718,,,,
NYC,hour,2024-05-29 19:00:00,2024-05-29,19,2,0,spring,11658,,,,
NYC,hour,2024-05-29 20:00:00,2024-05-29,20,2,0,spring,8102,,,,
NYC,hour,2024-05-29 21:00:00,2024-05-29,21,2,0,spring,1428,,,,
NYC,hour,2024-05-29 22:00:00,2024-05-29,22,2,0,spring,1457,,,,
NYC,hour,2024-05-29 23:00:00,2024-05-29,23,2,0,spring,1033,,,,
NYC,hour,2024-05-30 00:00:00,2024-05-30,0,3,0,spring,610,,,,
NYC,hour,2024-05-30 01:00:00,2024-05-30,1,3,0,spring,460,,,,
NYC,hour,2024-05-30 02:00:00,2024-05-30,2,3,0,spring,359,,,,
NYC,hour,2024-05-30 03:00:00,2024-05-30,3,3,0,spring,264,,,,
NYC,hour,2024-05-30 04:00:00,2024-05-30,4,3,0,spring,234,,,,
NYC,hour,2024-05-30 05:00:00,2024-05-30,5,3,0,spring,750,,,,
NYC,hour,2024-05-30 06:00:00,2024-05-30,6,3,0,spring,3312,,,,
NYC,hour,2024-05-30 07:00:00,2024-05-30,7,3,0,spring,7619,,,,
NYC,hour,2024-05-30 08:00:00,2024-05-30,8,3,0,spring,11433,,,,
NYC,hour,2024-05-30 09:00:00,2024-05-30,9,3,0,spring,8395,,,,
NYC,hour,2024-05-30 10:00:00,2024-05-30,10,3,0,spring,6034,,,,
NYC,hour,2024-05-30 11:00:00,2024-05-30,11,3,0,spring,6031,,,,
NYC,hour,2024-05-30 12:00:00,2024-05-30,12,3,0,spring,6902,,,,
NYC,hour,2024-05-30 13:00:00,2024-05-30,13,3,0,spring,7193,,,,
NYC,hour,2024-05-30 14:00:00,2024-05-30,14,3,0,spring,8575,,,,
NYC,hour,2024-05-30 15:00:00,2024-05-30,15,3,0,spring,9984,,,,
NYC,hour,2024-05-30 16:00:00,2024-05-30,16,3,0,spring,11688,,,,
NYC,hour,2024-05-30 17:00:00,2024-05-30,17,3,0,spring,16338,,,,
NYC,hour,2024-05-30 18:00:00,2024-05-30,18,3,0,spring,15237,,,,
NYC,hour,2024-05-30 19:00:00,2024-05-30,19,3,0,spring,11553,,,,
NYC,hour,2024-05-30 20:00:00,2024-05-30,20,3,0,spring,8383,,,,
NYC,hour,2024-05-30 21:00:00,2024-05-30,21,3,0,spring,6095,,,,
NYC,hour,2024-05-30 22:00:00,2024-05-30,22,3,0,spring,5107,,,,
NYC,hour,2024-05-30 23:00:00,2024-05-30,23,3,0,spring,3921,,,,
NYC,hour,2024-05-31 00:00:00,2024-05-31,0,4,0,spring,2300,,,,
NYC,hour,2024-05-31 01:00:00,2024-05-31,1,4,0,spring,1175,,,,
NYC,hour,2024-05-31 02:00:00,2024-05-31,2,4,0,spring,689,,,,
NYC,hour,2024-05-31 03:00:00,2024-05-31,3,4,0,spring,467,,,,
NYC,hour,2024-05-31 04:00:00,2024-05-31,4,4,0,spring,439,,,,
NYC,hour,2024-05-31 05:00:00,2024-05-31,5,4,0,spring,1129,,,,
NYC,hour,2024-05-31 06:00:00,2024-05-31,6,4,0,spring,3210,,,,
NYC,hour,2024-05-31 07:00:00,2024-05-31,7,4,0,spring,6825,,,,
NYC,hour,2024-05-31 08:00:00,2024-05-31,8,4,0,spring,10186,,,,
NYC,hour,2024-05-31 09:00:00,2024-05-31,9,4,0,spring,8095,,,,
NYC,hour,2024-05-31 10:00:00,2024-05-31,10,4,0,spring,6636,,,,
NYC,hour,2024-05-31 11:00:00,2024-05-31,11,4,0,spring,6991,,,,
NYC,hour,2024-05-31 12:00:00,2024-05-31,12,4,0,spring,8108,,,,
NYC,hour,2024-05-31 13:00:00,2024-05-31,13,4,0,spring,8931,,,,
NYC,hour,2024-05-31 14:00:00,2024-05-31,14,4,0,spring,10615,,,,
NYC,hour,2024-05-31 15:00:00,2024-05-31,15,4,0,spring,11895,,,,
NYC,hour,2024-05-31 16:00:00,2024-05-31,16,4,0,spring,13396,,,,
NYC,hour,2024-05-31 17:00:00,2024-05-31,17,4,0,spring,15659,,,,
NYC,hour,2024-05-31 18:00:00,2024-05-31,18,4,0,spring,14733,,,,
NYC,hour,2024-05-31 19:00:00,2024-05-31,19,4,0,spring,12204,,,,
NYC,hour,2024-05-31 20:00:00,2024-05-31,20,4,0,spring,8739,,,,
NYC,hour,2024-05-31 21:00:00,2024-05-31,21,4,0,spring,6674,,,,
NYC,hour,2024-05-31 22:00:00,2024-05-31,22,4,0,spring,5773,,,,
NYC,hour,2024-05-31 23:00:00,2024-05-31,23,4,0,spring,5158,,,,
NYC,hour,2024-06-01 00:00:00,2024-06-01,0,5,1,summer,3852,,,,
NYC,hour,2024-06-01 01:00:00,2024-06-01,1,5,1,summer,2562,,,,
NYC,hour,2024-06-01 02:00:00,2024-06-01,2,5,1,summer,1641,,,,
NYC,hour,2024-06-01 03:00:00,2024-06-01,3,5,1,summer,928,,,,
NYC,hour,2024-06-01 04:00:00,2024-06-01,4,5,1,summer,595,,,,
NYC,hour,2024-06-01 05:00:00,2024-06-01,5,5,1,summer,557,,,,
NYC,hour,2024-06-01 06:00:00,2024-06-01,6,5,1,summer,1325,,,,
NYC,hour,2024-06-01 07:00:00,2024-06-01,7,5,1,summer,2680,,,,
NYC,hour,2024-06-01 08:00:00,2024-06-01,8,5,1,summer,4338,,,,
NYC,hour,2024-06-01 09:00:00,2024-06-01,9,5,1,summer,6815,,,,
NYC,hour,2024-06-01 10:00:00,2024-06-01,10,5,1,summer,8794,,,,
NYC,hour,2024-06-01 11:00:00,2024-06-01,11,5,1,summer,10809,,,,
NYC,hour,2024-06-01 12:00:00,2024-06-01,12,5,1,summer,12301,,,,
NYC,hour,2024-06-01 13:00:00,2024-06-01,13,5,1,summer,13313,,,,
NYC,hour,2024-06-01 14:00:00,2024-06-01,14,5,1,summer,14175,,,,
NYC,hour,2024-06-01 15:00:00,2024-06-01,15,5,1,summer,12621,,,,
NYC,hour,2024-06-01 16:00:00,2024-06-01,16,5,1,summer,11790,,,,
NYC,hour,2024-06-01 17:00:00,2024-06-01,17,5,1,summer,13320,,,,
NYC,hour,2024-06-01 18:00:00,2024-06-01,18,5,1,summer,12364,,,,
NYC,hour,2024-06-01 19:00:00,2024-06-01,19,5,1,summer,11112,,,,
NYC,hour,2024-06-01 20:00:00,2024-06-01,20,5,1,summer,8950,,,,
NYC,hour,2024-06-01 21:00:00,2024-06-01,21,5,1,summer,6769,,,,
NYC,hour,2024-06-01 22:00:00,2024-06-01,22,5,1,summer,6091,,,,
NYC,hour,2024-06-01 23:00:00,2024-06-01,23,5,1,summer,5300,,,,
NYC,hour,2024-06-02 00:00:00,2024-06-02,0,6,1,summer,3917,,,,
NYC,hour,2024-06-02 01:00:00,2024-06-02,1,6,1,summer,2693,,,,
NYC,hour,2024-06-02 02:00:00,2024-06-02,2,6,1,summer,1696,,,,
NYC,hour,2024-06-02 03:00:00,2024-06-02,3,6,1,summer,1250,,,,
NYC,hour,2024-06-02 04:00:00,2024-06-02,4,6,1,summer,730,,,,
NYC,hour,2024-06-02 05:00:00,2024-06-02,5,6,1,summer,610,,,,
NYC,hour,2024-06-02 06:00:00,2024-06-02,6,6,1,summer,1106,,,,
NYC,hour,2024-06-02 07:00:00,2024-06-02,7,6,1,summer,1953,,,,
NYC,hour,2024-06-02 08:00:00,2024-06-02,8,6,1,summer,3320,,,,
NYC,hour,2024-06-02 09:00:00,2024-06-02,9,6,1,summer,5454,,,,
NYC,hour,2024-06-02 10:00:00,2024-06-02,10,6,1,summer,7516,,,,
NYC,hour,2024-06-02 11:00:00,2024-06-02,11,6,1,summer,9372,,,,
NYC,hour,2024-06-02 12:00:00,2024-06-02,12,6,1,summer,10864,,,,
NYC,hour,2024-06-02 13:00:00,2024-06-02,13,6,1,summer,11760,,,,
NYC,hour,2024-06-02 14:00:00,2024-06-02,14,6,1,summer,12249,,,,
NYC,hour,2024-06-02 15:00:00,2024-06-02,15,6,1,summer,12423,,,,
NYC,hour,2024-06-02 16:00:00,2024-06-02,16,6,1,summer,12312,,,,
NYC,hour,2024-06-02 17:00:00,2024-06-02,17,6,1,summer,11753,,,,
NYC,hour,2024-06-02 18:00:00,2024-06-02,18,6,1,summer,11026,,,,
NYC,hour,2024-06-02 19:00:00,2024-06-02,19,6,1,summer,9344,,,,
NYC,hour,2024-06-02 20:00:00,2024-06-02,20,6,1,summer,7169,,,,
NYC,hour,2024-06-02 21:00:00,2024-06-02,21,6,1,summer,5329,,,,
NYC,hour,2024-06-02 22:00:00,2024-06-02,22,6,1,summer,3846,,,,
NYC,hour,2024-06-02 23:00:00,2024-06-02,23,6,1,summer,2611,,,,
NYC,hour,2024-06-03 00:00:00,2024-06-03,0,0,0,summer,1422,,,,
NYC,hour,2024-06-03 01:00:00,2024-06-03,1,0,0,summer,692,,,,
NYC,hour,2024-06-03 02:00:00,2024-06-03,2,0,0,summer,443,,,,
NYC,hour,2024-06-03 03:00:00,2024-06-03,3,0,0,summer,295,,,,
NYC,hour,2024-06-03 04:00:00,2024-06-03,4,0,0,summer,350,,,,
NYC,hour,2024-06-03 05:00:00,2024-06-03,5,0,0,summer,1180,,,,
NYC,hour,2024-06-03 06:00:00,2024-06-03,6,0,0,summer,3567,,,,
NYC,hour,2024-06-03 07:00:00,2024-06-03,7,0,0,summer,7565,,,,
NYC,hour,2024-06-03 08:00:00,2024-06-03,8,0,0,summer,10815,,,,
NYC,hour,2024-06-03 09:00:00,2024-06-03,9,0,0,summer,7567,,,,
NYC,hour,2024-06-03 10:00:00,2024-06-03,10,0,0,summer,5645,,,,
NYC,hour,2024-06-03 11:00:00,2024-06-03,11,0,0,summer,5851,,,,
NYC,hour,2024-06-03 12:00:00,2024-06-03,12,0,0,summer,6692,,,,
NYC,hour,2024-06-03 13:00:00,2024-06-03,13,0,0,summer,7136,,,,
NYC,hour,2024-06-03 14:00:00,2024-06-03,14,0,0,summer,8167,,,,
NYC,hour,2024-06-03 15:00:00,2024-06-03,15,0,0,summer,9696,,,,
NYC,hour,2024-06-03 16:00:00,2024-06-03,16,0,0,summer,11277,,,,
NYC,hour,2024-06-03 17:00:00,2024-06-03,17,0,0,summer,15688,,,,
NYC,hour,2024-06-03 18:00:00,2024-06-03,18,0,0,summer,15187,,,,
NYC,hour,2024-06-03 19:00:00,2024-06-03,19,0,0,summer,11625,,,,
NYC,hour,2024-06-03 20:00:00,2024-06-03,20,0,0,summer,8867,,,,
NYC,hour,2024-06-03 21:00:00,2024-06-03,21,0,0,summer,6413,,,,
NYC,hour,2024-06-03 22:00:00,2024-06-03,22,0,0,summer,4780,,,,
NYC,hour,2024-06-03 23:00:00,2024-06-03,23,0,0,summer,3000,,,,
NYC,hour,2024-06-04 00:00:00,2024-06-04,0,1,0,summer,1650,,,,
NYC,hour,2024-06-04 01:00:00,2024-06-04,1,1,0,summer,819,,,,
NYC,hour,2024-06-04 02:00:00,2024-06-04,2,1,0,summer,520,,,,
NYC,hour,2024-06-04 03:00:00,2024-06-04,3,1,0,summer,334,,,,
NYC,hour,2024-06-04 04:00:00,2024-06-04,4,1,0,summer,379,,,,
NYC,hour,2024-06-04 05:00:00,2024-06-04,5,1,0,summer,1335,,,,
NYC,hour,2024-06-04 06:00:00,2024-06-04,6,1,0,summer,4116,,,,
NYC,hour,2024-06-04 07:00:00,2024-06-04,7,1,0,summer,8315,,,,
NYC,hour,2024-06-04 08:00:00,2024-06-04,8,1,0,summer,12572,,,,
NYC,hour,2024-06-04 09:00:00,2024-06-04,9,1,0,summer,8804,,,,
NYC,hour,2024-06-04 10:00:00,2024-06-04,10,1,0,summer,6284,,,,
NYC,hour,2024-06-04 11:00:00,2024-06-04,11,1,0,summer,6504,,,,
NYC,hour,2024-06-04 12:00:00,2024-06-04,12,1,0,summer,7299,,,,
NYC,hour,2024-06-04 13:00:00,2024-06-04,13,1,0,summer,7727,,,,
NYC,hour,2024-06-04 14:00:00,2024-06-04,14,1,0,summer,8603,,,,
NYC,hour,2024-06-04 15:00:00,2024-06-04,15,1,0,summer,9792,,,,
NYC,hour,2024-06-04 16:00:00,2024-06-04,16,1,0,summer,12015,,,,
NYC,hour,2024-06-04 17:00:00,2024-06-04,17,1,0,summer,17257,,,,
NYC,hour,2024-06-04 18:00:00,2024-06-04,18,1,0,summer,16465,,,,
NYC,hour,2024-06-04 19:00:00,2024-06-04,19,1,0,summer,12441,,,,
NYC,hour,2024-06-04 20:00:00,2024-06-04,20,1,0,summer,9088,,,,
NYC,hour,2024-06-04 21:00:00,2024-06-04,21,1,0,summer,6893,,,,
NYC,hour,2024-06-04 22:00:00,2024-06-04,22,1,0,summer,5035,,,,
NYC,hour,2024-06-04 23:00:00,2024-06-04,23,1,0,summer,3006,,,,
NYC,hour,2024-06-05 00:00:00,2024-06-05,0,2,0,summer,1727,,,,
NYC,hour,2024-06-05 01:00:00,2024-06-05,1,2,0,summer,945,,,,
NYC,hour,2024-06-05 02:00:00,2024-06-05,2,2,0,summer,507,,,,
NYC,hour,2024-06-05 03:00:00,2024-06-05,3,2,0,summer,335,,,,
NYC,hour,2024-06-05 04:00:00,2024-06-05,4,2,0,summer,325,,,,
NYC,hour,2024-06-05 05:00:00,2024-06-05,5,2,0,summer,1364,,,,
NYC,hour,2024-06-05 06:00:00,2024-06-05,6,2,0,summer,4133,,,,
NYC,hour,2024-06-05 07:00:00,2024-06-05,7,2,0,summer,8513,,,,
NYC,hour,2024-06-05 08:00:00,2024-06-05,8,2,0,summer,12941,,,,
NYC,hour,2024-06-05 09:00:00,2024-06-05,9,2,0,summer,9039,,,,
NYC,hour,2024-06-05 10:00:00,2024-06-05,10,2,0,summer,6465,,,,
NYC,hour,2024-06-05 11:00:00,2024-06-05,11,2,0,summer,6680,,,,
NYC,hour,2024-06-05 12:00:00,2024-06-05,12,2,0,summer,7178,,,,
NYC,hour,2024-06-05 13:00:00,2024-06-05,13,2,0,summer,7935,,,,
NYC,hour,2024-06-05 14:00:00,2024-06-05,14,2,0,summer,9196,,,,
NYC,hour,2024-06-05 15:00:00,2024-06-05,15,2,0,summer,10274,,,,
NYC,hour,2024-06-05 16:00:00,2024-06-05,16,2,0,summer,12417,,,,
NYC,hour,2024-06-05 17:00:00,2024-06-05,17,2,0,summer,17316,,,,
NYC,hour,2024-06-05 18:00:00,2024-06-05,18,2,0,summer,15842,,,,
NYC,hour,2024-06-05 19:00:00,2024-06-05,19,2,0,summer,12306,,,,
NYC,hour,2024-06-05 20:00:00,2024-06-05,20,2,0,summer,9289,,,,
NYC,hour,2024-06-05 21:00:00,2024-06-05,21,2,0,summer,6850,,,,
NYC,hour,2024-06-05 22:00:00,2024-06-05,22,2,0,summer,5787,,,,
NYC,hour,2024-06-05 23:00:00,2024-06-05,23,2,0,summer,3581,,,,
NYC,hour,2024-06-06 00:00:00,2024-06-06,0,3,0,summer,1805,,,,
NYC,hour,2024-06-06 01:00:00,2024-06-06,1,3,0,summer,547,,,,
NYC,hour,2024-06-06 02:00:00,2024-06-06,2,3,0,summer,321,,,,
NYC,hour,2024-06-06 03:00:00,2024-06-06,3,3,0,summer,223,,,,
NYC,hour,2024-06-06 04:00:00,2024-06-06,4,3,0,summer,148,,,,
NYC,hour,2024-06-06 05:00:00,2024-06-06,5,3,0,summer,640,,,,
NYC,hour,2024-06-06 06:00:00,2024-06-06,6,3,0,summer,2834,,,,
NYC,hour,2024-06-06 07:00:00,2024-06-06,7,3,0,summer,6170,,,,
NYC,hour,2024-06-06 08:00:00,2024-06-06,8,3,0,summer,10557,,,,
NYC,hour,2024-06-06 09:00:00,2024-06-06,9,3,0,summer,8434,,,,
NYC,hour,2024-06-06 10:00:00,2024-06-06,10,3,0,summer,6151,,,,
NYC,hour,2024-06-06 11:00:00,2024-06-06,11,3,0,summer,6342,,,,
NYC,hour,2024-06-06 12:00:00,2024-06-06,12,3,0,summer,7143,,,,
NYC,hour,2024-06-06 13:00:00,2024-06-06,13,3,0,summer,7686,,,,
NYC,hour,2024-06-06 14:00:00,2024-06-06,14,3,0,summer,6100,,,,
NYC,hour,2024-06-06 15:00:00,2024-06-06,15,3,0,summer,6389,,,,
NYC,hour,2024-06-06 16:00:00,2024-06-06,16,3,0,summer,7466,,,,
NYC,hour,2024-06-06 17:00:00,2024-06-06,17,3,0,summer,13947,,,,
NYC,hour,2024-06-06 18:00:00,2024-06-06,18,3,0,summer,14825,,,,
NYC,hour,2024-06-06 19:00:00,2024-06-06,19,3,0,summer,12187,,,,
NYC,hour,2024-06-06 20:00:00,2024-06-06,20,3,0,summer,9595,,,,
NYC,hour,2024-06-06 21:00:00,2024-06-06,21,3,0,summer,6068,,,,
NYC,hour,2024-06-06 22:00:00,2024-06-06,22,3,0,summer,5410,,,,
NYC,hour,2024-06-06 23:00:00,2024-06-06,23,3,0,summer,4247,,,,
NYC,hour,2024-06-07 00:00:00,2024-06-07,0,4,0,summer,2531,,,,
NYC,hour,2024-06-07 01:00:00,2024-06-07,1,4,0,summer,1512,,,,
NYC,hour,2024-06-07 02:00:00,2024-06-07,2,4,0,summer,779,,,,
NYC,hour,2024-06-07 03:00:00,2024-06-07,3,4,0,summer,507,,,,
NYC,hour,2024-06-07 04:00:00,2024-06-07,4,4,0,summer,487,,,,
NYC,hour,2024-06-07 05:00:00,2024-06-07,5,4,0,summer,1168,,,,
NYC,hour,2024-06-07 06:00:00,2024-06-07,6,4,0,summer,3460,,,,
NYC,hour,2024-06-07 07:00:00,2024-06-07,7,4,0,summer,6792,,,,
NYC,hour,2024-06-07 08:00:00,2024-06-07,8,4,0,summer,9742,,,,
NYC,hour,2024-06-07 09:00:00,2024-06-07,9,4,0,summer,8331,,,,
NYC,hour,2024-06-07 10:00:00,2024-06-07,10,4,0,summer,6705,,,,
NYC,hour,2024-06-07 11:00:00,2024-06-07,11,4,0,summer,7555,,,,
NYC,hour,2024-06-07 12:00:00,2024-06-07,12,4,0,summer,8616,,,,
NYC,hour,2024-06-07 13:00:00,2024-06-07,13,4,0,summer,9390,,,,
NYC,hour,2024-06-07 14:00:00,2024-06-07,14,4,0,summer,10614,,,,
NYC,hour,2024-06-07 15:00:00,2024-06-07,15,4,0,summer,11966,,,,
NYC,hour,2024-06-07 16:00:00,2024-06-07,16,4,0,summer,12948,,,,
NYC,hour,2024-06-07 17:00:00,2024-06-07,17,4,0,summer,15099,,,,
NYC,hour,2024-06-07 18:00:00,2024-06-07,18,4,0,summer,14513,,,,
NYC,hour,2024-06-07 19:00:00,2024-06-07,19,4,0,summer,12157,,,,
NYC,hour,2024-06-07 20:00:00,2024-06-07,20,4,0,summer,9306,,,,
NYC,hour,2024-06-07 21:00:00,2024-06-07,21,4,0,summer,6673,,,,
NYC,hour,2024-06-07 22:00:00,2024-06-07,22,4,0,summer,6018,,,,
NYC,hour,2024-06-07 23:00:00,2024-06-07,23,4,0,summer,5344,,,,
NYC,hour,2024-06-08 00:00:00,2024-06-08,0,5,1,summer,3929,,,,
NYC,hour,2024-06-08 01:00:00,2024-06-08,1,5,1,summer,2664,,,,
NYC,hour,2024-06-08 02:00:00,2024-06-08,2,5,1,summer,1748,,,,
NYC,hour,2024-06-08 03:00:00,2024-06-08,3,5,1,summer,1113,,,,
NYC,hour,2024-06-08 04:00:00,2024-06-08,4,5,1,summer,722,,,,
NYC,hour,2024-06-08 05:00:00,2024-06-08,5,5,1,summer,712,,,,
NYC,hour,2024-06-08 06:00:00,2024-06-08,6,5,1,summer,1433,,,,
NYC,hour,2024-06-08 07:00:00,2024-06-08,7,5,1,summer,2912,,,,
NYC,hour,2024-06-08 08:00:00,2024-06-08,8,5,1,summer,4588,,,,
NYC,hour,2024-06-08 09:00:00,2024-06-08,9,5,1,summer,6803,,,,
NYC,hour,2024-06-08 10:00:00,2024-06-08,10,5,1,summer,9063,,,,
NYC,hour,2024-06-08 11:00:00,2024-06-08,11,5,1,summer,10878,,,,
NYC,hour,2024-06-08 12:00:00,2024-06-08,12,5,1,summer,12044,,,,
NYC,hour,2024-06-08 13:00:00,2024-06-08,13,5,1,summer,12705,,,,
NYC,hour,2024-06-08 14:00:00,2024-06-08,14,5,1,summer,12833,,,,
NYC,hour,2024-06-08 15:00:00,2024-06-08,15,5,1,summer,12983,,,,
NYC,hour,2024-06-08 16:00:00,2024-06-08,16,5,1,summer,12504,,,,
NYC,hour,2024-06-08 17:00:00,2024-06-08,17,5,1,summer,12425,,,,
NYC,hour,2024-06-08 18:00:00,2024-06-08,18,5,1,summer,11896,,,,
NYC,hour,2024-06-08 19:00:00,2024-06-08,19,5,1,summer,10925,,,,
NYC,hour,2024-06-08 20:00:00,2024-06-08,20,5,1,summer,8790,,,,
NYC,hour,2024-06-08 21:00:00,2024-06-08,21,5,1,summer,7061,,,,
NYC,hour,2024-06-08 22:00:00,2024-06-08,22,5,1,summer,6399,,,,
NYC,hour,2024-06-08 23:00:00,2024-06-08,23,5,1,summer,5674,,,,
NYC,hour,2024-06-09 00:00:00,2024-06-09,0,6,1,summer,4332,,,,
NYC,hour,2024-06-09 01:00:00,2024-06-09,1,6,1,summer,2815,,,,
NYC,hour,2024-06-09 02:00:00,2024-06-09,2,6,1,summer,1994,,,,
NYC,hour,2024-06-09 03:00:00,2024-06-09,3,6,1,summer,1247,,,,
NYC,hour,2024-06-09 04:00:00,2024-06-09,4,6,1,summer,791,,,,
NYC,hour,2024-06-09 05:00:00,2024-06-09,5,6,1,summer,654,,,,
NYC,hour,2024-06-09 06:00:00,2024-06-09,6,6,1,summer,1105,,,,
NYC,hour,2024-06-09 07:00:00,2024-06-09,7,6,1,summer,1879,,,,
NYC,hour,2024-06-09 08:00:00,2024-06-09,8,6,1,summer,2985,,,,
NYC,hour,2024-06-09 09:00:00,2024-06-09,9,6,1,summer,3955,,,,
NYC,hour,2024-06-09 10:00:00,2024-06-09,10,6,1,summer,5569,,,,
NYC,hour,2024-06-09 11:00:00,2024-06-09,11,6,1,summer,7047,,,,
NYC,hour,2024-06-09 12:00:00,2024-06-09,12,6,1,summer,8945,,,,
NYC,hour,2024-06-09 13:00:00,2024-06-09,13,6,1,summer,10556,,,,
NYC,hour,2024-06-09 14:00:00,2024-06-09,14,6,1,summer,11592,,,,
NYC,hour,2024-06-09 15:00:00,2024-06-09,15,6,1,summer,11965,,,,
NYC,hour,2024-06-09 16:00:00,2024-06-09,16,6,1,summer,12329,,,,
NYC,hour,2024-06-09 17:00:00,2024-06-09,17,6,1,summer,12083,,,,
NYC,hour,2024-06-09 18:00:00,2024-06-09,18,6,1,summer,11497,,,,
NYC,hour,2024-06-09 19:00:00,2024-06-09,19,6,1,summer,9937,,,,
NYC,hour,2024-06-09 20:00:00,2024-06-09,20,6,1,summer,7883,,,,
NYC,hour,2024-06-09 21:00:00,2024-06-09,21,6,1,summer,5907,,,,
NYC,hour,2024-06-09 22:00:00,2024-06-09,22,6,1,summer,4783,,,,
NYC,hour,2024-06-09 23:00:00,2024-06-09,23,6,1,summer,3050,,,,
NYC,hour,2024-06-10 00:00:00,2024-06-10,0,0,0,summer,1732,,,,
NYC,hour,2024-06-10 01:00:00,2024-06-10,1,0,0,summer,864,,,,
NYC,hour,2024-06-10 02:00:00,2024-06-10,2,0,0,summer,495,,,,
NYC,hour,2024-06-10 03:00:00,2024-06-10,3,0,0,summer,319,,,,
NYC,hour,2024-06-10 04:00:00,2024-06-10,4,0,0,summer,391,,,,
NYC,hour,2024-06-10 05:00:00,2024-06-10,5,0,0,summer,1263,,,,
NYC,hour,2024-06-10 06:00:00,2024-06-10,6,0,0,summer,3661,,,,
NYC,hour,2024-06-10 07:00:00,2024-06-10,7,0,0,summer,7547,,,,
NYC,hour,2024-06-10 08:00:00,2024-06-10,8,0,0,summer,10928,,,,
NYC,hour,2024-06-10 09:00:00,2024-06-10,9,0,0,summer,7739,,,,
NYC,hour,2024-06-10 10:00:00,2024-06-10,10,0,0,summer,5811,,,,
NYC,hour,2024-06-10 11:00:00,2024-06-10,11,0,0,summer,6139,,,,
NYC,hour,2024-06-10 12:00:00,2024-06-10,12,0,0,summer,6753,,,,
NYC,hour,2024-06-10 13:00:00,2024-06-10,13,0,0,summer,7431,,,,
NYC,hour,2024-06-10 14:00:00,2024-06-10,14,0,0,summer,8601,,,,
NYC,hour,2024-06-10 15:00:00,2024-06-10,15,0,0,summer,9860,,,,
NYC,hour,2024-06-10 16:00:00,2024-06-10,16,0,0,summer,11604,,,,
NYC,hour,2024-06-10 17:00:00,2024-06-10,17,0,0,summer,15964,,,,
NYC,hour,2024-06-10 18:00:00,2024-06-10,18,0,0,summer,15400,,,,
NYC,hour,2024-06-10 19:00:00,2024-06-10,19,0,0,summer,11923,,,,
NYC,hour,2024-06-10 20:00:00,2024-06-10,20,0,0,summer,8731,,,,
NYC,hour,2024-06-10 21:00:00,2024-06-10,21,0,0,summer,6211,,,,
NYC,hour,2024-06-10 22:00:00,2024-06-10,22,0,0,summer,4568,,,,
NYC,hour,2024-06-10 23:00:00,2024-06-10,23,0,0,summer,2978,,,,
NYC,hour,2024-06-11 00:00:00,2024-06-11,0,1,0,summer,1483,,,,
NYC,hour,2024-06-11 01:00:00,2024-06-11,1,1,0,summer,755,,,,
NYC,hour,2024-06-11 02:00:00,2024-06-11,2,1,0,summer,501,,,,
NYC,hour,2024-06-11 03:00:00,2024-06-11,3,1,0,summer,339,,,,
NYC,hour,2024-06-11 04:00:00,2024-06-11,4,1,0,summer,378,,,,
NYC,hour,2024-06-11 05:00:00,2024-06-11,5,1,0,summer,1395,,,,
NYC,hour,2024-06-11 06:00:00,2024-06-11,6,1,0,summer,4134,,,,
NYC,hour,2024-06-11 07:00:00,2024-06-11,7,1,0,summer,8447,,,,
NYC,hour,2024-06-11 08:00:00,2024-06-11,8,1,0,summer,13105,,,,
NYC,hour,2024-06-11 09:00:00,2024-06-11,9,1,0,summer,9082,,,,
NYC,hour,2024-06-11 10:00:00,2024-06-11,10,1,0,summer,6349,,,,
NYC,hour,2024-06-11 11:00:00,2024-06-11,11,1,0,summer,6424,,,,
NYC,hour,2024-06-11 12:00:00,2024-06-11,12,1,0,summer,7058,,,,
NYC,hour,2024-06-11 13:00:00,2024-06-11,13,1,0,summer,7509,,,,
NYC,hour,2024-06-11 14:00:00,2024-06-11,14,1,0,summer,8521,,,,
NYC,hour,2024-06-11 15:00:00,2024-06-11,15,1,0,summer,9728,,,,
NYC,hour,2024-06-11 16:00:00,2024-06-11,16,1,0,summer,11870,,,,
NYC,hour,2024-06-11 17:00:00,2024-06-11,17,1,0,summer,16972,,,,
NYC,hour,2024-06-11 18:00:00,2024-06-11,18,1,0,summer,15574,,,,
NYC,hour,2024-06-11 19:00:00,2024-06-11,19,1,0,summer,11419,,,,
NYC,hour,2024-06-11 20:00:00,2024-06-11,20,1,0,summer,8334,,,,
NYC,hour,2024-06-11 21:00:00,2024-06-11,21,1,0,summer,6148,,,,
NYC,hour,2024-06-11 22:00:00,2024-06-11,22,1,0,summer,4805,,,,
NYC,hour,2024-06-11 23:00:00,2024-06-11,23,1,0,summer,3244,,,,
NYC,hour,2024-06-12 00:00:00,2024-06-12,0,2,0,summer,1698,,,,
NYC,hour,2024-06-12 01:00:00,2024-06-12,1,2,0,summer,896,,,,
NYC,hour,2024-06-12 02:00:00,2024-06-12,2,2,0,summer,562,,,,
NYC,hour,2024-06-12 03:00:00,2024-06-12,3,2,0,summer,343,,,,
NYC,hour,2024-06-12 04:00:00,2024-06-12,4,2,0,summer,347,,,,
NYC,hour,2024-06-12 05:00:00,2024-06-12,5,2,0,summer,1331,,,,
NYC,hour,2024-06-12 06:00:00,2024-06-12,6,2,0,summer,4049,,,,
NYC,hour,2024-06-12 07:00:00,2024-06-12,7,2,0,summer,8415,,,,
NYC,hour,2024-06-12 08:00:00,2024-06-12,8,2,0,summer,13177,,,,
NYC,hour,2024-06-12 09:00:00,2024-06-12,9,2,0,summer,9388,,,,
NYC,hour,2024-06-12 10:00:00,2024-06-12,10,2,0,summer,6696,,,,
NYC,hour,2024-06-12 11:00:00,2024-06-12,11,2,0,summer,6632,,,,
NYC,hour,2024-06-12 12:00:00,2024-06-12,12,2,0,summer,7372,,,,
NYC,hour,2024-06-12 13:00:00,2024-06-12,13,2,0,summer,7987,,,,
NYC,hour,2024-06-12 14:00:00,2024-06-12,14,2,0,summer,8808,,,,
NYC,hour,2024-06-12 15:00:00,2024-06-12,15,2,0,summer,9948,,,,
NYC,hour,2024-06-12 16:00:00,2024-06-12,16,2,0,summer,11830,,,,
NYC,hour,2024-06-12 17:00:00,2024-06-12,17,2,0,summer,16995,,,,
NYC,hour,2024-06-12 18:00:00,2024-06-12,18,2,0,summer,16419,,,,
NYC,hour,2024-06-12 19:00:00,2024-06-12,19,2,0,summer,12525,,,,
NYC,hour,2024-06-12 20:00:00,2024-06-12,20,2,0,summer,9653,,,,
NYC,hour,2024-06-12 21:00:00,2024-06-12,21,2,0,summer,7157,,,,
NYC,hour,2024-06-12 22:00:00,2024-06-12,22,2,0,summer,5660,,,,
NYC,hour,2024-06-12 23:00:00,2024-06-12,23,2,0,summer,4179,,,,
NYC,hour,2024-06-13 00:00:00,2024-06-13,0,3,0,summer,1997,,,,
NYC,hour,2024-06-13 01:00:00,2024-06-13,1,3,0,summer,1032,,,,
NYC,hour,2024-06-13 02:00:00,2024-06-13,2,3,0,summer,587,,,,
NYC,hour,2024-06-13 03:00:00,2024-06-13,3,3,0,summer,390,,,,
NYC,hour,2024-06-13 04:00:00,2024-06-13,4,3,0,summer,416,,,,
NYC,hour,2024-06-13 05:00:00,2024-06-13,5,3,0,summer,1267,,,,
NYC,hour,2024-06-13 06:00:00,2024-06-13,6,3,0,summer,3804,,,,
NYC,hour,2024-06-13 07:00:00,2024-06-13,7,3,0,summer,8044,,,,
NYC,hour,2024-06-13 08:00:00,2024-06-13,8,3,0,summer,12561,,,,
NYC,hour,2024-06-13 09:00:00,2024-06-13,9,3,0,summer,9128,,,,
NYC,hour,2024-06-13 10:00:00,2024-06-13,10,3,0,summer,6782,,,,
NYC,hour,2024-06-13 11:00:00,2024-06-13,11,3,0,summer,6802,,,,
NYC,hour,2024-06-13 12:00:00,2024-06-13,12,3,0,summer,7457,,,,
NYC,hour,2024-06-13 13:00:00,2024-06-13,13,3,0,summer,7706,,,,
NYC,hour,2024-06-13 14:00:00,2024-06-13,14,3,0,summer,8827,,,,
NYC,hour,2024-06-13 15:00:00,2024-06-13,15,3,0,summer,10059,,,,
NYC,hour,2024-06-13 16:00:00,2024-06-13,16,3,0,summer,12038,,,,
NYC,hour,2024-06-13 17:00:00,2024-06-13,17,3,0,summer,16984,,,,
NYC,hour,2024-06-13 18:00:00,2024-06-13,18,3,0,summer,16078,,,,
NYC,hour,2024-06-13 19:00:00,2024-06-13,19,3,0,summer,12679,,,,
NYC,hour,2024-06-13 20:00:00,2024-06-13,20,3,0,summer,9639,,,,
NYC,hour,2024-06-13 21:00:00,2024-06-13,21,3,0,summer,7704,,,,
NYC,hour,2024-06-13 22:00:00,2024-06-13,22,3,0,summer,6261,,,,
NYC,hour,2024-06-13 23:00:00,2024-06-13,23,3,0,summer,4477,,,,
NYC,hour,2024-06-14 00:00:00,2024-06-14,0,4,0,summer,2648,,,,
NYC,hour,2024-06-14 01:00:00,2024-06-14,1,4,0,summer,1522,,,,
NYC,hour,2024-06-14 02:00:00,2024-06-14,2,4,0,summer,918,,,,
NYC,hour,2024-06-14 03:00:00,2024-06-14,3,4,0,summer,510,,,,
NYC,hour,2024-06-14 04:00:00,2024-06-14,4,4,0,summer,474,,,,
NYC,hour,2024-06-14 05:00:00,2024-06-14,5,4,0,summer,1178,,,,
NYC,hour,2024-06-14 06:00:00,2024-06-14,6,4,0,summer,3364,,,,
NYC,hour,2024-06-14 07:00:00,2024-06-14,7,4,0,summer,6616,,,,
NYC,hour,2024-06-14 08:00:00,2024-06-14,8,4,0,summer,10089,,,,
NYC,hour,2024-06-14 09:00:00,2024-06-14,9,4,0,summer,8461,,,,
NYC,hour,2024-06-14 10:00:00,2024-06-14,10,4,0,summer,7244,,,,
NYC,hour,2024-06-14 11:00:00,2024-06-14,11,4,0,summer,7822,,,,
NYC,hour,2024-06-14 12:00:00,2024-06-14,12,4,0,summer,8806,,,,
NYC,hour,2024-06-14 13:00:00,2024-06-14,13,4,0,summer,9460,,,,
NYC,hour,2024-06-14 14:00:00,2024-06-14,14,4,0,summer,10358,,,,
NYC,hour,2024-06-14 15:00:00,2024-06-14,15,4,0,summer,10834,,,,
NYC,hour,2024-06-14 16:00:00,2024-06-14,16,4,0,summer,12246,,,,
NYC,hour,2024-06-14 17:00:00,2024-06-14,17,4,0,summer,14618,,,,
NYC,hour,2024-06-14 18:00:00,2024-06-14,18,4,0,summer,10339,,,,
NYC,hour,2024-06-14 19:00:00,2024-06-14,19,4,0,summer,4543,,,,
NYC,hour,2024-06-14 20:00:00,2024-06-14,20,4,0,summer,5456,,,,
NYC,hour,2024-06-14 21:00:00,2024-06-14,21,4,0,summer,4139,,,,
NYC,hour,2024-06-14 22:00:00,2024-06-14,22,4,0,summer,4592,,,,
NYC,hour,2024-06-14 23:00:00,2024-06-14,23,4,0,summer,4436,,,,
NYC,hour,2024-06-15 00:00:00,2024-06-15,0,5,1,summer,3578,,,,
NYC,hour,2024-06-15 01:00:00,2024-06-15,1,5,1,summer,2379,,,,
NYC,hour,2024-06-15 02:00:00,2024-06-15,2,5,1,summer,1840,,,,
NYC,hour,2024-06-15 03:00:00,2024-06-15,3,5,1,summer,1130,,,,
NYC,hour,2024-06-15 04:00:00,2024-06-15,4,5,1,summer,724,,,,
NYC,hour,2024-06-15 05:00:00,2024-06-15,5,5,1,summer,705,,,,
NYC,hour,2024-06-15 06:00:00,2024-06-15,6,5,1,summer,1637,,,,
NYC,hour,2024-06-15 07:00:00,2024-06-15,7,5,1,summer,2625,,,,
NYC,hour,2024-06-15 08:00:00,2024-06-15,8,5,1,summer,4479,,,,
NYC,hour,2024-06-15 09:00:00,2024-06-15,9,5,1,summer,7000,,,,
NYC,hour,2024-06-15 10:00:00,2024-06-15,10,5,1,summer,9112,,,,
NYC,hour,2024-06-15 11:00:00,2024-06-15,11,5,1,summer,10868,,,,
NYC,hour,2024-06-15 12:00:00,2024-06-15,12,5,1,summer,11836,,,,
NYC,hour,2024-06-15 13:00:00,2024-06-15,13,5,1,summer,12432,,,,
NYC,hour,2024-06-15 14:00:00,2024-06-15,14,5,1,summer,13032,,,,
NYC,hour,2024-06-15 15:00:00,2024-06-15,15,5,1,summer,12779,,,,
NYC,hour,2024-06-15 16:00:00,2024-06-15,16,5,1,summer,12622,,,,
NYC,hour,2024-06-15 17:00:00,2024-06-15,17,5,1,summer,12404,,,,
NYC,hour,2024-06-15 18:00:00,2024-06-15,18,5,1,summer,12149,,,,
NYC,hour,2024-06-15 19:00:00,2024-06-15,19,5,1,summer,11120,,,,
NYC,hour,2024-06-15 20:00:00,2024-06-15,20,5,1,summer,8951,,,,
NYC,hour,2024-06-15 21:00:00,2024-06-15,21,5,1,summer,7295,,,,
NYC,hour,2024-06-15 22:00:00,2024-06-15,22,5,1,summer,6447,,,,
NYC,hour,2024-06-15 23:00:00,2024-06-15,23,5,1,summer,5554,,,,
NYC,hour,2024-06-16 00:00:00,2024-06-16,0,6,1,summer,4053,,,,
NYC,hour,2024-06-16 01:00:00,2024-06-16,1,6,1,summer,2788,,,,
NYC,hour,2024-06-16 02:00:00,2024-06-16,2,6,1,summer,1953,,,,
NYC,hour,2024-06-16 03:00:00,2024-06-16,3,6,1,summer,1252,,,,
NYC,hour,2024-06-16 04:00:00,2024-06-16,4,6,1,summer,944,,,,
NYC,hour,2024-06-16 05:00:00,2024-06-16,5,6,1,summer,627,,,,
NYC,hour,2024-06-16 06:00:00,2024-06-16,6,6,1,summer,1145,,,,
NYC,hour,2024-06-16 07:00:00,2024-06-16,7,6,1,summer,2089,,,,
NYC,hour,2024-06-16 08:00:00,2024-06-16,8,6,1,summer,3382,,,,
NYC,hour,2024-06-16 09:00:00,2024-06-16,9,6,1,summer,5596,,,,
NYC,hour,2024-06-16 10:00:00,2024-06-16,10,6,1,summer,7776,,,,
NYC,hour,2024-06-16 11:00:00,2024-06-16,11,6,1,summer,9604,,,,
NYC,hour,2024-06-16 12:00:00,2024-06-16,12,6,1,summer,10624,,,,
NYC,hour,2024-06-16 13:00:00,2024-06-16,13,6,1,summer,11319,,,,
NYC,hour,2024-06-16 14:00:00,2024-06-16,14,6,1,summer,11799,,,,
NYC,hour,2024-06-16 15:00:00,2024-06-16,15,6,1,summer,11855,,,,
NYC,hour,2024-06-16 16:00:00,2024-06-16,16,6,1,summer,11557,,,,
NYC,hour,2024-06-16 17:00:00,2024-06-16,17,6,1,summer,11457,,,,
NYC,hour,2024-06-16 18:00:00,2024-06-16,18,6,1,summer,10905,,,,
NYC,hour,2024-06-16 19:00:00,2024-06-16,19,6,1,summer,9836,,,,
NYC,hour,2024-06-16 20:00:00,2024-06-16,20,6,1,summer,7695,,,,
NYC,hour,2024-06-16 21:00:00,2024-06-16,21,6,1,summer,5563,,,,
NYC,hour,2024-06-16 22:00:00,2024-06-16,22,6,1,summer,4516,,,,
NYC,hour,2024-06-16 23:00:00,2024-06-16,23,6,1,summer,3135,,,,
NYC,hour,2024-06-17 00:00:00,2024-06-17,0,0,0,summer,1822,,,,
NYC,hour,2024-06-17 01:00:00,2024-06-17,1,0,0,summer,890,,,,
NYC,hour,2024-06-17 02:00:00,2024-06-17,2,0,0,summer,585,,,,
NYC,hour,2024-06-17 03:00:00,2024-06-17,3,0,0,summer,355,,,,
NYC,hour,2024-06-17 04:00:00,2024-06-17,4,0,0,summer,428,,,,
NYC,hour,2024-06-17 05:00:00,2024-06-17,5,0,0,summer,1235,,,,
NYC,hour,2024-06-17 06:00:00,2024-06-17,6,0,0,summer,3516,,,,
NYC,hour,2024-06-17 07:00:00,2024-06-17,7,0,0,summer,6348,,,,
NYC,hour,2024-06-17 08:00:00,2024-06-17,8,0,0,summer,9805,,,,
NYC,hour,2024-06-17 09:00:00,2024-06-17,9,0,0,summer,7675,,,,
NYC,hour,2024-06-17 10:00:00,2024-06-17,10,0,0,summer,5845,,,,
NYC,hour,2024-06-17 11:00:00,2024-06-17,11,0,0,summer,6016,,,,
NYC,hour,2024-06-17 12:00:00,2024-06-17,12,0,0,summer,6818,,,,
NYC,hour,2024-06-17 13:00:00,2024-06-17,13,0,0,summer,3892,,,,
NYC,hour,2024-06-17 14:00:00,2024-06-17,14,0,0,summer,3621,,,,
NYC,hour,2024-06-17 15:00:00,2024-06-17,15,0,0,summer,8318,,,,
NYC,hour,2024-06-17 16:00:00,2024-06-17,16,0,0,summer,10536,,,,
NYC,hour,2024-06-17 17:00:00,2024-06-17,17,0,0,summer,15505,,,,
NYC,hour,2024-06-17 18:00:00,2024-06-17,18,0,0,summer,15243,,,,
NYC,hour,2024-06-17 19:00:00,2024-06-17,19,0,0,summer,12065,,,,
NYC,hour,2024-06-17 20:00:00,2024-06-17,20,0,0,summer,9624,,,,
NYC,hour,2024-06-17 21:00:00,2024-06-17,21,0,0,summer,6483,,,,
NYC,hour,2024-06-17 22:00:00,2024-06-17,22,0,0,summer,4749,,,,
NYC,hour,2024-06-17 23:00:00,2024-06-17,23,0,0,summer,3476,,,,
NYC,hour,2024-06-18 00:00:00,2024-06-18,0,1,0,summer,1723,,,,
NYC,hour,2024-06-18 01:00:00,2024-06-18,1,1,0,summer,940,,,,
NYC,hour,2024-06-18 02:00:00,2024-06-18,2,1,0,summer,539,,,,
NYC,hour,2024-06-18 03:00:00,2024-06-18,3,1,0,summer,334,,,,
NYC,hour,2024-06-18 04:00:00,2024-06-18,4,1,0,summer,416,,,,
NYC,hour,2024-06-18 05:00:00,2024-06-18,5,1,0,summer,1364,,,,
NYC,hour,2024-06-18 06:00:00,2024-06-18,6,1,0,summer,4106,,,,
NYC,hour,2024-06-18 07:00:00,2024-06-18,7,1,0,summer,8079,,,,
NYC,hour,2024-06-18 08:00:00,2024-06-18,8,1,0,summer,12613,,,,
NYC,hour,2024-06-18 09:00:00,2024-06-18,9,1,0,summer,8923,,,,
NYC,hour,2024-06-18 10:00:00,2024-06-18,10,1,0,summer,6352,,,,
NYC,hour,2024-06-18 11:00:00,2024-06-18,11,1,0,summer,6772,,,,
NYC,hour,2024-06-18 12:00:00,2024-06-18,12,1,0,summer,7371,,,,
NYC,hour,2024-06-18 13:00:00,2024-06-18,13,1,0,summer,7663,,,,
NYC,hour,2024-06-18 14:00:00,2024-06-18,14,1,0,summer,8252,,,,
NYC,hour,2024-06-18 15:00:00,2024-06-18,15,1,0,summer,9276,,,,
NYC,hour,2024-06-18 16:00:00,2024-06-18,16,1,0,summer,11725,,,,
NYC,hour,2024-06-18 17:00:00,2024-06-18,17,1,0,summer,16814,,,,
NYC,hour,2024-06-18 18:00:00,2024-06-18,18,1,0,summer,16451,,,,
NYC,hour,2024-06-18 19:00:00,2024-06-18,19,1,0,summer,13172,,,,
NYC,hour,2024-06-18 20:00:00,2024-06-18,20,1,0,summer,10095,,,,
NYC,hour,2024-06-18 21:00:00,2024-06-18,21,1,0,summer,7815,,,,
NYC,hour,2024-06-18 22:00:00,2024-06-18,22,1,0,summer,6292,,,,
NYC,hour,2024-06-18 23:00:00,2024-06-18,23,1,0,summer,4544,,,,
NYC,hour,2024-06-19 00:00:00,2024-06-19,0,2,0,summer,2740,,,,
NYC,hour,2024-06-19 01:00:00,2024-06-19,1,2,0,summer,1647,,,,
NYC,hour,2024-06-19 02:00:00,2024-06-19,2,2,0,summer,905,,,,
NYC,hour,2024-06-19 03:00:00,2024-06-19,3,2,0,summer,565,,,,
NYC,hour,2024-06-19 04:00:00,2024-06-19,4,2,0,summer,444,,,,
NYC,hour,2024-06-19 05:00:00,2024-06-19,5,2,0,summer,1032,,,,
NYC,hour,2024-06-19 06:00:00,2024-06-19,6,2,0,summer,2655,,,,
NYC,hour,2024-06-19 07:00:00,2024-06-19,7,2,0,summer,4388,,,,
NYC,hour,2024-06-19 08:00:00,2024-06-19,8,2,0,summer,6950,,,,
NYC,hour,2024-06-19 09:00:00,2024-06-19,9,2,0,summer,8155,,,,
NYC,hour,2024-06-19 10:00:00,2024-06-19,10,2,0,summer,8597,,,,
NYC,hour,2024-06-19 11:00:00,2024-06-19,11,2,0,summer,9756,,,,
NYC,hour,2024-06-19 12:00:00,2024-06-19,12,2,0,summer,10333,,,,
NYC,hour,2024-06-19 13:00:00,2024-06-19,13,2,0,summer,10570,,,,
NYC,hour,2024-06-19 14:00:00,2024-06-19,14,2,0,summer,11306,,,,
NYC,hour,2024-06-19 15:00:00,2024-06-19,15,2,0,summer,11725,,,,
NYC,hour,2024-06-19 16:00:00,2024-06-19,16,2,0,summer,12012,,,,
NYC,hour,2024-06-19 17:00:00,2024-06-19,17,2,0,summer,14351,,,,
NYC,hour,2024-06-19 18:00:00,2024-06-19,18,2,0,summer,14132,,,,
NYC,hour,2024-06-19 19:00:00,2024-06-19,19,2,0,summer,11797,,,,
NYC,hour,2024-06-19 20:00:00,2024-06-19,20,2,0,summer,9589,,,,
NYC,hour,2024-06-19 21:00:00,2024-06-19,21,2,0,summer,7542,,,,
NYC,hour,2024-06-19 22:00:00,2024-06-19,22,2,0,summer,6108,,,,
NYC,hour,2024-06-19 23:00:00,2024-06-19,23,2,0,summer,4021,,,,
NYC,hour,2024-06-20 00:00:00,2024-06-20,0,3,0,summer,2321,,,,
NYC,hour,2024-06-20 01:00:00,2024-06-20,1,3,0,summer,1140,,,,
NYC,hour,2024-06-20 02:00:00,2024-06-20,2,3,0,summer,683,,,,
NYC,hour,2024-06-20 03:00:00,2024-06-20,3,3,0,summer,429,,,,
NYC,hour,2024-06-20 04:00:00,2024-06-20,4,3,0,summer,466,,,,
NYC,hour,2024-06-20 05:00:00,2024-06-20,5,3,0,summer,1341,,,,
NYC,hour,2024-06-20 06:00:00,2024-06-20,6,3,0,summer,3854,,,,
NYC,hour,2024-06-20 07:00:00,2024-06-20,7,3,0,summer,7598,,,,
NYC,hour,2024-06-20 08:00:00,2024-06-20,8,3,0,summer,11524,,,,
NYC,hour,2024-06-20 09:00:00,2024-06-20,9,3,0,summer,8755,,,,
NYC,hour,2024-06-20 10:00:00,2024-06-20,10,3,0,summer,6647,,,,
NYC,hour,2024-06-20 11:00:00,2024-06-20,11,3,0,summer,6796,,,,
NYC,hour,2024-06-20 12:00:00,2024-06-20,12,3,0,summer,7317,,,,
NYC,hour,2024-06-20 13:00:00,2024-06-20,13,3,0,summer,7339,,,,
NYC,hour,2024-06-20 14:00:00,2024-06-20,14,3,0,summer,8570,,,,
NYC,hour,2024-06-20 15:00:00,2024-06-20,15,3,0,summer,9021,,,,
NYC,hour,2024-06-20 16:00:00,2024-06-20,16,3,0,summer,10382,,,,
NYC,hour,2024-06-20 17:00:00,2024-06-20,17,3,0,summer,15919,,,,
NYC,hour,2024-06-20 18:00:00,2024-06-20,18,3,0,summer,15831,,,,
NYC,hour,2024-06-20 19:00:00,2024-06-20,19,3,0,summer,12651,,,,
NYC,hour,2024-06-20 20:00:00,2024-06-20,20,3,0,summer,10027,,,,
NYC,hour,2024-06-20 21:00:00,2024-06-20,21,3,0,summer,7783,,,,
NYC,hour,2024-06-20 22:00:00,2024-06-20,22,3,0,summer,6351,,,,
NYC,hour,2024-06-20 23:00:00,2024-06-20,23,3,0,summer,4421,,,,
NYC,hour,2024-06-21 00:00:00,2024-06-21,0,4,0,summer,2620,,,,
NYC,hour,2024-06-21 01:00:00,2024-06-21,1,4,0,summer,1441,,,,
NYC,hour,2024-06-21 02:00:00,2024-06-21,2,4,0,summer,875,,,,
NYC,hour,2024-06-21 03:00:00,2024-06-21,3,4,0,summer,519,,,,
NYC,hour,2024-06-21 04:00:00,2024-06-21,4,4,0,summer,499,,,,
NYC,hour,2024-06-21 05:00:00,2024-06-21,5,4,0,summer,1291,,,,
NYC,hour,2024-06-21 06:00:00,2024-06-21,6,4,0,summer,3460,,,,
NYC,hour,2024-06-21 07:00:00,2024-06-21,7,4,0,summer,6560,,,,
NYC,hour,2024-06-21 08:00:00,2024-06-21,8,4,0,summer,9635,,,,
NYC,hour,2024-06-21 09:00:00,2024-06-21,9,4,0,summer,7997,,,,
NYC,hour,2024-06-21 10:00:00,2024-06-21,10,4,0,summer,6777,,,,
NYC,hour,2024-06-21 11:00:00,2024-06-21,11,4,0,summer,7420,,,,
NYC,hour,2024-06-21 12:00:00,2024-06-21,12,4,0,summer,8044,,,,
NYC,hour,2024-06-21 13:00:00,2024-06-21,13,4,0,summer,8751,,,,
NYC,hour,2024-06-21 14:00:00,2024-06-21,14,4,0,summer,9562,,,,
NYC,hour,2024-06-21 15:00:00,2024-06-21,15,4,0,summer,10047,,,,
NYC,hour,2024-06-21 16:00:00,2024-06-21,16,4,0,summer,11405,,,,
NYC,hour,2024-06-21 17:00:00,2024-06-21,17,4,0,summer,14130,,,,
NYC,hour,2024-06-21 18:00:00,2024-06-21,18,4,0,summer,13765,,,,
NYC,hour,2024-06-21 19:00:00,2024-06-21,19,4,0,summer,11538,,,,
NYC,hour,2024-06-21 20:00:00,2024-06-21,20,4,0,summer,9127,,,,
NYC,hour,2024-06-21 21:00:00,2024-06-21,21,4,0,summer,7194,,,,
NYC,hour,2024-06-21 22:00:00,2024-06-21,22,4,0,summer,6339,,,,
NYC,hour,2024-06-21 23:00:00,2024-06-21,23,4,0,summer,5366,,,,
NYC,hour,2024-06-22 00:00:00,2024-06-22,0,5,1,summer,4113,,,,
NYC,hour,2024-06-22 01:00:00,2024-06-22,1,5,1,summer,2838,,,,
NYC,hour,2024-06-22 02:00:00,2024-06-22,2,5,1,summer,1952,,,,
NYC,hour,2024-06-22 03:00:00,2024-06-22,3,5,1,summer,1066,,,,
NYC,hour,2024-06-22 04:00:00,2024-06-22,4,5,1,summer,756,,,,
NYC,hour,2024-06-22 05:00:00,2024-06-22,5,5,1,summer,686,,,,
NYC,hour,2024-06-22 06:00:00,2024-06-22,6,5,1,summer,1380,,,,
NYC,hour,2024-06-22 07:00:00,2024-06-22,7,5,1,summer,2750,,,,
NYC,hour,2024-06-22 08:00:00,2024-06-22,8,5,1,summer,4518,,,,
NYC,hour,2024-06-22 09:00:00,2024-06-22,9,5,1,summer,6709,,,,
NYC,hour,2024-06-22 10:00:00,2024-06-22,10,5,1,summer,8290,,,,
NYC,hour,2024-06-22 11:00:00,2024-06-22,11,5,1,summer,9587,,,,
NYC,hour,2024-06-22 12:00:00,2024-06-22,12,5,1,summer,10165,,,,
NYC,hour,2024-06-22 13:00:00,2024-06-22,13,5,1,summer,10138,,,,
NYC,hour,2024-06-22 14:00:00,2024-06-22,14,5,1,summer,9653,,,,
NYC,hour,2024-06-22 15:00:00,2024-06-22,15,5,1,summer,9675,,,,
NYC,hour,2024-06-22 16:00:00,2024-06-22,16,5,1,summer,9480,,,,
NYC,hour,2024-06-22 17:00:00,2024-06-22,17,5,1,summer,10408,,,,
NYC,hour,2024-06-22 18:00:00,2024-06-22,18,5,1,summer,10630,,,,
NYC,hour,2024-06-22 19:00:00,2024-06-22,19,5,1,summer,9627,,,,
NYC,hour,2024-06-22 20:00:00,2024-06-22,20,5,1,summer,7011,,,,
NYC,hour,2024-06-22 21:00:00,2024-06-22,21,5,1,summer,3734,,,,
NYC,hour,2024-06-22 22:00:00,2024-06-22,22,5,1,summer,4815,,,,
NYC,hour,2024-06-22 23:00:00,2024-06-22,23,5,1,summer,3722,,,,
NYC,hour,2024-06-23 00:00:00,2024-06-23,0,6,1,summer,3322,,,,
NYC,hour,2024-06-23 01:00:00,2024-06-23,1,6,1,summer,2464,,,,
NYC,hour,2024-06-23 02:00:00,2024-06-23,2,6,1,summer,1740,,,,
NYC,hour,2024-06-23 03:00:00,2024-06-23,3,6,1,summer,1338,,,,
NYC,hour,2024-06-23 04:00:00,2024-06-23,4,6,1,summer,845,,,,
NYC,hour,2024-06-23 05:00:00,2024-06-23,5,6,1,summer,734,,,,
NYC,hour,2024-06-23 06:00:00,2024-06-23,6,6,1,summer,1266,,,,
NYC,hour,2024-06-23 07:00:00,2024-06-23,7,6,1,summer,2410,,,,
NYC,hour,2024-06-23 08:00:00,2024-06-23,8,6,1,summer,3489,,,,
NYC,hour,2024-06-23 09:00:00,2024-06-23,9,6,1,summer,5343,,,,
NYC,hour,2024-06-23 10:00:00,2024-06-23,10,6,1,summer,7525,,,,
NYC,hour,2024-06-23 11:00:00,2024-06-23,11,6,1,summer,8602,,,,
NYC,hour,2024-06-23 12:00:00,2024-06-23,12,6,1,summer,9424,,,,
NYC,hour,2024-06-23 13:00:00,2024-06-23,13,6,1,summer,9834,,,,
NYC,hour,2024-06-23 14:00:00,2024-06-23,14,6,1,summer,10179,,,,
NYC,hour,2024-06-23 15:00:00,2024-06-23,15,6,1,summer,10093,,,,
NYC,hour,2024-06-23 16:00:00,2024-06-23,16,6,1,summer,9947,,,,
NYC,hour,2024-06-23 17:00:00,2024-06-23,17,6,1,summer,10813,,,,
NYC,hour,2024-06-23 18:00:00,2024-06-23,18,6,1,summer,10076,,,,
NYC,hour,2024-06-23 19:00:00,2024-06-23,19,6,1,summer,8871,,,,
NYC,hour,2024-06-23 20:00:00,2024-06-23,20,6,1,summer,7406,,,,
NYC,hour,2024-06-23 21:00:00,2024-06-23,21,6,1,summer,5672,,,,
NYC,hour,2024-06-23 22:00:00,2024-06-23,22,6,1,summer,4485,,,,
NYC,hour,2024-06-23 23:00:00,2024-06-23,23,6,1,summer,2937,,,,
NYC,hour,2024-06-24 00:00:00,2024-06-24,0,0,0,summer,1704,,,,
NYC,hour,2024-06-24 01:00:00,2024-06-24,1,0,0,summer,986,,,,
NYC,hour,2024-06-24 02:00:00,2024-06-24,2,0,0,summer,592,,,,
NYC,hour,2024-06-24 03:00:00,2024-06-24,3,0,0,summer,400,,,,
NYC,hour,2024-06-24 04:00:00,2024-06-24,4,0,0,summer,444,,,,
NYC,hour,2024-06-24 05:00:00,2024-06-24,5,0,0,summer,1318,,,,
NYC,hour,2024-06-24 06:00:00,2024-06-24,6,0,0,summer,3773,,,,
NYC,hour,2024-06-24 07:00:00,2024-06-24,7,0,0,summer,7139,,,,
NYC,hour,2024-06-24 08:00:00,2024-06-24,8,0,0,summer,10878,,,,
NYC,hour,2024-06-24 09:00:00,2024-06-24,9,0,0,summer,8046,,,,
NYC,hour,2024-06-24 10:00:00,2024-06-24,10,0,0,summer,5871,,,,
NYC,hour,2024-06-24 11:00:00,2024-06-24,11,0,0,summer,6165,,,,
NYC,hour,2024-06-24 12:00:00,2024-06-24,12,0,0,summer,6884,,,,
NYC,hour,2024-06-24 13:00:00,2024-06-24,13,0,0,summer,7506,,,,
NYC,hour,2024-06-24 14:00:00,2024-06-24,14,0,0,summer,8279,,,,
NYC,hour,2024-06-24 15:00:00,2024-06-24,15,0,0,summer,9026,,,,
NYC,hour,2024-06-24 16:00:00,2024-06-24,16,0,0,summer,10634,,,,
NYC,hour,2024-06-24 17:00:00,2024-06-24,17,0,0,summer,15538,,,,
NYC,hour,2024-06-24 18:00:00,2024-06-24,18,0,0,summer,14692,,,,
NYC,hour,2024-06-24 19:00:00,2024-06-24,19,0,0,summer,11448,,,,
NYC,hour,2024-06-24 20:00:00,2024-06-24,20,0,0,summer,8557,,,,
NYC,hour,2024-06-24 21:00:00,2024-06-24,21,0,0,summer,6296,,,,
NYC,hour,2024-06-24 22:00:00,2024-06-24,22,0,0,summer,4737,,,,
NYC,hour,2024-06-24 23:00:00,2024-06-24,23,0,0,summer,3579,,,,
NYC,hour,2024-06-25 00:00:00,2024-06-25,0,1,0,summer,1762,,,,
NYC,hour,2024-06-25 01:00:00,2024-06-25,1,1,0,summer,952,,,,
NYC,hour,2024-06-25 02:00:00,2024-06-25,2,1,0,summer,653,,,,
NYC,hour,2024-06-25 03:00:00,2024-06-25,3,1,0,summer,380,,,,
NYC,hour,2024-06-25 04:00:00,2024-06-25,4,1,0,summer,479,,,,
NYC,hour,2024-06-25 05:00:00,2024-06-25,5,1,0,summer,1473,,,,
NYC,hour,2024-06-25 06:00:00,2024-06-25,6,1,0,summer,4311,,,,
NYC,hour,2024-06-25 07:00:00,2024-06-25,7,1,0,summer,8049,,,,
NYC,hour,2024-06-25 08:00:00,2024-06-25,8,1,0,summer,12664,,,,
NYC,hour,2024-06-25 09:00:00,2024-06-25,9,1,0,summer,9073,,,,
NYC,hour,2024-06-25 10:00:00,2024-06-25,10,1,0,summer,6524,,,,
NYC,hour,2024-06-25 11:00:00,2024-06-25,11,1,0,summer,6508,,,,
NYC,hour,2024-06-25 12:00:00,2024-06-25,12,1,0,summer,7105,,,,
NYC,hour,2024-06-25 13:00:00,2024-06-25,13,1,0,summer,7538,,,,
NYC,hour,2024-06-25 14:00:00,2024-06-25,14,1,0,summer,8522,,,,
NYC,hour,2024-06-25 15:00:00,2024-06-25,15,1,0,summer,9160,,,,
NYC,hour,2024-06-25 16:00:00,2024-06-25,16,1,0,summer,10919,,,,
NYC,hour,2024-06-25 17:00:00,2024-06-25,17,1,0,summer,16940,,,,
NYC,hour,2024-06-25 18:00:00,2024-06-25,18,1,0,summer,16677,,,,
NYC,hour,2024-06-25 19:00:00,2024-06-25,19,1,0,summer,13002,,,,
NYC,hour,2024-06-25 20:00:00,2024-06-25,20,1,0,summer,10062,,,,
NYC,hour,2024-06-25 21:00:00,2024-06-25,21,1,0,summer,7833,,,,
NYC,hour,2024-06-25 22:00:00,2024-06-25,22,1,0,summer,6043,,,,
NYC,hour,2024-06-25 23:00:00,2024-06-25,23,1,0,summer,4088,,,,
NYC,hour,2024-06-26 00:00:00,2024-06-26,0,2,0,summer,2269,,,,
NYC,hour,2024-06-26 01:00:00,2024-06-26,1,2,0,summer,1159,,,,
NYC,hour,2024-06-26 02:00:00,2024-06-26,2,2,0,summer,670,,,,
NYC,hour,2024-06-26 03:00:00,2024-06-26,3,2,0,summer,367,,,,
NYC,hour,2024-06-26 04:00:00,2024-06-26,4,2,0,summer,441,,,,
NYC,hour,2024-06-26 05:00:00,2024-06-26,5,2,0,summer,1398,,,,
NYC,hour,2024-06-26 06:00:00,2024-06-26,6,2,0,summer,4028,,,,
NYC,hour,2024-06-26 07:00:00,2024-06-26,7,2,0,summer,7895,,,,
NYC,hour,2024-06-26 08:00:00,2024-06-26,8,2,0,summer,12733,,,,
NYC,hour,2024-06-26 09:00:00,2024-06-26,9,2,0,summer,9594,,,,
NYC,hour,2024-06-26 10:00:00,2024-06-26,10,2,0,summer,6898,,,,
NYC,hour,2024-06-26 11:00:00,2024-06-26,11,2,0,summer,6942,,,,
NYC,hour,2024-06-26 12:00:00,2024-06-26,12,2,0,summer,7385,,,,
NYC,hour,2024-06-26 13:00:00,2024-06-26,13,2,0,summer,7756,,,,
NYC,hour,2024-06-26 14:00:00,2024-06-26,14,2,0,summer,8508,,,,
NYC,hour,2024-06-26 15:00:00,2024-06-26,15,2,0,summer,8895,,,,
NYC,hour,2024-06-26 16:00:00,2024-06-26,16,2,0,summer,11069,,,,
NYC,hour,2024-06-26 17:00:00,2024-06-26,17,2,0,summer,16750,,,,
NYC,hour,2024-06-26 18:00:00,2024-06-26,18,2,0,summer,16866,,,,
NYC,hour,2024-06-26 19:00:00,2024-06-26,19,2,0,summer,12924,,,,
NYC,hour,2024-06-26 20:00:00,2024-06-26,20,2,0,summer,7503,,,,
NYC,hour,2024-06-26 21:00:00,2024-06-26,21,2,0,summer,4376,,,,
NYC,hour,2024-06-26 22:00:00,2024-06-26,22,2,0,summer,4585,,,,
NYC,hour,2024-06-26 23:00:00,2024-06-26,23,2,0,summer,3214,,,,
NYC,hour,2024-06-27 00:00:00,2024-06-27,0,3,0,summer,1253,,,,
NYC,hour,2024-06-27 01:00:00,2024-06-27,1,3,0,summer,418,,,,
NYC,hour,2024-06-27 02:00:00,2024-06-27,2,3,0,summer,234,,,,
NYC,hour,2024-06-27 03:00:00,2024-06-27,3,3,0,summer,206,,,,
NYC,hour,2024-06-27 04:00:00,2024-06-27,4,3,0,summer,330,,,,
NYC,hour,2024-06-27 05:00:00,2024-06-27,5,3,0,summer,1182,,,,
NYC,hour,2024-06-27 06:00:00,2024-06-27,6,3,0,summer,3656,,,,
NYC,hour,2024-06-27 07:00:00,2024-06-27,7,3,0,summer,6964,,,,
NYC,hour,2024-06-27 08:00:00,2024-06-27,8,3,0,summer,11542,,,,
NYC,hour,2024-06-27 09:00:00,2024-06-27,9,3,0,summer,9503,,,,
NYC,hour,2024-06-27 10:00:00,2024-06-27,10,3,0,summer,6772,,,,
NYC,hour,2024-06-27 11:00:00,2024-06-27,11,3,0,summer,7036,,,,
NYC,hour,2024-06-27 12:00:00,2024-06-27,12,3,0,summer,7757,,,,
NYC,hour,2024-06-27 13:00:00,2024-06-27,13,3,0,summer,7889,,,,
NYC,hour,2024-06-27 14:00:00,2024-06-27,14,3,0,summer,8491,,,,
NYC,hour,2024-06-27 15:00:00,2024-06-27,15,3,0,summer,9356,,,,
NYC,hour,2024-06-27 16:00:00,2024-06-27,16,3,0,summer,11526,,,,
NYC,hour,2024-06-27 17:00:00,2024-06-27,17,3,0,summer,17095,,,,
NYC,hour,2024-06-27 18:00:00,2024-06-27,18,3,0,summer,16651,,,,
NYC,hour,2024-06-27 19:00:00,2024-06-27,19,3,0,summer,13288,,,,
NYC,hour,2024-06-27 20:00:00,2024-06-27,20,3,0,summer,10915,,,,
NYC,hour,2024-06-27 21:00:00,2024-06-27,21,3,0,summer,7694,,,,
NYC,hour,2024-06-27 22:00:00,2024-06-27,22,3,0,summer,6430,,,,
NYC,hour,2024-06-27 23:00:00,2024-06-27,23,3,0,summer,4790,,,,
NYC,hour,2024-06-28 00:00:00,2024-06-28,0,4,0,summer,2841,,,,
NYC,hour,2024-06-28 01:00:00,2024-06-28,1,4,0,summer,1533,,,,
NYC,hour,2024-06-28 02:00:00,2024-06-28,2,4,0,summer,907,,,,
NYC,hour,2024-06-28 03:00:00,2024-06-28,3,4,0,summer,629,,,,
NYC,hour,2024-06-28 04:00:00,2024-06-28,4,4,0,summer,523,,,,
NYC,hour,2024-06-28 05:00:00,2024-06-28,5,4,0,summer,1238,,,,
NYC,hour,2024-06-28 06:00:00,2024-06-28,6,4,0,summer,3366,,,,
NYC,hour,2024-06-28 07:00:00,2024-06-28,7,4,0,summer,5600,,,,
NYC,hour,2024-06-28 08:00:00,2024-06-28,8,4,0,summer,8964,,,,
NYC,hour,2024-06-28 09:00:00,2024-06-28,9,4,0,summer,8073,,,,
NYC,hour,2024-06-28 10:00:00,2024-06-28,10,4,0,summer,7005,,,,
NYC,hour,2024-06-28 11:00:00,2024-06-28,11,4,0,summer,7631,,,,
NYC,hour,2024-06-28 12:00:00,2024-06-28,12,4,0,summer,8679,,,,
NYC,hour,2024-06-28 13:00:00,2024-06-28,13,4,0,summer,9282,,,,
NYC,hour,2024-06-28 14:00:00,2024-06-28,14,4,0,summer,10236,,,,
NYC,hour,2024-06-28 15:00:00,2024-06-28,15,4,0,summer,11182,,,,
NYC,hour,2024-06-28 16:00:00,2024-06-28,16,4,0,summer,13258,,,,
NYC,hour,2024-06-28 17:00:00,2024-06-28,17,4,0,summer,15696,,,,
NYC,hour,2024-06-28 18:00:00,2024-06-28,18,4,0,summer,15054,,,,
NYC,hour,2024-06-28 19:00:00,2024-06-28,19,4,0,summer,12394,,,,
NYC,hour,2024-06-28 20:00:00,2024-06-28,20,4,0,summer,9532,,,,
NYC,hour,2024-06-28 21:00:00,2024-06-28,21,4,0,summer,6850,,,,
NYC,hour,2024-06-28 22:00:00,2024-06-28,22,4,0,summer,6354,,,,
NYC,hour,2024-06-28 23:00:00,2024-06-28,23,4,0,summer,5057,,,,
NYC,hour,2024-06-29 00:00:00,2024-06-29,0,5,1,summer,3812,,,,
NYC,hour,2024-06-29 01:00:00,2024-06-29,1,5,1,summer,2812,,,,
NYC,hour,2024-06-29 02:00:00,2024-06-29,2,5,1,summer,2151,,,,
NYC,hour,2024-06-29 03:00:00,2024-06-29,3,5,1,summer,1393,,,,
NYC,hour,2024-06-29 04:00:00,2024-06-29,4,5,1,summer,990,,,,
NYC,hour,2024-06-29 05:00:00,2024-06-29,5,5,1,summer,699,,,,
NYC,hour,2024-06-29 06:00:00,2024-06-29,6,5,1,summer,1427,,,,
NYC,hour,2024-06-29 07:00:00,2024-06-29,7,5,1,summer,2743,,,,
NYC,hour,2024-06-29 08:00:00,2024-06-29,8,5,1,summer,3909,,,,
NYC,hour,2024-06-29 09:00:00,2024-06-29,9,5,1,summer,6048,,,,
NYC,hour,2024-06-29 10:00:00,2024-06-29,10,5,1,summer,7966,,,,
NYC,hour,2024-06-29 11:00:00,2024-06-29,11,5,1,summer,9211,,,,
NYC,hour,2024-06-29 12:00:00,2024-06-29,12,5,1,summer,10492,,,,
NYC,hour,2024-06-29 13:00:00,2024-06-29,13,5,1,summer,10938,,,,
NYC,hour,2024-06-29 14:00:00,2024-06-29,14,5,1,summer,11959,,,,
NYC,hour,2024-06-29 15:00:00,2024-06-29,15,5,1,summer,11860,,,,
NYC,hour,2024-06-29 16:00:00,2024-06-29,16,5,1,summer,11220,,,,
NYC,hour,2024-06-29 17:00:00,2024-06-29,17,5,1,summer,11085,,,,
NYC,hour,2024-06-29 18:00:00,2024-06-29,18,5,1,summer,10619,,,,
NYC,hour,2024-06-29 19:00:00,2024-06-29,19,5,1,summer,9825,,,,
NYC,hour,2024-06-29 20:00:00,2024-06-29,20,5,1,summer,7892,,,,
NYC,hour,2024-06-29 21:00:00,2024-06-29,21,5,1,summer,5363,,,,
NYC,hour,2024-06-29 22:00:00,2024-06-29,22,5,1,summer,2419,,,,
NYC,hour,2024-06-29 23:00:00,2024-06-29,23,5,1,summer,3280,,,,
NYC,hour,2024-06-30 00:00:00,2024-06-30,0,6,1,summer,2575,,,,
NYC,hour,2024-06-30 01:00:00,2024-06-30,1,6,1,summer,1792,,,,
NYC,hour,2024-06-30 02:00:00,2024-06-30,2,6,1,summer,1352,,,,
NYC,hour,2024-06-30 03:00:00,2024-06-30,3,6,1,summer,1063,,,,
NYC,hour,2024-06-30 04:00:00,2024-06-30,4,6,1,summer,908,,,,
NYC,hour,2024-06-30 05:00:00,2024-06-30,5,6,1,summer,728,,,,
NYC,hour,2024-06-30 06:00:00,2024-06-30,6,6,1,summer,1022,,,,
NYC,hour,2024-06-30 07:00:00,2024-06-30,7,6,1,summer,1753,,,,
NYC,hour,2024-06-30 08:00:00,2024-06-30,8,6,1,summer,2926,,,,
NYC,hour,2024-06-30 09:00:00,2024-06-30,9,6,1,summer,4806,,,,
NYC,hour,2024-06-30 10:00:00,2024-06-30,10,6,1,summer,6679,,,,
NYC,hour,2024-06-30 11:00:00,2024-06-30,11,6,1,summer,8611,,,,
NYC,hour,2024-06-30 12:00:00,2024-06-30,12,6,1,summer,9090,,,,
NYC,hour,2024-06-30 13:00:00,2024-06-30,13,6,1,summer,9138,,,,
NYC,hour,2024-06-30 14:00:00,2024-06-30,14,6,1,summer,9875,,,,
NYC,hour,2024-06-30 15:00:00,2024-06-30,15,6,1,summer,9744,,,,
NYC,hour,2024-06-30 16:00:00,2024-06-30,16,6,1,summer,5309,,,,
NYC,hour,2024-06-30 17:00:00,2024-06-30,17,6,1,summer,3297,,,,
NYC,hour,2024-06-30 18:00:00,2024-06-30,18,6,1,summer,5023,,,,
NYC,hour,2024-06-30 19:00:00,2024-06-30,19,6,1,summer,6000,,,,
NYC,hour,2024-06-30 20:00:00,2024-06-30,20,6,1,summer,5383,,,,
NYC,hour,2024-06-30 21:00:00,2024-06-30,21,6,1,summer,4418,,,,
NYC,hour,2024-06-30 22:00:00,2024-06-30,22,6,1,summer,3794,,,,
NYC,hour,2024-06-30 23:00:00,2024-06-30,23,6,1,summer,2704,,,,
NYC,hour,2024-07-01 00:00:00,2024-07-01,0,0,0,summer,1739,,,,
NYC,hour,2024-07-01 01:00:00,2024-07-01,1,0,0,summer,1011,,,,
NYC,hour,2024-07-01 02:00:00,2024-07-01,2,0,0,summer,630,,,,
NYC,hour,2024-07-01 03:00:00,2024-07-01,3,0,0,summer,416,,,,
NYC,hour,2024-07-01 04:00:00,2024-07-01,4,0,0,summer,490,,,,
NYC,hour,2024-07-01 05:00:00,2024-07-01,5,0,0,summer,1293,,,,
NYC,hour,2024-07-01 06:00:00,2024-07-01,6,0,0,summer,3381,,,,
NYC,hour,2024-07-01 07:00:00,2024-07-01,7,0,0,summer,6237,,,,
NYC,hour,2024-07-01 08:00:00,2024-07-01,8,0,0,summer,9469,,,,
NYC,hour,2024-07-01 09:00:00,2024-07-01,9,0,0,summer,7529,,,,
NYC,hour,2024-07-01 10:00:00,2024-07-01,10,0,0,summer,5777,,,,
NYC,hour,2024-07-01 11:00:00,2024-07-01,11,0,0,summer,6098,,,,
NYC,hour,2024-07-01 12:00:00,2024-07-01,12,0,0,summer,6754,,,,
NYC,hour,2024-07-01 13:00:00,2024-07-01,13,0,0,summer,7264,,,,
NYC,hour,2024-07-01 14:00:00,2024-07-01,14,0,0,summer,7945,,,,
NYC,hour,2024-07-01 15:00:00,2024-07-01,15,0,0,summer,8819,,,,
NYC,hour,2024-07-01 16:00:00,2024-07-01,16,0,0,summer,10499,,,,
NYC,hour,2024-07-01 17:00:00,2024-07-01,17,0,0,summer,15043,,,,
NYC,hour,2024-07-01 18:00:00,2024-07-01,18,0,0,summer,15576,,,,
NYC,hour,2024-07-01 19:00:00,2024-07-01,19,0,0,summer,11939,,,,
NYC,hour,2024-07-01 20:00:00,2024-07-01,20,0,0,summer,9441,,,,
NYC,hour,2024-07-01 21:00:00,2024-07-01,21,0,0,summer,6574,,,,
NYC,hour,2024-07-01 22:00:00,2024-07-01,22,0,0,summer,4670,,,,
NYC,hour,2024-07-01 23:00:00,2024-07-01,23,0,0,summer,3422,,,,
NYC,hour,2024-07-02 00:00:00,2024-07-02,0,1,0,summer,1767,,,,
NYC,hour,2024-07-02 01:00:00,2024-07-02,1,1,0,summer,961,,,,
NYC,hour,2024-07-02 02:00:00,2024-07-02,2,1,0,summer,502,,,,
NYC,hour,2024-07-02 03:00:00,2024-07-02,3,1,0,summer,386,,,,
NYC,hour,2024-07-02 04:00:00,2024-07-02,4,1,0,summer,440,,,,
NYC,hour,2024-07-02 05:00:00,2024-07-02,5,1,0,summer,1350,,,,
NYC,hour,2024-07-02 06:00:00,2024-07-02,6,1,0,summer,3749,,,,
NYC,hour,2024-07-02 07:00:00,2024-07-02,7,1,0,summer,6941,,,,
NYC,hour,2024-07-02 08:00:00,2024-07-02,8,1,0,summer,11026,,,,
NYC,hour,2024-07-02 09:00:00,2024-07-02,9,1,0,summer,8780,,,,
NYC,hour,2024-07-02 10:00:00,2024-07-02,10,1,0,summer,6443,,,,
NYC,hour,2024-07-02 11:00:00,2024-07-02,11,1,0,summer,6530,,,,
NYC,hour,2024-07-02 12:00:00,2024-07-02,12,1,0,summer,7195,,,,
NYC,hour,2024-07-02 13:00:00,2024-07-02,13,1,0,summer,7393,,,,
NYC,hour,2024-07-02 14:00:00,2024-07-02,14,1,0,summer,8170,,,,
NYC,hour,2024-07-02 15:00:00,2024-07-02,15,1,0,summer,8931,,,,
NYC,hour,2024-07-02 16:00:00,2024-07-02,16,1,0,summer,11114,,,,
NYC,hour,2024-07-02 17:00:00,2024-07-02,17,1,0,summer,16371,,,,
NYC,hour,2024-07-02 18:00:00,2024-07-02,18,1,0,summer,16139,,,,
NYC,hour,2024-07-02 19:00:00,2024-07-02,19,1,0,summer,12521,,,,
NYC,hour,2024-07-02 20:00:00,2024-07-02,20,1,0,summer,9441,,,,
NYC,hour,2024-07-02 21:00:00,2024-07-02,21,1,0,summer,6937,,,,
NYC,hour,2024-07-02 22:00:00,2024-07-02,22,1,0,summer,5348,,,,
NYC,hour,2024-07-02 23:00:00,2024-07-02,23,1,0,summer,3720,,,,
NYC,hour,2024-07-03 00:00:00,2024-07-03,0,2,0,summer,2053,,,,
NYC,hour,2024-07-03 01:00:00,2024-07-03,1,2,0,summer,1051,,,,
NYC,hour,2024-07-03 02:00:00,2024-07-03,2,2,0,summer,610,,,,
NYC,hour,2024-07-03 03:00:00,2024-07-03,3,2,0,summer,380,,,,
NYC,hour,2024-07-03 04:00:00,2024-07-03,4,2,0,summer,424,,,,
NYC,hour,2024-07-03 05:00:00,2024-07-03,5,2,0,summer,1274,,,,
NYC,hour,2024-07-03 06:00:00,2024-07-03,6,2,0,summer,3347,,,,
NYC,hour,2024-07-03 07:00:00,2024-07-03,7,2,0,summer,6095,,,,
NYC,hour,2024-07-03 08:00:00,2024-07-03,8,2,0,summer,9387,,,,
NYC,hour,2024-07-03 09:00:00,2024-07-03,9,2,0,summer,8076,,,,
NYC,hour,2024-07-03 10:00:00,2024-07-03,10,2,0,summer,6500,,,,
NYC,hour,2024-07-03 11:00:00,2024-07-03,11,2,0,summer,6975,,,,
NYC,hour,2024-07-03 12:00:00,2024-07-03,12,2,0,summer,7893,,,,
NYC,hour,2024-07-03 13:00:00,2024-07-03,13,2,0,summer,8546,,,,
NYC,hour,2024-07-03 14:00:00,2024-07-03,14,2,0,summer,9468,,,,
NYC,hour,2024-07-03 15:00:00,2024-07-03,15,2,0,summer,10696,,,,
NYC,hour,2024-07-03 16:00:00,2024-07-03,16,2,0,summer,11795,,,,
NYC,hour,2024-07-03 17:00:00,2024-07-03,17,2,0,summer,13833,,,,
NYC,hour,2024-07-03 18:00:00,2024-07-03,18,2,0,summer,12966,,,,
NYC,hour,2024-07-03 19:00:00,2024-07-03,19,2,0,summer,10772,,,,
NYC,hour,2024-07-03 20:00:00,2024-07-03,20,2,0,summer,8337,,,,
NYC,hour,2024-07-03 21:00:00,2024-07-03,21,2,0,summer,6367,,,,
NYC,hour,2024-07-03 22:00:00,2024-07-03,22,2,0,summer,5091,,,,
NYC,hour,2024-07-03 23:00:00,2024-07-03,23,2,0,summer,3947,,,,
NYC,hour,2024-07-04 00:00:00,2024-07-04,0,3,0,summer,2691,,,,
NYC,hour,2024-07-04 01:00:00,2024-07-04,1,3,0,summer,1639,,,,
NYC,hour,2024-07-04 02:00:00,2024-07-04,2,3,0,summer,1112,,,,
NYC,hour,2024-07-04 03:00:00,2024-07-04,3,3,0,summer,616,,,,
NYC,hour,2024-07-04 04:00:00,2024-07-04,4,3,0,summer,531,,,,
NYC,hour,2024-07-04 05:00:00,2024-07-04,5,3,0,summer,517,,,,
NYC,hour,2024-07-04 06:00:00,2024-07-04,6,3,0,summer,1137,,,,
NYC,hour,2024-07-04 07:00:00,2024-07-04,7,3,0,summer,2121,,,,
NYC,hour,2024-07-04 08:00:00,2024-07-04,8,3,0,summer,3110,,,,
NYC,hour,2024-07-04 09:00:00,2024-07-04,9,3,0,summer,4428,,,,
NYC,hour,2024-07-04 10:00:00,2024-07-04,10,3,0,summer,5797,,,,
NYC,hour,2024-07-04 11:00:00,2024-07-04,11,3,0,summer,6943,,,,
NYC,hour,2024-07-04 12:00:00,2024-07-04,12,3,0,summer,7728,,,,
NYC,hour,2024-07-04 13:00:00,2024-07-04,13,3,0,summer,8353,,,,
NYC,hour,2024-07-04 14:00:00,2024-07-04,14,3,0,summer,8259,,,,
NYC,hour,2024-07-04 15:00:00,2024-07-04,15,3,0,summer,8483,,,,
NYC,hour,2024-07-04 16:00:00,2024-07-04,16,3,0,summer,8277,,,,
NYC,hour,2024-07-04 17:00:00,2024-07-04,17,3,0,summer,8438,,,,
NYC,hour,2024-07-04 18:00:00,2024-07-04,18,3,0,summer,8157,,,,
NYC,hour,2024-07-04 19:00:00,2024-07-04,19,3,0,summer,7694,,,,
NYC,hour,2024-07-04 20:00:00,2024-07-04,20,3,0,summer,7591,,,,
NYC,hour,2024-07-04 21:00:00,2024-07-04,21,3,0,summer,6649,,,,
NYC,hour,2024-07-04 22:00:00,2024-07-04,22,3,0,summer,5430,,,,
NYC,hour,2024-07-04 23:00:00,2024-07-04,23,3,0,summer,2272,,,,
NYC,hour,2024-07-05 00:00:00,2024-07-05,0,4,0,summer,2099,,,,
NYC,hour,2024-07-05 01:00:00,2024-07-05,1,4,0,summer,1334,,,,
NYC,hour,2024-07-05 02:00:00,2024-07-05,2,4,0,summer,860,,,,
NYC,hour,2024-07-05 03:00:00,2024-07-05,3,4,0,summer,637,,,,
NYC,hour,2024-07-05 04:00:00,2024-07-05,4,4,0,summer,498,,,,
NYC,hour,2024-07-05 05:00:00,2024-07-05,5,4,0,summer,736,,,,
NYC,hour,2024-07-05 06:00:00,2024-07-05,6,4,0,summer,1702,,,,
NYC,hour,2024-07-05 07:00:00,2024-07-05,7,4,0,summer,3109,,,,
NYC,hour,2024-07-05 08:00:00,2024-07-05,8,4,0,summer,4405,,,,
NYC,hour,2024-07-05 09:00:00,2024-07-05,9,4,0,summer,4878,,,,
NYC,hour,2024-07-05 10:00:00,2024-07-05,10,4,0,summer,5378,,,,
NYC,hour,2024-07-05 11:00:00,2024-07-05,11,4,0,summer,6378,,,,
NYC,hour,2024-07-05 12:00:00,2024-07-05,12,4,0,summer,7026,,,,
NYC,hour,2024-07-05 13:00:00,2024-07-05,13,4,0,summer,7344,,,,
NYC,hour,2024-07-05 14:00:00,2024-07-05,14,4,0,summer,8263,,,,
NYC,hour,2024-07-05 15:00:00,2024-07-05,15,4,0,summer,8291,,,,
NYC,hour,2024-07-05 16:00:00,2024-07-05,16,4,0,summer,8415,,,,
NYC,hour,2024-07-05 17:00:00,2024-07-05,17,4,0,summer,9319,,,,
NYC,hour,2024-07-05 18:00:00,2024-07-05,18,4,0,summer,9646,,,,
NYC,hour,2024-07-05 19:00:00,2024-07-05,19,4,0,summer,5575,,,,
NYC,hour,2024-07-05 20:00:00,2024-07-05,20,4,0,summer,3903,,,,
NYC,hour,2024-07-05 21:00:00,2024-07-05,21,4,0,summer,4197,,,,
NYC,hour,2024-07-05 22:00:00,2024-07-05,22,4,0,summer,3792,,,,
NYC,hour,2024-07-05 23:00:00,2024-07-05,23,4,0,summer,3371,,,,
NYC,hour,2024-07-06 00:00:00,2024-07-06,0,5,1,summer,2479,,,,
NYC,hour,2024-07-06 01:00:00,2024-07-06,1,5,1,summer,1665,,,,
NYC,hour,2024-07-06 02:00:00,2024-07-06,2,5,1,summer,1180,,,,
NYC,hour,2024-07-06 03:00:00,2024-07-06,3,5,1,summer,799,,,,
NYC,hour,2024-07-06 04:00:00,2024-07-06,4,5,1,summer,565,,,,
NYC,hour,2024-07-06 05:00:00,2024-07-06,5,5,1,summer,639,,,,
NYC,hour,2024-07-06 06:00:00,2024-07-06,6,5,1,summer,1035,,,,
NYC,hour,2024-07-06 07:00:00,2024-07-06,7,5,1,summer,1593,,,,
NYC,hour,2024-07-06 08:00:00,2024-07-06,8,5,1,summer,2289,,,,
NYC,hour,2024-07-06 09:00:00,2024-07-06,9,5,1,summer,4260,,,,
NYC,hour,2024-07-06 10:00:00,2024-07-06,10,5,1,summer,6044,,,,
NYC,hour,2024-07-06 11:00:00,2024-07-06,11,5,1,summer,7513,,,,
NYC,hour,2024-07-06 12:00:00,2024-07-06,12,5,1,summer,7913,,,,
NYC,hour,2024-07-06 13:00:00,2024-07-06,13,5,1,summer,7930,,,,
NYC,hour,2024-07-06 14:00:00,2024-07-06,14,5,1,summer,8314,,,,
NYC,hour,2024-07-06 15:00:00,2024-07-06,15,5,1,summer,8921,,,,
NYC,hour,2024-07-06 16:00:00,2024-07-06,16,5,1,summer,8418,,,,
NYC,hour,2024-07-06 17:00:00,2024-07-06,17,5,1,summer,9031,,,,
NYC,hour,2024-07-06 18:00:00,2024-07-06,18,5,1,summer,8681,,,,
NYC,hour,2024-07-06 19:00:00,2024-07-06,19,5,1,summer,8539,,,,
NYC,hour,2024-07-06 20:00:00,2024-07-06,20,5,1,summer,7287,,,,
NYC,hour,2024-07-06 21:00:00,2024-07-06,21,5,1,summer,5803,,,,
NYC,hour,2024-07-06 22:00:00,2024-07-06,22,5,1,summer,4963,,,,
NYC,hour,2024-07-06 23:00:00,2024-07-06,23,5,1,summer,4172,,,,
NYC,hour,2024-07-07 00:00:00,2024-07-07,0,6,1,summer,2967,,,,
NYC,hour,2024-07-07 01:00:00,2024-07-07,1,6,1,summer,2118,,,,
NYC,hour,2024-07-07 02:00:00,2024-07-07,2,6,1,summer,1538,,,,
NYC,hour,2024-07-07 03:00:00,2024-07-07,3,6,1,summer,988,,,,
NYC,hour,2024-07-07 04:00:00,2024-07-07,4,6,1,summer,830,,,,
NYC,hour,2024-07-07 05:00:00,2024-07-07,5,6,1,summer,655,,,,
NYC,hour,2024-07-07 06:00:00,2024-07-07,6,6,1,summer,1036,,,,
NYC,hour,2024-07-07 07:00:00,2024-07-07,7,6,1,summer,1766,,,,
NYC,hour,2024-07-07 08:00:00,2024-07-07,8,6,1,summer,2852,,,,
NYC,hour,2024-07-07 09:00:00,2024-07-07,9,6,1,summer,4593,,,,
NYC,hour,2024-07-07 10:00:00,2024-07-07,10,6,1,summer,5852,,,,
NYC,hour,2024-07-07 11:00:00,2024-07-07,11,6,1,summer,7077,,,,
NYC,hour,2024-07-07 12:00:00,2024-07-07,12,6,1,summer,7937,,,,
NYC,hour,2024-07-07 13:00:00,2024-07-07,13,6,1,summer,8726,,,,
NYC,hour,2024-07-07 14:00:00,2024-07-07,14,6,1,summer,8813,,,,
NYC,hour,2024-07-07 15:00:00,2024-07-07,15,6,1,summer,9205,,,,
NYC,hour,2024-07-07 16:00:00,2024-07-07,16,6,1,summer,9234,,,,
NYC,hour,2024-07-07 17:00:00,2024-07-07,17,6,1,summer,9588,,,,
NYC,hour,2024-07-07 18:00:00,2024-07-07,18,6,1,summer,9240,,,,
NYC,hour,2024-07-07 19:00:00,2024-07-07,19,6,1,summer,8485,,,,
NYC,hour,2024-07-07 20:00:00,2024-07-07,20,6,1,summer,7232,,,,
NYC,hour,2024-07-07 21:00:00,2024-07-07,21,6,1,summer,5671,,,,
NYC,hour,2024-07-07 22:00:00,2024-07-07,22,6,1,summer,4203,,,,
NYC,hour,2024-07-07 23:00:00,2024-07-07,23,6,1,summer,2860,,,,
NYC,hour,2024-07-08 00:00:00,2024-07-08,0,0,0,summer,1657,,,,
NYC,hour,2024-07-08 01:00:00,2024-07-08,1,0,0,summer,808,,,,
NYC,hour,2024-07-08 02:00:00,2024-07-08,2,0,0,summer,504,,,,
NYC,hour,2024-07-08 03:00:00,2024-07-08,3,0,0,summer,330,,,,
NYC,hour,2024-07-08 04:00:00,2024-07-08,4,0,0,summer,410,,,,
NYC,hour,2024-07-08 05:00:00,2024-07-08,5,0,0,summer,1268,,,,
NYC,hour,2024-07-08 06:00:00,2024-07-08,6,0,0,summer,3542,,,,
NYC,hour,2024-07-08 07:00:00,2024-07-08,7,0,0,summer,6678,,,,
NYC,hour,2024-07-08 08:00:00,2024-07-08,8,0,0,summer,10233,,,,
NYC,hour,2024-07-08 09:00:00,2024-07-08,9,0,0,summer,7663,,,,
NYC,hour,2024-07-08 10:00:00,2024-07-08,10,0,0,summer,5641,,,,
NYC,hour,2024-07-08 11:00:00,2024-07-08,11,0,0,summer,5665,,,,
NYC,hour,2024-07-08 12:00:00,2024-07-08,12,0,0,summer,6404,,,,
NYC,hour,2024-07-08 13:00:00,2024-07-08,13,0,0,summer,6749,,,,
NYC,hour,2024-07-08 14:00:00,2024-07-08,14,0,0,summer,7055,,,,
NYC,hour,2024-07-08 15:00:00,2024-07-08,15,0,0,summer,7895,,,,
NYC,hour,2024-07-08 16:00:00,2024-07-08,16,0,0,summer,9922,,,,
NYC,hour,2024-07-08 17:00:00,2024-07-08,17,0,0,summer,14872,,,,
NYC,hour,2024-07-08 18:00:00,2024-07-08,18,0,0,summer,14534,,,,
NYC,hour,2024-07-08 19:00:00,2024-07-08,19,0,0,summer,11920,,,,
NYC,hour,2024-07-08 20:00:00,2024-07-08,20,0,0,summer,9211,,,,
NYC,hour,2024-07-08 21:00:00,2024-07-08,21,0,0,summer,6592,,,,
NYC,hour,2024-07-08 22:00:00,2024-07-08,22,0,0,summer,4594,,,,
NYC,hour,2024-07-08 23:00:00,2024-07-08,23,0,0,summer,3026,,,,
NYC,hour,2024-07-09 00:00:00,2024-07-09,0,1,0,summer,1647,,,,
NYC,hour,2024-07-09 01:00:00,2024-07-09,1,1,0,summer,865,,,,
NYC,hour,2024-07-09 02:00:00,2024-07-09,2,1,0,summer,501,,,,
NYC,hour,2024-07-09 03:00:00,2024-07-09,3,1,0,summer,319,,,,
NYC,hour,2024-07-09 04:00:00,2024-07-09,4,1,0,summer,450,,,,
NYC,hour,2024-07-09 05:00:00,2024-07-09,5,1,0,summer,1486,,,,
NYC,hour,2024-07-09 06:00:00,2024-07-09,6,1,0,summer,4120,,,,
NYC,hour,2024-07-09 07:00:00,2024-07-09,7,1,0,summer,8030,,,,
NYC,hour,2024-07-09 08:00:00,2024-07-09,8,1,0,summer,12600,,,,
NYC,hour,2024-07-09 09:00:00,2024-07-09,9,1,0,summer,9359,,,,
NYC,hour,2024-07-09 10:00:00,2024-07-09,10,1,0,summer,6180,,,,
NYC,hour,2024-07-09 11:00:00,2024-07-09,11,1,0,summer,6113,,,,
NYC,hour,2024-07-09 12:00:00,2024-07-09,12,1,0,summer,6709,,,,
NYC,hour,2024-07-09 13:00:00,2024-07-09,13,1,0,summer,7010,,,,
NYC,hour,2024-07-09 14:00:00,2024-07-09,14,1,0,summer,7724,,,,
NYC,hour,2024-07-09 15:00:00,2024-07-09,15,1,0,summer,8212,,,,
NYC,hour,2024-07-09 16:00:00,2024-07-09,16,1,0,summer,10340,,,,
NYC,hour,2024-07-09 17:00:00,2024-07-09,17,1,0,summer,17164,,,,
NYC,hour,2024-07-09 18:00:00,2024-07-09,18,1,0,summer,15506,,,,
NYC,hour,2024-07-09 19:00:00,2024-07-09,19,1,0,summer,11987,,,,
NYC,hour,2024-07-09 20:00:00,2024-07-09,20,1,0,summer,9184,,,,
NYC,hour,2024-07-09 21:00:00,2024-07-09,21,1,0,summer,6999,,,,
NYC,hour,2024-07-09 22:00:00,2024-07-09,22,1,0,summer,5382,,,,
NYC,hour,2024-07-09 23:00:00,2024-07-09,23,1,0,summer,3406,,,,
NYC,hour,2024-07-10 00:00:00,2024-07-10,0,2,0,summer,2008,,,,
NYC,hour,2024-07-10 01:00:00,2024-07-10,1,2,0,summer,933,,,,
NYC,hour,2024-07-10 02:00:00,2024-07-10,2,2,0,summer,574,,,,
NYC,hour,2024-07-10 03:00:00,2024-07-10,3,2,0,summer,322,,,,
NYC,hour,2024-07-10 04:00:00,2024-07-10,4,2,0,summer,420,,,,
NYC,hour,2024-07-10 05:00:00,2024-07-10,5,2,0,summer,1436,,,,
NYC,hour,2024-07-10 06:00:00,2024-07-10,6,2,0,summer,4099,,,,
NYC,hour,2024-07-10 07:00:00,2024-07-10,7,2,0,summer,7773,,,,
NYC,hour,2024-07-10 08:00:00,2024-07-10,8,2,0,summer,12533,,,,
NYC,hour,2024-07-10 09:00:00,2024-07-10,9,2,0,summer,9490,,,,
NYC,hour,2024-07-10 10:00:00,2024-07-10,10,2,0,summer,6374,,,,
NYC,hour,2024-07-10 11:00:00,2024-07-10,11,2,0,summer,6228,,,,
NYC,hour,2024-07-10 12:00:00,2024-07-10,12,2,0,summer,6994,,,,
NYC,hour,2024-07-10 13:00:00,2024-07-10,13,2,0,summer,7081,,,,
NYC,hour,2024-07-10 14:00:00,2024-07-10,14,2,0,summer,7858,,,,
NYC,hour,2024-07-10 15:00:00,2024-07-10,15,2,0,summer,8276,,,,
NYC,hour,2024-07-10 16:00:00,2024-07-10,16,2,0,summer,10033,,,,
NYC,hour,2024-07-10 17:00:00,2024-07-10,17,2,0,summer,16998,,,,
NYC,hour,2024-07-10 18:00:00,2024-07-10,18,2,0,summer,16880,,,,
NYC,hour,2024-07-10 19:00:00,2024-07-10,19,2,0,summer,13341,,,,
NYC,hour,2024-07-10 20:00:00,2024-07-10,20,2,0,summer,9770,,,,
NYC,hour,2024-07-10 21:00:00,2024-07-10,21,2,0,summer,7333,,,,
NYC,hour,2024-07-10 22:00:00,2024-07-10,22,2,0,summer,6289,,,,
NYC,hour,2024-07-10 23:00:00,2024-07-10,23,2,0,summer,3913,,,,
NYC,hour,2024-07-11 00:00:00,2024-07-11,0,3,0,summer,2115,,,,
NYC,hour,2024-07-11 01:00:00,2024-07-11,1,3,0,summer,1108,,,,
NYC,hour,2024-07-11 02:00:00,2024-07-11,2,3,0,summer,501,,,,
NYC,hour,2024-07-11 03:00:00,2024-07-11,3,3,0,summer,276,,,,
NYC,hour,2024-07-11 04:00:00,2024-07-11,4,3,0,summer,397,,,,
NYC,hour,2024-07-11 05:00:00,2024-07-11,5,3,0,summer,1073,,,,
NYC,hour,2024-07-11 06:00:00,2024-07-11,6,3,0,summer,3580,,,,
NYC,hour,2024-07-11 07:00:00,2024-07-11,7,3,0,summer,7278,,,,
NYC,hour,2024-07-11 08:00:00,2024-07-11,8,3,0,summer,12047,,,,
NYC,hour,2024-07-11 09:00:00,2024-07-11,9,3,0,summer,9335,,,,
NYC,hour,2024-07-11 10:00:00,2024-07-11,10,3,0,summer,6483,,,,
NYC,hour,2024-07-11 11:00:00,2024-07-11,11,3,0,summer,6342,,,,
NYC,hour,2024-07-11 12:00:00,2024-07-11,12,3,0,summer,7085,,,,
NYC,hour,2024-07-11 13:00:00,2024-07-11,13,3,0,summer,7408,,,,
NYC,hour,2024-07-11 14:00:00,2024-07-11,14,3,0,summer,7765,,,,
NYC,hour,2024-07-11 15:00:00,2024-07-11,15,3,0,summer,8819,,,,
NYC,hour,2024-07-11 16:00:00,2024-07-11,16,3,0,summer,11084,,,,
NYC,hour,2024-07-11 17:00:00,2024-07-11,17,3,0,summer,16876,,,,
NYC,hour,2024-07-11 18:00:00,2024-07-11,18,3,0,summer,16330,,,,
NYC,hour,2024-07-11 19:00:00,2024-07-11,19,3,0,summer,12955,,,,
NYC,hour,2024-07-11 20:00:00,2024-07-11,20,3,0,summer,10083,,,,
NYC,hour,2024-07-11 21:00:00,2024-07-11,21,3,0,summer,7915,,,,
NYC,hour,2024-07-11 22:00:00,2024-07-11,22,3,0,summer,6276,,,,
NYC,hour,2024-07-11 23:00:00,2024-07-11,23,3,0,summer,4276,,,,
NYC,hour,2024-07-12 00:00:00,2024-07-12,0,4,0,summer,2612,,,,
NYC,hour,2024-07-12 01:00:00,2024-07-12,1,4,0,summer,1416,,,,
NYC,hour,2024-07-12 02:00:00,2024-07-12,2,4,0,summer,832,,,,
NYC,hour,2024-07-12 03:00:00,2024-07-12,3,4,0,summer,558,,,,
NYC,hour,2024-07-12 04:00:00,2024-07-12,4,4,0,summer,511,,,,
NYC,hour,2024-07-12 05:00:00,2024-07-12,5,4,0,summer,1166,,,,
NYC,hour,2024-07-12 06:00:00,2024-07-12,6,4,0,summer,3189,,,,
NYC,hour,2024-07-12 07:00:00,2024-07-12,7,4,0,summer,4344,,,,
NYC,hour,2024-07-12 08:00:00,2024-07-12,8,4,0,summer,4852,,,,
NYC,hour,2024-07-12 09:00:00,2024-07-12,9,4,0,summer,6964,,,,
NYC,hour,2024-07-12 10:00:00,2024-07-12,10,4,0,summer,6343,,,,
NYC,hour,2024-07-12 11:00:00,2024-07-12,11,4,0,summer,6612,,,,
NYC,hour,2024-07-12 12:00:00,2024-07-12,12,4,0,summer,7458,,,,
NYC,hour,2024-07-12 13:00:00,2024-07-12,13,4,0,summer,8016,,,,
NYC,hour,2024-07-12 14:00:00,2024-07-12,14,4,0,summer,8654,,,,
NYC,hour,2024-07-12 15:00:00,2024-07-12,15,4,0,summer,9853,,,,
NYC,hour,2024-07-12 16:00:00,2024-07-12,16,4,0,summer,11457,,,,
NYC,hour,2024-07-12 17:00:00,2024-07-12,17,4,0,summer,13905,,,,
NYC,hour,2024-07-12 18:00:00,2024-07-12,18,4,0,summer,11654,,,,
NYC,hour,2024-07-12 19:00:00,2024-07-12,19,4,0,summer,10094,,,,
NYC,hour,2024-07-12 20:00:00,2024-07-12,20,4,0,summer,8059,,,,
NYC,hour,2024-07-12 21:00:00,2024-07-12,21,4,0,summer,6229,,,,
NYC,hour,2024-07-12 22:00:00,2024-07-12,22,4,0,summer,5743,,,,
NYC,hour,2024-07-12 23:00:00,2024-07-12,23,4,0,summer,4932,,,,
NYC,hour,2024-07-13 00:00:00,2024-07-13,0,5,1,summer,3693,,,,
NYC,hour,2024-07-13 01:00:00,2024-07-13,1,5,1,summer,2676,,,,
NYC,hour,2024-07-13 02:00:00,2024-07-13,2,5,1,summer,1846,,,,
NYC,hour,2024-07-13 03:00:00,2024-07-13,3,5,1,summer,1213,,,,
NYC,hour,2024-07-13 04:00:00,2024-07-13,4,5,1,summer,756,,,,
NYC,hour,2024-07-13 05:00:00,2024-07-13,5,5,1,summer,381,,,,
NYC,hour,2024-07-13 06:00:00,2024-07-13,6,5,1,summer,358,,,,
NYC,hour,2024-07-13 07:00:00,2024-07-13,7,5,1,summer,593,,,,
NYC,hour,2024-07-13 08:00:00,2024-07-13,8,5,1,summer,2094,,,,
NYC,hour,2024-07-13 09:00:00,2024-07-13,9,5,1,summer,4205,,,,
NYC,hour,2024-07-13 10:00:00,2024-07-13,10,5,1,summer,4247,,,,
NYC,hour,2024-07-13 11:00:00,2024-07-13,11,5,1,summer,5302,,,,
NYC,hour,2024-07-13 12:00:00,2024-07-13,12,5,1,summer,8627,,,,
NYC,hour,2024-07-13 13:00:00,2024-07-13,13,5,1,summer,9996,,,,
NYC,hour,2024-07-13 14:00:00,2024-07-13,14,5,1,summer,10784,,,,
NYC,hour,2024-07-13 15:00:00,2024-07-13,15,5,1,summer,11413,,,,
NYC,hour,2024-07-13 16:00:00,2024-07-13,16,5,1,summer,11251,,,,
NYC,hour,2024-07-13 17:00:00,2024-07-13,17,5,1,summer,11470,,,,
NYC,hour,2024-07-13 18:00:00,2024-07-13,18,5,1,summer,11066,,,,
NYC,hour,2024-07-13 19:00:00,2024-07-13,19,5,1,summer,10492,,,,
NYC,hour,2024-07-13 20:00:00,2024-07-13,20,5,1,summer,8723,,,,
NYC,hour,2024-07-13 21:00:00,2024-07-13,21,5,1,summer,6910,,,,
NYC,hour,2024-07-13 22:00:00,2024-07-13,22,5,1,summer,5922,,,,
NYC,hour,2024-07-13 23:00:00,2024-07-13,23,5,1,summer,5105,,,,
NYC,hour,2024-07-14 00:00:00,2024-07-14,0,6,1,summer,3801,,,,
NYC,hour,2024-07-14 01:00:00,2024-07-14,1,6,1,summer,2875,,,,
NYC,hour,2024-07-14 02:00:00,2024-07-14,2,6,1,summer,2071,,,,
NYC,hour,2024-07-14 03:00:00,2024-07-14,3,6,1,summer,1345,,,,
NYC,hour,2024-07-14 04:00:00,2024-07-14,4,6,1,summer,838,,,,
NYC,hour,2024-07-14 05:00:00,2024-07-14,5,6,1,summer,622,,,,
NYC,hour,2024-07-14 06:00:00,2024-07-14,6,6,1,summer,1104,,,,
NYC,hour,2024-07-14 07:00:00,2024-07-14,7,6,1,summer,2043,,,,
NYC,hour,2024-07-14 08:00:00,2024-07-14,8,6,1,summer,3452,,,,
NYC,hour,2024-07-14 09:00:00,2024-07-14,9,6,1,summer,5340,,,,
NYC,hour,2024-07-14 10:00:00,2024-07-14,10,6,1,summer,6964,,,,
NYC,hour,2024-07-14 11:00:00,2024-07-14,11,6,1,summer,8503,,,,
NYC,hour,2024-07-14 12:00:00,2024-07-14,12,6,1,summer,9892,,,,
NYC,hour,2024-07-14 13:00:00,2024-07-14,13,6,1,summer,11077,,,,
NYC,hour,2024-07-14 14:00:00,2024-07-14,14,6,1,summer,12409,,,,
NYC,hour,2024-07-14 15:00:00,2024-07-14,15,6,1,summer,9586,,,,
NYC,hour,2024-07-14 16:00:00,2024-07-14,16,6,1,summer,8802,,,,
NYC,hour,2024-07-14 17:00:00,2024-07-14,17,6,1,summer,12088,,,,
NYC,hour,2024-07-14 18:00:00,2024-07-14,18,6,1,summer,10759,,,,
NYC,hour,2024-07-14 19:00:00,2024-07-14,19,6,1,summer,9950,,,,
NYC,hour,2024-07-14 20:00:00,2024-07-14,20,6,1,summer,7817,,,,
NYC,hour,2024-07-14 21:00:00,2024-07-14,21,6,1,summer,5375,,,,
NYC,hour,2024-07-14 22:00:00,2024-07-14,22,6,1,summer,4489,,,,
NYC,hour,2024-07-14 23:00:00,2024-07-14,23,6,1,summer,2976,,,,
NYC,hour,2024-07-15 00:00:00,2024-07-15,0,0,0,summer,2848,,,,
NYC,hour,2024-07-15 01:00:00,2024-07-15,1,0,0,summer,1134,,,,
NYC,hour,2024-07-15 02:00:00,2024-07-15,2,0,0,summer,625,,,,
NYC,hour,2024-07-15 03:00:00,2024-07-15,3,0,0,summer,384,,,,
NYC,hour,2024-07-15 04:00:00,2024-07-15,4,0,0,summer,403,,,,
NYC,hour,2024-07-15 05:00:00,2024-07-15,5,0,0,summer,683,,,,
NYC,hour,2024-07-15 06:00:00,2024-07-15,6,0,0,summer,3079,,,,
NYC,hour,2024-07-15 07:00:00,2024-07-15,7,0,0,summer,6415,,,,
NYC,hour,2024-07-15 08:00:00,2024-07-15,8,0,0,summer,10262,,,,
NYC,hour,2024-07-15 09:00:00,2024-07-15,9,0,0,summer,8164,,,,
NYC,hour,2024-07-15 10:00:00,2024-07-15,10,0,0,summer,5786,,,,
NYC,hour,2024-07-15 11:00:00,2024-07-15,11,0,0,summer,5782,,,,
NYC,hour,2024-07-15 12:00:00,2024-07-15,12,0,0,summer,6501,,,,
NYC,hour,2024-07-15 13:00:00,2024-07-15,13,0,0,summer,6782,,,,
NYC,hour,2024-07-15 14:00:00,2024-07-15,14,0,0,summer,6885,,,,
NYC,hour,2024-07-15 15:00:00,2024-07-15,15,0,0,summer,7755,,,,
NYC,hour,2024-07-15 16:00:00,2024-07-15,16,0,0,summer,10012,,,,
NYC,hour,2024-07-15 17:00:00,2024-07-15,17,0,0,summer,14579,,,,
NYC,hour,2024-07-15 18:00:00,2024-07-15,18,0,0,summer,14434,,,,
NYC,hour,2024-07-15 19:00:00,2024-07-15,19,0,0,summer,11600,,,,
NYC,hour,2024-07-15 20:00:00,2024-07-15,20,0,0,summer,8837,,,,
NYC,hour,2024-07-15 21:00:00,2024-07-15,21,0,0,summer,6422,,,,
NYC,hour,2024-07-15 22:00:00,2024-07-15,22,0,0,summer,4542,,,,
NYC,hour,2024-07-15 23:00:00,2024-07-15,23,0,0,summer,2917,,,,
NYC,hour,2024-07-16 00:00:00,2024-07-16,0,1,0,summer,1661,,,,
NYC,hour,2024-07-16 01:00:00,2024-07-16,1,1,0,summer,854,,,,
NYC,hour,2024-07-16 02:00:00,2024-07-16,2,1,0,summer,478,,,,
NYC,hour,2024-07-16 03:00:00,2024-07-16,3,1,0,summer,324,,,,
NYC,hour,2024-07-16 04:00:00,2024-07-16,4,1,0,summer,400,,,,
NYC,hour,2024-07-16 05:00:00,2024-07-16,5,1,0,summer,1413,,,,
NYC,hour,2024-07-16 06:00:00,2024-07-16,6,1,0,summer,4242,,,,
NYC,hour,2024-07-16 07:00:00,2024-07-16,7,1,0,summer,7892,,,,
NYC,hour,2024-07-16 08:00:00,2024-07-16,8,1,0,summer,12044,,,,
NYC,hour,2024-07-16 09:00:00,2024-07-16,9,1,0,summer,9083,,,,
NYC,hour,2024-07-16 10:00:00,2024-07-16,10,1,0,summer,6133,,,,
NYC,hour,2024-07-16 11:00:00,2024-07-16,11,1,0,summer,5902,,,,
NYC,hour,2024-07-16 12:00:00,2024-07-16,12,1,0,summer,6505,,,,
NYC,hour,2024-07-16 13:00:00,2024-07-16,13,1,0,summer,6450,,,,
NYC,hour,2024-07-16 14:00:00,2024-07-16,14,1,0,summer,6868,,,,
NYC,hour,2024-07-16 15:00:00,2024-07-16,15,1,0,summer,7774,,,,
NYC,hour,2024-07-16 16:00:00,2024-07-16,16,1,0,summer,10174,,,,
NYC,hour,2024-07-16 17:00:00,2024-07-16,17,1,0,summer,15675,,,,
NYC,hour,2024-07-16 18:00:00,2024-07-16,18,1,0,summer,16926,,,,
NYC,hour,2024-07-16 19:00:00,2024-07-16,19,1,0,summer,12820,,,,
NYC,hour,2024-07-16 20:00:00,2024-07-16,20,1,0,summer,9858,,,,
NYC,hour,2024-07-16 21:00:00,2024-07-16,21,1,0,summer,6976,,,,
NYC,hour,2024-07-16 22:00:00,2024-07-16,22,1,0,summer,5136,,,,
NYC,hour,2024-07-16 23:00:00,2024-07-16,23,1,0,summer,3432,,,,
NYC,hour,2024-07-17 00:00:00,2024-07-17,0,2,0,summer,1873,,,,
NYC,hour,2024-07-17 01:00:00,2024-07-17,1,2,0,summer,960,,,,
NYC,hour,2024-07-17 02:00:00,2024-07-17,2,2,0,summer,533,,,,
NYC,hour,2024-07-17 03:00:00,2024-07-17,3,2,0,summer,340,,,,
NYC,hour,2024-07-17 04:00:00,2024-07-17,4,2,0,summer,370,,,,
NYC,hour,2024-07-17 05:00:00,2024-07-17,5,2,0,summer,1403,,,,
NYC,hour,2024-07-17 06:00:00,2024-07-17,6,2,0,summer,4173,,,,
NYC,hour,2024-07-17 07:00:00,2024-07-17,7,2,0,summer,7430,,,,
NYC,hour,2024-07-17 08:00:00,2024-07-17,8,2,0,summer,11499,,,,
NYC,hour,2024-07-17 09:00:00,2024-07-17,9,2,0,summer,9332,,,,
NYC,hour,2024-07-17 10:00:00,2024-07-17,10,2,0,summer,6453,,,,
NYC,hour,2024-07-17 11:00:00,2024-07-17,11,2,0,summer,6277,,,,
NYC,hour,2024-07-17 12:00:00,2024-07-17,12,2,0,summer,6923,,,,
NYC,hour,2024-07-17 13:00:00,2024-07-17,13,2,0,summer,7153,,,,
NYC,hour,2024-07-17 14:00:00,2024-07-17,14,2,0,summer,7520,,,,
NYC,hour,2024-07-17 15:00:00,2024-07-17,15,2,0,summer,8313,,,,
NYC,hour,2024-07-17 16:00:00,2024-07-17,16,2,0,summer,10886,,,,
NYC,hour,2024-07-17 17:00:00,2024-07-17,17,2,0,summer,15997,,,,
NYC,hour,2024-07-17 18:00:00,2024-07-17,18,2,0,summer,16219,,,,
NYC,hour,2024-07-17 19:00:00,2024-07-17,19,2,0,summer,12476,,,,
NYC,hour,2024-07-17 20:00:00,2024-07-17,20,2,0,summer,9239,,,,
NYC,hour,2024-07-17 21:00:00,2024-07-17,21,2,0,summer,3690,,,,
NYC,hour,2024-07-17 22:00:00,2024-07-17,22,2,0,summer,990,,,,
NYC,hour,2024-07-17 23:00:00,2024-07-17,23,2,0,summer,1352,,,,
NYC,hour,2024-07-18 00:00:00,2024-07-18,0,3,0,summer,1335,,,,
NYC,hour,2024-07-18 01:00:00,2024-07-18,1,3,0,summer,740,,,,
NYC,hour,2024-07-18 02:00:00,2024-07-18,2,3,0,summer,467,,,,
NYC,hour,2024-07-18 03:00:00,2024-07-18,3,3,0,summer,325,,,,
NYC,hour,2024-07-18 04:00:00,2024-07-18,4,3,0,summer,414,,,,
NYC,hour,2024-07-18 05:00:00,2024-07-18,5,3,0,summer,1268,,,,
NYC,hour,2024-07-18 06:00:00,2024-07-18,6,3,0,summer,3893,,,,
NYC,hour,2024-07-18 07:00:00,2024-07-18,7,3,0,summer,7380,,,,
NYC,hour,2024-07-18 08:00:00,2024-07-18,8,3,0,summer,12066,,,,
NYC,hour,2024-07-18 09:00:00,2024-07-18,9,3,0,summer,9159,,,,
NYC,hour,2024-07-18 10:00:00,2024-07-18,10,3,0,summer,6569,,,,
NYC,hour,2024-07-18 11:00:00,2024-07-18,11,3,0,summer,6415,,,,
NYC,hour,2024-07-18 12:00:00,2024-07-18,12,3,0,summer,7155,,,,
NYC,hour,2024-07-18 13:00:00,2024-07-18,13,3,0,summer,7710,,,,
NYC,hour,2024-07-18 14:00:00,2024-07-18,14,3,0,summer,8007,,,,
NYC,hour,2024-07-18 15:00:00,2024-07-18,15,3,0,summer,9003,,,,
NYC,hour,2024-07-18 16:00:00,2024-07-18,16,3,0,summer,11263,,,,
NYC,hour,2024-07-18 17:00:00,2024-07-18,17,3,0,summer,16936,,,,
NYC,hour,2024-07-18 18:00:00,2024-07-18,18,3,0,summer,16690,,,,
NYC,hour,2024-07-18 19:00:00,2024-07-18,19,3,0,summer,13321,,,,
NYC,hour,2024-07-18 20:00:00,2024-07-18,20,3,0,summer,10090,,,,
NYC,hour,2024-07-18 21:00:00,2024-07-18,21,3,0,summer,7477,,,,
NYC,hour,2024-07-18 22:00:00,2024-07-18,22,3,0,summer,6190,,,,
NYC,hour,2024-07-18 23:00:00,2024-07-18,23,3,0,summer,4571,,,,
NYC,hour,2024-07-19 00:00:00,2024-07-19,0,4,0,summer,2724,,,,
NYC,hour,2024-07-19 01:00:00,2024-07-19,1,4,0,summer,1542,,,,
NYC,hour,2024-07-19 02:00:00,2024-07-19,2,4,0,summer,956,,,,
NYC,hour,2024-07-19 03:00:00,2024-07-19,3,4,0,summer,557,,,,
NYC,hour,2024-07-19 04:00:00,2024-07-19,4,4,0,summer,489,,,,
NYC,hour,2024-07-19 05:00:00,2024-07-19,5,4,0,summer,1213,,,,
NYC,hour,2024-07-19 06:00:00,2024-07-19,6,4,0,summer,3423,,,,
NYC,hour,2024-07-19 07:00:00,2024-07-19,7,4,0,summer,6029,,,,
NYC,hour,2024-07-19 08:00:00,2024-07-19,8,4,0,summer,9215,,,,
NYC,hour,2024-07-19 09:00:00,2024-07-19,9,4,0,summer,8449,,,,
NYC,hour,2024-07-19 10:00:00,2024-07-19,10,4,0,summer,6831,,,,
NYC,hour,2024-07-19 11:00:00,2024-07-19,11,4,0,summer,7268,,,,
NYC,hour,2024-07-19 12:00:00,2024-07-19,12,4,0,summer,8342,,,,
NYC,hour,2024-07-19 13:00:00,2024-07-19,13,4,0,summer,9098,,,,
NYC,hour,2024-07-19 14:00:00,2024-07-19,14,4,0,summer,9803,,,,
NYC,hour,2024-07-19 15:00:00,2024-07-19,15,4,0,summer,11083,,,,
NYC,hour,2024-07-19 16:00:00,2024-07-19,16,4,0,summer,12595,,,,
NYC,hour,2024-07-19 17:00:00,2024-07-19,17,4,0,summer,14864,,,,
NYC,hour,2024-07-19 18:00:00,2024-07-19,18,4,0,summer,14428,,,,
NYC,hour,2024-07-19 19:00:00,2024-07-19,19,4,0,summer,11901,,,,
NYC,hour,2024-07-19 20:00:00,2024-07-19,20,4,0,summer,9473,,,,
NYC,hour,2024-07-19 21:00:00,2024-07-19,21,4,0,summer,7277,,,,
NYC,hour,2024-07-19 22:00:00,2024-07-19,22,4,0,summer,6500,,,,
NYC,hour,2024-07-19 23:00:00,2024-07-19,23,4,0,summer,5531,,,,
NYC,hour,2024-07-20 00:00:00,2024-07-20,0,5,1,summer,4059,,,,
NYC,hour,2024-07-20 01:00:00,2024-07-20,1,5,1,summer,2844,,,,
NYC,hour,2024-07-20 02:00:00,2024-07-20,2,5,1,summer,1953,,,,
NYC,hour,2024-07-20 03:00:00,2024-07-20,3,5,1,summer,1209,,,,
NYC,hour,2024-07-20 04:00:00,2024-07-20,4,5,1,summer,835,,,,
NYC,hour,2024-07-20 05:00:00,2024-07-20,5,5,1,summer,719,,,,
NYC,hour,2024-07-20 06:00:00,2024-07-20,6,5,1,summer,1411,,,,
NYC,hour,2024-07-20 07:00:00,2024-07-20,7,5,1,summer,2738,,,,
NYC,hour,2024-07-20 08:00:00,2024-07-20,8,5,1,summer,4212,,,,
NYC,hour,2024-07-20 09:00:00,2024-07-20,9,5,1,summer,6423,,,,
NYC,hour,2024-07-20 10:00:00,2024-07-20,10,5,1,summer,8441,,,,
NYC,hour,2024-07-20 11:00:00,2024-07-20,11,5,1,summer,9660,,,,
NYC,hour,2024-07-20 12:00:00,2024-07-20,12,5,1,summer,10736,,,,
NYC,hour,2024-07-20 13:00:00,2024-07-20,13,5,1,summer,11163,,,,
NYC,hour,2024-07-20 14:00:00,2024-07-20,14,5,1,summer,11296,,,,
NYC,hour,2024-07-20 15:00:00,2024-07-20,15,5,1,summer,11884,,,,
NYC,hour,2024-07-20 16:00:00,2024-07-20,16,5,1,summer,11736,,,,
NYC,hour,2024-07-20 17:00:00,2024-07-20,17,5,1,summer,11404,,,,
NYC,hour,2024-07-20 18:00:00,2024-07-20,18,5,1,summer,10920,,,,
NYC,hour,2024-07-20 19:00:00,2024-07-20,19,5,1,summer,10123,,,,
NYC,hour,2024-07-20 20:00:00,2024-07-20,20,5,1,summer,8214,,,,
NYC,hour,2024-07-20 21:00:00,2024-07-20,21,5,1,summer,6596,,,,
NYC,hour,2024-07-20 22:00:00,2024-07-20,22,5,1,summer,6285,,,,
NYC,hour,2024-07-20 23:00:00,2024-07-20,23,5,1,summer,5459,,,,
NYC,hour,2024-07-21 00:00:00,2024-07-21,0,6,1,summer,3969,,,,
NYC,hour,2024-07-21 01:00:00,2024-07-21,1,6,1,summer,2914,,,,
NYC,hour,2024-07-21 02:00:00,2024-07-21,2,6,1,summer,2073,,,,
NYC,hour,2024-07-21 03:00:00,2024-07-21,3,6,1,summer,1368,,,,
NYC,hour,2024-07-21 04:00:00,2024-07-21,4,6,1,summer,874,,,,
NYC,hour,2024-07-21 05:00:00,2024-07-21,5,6,1,summer,628,,,,
NYC,hour,2024-07-21 06:00:00,2024-07-21,6,6,1,summer,1247,,,,
NYC,hour,2024-07-21 07:00:00,2024-07-21,7,6,1,summer,2075,,,,
NYC,hour,2024-07-21 08:00:00,2024-07-21,8,6,1,summer,3329,,,,
NYC,hour,2024-07-21 09:00:00,2024-07-21,9,6,1,summer,5360,,,,
NYC,hour,2024-07-21 10:00:00,2024-07-21,10,6,1,summer,7527,,,,
NYC,hour,2024-07-21 11:00:00,2024-07-21,11,6,1,summer,8981,,,,
NYC,hour,2024-07-21 12:00:00,2024-07-21,12,6,1,summer,10239,,,,
NYC,hour,2024-07-21 13:00:00,2024-07-21,13,6,1,summer,10938,,,,
NYC,hour,2024-07-21 14:00:00,2024-07-21,14,6,1,summer,10996,,,,
NYC,hour,2024-07-21 15:00:00,2024-07-21,15,6,1,summer,11418,,,,
NYC,hour,2024-07-21 16:00:00,2024-07-21,16,6,1,summer,11329,,,,
NYC,hour,2024-07-21 17:00:00,2024-07-21,17,6,1,summer,11241,,,,
NYC,hour,2024-07-21 18:00:00,2024-07-21,18,6,1,summer,11224,,,,
NYC,hour,2024-07-21 19:00:00,2024-07-21,19,6,1,summer,9646,,,,
NYC,hour,2024-07-21 20:00:00,2024-07-21,20,6,1,summer,7854,,,,
NYC,hour,2024-07-21 21:00:00,2024-07-21,21,6,1,summer,6019,,,,
NYC,hour,2024-07-21 22:00:00,2024-07-21,22,6,1,summer,4315,,,,
NYC,hour,2024-07-21 23:00:00,2024-07-21,23,6,1,summer,3166,,,,
NYC,hour,2024-07-22 00:00:00,2024-07-22,0,0,0,summer,1715,,,,
NYC,hour,2024-07-22 01:00:00,2024-07-22,1,0,0,summer,885,,,,
NYC,hour,2024-07-22 02:00:00,2024-07-22,2,0,0,summer,512,,,,
NYC,hour,2024-07-22 03:00:00,2024-07-22,3,0,0,summer,333,,,,
NYC,hour,2024-07-22 04:00:00,2024-07-22,4,0,0,summer,370,,,,
NYC,hour,2024-07-22 05:00:00,2024-07-22,5,0,0,summer,1229,,,,
NYC,hour,2024-07-22 06:00:00,2024-07-22,6,0,0,summer,3664,,,,
NYC,hour,2024-07-22 07:00:00,2024-07-22,7,0,0,summer,6965,,,,
NYC,hour,2024-07-22 08:00:00,2024-07-22,8,0,0,summer,10339,,,,
NYC,hour,2024-07-22 09:00:00,2024-07-22,9,0,0,summer,8157,,,,
NYC,hour,2024-07-22 10:00:00,2024-07-22,10,0,0,summer,5866,,,,
NYC,hour,2024-07-22 11:00:00,2024-07-22,11,0,0,summer,5934,,,,
NYC,hour,2024-07-22 12:00:00,2024-07-22,12,0,0,summer,6659,,,,
NYC,hour,2024-07-22 13:00:00,2024-07-22,13,0,0,summer,6974,,,,
NYC,hour,2024-07-22 14:00:00,2024-07-22,14,0,0,summer,7360,,,,
NYC,hour,2024-07-22 15:00:00,2024-07-22,15,0,0,summer,8467,,,,
NYC,hour,2024-07-22 16:00:00,2024-07-22,16,0,0,summer,10766,,,,
NYC,hour,2024-07-22 17:00:00,2024-07-22,17,0,0,summer,15657,,,,
NYC,hour,2024-07-22 18:00:00,2024-07-22,18,0,0,summer,14789,,,,
NYC,hour,2024-07-22 19:00:00,2024-07-22,19,0,0,summer,11095,,,,
NYC,hour,2024-07-22 20:00:00,2024-07-22,20,0,0,summer,7289,,,,
NYC,hour,2024-07-22 21:00:00,2024-07-22,21,0,0,summer,5320,,,,
NYC,hour,2024-07-22 22:00:00,2024-07-22,22,0,0,summer,4125,,,,
NYC,hour,2024-07-22 23:00:00,2024-07-22,23,0,0,summer,2337,,,,
NYC,hour,2024-07-23 00:00:00,2024-07-23,0,1,0,summer,1316,,,,
NYC,hour,2024-07-23 01:00:00,2024-07-23,1,1,0,summer,657,,,,
NYC,hour,2024-07-23 02:00:00,2024-07-23,2,1,0,summer,386,,,,
NYC,hour,2024-07-23 03:00:00,2024-07-23,3,1,0,summer,143,,,,
NYC,hour,2024-07-23 04:00:00,2024-07-23,4,1,0,summer,306,,,,
NYC,hour,2024-07-23 05:00:00,2024-07-23,5,1,0,summer,1369,,,,
NYC,hour,2024-07-23 06:00:00,2024-07-23,6,1,0,summer,3329,,,,
NYC,hour,2024-07-23 07:00:00,2024-07-23,7,1,0,summer,5727,,,,
NYC,hour,2024-07-23 08:00:00,2024-07-23,8,1,0,summer,8062,,,,
NYC,hour,2024-07-23 09:00:00,2024-07-23,9,1,0,summer,6561,,,,
NYC,hour,2024-07-23 10:00:00,2024-07-23,10,1,0,summer,4298,,,,
NYC,hour,2024-07-23 11:00:00,2024-07-23,11,1,0,summer,5269,,,,
NYC,hour,2024-07-23 12:00:00,2024-07-23,12,1,0,summer,6508,,,,
NYC,hour,2024-07-23 13:00:00,2024-07-23,13,1,0,summer,7018,,,,
NYC,hour,2024-07-23 14:00:00,2024-07-23,14,1,0,summer,7528,,,,
NYC,hour,2024-07-23 15:00:00,2024-07-23,15,1,0,summer,8326,,,,
NYC,hour,2024-07-23 16:00:00,2024-07-23,16,1,0,summer,10667,,,,
NYC,hour,2024-07-23 17:00:00,2024-07-23,17,1,0,summer,16473,,,,
NYC,hour,2024-07-23 18:00:00,2024-07-23,18,1,0,summer,15942,,,,
NYC,hour,2024-07-23 19:00:00,2024-07-23,19,1,0,summer,12365,,,,
NYC,hour,2024-07-23 20:00:00,2024-07-23,20,1,0,summer,9098,,,,
NYC,hour,2024-07-23 21:00:00,2024-07-23,21,1,0,summer,6869,,,,
NYC,hour,2024-07-23 22:00:00,2024-07-23,22,1,0,summer,5436,,,,
NYC,hour,2024-07-23 23:00:00,2024-07-23,23,1,0,summer,3430,,,,
NYC,hour,2024-07-24 00:00:00,2024-07-24,0,2,0,summer,1925,,,,
NYC,hour,2024-07-24 01:00:00,2024-07-24,1,2,0,summer,956,,,,
NYC,hour,2024-07-24 02:00:00,2024-07-24,2,2,0,summer,549,,,,
NYC,hour,2024-07-24 03:00:00,2024-07-24,3,2,0,summer,350,,,,
NYC,hour,2024-07-24 04:00:00,2024-07-24,4,2,0,summer,428,,,,
NYC,hour,2024-07-24 05:00:00,2024-07-24,5,2,0,summer,1320,,,,
NYC,hour,2024-07-24 06:00:00,2024-07-24,6,2,0,summer,3841,,,,
NYC,hour,2024-07-24 07:00:00,2024-07-24,7,2,0,summer,7380,,,,
NYC,hour,2024-07-24 08:00:00,2024-07-24,8,2,0,summer,11878,,,,
NYC,hour,2024-07-24 09:00:00,2024-07-24,9,2,0,summer,8577,,,,
NYC,hour,2024-07-24 10:00:00,2024-07-24,10,2,0,summer,6073,,,,
NYC,hour,2024-07-24 11:00:00,2024-07-24,11,2,0,summer,6305,,,,
NYC,hour,2024-07-24 12:00:00,2024-07-24,12,2,0,summer,7116,,,,
NYC,hour,2024-07-24 13:00:00,2024-07-24,13,2,0,summer,7456,,,,
NYC,hour,2024-07-24 14:00:00,2024-07-24,14,2,0,summer,7505,,,,
NYC,hour,2024-07-24 15:00:00,2024-07-24,15,2,0,summer,8831,,,,
NYC,hour,2024-07-24 16:00:00,2024-07-24,16,2,0,summer,11194,,,,
NYC,hour,2024-07-24 17:00:00,2024-07-24,17,2,0,summer,17144,,,,
NYC,hour,2024-07-24 18:00:00,2024-07-24,18,2,0,summer,16837,,,,
NYC,hour,2024-07-24 19:00:00,2024-07-24,19,2,0,summer,12913,,,,
NYC,hour,2024-07-24 20:00:00,2024-07-24,20,2,0,summer,9594,,,,
NYC,hour,2024-07-24 21:00:00,2024-07-24,21,2,0,summer,7185,,,,
NYC,hour,2024-07-24 22:00:00,2024-07-24,22,2,0,summer,5850,,,,
NYC,hour,2024-07-24 23:00:00,2024-07-24,23,2,0,summer,3740,,,,
NYC,hour,2024-07-25 00:00:00,2024-07-25,0,3,0,summer,2088,,,,
NYC,hour,2024-07-25 01:00:00,2024-07-25,1,3,0,summer,1048,,,,
NYC,hour,2024-07-25 02:00:00,2024-07-25,2,3,0,summer,676,,,,
NYC,hour,2024-07-25 03:00:00,2024-07-25,3,3,0,summer,380,,,,
NYC,hour,2024-07-25 04:00:00,2024-07-25,4,3,0,summer,432,,,,
NYC,hour,2024-07-25 05:00:00,2024-07-25,5,3,0,summer,1326,,,,
NYC,hour,2024-07-25 06:00:00,2024-07-25,6,3,0,summer,3839,,,,
NYC,hour,2024-07-25 07:00:00,2024-07-25,7,3,0,summer,7331,,,,
NYC,hour,2024-07-25 08:00:00,2024-07-25,8,3,0,summer,11912,,,,
NYC,hour,2024-07-25 09:00:00,2024-07-25,9,3,0,summer,9428,,,,
NYC,hour,2024-07-25 10:00:00,2024-07-25,10,3,0,summer,6519,,,,
NYC,hour,2024-07-25 11:00:00,2024-07-25,11,3,0,summer,6626,,,,
NYC,hour,2024-07-25 12:00:00,2024-07-25,12,3,0,summer,7593,,,,
NYC,hour,2024-07-25 13:00:00,2024-07-25,13,3,0,summer,7758,,,,
NYC,hour,2024-07-25 14:00:00,2024-07-25,14,3,0,summer,8440,,,,
NYC,hour,2024-07-25 15:00:00,2024-07-25,15,3,0,summer,9134,,,,
NYC,hour,2024-07-25 16:00:00,2024-07-25,16,3,0,summer,11717,,,,
NYC,hour,2024-07-25 17:00:00,2024-07-25,17,3,0,summer,16941,,,,
NYC,hour,2024-07-25 18:00:00,2024-07-25,18,3,0,summer,16350,,,,
NYC,hour,2024-07-25 19:00:00,2024-07-25,19,3,0,summer,12739,,,,
NYC,hour,2024-07-25 20:00:00,2024-07-25,20,3,0,summer,9874,,,,
NYC,hour,2024-07-25 21:00:00,2024-07-25,21,3,0,summer,7311,,,,
NYC,hour,2024-07-25 22:00:00,2024-07-25,22,3,0,summer,6092,,,,
NYC,hour,2024-07-25 23:00:00,2024-07-25,23,3,0,summer,4328,,,,
NYC,hour,2024-07-26 00:00:00,2024-07-26,0,4,0,summer,2629,,,,
NYC,hour,2024-07-26 01:00:00,2024-07-26,1,4,0,summer,1736,,,,
NYC,hour,2024-07-26 02:00:00,2024-07-26,2,4,0,summer,1008,,,,
NYC,hour,2024-07-26 03:00:00,2024-07-26,3,4,0,summer,556,,,,
NYC,hour,2024-07-26 04:00:00,2024-07-26,4,4,0,summer,542,,,,
NYC,hour,2024-07-26 05:00:00,2024-07-26,5,4,0,summer,1314,,,,
NYC,hour,2024-07-26 06:00:00,2024-07-26,6,4,0,summer,3344,,,,
NYC,hour,2024-07-26 07:00:00,2024-07-26,7,4,0,summer,5886,,,,
NYC,hour,2024-07-26 08:00:00,2024-07-26,8,4,0,summer,9253,,,,
NYC,hour,2024-07-26 09:00:00,2024-07-26,9,4,0,summer,8144,,,,
NYC,hour,2024-07-26 10:00:00,2024-07-26,10,4,0,summer,7110,,,,
NYC,hour,2024-07-26 11:00:00,2024-07-26,11,4,0,summer,7409,,,,
NYC,hour,2024-07-26 12:00:00,2024-07-26,12,4,0,summer,8730,,,,
NYC,hour,2024-07-26 13:00:00,2024-07-26,13,4,0,summer,9496,,,,
NYC,hour,2024-07-26 14:00:00,2024-07-26,14,4,0,summer,9786,,,,
NYC,hour,2024-07-26 15:00:00,2024-07-26,15,4,0,summer,10980,,,,
NYC,hour,2024-07-26 16:00:00,2024-07-26,16,4,0,summer,12756,,,,
NYC,hour,2024-07-26 17:00:00,2024-07-26,17,4,0,summer,14871,,,,
NYC,hour,2024-07-26 18:00:00,2024-07-26,18,4,0,summer,14461,,,,
NYC,hour,2024-07-26 19:00:00,2024-07-26,19,4,0,summer,12381,,,,
NYC,hour,2024-07-26 20:00:00,2024-07-26,20,4,0,summer,9633,,,,
NYC,hour,2024-07-26 21:00:00,2024-07-26,21,4,0,summer,7101,,,,
NYC,hour,2024-07-26 22:00:00,2024-07-26,22,4,0,summer,6402,,,,
NYC,hour,2024-07-26 23:00:00,2024-07-26,23,4,0,summer,5458,,,,
NYC,hour,2024-07-27 00:00:00,2024-07-27,0,5,1,summer,4075,,,,
NYC,hour,2024-07-27 01:00:00,2024-07-27,1,5,1,summer,2906,,,,
NYC,hour,2024-07-27 02:00:00,2024-07-27,2,5,1,summer,2255,,,,
NYC,hour,2024-07-27 03:00:00,2024-07-27,3,5,1,summer,1515,,,,
NYC,hour,2024-07-27 04:00:00,2024-07-27,4,5,1,summer,846,,,,
NYC,hour,2024-07-27 05:00:00,2024-07-27,5,5,1,summer,653,,,,
NYC,hour,2024-07-27 06:00:00,2024-07-27,6,5,1,summer,1442,,,,
NYC,hour,2024-07-27 07:00:00,2024-07-27,7,5,1,summer,2570,,,,
NYC,hour,2024-07-27 08:00:00,2024-07-27,8,5,1,summer,4323,,,,
NYC,hour,2024-07-27 09:00:00,2024-07-27,9,5,1,summer,6639,,,,
NYC,hour,2024-07-27 10:00:00,2024-07-27,10,5,1,summer,8653,,,,
NYC,hour,2024-07-27 11:00:00,2024-07-27,11,5,1,summer,10368,,,,
NYC,hour,2024-07-27 12:00:00,2024-07-27,12,5,1,summer,11582,,,,
NYC,hour,2024-07-27 13:00:00,2024-07-27,13,5,1,summer,12039,,,,
NYC,hour,2024-07-27 14:00:00,2024-07-27,14,5,1,summer,12007,,,,
NYC,hour,2024-07-27 15:00:00,2024-07-27,15,5,1,summer,12134,,,,
NYC,hour,2024-07-27 16:00:00,2024-07-27,16,5,1,summer,11926,,,,
NYC,hour,2024-07-27 17:00:00,2024-07-27,17,5,1,summer,11765,,,,
NYC,hour,2024-07-27 18:00:00,2024-07-27,18,5,1,summer,11717,,,,
NYC,hour,2024-07-27 19:00:00,2024-07-27,19,5,1,summer,10788,,,,
NYC,hour,2024-07-27 20:00:00,2024-07-27,20,5,1,summer,8862,,,,
NYC,hour,2024-07-27 21:00:00,2024-07-27,21,5,1,summer,7074,,,,
NYC,hour,2024-07-27 22:00:00,2024-07-27,22,5,1,summer,6214,,,,
NYC,hour,2024-07-27 23:00:00,2024-07-27,23,5,1,summer,5241,,,,
NYC,hour,2024-07-28 00:00:00,2024-07-28,0,6,1,summer,3886,,,,
NYC,hour,2024-07-28 01:00:00,2024-07-28,1,6,1,summer,2918,,,,
NYC,hour,2024-07-28 02:00:00,2024-07-28,2,6,1,summer,2009,,,,
NYC,hour,2024-07-28 03:00:00,2024-07-28,3,6,1,summer,1347,,,,
NYC,hour,2024-07-28 04:00:00,2024-07-28,4,6,1,summer,916,,,,
NYC,hour,2024-07-28 05:00:00,2024-07-28,5,6,1,summer,706,,,,
NYC,hour,2024-07-28 06:00:00,2024-07-28,6,6,1,summer,1328,,,,
NYC,hour,2024-07-28 07:00:00,2024-07-28,7,6,1,summer,2171,,,,
NYC,hour,2024-07-28 08:00:00,2024-07-28,8,6,1,summer,3504,,,,
NYC,hour,2024-07-28 09:00:00,2024-07-28,9,6,1,summer,5456,,,,
NYC,hour,2024-07-28 10:00:00,2024-07-28,10,6,1,summer,7667,,,,
NYC,hour,2024-07-28 11:00:00,2024-07-28,11,6,1,summer,8871,,,,
NYC,hour,2024-07-28 12:00:00,2024-07-28,12,6,1,summer,10323,,,,
NYC,hour,2024-07-28 13:00:00,2024-07-28,13,6,1,summer,11237,,,,
NYC,hour,2024-07-28 14:00:00,2024-07-28,14,6,1,summer,11338,,,,
NYC,hour,2024-07-28 15:00:00,2024-07-28,15,6,1,summer,11719,,,,
NYC,hour,2024-07-28 16:00:00,2024-07-28,16,6,1,summer,11619,,,,
NYC,hour,2024-07-28 17:00:00,2024-07-28,17,6,1,summer,11830,,,,
NYC,hour,2024-07-28 18:00:00,2024-07-28,18,6,1,summer,11341,,,,
NYC,hour,2024-07-28 19:00:00,2024-07-28,19,6,1,summer,10007,,,,
NYC,hour,2024-07-28 20:00:00,2024-07-28,20,6,1,summer,7954,,,,
NYC,hour,2024-07-28 21:00:00,2024-07-28,21,6,1,summer,5645,,,,
NYC,hour,2024-07-28 22:00:00,2024-07-28,22,6,1,summer,4501,,,,
NYC,hour,2024-07-28 23:00:00,2024-07-28,23,6,1,summer,3146,,,,
NYC,hour,2024-07-29 00:00:00,2024-07-29,0,0,0,summer,1847,,,,
NYC,hour,2024-07-29 01:00:00,2024-07-29,1,0,0,summer,944,,,,
NYC,hour,2024-07-29 02:00:00,2024-07-29,2,0,0,summer,473,,,,
NYC,hour,2024-07-29 03:00:00,2024-07-29,3,0,0,summer,273,,,,
NYC,hour,2024-07-29 04:00:00,2024-07-29,4,0,0,summer,405,,,,
NYC,hour,2024-07-29 05:00:00,2024-07-29,5,0,0,summer,1223,,,,
NYC,hour,2024-07-29 06:00:00,2024-07-29,6,0,0,summer,3439,,,,
NYC,hour,2024-07-29 07:00:00,2024-07-29,7,0,0,summer,6720,,,,
NYC,hour,2024-07-29 08:00:00,2024-07-29,8,0,0,summer,10330,,,,
NYC,hour,2024-07-29 09:00:00,2024-07-29,9,0,0,summer,7925,,,,
NYC,hour,2024-07-29 10:00:00,2024-07-29,10,0,0,summer,5864,,,,
NYC,hour,2024-07-29 11:00:00,2024-07-29,11,0,0,summer,6246,,,,
NYC,hour,2024-07-29 12:00:00,2024-07-29,12,0,0,summer,6970,,,,
NYC,hour,2024-07-29 13:00:00,2024-07-29,13,0,0,summer,5947,,,,
NYC,hour,2024-07-29 14:00:00,2024-07-29,14,0,0,summer,5755,,,,
NYC,hour,2024-07-29 15:00:00,2024-07-29,15,0,0,summer,7792,,,,
NYC,hour,2024-07-29 16:00:00,2024-07-29,16,0,0,summer,10545,,,,
NYC,hour,2024-07-29 17:00:00,2024-07-29,17,0,0,summer,15909,,,,
NYC,hour,2024-07-29 18:00:00,2024-07-29,18,0,0,summer,15512,,,,
NYC,hour,2024-07-29 19:00:00,2024-07-29,19,0,0,summer,12205,,,,
NYC,hour,2024-07-29 20:00:00,2024-07-29,20,0,0,summer,9375,,,,
NYC,hour,2024-07-29 21:00:00,2024-07-29,21,0,0,summer,6439,,,,
NYC,hour,2024-07-29 22:00:00,2024-07-29,22,0,0,summer,4790,,,,
NYC,hour,2024-07-29 23:00:00,2024-07-29,23,0,0,summer,3113,,,,
NYC,hour,2024-07-30 00:00:00,2024-07-30,0,1,0,summer,1681,,,,
NYC,hour,2024-07-30 01:00:00,2024-07-30,1,1,0,summer,870,,,,
NYC,hour,2024-07-30 02:00:00,2024-07-30,2,1,0,summer,536,,,,
NYC,hour,2024-07-30 03:00:00,2024-07-30,3,1,0,summer,325,,,,
NYC,hour,2024-07-30 04:00:00,2024-07-30,4,1,0,summer,395,,,,
NYC,hour,2024-07-30 05:00:00,2024-07-30,5,1,0,summer,1456,,,,
NYC,hour,2024-07-30 06:00:00,2024-07-30,6,1,0,summer,4261,,,,
NYC,hour,2024-07-30 07:00:00,2024-07-30,7,1,0,summer,7736,,,,
NYC,hour,2024-07-30 08:00:00,2024-07-30,8,1,0,summer,12428,,,,
NYC,hour,2024-07-30 09:00:00,2024-07-30,9,1,0,summer,9503,,,,
NYC,hour,2024-07-30 10:00:00,2024-07-30,10,1,0,summer,6552,,,,
NYC,hour,2024-07-30 11:00:00,2024-07-30,11,1,0,summer,6517,,,,
NYC,hour,2024-07-30 12:00:00,2024-07-30,12,1,0,summer,7119,,,,
NYC,hour,2024-07-30 13:00:00,2024-07-30,13,1,0,summer,7242,,,,
NYC,hour,2024-07-30 14:00:00,2024-07-30,14,1,0,summer,7695,,,,
NYC,hour,2024-07-30 15:00:00,2024-07-30,15,1,0,summer,8617,,,,
NYC,hour,2024-07-30 16:00:00,2024-07-30,16,1,0,summer,11519,,,,
NYC,hour,2024-07-30 17:00:00,2024-07-30,17,1,0,summer,17804,,,,
NYC,hour,2024-07-30 18:00:00,2024-07-30,18,1,0,summer,17082,,,,
NYC,hour,2024-07-30 19:00:00,2024-07-30,19,1,0,summer,13409,,,,
NYC,hour,2024-07-30 20:00:00,2024-07-30,20,1,0,summer,9760,,,,
NYC,hour,2024-07-30 21:00:00,2024-07-30,21,1,0,summer,7321,,,,
NYC,hour,2024-07-30 22:00:00,2024-07-30,22,1,0,summer,5713,,,,
NYC,hour,2024-07-30 23:00:00,2024-07-30,23,1,0,summer,3556,,,,
NYC,hour,2024-07-31 00:00:00,2024-07-31,0,2,0,summer,1948,,,,
NYC,hour,2024-07-31 01:00:00,2024-07-31,1,2,0,summer,998,,,,
NYC,hour,2024-07-31 02:00:00,2024-07-31,2,2,0,summer,590,,,,
NYC,hour,2024-07-31 03:00:00,2024-07-31,3,2,0,summer,378,,,,
NYC,hour,2024-07-31 04:00:00,2024-07-31,4,2,0,summer,415,,,,
NYC,hour,2024-07-31 05:00:00,2024-07-31,5,2,0,summer,1416,,,,
NYC,hour,2024-07-31 06:00:00,2024-07-31,6,2,0,summer,4004,,,,
NYC,hour,2024-07-31 07:00:00,2024-07-31,7,2,0,summer,7726,,,,
NYC,hour,2024-07-31 08:00:00,2024-07-31,8,2,0,summer,12080,,,,
NYC,hour,2024-07-31 09:00:00,2024-07-31,9,2,0,summer,8383,,,,
NYC,hour,2024-07-31 10:00:00,2024-07-31,10,2,0,summer,6531,,,,
NYC,hour,2024-07-31 11:00:00,2024-07-31,11,2,0,summer,6563,,,,
NYC,hour,2024-07-31 12:00:00,2024-07-31,12,2,0,summer,7305,,,,
NYC,hour,2024-07-31 13:00:00,2024-07-31,13,2,0,summer,7530,,,,
NYC,hour,2024-07-31 14:00:00,2024-07-31,14,2,0,summer,7815,,,,
NYC,hour,2024-07-31 15:00:00,2024-07-31,15,2,0,summer,9033,,,,
NYC,hour,2024-07-31 16:00:00,2024-07-31,16,2,0,summer,11409,,,,
NYC,hour,2024-07-31 17:00:00,2024-07-31,17,2,0,summer,17178,,,,
NYC,hour,2024-07-31 18:00:00,2024-07-31,18,2,0,summer,17013,,,,
NYC,hour,2024-07-31 19:00:00,2024-07-31,19,2,0,summer,13187,,,,
NYC,hour,2024-07-31 20:00:00,2024-07-31,20,2,0,summer,10001,,,,
NYC,hour,2024-07-31 21:00:00,2024-07-31,21,2,0,summer,6626,,,,
NYC,hour,2024-07-31 22:00:00,2024-07-31,22,2,0,summer,4834,,,,
NYC,hour,2024-07-31 23:00:00,2024-07-31,23,2,0,summer,3511,,,,
NYC,hour,2024-08-01 00:00:00,2024-08-01,0,3,0,summer,1978,,,,
NYC,hour,2024-08-01 01:00:00,2024-08-01,1,3,0,summer,1081,,,,
NYC,hour,2024-08-01 02:00:00,2024-08-01,2,3,0,summer,671,,,,
NYC,hour,2024-08-01 03:00:00,2024-08-01,3,3,0,summer,396,,,,
NYC,hour,2024-08-01 04:00:00,2024-08-01,4,3,0,summer,461,,,,
NYC,hour,2024-08-01 05:00:00,2024-08-01,5,3,0,summer,1339,,,,
NYC,hour,2024-08-01 06:00:00,2024-08-01,6,3,0,summer,3884,,,,
NYC,hour,2024-08-01 07:00:00,2024-08-01,7,3,0,summer,7398,,,,
NYC,hour,2024-08-01 08:00:00,2024-08-01,8,3,0,summer,11755,,,,
NYC,hour,2024-08-01 09:00:00,2024-08-01,9,3,0,summer,9336,,,,
NYC,hour,2024-08-01 10:00:00,2024-08-01,10,3,0,summer,6706,,,,
NYC,hour,2024-08-01 11:00:00,2024-08-01,11,3,0,summer,6650,,,,
NYC,hour,2024-08-01 12:00:00,2024-08-01,12,3,0,summer,4693,,,,
NYC,hour,2024-08-01 13:00:00,2024-08-01,13,3,0,summer,7343,,,,
NYC,hour,2024-08-01 14:00:00,2024-08-01,14,3,0,summer,7522,,,,
NYC,hour,2024-08-01 15:00:00,2024-08-01,15,3,0,summer,8581,,,,
NYC,hour,2024-08-01 16:00:00,2024-08-01,16,3,0,summer,11231,,,,
NYC,hour,2024-08-01 17:00:00,2024-08-01,17,3,0,summer,16465,,,,
NYC,hour,2024-08-01 18:00:00,2024-08-01,18,3,0,summer,16355,,,,
NYC,hour,2024-08-01 19:00:00,2024-08-01,19,3,0,summer,13179,,,,
NYC,hour,2024-08-01 20:00:00,2024-08-01,20,3,0,summer,9731,,,,
NYC,hour,2024-08-01 21:00:00,2024-08-01,21,3,0,summer,7596,,,,
NYC,hour,2024-08-01 22:00:00,2024-08-01,22,3,0,summer,5938,,,,
NYC,hour,2024-08-01 23:00:00,2024-08-01,23,3,0,summer,3929,,,,
NYC,hour,2024-08-02 00:00:00,2024-08-02,0,4,0,summer,2463,,,,
NYC,hour,2024-08-02 01:00:00,2024-08-02,1,4,0,summer,1441,,,,
NYC,hour,2024-08-02 02:00:00,2024-08-02,2,4,0,summer,780,,,,
NYC,hour,2024-08-02 03:00:00,2024-08-02,3,4,0,summer,473,,,,
NYC,hour,2024-08-02 04:00:00,2024-08-02,4,4,0,summer,480,,,,
NYC,hour,2024-08-02 05:00:00,2024-08-02,5,4,0,summer,1226,,,,
NYC,hour,2024-08-02 06:00:00,2024-08-02,6,4,0,summer,3399,,,,
NYC,hour,2024-08-02 07:00:00,2024-08-02,7,4,0,summer,6015,,,,
NYC,hour,2024-08-02 08:00:00,2024-08-02,8,4,0,summer,8998,,,,
NYC,hour,2024-08-02 09:00:00,2024-08-02,9,4,0,summer,8095,,,,
NYC,hour,2024-08-02 10:00:00,2024-08-02,10,4,0,summer,6625,,,,
NYC,hour,2024-08-02 11:00:00,2024-08-02,11,4,0,summer,6925,,,,
NYC,hour,2024-08-02 12:00:00,2024-08-02,12,4,0,summer,7847,,,,
NYC,hour,2024-08-02 13:00:00,2024-08-02,13,4,0,summer,8622,,,,
NYC,hour,2024-08-02 14:00:00,2024-08-02,14,4,0,summer,9072,,,,
NYC,hour,2024-08-02 15:00:00,2024-08-02,15,4,0,summer,9943,,,,
NYC,hour,2024-08-02 16:00:00,2024-08-02,16,4,0,summer,11624,,,,
NYC,hour,2024-08-02 17:00:00,2024-08-02,17,4,0,summer,14061,,,,
NYC,hour,2024-08-02 18:00:00,2024-08-02,18,4,0,summer,8990,,,,
NYC,hour,2024-08-02 19:00:00,2024-08-02,19,4,0,summer,3635,,,,
NYC,hour,2024-08-02 20:00:00,2024-08-02,20,4,0,summer,6114,,,,
NYC,hour,2024-08-02 21:00:00,2024-08-02,21,4,0,summer,5409,,,,
NYC,hour,2024-08-02 22:00:00,2024-08-02,22,4,0,summer,4998,,,,
NYC,hour,2024-08-02 23:00:00,2024-08-02,23,4,0,summer,4400,,,,
NYC,hour,2024-08-03 00:00:00,2024-08-03,0,5,1,summer,3428,,,,
NYC,hour,2024-08-03 01:00:00,2024-08-03,1,5,1,summer,2523,,,,
NYC,hour,2024-08-03 02:00:00,2024-08-03,2,5,1,summer,1712,,,,
NYC,hour,2024-08-03 03:00:00,2024-08-03,3,5,1,summer,1169,,,,
NYC,hour,2024-08-03 04:00:00,2024-08-03,4,5,1,summer,800,,,,
NYC,hour,2024-08-03 05:00:00,2024-08-03,5,5,1,summer,611,,,,
NYC,hour,2024-08-03 06:00:00,2024-08-03,6,5,1,summer,1496,,,,
NYC,hour,2024-08-03 07:00:00,2024-08-03,7,5,1,summer,2880,,,,
NYC,hour,2024-08-03 08:00:00,2024-08-03,8,5,1,summer,4739,,,,
NYC,hour,2024-08-03 09:00:00,2024-08-03,9,5,1,summer,7677,,,,
NYC,hour,2024-08-03 10:00:00,2024-08-03,10,5,1,summer,10522,,,,
NYC,hour,2024-08-03 11:00:00,2024-08-03,11,5,1,summer,11922,,,,
NYC,hour,2024-08-03 12:00:00,2024-08-03,12,5,1,summer,12750,,,,
NYC,hour,2024-08-03 13:00:00,2024-08-03,13,5,1,summer,12542,,,,
NYC,hour,2024-08-03 14:00:00,2024-08-03,14,5,1,summer,11860,,,,
NYC,hour,2024-08-03 15:00:00,2024-08-03,15,5,1,summer,11061,,,,
NYC,hour,2024-08-03 16:00:00,2024-08-03,16,5,1,summer,11136,,,,
NYC,hour,2024-08-03 17:00:00,2024-08-03,17,5,1,summer,7033,,,,
NYC,hour,2024-08-03 18:00:00,2024-08-03,18,5,1,summer,6339,,,,
NYC,hour,2024-08-03 19:00:00,2024-08-03,19,5,1,summer,2390,,,,
NYC,hour,2024-08-03 20:00:00,2024-08-03,20,5,1,summer,1556,,,,
NYC,hour,2024-08-03 21:00:00,2024-08-03,21,5,1,summer,3101,,,,
NYC,hour,2024-08-03 22:00:00,2024-08-03,22,5,1,summer,3728,,,,
NYC,hour,2024-08-03 23:00:00,2024-08-03,23,5,1,summer,3322,,,,
NYC,hour,2024-08-04 00:00:00,2024-08-04,0,6,1,summer,2693,,,,
NYC,hour,2024-08-04 01:00:00,2024-08-04,1,6,1,summer,2159,,,,
NYC,hour,2024-08-04 02:00:00,2024-08-04,2,6,1,summer,1692,,,,
NYC,hour,2024-08-04 03:00:00,2024-08-04,3,6,1,summer,1156,,,,
NYC,hour,2024-08-04 04:00:00,2024-08-04,4,6,1,summer,703,,,,
NYC,hour,2024-08-04 05:00:00,2024-08-04,5,6,1,summer,593,,,,
NYC,hour,2024-08-04 06:00:00,2024-08-04,6,6,1,summer,1138,,,,
NYC,hour,2024-08-04 07:00:00,2024-08-04,7,6,1,summer,1888,,,,
NYC,hour,2024-08-04 08:00:00,2024-08-04,8,6,1,summer,3171,,,,
NYC,hour,2024-08-04 09:00:00,2024-08-04,9,6,1,summer,5122,,,,
NYC,hour,2024-08-04 10:00:00,2024-08-04,10,6,1,summer,6736,,,,
NYC,hour,2024-08-04 11:00:00,2024-08-04,11,6,1,summer,8278,,,,
NYC,hour,2024-08-04 12:00:00,2024-08-04,12,6,1,summer,8955,,,,
NYC,hour,2024-08-04 13:00:00,2024-08-04,13,6,1,summer,9450,,,,
NYC,hour,2024-08-04 14:00:00,2024-08-04,14,6,1,summer,9166,,,,
NYC,hour,2024-08-04 15:00:00,2024-08-04,15,6,1,summer,9203,,,,
NYC,hour,2024-08-04 16:00:00,2024-08-04,16,6,1,summer,7467,,,,
NYC,hour,2024-08-04 17:00:00,2024-08-04,17,6,1,summer,3046,,,,
NYC,hour,2024-08-04 18:00:00,2024-08-04,18,6,1,summer,6386,,,,
NYC,hour,2024-08-04 19:00:00,2024-08-04,19,6,1,summer,6502,,,,
NYC,hour,2024-08-04 20:00:00,2024-08-04,20,6,1,summer,6431,,,,
NYC,hour,2024-08-04 21:00:00,2024-08-04,21,6,1,summer,4815,,,,
NYC,hour,2024-08-04 22:00:00,2024-08-04,22,6,1,summer,3877,,,,
NYC,hour,2024-08-04 23:00:00,2024-08-04,23,6,1,summer,2782,,,,
NYC,hour,2024-08-05 00:00:00,2024-08-05,0,0,0,summer,1677,,,,
NYC,hour,2024-08-05 01:00:00,2024-08-05,1,0,0,summer,855,,,,
NYC,hour,2024-08-05 02:00:00,2024-08-05,2,0,0,summer,488,,,,
NYC,hour,2024-08-05 03:00:00,2024-08-05,3,0,0,summer,343,,,,
NYC,hour,2024-08-05 04:00:00,2024-08-05,4,0,0,summer,401,,,,
NYC,hour,2024-08-05 05:00:00,2024-08-05,5,0,0,summer,1276,,,,
NYC,hour,2024-08-05 06:00:00,2024-08-05,6,0,0,summer,3687,,,,
NYC,hour,2024-08-05 07:00:00,2024-08-05,7,0,0,summer,6724,,,,
NYC,hour,2024-08-05 08:00:00,2024-08-05,8,0,0,summer,10551,,,,
NYC,hour,2024-08-05 09:00:00,2024-08-05,9,0,0,summer,8069,,,,
NYC,hour,2024-08-05 10:00:00,2024-08-05,10,0,0,summer,5956,,,,
NYC,hour,2024-08-05 11:00:00,2024-08-05,11,0,0,summer,6055,,,,
NYC,hour,2024-08-05 12:00:00,2024-08-05,12,0,0,summer,6914,,,,
NYC,hour,2024-08-05 13:00:00,2024-08-05,13,0,0,summer,7058,,,,
NYC,hour,2024-08-05 14:00:00,2024-08-05,14,0,0,summer,7630,,,,
NYC,hour,2024-08-05 15:00:00,2024-08-05,15,0,0,summer,8356,,,,
NYC,hour,2024-08-05 16:00:00,2024-08-05,16,0,0,summer,10588,,,,
NYC,hour,2024-08-05 17:00:00,2024-08-05,17,0,0,summer,16009,,,,
NYC,hour,2024-08-05 18:00:00,2024-08-05,18,0,0,summer,15923,,,,
NYC,hour,2024-08-05 19:00:00,2024-08-05,19,0,0,summer,12929,,,,
NYC,hour,2024-08-05 20:00:00,2024-08-05,20,0,0,summer,8996,,,,
NYC,hour,2024-08-05 21:00:00,2024-08-05,21,0,0,summer,6355,,,,
NYC,hour,2024-08-05 22:00:00,2024-08-05,22,0,0,summer,4734,,,,
NYC,hour,2024-08-05 23:00:00,2024-08-05,23,0,0,summer,3033,,,,
NYC,hour,2024-08-06 00:00:00,2024-08-06,0,1,0,summer,1784,,,,
NYC,hour,2024-08-06 01:00:00,2024-08-06,1,1,0,summer,911,,,,
NYC,hour,2024-08-06 02:00:00,2024-08-06,2,1,0,summer,597,,,,
NYC,hour,2024-08-06 03:00:00,2024-08-06,3,1,0,summer,312,,,,
NYC,hour,2024-08-06 04:00:00,2024-08-06,4,1,0,summer,411,,,,
NYC,hour,2024-08-06 05:00:00,2024-08-06,5,1,0,summer,1473,,,,
NYC,hour,2024-08-06 06:00:00,2024-08-06,6,1,0,summer,4287,,,,
NYC,hour,2024-08-06 07:00:00,2024-08-06,7,1,0,summer,7751,,,,
NYC,hour,2024-08-06 08:00:00,2024-08-06,8,1,0,summer,12327,,,,
NYC,hour,2024-08-06 09:00:00,2024-08-06,9,1,0,summer,9289,,,,
NYC,hour,2024-08-06 10:00:00,2024-08-06,10,1,0,summer,6443,,,,
NYC,hour,2024-08-06 11:00:00,2024-08-06,11,1,0,summer,6458,,,,
NYC,hour,2024-08-06 12:00:00,2024-08-06,12,1,0,summer,7102,,,,
NYC,hour,2024-08-06 13:00:00,2024-08-06,13,1,0,summer,7282,,,,
NYC,hour,2024-08-06 14:00:00,2024-08-06,14,1,0,summer,7278,,,,
NYC,hour,2024-08-06 15:00:00,2024-08-06,15,1,0,summer,8495,,,,
NYC,hour,2024-08-06 16:00:00,2024-08-06,16,1,0,summer,10636,,,,
NYC,hour,2024-08-06 17:00:00,2024-08-06,17,1,0,summer,13491,,,,
NYC,hour,2024-08-06 18:00:00,2024-08-06,18,1,0,summer,2886,,,,
NYC,hour,2024-08-06 19:00:00,2024-08-06,19,1,0,summer,2172,,,,
NYC,hour,2024-08-06 20:00:00,2024-08-06,20,1,0,summer,1554,,,,
NYC,hour,2024-08-06 21:00:00,2024-08-06,21,1,0,summer,883,,,,
NYC,hour,2024-08-06 22:00:00,2024-08-06,22,1,0,summer,628,,,,
NYC,hour,2024-08-06 23:00:00,2024-08-06,23,1,0,summer,639,,,,
NYC,hour,2024-08-07 00:00:00,2024-08-07,0,2,0,summer,629,,,,
NYC,hour,2024-08-07 01:00:00,2024-08-07,1,2,0,summer,381,,,,
NYC,hour,2024-08-07 02:00:00,2024-08-07,2,2,0,summer,325,,,,
NYC,hour,2024-08-07 03:00:00,2024-08-07,3,2,0,summer,221,,,,
NYC,hour,2024-08-07 04:00:00,2024-08-07,4,2,0,summer,265,,,,
NYC,hour,2024-08-07 05:00:00,2024-08-07,5,2,0,summer,1044,,,,
NYC,hour,2024-08-07 06:00:00,2024-08-07,6,2,0,summer,3278,,,,
NYC,hour,2024-08-07 07:00:00,2024-08-07,7,2,0,summer,5852,,,,
NYC,hour,2024-08-07 08:00:00,2024-08-07,8,2,0,summer,6250,,,,
NYC,hour,2024-08-07 09:00:00,2024-08-07,9,2,0,summer,4245,,,,
NYC,hour,2024-08-07 10:00:00,2024-08-07,10,2,0,summer,3771,,,,
NYC,hour,2024-08-07 11:00:00,2024-08-07,11,2,0,summer,4204,,,,
NYC,hour,2024-08-07 12:00:00,2024-08-07,12,2,0,summer,4459,,,,
NYC,hour,2024-08-07 13:00:00,2024-08-07,13,2,0,summer,3734,,,,
NYC,hour,2024-08-07 14:00:00,2024-08-07,14,2,0,summer,3864,,,,
NYC,hour,2024-08-07 15:00:00,2024-08-07,15,2,0,summer,4056,,,,
NYC,hour,2024-08-07 16:00:00,2024-08-07,16,2,0,summer,6961,,,,
NYC,hour,2024-08-07 17:00:00,2024-08-07,17,2,0,summer,11737,,,,
NYC,hour,2024-08-07 18:00:00,2024-08-07,18,2,0,summer,12979,,,,
NYC,hour,2024-08-07 19:00:00,2024-08-07,19,2,0,summer,10212,,,,
NYC,hour,2024-08-07 20:00:00,2024-08-07,20,2,0,summer,7329,,,,
NYC,hour,2024-08-07 21:00:00,2024-08-07,21,2,0,summer,5787,,,,
NYC,hour,2024-08-07 22:00:00,2024-08-07,22,2,0,summer,4442,,,,
NYC,hour,2024-08-07 23:00:00,2024-08-07,23,2,0,summer,3229,,,,
NYC,hour,2024-08-08 00:00:00,2024-08-08,0,3,0,summer,1949,,,,
NYC,hour,2024-08-08 01:00:00,2024-08-08,1,3,0,summer,1020,,,,
NYC,hour,2024-08-08 02:00:00,2024-08-08,2,3,0,summer,628,,,,
NYC,hour,2024-08-08 03:00:00,2024-08-08,3,3,0,summer,424,,,,
NYC,hour,2024-08-08 04:00:00,2024-08-08,4,3,0,summer,414,,,,
NYC,hour,2024-08-08 05:00:00,2024-08-08,5,3,0,summer,1143,,,,
NYC,hour,2024-08-08 06:00:00,2024-08-08,6,3,0,summer,2750,,,,
NYC,hour,2024-08-08 07:00:00,2024-08-08,7,3,0,summer,5509,,,,
NYC,hour,2024-08-08 08:00:00,2024-08-08,8,3,0,summer,9103,,,,
NYC,hour,2024-08-08 09:00:00,2024-08-08,9,3,0,summer,7352,,,,
NYC,hour,2024-08-08 10:00:00,2024-08-08,10,3,0,summer,4370,,,,
NYC,hour,2024-08-08 11:00:00,2024-08-08,11,3,0,summer,1873,,,,
NYC,hour,2024-08-08 12:00:00,2024-08-08,12,3,0,summer,3719,,,,
NYC,hour,2024-08-08 13:00:00,2024-08-08,13,3,0,summer,4818,,,,
NYC,hour,2024-08-08 14:00:00,2024-08-08,14,3,0,summer,5743,,,,
NYC,hour,2024-08-08 15:00:00,2024-08-08,15,3,0,summer,5758,,,,
NYC,hour,2024-08-08 16:00:00,2024-08-08,16,3,0,summer,6174,,,,
NYC,hour,2024-08-08 17:00:00,2024-08-08,17,3,0,summer,8243,,,,
NYC,hour,2024-08-08 18:00:00,2024-08-08,18,3,0,summer,7857,,,,
NYC,hour,2024-08-08 19:00:00,2024-08-08,19,3,0,summer,5294,,,,
NYC,hour,2024-08-08 20:00:00,2024-08-08,20,3,0,summer,3561,,,,
NYC,hour,2024-08-08 21:00:00,2024-08-08,21,3,0,summer,2784,,,,
NYC,hour,2024-08-08 22:00:00,2024-08-08,22,3,0,summer,3066,,,,
NYC,hour,2024-08-08 23:00:00,2024-08-08,23,3,0,summer,2304,,,,
NYC,hour,2024-08-09 00:00:00,2024-08-09,0,4,0,summer,1723,,,,
NYC,hour,2024-08-09 01:00:00,2024-08-09,1,4,0,summer,1003,,,,
NYC,hour,2024-08-09 02:00:00,2024-08-09,2,4,0,summer,672,,,,
NYC,hour,2024-08-09 03:00:00,2024-08-09,3,4,0,summer,467,,,,
NYC,hour,2024-08-09 04:00:00,2024-08-09,4,4,0,summer,455,,,,
NYC,hour,2024-08-09 05:00:00,2024-08-09,5,4,0,summer,996,,,,
NYC,hour,2024-08-09 06:00:00,2024-08-09,6,4,0,summer,2685,,,,
NYC,hour,2024-08-09 07:00:00,2024-08-09,7,4,0,summer,4830,,,,
NYC,hour,2024-08-09 08:00:00,2024-08-09,8,4,0,summer,7619,,,,
NYC,hour,2024-08-09 09:00:00,2024-08-09,9,4,0,summer,6809,,,,
NYC,hour,2024-08-09 10:00:00,2024-08-09,10,4,0,summer,5632,,,,
NYC,hour,2024-08-09 11:00:00,2024-08-09,11,4,0,summer,6208,,,,
NYC,hour,2024-08-09 12:00:00,2024-08-09,12,4,0,summer,7160,,,,
NYC,hour,2024-08-09 13:00:00,2024-08-09,13,4,0,summer,7914,,,,
NYC,hour,2024-08-09 14:00:00,2024-08-09,14,4,0,summer,7824,,,,
NYC,hour,2024-08-09 15:00:00,2024-08-09,15,4,0,summer,9169,,,,
NYC,hour,2024-08-09 16:00:00,2024-08-09,16,4,0,summer,10841,,,,
NYC,hour,2024-08-09 17:00:00,2024-08-09,17,4,0,summer,12107,,,,
NYC,hour,2024-08-09 18:00:00,2024-08-09,18,4,0,summer,7375,,,,
NYC,hour,2024-08-09 19:00:00,2024-08-09,19,4,0,summer,5910,,,,
NYC,hour,2024-08-09 20:00:00,2024-08-09,20,4,0,summer,5141,,,,
NYC,hour,2024-08-09 21:00:00,2024-08-09,21,4,0,summer,3027,,,,
NYC,hour,2024-08-09 22:00:00,2024-08-09,22,4,0,summer,3661,,,,
NYC,hour,2024-08-09 23:00:00,2024-08-09,23,4,0,summer,3309,,,,
NYC,hour,2024-08-10 00:00:00,2024-08-10,0,5,1,summer,2856,,,,
NYC,hour,2024-08-10 01:00:00,2024-08-10,1,5,1,summer,2049,,,,
NYC,hour,2024-08-10 02:00:00,2024-08-10,2,5,1,summer,1599,,,,
NYC,hour,2024-08-10 03:00:00,2024-08-10,3,5,1,summer,1063,,,,
NYC,hour,2024-08-10 04:00:00,2024-08-10,4,5,1,summer,717,,,,
NYC,hour,2024-08-10 05:00:00,2024-08-10,5,5,1,summer,641,,,,
NYC,hour,2024-08-10 06:00:00,2024-08-10,6,5,1,summer,1518,,,,
NYC,hour,2024-08-10 07:00:00,2024-08-10,7,5,1,summer,3050,,,,
NYC,hour,2024-08-10 08:00:00,2024-08-10,8,5,1,summer,4988,,,,
NYC,hour,2024-08-10 09:00:00,2024-08-10,9,5,1,summer,8290,,,,
NYC,hour,2024-08-10 10:00:00,2024-08-10,10,5,1,summer,11249,,,,
NYC,hour,2024-08-10 11:00:00,2024-08-10,11,5,1,summer,13130,,,,
NYC,hour,2024-08-10 12:00:00,2024-08-10,12,5,1,summer,13648,,,,
NYC,hour,2024-08-10 13:00:00,2024-08-10,13,5,1,summer,14547,,,,
NYC,hour,2024-08-10 14:00:00,2024-08-10,14,5,1,summer,13909,,,,
NYC,hour,2024-08-10 15:00:00,2024-08-10,15,5,1,summer,13217,,,,
NYC,hour,2024-08-10 16:00:00,2024-08-10,16,5,1,summer,11639,,,,
NYC,hour,2024-08-10 17:00:00,2024-08-10,17,5,1,summer,11891,,,,
NYC,hour,2024-08-10 18:00:00,2024-08-10,18,5,1,summer,11938,,,,
NYC,hour,2024-08-10 19:00:00,2024-08-10,19,5,1,summer,10994,,,,
NYC,hour,2024-08-10 20:00:00,2024-08-10,20,5,1,summer,8770,,,,
NYC,hour,2024-08-10 21:00:00,2024-08-10,21,5,1,summer,6948,,,,
NYC,hour,2024-08-10 22:00:00,2024-08-10,22,5,1,summer,5926,,,,
NYC,hour,2024-08-10 23:00:00,2024-08-10,23,5,1,summer,4941,,,,
NYC,hour,2024-08-11 00:00:00,2024-08-11,0,6,1,summer,3877,,,,
NYC,hour,2024-08-11 01:00:00,2024-08-11,1,6,1,summer,2799,,,,
NYC,hour,2024-08-11 02:00:00,2024-08-11,2,6,1,summer,1997,,,,
NYC,hour,2024-08-11 03:00:00,2024-08-11,3,6,1,summer,1388,,,,
NYC,hour,2024-08-11 04:00:00,2024-08-11,4,6,1,summer,893,,,,
NYC,hour,2024-08-11 05:00:00,2024-08-11,5,6,1,summer,716,,,,
NYC,hour,2024-08-11 06:00:00,2024-08-11,6,6,1,summer,1452,,,,
NYC,hour,2024-08-11 07:00:00,2024-08-11,7,6,1,summer,2065,,,,
NYC,hour,2024-08-11 08:00:00,2024-08-11,8,6,1,summer,3430,,,,
NYC,hour,2024-08-11 09:00:00,2024-08-11,9,6,1,summer,5387,,,,
NYC,hour,2024-08-11 10:00:00,2024-08-11,10,6,1,summer,7607,,,,
NYC,hour,2024-08-11 11:00:00,2024-08-11,11,6,1,summer,9144,,,,
NYC,hour,2024-08-11 12:00:00,2024-08-11,12,6,1,summer,10212,,,,
NYC,hour,2024-08-11 13:00:00,2024-08-11,13,6,1,summer,10901,,,,
NYC,hour,2024-08-11 14:00:00,2024-08-11,14,6,1,summer,11385,,,,
NYC,hour,2024-08-11 15:00:00,2024-08-11,15,6,1,summer,11897,,,,
NYC,hour,2024-08-11 16:00:00,2024-08-11,16,6,1,summer,11849,,,,
NYC,hour,2024-08-11 17:00:00,2024-08-11,17,6,1,summer,11958,,,,
NYC,hour,2024-08-11 18:00:00,2024-08-11,18,6,1,summer,12003,,,,
NYC,hour,2024-08-11 19:00:00,2024-08-11,19,6,1,summer,10179,,,,
NYC,hour,2024-08-11 20:00:00,2024-08-11,20,6,1,summer,7755,,,,
NYC,hour,2024-08-11 21:00:00,2024-08-11,21,6,1,summer,5850,,,,
NYC,hour,2024-08-11 22:00:00,2024-08-11,22,6,1,summer,4322,,,,
NYC,hour,2024-08-11 23:00:00,2024-08-11,23,6,1,summer,2990,,,,
NYC,hour,2024-08-12 00:00:00,2024-08-12,0,0,0,summer,1756,,,,
NYC,hour,2024-08-12 01:00:00,2024-08-12,1,0,0,summer,938,,,,
NYC,hour,2024-08-12 02:00:00,2024-08-12,2,0,0,summer,519,,,,
NYC,hour,2024-08-12 03:00:00,2024-08-12,3,0,0,summer,368,,,,
NYC,hour,2024-08-12 04:00:00,2024-08-12,4,0,0,summer,433,,,,
NYC,hour,2024-08-12 05:00:00,2024-08-12,5,0,0,summer,1280,,,,
NYC,hour,2024-08-12 06:00:00,2024-08-12,6,0,0,summer,3542,,,,
NYC,hour,2024-08-12 07:00:00,2024-08-12,7,0,0,summer,6610,,,,
NYC,hour,2024-08-12 08:00:00,2024-08-12,8,0,0,summer,10317,,,,
NYC,hour,2024-08-12 09:00:00,2024-08-12,9,0,0,summer,8050,,,,
NYC,hour,2024-08-12 10:00:00,2024-08-12,10,0,0,summer,6004,,,,
NYC,hour,2024-08-12 11:00:00,2024-08-12,11,0,0,summer,6240,,,,
NYC,hour,2024-08-12 12:00:00,2024-08-12,12,0,0,summer,7009,,,,
NYC,hour,2024-08-12 13:00:00,2024-08-12,13,0,0,summer,7239,,,,
NYC,hour,2024-08-12 14:00:00,2024-08-12,14,0,0,summer,7707,,,,
NYC,hour,2024-08-12 15:00:00,2024-08-12,15,0,0,summer,8177,,,,
NYC,hour,2024-08-12 16:00:00,2024-08-12,16,0,0,summer,9585,,,,
NYC,hour,2024-08-12 17:00:00,2024-08-12,17,0,0,summer,15334,,,,
NYC,hour,2024-08-12 18:00:00,2024-08-12,18,0,0,summer,15571,,,,
NYC,hour,2024-08-12 19:00:00,2024-08-12,19,0,0,summer,11805,,,,
NYC,hour,2024-08-12 20:00:00,2024-08-12,20,0,0,summer,8688,,,,
NYC,hour,2024-08-12 21:00:00,2024-08-12,21,0,0,summer,6181,,,,
NYC,hour,2024-08-12 22:00:00,2024-08-12,22,0,0,summer,4436,,,,
NYC,hour,2024-08-12 23:00:00,2024-08-12,23,0,0,summer,3148,,,,
NYC,hour,2024-08-13 00:00:00,2024-08-13,0,1,0,summer,1760,,,,
NYC,hour,2024-08-13 01:00:00,2024-08-13,1,1,0,summer,856,,,,
NYC,hour,2024-08-13 02:00:00,2024-08-13,2,1,0,summer,527,,,,
NYC,hour,2024-08-13 03:00:00,2024-08-13,3,1,0,summer,355,,,,
NYC,hour,2024-08-13 04:00:00,2024-08-13,4,1,0,summer,413,,,,
NYC,hour,2024-08-13 05:00:00,2024-08-13,5,1,0,summer,1368,,,,
NYC,hour,2024-08-13 06:00:00,2024-08-13,6,1,0,summer,4248,,,,
NYC,hour,2024-08-13 07:00:00,2024-08-13,7,1,0,summer,7520,,,,
NYC,hour,2024-08-13 08:00:00,2024-08-13,8,1,0,summer,12296,,,,
NYC,hour,2024-08-13 09:00:00,2024-08-13,9,1,0,summer,9067,,,,
NYC,hour,2024-08-13 10:00:00,2024-08-13,10,1,0,summer,6443,,,,
NYC,hour,2024-08-13 11:00:00,2024-08-13,11,1,0,summer,6386,,,,
NYC,hour,2024-08-13 12:00:00,2024-08-13,12,1,0,summer,7221,,,,
NYC,hour,2024-08-13 13:00:00,2024-08-13,13,1,0,summer,7436,,,,
NYC,hour,2024-08-13 14:00:00,2024-08-13,14,1,0,summer,7998,,,,
NYC,hour,2024-08-13 15:00:00,2024-08-13,15,1,0,summer,8935,,,,
NYC,hour,2024-08-13 16:00:00,2024-08-13,16,1,0,summer,11239,,,,
NYC,hour,2024-08-13 17:00:00,2024-08-13,17,1,0,summer,16909,,,,
NYC,hour,2024-08-13 18:00:00,2024-08-13,18,1,0,summer,15189,,,,
NYC,hour,2024-08-13 19:00:00,2024-08-13,19,1,0,summer,13464,,,,
NYC,hour,2024-08-13 20:00:00,2024-08-13,20,1,0,summer,9842,,,,
NYC,hour,2024-08-13 21:00:00,2024-08-13,21,1,0,summer,7002,,,,
NYC,hour,2024-08-13 22:00:00,2024-08-13,22,1,0,summer,5154,,,,
NYC,hour,2024-08-13 23:00:00,2024-08-13,23,1,0,summer,3599,,,,
NYC,hour,2024-08-14 00:00:00,2024-08-14,0,2,0,summer,2006,,,,
NYC,hour,2024-08-14 01:00:00,2024-08-14,1,2,0,summer,1060,,,,
NYC,hour,2024-08-14 02:00:00,2024-08-14,2,2,0,summer,580,,,,
NYC,hour,2024-08-14 03:00:00,2024-08-14,3,2,0,summer,383,,,,
NYC,hour,2024-08-14 04:00:00,2024-08-14,4,2,0,summer,392,,,,
NYC,hour,2024-08-14 05:00:00,2024-08-14,5,2,0,summer,1363,,,,
NYC,hour,2024-08-14 06:00:00,2024-08-14,6,2,0,summer,4066,,,,
NYC,hour,2024-08-14 07:00:00,2024-08-14,7,2,0,summer,7575,,,,
NYC,hour,2024-08-14 08:00:00,2024-08-14,8,2,0,summer,12081,,,,
NYC,hour,2024-08-14 09:00:00,2024-08-14,9,2,0,summer,9392,,,,
NYC,hour,2024-08-14 10:00:00,2024-08-14,10,2,0,summer,6680,,,,
NYC,hour,2024-08-14 11:00:00,2024-08-14,11,2,0,summer,6654,,,,
NYC,hour,2024-08-14 12:00:00,2024-08-14,12,2,0,summer,7443,,,,
NYC,hour,2024-08-14 13:00:00,2024-08-14,13,2,0,summer,7727,,,,
NYC,hour,2024-08-14 14:00:00,2024-08-14,14,2,0,summer,8321,,,,
NYC,hour,2024-08-14 15:00:00,2024-08-14,15,2,0,summer,8948,,,,
NYC,hour,2024-08-14 16:00:00,2024-08-14,16,2,0,summer,11724,,,,
NYC,hour,2024-08-14 17:00:00,2024-08-14,17,2,0,summer,16809,,,,
NYC,hour,2024-08-14 18:00:00,2024-08-14,18,2,0,summer,17638,,,,
NYC,hour,2024-08-14 19:00:00,2024-08-14,19,2,0,summer,13791,,,,
NYC,hour,2024-08-14 20:00:00,2024-08-14,20,2,0,summer,9991,,,,
NYC,hour,2024-08-14 21:00:00,2024-08-14,21,2,0,summer,7312,,,,
NYC,hour,2024-08-14 22:00:00,2024-08-14,22,2,0,summer,5994,,,,
NYC,hour,2024-08-14 23:00:00,2024-08-14,23,2,0,summer,3786,,,,
NYC,hour,2024-08-15 00:00:00,2024-08-15,0,3,0,summer,2231,,,,
NYC,hour,2024-08-15 01:00:00,2024-08-15,1,3,0,summer,1177,,,,
NYC,hour,2024-08-15 02:00:00,2024-08-15,2,3,0,summer,692,,,,
NYC,hour,2024-08-15 03:00:00,2024-08-15,3,3,0,summer,444,,,,
NYC,hour,2024-08-15 04:00:00,2024-08-15,4,3,0,summer,473,,,,
NYC,hour,2024-08-15 05:00:00,2024-08-15,5,3,0,summer,1385,,,,
NYC,hour,2024-08-15 06:00:00,2024-08-15,6,3,0,summer,3843,,,,
NYC,hour,2024-08-15 07:00:00,2024-08-15,7,3,0,summer,7179,,,,
NYC,hour,2024-08-15 08:00:00,2024-08-15,8,3,0,summer,11584,,,,
NYC,hour,2024-08-15 09:00:00,2024-08-15,9,3,0,summer,9350,,,,
NYC,hour,2024-08-15 10:00:00,2024-08-15,10,3,0,summer,6844,,,,
NYC,hour,2024-08-15 11:00:00,2024-08-15,11,3,0,summer,6901,,,,
NYC,hour,2024-08-15 12:00:00,2024-08-15,12,3,0,summer,7513,,,,
NYC,hour,2024-08-15 13:00:00,2024-08-15,13,3,0,summer,7913,,,,
NYC,hour,2024-08-15 14:00:00,2024-08-15,14,3,0,summer,8375,,,,
NYC,hour,2024-08-15 15:00:00,2024-08-15,15,3,0,summer,9301,,,,
NYC,hour,2024-08-15 16:00:00,2024-08-15,16,3,0,summer,11782,,,,
NYC,hour,2024-08-15 17:00:00,2024-08-15,17,3,0,summer,16769,,,,
NYC,hour,2024-08-15 18:00:00,2024-08-15,18,3,0,summer,16554,,,,
NYC,hour,2024-08-15 19:00:00,2024-08-15,19,3,0,summer,13118,,,,
NYC,hour,2024-08-15 20:00:00,2024-08-15,20,3,0,summer,9210,,,,
NYC,hour,2024-08-15 21:00:00,2024-08-15,21,3,0,summer,7383,,,,
NYC,hour,2024-08-15 22:00:00,2024-08-15,22,3,0,summer,5831,,,,
NYC,hour,2024-08-15 23:00:00,2024-08-15,23,3,0,summer,4205,,,,
NYC,hour,2024-08-16 00:00:00,2024-08-16,0,4,0,summer,2578,,,,
NYC,hour,2024-08-16 01:00:00,2024-08-16,1,4,0,summer,1561,,,,
NYC,hour,2024-08-16 02:00:00,2024-08-16,2,4,0,summer,915,,,,
NYC,hour,2024-08-16 03:00:00,2024-08-16,3,4,0,summer,540,,,,
NYC,hour,2024-08-16 04:00:00,2024-08-16,4,4,0,summer,565,,,,
NYC,hour,2024-08-16 05:00:00,2024-08-16,5,4,0,summer,1238,,,,
NYC,hour,2024-08-16 06:00:00,2024-08-16,6,4,0,summer,3365,,,,
NYC,hour,2024-08-16 07:00:00,2024-08-16,7,4,0,summer,5811,,,,
NYC,hour,2024-08-16 08:00:00,2024-08-16,8,4,0,summer,8729,,,,
NYC,hour,2024-08-16 09:00:00,2024-08-16,9,4,0,summer,8061,,,,
NYC,hour,2024-08-16 10:00:00,2024-08-16,10,4,0,summer,6804,,,,
NYC,hour,2024-08-16 11:00:00,2024-08-16,11,4,0,summer,7259,,,,
NYC,hour,2024-08-16 12:00:00,2024-08-16,12,4,0,summer,8356,,,,
NYC,hour,2024-08-16 13:00:00,2024-08-16,13,4,0,summer,9061,,,,
NYC,hour,2024-08-16 14:00:00,2024-08-16,14,4,0,summer,9493,,,,
NYC,hour,2024-08-16 15:00:00,2024-08-16,15,4,0,summer,10612,,,,
NYC,hour,2024-08-16 16:00:00,2024-08-16,16,4,0,summer,12220,,,,
NYC,hour,2024-08-16 17:00:00,2024-08-16,17,4,0,summer,14860,,,,
NYC,hour,2024-08-16 18:00:00,2024-08-16,18,4,0,summer,14045,,,,
NYC,hour,2024-08-16 19:00:00,2024-08-16,19,4,0,summer,11932,,,,
NYC,hour,2024-08-16 20:00:00,2024-08-16,20,4,0,summer,8657,,,,
NYC,hour,2024-08-16 21:00:00,2024-08-16,21,4,0,summer,6801,,,,
NYC,hour,2024-08-16 22:00:00,2024-08-16,22,4,0,summer,5926,,,,
NYC,hour,2024-08-16 23:00:00,2024-08-16,23,4,0,summer,4979,,,,
NYC,hour,2024-08-17 00:00:00,2024-08-17,0,5,1,summer,3887,,,,
NYC,hour,2024-08-17 01:00:00,2024-08-17,1,5,1,summer,2695,,,,
NYC,hour,2024-08-17 02:00:00,2024-08-17,2,5,1,summer,1907,,,,
NYC,hour,2024-08-17 03:00:00,2024-08-17,3,5,1,summer,1393,,,,
NYC,hour,2024-08-17 04:00:00,2024-08-17,4,5,1,summer,874,,,,
NYC,hour,2024-08-17 05:00:00,2024-08-17,5,5,1,summer,694,,,,
NYC,hour,2024-08-17 06:00:00,2024-08-17,6,5,1,summer,1682,,,,
NYC,hour,2024-08-17 07:00:00,2024-08-17,7,5,1,summer,2977,,,,
NYC,hour,2024-08-17 08:00:00,2024-08-17,8,5,1,summer,5058,,,,
NYC,hour,2024-08-17 09:00:00,2024-08-17,9,5,1,summer,8016,,,,
NYC,hour,2024-08-17 10:00:00,2024-08-17,10,5,1,summer,10812,,,,
NYC,hour,2024-08-17 11:00:00,2024-08-17,11,5,1,summer,12927,,,,
NYC,hour,2024-08-17 12:00:00,2024-08-17,12,5,1,summer,13879,,,,
NYC,hour,2024-08-17 13:00:00,2024-08-17,13,5,1,summer,13778,,,,
NYC,hour,2024-08-17 14:00:00,2024-08-17,14,5,1,summer,13060,,,,
NYC,hour,2024-08-17 15:00:00,2024-08-17,15,5,1,summer,12216,,,,
NYC,hour,2024-08-17 16:00:00,2024-08-17,16,5,1,summer,9376,,,,
NYC,hour,2024-08-17 17:00:00,2024-08-17,17,5,1,summer,5464,,,,
NYC,hour,2024-08-17 18:00:00,2024-08-17,18,5,1,summer,7757,,,,
NYC,hour,2024-08-17 19:00:00,2024-08-17,19,5,1,summer,8193,,,,
NYC,hour,2024-08-17 20:00:00,2024-08-17,20,5,1,summer,6839,,,,
NYC,hour,2024-08-17 21:00:00,2024-08-17,21,5,1,summer,5114,,,,
NYC,hour,2024-08-17 22:00:00,2024-08-17,22,5,1,summer,4852,,,,
NYC,hour,2024-08-17 23:00:00,2024-08-17,23,5,1,summer,4203,,,,
NYC,hour,2024-08-18 00:00:00,2024-08-18,0,6,1,summer,3278,,,,
NYC,hour,2024-08-18 01:00:00,2024-08-18,1,6,1,summer,2600,,,,
NYC,hour,2024-08-18 02:00:00,2024-08-18,2,6,1,summer,1507,,,,
NYC,hour,2024-08-18 03:00:00,2024-08-18,3,6,1,summer,1188,,,,
NYC,hour,2024-08-18 04:00:00,2024-08-18,4,6,1,summer,584,,,,
NYC,hour,2024-08-18 05:00:00,2024-08-18,5,6,1,summer,254,,,,
NYC,hour,2024-08-18 06:00:00,2024-08-18,6,6,1,summer,407,,,,
NYC,hour,2024-08-18 07:00:00,2024-08-18,7,6,1,summer,569,,,,
NYC,hour,2024-08-18 08:00:00,2024-08-18,8,6,1,summer,1389,,,,
NYC,hour,2024-08-18 09:00:00,2024-08-18,9,6,1,summer,3137,,,,
NYC,hour,2024-08-18 10:00:00,2024-08-18,10,6,1,summer,5640,,,,
NYC,hour,2024-08-18 11:00:00,2024-08-18,11,6,1,summer,7474,,,,
NYC,hour,2024-08-18 12:00:00,2024-08-18,12,6,1,summer,9237,,,,
NYC,hour,2024-08-18 13:00:00,2024-08-18,13,6,1,summer,10196,,,,
NYC,hour,2024-08-18 14:00:00,2024-08-18,14,6,1,summer,11015,,,,
NYC,hour,2024-08-18 15:00:00,2024-08-18,15,6,1,summer,11665,,,,
NYC,hour,2024-08-18 16:00:00,2024-08-18,16,6,1,summer,11713,,,,
NYC,hour,2024-08-18 17:00:00,2024-08-18,17,6,1,summer,11766,,,,
NYC,hour,2024-08-18 18:00:00,2024-08-18,18,6,1,summer,10457,,,,
NYC,hour,2024-08-18 19:00:00,2024-08-18,19,6,1,summer,3704,,,,
NYC,hour,2024-08-18 20:00:00,2024-08-18,20,6,1,summer,1360,,,,
NYC,hour,2024-08-18 21:00:00,2024-08-18,21,6,1,summer,1834,,,,
NYC,hour,2024-08-18 22:00:00,2024-08-18,22,6,1,summer,2202,,,,
NYC,hour,2024-08-18 23:00:00,2024-08-18,23,6,1,summer,1889,,,,
NYC,hour,2024-08-19 00:00:00,2024-08-19,0,0,0,summer,1214,,,,
NYC,hour,2024-08-19 01:00:00,2024-08-19,1,0,0,summer,465,,,,
NYC,hour,2024-08-19 02:00:00,2024-08-19,2,0,0,summer,303,,,,
NYC,hour,2024-08-19 03:00:00,2024-08-19,3,0,0,summer,307,,,,
NYC,hour,2024-08-19 04:00:00,2024-08-19,4,0,0,summer,383,,,,
NYC,hour,2024-08-19 05:00:00,2024-08-19,5,0,0,summer,1139,,,,
NYC,hour,2024-08-19 06:00:00,2024-08-19,6,0,0,summer,3271,,,,
NYC,hour,2024-08-19 07:00:00,2024-08-19,7,0,0,summer,6195,,,,
NYC,hour,2024-08-19 08:00:00,2024-08-19,8,0,0,summer,10332,,,,
NYC,hour,2024-08-19 09:00:00,2024-08-19,9,0,0,summer,8100,,,,
NYC,hour,2024-08-19 10:00:00,2024-08-19,10,0,0,summer,5975,,,,
NYC,hour,2024-08-19 11:00:00,2024-08-19,11,0,0,summer,5987,,,,
NYC,hour,2024-08-19 12:00:00,2024-08-19,12,0,0,summer,6867,,,,
NYC,hour,2024-08-19 13:00:00,2024-08-19,13,0,0,summer,7308,,,,
NYC,hour,2024-08-19 14:00:00,2024-08-19,14,0,0,summer,7737,,,,
NYC,hour,2024-08-19 15:00:00,2024-08-19,15,0,0,summer,8772,,,,
NYC,hour,2024-08-19 16:00:00,2024-08-19,16,0,0,summer,10634,,,,
NYC,hour,2024-08-19 17:00:00,2024-08-19,17,0,0,summer,15381,,,,
NYC,hour,2024-08-19 18:00:00,2024-08-19,18,0,0,summer,9820,,,,
NYC,hour,2024-08-19 19:00:00,2024-08-19,19,0,0,summer,10724,,,,
NYC,hour,2024-08-19 20:00:00,2024-08-19,20,0,0,summer,7851,,,,
NYC,hour,2024-08-19 21:00:00,2024-08-19,21,0,0,summer,5763,,,,
NYC,hour,2024-08-19 22:00:00,2024-08-19,22,0,0,summer,4355,,,,
NYC,hour,2024-08-19 23:00:00,2024-08-19,23,0,0,summer,2837,,,,
NYC,hour,2024-08-20 00:00:00,2024-08-20,0,1,0,summer,1709,,,,
NYC,hour,2024-08-20 01:00:00,2024-08-20,1,1,0,summer,887,,,,
NYC,hour,2024-08-20 02:00:00,2024-08-20,2,1,0,summer,530,,,,
NYC,hour,2024-08-20 03:00:00,2024-08-20,3,1,0,summer,396,,,,
NYC,hour,2024-08-20 04:00:00,2024-08-20,4,1,0,summer,461,,,,
NYC,hour,2024-08-20 05:00:00,2024-08-20,5,1,0,summer,1348,,,,
NYC,hour,2024-08-20 06:00:00,2024-08-20,6,1,0,summer,4012,,,,
NYC,hour,2024-08-20 07:00:00,2024-08-20,7,1,0,summer,7401,,,,
NYC,hour,2024-08-20 08:00:00,2024-08-20,8,1,0,summer,11736,,,,
NYC,hour,2024-08-20 09:00:00,2024-08-20,9,1,0,summer,8948,,,,
NYC,hour,2024-08-20 10:00:00,2024-08-20,10,1,0,summer,6161,,,,
NYC,hour,2024-08-20 11:00:00,2024-08-20,11,1,0,summer,6267,,,,
NYC,hour,2024-08-20 12:00:00,2024-08-20,12,1,0,summer,7095,,,,
NYC,hour,2024-08-20 13:00:00,2024-08-20,13,1,0,summer,7446,,,,
NYC,hour,2024-08-20 14:00:00,2024-08-20,14,1,0,summer,8042,,,,
NYC,hour,2024-08-20 15:00:00,2024-08-20,15,1,0,summer,9204,,,,
NYC,hour,2024-08-20 16:00:00,2024-08-20,16,1,0,summer,11734,,,,
NYC,hour,2024-08-20 17:00:00,2024-08-20,17,1,0,summer,17750,,,,
NYC,hour,2024-08-20 18:00:00,2024-08-20,18,1,0,summer,17101,,,,
NYC,hour,2024-08-20 19:00:00,2024-08-20,19,1,0,summer,12774,,,,
NYC,hour,2024-08-20 20:00:00,2024-08-20,20,1,0,summer,8706,,,,
NYC,hour,2024-08-20 21:00:00,2024-08-20,21,1,0,summer,6449,,,,
NYC,hour,2024-08-20 22:00:00,2024-08-20,22,1,0,summer,4839,,,,
NYC,hour,2024-08-20 23:00:00,2024-08-20,23,1,0,summer,3240,,,,
NYC,hour,2024-08-21 00:00:00,2024-08-21,0,2,0,summer,1744,,,,
NYC,hour,2024-08-21 01:00:00,2024-08-21,1,2,0,summer,903,,,,
NYC,hour,2024-08-21 02:00:00,2024-08-21,2,2,0,summer,498,,,,
NYC,hour,2024-08-21 03:00:00,2024-08-21,3,2,0,summer,356,,,,
NYC,hour,2024-08-21 04:00:00,2024-08-21,4,2,0,summer,408,,,,
NYC,hour,2024-08-21 05:00:00,2024-08-21,5,2,0,summer,1306,,,,
NYC,hour,2024-08-21 06:00:00,2024-08-21,6,2,0,summer,3775,,,,
NYC,hour,2024-08-21 07:00:00,2024-08-21,7,2,0,summer,7174,,,,
NYC,hour,2024-08-21 08:00:00,2024-08-21,8,2,0,summer,11989,,,,
NYC,hour,2024-08-21 09:00:00,2024-08-21,9,2,0,summer,9187,,,,
NYC,hour,2024-08-21 10:00:00,2024-08-21,10,2,0,summer,6586,,,,
NYC,hour,2024-08-21 11:00:00,2024-08-21,11,2,0,summer,6773,,,,
NYC,hour,2024-08-21 12:00:00,2024-08-21,12,2,0,summer,7493,,,,
NYC,hour,2024-08-21 13:00:00,2024-08-21,13,2,0,summer,7620,,,,
NYC,hour,2024-08-21 14:00:00,2024-08-21,14,2,0,summer,8308,,,,
NYC,hour,2024-08-21 15:00:00,2024-08-21,15,2,0,summer,9285,,,,
NYC,hour,2024-08-21 16:00:00,2024-08-21,16,2,0,summer,11671,,,,
NYC,hour,2024-08-21 17:00:00,2024-08-21,17,2,0,summer,17346,,,,
NYC,hour,2024-08-21 18:00:00,2024-08-21,18,2,0,summer,17555,,,,
NYC,hour,2024-08-21 19:00:00,2024-08-21,19,2,0,summer,12947,,,,
NYC,hour,2024-08-21 20:00:00,2024-08-21,20,2,0,summer,8892,,,,
NYC,hour,2024-08-21 21:00:00,2024-08-21,21,2,0,summer,6635,,,,
NYC,hour,2024-08-21 22:00:00,2024-08-21,22,2,0,summer,5253,,,,
NYC,hour,2024-08-21 23:00:00,2024-08-21,23,2,0,summer,3445,,,,
NYC,hour,2024-08-22 00:00:00,2024-08-22,0,3,0,summer,1840,,,,
NYC,hour,2024-08-22 01:00:00,2024-08-22,1,3,0,summer,999,,,,
NYC,hour,2024-08-22 02:00:00,2024-08-22,2,3,0,summer,587,,,,
NYC,hour,2024-08-22 03:00:00,2024-08-22,3,3,0,summer,397,,,,
NYC,hour,2024-08-22 04:00:00,2024-08-22,4,3,0,summer,464,,,,
NYC,hour,2024-08-22 05:00:00,2024-08-22,5,3,0,summer,1292,,,,
NYC,hour,2024-08-22 06:00:00,2024-08-22,6,3,0,summer,3757,,,,
NYC,hour,2024-08-22 07:00:00,2024-08-22,7,3,0,summer,6834,,,,
NYC,hour,2024-08-22 08:00:00,2024-08-22,8,3,0,summer,11308,,,,
NYC,hour,2024-08-22 09:00:00,2024-08-22,9,3,0,summer,9072,,,,
NYC,hour,2024-08-22 10:00:00,2024-08-22,10,3,0,summer,6824,,,,
NYC,hour,2024-08-22 11:00:00,2024-08-22,11,3,0,summer,6821,,,,
NYC,hour,2024-08-22 12:00:00,2024-08-22,12,3,0,summer,7605,,,,
NYC,hour,2024-08-22 13:00:00,2024-08-22,13,3,0,summer,7837,,,,
NYC,hour,2024-08-22 14:00:00,2024-08-22,14,3,0,summer,8321,,,,
NYC,hour,2024-08-22 15:00:00,2024-08-22,15,3,0,summer,9287,,,,
NYC,hour,2024-08-22 16:00:00,2024-08-22,16,3,0,summer,11534,,,,
NYC,hour,2024-08-22 17:00:00,2024-08-22,17,3,0,summer,16415,,,,
NYC,hour,2024-08-22 18:00:00,2024-08-22,18,3,0,summer,16279,,,,
NYC,hour,2024-08-22 19:00:00,2024-08-22,19,3,0,summer,12759,,,,
NYC,hour,2024-08-22 20:00:00,2024-08-22,20,3,0,summer,8948,,,,
NYC,hour,2024-08-22 21:00:00,2024-08-22,21,3,0,summer,6978,,,,
NYC,hour,2024-08-22 22:00:00,2024-08-22,22,3,0,summer,5945,,,,
NYC,hour,2024-08-22 23:00:00,2024-08-22,23,3,0,summer,4037,,,,
NYC,hour,2024-08-23 00:00:00,2024-08-23,0,4,0,summer,2496,,,,
NYC,hour,2024-08-23 01:00:00,2024-08-23,1,4,0,summer,1336,,,,
NYC,hour,2024-08-23 02:00:00,2024-08-23,2,4,0,summer,883,,,,
NYC,hour,2024-08-23 03:00:00,2024-08-23,3,4,0,summer,534,,,,
NYC,hour,2024-08-23 04:00:00,2024-08-23,4,4,0,summer,570,,,,
NYC,hour,2024-08-23 05:00:00,2024-08-23,5,4,0,summer,1191,,,,
NYC,hour,2024-08-23 06:00:00,2024-08-23,6,4,0,summer,3158,,,,
NYC,hour,2024-08-23 07:00:00,2024-08-23,7,4,0,summer,5660,,,,
NYC,hour,2024-08-23 08:00:00,2024-08-23,8,4,0,summer,8573,,,,
NYC,hour,2024-08-23 09:00:00,2024-08-23,9,4,0,summer,7986,,,,
NYC,hour,2024-08-23 10:00:00,2024-08-23,10,4,0,summer,6848,,,,
NYC,hour,2024-08-23 11:00:00,2024-08-23,11,4,0,summer,7238,,,,
NYC,hour,2024-08-23 12:00:00,2024-08-23,12,4,0,summer,8347,,,,
NYC,hour,2024-08-23 13:00:00,2024-08-23,13,4,0,summer,9097,,,,
NYC,hour,2024-08-23 14:00:00,2024-08-23,14,4,0,summer,9867,,,,
NYC,hour,2024-08-23 15:00:00,2024-08-23,15,4,0,summer,11024,,,,
NYC,hour,2024-08-23 16:00:00,2024-08-23,16,4,0,summer,12862,,,,
NYC,hour,2024-08-23 17:00:00,2024-08-23,17,4,0,summer,15215,,,,
NYC,hour,2024-08-23 18:00:00,2024-08-23,18,4,0,summer,14396,,,,
NYC,hour,2024-08-23 19:00:00,2024-08-23,19,4,0,summer,12114,,,,
NYC,hour,2024-08-23 20:00:00,2024-08-23,20,4,0,summer,8607,,,,
NYC,hour,2024-08-23 21:00:00,2024-08-23,21,4,0,summer,6573,,,,
NYC,hour,2024-08-23 22:00:00,2024-08-23,22,4,0,summer,5870,,,,
NYC,hour,2024-08-23 23:00:00,2024-08-23,23,4,0,summer,4988,,,,
NYC,hour,2024-08-24 00:00:00,2024-08-24,0,5,1,summer,3764,,,,
NYC,hour,2024-08-24 01:00:00,2024-08-24,1,5,1,summer,2543,,,,
NYC,hour,2024-08-24 02:00:00,2024-08-24,2,5,1,summer,1797,,,,
NYC,hour,2024-08-24 03:00:00,2024-08-24,3,5,1,summer,1237,,,,
NYC,hour,2024-08-24 04:00:00,2024-08-24,4,5,1,summer,792,,,,
NYC,hour,2024-08-24 05:00:00,2024-08-24,5,5,1,summer,703,,,,
NYC,hour,2024-08-24 06:00:00,2024-08-24,6,5,1,summer,1676,,,,
NYC,hour,2024-08-24 07:00:00,2024-08-24,7,5,1,summer,2621,,,,
NYC,hour,2024-08-24 08:00:00,2024-08-24,8,5,1,summer,4378,,,,
NYC,hour,2024-08-24 09:00:00,2024-08-24,9,5,1,summer,6983,,,,
NYC,hour,2024-08-24 10:00:00,2024-08-24,10,5,1,summer,8664,,,,
NYC,hour,2024-08-24 11:00:00,2024-08-24,11,5,1,summer,10442,,,,
NYC,hour,2024-08-24 12:00:00,2024-08-24,12,5,1,summer,11724,,,,
NYC,hour,2024-08-24 13:00:00,2024-08-24,13,5,1,summer,11943,,,,
NYC,hour,2024-08-24 14:00:00,2024-08-24,14,5,1,summer,12328,,,,
NYC,hour,2024-08-24 15:00:00,2024-08-24,15,5,1,summer,12221,,,,
NYC,hour,2024-08-24 16:00:00,2024-08-24,16,5,1,summer,12209,,,,
NYC,hour,2024-08-24 17:00:00,2024-08-24,17,5,1,summer,11824,,,,
NYC,hour,2024-08-24 18:00:00,2024-08-24,18,5,1,summer,11720,,,,
NYC,hour,2024-08-24 19:00:00,2024-08-24,19,5,1,summer,10555,,,,
NYC,hour,2024-08-24 20:00:00,2024-08-24,20,5,1,summer,7692,,,,
NYC,hour,2024-08-24 21:00:00,2024-08-24,21,5,1,summer,6369,,,,
NYC,hour,2024-08-24 22:00:00,2024-08-24,22,5,1,summer,5612,,,,
NYC,hour,2024-08-24 23:00:00,2024-08-24,23,5,1,summer,4800,,,,
NYC,hour,2024-08-25 00:00:00,2024-08-25,0,6,1,summer,3668,,,,
NYC,hour,2024-08-25 01:00:00,2024-08-25,1,6,1,summer,2590,,,,
NYC,hour,2024-08-25 02:00:00,2024-08-25,2,6,1,summer,1907,,,,
NYC,hour,2024-08-25 03:00:00,2024-08-25,3,6,1,summer,1298,,,,
NYC,hour,2024-08-25 04:00:00,2024-08-25,4,6,1,summer,734,,,,
NYC,hour,2024-08-25 05:00:00,2024-08-25,5,6,1,summer,556,,,,
NYC,hour,2024-08-25 06:00:00,2024-08-25,6,6,1,summer,1144,,,,
NYC,hour,2024-08-25 07:00:00,2024-08-25,7,6,1,summer,2114,,,,
NYC,hour,2024-08-25 08:00:00,2024-08-25,8,6,1,summer,3400,,,,
NYC,hour,2024-08-25 09:00:00,2024-08-25,9,6,1,summer,5438,,,,
NYC,hour,2024-08-25 10:00:00,2024-08-25,10,6,1,summer,7488,,,,
NYC,hour,2024-08-25 11:00:00,2024-08-25,11,6,1,summer,9150,,,,
NYC,hour,2024-08-25 12:00:00,2024-08-25,12,6,1,summer,10097,,,,
NYC,hour,2024-08-25 13:00:00,2024-08-25,13,6,1,summer,10996,,,,
NYC,hour,2024-08-25 14:00:00,2024-08-25,14,6,1,summer,10781,,,,
NYC,hour,2024-08-25 15:00:00,2024-08-25,15,6,1,summer,11787,,,,
NYC,hour,2024-08-25 16:00:00,2024-08-25,16,6,1,summer,11107,,,,
NYC,hour,2024-08-25 17:00:00,2024-08-25,17,6,1,summer,11349,,,,
NYC,hour,2024-08-25 18:00:00,2024-08-25,18,6,1,summer,11315,,,,
NYC,hour,2024-08-25 19:00:00,2024-08-25,19,6,1,summer,9449,,,,
NYC,hour,2024-08-25 20:00:00,2024-08-25,20,6,1,summer,6823,,,,
NYC,hour,2024-08-25 21:00:00,2024-08-25,21,6,1,summer,5087,,,,
NYC,hour,2024-08-25 22:00:00,2024-08-25,22,6,1,summer,3898,,,,
NYC,hour,2024-08-25 23:00:00,2024-08-25,23,6,1,summer,2695,,,,
NYC,hour,2024-08-26 00:00:00,2024-08-26,0,0,0,summer,1587,,,,
NYC,hour,2024-08-26 01:00:00,2024-08-26,1,0,0,summer,921,,,,
NYC,hour,2024-08-26 02:00:00,2024-08-26,2,0,0,summer,484,,,,
NYC,hour,2024-08-26 03:00:00,2024-08-26,3,0,0,summer,350,,,,
NYC,hour,2024-08-26 04:00:00,2024-08-26,4,0,0,summer,403,,,,
NYC,hour,2024-08-26 05:00:00,2024-08-26,5,0,0,summer,1231,,,,
NYC,hour,2024-08-26 06:00:00,2024-08-26,6,0,0,summer,3521,,,,
NYC,hour,2024-08-26 07:00:00,2024-08-26,7,0,0,summer,6655,,,,
NYC,hour,2024-08-26 08:00:00,2024-08-26,8,0,0,summer,10101,,,,
NYC,hour,2024-08-26 09:00:00,2024-08-26,9,0,0,summer,7235,,,,
NYC,hour,2024-08-26 10:00:00,2024-08-26,10,0,0,summer,4978,,,,
NYC,hour,2024-08-26 11:00:00,2024-08-26,11,0,0,summer,5997,,,,
NYC,hour,2024-08-26 12:00:00,2024-08-26,12,0,0,summer,6829,,,,
NYC,hour,2024-08-26 13:00:00,2024-08-26,13,0,0,summer,7179,,,,
NYC,hour,2024-08-26 14:00:00,2024-08-26,14,0,0,summer,7464,,,,
NYC,hour,2024-08-26 15:00:00,2024-08-26,15,0,0,summer,8477,,,,
NYC,hour,2024-08-26 16:00:00,2024-08-26,16,0,0,summer,9953,,,,
NYC,hour,2024-08-26 17:00:00,2024-08-26,17,0,0,summer,13799,,,,
NYC,hour,2024-08-26 18:00:00,2024-08-26,18,0,0,summer,14821,,,,
NYC,hour,2024-08-26 19:00:00,2024-08-26,19,0,0,summer,11760,,,,
NYC,hour,2024-08-26 20:00:00,2024-08-26,20,0,0,summer,7421,,,,
NYC,hour,2024-08-26 21:00:00,2024-08-26,21,0,0,summer,3592,,,,
NYC,hour,2024-08-26 22:00:00,2024-08-26,22,0,0,summer,3714,,,,
NYC,hour,2024-08-26 23:00:00,2024-08-26,23,0,0,summer,2680,,,,
NYC,hour,2024-08-27 00:00:00,2024-08-27,0,1,0,summer,1601,,,,
NYC,hour,2024-08-27 01:00:00,2024-08-27,1,1,0,summer,826,,,,
NYC,hour,2024-08-27 02:00:00,2024-08-27,2,1,0,summer,534,,,,
NYC,hour,2024-08-27 03:00:00,2024-08-27,3,1,0,summer,365,,,,
NYC,hour,2024-08-27 04:00:00,2024-08-27,4,1,0,summer,433,,,,
NYC,hour,2024-08-27 05:00:00,2024-08-27,5,1,0,summer,1352,,,,
NYC,hour,2024-08-27 06:00:00,2024-08-27,6,1,0,summer,4237,,,,
NYC,hour,2024-08-27 07:00:00,2024-08-27,7,1,0,summer,7510,,,,
NYC,hour,2024-08-27 08:00:00,2024-08-27,8,1,0,summer,11871,,,,
NYC,hour,2024-08-27 09:00:00,2024-08-27,9,1,0,summer,9115,,,,
NYC,hour,2024-08-27 10:00:00,2024-08-27,10,1,0,summer,6495,,,,
NYC,hour,2024-08-27 11:00:00,2024-08-27,11,1,0,summer,6581,,,,
NYC,hour,2024-08-27 12:00:00,2024-08-27,12,1,0,summer,7205,,,,
NYC,hour,2024-08-27 13:00:00,2024-08-27,13,1,0,summer,7629,,,,
NYC,hour,2024-08-27 14:00:00,2024-08-27,14,1,0,summer,7890,,,,
NYC,hour,2024-08-27 15:00:00,2024-08-27,15,1,0,summer,8924,,,,
NYC,hour,2024-08-27 16:00:00,2024-08-27,16,1,0,summer,11247,,,,
NYC,hour,2024-08-27 17:00:00,2024-08-27,17,1,0,summer,17000,,,,
NYC,hour,2024-08-27 18:00:00,2024-08-27,18,1,0,summer,16793,,,,
NYC,hour,2024-08-27 19:00:00,2024-08-27,19,1,0,summer,12955,,,,
NYC,hour,2024-08-27 20:00:00,2024-08-27,20,1,0,summer,8754,,,,
NYC,hour,2024-08-27 21:00:00,2024-08-27,21,1,0,summer,6629,,,,
NYC,hour,2024-08-27 22:00:00,2024-08-27,22,1,0,summer,5182,,,,
NYC,hour,2024-08-27 23:00:00,2024-08-27,23,1,0,summer,3705,,,,
NYC,hour,2024-08-28 00:00:00,2024-08-28,0,2,0,summer,1937,,,,
NYC,hour,2024-08-28 01:00:00,2024-08-28,1,2,0,summer,933,,,,
NYC,hour,2024-08-28 02:00:00,2024-08-28,2,2,0,summer,556,,,,
NYC,hour,2024-08-28 03:00:00,2024-08-28,3,2,0,summer,320,,,,
NYC,hour,2024-08-28 04:00:00,2024-08-28,4,2,0,summer,400,,,,
NYC,hour,2024-08-28 05:00:00,2024-08-28,5,2,0,summer,1380,,,,
NYC,hour,2024-08-28 06:00:00,2024-08-28,6,2,0,summer,3955,,,,
NYC,hour,2024-08-28 07:00:00,2024-08-28,7,2,0,summer,7603,,,,
NYC,hour,2024-08-28 08:00:00,2024-08-28,8,2,0,summer,11991,,,,
NYC,hour,2024-08-28 09:00:00,2024-08-28,9,2,0,summer,9541,,,,
NYC,hour,2024-08-28 10:00:00,2024-08-28,10,2,0,summer,6863,,,,
NYC,hour,2024-08-28 11:00:00,2024-08-28,11,2,0,summer,6778,,,,
NYC,hour,2024-08-28 12:00:00,2024-08-28,12,2,0,summer,7394,,,,
NYC,hour,2024-08-28 13:00:00,2024-08-28,13,2,0,summer,7619,,,,
NYC,hour,2024-08-28 14:00:00,2024-08-28,14,2,0,summer,7962,,,,
NYC,hour,2024-08-28 15:00:00,2024-08-28,15,2,0,summer,8940,,,,
NYC,hour,2024-08-28 16:00:00,2024-08-28,16,2,0,summer,11187,,,,
NYC,hour,2024-08-28 17:00:00,2024-08-28,17,2,0,summer,16190,,,,
NYC,hour,2024-08-28 18:00:00,2024-08-28,18,2,0,summer,16316,,,,
NYC,hour,2024-08-28 19:00:00,2024-08-28,19,2,0,summer,12814,,,,
NYC,hour,2024-08-28 20:00:00,2024-08-28,20,2,0,summer,8947,,,,
NYC,hour,2024-08-28 21:00:00,2024-08-28,21,2,0,summer,4558,,,,
NYC,hour,2024-08-28 22:00:00,2024-08-28,22,2,0,summer,3963,,,,
NYC,hour,2024-08-28 23:00:00,2024-08-28,23,2,0,summer,3138,,,,
NYC,hour,2024-08-29 00:00:00,2024-08-29,0,3,0,summer,1970,,,,
NYC,hour,2024-08-29 01:00:00,2024-08-29,1,3,0,summer,1018,,,,
NYC,hour,2024-08-29 02:00:00,2024-08-29,2,3,0,summer,583,,,,
NYC,hour,2024-08-29 03:00:00,2024-08-29,3,3,0,summer,355,,,,
NYC,hour,2024-08-29 04:00:00,2024-08-29,4,3,0,summer,457,,,,
NYC,hour,2024-08-29 05:00:00,2024-08-29,5,3,0,summer,1300,,,,
NYC,hour,2024-08-29 06:00:00,2024-08-29,6,3,0,summer,2778,,,,
NYC,hour,2024-08-29 07:00:00,2024-08-29,7,3,0,summer,6611,,,,
NYC,hour,2024-08-29 08:00:00,2024-08-29,8,3,0,summer,10772,,,,
NYC,hour,2024-08-29 09:00:00,2024-08-29,9,3,0,summer,9032,,,,
NYC,hour,2024-08-29 10:00:00,2024-08-29,10,3,0,summer,6898,,,,
NYC,hour,2024-08-29 11:00:00,2024-08-29,11,3,0,summer,6781,,,,
NYC,hour,2024-08-29 12:00:00,2024-08-29,12,3,0,summer,7724,,,,
NYC,hour,2024-08-29 13:00:00,2024-08-29,13,3,0,summer,8077,,,,
NYC,hour,2024-08-29 14:00:00,2024-08-29,14,3,0,summer,8518,,,,
NYC,hour,2024-08-29 15:00:00,2024-08-29,15,3,0,summer,9644,,,,
NYC,hour,2024-08-29 16:00:00,2024-08-29,16,3,0,summer,11575,,,,
NYC,hour,2024-08-29 17:00:00,2024-08-29,17,3,0,summer,15610,,,,
NYC,hour,2024-08-29 18:00:00,2024-08-29,18,3,0,summer,14837,,,,
NYC,hour,2024-08-29 19:00:00,2024-08-29,19,3,0,summer,11201,,,,
NYC,hour,2024-08-29 20:00:00,2024-08-29,20,3,0,summer,7930,,,,
NYC,hour,2024-08-29 21:00:00,2024-08-29,21,3,0,summer,6240,,,,
NYC,hour,2024-08-29 22:00:00,2024-08-29,22,3,0,summer,5388,,,,
NYC,hour,2024-08-29 23:00:00,2024-08-29,23,3,0,summer,3880,,,,
NYC,hour,2024-08-30 00:00:00,2024-08-30,0,4,0,summer,2614,,,,
NYC,hour,2024-08-30 01:00:00,2024-08-30,1,4,0,summer,1508,,,,
NYC,hour,2024-08-30 02:00:00,2024-08-30,2,4,0,summer,749,,,,
NYC,hour,2024-08-30 03:00:00,2024-08-30,3,4,0,summer,375,,,,
NYC,hour,2024-08-30 04:00:00,2024-08-30,4,4,0,summer,395,,,,
NYC,hour,2024-08-30 05:00:00,2024-08-30,5,4,0,summer,463,,,,
NYC,hour,2024-08-30 06:00:00,2024-08-30,6,4,0,summer,1578,,,,
NYC,hour,2024-08-30 07:00:00,2024-08-30,7,4,0,summer,4361,,,,
NYC,hour,2024-08-30 08:00:00,2024-08-30,8,4,0,summer,7197,,,,
NYC,hour,2024-08-30 09:00:00,2024-08-30,9,4,0,summer,7311,,,,
NYC,hour,2024-08-30 10:00:00,2024-08-30,10,4,0,summer,6721,,,,
NYC,hour,2024-08-30 11:00:00,2024-08-30,11,4,0,summer,7561,,,,
NYC,hour,2024-08-30 12:00:00,2024-08-30,12,4,0,summer,8485,,,,
NYC,hour,2024-08-30 13:00:00,2024-08-30,13,4,0,summer,9247,,,,
NYC,hour,2024-08-30 14:00:00,2024-08-30,14,4,0,summer,9972,,,,
NYC,hour,2024-08-30 15:00:00,2024-08-30,15,4,0,summer,10808,,,,
NYC,hour,2024-08-30 16:00:00,2024-08-30,16,4,0,summer,11716,,,,
NYC,hour,2024-08-30 17:00:00,2024-08-30,17,4,0,summer,12408,,,,
NYC,hour,2024-08-30 18:00:00,2024-08-30,18,4,0,summer,11555,,,,
NYC,hour,2024-08-30 19:00:00,2024-08-30,19,4,0,summer,9618,,,,
NYC,hour,2024-08-30 20:00:00,2024-08-30,20,4,0,summer,6901,,,,
NYC,hour,2024-08-30 21:00:00,2024-08-30,21,4,0,summer,5422,,,,
NYC,hour,2024-08-30 22:00:00,2024-08-30,22,4,0,summer,5013,,,,
NYC,hour,2024-08-30 23:00:00,2024-08-30,23,4,0,summer,4219,,,,
NYC,hour,2024-08-31 00:00:00,2024-08-31,0,5,1,summer,3294,,,,
NYC,hour,2024-08-31 01:00:00,2024-08-31,1,5,1,summer,2499,,,,
NYC,hour,2024-08-31 02:00:00,2024-08-31,2,5,1,summer,1794,,,,
NYC,hour,2024-08-31 03:00:00,2024-08-31,3,5,1,summer,1151,,,,
NYC,hour,2024-08-31 04:00:00,2024-08-31,4,5,1,summer,795,,,,
NYC,hour,2024-08-31 05:00:00,2024-08-31,5,5,1,summer,586,,,,
NYC,hour,2024-08-31 06:00:00,2024-08-31,6,5,1,summer,1172,,,,
NYC,hour,2024-08-31 07:00:00,2024-08-31,7,5,1,summer,2289,,,,
NYC,hour,2024-08-31 08:00:00,2024-08-31,8,5,1,summer,3480,,,,
NYC,hour,2024-08-31 09:00:00,2024-08-31,9,5,1,summer,5543,,,,
NYC,hour,2024-08-31 10:00:00,2024-08-31,10,5,1,summer,7281,,,,
NYC,hour,2024-08-31 11:00:00,2024-08-31,11,5,1,summer,8397,,,,
NYC,hour,2024-08-31 12:00:00,2024-08-31,12,5,1,summer,9574,,,,
NYC,hour,2024-08-31 13:00:00,2024-08-31,13,5,1,summer,9972,,,,
NYC,hour,2024-08-31 14:00:00,2024-08-31,14,5,1,summer,10387,,,,
NYC,hour,2024-08-31 15:00:00,2024-08-31,15,5,1,summer,10645,,,,
NYC,hour,2024-08-31 16:00:00,2024-08-31,16,5,1,summer,10295,,,,
NYC,hour,2024-08-31 17:00:00,2024-08-31,17,5,1,summer,10440,,,,
NYC,hour,2024-08-31 18:00:00,2024-08-31,18,5,1,summer,9613,,,,
NYC,hour,2024-08-31 19:00:00,2024-08-31,19,5,1,summer,8263,,,,
NYC,hour,2024-08-31 20:00:00,2024-08-31,20,5,1,summer,6181,,,,
NYC,hour,2024-08-31 21:00:00,2024-08-31,21,5,1,summer,5394,,,,
NYC,hour,2024-08-31 22:00:00,2024-08-31,22,5,1,summer,4682,,,,
NYC,hour,2024-08-31 23:00:00,2024-08-31,23,5,1,summer,3924,,,,
NYC,hour,2024-09-01 00:00:00,2024-09-01,0,6,1,fall,3332,,,,
NYC,hour,2024-09-01 01:00:00,2024-09-01,1,6,1,fall,2261,,,,
NYC,hour,2024-09-01 02:00:00,2024-09-01,2,6,1,fall,1659,,,,
NYC,hour,2024-09-01 03:00:00,2024-09-01,3,6,1,fall,1206,,,,
NYC,hour,2024-09-01 04:00:00,2024-09-01,4,6,1,fall,711,,,,
NYC,hour,2024-09-01 05:00:00,2024-09-01,5,6,1,fall,554,,,,
NYC,hour,2024-09-01 06:00:00,2024-09-01,6,6,1,fall,958,,,,
NYC,hour,2024-09-01 07:00:00,2024-09-01,7,6,1,fall,1646,,,,
NYC,hour,2024-09-01 08:00:00,2024-09-01,8,6,1,fall,2768,,,,
NYC,hour,2024-09-01 09:00:00,2024-09-01,9,6,1,fall,4310,,,,
NYC,hour,2024-09-01 10:00:00,2024-09-01,10,6,1,fall,6471,,,,
NYC,hour,2024-09-01 11:00:00,2024-09-01,11,6,1,fall,7370,,,,
NYC,hour,2024-09-01 12:00:00,2024-09-01,12,6,1,fall,7960,,,,
NYC,hour,2024-09-01 13:00:00,2024-09-01,13,6,1,fall,8409,,,,
NYC,hour,2024-09-01 14:00:00,2024-09-01,14,6,1,fall,8941,,,,
NYC,hour,2024-09-01 15:00:00,2024-09-01,15,6,1,fall,9760,,,,
NYC,hour,2024-09-01 16:00:00,2024-09-01,16,6,1,fall,10124,,,,
NYC,hour,2024-09-01 17:00:00,2024-09-01,17,6,1,fall,10232,,,,
NYC,hour,2024-09-01 18:00:00,2024-09-01,18,6,1,fall,10422,,,,
NYC,hour,2024-09-01 19:00:00,2024-09-01,19,6,1,fall,9082,,,,
NYC,hour,2024-09-01 20:00:00,2024-09-01,20,6,1,fall,6696,,,,
NYC,hour,2024-09-01 21:00:00,2024-09-01,21,6,1,fall,5258,,,,
NYC,hour,2024-09-01 22:00:00,2024-09-01,22,6,1,fall,4509,,,,
NYC,hour,2024-09-01 23:00:00,2024-09-01,23,6,1,fall,3839,,,,
NYC,hour,2024-09-02 00:00:00,2024-09-02,0,0,0,fall,2727,,,,
NYC,hour,2024-09-02 01:00:00,2024-09-02,1,0,0,fall,1692,,,,
NYC,hour,2024-09-02 02:00:00,2024-09-02,2,0,0,fall,1137,,,,
NYC,hour,2024-09-02 03:00:00,2024-09-02,3,0,0,fall,727,,,,
NYC,hour,2024-09-02 04:00:00,2024-09-02,4,0,0,fall,645,,,,
NYC,hour,2024-09-02 05:00:00,2024-09-02,5,0,0,fall,644,,,,
NYC,hour,2024-09-02 06:00:00,2024-09-02,6,0,0,fall,1175,,,,
NYC,hour,2024-09-02 07:00:00,2024-09-02,7,0,0,fall,2062,,,,
NYC,hour,2024-09-02 08:00:00,2024-09-02,8,0,0,fall,3282,,,,
NYC,hour,2024-09-02 09:00:00,2024-09-02,9,0,0,fall,4858,,,,
NYC,hour,2024-09-02 10:00:00,2024-09-02,10,0,0,fall,7001,,,,
NYC,hour,2024-09-02 11:00:00,2024-09-02,11,0,0,fall,8783,,,,
NYC,hour,2024-09-02 12:00:00,2024-09-02,12,0,0,fall,10322,,,,
NYC,hour,2024-09-02 13:00:00,2024-09-02,13,0,0,fall,11473,,,,
NYC,hour,2024-09-02 14:00:00,2024-09-02,14,0,0,fall,11917,,,,
NYC,hour,2024-09-02 15:00:00,2024-09-02,15,0,0,fall,12207,,,,
NYC,hour,2024-09-02 16:00:00,2024-09-02,16,0,0,fall,12115,,,,
NYC,hour,2024-09-02 17:00:00,2024-09-02,17,0,0,fall,12220,,,,
NYC,hour,2024-09-02 18:00:00,2024-09-02,18,0,0,fall,11806,,,,
NYC,hour,2024-09-02 19:00:00,2024-09-02,19,0,0,fall,9689,,,,
NYC,hour,2024-09-02 20:00:00,2024-09-02,20,0,0,fall,6816,,,,
NYC,hour,2024-09-02 21:00:00,2024-09-02,21,0,0,fall,4902,,,,
NYC,hour,2024-09-02 22:00:00,2024-09-02,22,0,0,fall,3727,,,,
NYC,hour,2024-09-02 23:00:00,2024-09-02,23,0,0,fall,2492,,,,
NYC,hour,2024-09-03 00:00:00,2024-09-03,0,1,0,fall,1496,,,,
NYC,hour,2024-09-03 01:00:00,2024-09-03,1,1,0,fall,714,,,,
NYC,hour,2024-09-03 02:00:00,2024-09-03,2,1,0,fall,417,,,,
NYC,hour,2024-09-03 03:00:00,2024-09-03,3,1,0,fall,273,,,,
NYC,hour,2024-09-03 04:00:00,2024-09-03,4,1,0,fall,353,,,,
NYC,hour,2024-09-03 05:00:00,2024-09-03,5,1,0,fall,1345,,,,
NYC,hour,2024-09-03 06:00:00,2024-09-03,6,1,0,fall,4042,,,,
NYC,hour,2024-09-03 07:00:00,2024-09-03,7,1,0,fall,8346,,,,
NYC,hour,2024-09-03 08:00:00,2024-09-03,8,1,0,fall,12206,,,,
NYC,hour,2024-09-03 09:00:00,2024-09-03,9,1,0,fall,9006,,,,
NYC,hour,2024-09-03 10:00:00,2024-09-03,10,1,0,fall,6377,,,,
NYC,hour,2024-09-03 11:00:00,2024-09-03,11,1,0,fall,6363,,,,
NYC,hour,2024-09-03 12:00:00,2024-09-03,12,1,0,fall,7276,,,,
NYC,hour,2024-09-03 13:00:00,2024-09-03,13,1,0,fall,7896,,,,
NYC,hour,2024-09-03 14:00:00,2024-09-03,14,1,0,fall,8424,,,,
NYC,hour,2024-09-03 15:00:00,2024-09-03,15,1,0,fall,9781,,,,
NYC,hour,2024-09-03 16:00:00,2024-09-03,16,1,0,fall,12032,,,,
NYC,hour,2024-09-03 17:00:00,2024-09-03,17,1,0,fall,17820,,,,
NYC,hour,2024-09-03 18:00:00,2024-09-03,18,1,0,fall,17246,,,,
NYC,hour,2024-09-03 19:00:00,2024-09-03,19,1,0,fall,12712,,,,
NYC,hour,2024-09-03 20:00:00,2024-09-03,20,1,0,fall,8031,,,,
NYC,hour,2024-09-03 21:00:00,2024-09-03,21,1,0,fall,5872,,,,
NYC,hour,2024-09-03 22:00:00,2024-09-03,22,1,0,fall,4482,,,,
NYC,hour,2024-09-03 23:00:00,2024-09-03,23,1,0,fall,2921,,,,
NYC,hour,2024-09-04 00:00:00,2024-09-04,0,2,0,fall,1666,,,,
NYC,hour,2024-09-04 01:00:00,2024-09-04,1,2,0,fall,748,,,,
NYC,hour,2024-09-04 02:00:00,2024-09-04,2,2,0,fall,446,,,,
NYC,hour,2024-09-04 03:00:00,2024-09-04,3,2,0,fall,299,,,,
NYC,hour,2024-09-04 04:00:00,2024-09-04,4,2,0,fall,425,,,,
NYC,hour,2024-09-04 05:00:00,2024-09-04,5,2,0,fall,1412,,,,
NYC,hour,2024-09-04 06:00:00,2024-09-04,6,2,0,fall,4362,,,,
NYC,hour,2024-09-04 07:00:00,2024-09-04,7,2,0,fall,9081,,,,
NYC,hour,2024-09-04 08:00:00,2024-09-04,8,2,0,fall,13435,,,,
NYC,hour,2024-09-04 09:00:00,2024-09-04,9,2,0,fall,10368,,,,
NYC,hour,2024-09-04 10:00:00,2024-09-04,10,2,0,fall,7179,,,,
NYC,hour,2024-09-04 11:00:00,2024-09-04,11,2,0,fall,7147,,,,
NYC,hour,2024-09-04 12:00:00,2024-09-04,12,2,0,fall,8004,,,,
NYC,hour,2024-09-04 13:00:00,2024-09-04,13,2,0,fall,8416,,,,
NYC,hour,2024-09-04 14:00:00,2024-09-04,14,2,0,fall,8842,,,,
NYC,hour,2024-09-04 15:00:00,2024-09-04,15,2,0,fall,10253,,,,
NYC,hour,2024-09-04 16:00:00,2024-09-04,16,2,0,fall,12622,,,,
NYC,hour,2024-09-04 17:00:00,2024-09-04,17,2,0,fall,18732,,,,
NYC,hour,2024-09-04 18:00:00,2024-09-04,18,2,0,fall,18483,,,,
NYC,hour,2024-09-04 19:00:00,2024-09-04,19,2,0,fall,13542,,,,
NYC,hour,2024-09-04 20:00:00,2024-09-04,20,2,0,fall,8929,,,,
NYC,hour,2024-09-04 21:00:00,2024-09-04,21,2,0,fall,6534,,,,
NYC,hour,2024-09-04 22:00:00,2024-09-04,22,2,0,fall,5307,,,,
NYC,hour,2024-09-04 23:00:00,2024-09-04,23,2,0,fall,3458,,,,
NYC,hour,2024-09-05 00:00:00,2024-09-05,0,3,0,fall,1996,,,,
NYC,hour,2024-09-05 01:00:00,2024-09-05,1,3,0,fall,960,,,,
NYC,hour,2024-09-05 02:00:00,2024-09-05,2,3,0,fall,546,,,,
NYC,hour,2024-09-05 03:00:00,2024-09-05,3,3,0,fall,376,,,,
NYC,hour,2024-09-05 04:00:00,2024-09-05,4,3,0,fall,391,,,,
NYC,hour,2024-09-05 05:00:00,2024-09-05,5,3,0,fall,1387,,,,
NYC,hour,2024-09-05 06:00:00,2024-09-05,6,3,0,fall,4374,,,,
NYC,hour,2024-09-05 07:00:00,2024-09-05,7,3,0,fall,9698,,,,
NYC,hour,2024-09-05 08:00:00,2024-09-05,8,3,0,fall,14508,,,,
NYC,hour,2024-09-05 09:00:00,2024-09-05,9,3,0,fall,10281,,,,
NYC,hour,2024-09-05 10:00:00,2024-09-05,10,3,0,fall,7256,,,,
NYC,hour,2024-09-05 11:00:00,2024-09-05,11,3,0,fall,7044,,,,
NYC,hour,2024-09-05 12:00:00,2024-09-05,12,3,0,fall,8147,,,,
NYC,hour,2024-09-05 13:00:00,2024-09-05,13,3,0,fall,8241,,,,
NYC,hour,2024-09-05 14:00:00,2024-09-05,14,3,0,fall,8480,,,,
NYC,hour,2024-09-05 15:00:00,2024-09-05,15,3,0,fall,9494,,,,
NYC,hour,2024-09-05 16:00:00,2024-09-05,16,3,0,fall,11345,,,,
NYC,hour,2024-09-05 17:00:00,2024-09-05,17,3,0,fall,16758,,,,
NYC,hour,2024-09-05 18:00:00,2024-09-05,18,3,0,fall,16151,,,,
NYC,hour,2024-09-05 19:00:00,2024-09-05,19,3,0,fall,12450,,,,
NYC,hour,2024-09-05 20:00:00,2024-09-05,20,3,0,fall,8266,,,,
NYC,hour,2024-09-05 21:00:00,2024-09-05,21,3,0,fall,6000,,,,
NYC,hour,2024-09-05 22:00:00,2024-09-05,22,3,0,fall,4995,,,,
NYC,hour,2024-09-05 23:00:00,2024-09-05,23,3,0,fall,3885,,,,
NYC,hour,2024-09-06 00:00:00,2024-09-06,0,4,0,fall,2631,,,,
NYC,hour,2024-09-06 01:00:00,2024-09-06,1,4,0,fall,1131,,,,
NYC,hour,2024-09-06 02:00:00,2024-09-06,2,4,0,fall,712,,,,
NYC,hour,2024-09-06 03:00:00,2024-09-06,3,4,0,fall,471,,,,
NYC,hour,2024-09-06 04:00:00,2024-09-06,4,4,0,fall,404,,,,
NYC,hour,2024-09-06 05:00:00,2024-09-06,5,4,0,fall,1148,,,,
NYC,hour,2024-09-06 06:00:00,2024-09-06,6,4,0,fall,3478,,,,
NYC,hour,2024-09-06 07:00:00,2024-09-06,7,4,0,fall,7512,,,,
NYC,hour,2024-09-06 08:00:00,2024-09-06,8,4,0,fall,10419,,,,
NYC,hour,2024-09-06 09:00:00,2024-09-06,9,4,0,fall,7885,,,,
NYC,hour,2024-09-06 10:00:00,2024-09-06,10,4,0,fall,6718,,,,
NYC,hour,2024-09-06 11:00:00,2024-09-06,11,4,0,fall,7273,,,,
NYC,hour,2024-09-06 12:00:00,2024-09-06,12,4,0,fall,8092,,,,
NYC,hour,2024-09-06 13:00:00,2024-09-06,13,4,0,fall,9381,,,,
NYC,hour,2024-09-06 14:00:00,2024-09-06,14,4,0,fall,11072,,,,
NYC,hour,2024-09-06 15:00:00,2024-09-06,15,4,0,fall,11971,,,,
NYC,hour,2024-09-06 16:00:00,2024-09-06,16,4,0,fall,13714,,,,
NYC,hour,2024-09-06 17:00:00,2024-09-06,17,4,0,fall,16719,,,,
NYC,hour,2024-09-06 18:00:00,2024-09-06,18,4,0,fall,15961,,,,
NYC,hour,2024-09-06 19:00:00,2024-09-06,19,4,0,fall,12976,,,,
NYC,hour,2024-09-06 20:00:00,2024-09-06,20,4,0,fall,8863,,,,
NYC,hour,2024-09-06 21:00:00,2024-09-06,21,4,0,fall,6643,,,,
NYC,hour,2024-09-06 22:00:00,2024-09-06,22,4,0,fall,6004,,,,
NYC,hour,2024-09-06 23:00:00,2024-09-06,23,4,0,fall,5600,,,,
NYC,hour,2024-09-07 00:00:00,2024-09-07,0,5,1,fall,4325,,,,
NYC,hour,2024-09-07 01:00:00,2024-09-07,1,5,1,fall,2897,,,,
NYC,hour,2024-09-07 02:00:00,2024-09-07,2,5,1,fall,1917,,,,
NYC,hour,2024-09-07 03:00:00,2024-09-07,3,5,1,fall,1310,,,,
NYC,hour,2024-09-07 04:00:00,2024-09-07,4,5,1,fall,880,,,,
NYC,hour,2024-09-07 05:00:00,2024-09-07,5,5,1,fall,617,,,,
NYC,hour,2024-09-07 06:00:00,2024-09-07,6,5,1,fall,1013,,,,
NYC,hour,2024-09-07 07:00:00,2024-09-07,7,5,1,fall,2531,,,,
NYC,hour,2024-09-07 08:00:00,2024-09-07,8,5,1,fall,4022,,,,
NYC,hour,2024-09-07 09:00:00,2024-09-07,9,5,1,fall,5950,,,,
NYC,hour,2024-09-07 10:00:00,2024-09-07,10,5,1,fall,6839,,,,
NYC,hour,2024-09-07 11:00:00,2024-09-07,11,5,1,fall,9136,,,,
NYC,hour,2024-09-07 12:00:00,2024-09-07,12,5,1,fall,10810,,,,
NYC,hour,2024-09-07 13:00:00,2024-09-07,13,5,1,fall,11926,,,,
NYC,hour,2024-09-07 14:00:00,2024-09-07,14,5,1,fall,12633,,,,
NYC,hour,2024-09-07 15:00:00,2024-09-07,15,5,1,fall,11382,,,,
NYC,hour,2024-09-07 16:00:00,2024-09-07,16,5,1,fall,6970,,,,
NYC,hour,2024-09-07 17:00:00,2024-09-07,17,5,1,fall,9319,,,,
NYC,hour,2024-09-07 18:00:00,2024-09-07,18,5,1,fall,9718,,,,
NYC,hour,2024-09-07 19:00:00,2024-09-07,19,5,1,fall,9070,,,,
NYC,hour,2024-09-07 20:00:00,2024-09-07,20,5,1,fall,5436,,,,
NYC,hour,2024-09-07 21:00:00,2024-09-07,21,5,1,fall,5290,,,,
NYC,hour,2024-09-07 22:00:00,2024-09-07,22,5,1,fall,4937,,,,
NYC,hour,2024-09-07 23:00:00,2024-09-07,23,5,1,fall,4595,,,,
NYC,hour,2024-09-08 00:00:00,2024-09-08,0,6,1,fall,3779,,,,
NYC,hour,2024-09-08 01:00:00,2024-09-08,1,6,1,fall,2698,,,,
NYC,hour,2024-09-08 02:00:00,2024-09-08,2,6,1,fall,1929,,,,
NYC,hour,2024-09-08 03:00:00,2024-09-08,3,6,1,fall,1172,,,,
NYC,hour,2024-09-08 04:00:00,2024-09-08,4,6,1,fall,790,,,,
NYC,hour,2024-09-08 05:00:00,2024-09-08,5,6,1,fall,603,,,,
NYC,hour,2024-09-08 06:00:00,2024-09-08,6,6,1,fall,1203,,,,
NYC,hour,2024-09-08 07:00:00,2024-09-08,7,6,1,fall,2246,,,,
NYC,hour,2024-09-08 08:00:00,2024-09-08,8,6,1,fall,3801,,,,
NYC,hour,2024-09-08 09:00:00,2024-09-08,9,6,1,fall,5956,,,,
NYC,hour,2024-09-08 10:00:00,2024-09-08,10,6,1,fall,8699,,,,
NYC,hour,2024-09-08 11:00:00,2024-09-08,11,6,1,fall,10600,,,,
NYC,hour,2024-09-08 12:00:00,2024-09-08,12,6,1,fall,12923,,,,
NYC,hour,2024-09-08 13:00:00,2024-09-08,13,6,1,fall,13164,,,,
NYC,hour,2024-09-08 14:00:00,2024-09-08,14,6,1,fall,12671,,,,
NYC,hour,2024-09-08 15:00:00,2024-09-08,15,6,1,fall,12730,,,,
NYC,hour,2024-09-08 16:00:00,2024-09-08,16,6,1,fall,13175,,,,
NYC,hour,2024-09-08 17:00:00,2024-09-08,17,6,1,fall,12828,,,,
NYC,hour,2024-09-08 18:00:00,2024-09-08,18,6,1,fall,12191,,,,
NYC,hour,2024-09-08 19:00:00,2024-09-08,19,6,1,fall,9575,,,,
NYC,hour,2024-09-08 20:00:00,2024-09-08,20,6,1,fall,6499,,,,
NYC,hour,2024-09-08 21:00:00,2024-09-08,21,6,1,fall,4979,,,,
NYC,hour,2024-09-08 22:00:00,2024-09-08,22,6,1,fall,3528,,,,
NYC,hour,2024-09-08 23:00:00,2024-09-08,23,6,1,fall,2381,,,,
NYC,hour,2024-09-09 00:00:00,2024-09-09,0,0,0,fall,1406,,,,
NYC,hour,2024-09-09 01:00:00,2024-09-09,1,0,0,fall,770,,,,
NYC,hour,2024-09-09 02:00:00,2024-09-09,2,0,0,fall,433,,,,
NYC,hour,2024-09-09 03:00:00,2024-09-09,3,0,0,fall,330,,,,
NYC,hour,2024-09-09 04:00:00,2024-09-09,4,0,0,fall,414,,,,
NYC,hour,2024-09-09 05:00:00,2024-09-09,5,0,0,fall,1300,,,,
NYC,hour,2024-09-09 06:00:00,2024-09-09,6,0,0,fall,3951,,,,
NYC,hour,2024-09-09 07:00:00,2024-09-09,7,0,0,fall,9212,,,,
NYC,hour,2024-09-09 08:00:00,2024-09-09,8,0,0,fall,13324,,,,
NYC,hour,2024-09-09 09:00:00,2024-09-09,9,0,0,fall,8922,,,,
NYC,hour,2024-09-09 10:00:00,2024-09-09,10,0,0,fall,6391,,,,
NYC,hour,2024-09-09 11:00:00,2024-09-09,11,0,0,fall,6430,,,,
NYC,hour,2024-09-09 12:00:00,2024-09-09,12,0,0,fall,7187,,,,
NYC,hour,2024-09-09 13:00:00,2024-09-09,13,0,0,fall,7692,,,,
NYC,hour,2024-09-09 14:00:00,2024-09-09,14,0,0,fall,8849,,,,
NYC,hour,2024-09-09 15:00:00,2024-09-09,15,0,0,fall,10203,,,,
NYC,hour,2024-09-09 16:00:00,2024-09-09,16,0,0,fall,12222,,,,
NYC,hour,2024-09-09 17:00:00,2024-09-09,17,0,0,fall,17581,,,,
NYC,hour,2024-09-09 18:00:00,2024-09-09,18,0,0,fall,17388,,,,
NYC,hour,2024-09-09 19:00:00,2024-09-09,19,0,0,fall,12845,,,,
NYC,hour,2024-09-09 20:00:00,2024-09-09,20,0,0,fall,8197,,,,
NYC,hour,2024-09-09 21:00:00,2024-09-09,21,0,0,fall,5698,,,,
NYC,hour,2024-09-09 22:00:00,2024-09-09,22,0,0,fall,4298,,,,
NYC,hour,2024-09-09 23:00:00,2024-09-09,23,0,0,fall,2753,,,,
NYC,hour,2024-09-10 00:00:00,2024-09-10,0,1,0,fall,1495,,,,
NYC,hour,2024-09-10 01:00:00,2024-09-10,1,1,0,fall,763,,,,
NYC,hour,2024-09-10 02:00:00,2024-09-10,2,1,0,fall,474,,,,
NYC,hour,2024-09-10 03:00:00,2024-09-10,3,1,0,fall,337,,,,
NYC,hour,2024-09-10 04:00:00,2024-09-10,4,1,0,fall,384,,,,
NYC,hour,2024-09-10 05:00:00,2024-09-10,5,1,0,fall,1419,,,,
NYC,hour,2024-09-10 06:00:00,2024-09-10,6,1,0,fall,4641,,,,
NYC,hour,2024-09-10 07:00:00,2024-09-10,7,1,0,fall,10477,,,,
NYC,hour,2024-09-10 08:00:00,2024-09-10,8,1,0,fall,15445,,,,
NYC,hour,2024-09-10 09:00:00,2024-09-10,9,1,0,fall,10270,,,,
NYC,hour,2024-09-10 10:00:00,2024-09-10,10,1,0,fall,7176,,,,
NYC,hour,2024-09-10 11:00:00,2024-09-10,11,1,0,fall,6700,,,,
NYC,hour,2024-09-10 12:00:00,2024-09-10,12,1,0,fall,7508,,,,
NYC,hour,2024-09-10 13:00:00,2024-09-10,13,1,0,fall,8171,,,,
NYC,hour,2024-09-10 14:00:00,2024-09-10,14,1,0,fall,9028,,,,
NYC,hour,2024-09-10 15:00:00,2024-09-10,15,1,0,fall,10772,,,,
NYC,hour,2024-09-10 16:00:00,2024-09-10,16,1,0,fall,13009,,,,
NYC,hour,2024-09-10 17:00:00,2024-09-10,17,1,0,fall,19545,,,,
NYC,hour,2024-09-10 18:00:00,2024-09-10,18,1,0,fall,18873,,,,
NYC,hour,2024-09-10 19:00:00,2024-09-10,19,1,0,fall,13756,,,,
NYC,hour,2024-09-10 20:00:00,2024-09-10,20,1,0,fall,10210,,,,
NYC,hour,2024-09-10 21:00:00,2024-09-10,21,1,0,fall,6035,,,,
NYC,hour,2024-09-10 22:00:00,2024-09-10,22,1,0,fall,4836,,,,
NYC,hour,2024-09-10 23:00:00,2024-09-10,23,1,0,fall,3972,,,,
NYC,hour,2024-09-11 00:00:00,2024-09-11,0,2,0,fall,1773,,,,
NYC,hour,2024-09-11 01:00:00,2024-09-11,1,2,0,fall,799,,,,
NYC,hour,2024-09-11 02:00:00,2024-09-11,2,2,0,fall,489,,,,
NYC,hour,2024-09-11 03:00:00,2024-09-11,3,2,0,fall,338,,,,
NYC,hour,2024-09-11 04:00:00,2024-09-11,4,2,0,fall,440,,,,
NYC,hour,2024-09-11 05:00:00,2024-09-11,5,2,0,fall,1400,,,,
NYC,hour,2024-09-11 06:00:00,2024-09-11,6,2,0,fall,4234,,,,
NYC,hour,2024-09-11 07:00:00,2024-09-11,7,2,0,fall,10264,,,,
NYC,hour,2024-09-11 08:00:00,2024-09-11,8,2,0,fall,15638,,,,
NYC,hour,2024-09-11 09:00:00,2024-09-11,9,2,0,fall,10965,,,,
NYC,hour,2024-09-11 10:00:00,2024-09-11,10,2,0,fall,7518,,,,
NYC,hour,2024-09-11 11:00:00,2024-09-11,11,2,0,fall,6858,,,,
NYC,hour,2024-09-11 12:00:00,2024-09-11,12,2,0,fall,7930,,,,
NYC,hour,2024-09-11 13:00:00,2024-09-11,13,2,0,fall,8533,,,,
NYC,hour,2024-09-11 14:00:00,2024-09-11,14,2,0,fall,9692,,,,
NYC,hour,2024-09-11 15:00:00,2024-09-11,15,2,0,fall,10901,,,,
NYC,hour,2024-09-11 16:00:00,2024-09-11,16,2,0,fall,13225,,,,
NYC,hour,2024-09-11 17:00:00,2024-09-11,17,2,0,fall,19257,,,,
NYC,hour,2024-09-11 18:00:00,2024-09-11,18,2,0,fall,19000,,,,
NYC,hour,2024-09-11 19:00:00,2024-09-11,19,2,0,fall,14085,,,,
NYC,hour,2024-09-11 20:00:00,2024-09-11,20,2,0,fall,9369,,,,
NYC,hour,2024-09-11 21:00:00,2024-09-11,21,2,0,fall,7245,,,,
NYC,hour,2024-09-11 22:00:00,2024-09-11,22,2,0,fall,5522,,,,
NYC,hour,2024-09-11 23:00:00,2024-09-11,23,2,0,fall,3698,,,,
NYC,hour,2024-09-12 00:00:00,2024-09-12,0,3,0,fall,1867,,,,
NYC,hour,2024-09-12 01:00:00,2024-09-12,1,3,0,fall,1013,,,,
NYC,hour,2024-09-12 02:00:00,2024-09-12,2,3,0,fall,582,,,,
NYC,hour,2024-09-12 03:00:00,2024-09-12,3,3,0,fall,396,,,,
NYC,hour,2024-09-12 04:00:00,2024-09-12,4,3,0,fall,445,,,,
NYC,hour,2024-09-12 05:00:00,2024-09-12,5,3,0,fall,1415,,,,
NYC,hour,2024-09-12 06:00:00,2024-09-12,6,3,0,fall,4180,,,,
NYC,hour,2024-09-12 07:00:00,2024-09-12,7,3,0,fall,10027,,,,
NYC,hour,2024-09-12 08:00:00,2024-09-12,8,3,0,fall,15246,,,,
NYC,hour,2024-09-12 09:00:00,2024-09-12,9,3,0,fall,10429,,,,
NYC,hour,2024-09-12 10:00:00,2024-09-12,10,3,0,fall,7481,,,,
NYC,hour,2024-09-12 11:00:00,2024-09-12,11,3,0,fall,7125,,,,
NYC,hour,2024-09-12 12:00:00,2024-09-12,12,3,0,fall,7953,,,,
NYC,hour,2024-09-12 13:00:00,2024-09-12,13,3,0,fall,8635,,,,
NYC,hour,2024-09-12 14:00:00,2024-09-12,14,3,0,fall,9519,,,,
NYC,hour,2024-09-12 15:00:00,2024-09-12,15,3,0,fall,11167,,,,
NYC,hour,2024-09-12 16:00:00,2024-09-12,16,3,0,fall,13201,,,,
NYC,hour,2024-09-12 17:00:00,2024-09-12,17,3,0,fall,19285,,,,
NYC,hour,2024-09-12 18:00:00,2024-09-12,18,3,0,fall,18574,,,,
NYC,hour,2024-09-12 19:00:00,2024-09-12,19,3,0,fall,13874,,,,
NYC,hour,2024-09-12 20:00:00,2024-09-12,20,3,0,fall,9597,,,,
NYC,hour,2024-09-12 21:00:00,2024-09-12,21,3,0,fall,7021,,,,
NYC,hour,2024-09-12 22:00:00,2024-09-12,22,3,0,fall,5911,,,,
NYC,hour,2024-09-12 23:00:00,2024-09-12,23,3,0,fall,4302,,,,
NYC,hour,2024-09-13 00:00:00,2024-09-13,0,4,0,fall,2430,,,,
NYC,hour,2024-09-13 01:00:00,2024-09-13,1,4,0,fall,1400,,,,
NYC,hour,2024-09-13 02:00:00,2024-09-13,2,4,0,fall,768,,,,
NYC,hour,2024-09-13 03:00:00,2024-09-13,3,4,0,fall,510,,,,
NYC,hour,2024-09-13 04:00:00,2024-09-13,4,4,0,fall,508,,,,
NYC,hour,2024-09-13 05:00:00,2024-09-13,5,4,0,fall,1303,,,,
NYC,hour,2024-09-13 06:00:00,2024-09-13,6,4,0,fall,3765,,,,
NYC,hour,2024-09-13 07:00:00,2024-09-13,7,4,0,fall,8696,,,,
NYC,hour,2024-09-13 08:00:00,2024-09-13,8,4,0,fall,12174,,,,
NYC,hour,2024-09-13 09:00:00,2024-09-13,9,4,0,fall,9398,,,,
NYC,hour,2024-09-13 10:00:00,2024-09-13,10,4,0,fall,7540,,,,
NYC,hour,2024-09-13 11:00:00,2024-09-13,11,4,0,fall,8063,,,,
NYC,hour,2024-09-13 12:00:00,2024-09-13,12,4,0,fall,9187,,,,
NYC,hour,2024-09-13 13:00:00,2024-09-13,13,4,0,fall,10179,,,,
NYC,hour,2024-09-13 14:00:00,2024-09-13,14,4,0,fall,11273,,,,
NYC,hour,2024-09-13 15:00:00,2024-09-13,15,4,0,fall,12691,,,,
NYC,hour,2024-09-13 16:00:00,2024-09-13,16,4,0,fall,14659,,,,
NYC,hour,2024-09-13 17:00:00,2024-09-13,17,4,0,fall,17537,,,,
NYC,hour,2024-09-13 18:00:00,2024-09-13,18,4,0,fall,17062,,,,
NYC,hour,2024-09-13 19:00:00,2024-09-13,19,4,0,fall,12996,,,,
NYC,hour,2024-09-13 20:00:00,2024-09-13,20,4,0,fall,8656,,,,
NYC,hour,2024-09-13 21:00:00,2024-09-13,21,4,0,fall,6836,,,,
NYC,hour,2024-09-13 22:00:00,2024-09-13,22,4,0,fall,6462,,,,
NYC,hour,2024-09-13 23:00:00,2024-09-13,23,4,0,fall,5604,,,,
NYC,hour,2024-09-14 00:00:00,2024-09-14,0,5,1,fall,4396,,,,
NYC,hour,2024-09-14 01:00:00,2024-09-14,1,5,1,fall,3070,,,,
NYC,hour,2024-09-14 02:00:00,2024-09-14,2,5,1,fall,2108,,,,
NYC,hour,2024-09-14 03:00:00,2024-09-14,3,5,1,fall,1423,,,,
NYC,hour,2024-09-14 04:00:00,2024-09-14,4,5,1,fall,823,,,,
NYC,hour,2024-09-14 05:00:00,2024-09-14,5,5,1,fall,664,,,,
NYC,hour,2024-09-14 06:00:00,2024-09-14,6,5,1,fall,1383,,,,
NYC,hour,2024-09-14 07:00:00,2024-09-14,7,5,1,fall,2876,,,,
NYC,hour,2024-09-14 08:00:00,2024-09-14,8,5,1,fall,4875,,,,
NYC,hour,2024-09-14 09:00:00,2024-09-14,9,5,1,fall,7844,,,,
NYC,hour,2024-09-14 10:00:00,2024-09-14,10,5,1,fall,9873,,,,
NYC,hour,2024-09-14 11:00:00,2024-09-14,11,5,1,fall,11828,,,,
NYC,hour,2024-09-14 12:00:00,2024-09-14,12,5,1,fall,13034,,,,
NYC,hour,2024-09-14 13:00:00,2024-09-14,13,5,1,fall,13463,,,,
NYC,hour,2024-09-14 14:00:00,2024-09-14,14,5,1,fall,13773,,,,
NYC,hour,2024-09-14 15:00:00,2024-09-14,15,5,1,fall,13866,,,,
NYC,hour,2024-09-14 16:00:00,2024-09-14,16,5,1,fall,14050,,,,
NYC,hour,2024-09-14 17:00:00,2024-09-14,17,5,1,fall,13838,,,,
NYC,hour,2024-09-14 18:00:00,2024-09-14,18,5,1,fall,13516,,,,
NYC,hour,2024-09-14 19:00:00,2024-09-14,19,5,1,fall,11482,,,,
NYC,hour,2024-09-14 20:00:00,2024-09-14,20,5,1,fall,8362,,,,
NYC,hour,2024-09-14 21:00:00,2024-09-14,21,5,1,fall,6843,,,,
NYC,hour,2024-09-14 22:00:00,2024-09-14,22,5,1,fall,6053,,,,
NYC,hour,2024-09-14 23:00:00,2024-09-14,23,5,1,fall,5827,,,,
NYC,hour,2024-09-15 00:00:00,2024-09-15,0,6,1,fall,4479,,,,
NYC,hour,2024-09-15 01:00:00,2024-09-15,1,6,1,fall,3139,,,,
NYC,hour,2024-09-15 02:00:00,2024-09-15,2,6,1,fall,2283,,,,
NYC,hour,2024-09-15 03:00:00,2024-09-15,3,6,1,fall,1389,,,,
NYC,hour,2024-09-15 04:00:00,2024-09-15,4,6,1,fall,855,,,,
NYC,hour,2024-09-15 05:00:00,2024-09-15,5,6,1,fall,587,,,,
NYC,hour,2024-09-15 06:00:00,2024-09-15,6,6,1,fall,1166,,,,
NYC,hour,2024-09-15 07:00:00,2024-09-15,7,6,1,fall,2102,,,,
NYC,hour,2024-09-15 08:00:00,2024-09-15,8,6,1,fall,4054,,,,
NYC,hour,2024-09-15 09:00:00,2024-09-15,9,6,1,fall,6125,,,,
NYC,hour,2024-09-15 10:00:00,2024-09-15,10,6,1,fall,8733,,,,
NYC,hour,2024-09-15 11:00:00,2024-09-15,11,6,1,fall,11019,,,,
NYC,hour,2024-09-15 12:00:00,2024-09-15,12,6,1,fall,13032,,,,
NYC,hour,2024-09-15 13:00:00,2024-09-15,13,6,1,fall,12810,,,,
NYC,hour,2024-09-15 14:00:00,2024-09-15,14,6,1,fall,12772,,,,
NYC,hour,2024-09-15 15:00:00,2024-09-15,15,6,1,fall,12778,,,,
NYC,hour,2024-09-15 16:00:00,2024-09-15,16,6,1,fall,13697,,,,
NYC,hour,2024-09-15 17:00:00,2024-09-15,17,6,1,fall,13119,,,,
NYC,hour,2024-09-15 18:00:00,2024-09-15,18,6,1,fall,12537,,,,
NYC,hour,2024-09-15 19:00:00,2024-09-15,19,6,1,fall,9820,,,,
NYC,hour,2024-09-15 20:00:00,2024-09-15,20,6,1,fall,6588,,,,
NYC,hour,2024-09-15 21:00:00,2024-09-15,21,6,1,fall,5252,,,,
NYC,hour,2024-09-15 22:00:00,2024-09-15,22,6,1,fall,3839,,,,
NYC,hour,2024-09-15 23:00:00,2024-09-15,23,6,1,fall,2536,,,,
NYC,hour,2024-09-16 00:00:00,2024-09-16,0,0,0,fall,1499,,,,
NYC,hour,2024-09-16 01:00:00,2024-09-16,1,0,0,fall,762,,,,
NYC,hour,2024-09-16 02:00:00,2024-09-16,2,0,0,fall,425,,,,
NYC,hour,2024-09-16 03:00:00,2024-09-16,3,0,0,fall,312,,,,
NYC,hour,2024-09-16 04:00:00,2024-09-16,4,0,0,fall,375,,,,
NYC,hour,2024-09-16 05:00:00,2024-09-16,5,0,0,fall,1455,,,,
NYC,hour,2024-09-16 06:00:00,2024-09-16,6,0,0,fall,4083,,,,
NYC,hour,2024-09-16 07:00:00,2024-09-16,7,0,0,fall,9504,,,,
NYC,hour,2024-09-16 08:00:00,2024-09-16,8,0,0,fall,13518,,,,
NYC,hour,2024-09-16 09:00:00,2024-09-16,9,0,0,fall,9117,,,,
NYC,hour,2024-09-16 10:00:00,2024-09-16,10,0,0,fall,6539,,,,
NYC,hour,2024-09-16 11:00:00,2024-09-16,11,0,0,fall,6693,,,,
NYC,hour,2024-09-16 12:00:00,2024-09-16,12,0,0,fall,7258,,,,
NYC,hour,2024-09-16 13:00:00,2024-09-16,13,0,0,fall,7772,,,,
NYC,hour,2024-09-16 14:00:00,2024-09-16,14,0,0,fall,8655,,,,
NYC,hour,2024-09-16 15:00:00,2024-09-16,15,0,0,fall,10292,,,,
NYC,hour,2024-09-16 16:00:00,2024-09-16,16,0,0,fall,12724,,,,
NYC,hour,2024-09-16 17:00:00,2024-09-16,17,0,0,fall,17930,,,,
NYC,hour,2024-09-16 18:00:00,2024-09-16,18,0,0,fall,17102,,,,
NYC,hour,2024-09-16 19:00:00,2024-09-16,19,0,0,fall,12181,,,,
NYC,hour,2024-09-16 20:00:00,2024-09-16,20,0,0,fall,8191,,,,
NYC,hour,2024-09-16 21:00:00,2024-09-16,21,0,0,fall,5997,,,,
NYC,hour,2024-09-16 22:00:00,2024-09-16,22,0,0,fall,4386,,,,
NYC,hour,2024-09-16 23:00:00,2024-09-16,23,0,0,fall,2866,,,,
NYC,hour,2024-09-17 00:00:00,2024-09-17,0,1,0,fall,1415,,,,
NYC,hour,2024-09-17 01:00:00,2024-09-17,1,1,0,fall,660,,,,
NYC,hour,2024-09-17 02:00:00,2024-09-17,2,1,0,fall,475,,,,
NYC,hour,2024-09-17 03:00:00,2024-09-17,3,1,0,fall,335,,,,
NYC,hour,2024-09-17 04:00:00,2024-09-17,4,1,0,fall,389,,,,
NYC,hour,2024-09-17 05:00:00,2024-09-17,5,1,0,fall,1515,,,,
NYC,hour,2024-09-17 06:00:00,2024-09-17,6,1,0,fall,4633,,,,
NYC,hour,2024-09-17 07:00:00,2024-09-17,7,1,0,fall,10274,,,,
NYC,hour,2024-09-17 08:00:00,2024-09-17,8,1,0,fall,15278,,,,
NYC,hour,2024-09-17 09:00:00,2024-09-17,9,1,0,fall,10445,,,,
NYC,hour,2024-09-17 10:00:00,2024-09-17,10,1,0,fall,6987,,,,
NYC,hour,2024-09-17 11:00:00,2024-09-17,11,1,0,fall,6718,,,,
NYC,hour,2024-09-17 12:00:00,2024-09-17,12,1,0,fall,7474,,,,
NYC,hour,2024-09-17 13:00:00,2024-09-17,13,1,0,fall,8079,,,,
NYC,hour,2024-09-17 14:00:00,2024-09-17,14,1,0,fall,8979,,,,
NYC,hour,2024-09-17 15:00:00,2024-09-17,15,1,0,fall,10685,,,,
NYC,hour,2024-09-17 16:00:00,2024-09-17,16,1,0,fall,13055,,,,
NYC,hour,2024-09-17 17:00:00,2024-09-17,17,1,0,fall,19544,,,,
NYC,hour,2024-09-17 18:00:00,2024-09-17,18,1,0,fall,18346,,,,
NYC,hour,2024-09-17 19:00:00,2024-09-17,19,1,0,fall,13139,,,,
NYC,hour,2024-09-17 20:00:00,2024-09-17,20,1,0,fall,8969,,,,
NYC,hour,2024-09-17 21:00:00,2024-09-17,21,1,0,fall,6931,,,,
NYC,hour,2024-09-17 22:00:00,2024-09-17,22,1,0,fall,5449,,,,
NYC,hour,2024-09-17 23:00:00,2024-09-17,23,1,0,fall,3239,,,,
NYC,hour,2024-09-18 00:00:00,2024-09-18,0,2,0,fall,1757,,,,
NYC,hour,2024-09-18 01:00:00,2024-09-18,1,2,0,fall,884,,,,
NYC,hour,2024-09-18 02:00:00,2024-09-18,2,2,0,fall,545,,,,
NYC,hour,2024-09-18 03:00:00,2024-09-18,3,2,0,fall,384,,,,
NYC,hour,2024-09-18 04:00:00,2024-09-18,4,2,0,fall,453,,,,
NYC,hour,2024-09-18 05:00:00,2024-09-18,5,2,0,fall,1495,,,,
NYC,hour,2024-09-18 06:00:00,2024-09-18,6,2,0,fall,4518,,,,
NYC,hour,2024-09-18 07:00:00,2024-09-18,7,2,0,fall,10218,,,,
NYC,hour,2024-09-18 08:00:00,2024-09-18,8,2,0,fall,15523,,,,
NYC,hour,2024-09-18 09:00:00,2024-09-18,9,2,0,fall,10610,,,,
NYC,hour,2024-09-18 10:00:00,2024-09-18,10,2,0,fall,7071,,,,
NYC,hour,2024-09-18 11:00:00,2024-09-18,11,2,0,fall,6824,,,,
NYC,hour,2024-09-18 12:00:00,2024-09-18,12,2,0,fall,7618,,,,
NYC,hour,2024-09-18 13:00:00,2024-09-18,13,2,0,fall,7927,,,,
NYC,hour,2024-09-18 14:00:00,2024-09-18,14,2,0,fall,9373,,,,
NYC,hour,2024-09-18 15:00:00,2024-09-18,15,2,0,fall,10643,,,,
NYC,hour,2024-09-18 16:00:00,2024-09-18,16,2,0,fall,12981,,,,
NYC,hour,2024-09-18 17:00:00,2024-09-18,17,2,0,fall,19434,,,,
NYC,hour,2024-09-18 18:00:00,2024-09-18,18,2,0,fall,18405,,,,
NYC,hour,2024-09-18 19:00:00,2024-09-18,19,2,0,fall,13145,,,,
NYC,hour,2024-09-18 20:00:00,2024-09-18,20,2,0,fall,9184,,,,
NYC,hour,2024-09-18 21:00:00,2024-09-18,21,2,0,fall,7204,,,,
NYC,hour,2024-09-18 22:00:00,2024-09-18,22,2,0,fall,6057,,,,
NYC,hour,2024-09-18 23:00:00,2024-09-18,23,2,0,fall,3626,,,,
NYC,hour,2024-09-19 00:00:00,2024-09-19,0,3,0,fall,1834,,,,
NYC,hour,2024-09-19 01:00:00,2024-09-19,1,3,0,fall,955,,,,
NYC,hour,2024-09-19 02:00:00,2024-09-19,2,3,0,fall,588,,,,
NYC,hour,2024-09-19 03:00:00,2024-09-19,3,3,0,fall,396,,,,
NYC,hour,2024-09-19 04:00:00,2024-09-19,4,3,0,fall,425,,,,
NYC,hour,2024-09-19 05:00:00,2024-09-19,5,3,0,fall,1375,,,,
NYC,hour,2024-09-19 06:00:00,2024-09-19,6,3,0,fall,4285,,,,
NYC,hour,2024-09-19 07:00:00,2024-09-19,7,3,0,fall,10040,,,,
NYC,hour,2024-09-19 08:00:00,2024-09-19,8,3,0,fall,15239,,,,
NYC,hour,2024-09-19 09:00:00,2024-09-19,9,3,0,fall,10694,,,,
NYC,hour,2024-09-19 10:00:00,2024-09-19,10,3,0,fall,7509,,,,
NYC,hour,2024-09-19 11:00:00,2024-09-19,11,3,0,fall,7284,,,,
NYC,hour,2024-09-19 12:00:00,2024-09-19,12,3,0,fall,8001,,,,
NYC,hour,2024-09-19 13:00:00,2024-09-19,13,3,0,fall,8646,,,,
NYC,hour,2024-09-19 14:00:00,2024-09-19,14,3,0,fall,9870,,,,
NYC,hour,2024-09-19 15:00:00,2024-09-19,15,3,0,fall,11356,,,,
NYC,hour,2024-09-19 16:00:00,2024-09-19,16,3,0,fall,13673,,,,
NYC,hour,2024-09-19 17:00:00,2024-09-19,17,3,0,fall,19364,,,,
NYC,hour,2024-09-19 18:00:00,2024-09-19,18,3,0,fall,18887,,,,
NYC,hour,2024-09-19 19:00:00,2024-09-19,19,3,0,fall,13856,,,,
NYC,hour,2024-09-19 20:00:00,2024-09-19,20,3,0,fall,9619,,,,
NYC,hour,2024-09-19 21:00:00,2024-09-19,21,3,0,fall,7616,,,,
NYC,hour,2024-09-19 22:00:00,2024-09-19,22,3,0,fall,6394,,,,
NYC,hour,2024-09-19 23:00:00,2024-09-19,23,3,0,fall,4709,,,,
NYC,hour,2024-09-20 00:00:00,2024-09-20,0,4,0,fall,2718,,,,
NYC,hour,2024-09-20 01:00:00,2024-09-20,1,4,0,fall,1431,,,,
NYC,hour,2024-09-20 02:00:00,2024-09-20,2,4,0,fall,927,,,,
NYC,hour,2024-09-20 03:00:00,2024-09-20,3,4,0,fall,537,,,,
NYC,hour,2024-09-20 04:00:00,2024-09-20,4,4,0,fall,513,,,,
NYC,hour,2024-09-20 05:00:00,2024-09-20,5,4,0,fall,1294,,,,
NYC,hour,2024-09-20 06:00:00,2024-09-20,6,4,0,fall,3771,,,,
NYC,hour,2024-09-20 07:00:00,2024-09-20,7,4,0,fall,8626,,,,
NYC,hour,2024-09-20 08:00:00,2024-09-20,8,4,0,fall,12381,,,,
NYC,hour,2024-09-20 09:00:00,2024-09-20,9,4,0,fall,9818,,,,
NYC,hour,2024-09-20 10:00:00,2024-09-20,10,4,0,fall,7956,,,,
NYC,hour,2024-09-20 11:00:00,2024-09-20,11,4,0,fall,8004,,,,
NYC,hour,2024-09-20 12:00:00,2024-09-20,12,4,0,fall,9373,,,,
NYC,hour,2024-09-20 13:00:00,2024-09-20,13,4,0,fall,10535,,,,
NYC,hour,2024-09-20 14:00:00,2024-09-20,14,4,0,fall,11670,,,,
NYC,hour,2024-09-20 15:00:00,2024-09-20,15,4,0,fall,13268,,,,
NYC,hour,2024-09-20 16:00:00,2024-09-20,16,4,0,fall,14610,,,,
NYC,hour,2024-09-20 17:00:00,2024-09-20,17,4,0,fall,17835,,,,
NYC,hour,2024-09-20 18:00:00,2024-09-20,18,4,0,fall,17037,,,,
NYC,hour,2024-09-20 19:00:00,2024-09-20,19,4,0,fall,12906,,,,
NYC,hour,2024-09-20 20:00:00,2024-09-20,20,4,0,fall,9095,,,,
NYC,hour,2024-09-20 21:00:00,2024-09-20,21,4,0,fall,7321,,,,
NYC,hour,2024-09-20 22:00:00,2024-09-20,22,4,0,fall,6702,,,,
NYC,hour,2024-09-20 23:00:00,2024-09-20,23,4,0,fall,5987,,,,
NYC,hour,2024-09-21 00:00:00,2024-09-21,0,5,1,fall,4303,,,,
NYC,hour,2024-09-21 01:00:00,2024-09-21,1,5,1,fall,3046,,,,
NYC,hour,2024-09-21 02:00:00,2024-09-21,2,5,1,fall,2114,,,,
NYC,hour,2024-09-21 03:00:00,2024-09-21,3,5,1,fall,1313,,,,
NYC,hour,2024-09-21 04:00:00,2024-09-21,4,5,1,fall,860,,,,
NYC,hour,2024-09-21 05:00:00,2024-09-21,5,5,1,fall,680,,,,
NYC,hour,2024-09-21 06:00:00,2024-09-21,6,5,1,fall,1390,,,,
NYC,hour,2024-09-21 07:00:00,2024-09-21,7,5,1,fall,3020,,,,
NYC,hour,2024-09-21 08:00:00,2024-09-21,8,5,1,fall,4998,,,,
NYC,hour,2024-09-21 09:00:00,2024-09-21,9,5,1,fall,7787,,,,
NYC,hour,2024-09-21 10:00:00,2024-09-21,10,5,1,fall,10238,,,,
NYC,hour,2024-09-21 11:00:00,2024-09-21,11,5,1,fall,12266,,,,
NYC,hour,2024-09-21 12:00:00,2024-09-21,12,5,1,fall,13823,,,,
NYC,hour,2024-09-21 13:00:00,2024-09-21,13,5,1,fall,14038,,,,
NYC,hour,2024-09-21 14:00:00,2024-09-21,14,5,1,fall,14712,,,,
NYC,hour,2024-09-21 15:00:00,2024-09-21,15,5,1,fall,14916,,,,
NYC,hour,2024-09-21 16:00:00,2024-09-21,16,5,1,fall,14440,,,,
NYC,hour,2024-09-21 17:00:00,2024-09-21,17,5,1,fall,14388,,,,
NYC,hour,2024-09-21 18:00:00,2024-09-21,18,5,1,fall,13873,,,,
NYC,hour,2024-09-21 19:00:00,2024-09-21,19,5,1,fall,11326,,,,
NYC,hour,2024-09-21 20:00:00,2024-09-21,20,5,1,fall,8034,,,,
NYC,hour,2024-09-21 21:00:00,2024-09-21,21,5,1,fall,6615,,,,
NYC,hour,2024-09-21 22:00:00,2024-09-21,22,5,1,fall,6094,,,,
NYC,hour,2024-09-21 23:00:00,2024-09-21,23,5,1,fall,5642,,,,
NYC,hour,2024-09-22 00:00:00,2024-09-22,0,6,1,fall,4434,,,,
NYC,hour,2024-09-22 01:00:00,2024-09-22,1,6,1,fall,2956,,,,
NYC,hour,2024-09-22 02:00:00,2024-09-22,2,6,1,fall,2041,,,,
NYC,hour,2024-09-22 03:00:00,2024-09-22,3,6,1,fall,1329,,,,
NYC,hour,2024-09-22 04:00:00,2024-09-22,4,6,1,fall,774,,,,
NYC,hour,2024-09-22 05:00:00,2024-09-22,5,6,1,fall,642,,,,
NYC,hour,2024-09-22 06:00:00,2024-09-22,6,6,1,fall,1296,,,,
NYC,hour,2024-09-22 07:00:00,2024-09-22,7,6,1,fall,2280,,,,
NYC,hour,2024-09-22 08:00:00,2024-09-22,8,6,1,fall,3693,,,,
NYC,hour,2024-09-22 09:00:00,2024-09-22,9,6,1,fall,6247,,,,
NYC,hour,2024-09-22 10:00:00,2024-09-22,10,6,1,fall,9017,,,,
NYC,hour,2024-09-22 11:00:00,2024-09-22,11,6,1,fall,11301,,,,
NYC,hour,2024-09-22 12:00:00,2024-09-22,12,6,1,fall,12628,,,,
NYC,hour,2024-09-22 13:00:00,2024-09-22,13,6,1,fall,13036,,,,
NYC,hour,2024-09-22 14:00:00,2024-09-22,14,6,1,fall,13407,,,,
NYC,hour,2024-09-22 15:00:00,2024-09-22,15,6,1,fall,13802,,,,
NYC,hour,2024-09-22 16:00:00,2024-09-22,16,6,1,fall,14042,,,,
NYC,hour,2024-09-22 17:00:00,2024-09-22,17,6,1,fall,13609,,,,
NYC,hour,2024-09-22 18:00:00,2024-09-22,18,6,1,fall,11962,,,,
NYC,hour,2024-09-22 19:00:00,2024-09-22,19,6,1,fall,8943,,,,
NYC,hour,2024-09-22 20:00:00,2024-09-22,20,6,1,fall,6445,,,,
NYC,hour,2024-09-22 21:00:00,2024-09-22,21,6,1,fall,4938,,,,
NYC,hour,2024-09-22 22:00:00,2024-09-22,22,6,1,fall,3937,,,,
NYC,hour,2024-09-22 23:00:00,2024-09-22,23,6,1,fall,2483,,,,
NYC,hour,2024-09-23 00:00:00,2024-09-23,0,0,0,fall,1369,,,,
NYC,hour,2024-09-23 01:00:00,2024-09-23,1,0,0,fall,673,,,,
NYC,hour,2024-09-23 02:00:00,2024-09-23,2,0,0,fall,422,,,,
NYC,hour,2024-09-23 03:00:00,2024-09-23,3,0,0,fall,297,,,,
NYC,hour,2024-09-23 04:00:00,2024-09-23,4,0,0,fall,413,,,,
NYC,hour,2024-09-23 05:00:00,2024-09-23,5,0,0,fall,1337,,,,
NYC,hour,2024-09-23 06:00:00,2024-09-23,6,0,0,fall,4106,,,,
NYC,hour,2024-09-23 07:00:00,2024-09-23,7,0,0,fall,9477,,,,
NYC,hour,2024-09-23 08:00:00,2024-09-23,8,0,0,fall,13267,,,,
NYC,hour,2024-09-23 09:00:00,2024-09-23,9,0,0,fall,9043,,,,
NYC,hour,2024-09-23 10:00:00,2024-09-23,10,0,0,fall,6372,,,,
NYC,hour,2024-09-23 11:00:00,2024-09-23,11,0,0,fall,6433,,,,
NYC,hour,2024-09-23 12:00:00,2024-09-23,12,0,0,fall,6892,,,,
NYC,hour,2024-09-23 13:00:00,2024-09-23,13,0,0,fall,7271,,,,
NYC,hour,2024-09-23 14:00:00,2024-09-23,14,0,0,fall,8291,,,,
NYC,hour,2024-09-23 15:00:00,2024-09-23,15,0,0,fall,8457,,,,
NYC,hour,2024-09-23 16:00:00,2024-09-23,16,0,0,fall,10116,,,,
NYC,hour,2024-09-23 17:00:00,2024-09-23,17,0,0,fall,15621,,,,
NYC,hour,2024-09-23 18:00:00,2024-09-23,18,0,0,fall,14373,,,,
NYC,hour,2024-09-23 19:00:00,2024-09-23,19,0,0,fall,10518,,,,
NYC,hour,2024-09-23 20:00:00,2024-09-23,20,0,0,fall,6657,,,,
NYC,hour,2024-09-23 21:00:00,2024-09-23,21,0,0,fall,4337,,,,
NYC,hour,2024-09-23 22:00:00,2024-09-23,22,0,0,fall,3765,,,,
NYC,hour,2024-09-23 23:00:00,2024-09-23,23,0,0,fall,2562,,,,
NYC,hour,2024-09-24 00:00:00,2024-09-24,0,1,0,fall,1395,,,,
NYC,hour,2024-09-24 01:00:00,2024-09-24,1,1,0,fall,804,,,,
NYC,hour,2024-09-24 02:00:00,2024-09-24,2,1,0,fall,456,,,,
NYC,hour,2024-09-24 03:00:00,2024-09-24,3,1,0,fall,328,,,,
NYC,hour,2024-09-24 04:00:00,2024-09-24,4,1,0,fall,434,,,,
NYC,hour,2024-09-24 05:00:00,2024-09-24,5,1,0,fall,1508,,,,
NYC,hour,2024-09-24 06:00:00,2024-09-24,6,1,0,fall,4648,,,,
NYC,hour,2024-09-24 07:00:00,2024-09-24,7,1,0,fall,10410,,,,
NYC,hour,2024-09-24 08:00:00,2024-09-24,8,1,0,fall,15638,,,,
NYC,hour,2024-09-24 09:00:00,2024-09-24,9,1,0,fall,10176,,,,
NYC,hour,2024-09-24 10:00:00,2024-09-24,10,1,0,fall,6819,,,,
NYC,hour,2024-09-24 11:00:00,2024-09-24,11,1,0,fall,6573,,,,
NYC,hour,2024-09-24 12:00:00,2024-09-24,12,1,0,fall,7221,,,,
NYC,hour,2024-09-24 13:00:00,2024-09-24,13,1,0,fall,7667,,,,
NYC,hour,2024-09-24 14:00:00,2024-09-24,14,1,0,fall,8627,,,,
NYC,hour,2024-09-24 15:00:00,2024-09-24,15,1,0,fall,10451,,,,
NYC,hour,2024-09-24 16:00:00,2024-09-24,16,1,0,fall,12610,,,,
NYC,hour,2024-09-24 17:00:00,2024-09-24,17,1,0,fall,19088,,,,
NYC,hour,2024-09-24 18:00:00,2024-09-24,18,1,0,fall,18248,,,,
NYC,hour,2024-09-24 19:00:00,2024-09-24,19,1,0,fall,12317,,,,
NYC,hour,2024-09-24 20:00:00,2024-09-24,20,1,0,fall,8318,,,,
NYC,hour,2024-09-24 21:00:00,2024-09-24,21,1,0,fall,6528,,,,
NYC,hour,2024-09-24 22:00:00,2024-09-24,22,1,0,fall,4861,,,,
NYC,hour,2024-09-24 23:00:00,2024-09-24,23,1,0,fall,3067,,,,
NYC,hour,2024-09-25 00:00:00,2024-09-25,0,2,0,fall,1540,,,,
NYC,hour,2024-09-25 01:00:00,2024-09-25,1,2,0,fall,842,,,,
NYC,hour,2024-09-25 02:00:00,2024-09-25,2,2,0,fall,472,,,,
NYC,hour,2024-09-25 03:00:00,2024-09-25,3,2,0,fall,402,,,,
NYC,hour,2024-09-25 04:00:00,2024-09-25,4,2,0,fall,462,,,,
NYC,hour,2024-09-25 05:00:00,2024-09-25,5,2,0,fall,1419,,,,
NYC,hour,2024-09-25 06:00:00,2024-09-25,6,2,0,fall,4349,,,,
NYC,hour,2024-09-25 07:00:00,2024-09-25,7,2,0,fall,10105,,,,
NYC,hour,2024-09-25 08:00:00,2024-09-25,8,2,0,fall,14966,,,,
NYC,hour,2024-09-25 09:00:00,2024-09-25,9,2,0,fall,10269,,,,
NYC,hour,2024-09-25 10:00:00,2024-09-25,10,2,0,fall,7207,,,,
NYC,hour,2024-09-25 11:00:00,2024-09-25,11,2,0,fall,6795,,,,
NYC,hour,2024-09-25 12:00:00,2024-09-25,12,2,0,fall,7587,,,,
NYC,hour,2024-09-25 13:00:00,2024-09-25,13,2,0,fall,8214,,,,
NYC,hour,2024-09-25 14:00:00,2024-09-25,14,2,0,fall,9104,,,,
NYC,hour,2024-09-25 15:00:00,2024-09-25,15,2,0,fall,10354,,,,
NYC,hour,2024-09-25 16:00:00,2024-09-25,16,2,0,fall,12297,,,,
NYC,hour,2024-09-25 17:00:00,2024-09-25,17,2,0,fall,17138,,,,
NYC,hour,2024-09-25 18:00:00,2024-09-25,18,2,0,fall,14457,,,,
NYC,hour,2024-09-25 19:00:00,2024-09-25,19,2,0,fall,11193,,,,
NYC,hour,2024-09-25 20:00:00,2024-09-25,20,2,0,fall,8383,,,,
NYC,hour,2024-09-25 21:00:00,2024-09-25,21,2,0,fall,6423,,,,
NYC,hour,2024-09-25 22:00:00,2024-09-25,22,2,0,fall,5351,,,,
NYC,hour,2024-09-25 23:00:00,2024-09-25,23,2,0,fall,3538,,,,
NYC,hour,2024-09-26 00:00:00,2024-09-26,0,3,0,fall,1930,,,,
NYC,hour,2024-09-26 01:00:00,2024-09-26,1,3,0,fall,983,,,,
NYC,hour,2024-09-26 02:00:00,2024-09-26,2,3,0,fall,571,,,,
NYC,hour,2024-09-26 03:00:00,2024-09-26,3,3,0,fall,412,,,,
NYC,hour,2024-09-26 04:00:00,2024-09-26,4,3,0,fall,452,,,,
NYC,hour,2024-09-26 05:00:00,2024-09-26,5,3,0,fall,1295,,,,
NYC,hour,2024-09-26 06:00:00,2024-09-26,6,3,0,fall,4009,,,,
NYC,hour,2024-09-26 07:00:00,2024-09-26,7,3,0,fall,8855,,,,
NYC,hour,2024-09-26 08:00:00,2024-09-26,8,3,0,fall,13773,,,,
NYC,hour,2024-09-26 09:00:00,2024-09-26,9,3,0,fall,9726,,,,
NYC,hour,2024-09-26 10:00:00,2024-09-26,10,3,0,fall,3767,,,,
NYC,hour,2024-09-26 11:00:00,2024-09-26,11,3,0,fall,3660,,,,
NYC,hour,2024-09-26 12:00:00,2024-09-26,12,3,0,fall,4873,,,,
NYC,hour,2024-09-26 13:00:00,2024-09-26,13,3,0,fall,6184,,,,
NYC,hour,2024-09-26 14:00:00,2024-09-26,14,3,0,fall,7345,,,,
NYC,hour,2024-09-26 15:00:00,2024-09-26,15,3,0,fall,9417,,,,
NYC,hour,2024-09-26 16:00:00,2024-09-26,16,3,0,fall,11706,,,,
NYC,hour,2024-09-26 17:00:00,2024-09-26,17,3,0,fall,17097,,,,
NYC,hour,2024-09-26 18:00:00,2024-09-26,18,3,0,fall,16358,,,,
NYC,hour,2024-09-26 19:00:00,2024-09-26,19,3,0,fall,11986,,,,
NYC,hour,2024-09-26 20:00:00,2024-09-26,20,3,0,fall,8883,,,,
NYC,hour,2024-09-26 21:00:00,2024-09-26,21,3,0,fall,6855,,,,
NYC,hour,2024-09-26 22:00:00,2024-09-26,22,3,0,fall,5938,,,,
NYC,hour,2024-09-26 23:00:00,2024-09-26,23,3,0,fall,4379,,,,
NYC,hour,2024-09-27 00:00:00,2024-09-27,0,4,0,fall,2898,,,,
NYC,hour,2024-09-27 01:00:00,2024-09-27,1,4,0,fall,1436,,,,
NYC,hour,2024-09-27 02:00:00,2024-09-27,2,4,0,fall,888,,,,
NYC,hour,2024-09-27 03:00:00,2024-09-27,3,4,0,fall,437,,,,
NYC,hour,2024-09-27 04:00:00,2024-09-27,4,4,0,fall,454,,,,
NYC,hour,2024-09-27 05:00:00,2024-09-27,5,4,0,fall,1133,,,,
NYC,hour,2024-09-27 06:00:00,2024-09-27,6,4,0,fall,3409,,,,
NYC,hour,2024-09-27 07:00:00,2024-09-27,7,4,0,fall,8016,,,,
NYC,hour,2024-09-27 08:00:00,2024-09-27,8,4,0,fall,11463,,,,
NYC,hour,2024-09-27 09:00:00,2024-09-27,9,4,0,fall,9132,,,,
NYC,hour,2024-09-27 10:00:00,2024-09-27,10,4,0,fall,7510,,,,
NYC,hour,2024-09-27 11:00:00,2024-09-27,11,4,0,fall,7891,,,,
NYC,hour,2024-09-27 12:00:00,2024-09-27,12,4,0,fall,8974,,,,
NYC,hour,2024-09-27 13:00:00,2024-09-27,13,4,0,fall,9907,,,,
NYC,hour,2024-09-27 14:00:00,2024-09-27,14,4,0,fall,10958,,,,
NYC,hour,2024-09-27 15:00:00,2024-09-27,15,4,0,fall,12458,,,,
NYC,hour,2024-09-27 16:00:00,2024-09-27,16,4,0,fall,14130,,,,
NYC,hour,2024-09-27 17:00:00,2024-09-27,17,4,0,fall,16683,,,,
NYC,hour,2024-09-27 18:00:00,2024-09-27,18,4,0,fall,15310,,,,
NYC,hour,2024-09-27 19:00:00,2024-09-27,19,4,0,fall,11730,,,,
NYC,hour,2024-09-27 20:00:00,2024-09-27,20,4,0,fall,8282,,,,
NYC,hour,2024-09-27 21:00:00,2024-09-27,21,4,0,fall,6644,,,,
NYC,hour,2024-09-27 22:00:00,2024-09-27,22,4,0,fall,6221,,,,
NYC,hour,2024-09-27 23:00:00,2024-09-27,23,4,0,fall,5082,,,,
NYC,hour,2024-09-28 00:00:00,2024-09-28,0,5,1,fall,3964,,,,
NYC,hour,2024-09-28 01:00:00,2024-09-28,1,5,1,fall,2923,,,,
NYC,hour,2024-09-28 02:00:00,2024-09-28,2,5,1,fall,2064,,,,
NYC,hour,2024-09-28 03:00:00,2024-09-28,3,5,1,fall,1243,,,,
NYC,hour,2024-09-28 04:00:00,2024-09-28,4,5,1,fall,874,,,,
NYC,hour,2024-09-28 05:00:00,2024-09-28,5,5,1,fall,518,,,,
NYC,hour,2024-09-28 06:00:00,2024-09-28,6,5,1,fall,907,,,,
NYC,hour,2024-09-28 07:00:00,2024-09-28,7,5,1,fall,1635,,,,
NYC,hour,2024-09-28 08:00:00,2024-09-28,8,5,1,fall,2491,,,,
NYC,hour,2024-09-28 09:00:00,2024-09-28,9,5,1,fall,4724,,,,
NYC,hour,2024-09-28 10:00:00,2024-09-28,10,5,1,fall,7008,,,,
NYC,hour,2024-09-28 11:00:00,2024-09-28,11,5,1,fall,7902,,,,
NYC,hour,2024-09-28 12:00:00,2024-09-28,12,5,1,fall,7321,,,,
NYC,hour,2024-09-28 13:00:00,2024-09-28,13,5,1,fall,4154,,,,
NYC,hour,2024-09-28 14:00:00,2024-09-28,14,5,1,fall,3846,,,,
NYC,hour,2024-09-28 15:00:00,2024-09-28,15,5,1,fall,3762,,,,
NYC,hour,2024-09-28 16:00:00,2024-09-28,16,5,1,fall,4703,,,,
NYC,hour,2024-09-28 17:00:00,2024-09-28,17,5,1,fall,4383,,,,
NYC,hour,2024-09-28 18:00:00,2024-09-28,18,5,1,fall,4418,,,,
NYC,hour,2024-09-28 19:00:00,2024-09-28,19,5,1,fall,5429,,,,
NYC,hour,2024-09-28 20:00:00,2024-09-28,20,5,1,fall,4388,,,,
NYC,hour,2024-09-28 21:00:00,2024-09-28,21,5,1,fall,3867,,,,
NYC,hour,2024-09-28 22:00:00,2024-09-28,22,5,1,fall,3931,,,,
NYC,hour,2024-09-28 23:00:00,2024-09-28,23,5,1,fall,3614,,,,
NYC,hour,2024-09-29 00:00:00,2024-09-29,0,6,1,fall,2983,,,,
NYC,hour,2024-09-29 01:00:00,2024-09-29,1,6,1,fall,1475,,,,
NYC,hour,2024-09-29 02:00:00,2024-09-29,2,6,1,fall,1130,,,,
NYC,hour,2024-09-29 03:00:00,2024-09-29,3,6,1,fall,800,,,,
NYC,hour,2024-09-29 04:00:00,2024-09-29,4,6,1,fall,562,,,,
NYC,hour,2024-09-29 05:00:00,2024-09-29,5,6,1,fall,431,,,,
NYC,hour,2024-09-29 06:00:00,2024-09-29,6,6,1,fall,965,,,,
NYC,hour,2024-09-29 07:00:00,2024-09-29,7,6,1,fall,1527,,,,
NYC,hour,2024-09-29 08:00:00,2024-09-29,8,6,1,fall,2197,,,,
NYC,hour,2024-09-29 09:00:00,2024-09-29,9,6,1,fall,2201,,,,
NYC,hour,2024-09-29 10:00:00,2024-09-29,10,6,1,fall,2200,,,,
NYC,hour,2024-09-29 11:00:00,2024-09-29,11,6,1,fall,2290,,,,
NYC,hour,2024-09-29 12:00:00,2024-09-29,12,6,1,fall,2597,,,,
NYC,hour,2024-09-29 13:00:00,2024-09-29,13,6,1,fall,2667,,,,
NYC,hour,2024-09-29 14:00:00,2024-09-29,14,6,1,fall,3514,,,,
NYC,hour,2024-09-29 15:00:00,2024-09-29,15,6,1,fall,4828,,,,
NYC,hour,2024-09-29 16:00:00,2024-09-29,16,6,1,fall,6247,,,,
NYC,hour,2024-09-29 17:00:00,2024-09-29,17,6,1,fall,6107,,,,
NYC,hour,2024-09-29 18:00:00,2024-09-29,18,6,1,fall,6697,,,,
NYC,hour,2024-09-29 19:00:00,2024-09-29,19,6,1,fall,5925,,,,
NYC,hour,2024-09-29 20:00:00,2024-09-29,20,6,1,fall,4755,,,,
NYC,hour,2024-09-29 21:00:00,2024-09-29,21,6,1,fall,3748,,,,
NYC,hour,2024-09-29 22:00:00,2024-09-29,22,6,1,fall,3236,,,,
NYC,hour,2024-09-29 23:00:00,2024-09-29,23,6,1,fall,2252,,,,
NYC,hour,2024-09-30 00:00:00,2024-09-30,0,0,0,fall,1443,,,,
NYC,hour,2024-09-30 01:00:00,2024-09-30,1,0,0,fall,694,,,,
NYC,hour,2024-09-30 02:00:00,2024-09-30,2,0,0,fall,473,,,,
NYC,hour,2024-09-30 03:00:00,2024-09-30,3,0,0,fall,319,,,,
NYC,hour,2024-09-30 04:00:00,2024-09-30,4,0,0,fall,386,,,,
NYC,hour,2024-09-30 05:00:00,2024-09-30,5,0,0,fall,1338,,,,
NYC,hour,2024-09-30 06:00:00,2024-09-30,6,0,0,fall,3781,,,,
NYC,hour,2024-09-30 07:00:00,2024-09-30,7,0,0,fall,9069,,,,
NYC,hour,2024-09-30 08:00:00,2024-09-30,8,0,0,fall,13530,,,,
NYC,hour,2024-09-30 09:00:00,2024-09-30,9,0,0,fall,8928,,,,
NYC,hour,2024-09-30 10:00:00,2024-09-30,10,0,0,fall,6488,,,,
NYC,hour,2024-09-30 11:00:00,2024-09-30,11,0,0,fall,6438,,,,
NYC,hour,2024-09-30 12:00:00,2024-09-30,12,0,0,fall,7304,,,,
NYC,hour,2024-09-30 13:00:00,2024-09-30,13,0,0,fall,7812,,,,
NYC,hour,2024-09-30 14:00:00,2024-09-30,14,0,0,fall,9108,,,,
NYC,hour,2024-09-30 15:00:00,2024-09-30,15,0,0,fall,10410,,,,
NYC,hour,2024-09-30 16:00:00,2024-09-30,16,0,0,fall,12799,,,,
NYC,hour,2024-09-30 17:00:00,2024-09-30,17,0,0,fall,17906,,,,
NYC,hour,2024-09-30 18:00:00,2024-09-30,18,0,0,fall,17088,,,,
NYC,hour,2024-09-30 19:00:00,2024-09-30,19,0,0,fall,11452,,,,
NYC,hour,2024-09-30 20:00:00,2024-09-30,20,0,0,fall,8209,,,,
NYC,hour,2024-09-30 21:00:00,2024-09-30,21,0,0,fall,5810,,,,
NYC,hour,2024-09-30 22:00:00,2024-09-30,22,0,0,fall,4381,,,,
NYC,hour,2024-09-30 23:00:00,2024-09-30,23,0,0,fall,2819,,,,
NYC,hour,2024-10-01 00:00:00,2024-10-01,0,1,0,fall,1389,,,,
NYC,hour,2024-10-01 01:00:00,2024-10-01,1,1,0,fall,729,,,,
NYC,hour,2024-10-01 02:00:00,2024-10-01,2,1,0,fall,437,,,,
NYC,hour,2024-10-01 03:00:00,2024-10-01,3,1,0,fall,310,,,,
NYC,hour,2024-10-01 04:00:00,2024-10-01,4,1,0,fall,389,,,,
NYC,hour,2024-10-01 05:00:00,2024-10-01,5,1,0,fall,1567,,,,
NYC,hour,2024-10-01 06:00:00,2024-10-01,6,1,0,fall,4442,,,,
NYC,hour,2024-10-01 07:00:00,2024-10-01,7,1,0,fall,9968,,,,
NYC,hour,2024-10-01 08:00:00,2024-10-01,8,1,0,fall,15224,,,,
NYC,hour,2024-10-01 09:00:00,2024-10-01,9,1,0,fall,10260,,,,
NYC,hour,2024-10-01 10:00:00,2024-10-01,10,1,0,fall,6808,,,,
NYC,hour,2024-10-01 11:00:00,2024-10-01,11,1,0,fall,6768,,,,
NYC,hour,2024-10-01 12:00:00,2024-10-01,12,1,0,fall,7456,,,,
NYC,hour,2024-10-01 13:00:00,2024-10-01,13,1,0,fall,7713,,,,
NYC,hour,2024-10-01 14:00:00,2024-10-01,14,1,0,fall,8806,,,,
NYC,hour,2024-10-01 15:00:00,2024-10-01,15,1,0,fall,10473,,,,
NYC,hour,2024-10-01 16:00:00,2024-10-01,16,1,0,fall,12823,,,,
NYC,hour,2024-10-01 17:00:00,2024-10-01,17,1,0,fall,18793,,,,
NYC,hour,2024-10-01 18:00:00,2024-10-01,18,1,0,fall,17869,,,,
NYC,hour,2024-10-01 19:00:00,2024-10-01,19,1,0,fall,12037,,,,
NYC,hour,2024-10-01 20:00:00,2024-10-01,20,1,0,fall,8562,,,,
NYC,hour,2024-10-01 21:00:00,2024-10-01,21,1,0,fall,6164,,,,
NYC,hour,2024-10-01 22:00:00,2024-10-01,22,1,0,fall,5167,,,,
NYC,hour,2024-10-01 23:00:00,2024-10-01,23,1,0,fall,3293,,,,
NYC,hour,2024-10-02 00:00:00,2024-10-02,0,2,0,fall,1688,,,,
NYC,hour,2024-10-02 01:00:00,2024-10-02,1,2,0,fall,784,,,,
NYC,hour,2024-10-02 02:00:00,2024-10-02,2,2,0,fall,466,,,,
NYC,hour,2024-10-02 03:00:00,2024-10-02,3,2,0,fall,359,,,,
NYC,hour,2024-10-02 04:00:00,2024-10-02,4,2,0,fall,426,,,,
NYC,hour,2024-10-02 05:00:00,2024-10-02,5,2,0,fall,1390,,,,
NYC,hour,2024-10-02 06:00:00,2024-10-02,6,2,0,fall,4301,,,,
NYC,hour,2024-10-02 07:00:00,2024-10-02,7,2,0,fall,9766,,,,
NYC,hour,2024-10-02 08:00:00,2024-10-02,8,2,0,fall,15029,,,,
NYC,hour,2024-10-02 09:00:00,2024-10-02,9,2,0,fall,10288,,,,
NYC,hour,2024-10-02 10:00:00,2024-10-02,10,2,0,fall,7006,,,,
NYC,hour,2024-10-02 11:00:00,2024-10-02,11,2,0,fall,6974,,,,
NYC,hour,2024-10-02 12:00:00,2024-10-02,12,2,0,fall,7696,,,,
NYC,hour,2024-10-02 13:00:00,2024-10-02,13,2,0,fall,8173,,,,
NYC,hour,2024-10-02 14:00:00,2024-10-02,14,2,0,fall,9342,,,,
NYC,hour,2024-10-02 15:00:00,2024-10-02,15,2,0,fall,10755,,,,
NYC,hour,2024-10-02 16:00:00,2024-10-02,16,2,0,fall,12790,,,,
NYC,hour,2024-10-02 17:00:00,2024-10-02,17,2,0,fall,17691,,,,
NYC,hour,2024-10-02 18:00:00,2024-10-02,18,2,0,fall,16538,,,,
NYC,hour,2024-10-02 19:00:00,2024-10-02,19,2,0,fall,11668,,,,
NYC,hour,2024-10-02 20:00:00,2024-10-02,20,2,0,fall,8204,,,,
NYC,hour,2024-10-02 21:00:00,2024-10-02,21,2,0,fall,6621,,,,
NYC,hour,2024-10-02 22:00:00,2024-10-02,22,2,0,fall,5381,,,,
NYC,hour,2024-10-02 23:00:00,2024-10-02,23,2,0,fall,3563,,,,
NYC,hour,2024-10-03 00:00:00,2024-10-03,0,3,0,fall,1880,,,,
NYC,hour,2024-10-03 01:00:00,2024-10-03,1,3,0,fall,973,,,,
NYC,hour,2024-10-03 02:00:00,2024-10-03,2,3,0,fall,599,,,,
NYC,hour,2024-10-03 03:00:00,2024-10-03,3,3,0,fall,387,,,,
NYC,hour,2024-10-03 04:00:00,2024-10-03,4,3,0,fall,438,,,,
NYC,hour,2024-10-03 05:00:00,2024-10-03,5,3,0,fall,1345,,,,
NYC,hour,2024-10-03 06:00:00,2024-10-03,6,3,0,fall,3751,,,,
NYC,hour,2024-10-03 07:00:00,2024-10-03,7,3,0,fall,7479,,,,
NYC,hour,2024-10-03 08:00:00,2024-10-03,8,3,0,fall,11782,,,,
NYC,hour,2024-10-03 09:00:00,2024-10-03,9,3,0,fall,9559,,,,
NYC,hour,2024-10-03 10:00:00,2024-10-03,10,3,0,fall,6962,,,,
NYC,hour,2024-10-03 11:00:00,2024-10-03,11,3,0,fall,6950,,,,
NYC,hour,2024-10-03 12:00:00,2024-10-03,12,3,0,fall,7800,,,,
NYC,hour,2024-10-03 13:00:00,2024-10-03,13,3,0,fall,8574,,,,
NYC,hour,2024-10-03 14:00:00,2024-10-03,14,3,0,fall,8861,,,,
NYC,hour,2024-10-03 15:00:00,2024-10-03,15,3,0,fall,9960,,,,
NYC,hour,2024-10-03 16:00:00,2024-10-03,16,3,0,fall,12036,,,,
NYC,hour,2024-10-03 17:00:00,2024-10-03,17,3,0,fall,17018,,,,
NYC,hour,2024-10-03 18:00:00,2024-10-03,18,3,0,fall,16391,,,,
NYC,hour,2024-10-03 19:00:00,2024-10-03,19,3,0,fall,11660,,,,
NYC,hour,2024-10-03 20:00:00,2024-10-03,20,3,0,fall,8377,,,,
NYC,hour,2024-10-03 21:00:00,2024-10-03,21,3,0,fall,6415,,,,
NYC,hour,2024-10-03 22:00:00,2024-10-03,22,3,0,fall,5722,,,,
NYC,hour,2024-10-03 23:00:00,2024-10-03,23,3,0,fall,3988,,,,
NYC,hour,2024-10-04 00:00:00,2024-10-04,0,4,0,fall,2394,,,,
NYC,hour,2024-10-04 01:00:00,2024-10-04,1,4,0,fall,1378,,,,
NYC,hour,2024-10-04 02:00:00,2024-10-04,2,4,0,fall,827,,,,
NYC,hour,2024-10-04 03:00:00,2024-10-04,3,4,0,fall,533,,,,
NYC,hour,2024-10-04 04:00:00,2024-10-04,4,4,0,fall,508,,,,
NYC,hour,2024-10-04 05:00:00,2024-10-04,5,4,0,fall,1256,,,,
NYC,hour,2024-10-04 06:00:00,2024-10-04,6,4,0,fall,3273,,,,
NYC,hour,2024-10-04 07:00:00,2024-10-04,7,4,0,fall,6586,,,,
NYC,hour,2024-10-04 08:00:00,2024-10-04,8,4,0,fall,9627,,,,
NYC,hour,2024-10-04 09:00:00,2024-10-04,9,4,0,fall,8668,,,,
NYC,hour,2024-10-04 10:00:00,2024-10-04,10,4,0,fall,7363,,,,
NYC,hour,2024-10-04 11:00:00,2024-10-04,11,4,0,fall,7991,,,,
NYC,hour,2024-10-04 12:00:00,2024-10-04,12,4,0,fall,9061,,,,
NYC,hour,2024-10-04 13:00:00,2024-10-04,13,4,0,fall,9828,,,,
NYC,hour,2024-10-04 14:00:00,2024-10-04,14,4,0,fall,10214,,,,
NYC,hour,2024-10-04 15:00:00,2024-10-04,15,4,0,fall,11418,,,,
NYC,hour,2024-10-04 16:00:00,2024-10-04,16,4,0,fall,13577,,,,
NYC,hour,2024-10-04 17:00:00,2024-10-04,17,4,0,fall,16049,,,,
NYC,hour,2024-10-04 18:00:00,2024-10-04,18,4,0,fall,14941,,,,
NYC,hour,2024-10-04 19:00:00,2024-10-04,19,4,0,fall,11267,,,,
NYC,hour,2024-10-04 20:00:00,2024-10-04,20,4,0,fall,8236,,,,
NYC,hour,2024-10-04 21:00:00,2024-10-04,21,4,0,fall,6539,,,,
NYC,hour,2024-10-04 22:00:00,2024-10-04,22,4,0,fall,5800,,,,
NYC,hour,2024-10-04 23:00:00,2024-10-04,23,4,0,fall,5376,,,,
NYC,hour,2024-10-05 00:00:00,2024-10-05,0,5,1,fall,4198,,,,
NYC,hour,2024-10-05 01:00:00,2024-10-05,1,5,1,fall,2931,,,,
NYC,hour,2024-10-05 02:00:00,2024-10-05,2,5,1,fall,1919,,,,
NYC,hour,2024-10-05 03:00:00,2024-10-05,3,5,1,fall,1237,,,,
NYC,hour,2024-10-05 04:00:00,2024-10-05,4,5,1,fall,783,,,,
NYC,hour,2024-10-05 05:00:00,2024-10-05,5,5,1,fall,683,,,,
NYC,hour,2024-10-05 06:00:00,2024-10-05,6,5,1,fall,1388,,,,
NYC,hour,2024-10-05 07:00:00,2024-10-05,7,5,1,fall,2744,,,,
NYC,hour,2024-10-05 08:00:00,2024-10-05,8,5,1,fall,4612,,,,
NYC,hour,2024-10-05 09:00:00,2024-10-05,9,5,1,fall,7394,,,,
NYC,hour,2024-10-05 10:00:00,2024-10-05,10,5,1,fall,9596,,,,
NYC,hour,2024-10-05 11:00:00,2024-10-05,11,5,1,fall,11432,,,,
NYC,hour,2024-10-05 12:00:00,2024-10-05,12,5,1,fall,13459,,,,
NYC,hour,2024-10-05 13:00:00,2024-10-05,13,5,1,fall,14213,,,,
NYC,hour,2024-10-05 14:00:00,2024-10-05,14,5,1,fall,14427,,,,
NYC,hour,2024-10-05 15:00:00,2024-10-05,15,5,1,fall,14879,,,,
NYC,hour,2024-10-05 16:00:00,2024-10-05,16,5,1,fall,14492,,,,
NYC,hour,2024-10-05 17:00:00,2024-10-05,17,5,1,fall,13960,,,,
NYC,hour,2024-10-05 18:00:00,2024-10-05,18,5,1,fall,12913,,,,
NYC,hour,2024-10-05 19:00:00,2024-10-05,19,5,1,fall,10217,,,,
NYC,hour,2024-10-05 20:00:00,2024-10-05,20,5,1,fall,7667,,,,
NYC,hour,2024-10-05 21:00:00,2024-10-05,21,5,1,fall,6368,,,,
NYC,hour,2024-10-05 22:00:00,2024-10-05,22,5,1,fall,6100,,,,
NYC,hour,2024-10-05 23:00:00,2024-10-05,23,5,1,fall,5353,,,,
NYC,hour,2024-10-06 00:00:00,2024-10-06,0,6,1,fall,4049,,,,
NYC,hour,2024-10-06 01:00:00,2024-10-06,1,6,1,fall,2947,,,,
NYC,hour,2024-10-06 02:00:00,2024-10-06,2,6,1,fall,1910,,,,
NYC,hour,2024-10-06 03:00:00,2024-10-06,3,6,1,fall,1174,,,,
NYC,hour,2024-10-06 04:00:00,2024-10-06,4,6,1,fall,781,,,,
NYC,hour,2024-10-06 05:00:00,2024-10-06,5,6,1,fall,591,,,,
NYC,hour,2024-10-06 06:00:00,2024-10-06,6,6,1,fall,989,,,,
NYC,hour,2024-10-06 07:00:00,2024-10-06,7,6,1,fall,2017,,,,
NYC,hour,2024-10-06 08:00:00,2024-10-06,8,6,1,fall,3579,,,,
NYC,hour,2024-10-06 09:00:00,2024-10-06,9,6,1,fall,5770,,,,
NYC,hour,2024-10-06 10:00:00,2024-10-06,10,6,1,fall,8191,,,,
NYC,hour,2024-10-06 11:00:00,2024-10-06,11,6,1,fall,10710,,,,
NYC,hour,2024-10-06 12:00:00,2024-10-06,12,6,1,fall,12249,,,,
NYC,hour,2024-10-06 13:00:00,2024-10-06,13,6,1,fall,13054,,,,
NYC,hour,2024-10-06 14:00:00,2024-10-06,14,6,1,fall,13274,,,,
NYC,hour,2024-10-06 15:00:00,2024-10-06,15,6,1,fall,13445,,,,
NYC,hour,2024-10-06 16:00:00,2024-10-06,16,6,1,fall,13617,,,,
NYC,hour,2024-10-06 17:00:00,2024-10-06,17,6,1,fall,12771,,,,
NYC,hour,2024-10-06 18:00:00,2024-10-06,18,6,1,fall,11422,,,,
NYC,hour,2024-10-06 19:00:00,2024-10-06,19,6,1,fall,8360,,,,
NYC,hour,2024-10-06 20:00:00,2024-10-06,20,6,1,fall,6131,,,,
NYC,hour,2024-10-06 21:00:00,2024-10-06,21,6,1,fall,4677,,,,
NYC,hour,2024-10-06 22:00:00,2024-10-06,22,6,1,fall,3617,,,,
NYC,hour,2024-10-06 23:00:00,2024-10-06,23,6,1,fall,2466,,,,
NYC,hour,2024-10-07 00:00:00,2024-10-07,0,0,0,fall,1368,,,,
NYC,hour,2024-10-07 01:00:00,2024-10-07,1,0,0,fall,799,,,,
NYC,hour,2024-10-07 02:00:00,2024-10-07,2,0,0,fall,483,,,,
NYC,hour,2024-10-07 03:00:00,2024-10-07,3,0,0,fall,296,,,,
NYC,hour,2024-10-07 04:00:00,2024-10-07,4,0,0,fall,416,,,,
NYC,hour,2024-10-07 05:00:00,2024-10-07,5,0,0,fall,1308,,,,
NYC,hour,2024-10-07 06:00:00,2024-10-07,6,0,0,fall,3804,,,,
NYC,hour,2024-10-07 07:00:00,2024-10-07,7,0,0,fall,8764,,,,
NYC,hour,2024-10-07 08:00:00,2024-10-07,8,0,0,fall,13233,,,,
NYC,hour,2024-10-07 09:00:00,2024-10-07,9,0,0,fall,8935,,,,
NYC,hour,2024-10-07 10:00:00,2024-10-07,10,0,0,fall,7043,,,,
NYC,hour,2024-10-07 11:00:00,2024-10-07,11,0,0,fall,5882,,,,
NYC,hour,2024-10-07 12:00:00,2024-10-07,12,0,0,fall,7300,,,,
NYC,hour,2024-10-07 13:00:00,2024-10-07,13,0,0,fall,7133,,,,
NYC,hour,2024-10-07 14:00:00,2024-10-07,14,0,0,fall,8865,,,,
NYC,hour,2024-10-07 15:00:00,2024-10-07,15,0,0,fall,10596,,,,
NYC,hour,2024-10-07 16:00:00,2024-10-07,16,0,0,fall,12557,,,,
NYC,hour,2024-10-07 17:00:00,2024-10-07,17,0,0,fall,17702,,,,
NYC,hour,2024-10-07 18:00:00,2024-10-07,18,0,0,fall,16311,,,,
NYC,hour,2024-10-07 19:00:00,2024-10-07,19,0,0,fall,10725,,,,
NYC,hour,2024-10-07 20:00:00,2024-10-07,20,0,0,fall,7571,,,,
NYC,hour,2024-10-07 21:00:00,2024-10-07,21,0,0,fall,5545,,,,
NYC,hour,2024-10-07 22:00:00,2024-10-07,22,0,0,fall,3946,,,,
NYC,hour,2024-10-07 23:00:00,2024-10-07,23,0,0,fall,2891,,,,
NYC,hour,2024-10-08 00:00:00,2024-10-08,0,1,0,fall,1376,,,,
NYC,hour,2024-10-08 01:00:00,2024-10-08,1,1,0,fall,661,,,,
NYC,hour,2024-10-08 02:00:00,2024-10-08,2,1,0,fall,388,,,,
NYC,hour,2024-10-08 03:00:00,2024-10-08,3,1,0,fall,278,,,,
NYC,hour,2024-10-08 04:00:00,2024-10-08,4,1,0,fall,415,,,,
NYC,hour,2024-10-08 05:00:00,2024-10-08,5,1,0,fall,1509,,,,
NYC,hour,2024-10-08 06:00:00,2024-10-08,6,1,0,fall,4319,,,,
NYC,hour,2024-10-08 07:00:00,2024-10-08,7,1,0,fall,10228,,,,
NYC,hour,2024-10-08 08:00:00,2024-10-08,8,1,0,fall,15316,,,,
NYC,hour,2024-10-08 09:00:00,2024-10-08,9,1,0,fall,10263,,,,
NYC,hour,2024-10-08 10:00:00,2024-10-08,10,1,0,fall,6696,,,,
NYC,hour,2024-10-08 11:00:00,2024-10-08,11,1,0,fall,6299,,,,
NYC,hour,2024-10-08 12:00:00,2024-10-08,12,1,0,fall,7524,,,,
NYC,hour,2024-10-08 13:00:00,2024-10-08,13,1,0,fall,7721,,,,
NYC,hour,2024-10-08 14:00:00,2024-10-08,14,1,0,fall,9047,,,,
NYC,hour,2024-10-08 15:00:00,2024-10-08,15,1,0,fall,10663,,,,
NYC,hour,2024-10-08 16:00:00,2024-10-08,16,1,0,fall,13027,,,,
NYC,hour,2024-10-08 17:00:00,2024-10-08,17,1,0,fall,18903,,,,
NYC,hour,2024-10-08 18:00:00,2024-10-08,18,1,0,fall,16958,,,,
NYC,hour,2024-10-08 19:00:00,2024-10-08,19,1,0,fall,11497,,,,
NYC,hour,2024-10-08 20:00:00,2024-10-08,20,1,0,fall,8493,,,,
NYC,hour,2024-10-08 21:00:00,2024-10-08,21,1,0,fall,6457,,,,
NYC,hour,2024-10-08 22:00:00,2024-10-08,22,1,0,fall,4974,,,,
NYC,hour,2024-10-08 23:00:00,2024-10-08,23,1,0,fall,3168,,,,
NYC,hour,2024-10-09 00:00:00,2024-10-09,0,2,0,fall,1551,,,,
NYC,hour,2024-10-09 01:00:00,2024-10-09,1,2,0,fall,757,,,,
NYC,hour,2024-10-09 02:00:00,2024-10-09,2,2,0,fall,459,,,,
NYC,hour,2024-10-09 03:00:00,2024-10-09,3,2,0,fall,312,,,,
NYC,hour,2024-10-09 04:00:00,2024-10-09,4,2,0,fall,441,,,,
NYC,hour,2024-10-09 05:00:00,2024-10-09,5,2,0,fall,1364,,,,
NYC,hour,2024-10-09 06:00:00,2024-10-09,6,2,0,fall,4210,,,,
NYC,hour,2024-10-09 07:00:00,2024-10-09,7,2,0,fall,9889,,,,
NYC,hour,2024-10-09 08:00:00,2024-10-09,8,2,0,fall,15393,,,,
NYC,hour,2024-10-09 09:00:00,2024-10-09,9,2,0,fall,10630,,,,
NYC,hour,2024-10-09 10:00:00,2024-10-09,10,2,0,fall,7064,,,,
NYC,hour,2024-10-09 11:00:00,2024-10-09,11,2,0,fall,6798,,,,
NYC,hour,2024-10-09 12:00:00,2024-10-09,12,2,0,fall,7910,,,,
NYC,hour,2024-10-09 13:00:00,2024-10-09,13,2,0,fall,8218,,,,
NYC,hour,2024-10-09 14:00:00,2024-10-09,14,2,0,fall,9524,,,,
NYC,hour,2024-10-09 15:00:00,2024-10-09,15,2,0,fall,10747,,,,
NYC,hour,2024-10-09 16:00:00,2024-10-09,16,2,0,fall,13069,,,,
NYC,hour,2024-10-09 17:00:00,2024-10-09,17,2,0,fall,18429,,,,
NYC,hour,2024-10-09 18:00:00,2024-10-09,18,2,0,fall,17540,,,,
NYC,hour,2024-10-09 19:00:00,2024-10-09,19,2,0,fall,11444,,,,
NYC,hour,2024-10-09 20:00:00,2024-10-09,20,2,0,fall,8491,,,,
NYC,hour,2024-10-09 21:00:00,2024-10-09,21,2,0,fall,6622,,,,
NYC,hour,2024-10-09 22:00:00,2024-10-09,22,2,0,fall,5216,,,,
NYC,hour,2024-10-09 23:00:00,2024-10-09,23,2,0,fall,2964,,,,
NYC,hour,2024-10-10 00:00:00,2024-10-10,0,3,0,fall,1577,,,,
NYC,hour,2024-10-10 01:00:00,2024-10-10,1,3,0,fall,806,,,,
NYC,hour,2024-10-10 02:00:00,2024-10-10,2,3,0,fall,463,,,,
NYC,hour,2024-10-10 03:00:00,2024-10-10,3,3,0,fall,340,,,,
NYC,hour,2024-10-10 04:00:00,2024-10-10,4,3,0,fall,379,,,,
NYC,hour,2024-10-10 05:00:00,2024-10-10,5,3,0,fall,1259,,,,
NYC,hour,2024-10-10 06:00:00,2024-10-10,6,3,0,fall,3796,,,,
NYC,hour,2024-10-10 07:00:00,2024-10-10,7,3,0,fall,9174,,,,
NYC,hour,2024-10-10 08:00:00,2024-10-10,8,3,0,fall,13868,,,,
NYC,hour,2024-10-10 09:00:00,2024-10-10,9,3,0,fall,9768,,,,
NYC,hour,2024-10-10 10:00:00,2024-10-10,10,3,0,fall,6888,,,,
NYC,hour,2024-10-10 11:00:00,2024-10-10,11,3,0,fall,6434,,,,
NYC,hour,2024-10-10 12:00:00,2024-10-10,12,3,0,fall,7501,,,,
NYC,hour,2024-10-10 13:00:00,2024-10-10,13,3,0,fall,7982,,,,
NYC,hour,2024-10-10 14:00:00,2024-10-10,14,3,0,fall,9162,,,,
NYC,hour,2024-10-10 15:00:00,2024-10-10,15,3,0,fall,10526,,,,
NYC,hour,2024-10-10 16:00:00,2024-10-10,16,3,0,fall,12440,,,,
NYC,hour,2024-10-10 17:00:00,2024-10-10,17,3,0,fall,17442,,,,
NYC,hour,2024-10-10 18:00:00,2024-10-10,18,3,0,fall,16070,,,,
NYC,hour,2024-10-10 19:00:00,2024-10-10,19,3,0,fall,10878,,,,
NYC,hour,2024-10-10 20:00:00,2024-10-10,20,3,0,fall,7675,,,,
NYC,hour,2024-10-10 21:00:00,2024-10-10,21,3,0,fall,5646,,,,
NYC,hour,2024-10-10 22:00:00,2024-10-10,22,3,0,fall,4805,,,,
NYC,hour,2024-10-10 23:00:00,2024-10-10,23,3,0,fall,3715,,,,
NYC,hour,2024-10-11 00:00:00,2024-10-11,0,4,0,fall,1939,,,,
NYC,hour,2024-10-11 01:00:00,2024-10-11,1,4,0,fall,1068,,,,
NYC,hour,2024-10-11 02:00:00,2024-10-11,2,4,0,fall,649,,,,
NYC,hour,2024-10-11 03:00:00,2024-10-11,3,4,0,fall,428,,,,
NYC,hour,2024-10-11 04:00:00,2024-10-11,4,4,0,fall,457,,,,
NYC,hour,2024-10-11 05:00:00,2024-10-11,5,4,0,fall,1155,,,,
NYC,hour,2024-10-11 06:00:00,2024-10-11,6,4,0,fall,3144,,,,
NYC,hour,2024-10-11 07:00:00,2024-10-11,7,4,0,fall,7377,,,,
NYC,hour,2024-10-11 08:00:00,2024-10-11,8,4,0,fall,10725,,,,
NYC,hour,2024-10-11 09:00:00,2024-10-11,9,4,0,fall,8538,,,,
NYC,hour,2024-10-11 10:00:00,2024-10-11,10,4,0,fall,7006,,,,
NYC,hour,2024-10-11 11:00:00,2024-10-11,11,4,0,fall,7603,,,,
NYC,hour,2024-10-11 12:00:00,2024-10-11,12,4,0,fall,9016,,,,
NYC,hour,2024-10-11 13:00:00,2024-10-11,13,4,0,fall,9606,,,,
NYC,hour,2024-10-11 14:00:00,2024-10-11,14,4,0,fall,10707,,,,
NYC,hour,2024-10-11 15:00:00,2024-10-11,15,4,0,fall,12423,,,,
NYC,hour,2024-10-11 16:00:00,2024-10-11,16,4,0,fall,13838,,,,
NYC,hour,2024-10-11 17:00:00,2024-10-11,17,4,0,fall,15941,,,,
NYC,hour,2024-10-11 18:00:00,2024-10-11,18,4,0,fall,14108,,,,
NYC,hour,2024-10-11 19:00:00,2024-10-11,19,4,0,fall,10241,,,,
NYC,hour,2024-10-11 20:00:00,2024-10-11,20,4,0,fall,7702,,,,
NYC,hour,2024-10-11 21:00:00,2024-10-11,21,4,0,fall,6056,,,,
NYC,hour,2024-10-11 22:00:00,2024-10-11,22,4,0,fall,5254,,,,
NYC,hour,2024-10-11 23:00:00,2024-10-11,23,4,0,fall,4467,,,,
NYC,hour,2024-10-12 00:00:00,2024-10-12,0,5,1,fall,3664,,,,
NYC,hour,2024-10-12 01:00:00,2024-10-12,1,5,1,fall,2630,,,,
NYC,hour,2024-10-12 02:00:00,2024-10-12,2,5,1,fall,1622,,,,
NYC,hour,2024-10-12 03:00:00,2024-10-12,3,5,1,fall,1207,,,,
NYC,hour,2024-10-12 04:00:00,2024-10-12,4,5,1,fall,760,,,,
NYC,hour,2024-10-12 05:00:00,2024-10-12,5,5,1,fall,593,,,,
NYC,hour,2024-10-12 06:00:00,2024-10-12,6,5,1,fall,1140,,,,
NYC,hour,2024-10-12 07:00:00,2024-10-12,7,5,1,fall,2458,,,,
NYC,hour,2024-10-12 08:00:00,2024-10-12,8,5,1,fall,4203,,,,
NYC,hour,2024-10-12 09:00:00,2024-10-12,9,5,1,fall,6709,,,,
NYC,hour,2024-10-12 10:00:00,2024-10-12,10,5,1,fall,8648,,,,
NYC,hour,2024-10-12 11:00:00,2024-10-12,11,5,1,fall,10861,,,,
NYC,hour,2024-10-12 12:00:00,2024-10-12,12,5,1,fall,12291,,,,
NYC,hour,2024-10-12 13:00:00,2024-10-12,13,5,1,fall,13167,,,,
NYC,hour,2024-10-12 14:00:00,2024-10-12,14,5,1,fall,13738,,,,
NYC,hour,2024-10-12 15:00:00,2024-10-12,15,5,1,fall,13807,,,,
NYC,hour,2024-10-12 16:00:00,2024-10-12,16,5,1,fall,13710,,,,
NYC,hour,2024-10-12 17:00:00,2024-10-12,17,5,1,fall,13011,,,,
NYC,hour,2024-10-12 18:00:00,2024-10-12,18,5,1,fall,11670,,,,
NYC,hour,2024-10-12 19:00:00,2024-10-12,19,5,1,fall,9464,,,,
NYC,hour,2024-10-12 20:00:00,2024-10-12,20,5,1,fall,7198,,,,
NYC,hour,2024-10-12 21:00:00,2024-10-12,21,5,1,fall,5987,,,,
NYC,hour,2024-10-12 22:00:00,2024-10-12,22,5,1,fall,5517,,,,
NYC,hour,2024-10-12 23:00:00,2024-10-12,23,5,1,fall,4616,,,,
NYC,hour,2024-10-13 00:00:00,2024-10-13,0,6,1,fall,3675,,,,
NYC,hour,2024-10-13 01:00:00,2024-10-13,1,6,1,fall,2672,,,,
NYC,hour,2024-10-13 02:00:00,2024-10-13,2,6,1,fall,1933,,,,
NYC,hour,2024-10-13 03:00:00,2024-10-13,3,6,1,fall,1339,,,,
NYC,hour,2024-10-13 04:00:00,2024-10-13,4,6,1,fall,850,,,,
NYC,hour,2024-10-13 05:00:00,2024-10-13,5,6,1,fall,672,,,,
NYC,hour,2024-10-13 06:00:00,2024-10-13,6,6,1,fall,1206,,,,
NYC,hour,2024-10-13 07:00:00,2024-10-13,7,6,1,fall,1858,,,,
NYC,hour,2024-10-13 08:00:00,2024-10-13,8,6,1,fall,3147,,,,
NYC,hour,2024-10-13 09:00:00,2024-10-13,9,6,1,fall,5371,,,,
NYC,hour,2024-10-13 10:00:00,2024-10-13,10,6,1,fall,7668,,,,
NYC,hour,2024-10-13 11:00:00,2024-10-13,11,6,1,fall,9885,,,,
NYC,hour,2024-10-13 12:00:00,2024-10-13,12,6,1,fall,11810,,,,
NYC,hour,2024-10-13 13:00:00,2024-10-13,13,6,1,fall,12369,,,,
NYC,hour,2024-10-13 14:00:00,2024-10-13,14,6,1,fall,12927,,,,
NYC,hour,2024-10-13 15:00:00,2024-10-13,15,6,1,fall,13017,,,,
NYC,hour,2024-10-13 16:00:00,2024-10-13,16,6,1,fall,13069,,,,
NYC,hour,2024-10-13 17:00:00,2024-10-13,17,6,1,fall,12992,,,,
NYC,hour,2024-10-13 18:00:00,2024-10-13,18,6,1,fall,11268,,,,
NYC,hour,2024-10-13 19:00:00,2024-10-13,19,6,1,fall,8387,,,,
NYC,hour,2024-10-13 20:00:00,2024-10-13,20,6,1,fall,6463,,,,
NYC,hour,2024-10-13 21:00:00,2024-10-13,21,6,1,fall,5218,,,,
NYC,hour,2024-10-13 22:00:00,2024-10-13,22,6,1,fall,4249,,,,
NYC,hour,2024-10-13 23:00:00,2024-10-13,23,6,1,fall,3427,,,,
NYC,hour,2024-10-14 00:00:00,2024-10-14,0,0,0,fall,1986,,,,
NYC,hour,2024-10-14 01:00:00,2024-10-14,1,0,0,fall,1004,,,,
NYC,hour,2024-10-14 02:00:00,2024-10-14,2,0,0,fall,621,,,,
NYC,hour,2024-10-14 03:00:00,2024-10-14,3,0,0,fall,443,,,,
NYC,hour,2024-10-14 04:00:00,2024-10-14,4,0,0,fall,453,,,,
NYC,hour,2024-10-14 05:00:00,2024-10-14,5,0,0,fall,928,,,,
NYC,hour,2024-10-14 06:00:00,2024-10-14,6,0,0,fall,2365,,,,
NYC,hour,2024-10-14 07:00:00,2024-10-14,7,0,0,fall,4912,,,,
NYC,hour,2024-10-14 08:00:00,2024-10-14,8,0,0,fall,8205,,,,
NYC,hour,2024-10-14 09:00:00,2024-10-14,9,0,0,fall,7399,,,,
NYC,hour,2024-10-14 10:00:00,2024-10-14,10,0,0,fall,6495,,,,
NYC,hour,2024-10-14 11:00:00,2024-10-14,11,0,0,fall,7198,,,,
NYC,hour,2024-10-14 12:00:00,2024-10-14,12,0,0,fall,8234,,,,
NYC,hour,2024-10-14 13:00:00,2024-10-14,13,0,0,fall,8891,,,,
NYC,hour,2024-10-14 14:00:00,2024-10-14,14,0,0,fall,9473,,,,
NYC,hour,2024-10-14 15:00:00,2024-10-14,15,0,0,fall,9624,,,,
NYC,hour,2024-10-14 16:00:00,2024-10-14,16,0,0,fall,10325,,,,
NYC,hour,2024-10-14 17:00:00,2024-10-14,17,0,0,fall,12056,,,,
NYC,hour,2024-10-14 18:00:00,2024-10-14,18,0,0,fall,11031,,,,
NYC,hour,2024-10-14 19:00:00,2024-10-14,19,0,0,fall,7388,,,,
NYC,hour,2024-10-14 20:00:00,2024-10-14,20,0,0,fall,5077,,,,
NYC,hour,2024-10-14 21:00:00,2024-10-14,21,0,0,fall,3714,,,,
NYC,hour,2024-10-14 22:00:00,2024-10-14,22,0,0,fall,2878,,,,
NYC,hour,2024-10-14 23:00:00,2024-10-14,23,0,0,fall,2205,,,,
NYC,hour,2024-10-15 00:00:00,2024-10-15,0,1,0,fall,1179,,,,
NYC,hour,2024-10-15 01:00:00,2024-10-15,1,1,0,fall,605,,,,
NYC,hour,2024-10-15 02:00:00,2024-10-15,2,1,0,fall,326,,,,
NYC,hour,2024-10-15 03:00:00,2024-10-15,3,1,0,fall,219,,,,
NYC,hour,2024-10-15 04:00:00,2024-10-15,4,1,0,fall,314,,,,
NYC,hour,2024-10-15 05:00:00,2024-10-15,5,1,0,fall,1210,,,,
NYC,hour,2024-10-15 06:00:00,2024-10-15,6,1,0,fall,3644,,,,
NYC,hour,2024-10-15 07:00:00,2024-10-15,7,1,0,fall,8567,,,,
NYC,hour,2024-10-15 08:00:00,2024-10-15,8,1,0,fall,13085,,,,
NYC,hour,2024-10-15 09:00:00,2024-10-15,9,1,0,fall,8737,,,,
NYC,hour,2024-10-15 10:00:00,2024-10-15,10,1,0,fall,5970,,,,
NYC,hour,2024-10-15 11:00:00,2024-10-15,11,1,0,fall,5684,,,,
NYC,hour,2024-10-15 12:00:00,2024-10-15,12,1,0,fall,6496,,,,
NYC,hour,2024-10-15 13:00:00,2024-10-15,13,1,0,fall,6927,,,,
NYC,hour,2024-10-15 14:00:00,2024-10-15,14,1,0,fall,7796,,,,
NYC,hour,2024-10-15 15:00:00,2024-10-15,15,1,0,fall,9328,,,,
NYC,hour,2024-10-15 16:00:00,2024-10-15,16,1,0,fall,11122,,,,
NYC,hour,2024-10-15 17:00:00,2024-10-15,17,1,0,fall,16182,,,,
NYC,hour,2024-10-15 18:00:00,2024-10-15,18,1,0,fall,14790,,,,
NYC,hour,2024-10-15 19:00:00,2024-10-15,19,1,0,fall,9728,,,,
NYC,hour,2024-10-15 20:00:00,2024-10-15,20,1,0,fall,6807,,,,
NYC,hour,2024-10-15 21:00:00,2024-10-15,21,1,0,fall,5050,,,,
NYC,hour,2024-10-15 22:00:00,2024-10-15,22,1,0,fall,3973,,,,
NYC,hour,2024-10-15 23:00:00,2024-10-15,23,1,0,fall,2577,,,,
NYC,hour,2024-10-16 00:00:00,2024-10-16,0,2,0,fall,1387,,,,
NYC,hour,2024-10-16 01:00:00,2024-10-16,1,2,0,fall,625,,,,
NYC,hour,2024-10-16 02:00:00,2024-10-16,2,2,0,fall,326,,,,
NYC,hour,2024-10-16 03:00:00,2024-10-16,3,2,0,fall,232,,,,
NYC,hour,2024-10-16 04:00:00,2024-10-16,4,2,0,fall,336,,,,
NYC,hour,2024-10-16 05:00:00,2024-10-16,5,2,0,fall,1181,,,,
NYC,hour,2024-10-16 06:00:00,2024-10-16,6,2,0,fall,3637,,,,
NYC,hour,2024-10-16 07:00:00,2024-10-16,7,2,0,fall,8638,,,,
NYC,hour,2024-10-16 08:00:00,2024-10-16,8,2,0,fall,13260,,,,
NYC,hour,2024-10-16 09:00:00,2024-10-16,9,2,0,fall,9301,,,,
NYC,hour,2024-10-16 10:00:00,2024-10-16,10,2,0,fall,6063,,,,
NYC,hour,2024-10-16 11:00:00,2024-10-16,11,2,0,fall,5896,,,,
NYC,hour,2024-10-16 12:00:00,2024-10-16,12,2,0,fall,6810,,,,
NYC,hour,2024-10-16 13:00:00,2024-10-16,13,2,0,fall,7126,,,,
NYC,hour,2024-10-16 14:00:00,2024-10-16,14,2,0,fall,8373,,,,
NYC,hour,2024-10-16 15:00:00,2024-10-16,15,2,0,fall,9459,,,,
NYC,hour,2024-10-16 16:00:00,2024-10-16,16,2,0,fall,11233,,,,
NYC,hour,2024-10-16 17:00:00,2024-10-16,17,2,0,fall,16018,,,,
NYC,hour,2024-10-16 18:00:00,2024-10-16,18,2,0,fall,14810,,,,
NYC,hour,2024-10-16 19:00:00,2024-10-16,19,2,0,fall,9993,,,,
NYC,hour,2024-10-16 20:00:00,2024-10-16,20,2,0,fall,6879,,,,
NYC,hour,2024-10-16 21:00:00,2024-10-16,21,2,0,fall,5286,,,,
NYC,hour,2024-10-16 22:00:00,2024-10-16,22,2,0,fall,4166,,,,
NYC,hour,2024-10-16 23:00:00,2024-10-16,23,2,0,fall,2943,,,,
NYC,hour,2024-10-17 00:00:00,2024-10-17,0,3,0,fall,1589,,,,
NYC,hour,2024-10-17 01:00:00,2024-10-17,1,3,0,fall,677,,,,
NYC,hour,2024-10-17 02:00:00,2024-10-17,2,3,0,fall,410,,,,
NYC,hour,2024-10-17 03:00:00,2024-10-17,3,3,0,fall,295,,,,
NYC,hour,2024-10-17 04:00:00,2024-10-17,4,3,0,fall,369,,,,
NYC,hour,2024-10-17 05:00:00,2024-10-17,5,3,0,fall,1165,,,,
NYC,hour,2024-10-17 06:00:00,2024-10-17,6,3,0,fall,3445,,,,
NYC,hour,2024-10-17 07:00:00,2024-10-17,7,3,0,fall,8278,,,,
NYC,hour,2024-10-17 08:00:00,2024-10-17,8,3,0,fall,12537,,,,
NYC,hour,2024-10-17 09:00:00,2024-10-17,9,3,0,fall,9137,,,,
NYC,hour,2024-10-17 10:00:00,2024-10-17,10,3,0,fall,6215,,,,
NYC,hour,2024-10-17 11:00:00,2024-10-17,11,3,0,fall,6141,,,,
NYC,hour,2024-10-17 12:00:00,2024-10-17,12,3,0,fall,6771,,,,
NYC,hour,2024-10-17 13:00:00,2024-10-17,13,3,0,fall,7232,,,,
NYC,hour,2024-10-17 14:00:00,2024-10-17,14,3,0,fall,8243,,,,
NYC,hour,2024-10-17 15:00:00,2024-10-17,15,3,0,fall,9557,,,,
NYC,hour,2024-10-17 16:00:00,2024-10-17,16,3,0,fall,11498,,,,
NYC,hour,2024-10-17 17:00:00,2024-10-17,17,3,0,fall,15804,,,,
NYC,hour,2024-10-17 18:00:00,2024-10-17,18,3,0,fall,14260,,,,
NYC,hour,2024-10-17 19:00:00,2024-10-17,19,3,0,fall,10044,,,,
NYC,hour,2024-10-17 20:00:00,2024-10-17,20,3,0,fall,7081,,,,
NYC,hour,2024-10-17 21:00:00,2024-10-17,21,3,0,fall,5451,,,,
NYC,hour,2024-10-17 22:00:00,2024-10-17,22,3,0,fall,4615,,,,
NYC,hour,2024-10-17 23:00:00,2024-10-17,23,3,0,fall,3261,,,,
NYC,hour,2024-10-18 00:00:00,2024-10-18,0,4,0,fall,1949,,,,
NYC,hour,2024-10-18 01:00:00,2024-10-18,1,4,0,fall,1065,,,,
NYC,hour,2024-10-18 02:00:00,2024-10-18,2,4,0,fall,671,,,,
NYC,hour,2024-10-18 03:00:00,2024-10-18,3,4,0,fall,394,,,,
NYC,hour,2024-10-18 04:00:00,2024-10-18,4,4,0,fall,424,,,,
NYC,hour,2024-10-18 05:00:00,2024-10-18,5,4,0,fall,1067,,,,
NYC,hour,2024-10-18 06:00:00,2024-10-18,6,4,0,fall,3020,,,,
NYC,hour,2024-10-18 07:00:00,2024-10-18,7,4,0,fall,7141,,,,
NYC,hour,2024-10-18 08:00:00,2024-10-18,8,4,0,fall,10396,,,,
NYC,hour,2024-10-18 09:00:00,2024-10-18,9,4,0,fall,8374,,,,
NYC,hour,2024-10-18 10:00:00,2024-10-18,10,4,0,fall,6783,,,,
NYC,hour,2024-10-18 11:00:00,2024-10-18,11,4,0,fall,7245,,,,
NYC,hour,2024-10-18 12:00:00,2024-10-18,12,4,0,fall,8251,,,,
NYC,hour,2024-10-18 13:00:00,2024-10-18,13,4,0,fall,9023,,,,
NYC,hour,2024-10-18 14:00:00,2024-10-18,14,4,0,fall,10471,,,,
NYC,hour,2024-10-18 15:00:00,2024-10-18,15,4,0,fall,11550,,,,
NYC,hour,2024-10-18 16:00:00,2024-10-18,16,4,0,fall,13186,,,,
NYC,hour,2024-10-18 17:00:00,2024-10-18,17,4,0,fall,15520,,,,
NYC,hour,2024-10-18 18:00:00,2024-10-18,18,4,0,fall,14002,,,,
NYC,hour,2024-10-18 19:00:00,2024-10-18,19,4,0,fall,10424,,,,
NYC,hour,2024-10-18 20:00:00,2024-10-18,20,4,0,fall,7562,,,,
NYC,hour,2024-10-18 21:00:00,2024-10-18,21,4,0,fall,6119,,,,
NYC,hour,2024-10-18 22:00:00,2024-10-18,22,4,0,fall,5531,,,,
NYC,hour,2024-10-18 23:00:00,2024-10-18,23,4,0,fall,4893,,,,
NYC,hour,2024-10-19 00:00:00,2024-10-19,0,5,1,fall,3802,,,,
NYC,hour,2024-10-19 01:00:00,2024-10-19,1,5,1,fall,2556,,,,
NYC,hour,2024-10-19 02:00:00,2024-10-19,2,5,1,fall,1767,,,,
NYC,hour,2024-10-19 03:00:00,2024-10-19,3,5,1,fall,1056,,,,
NYC,hour,2024-10-19 04:00:00,2024-10-19,4,5,1,fall,655,,,,
NYC,hour,2024-10-19 05:00:00,2024-10-19,5,5,1,fall,535,,,,
NYC,hour,2024-10-19 06:00:00,2024-10-19,6,5,1,fall,1263,,,,
NYC,hour,2024-10-19 07:00:00,2024-10-19,7,5,1,fall,2571,,,,
NYC,hour,2024-10-19 08:00:00,2024-10-19,8,5,1,fall,4408,,,,
NYC,hour,2024-10-19 09:00:00,2024-10-19,9,5,1,fall,6944,,,,
NYC,hour,2024-10-19 10:00:00,2024-10-19,10,5,1,fall,8989,,,,
NYC,hour,2024-10-19 11:00:00,2024-10-19,11,5,1,fall,10930,,,,
NYC,hour,2024-10-19 12:00:00,2024-10-19,12,5,1,fall,12641,,,,
NYC,hour,2024-10-19 13:00:00,2024-10-19,13,5,1,fall,13398,,,,
NYC,hour,2024-10-19 14:00:00,2024-10-19,14,5,1,fall,13777,,,,
NYC,hour,2024-10-19 15:00:00,2024-10-19,15,5,1,fall,13759,,,,
NYC,hour,2024-10-19 16:00:00,2024-10-19,16,5,1,fall,13537,,,,
NYC,hour,2024-10-19 17:00:00,2024-10-19,17,5,1,fall,13120,,,,
NYC,hour,2024-10-19 18:00:00,2024-10-19,18,5,1,fall,11471,,,,
NYC,hour,2024-10-19 19:00:00,2024-10-19,19,5,1,fall,9111,,,,
NYC,hour,2024-10-19 20:00:00,2024-10-19,20,5,1,fall,6997,,,,
NYC,hour,2024-10-19 21:00:00,2024-10-19,21,5,1,fall,5812,,,,
NYC,hour,2024-10-19 22:00:00,2024-10-19,22,5,1,fall,5148,,,,
NYC,hour,2024-10-19 23:00:00,2024-10-19,23,5,1,fall,4922,,,,
NYC,hour,2024-10-20 00:00:00,2024-10-20,0,6,1,fall,4203,,,,
NYC,hour,2024-10-20 01:00:00,2024-10-20,1,6,1,fall,2754,,,,
NYC,hour,2024-10-20 02:00:00,2024-10-20,2,6,1,fall,1751,,,,
NYC,hour,2024-10-20 03:00:00,2024-10-20,3,6,1,fall,1165,,,,
NYC,hour,2024-10-20 04:00:00,2024-10-20,4,6,1,fall,769,,,,
NYC,hour,2024-10-20 05:00:00,2024-10-20,5,6,1,fall,528,,,,
NYC,hour,2024-10-20 06:00:00,2024-10-20,6,6,1,fall,1010,,,,
NYC,hour,2024-10-20 07:00:00,2024-10-20,7,6,1,fall,1915,,,,
NYC,hour,2024-10-20 08:00:00,2024-10-20,8,6,1,fall,3537,,,,
NYC,hour,2024-10-20 09:00:00,2024-10-20,9,6,1,fall,5603,,,,
NYC,hour,2024-10-20 10:00:00,2024-10-20,10,6,1,fall,8041,,,,
NYC,hour,2024-10-20 11:00:00,2024-10-20,11,6,1,fall,10226,,,,
NYC,hour,2024-10-20 12:00:00,2024-10-20,12,6,1,fall,11817,,,,
NYC,hour,2024-10-20 13:00:00,2024-10-20,13,6,1,fall,12319,,,,
NYC,hour,2024-10-20 14:00:00,2024-10-20,14,6,1,fall,13082,,,,
NYC,hour,2024-10-20 15:00:00,2024-10-20,15,6,1,fall,13139,,,,
NYC,hour,2024-10-20 16:00:00,2024-10-20,16,6,1,fall,13654,,,,
NYC,hour,2024-10-20 17:00:00,2024-10-20,17,6,1,fall,13053,,,,
NYC,hour,2024-10-20 18:00:00,2024-10-20,18,6,1,fall,11216,,,,
NYC,hour,2024-10-20 19:00:00,2024-10-20,19,6,1,fall,8115,,,,
NYC,hour,2024-10-20 20:00:00,2024-10-20,20,6,1,fall,5619,,,,
NYC,hour,2024-10-20 21:00:00,2024-10-20,21,6,1,fall,4448,,,,
NYC,hour,2024-10-20 22:00:00,2024-10-20,22,6,1,fall,3814,,,,
NYC,hour,2024-10-20 23:00:00,2024-10-20,23,6,1,fall,3102,,,,
NYC,hour,2024-10-21 00:00:00,2024-10-21,0,0,0,fall,1506,,,,
NYC,hour,2024-10-21 01:00:00,2024-10-21,1,0,0,fall,752,,,,
NYC,hour,2024-10-21 02:00:00,2024-10-21,2,0,0,fall,466,,,,
NYC,hour,2024-10-21 03:00:00,2024-10-21,3,0,0,fall,381,,,,
NYC,hour,2024-10-21 04:00:00,2024-10-21,4,0,0,fall,468,,,,
NYC,hour,2024-10-21 05:00:00,2024-10-21,5,0,0,fall,1285,,,,
NYC,hour,2024-10-21 06:00:00,2024-10-21,6,0,0,fall,3563,,,,
NYC,hour,2024-10-21 07:00:00,2024-10-21,7,0,0,fall,8290,,,,
NYC,hour,2024-10-21 08:00:00,2024-10-21,8,0,0,fall,12445,,,,
NYC,hour,2024-10-21 09:00:00,2024-10-21,9,0,0,fall,8975,,,,
NYC,hour,2024-10-21 10:00:00,2024-10-21,10,0,0,fall,6304,,,,
NYC,hour,2024-10-21 11:00:00,2024-10-21,11,0,0,fall,6481,,,,
NYC,hour,2024-10-21 12:00:00,2024-10-21,12,0,0,fall,7350,,,,
NYC,hour,2024-10-21 13:00:00,2024-10-21,13,0,0,fall,7902,,,,
NYC,hour,2024-10-21 14:00:00,2024-10-21,14,0,0,fall,9137,,,,
NYC,hour,2024-10-21 15:00:00,2024-10-21,15,0,0,fall,10721,,,,
NYC,hour,2024-10-21 16:00:00,2024-10-21,16,0,0,fall,12852,,,,
NYC,hour,2024-10-21 17:00:00,2024-10-21,17,0,0,fall,17828,,,,
NYC,hour,2024-10-21 18:00:00,2024-10-21,18,0,0,fall,16159,,,,
NYC,hour,2024-10-21 19:00:00,2024-10-21,19,0,0,fall,10920,,,,
NYC,hour,2024-10-21 20:00:00,2024-10-21,20,0,0,fall,7642,,,,
NYC,hour,2024-10-21 21:00:00,2024-10-21,21,0,0,fall,5756,,,,
NYC,hour,2024-10-21 22:00:00,2024-10-21,22,0,0,fall,4184,,,,
NYC,hour,2024-10-21 23:00:00,2024-10-21,23,0,0,fall,2755,,,,
NYC,hour,2024-10-22 00:00:00,2024-10-22,0,1,0,fall,1472,,,,
NYC,hour,2024-10-22 01:00:00,2024-10-22,1,1,0,fall,797,,,,
NYC,hour,2024-10-22 02:00:00,2024-10-22,2,1,0,fall,459,,,,
NYC,hour,2024-10-22 03:00:00,2024-10-22,3,1,0,fall,360,,,,
NYC,hour,2024-10-22 04:00:00,2024-10-22,4,1,0,fall,457,,,,
NYC,hour,2024-10-22 05:00:00,2024-10-22,5,1,0,fall,1425,,,,
NYC,hour,2024-10-22 06:00:00,2024-10-22,6,1,0,fall,4283,,,,
NYC,hour,2024-10-22 07:00:00,2024-10-22,7,1,0,fall,9639,,,,
NYC,hour,2024-10-22 08:00:00,2024-10-22,8,1,0,fall,14900,,,,
NYC,hour,2024-10-22 09:00:00,2024-10-22,9,1,0,fall,10552,,,,
NYC,hour,2024-10-22 10:00:00,2024-10-22,10,1,0,fall,7059,,,,
NYC,hour,2024-10-22 11:00:00,2024-10-22,11,1,0,fall,6753,,,,
NYC,hour,2024-10-22 12:00:00,2024-10-22,12,1,0,fall,7586,,,,
NYC,hour,2024-10-22 13:00:00,2024-10-22,13,1,0,fall,8153,,,,
NYC,hour,2024-10-22 14:00:00,2024-10-22,14,1,0,fall,9300,,,,
NYC,hour,2024-10-22 15:00:00,2024-10-22,15,1,0,fall,10947,,,,
NYC,hour,2024-10-22 16:00:00,2024-10-22,16,1,0,fall,13593,,,,
NYC,hour,2024-10-22 17:00:00,2024-10-22,17,1,0,fall,19579,,,,
NYC,hour,2024-10-22 18:00:00,2024-10-22,18,1,0,fall,17637,,,,
NYC,hour,2024-10-22 19:00:00,2024-10-22,19,1,0,fall,11939,,,,
NYC,hour,2024-10-22 20:00:00,2024-10-22,20,1,0,fall,8464,,,,
NYC,hour,2024-10-22 21:00:00,2024-10-22,21,1,0,fall,6702,,,,
NYC,hour,2024-10-22 22:00:00,2024-10-22,22,1,0,fall,5061,,,,
NYC,hour,2024-10-22 23:00:00,2024-10-22,23,1,0,fall,3138,,,,
NYC,hour,2024-10-23 00:00:00,2024-10-23,0,2,0,fall,1684,,,,
NYC,hour,2024-10-23 01:00:00,2024-10-23,1,2,0,fall,822,,,,
NYC,hour,2024-10-23 02:00:00,2024-10-23,2,2,0,fall,520,,,,
NYC,hour,2024-10-23 03:00:00,2024-10-23,3,2,0,fall,384,,,,
NYC,hour,2024-10-23 04:00:00,2024-10-23,4,2,0,fall,442,,,,
NYC,hour,2024-10-23 05:00:00,2024-10-23,5,2,0,fall,1399,,,,
NYC,hour,2024-10-23 06:00:00,2024-10-23,6,2,0,fall,4172,,,,
NYC,hour,2024-10-23 07:00:00,2024-10-23,7,2,0,fall,9395,,,,
NYC,hour,2024-10-23 08:00:00,2024-10-23,8,2,0,fall,15027,,,,
NYC,hour,2024-10-23 09:00:00,2024-10-23,9,2,0,fall,10542,,,,
NYC,hour,2024-10-23 10:00:00,2024-10-23,10,2,0,fall,7073,,,,
NYC,hour,2024-10-23 11:00:00,2024-10-23,11,2,0,fall,7214,,,,
NYC,hour,2024-10-23 12:00:00,2024-10-23,12,2,0,fall,7951,,,,
NYC,hour,2024-10-23 13:00:00,2024-10-23,13,2,0,fall,8653,,,,
NYC,hour,2024-10-23 14:00:00,2024-10-23,14,2,0,fall,9819,,,,
NYC,hour,2024-10-23 15:00:00,2024-10-23,15,2,0,fall,11122,,,,
NYC,hour,2024-10-23 16:00:00,2024-10-23,16,2,0,fall,13434,,,,
NYC,hour,2024-10-23 17:00:00,2024-10-23,17,2,0,fall,19412,,,,
NYC,hour,2024-10-23 18:00:00,2024-10-23,18,2,0,fall,17501,,,,
NYC,hour,2024-10-23 19:00:00,2024-10-23,19,2,0,fall,11897,,,,
NYC,hour,2024-10-23 20:00:00,2024-10-23,20,2,0,fall,8596,,,,
NYC,hour,2024-10-23 21:00:00,2024-10-23,21,2,0,fall,6725,,,,
NYC,hour,2024-10-23 22:00:00,2024-10-23,22,2,0,fall,5557,,,,
NYC,hour,2024-10-23 23:00:00,2024-10-23,23,2,0,fall,3558,,,,
NYC,hour,2024-10-24 00:00:00,2024-10-24,0,3,0,fall,1782,,,,
NYC,hour,2024-10-24 01:00:00,2024-10-24,1,3,0,fall,880,,,,
NYC,hour,2024-10-24 02:00:00,2024-10-24,2,3,0,fall,506,,,,
NYC,hour,2024-10-24 03:00:00,2024-10-24,3,3,0,fall,374,,,,
NYC,hour,2024-10-24 04:00:00,2024-10-24,4,3,0,fall,395,,,,
NYC,hour,2024-10-24 05:00:00,2024-10-24,5,3,0,fall,1278,,,,
NYC,hour,2024-10-24 06:00:00,2024-10-24,6,3,0,fall,3869,,,,
NYC,hour,2024-10-24 07:00:00,2024-10-24,7,3,0,fall,9186,,,,
NYC,hour,2024-10-24 08:00:00,2024-10-24,8,3,0,fall,14227,,,,
NYC,hour,2024-10-24 09:00:00,2024-10-24,9,3,0,fall,10200,,,,
NYC,hour,2024-10-24 10:00:00,2024-10-24,10,3,0,fall,7023,,,,
NYC,hour,2024-10-24 11:00:00,2024-10-24,11,3,0,fall,6880,,,,
NYC,hour,2024-10-24 12:00:00,2024-10-24,12,3,0,fall,7686,,,,
NYC,hour,2024-10-24 13:00:00,2024-10-24,13,3,0,fall,8198,,,,
NYC,hour,2024-10-24 14:00:00,2024-10-24,14,3,0,fall,9419,,,,
NYC,hour,2024-10-24 15:00:00,2024-10-24,15,3,0,fall,10932,,,,
NYC,hour,2024-10-24 16:00:00,2024-10-24,16,3,0,fall,12964,,,,
NYC,hour,2024-10-24 17:00:00,2024-10-24,17,3,0,fall,18461,,,,
NYC,hour,2024-10-24 18:00:00,2024-10-24,18,3,0,fall,16509,,,,
NYC,hour,2024-10-24 19:00:00,2024-10-24,19,3,0,fall,11421,,,,
NYC,hour,2024-10-24 20:00:00,2024-10-24,20,3,0,fall,8046,,,,
NYC,hour,2024-10-24 21:00:00,2024-10-24,21,3,0,fall,6636,,,,
NYC,hour,2024-10-24 22:00:00,2024-10-24,22,3,0,fall,5352,,,,
NYC,hour,2024-10-24 23:00:00,2024-10-24,23,3,0,fall,3742,,,,
NYC,hour,2024-10-25 00:00:00,2024-10-25,0,4,0,fall,2041,,,,
NYC,hour,2024-10-25 01:00:00,2024-10-25,1,4,0,fall,1036,,,,
NYC,hour,2024-10-25 02:00:00,2024-10-25,2,4,0,fall,594,,,,
NYC,hour,2024-10-25 03:00:00,2024-10-25,3,4,0,fall,429,,,,
NYC,hour,2024-10-25 04:00:00,2024-10-25,4,4,0,fall,429,,,,
NYC,hour,2024-10-25 05:00:00,2024-10-25,5,4,0,fall,1052,,,,
NYC,hour,2024-10-25 06:00:00,2024-10-25,6,4,0,fall,3185,,,,
NYC,hour,2024-10-25 07:00:00,2024-10-25,7,4,0,fall,7339,,,,
NYC,hour,2024-10-25 08:00:00,2024-10-25,8,4,0,fall,11047,,,,
NYC,hour,2024-10-25 09:00:00,2024-10-25,9,4,0,fall,8794,,,,
NYC,hour,2024-10-25 10:00:00,2024-10-25,10,4,0,fall,6946,,,,
NYC,hour,2024-10-25 11:00:00,2024-10-25,11,4,0,fall,7506,,,,
NYC,hour,2024-10-25 12:00:00,2024-10-25,12,4,0,fall,8687,,,,
NYC,hour,2024-10-25 13:00:00,2024-10-25,13,4,0,fall,9349,,,,
NYC,hour,2024-10-25 14:00:00,2024-10-25,14,4,0,fall,10519,,,,
NYC,hour,2024-10-25 15:00:00,2024-10-25,15,4,0,fall,11957,,,,
NYC,hour,2024-10-25 16:00:00,2024-10-25,16,4,0,fall,13867,,,,
NYC,hour,2024-10-25 17:00:00,2024-10-25,17,4,0,fall,16297,,,,
NYC,hour,2024-10-25 18:00:00,2024-10-25,18,4,0,fall,13899,,,,
NYC,hour,2024-10-25 19:00:00,2024-10-25,19,4,0,fall,10875,,,,
NYC,hour,2024-10-25 20:00:00,2024-10-25,20,4,0,fall,7912,,,,
NYC,hour,2024-10-25 21:00:00,2024-10-25,21,4,0,fall,6140,,,,
NYC,hour,2024-10-25 22:00:00,2024-10-25,22,4,0,fall,5409,,,,
NYC,hour,2024-10-25 23:00:00,2024-10-25,23,4,0,fall,5099,,,,
NYC,hour,2024-10-26 00:00:00,2024-10-26,0,5,1,fall,4322,,,,
NYC,hour,2024-10-26 01:00:00,2024-10-26,1,5,1,fall,2726,,,,
NYC,hour,2024-10-26 02:00:00,2024-10-26,2,5,1,fall,2036,,,,
NYC,hour,2024-10-26 03:00:00,2024-10-26,3,5,1,fall,1479,,,,
NYC,hour,2024-10-26 04:00:00,2024-10-26,4,5,1,fall,900,,,,
NYC,hour,2024-10-26 05:00:00,2024-10-26,5,5,1,fall,740,,,,
NYC,hour,2024-10-26 06:00:00,2024-10-26,6,5,1,fall,1319,,,,
NYC,hour,2024-10-26 07:00:00,2024-10-26,7,5,1,fall,2745,,,,
NYC,hour,2024-10-26 08:00:00,2024-10-26,8,5,1,fall,4689,,,,
NYC,hour,2024-10-26 09:00:00,2024-10-26,9,5,1,fall,7067,,,,
NYC,hour,2024-10-26 10:00:00,2024-10-26,10,5,1,fall,9132,,,,
NYC,hour,2024-10-26 11:00:00,2024-10-26,11,5,1,fall,10726,,,,
NYC,hour,2024-10-26 12:00:00,2024-10-26,12,5,1,fall,12433,,,,
NYC,hour,2024-10-26 13:00:00,2024-10-26,13,5,1,fall,12975,,,,
NYC,hour,2024-10-26 14:00:00,2024-10-26,14,5,1,fall,13235,,,,
NYC,hour,2024-10-26 15:00:00,2024-10-26,15,5,1,fall,13255,,,,
NYC,hour,2024-10-26 16:00:00,2024-10-26,16,5,1,fall,12777,,,,
NYC,hour,2024-10-26 17:00:00,2024-10-26,17,5,1,fall,12202,,,,
NYC,hour,2024-10-26 18:00:00,2024-10-26,18,5,1,fall,10790,,,,
NYC,hour,2024-10-26 19:00:00,2024-10-26,19,5,1,fall,9063,,,,
NYC,hour,2024-10-26 20:00:00,2024-10-26,20,5,1,fall,6640,,,,
NYC,hour,2024-10-26 21:00:00,2024-10-26,21,5,1,fall,5520,,,,
NYC,hour,2024-10-26 22:00:00,2024-10-26,22,5,1,fall,4670,,,,
NYC,hour,2024-10-26 23:00:00,2024-10-26,23,5,1,fall,4517,,,,
NYC,hour,2024-10-27 00:00:00,2024-10-27,0,6,1,fall,3493,,,,
NYC,hour,2024-10-27 01:00:00,2024-10-27,1,6,1,fall,2604,,,,
NYC,hour,2024-10-27 02:00:00,2024-10-27,2,6,1,fall,1869,,,,
NYC,hour,2024-10-27 03:00:00,2024-10-27,3,6,1,fall,1485,,,,
NYC,hour,2024-10-27 04:00:00,2024-10-27,4,6,1,fall,944,,,,
NYC,hour,2024-10-27 05:00:00,2024-10-27,5,6,1,fall,634,,,,
NYC,hour,2024-10-27 06:00:00,2024-10-27,6,6,1,fall,1019,,,,
NYC,hour,2024-10-27 07:00:00,2024-10-27,7,6,1,fall,1737,,,,
NYC,hour,2024-10-27 08:00:00,2024-10-27,8,6,1,fall,3194,,,,
NYC,hour,2024-10-27 09:00:00,2024-10-27,9,6,1,fall,4941,,,,
NYC,hour,2024-10-27 10:00:00,2024-10-27,10,6,1,fall,7286,,,,
NYC,hour,2024-10-27 11:00:00,2024-10-27,11,6,1,fall,8868,,,,
NYC,hour,2024-10-27 12:00:00,2024-10-27,12,6,1,fall,10669,,,,
NYC,hour,2024-10-27 13:00:00,2024-10-27,13,6,1,fall,10814,,,,
NYC,hour,2024-10-27 14:00:00,2024-10-27,14,6,1,fall,11412,,,,
NYC,hour,2024-10-27 15:00:00,2024-10-27,15,6,1,fall,11404,,,,
NYC,hour,2024-10-27 16:00:00,2024-10-27,16,6,1,fall,11388,,,,
NYC,hour,2024-10-27 17:00:00,2024-10-27,17,6,1,fall,10538,,,,
NYC,hour,2024-10-27 18:00:00,2024-10-27,18,6,1,fall,8508,,,,
NYC,hour,2024-10-27 19:00:00,2024-10-27,19,6,1,fall,6280,,,,
NYC,hour,2024-10-27 20:00:00,2024-10-27,20,6,1,fall,4586,,,,
NYC,hour,2024-10-27 21:00:00,2024-10-27,21,6,1,fall,3732,,,,
NYC,hour,2024-10-27 22:00:00,2024-10-27,22,6,1,fall,2779,,,,
NYC,hour,2024-10-27 23:00:00,2024-10-27,23,6,1,fall,2134,,,,
NYC,hour,2024-10-28 00:00:00,2024-10-28,0,0,0,fall,1187,,,,
NYC,hour,2024-10-28 01:00:00,2024-10-28,1,0,0,fall,595,,,,
NYC,hour,2024-10-28 02:00:00,2024-10-28,2,0,0,fall,397,,,,
NYC,hour,2024-10-28 03:00:00,2024-10-28,3,0,0,fall,301,,,,
NYC,hour,2024-10-28 04:00:00,2024-10-28,4,0,0,fall,376,,,,
NYC,hour,2024-10-28 05:00:00,2024-10-28,5,0,0,fall,1123,,,,
NYC,hour,2024-10-28 06:00:00,2024-10-28,6,0,0,fall,3392,,,,
NYC,hour,2024-10-28 07:00:00,2024-10-28,7,0,0,fall,7764,,,,
NYC,hour,2024-10-28 08:00:00,2024-10-28,8,0,0,fall,11970,,,,
NYC,hour,2024-10-28 09:00:00,2024-10-28,9,0,0,fall,8498,,,,
NYC,hour,2024-10-28 10:00:00,2024-10-28,10,0,0,fall,5755,,,,
NYC,hour,2024-10-28 11:00:00,2024-10-28,11,0,0,fall,5892,,,,
NYC,hour,2024-10-28 12:00:00,2024-10-28,12,0,0,fall,6697,,,,
NYC,hour,2024-10-28 13:00:00,2024-10-28,13,0,0,fall,7115,,,,
NYC,hour,2024-10-28 14:00:00,2024-10-28,14,0,0,fall,8439,,,,
NYC,hour,2024-10-28 15:00:00,2024-10-28,15,0,0,fall,9834,,,,
NYC,hour,2024-10-28 16:00:00,2024-10-28,16,0,0,fall,11652,,,,
NYC,hour,2024-10-28 17:00:00,2024-10-28,17,0,0,fall,15736,,,,
NYC,hour,2024-10-28 18:00:00,2024-10-28,18,0,0,fall,13694,,,,
NYC,hour,2024-10-28 19:00:00,2024-10-28,19,0,0,fall,9382,,,,
NYC,hour,2024-10-28 20:00:00,2024-10-28,20,0,0,fall,6637,,,,
NYC,hour,2024-10-28 21:00:00,2024-10-28,21,0,0,fall,4594,,,,
NYC,hour,2024-10-28 22:00:00,2024-10-28,22,0,0,fall,3630,,,,
NYC,hour,2024-10-28 23:00:00,2024-10-28,23,0,0,fall,2584,,,,
NYC,hour,2024-10-29 00:00:00,2024-10-29,0,1,0,fall,1509,,,,
NYC,hour,2024-10-29 01:00:00,2024-10-29,1,1,0,fall,672,,,,
NYC,hour,2024-10-29 02:00:00,2024-10-29,2,1,0,fall,354,,,,
NYC,hour,2024-10-29 03:00:00,2024-10-29,3,1,0,fall,279,,,,
NYC,hour,2024-10-29 04:00:00,2024-10-29,4,1,0,fall,379,,,,
NYC,hour,2024-10-29 05:00:00,2024-10-29,5,1,0,fall,1319,,,,
NYC,hour,2024-10-29 06:00:00,2024-10-29,6,1,0,fall,3953,,,,
NYC,hour,2024-10-29 07:00:00,2024-10-29,7,1,0,fall,8930,,,,
NYC,hour,2024-10-29 08:00:00,2024-10-29,8,1,0,fall,14301,,,,
NYC,hour,2024-10-29 09:00:00,2024-10-29,9,1,0,fall,9717,,,,
NYC,hour,2024-10-29 10:00:00,2024-10-29,10,1,0,fall,6316,,,,
NYC,hour,2024-10-29 11:00:00,2024-10-29,11,1,0,fall,5991,,,,
NYC,hour,2024-10-29 12:00:00,2024-10-29,12,1,0,fall,6579,,,,
NYC,hour,2024-10-29 13:00:00,2024-10-29,13,1,0,fall,6744,,,,
NYC,hour,2024-10-29 14:00:00,2024-10-29,14,1,0,fall,8098,,,,
NYC,hour,2024-10-29 15:00:00,2024-10-29,15,1,0,fall,9756,,,,
NYC,hour,2024-10-29 16:00:00,2024-10-29,16,1,0,fall,11809,,,,
NYC,hour,2024-10-29 17:00:00,2024-10-29,17,1,0,fall,17284,,,,
NYC,hour,2024-10-29 18:00:00,2024-10-29,18,1,0,fall,15528,,,,
NYC,hour,2024-10-29 19:00:00,2024-10-29,19,1,0,fall,10515,,,,
NYC,hour,2024-10-29 20:00:00,2024-10-29,20,1,0,fall,7567,,,,
NYC,hour,2024-10-29 21:00:00,2024-10-29,21,1,0,fall,5699,,,,
NYC,hour,2024-10-29 22:00:00,2024-10-29,22,1,0,fall,4463,,,,
NYC,hour,2024-10-29 23:00:00,2024-10-29,23,1,0,fall,3240,,,,
NYC,hour,2024-10-30 00:00:00,2024-10-30,0,2,0,fall,1751,,,,
NYC,hour,2024-10-30 01:00:00,2024-10-30,1,2,0,fall,773,,,,
NYC,hour,2024-10-30 02:00:00,2024-10-30,2,2,0,fall,486,,,,
NYC,hour,2024-10-30 03:00:00,2024-10-30,3,2,0,fall,280,,,,
NYC,hour,2024-10-30 04:00:00,2024-10-30,4,2,0,fall,398,,,,
NYC,hour,2024-10-30 05:00:00,2024-10-30,5,2,0,fall,1272,,,,
NYC,hour,2024-10-30 06:00:00,2024-10-30,6,2,0,fall,3851,,,,
NYC,hour,2024-10-30 07:00:00,2024-10-30,7,2,0,fall,9307,,,,
NYC,hour,2024-10-30 08:00:00,2024-10-30,8,2,0,fall,15011,,,,
NYC,hour,2024-10-30 09:00:00,2024-10-30,9,2,0,fall,10558,,,,
NYC,hour,2024-10-30 10:00:00,2024-10-30,10,2,0,fall,7070,,,,
NYC,hour,2024-10-30 11:00:00,2024-10-30,11,2,0,fall,6853,,,,
NYC,hour,2024-10-30 12:00:00,2024-10-30,12,2,0,fall,8012,,,,
NYC,hour,2024-10-30 13:00:00,2024-10-30,13,2,0,fall,8532,,,,
NYC,hour,2024-10-30 14:00:00,2024-10-30,14,2,0,fall,9886,,,,
NYC,hour,2024-10-30 15:00:00,2024-10-30,15,2,0,fall,11241,,,,
NYC,hour,2024-10-30 16:00:00,2024-10-30,16,2,0,fall,13428,,,,
NYC,hour,2024-10-30 17:00:00,2024-10-30,17,2,0,fall,19028,,,,
NYC,hour,2024-10-30 18:00:00,2024-10-30,18,2,0,fall,17501,,,,
NYC,hour,2024-10-30 19:00:00,2024-10-30,19,2,0,fall,12289,,,,
NYC,hour,2024-10-30 20:00:00,2024-10-30,20,2,0,fall,8769,,,,
NYC,hour,2024-10-30 21:00:00,2024-10-30,21,2,0,fall,6626,,,,
NYC,hour,2024-10-30 22:00:00,2024-10-30,22,2,0,fall,5333,,,,
NYC,hour,2024-10-30 23:00:00,2024-10-30,23,2,0,fall,3688,,,,
NYC,hour,2024-10-31 00:00:00,2024-10-31,0,3,0,fall,2692,,,,
NYC,hour,2024-10-31 01:00:00,2024-10-31,1,3,0,fall,1181,,,,
NYC,hour,2024-10-31 02:00:00,2024-10-31,2,3,0,fall,578,,,,
NYC,hour,2024-10-31 03:00:00,2024-10-31,3,3,0,fall,404,,,,
NYC,hour,2024-10-31 04:00:00,2024-10-31,4,3,0,fall,415,,,,
NYC,hour,2024-10-31 05:00:00,2024-10-31,5,3,0,fall,1280,,,,
NYC,hour,2024-10-31 06:00:00,2024-10-31,6,3,0,fall,3782,,,,
NYC,hour,2024-10-31 07:00:00,2024-10-31,7,3,0,fall,8578,,,,
NYC,hour,2024-10-31 08:00:00,2024-10-31,8,3,0,fall,14180,,,,
NYC,hour,2024-10-31 09:00:00,2024-10-31,9,3,0,fall,10701,,,,
NYC,hour,2024-10-31 10:00:00,2024-10-31,10,3,0,fall,7768,,,,
NYC,hour,2024-10-31 11:00:00,2024-10-31,11,3,0,fall,7642,,,,
NYC,hour,2024-10-31 12:00:00,2024-10-31,12,3,0,fall,8837,,,,
NYC,hour,2024-10-31 13:00:00,2024-10-31,13,3,0,fall,9675,,,,
NYC,hour,2024-10-31 14:00:00,2024-10-31,14,3,0,fall,11070,,,,
NYC,hour,2024-10-31 15:00:00,2024-10-31,15,3,0,fall,12979,,,,
NYC,hour,2024-10-31 16:00:00,2024-10-31,16,3,0,fall,15147,,,,
NYC,hour,2024-10-31 17:00:00,2024-10-31,17,3,0,fall,18556,,,,
NYC,hour,2024-10-31 18:00:00,2024-10-31,18,3,0,fall,15629,,,,
NYC,hour,2024-10-31 19:00:00,2024-10-31,19,3,0,fall,11584,,,,
NYC,hour,2024-10-31 20:00:00,2024-10-31,20,3,0,fall,9264,,,,
NYC,hour,2024-10-31 21:00:00,2024-10-31,21,3,0,fall,7606,,,,
NYC,hour,2024-10-31 22:00:00,2024-10-31,22,3,0,fall,6022,,,,
NYC,hour,2024-10-31 23:00:00,2024-10-31,23,3,0,fall,5049,,,,
NYC,hour,2024-11-01 00:00:00,2024-11-01,0,4,0,fall,4027,,,,
NYC,hour,2024-11-01 01:00:00,2024-11-01,1,4,0,fall,2672,,,,
NYC,hour,2024-11-01 02:00:00,2024-11-01,2,4,0,fall,1697,,,,
NYC,hour,2024-11-01 03:00:00,2024-11-01,3,4,0,fall,1074,,,,
NYC,hour,2024-11-01 04:00:00,2024-11-01,4,4,0,fall,857,,,,
NYC,hour,2024-11-01 05:00:00,2024-11-01,5,4,0,fall,1211,,,,
NYC,hour,2024-11-01 06:00:00,2024-11-01,6,4,0,fall,3258,,,,
NYC,hour,2024-11-01 07:00:00,2024-11-01,7,4,0,fall,6243,,,,
NYC,hour,2024-11-01 08:00:00,2024-11-01,8,4,0,fall,9148,,,,
NYC,hour,2024-11-01 09:00:00,2024-11-01,9,4,0,fall,8531,,,,
NYC,hour,2024-11-01 10:00:00,2024-11-01,10,4,0,fall,7139,,,,
NYC,hour,2024-11-01 11:00:00,2024-11-01,11,4,0,fall,7890,,,,
NYC,hour,2024-11-01 12:00:00,2024-11-01,12,4,0,fall,9472,,,,
NYC,hour,2024-11-01 13:00:00,2024-11-01,13,4,0,fall,10216,,,,
NYC,hour,2024-11-01 14:00:00,2024-11-01,14,4,0,fall,11167,,,,
NYC,hour,2024-11-01 15:00:00,2024-11-01,15,4,0,fall,12357,,,,
NYC,hour,2024-11-01 16:00:00,2024-11-01,16,4,0,fall,14973,,,,
NYC,hour,2024-11-01 17:00:00,2024-11-01,17,4,0,fall,17344,,,,
NYC,hour,2024-11-01 18:00:00,2024-11-01,18,4,0,fall,15094,,,,
NYC,hour,2024-11-01 19:00:00,2024-11-01,19,4,0,fall,11326,,,,
NYC,hour,2024-11-01 20:00:00,2024-11-01,20,4,0,fall,8266,,,,
NYC,hour,2024-11-01 21:00:00,2024-11-01,21,4,0,fall,6647,,,,
NYC,hour,2024-11-01 22:00:00,2024-11-01,22,4,0,fall,5415,,,,
NYC,hour,2024-11-01 23:00:00,2024-11-01,23,4,0,fall,4475,,,,
NYC,hour,2024-11-02 00:00:00,2024-11-02,0,5,1,fall,3618,,,,
NYC,hour,2024-11-02 01:00:00,2024-11-02,1,5,1,fall,2608,,,,
NYC,hour,2024-11-02 02:00:00,2024-11-02,2,5,1,fall,1903,,,,
NYC,hour,2024-11-02 03:00:00,2024-11-02,3,5,1,fall,1251,,,,
NYC,hour,2024-11-02 04:00:00,2024-11-02,4,5,1,fall,717,,,,
NYC,hour,2024-11-02 05:00:00,2024-11-02,5,5,1,fall,595,,,,
NYC,hour,2024-11-02 06:00:00,2024-11-02,6,5,1,fall,1138,,,,
NYC,hour,2024-11-02 07:00:00,2024-11-02,7,5,1,fall,2577,,,,
NYC,hour,2024-11-02 08:00:00,2024-11-02,8,5,1,fall,4770,,,,
NYC,hour,2024-11-02 09:00:00,2024-11-02,9,5,1,fall,6959,,,,
NYC,hour,2024-11-02 10:00:00,2024-11-02,10,5,1,fall,8652,,,,
NYC,hour,2024-11-02 11:00:00,2024-11-02,11,5,1,fall,10761,,,,
NYC,hour,2024-11-02 12:00:00,2024-11-02,12,5,1,fall,11840,,,,
NYC,hour,2024-11-02 13:00:00,2024-11-02,13,5,1,fall,12400,,,,
NYC,hour,2024-11-02 14:00:00,2024-11-02,14,5,1,fall,12634,,,,
NYC,hour,2024-11-02 15:00:00,2024-11-02,15,5,1,fall,13122,,,,
NYC,hour,2024-11-02 16:00:00,2024-11-02,16,5,1,fall,12359,,,,
NYC,hour,2024-11-02 17:00:00,2024-11-02,17,5,1,fall,11544,,,,
NYC,hour,2024-11-02 18:00:00,2024-11-02,18,5,1,fall,9514,,,,
NYC,hour,2024-11-02 19:00:00,2024-11-02,19,5,1,fall,7741,,,,
NYC,hour,2024-11-02 20:00:00,2024-11-02,20,5,1,fall,5854,,,,
NYC,hour,2024-11-02 21:00:00,2024-11-02,21,5,1,fall,4726,,,,
NYC,hour,2024-11-02 22:00:00,2024-11-02,22,5,1,fall,4234,,,,
NYC,hour,2024-11-02 23:00:00,2024-11-02,23,5,1,fall,3711,,,,
NYC,hour,2024-11-03 00:00:00,2024-11-03,0,6,1,fall,3010,,,,
NYC,hour,2024-11-03 01:00:00,2024-11-03,1,6,1,fall,3534,,,,
NYC,hour,2024-11-03 02:00:00,2024-11-03,2,6,1,fall,948,,,,
NYC,hour,2024-11-03 03:00:00,2024-11-03,3,6,1,fall,580,,,,
NYC,hour,2024-11-03 04:00:00,2024-11-03,4,6,1,fall,539,,,,
NYC,hour,2024-11-03 05:00:00,2024-11-03,5,6,1,fall,855,,,,
NYC,hour,2024-11-03 06:00:00,2024-11-03,6,6,1,fall,1305,,,,
NYC,hour,2024-11-03 07:00:00,2024-11-03,7,6,1,fall,2213,,,,
NYC,hour,2024-11-03 08:00:00,2024-11-03,8,6,1,fall,3908,,,,
NYC,hour,2024-11-03 09:00:00,2024-11-03,9,6,1,fall,6610,,,,
NYC,hour,2024-11-03 10:00:00,2024-11-03,10,6,1,fall,8631,,,,
NYC,hour,2024-11-03 11:00:00,2024-11-03,11,6,1,fall,10178,,,,
NYC,hour,2024-11-03 12:00:00,2024-11-03,12,6,1,fall,10806,,,,
NYC,hour,2024-11-03 13:00:00,2024-11-03,13,6,1,fall,10985,,,,
NYC,hour,2024-11-03 14:00:00,2024-11-03,14,6,1,fall,10893,,,,
NYC,hour,2024-11-03 15:00:00,2024-11-03,15,6,1,fall,11000,,,,
NYC,hour,2024-11-03 16:00:00,2024-11-03,16,6,1,fall,10658,,,,
NYC,hour,2024-11-03 17:00:00,2024-11-03,17,6,1,fall,8534,,,,
NYC,hour,2024-11-03 18:00:00,2024-11-03,18,6,1,fall,6994,,,,
NYC,hour,2024-11-03 19:00:00,2024-11-03,19,6,1,fall,5484,,,,
NYC,hour,2024-11-03 20:00:00,2024-11-03,20,6,1,fall,4212,,,,
NYC,hour,2024-11-03 21:00:00,2024-11-03,21,6,1,fall,3230,,,,
NYC,hour,2024-11-03 22:00:00,2024-11-03,22,6,1,fall,2422,,,,
NYC,hour,2024-11-03 23:00:00,2024-11-03,23,6,1,fall,1706,,,,
NYC,hour,2024-11-04 00:00:00,2024-11-04,0,0,0,fall,941,,,,
NYC,hour,2024-11-04 01:00:00,2024-11-04,1,0,0,fall,466,,,,
NYC,hour,2024-11-04 02:00:00,2024-11-04,2,0,0,fall,316,,,,
NYC,hour,2024-11-04 03:00:00,2024-11-04,3,0,0,fall,221,,,,
NYC,hour,2024-11-04 04:00:00,2024-11-04,4,0,0,fall,308,,,,
NYC,hour,2024-11-04 05:00:00,2024-11-04,5,0,0,fall,1142,,,,
NYC,hour,2024-11-04 06:00:00,2024-11-04,6,0,0,fall,3629,,,,
NYC,hour,2024-11-04 07:00:00,2024-11-04,7,0,0,fall,8268,,,,
NYC,hour,2024-11-04 08:00:00,2024-11-04,8,0,0,fall,11864,,,,
NYC,hour,2024-11-04 09:00:00,2024-11-04,9,0,0,fall,8187,,,,
NYC,hour,2024-11-04 10:00:00,2024-11-04,10,0,0,fall,5895,,,,
NYC,hour,2024-11-04 11:00:00,2024-11-04,11,0,0,fall,5925,,,,
NYC,hour,2024-11-04 12:00:00,2024-11-04,12,0,0,fall,6606,,,,
NYC,hour,2024-11-04 13:00:00,2024-11-04,13,0,0,fall,6961,,,,
NYC,hour,2024-11-04 14:00:00,2024-11-04,14,0,0,fall,7852,,,,
NYC,hour,2024-11-04 15:00:00,2024-11-04,15,0,0,fall,9190,,,,
NYC,hour,2024-11-04 16:00:00,2024-11-04,16,0,0,fall,10990,,,,
NYC,hour,2024-11-04 17:00:00,2024-11-04,17,0,0,fall,13980,,,,
NYC,hour,2024-11-04 18:00:00,2024-11-04,18,0,0,fall,12231,,,,
NYC,hour,2024-11-04 19:00:00,2024-11-04,19,0,0,fall,8777,,,,
NYC,hour,2024-11-04 20:00:00,2024-11-04,20,0,0,fall,6336,,,,
NYC,hour,2024-11-04 21:00:00,2024-11-04,21,0,0,fall,4719,,,,
NYC,hour,2024-11-04 22:00:00,2024-11-04,22,0,0,fall,3453,,,,
NYC,hour,2024-11-04 23:00:00,2024-11-04,23,0,0,fall,2326,,,,
NYC,hour,2024-11-05 00:00:00,2024-11-05,0,1,0,fall,1210,,,,
NYC,hour,2024-11-05 01:00:00,2024-11-05,1,1,0,fall,590,,,,
NYC,hour,2024-11-05 02:00:00,2024-11-05,2,1,0,fall,387,,,,
NYC,hour,2024-11-05 03:00:00,2024-11-05,3,1,0,fall,247,,,,
NYC,hour,2024-11-05 04:00:00,2024-11-05,4,1,0,fall,522,,,,
NYC,hour,2024-11-05 05:00:00,2024-11-05,5,1,0,fall,1348,,,,
NYC,hour,2024-11-05 06:00:00,2024-11-05,6,1,0,fall,4286,,,,
NYC,hour,2024-11-05 07:00:00,2024-11-05,7,1,0,fall,8679,,,,
NYC,hour,2024-11-05 08:00:00,2024-11-05,8,1,0,fall,12342,,,,
NYC,hour,2024-11-05 09:00:00,2024-11-05,9,1,0,fall,9391,,,,
NYC,hour,2024-11-05 10:00:00,2024-11-05,10,1,0,fall,6944,,,,
NYC,hour,2024-11-05 11:00:00,2024-11-05,11,1,0,fall,7187,,,,
NYC,hour,2024-11-05 12:00:00,2024-11-05,12,1,0,fall,8313,,,,
NYC,hour,2024-11-05 13:00:00,2024-11-05,13,1,0,fall,8619,,,,
NYC,hour,2024-11-05 14:00:00,2024-11-05,14,1,0,fall,9181,,,,
NYC,hour,2024-11-05 15:00:00,2024-11-05,15,1,0,fall,10782,,,,
NYC,hour,2024-11-05 16:00:00,2024-11-05,16,1,0,fall,12662,,,,
NYC,hour,2024-11-05 17:00:00,2024-11-05,17,1,0,fall,15953,,,,
NYC,hour,2024-11-05 18:00:00,2024-11-05,18,1,0,fall,14131,,,,
NYC,hour,2024-11-05 19:00:00,2024-11-05,19,1,0,fall,10617,,,,
NYC,hour,2024-11-05 20:00:00,2024-11-05,20,1,0,fall,7418,,,,
NYC,hour,2024-11-05 21:00:00,2024-11-05,21,1,0,fall,5359,,,,
NYC,hour,2024-11-05 22:00:00,2024-11-05,22,1,0,fall,4632,,,,
NYC,hour,2024-11-05 23:00:00,2024-11-05,23,1,0,fall,3413,,,,
NYC,hour,2024-11-06 00:00:00,2024-11-06,0,2,0,fall,2070,,,,
NYC,hour,2024-11-06 01:00:00,2024-11-06,1,2,0,fall,972,,,,
NYC,hour,2024-11-06 02:00:00,2024-11-06,2,2,0,fall,554,,,,
NYC,hour,2024-11-06 03:00:00,2024-11-06,3,2,0,fall,383,,,,
NYC,hour,2024-11-06 04:00:00,2024-11-06,4,2,0,fall,421,,,,
NYC,hour,2024-11-06 05:00:00,2024-11-06,5,2,0,fall,1437,,,,
NYC,hour,2024-11-06 06:00:00,2024-11-06,6,2,0,fall,4156,,,,
NYC,hour,2024-11-06 07:00:00,2024-11-06,7,2,0,fall,9433,,,,
NYC,hour,2024-11-06 08:00:00,2024-11-06,8,2,0,fall,14222,,,,
NYC,hour,2024-11-06 09:00:00,2024-11-06,9,2,0,fall,9849,,,,
NYC,hour,2024-11-06 10:00:00,2024-11-06,10,2,0,fall,6952,,,,
NYC,hour,2024-11-06 11:00:00,2024-11-06,11,2,0,fall,6730,,,,
NYC,hour,2024-11-06 12:00:00,2024-11-06,12,2,0,fall,7704,,,,
NYC,hour,2024-11-06 13:00:00,2024-11-06,13,2,0,fall,8406,,,,
NYC,hour,2024-11-06 14:00:00,2024-11-06,14,2,0,fall,9672,,,,
NYC,hour,2024-11-06 15:00:00,2024-11-06,15,2,0,fall,11042,,,,
NYC,hour,2024-11-06 16:00:00,2024-11-06,16,2,0,fall,13338,,,,
NYC,hour,2024-11-06 17:00:00,2024-11-06,17,2,0,fall,17320,,,,
NYC,hour,2024-11-06 18:00:00,2024-11-06,18,2,0,fall,15346,,,,
NYC,hour,2024-11-06 19:00:00,2024-11-06,19,2,0,fall,11082,,,,
NYC,hour,2024-11-06 20:00:00,2024-11-06,20,2,0,fall,8060,,,,
NYC,hour,2024-11-06 21:00:00,2024-11-06,21,2,0,fall,6407,,,,
NYC,hour,2024-11-06 22:00:00,2024-11-06,22,2,0,fall,5113,,,,
NYC,hour,2024-11-06 23:00:00,2024-11-06,23,2,0,fall,3287,,,,
NYC,hour,2024-11-07 00:00:00,2024-11-07,0,3,0,fall,1762,,,,
NYC,hour,2024-11-07 01:00:00,2024-11-07,1,3,0,fall,815,,,,
NYC,hour,2024-11-07 02:00:00,2024-11-07,2,3,0,fall,554,,,,
NYC,hour,2024-11-07 03:00:00,2024-11-07,3,3,0,fall,335,,,,
NYC,hour,2024-11-07 04:00:00,2024-11-07,4,3,0,fall,427,,,,
NYC,hour,2024-11-07 05:00:00,2024-11-07,5,3,0,fall,1326,,,,
NYC,hour,2024-11-07 06:00:00,2024-11-07,6,3,0,fall,4349,,,,
NYC,hour,2024-11-07 07:00:00,2024-11-07,7,3,0,fall,9857,,,,
NYC,hour,2024-11-07 08:00:00,2024-11-07,8,3,0,fall,14705,,,,
NYC,hour,2024-11-07 09:00:00,2024-11-07,9,3,0,fall,10294,,,,
NYC,hour,2024-11-07 10:00:00,2024-11-07,10,3,0,fall,7595,,,,
NYC,hour,2024-11-07 11:00:00,2024-11-07,11,3,0,fall,7219,,,,
NYC,hour,2024-11-07 12:00:00,2024-11-07,12,3,0,fall,8018,,,,
NYC,hour,2024-11-07 13:00:00,2024-11-07,13,3,0,fall,8412,,,,
NYC,hour,2024-11-07 14:00:00,2024-11-07,14,3,0,fall,9324,,,,
NYC,hour,2024-11-07 15:00:00,2024-11-07,15,3,0,fall,10764,,,,
NYC,hour,2024-11-07 16:00:00,2024-11-07,16,3,0,fall,12768,,,,
NYC,hour,2024-11-07 17:00:00,2024-11-07,17,3,0,fall,16214,,,,
NYC,hour,2024-11-07 18:00:00,2024-11-07,18,3,0,fall,14801,,,,
NYC,hour,2024-11-07 19:00:00,2024-11-07,19,3,0,fall,10755,,,,
NYC,hour,2024-11-07 20:00:00,2024-11-07,20,3,0,fall,7715,,,,
NYC,hour,2024-11-07 21:00:00,2024-11-07,21,3,0,fall,5847,,,,
NYC,hour,2024-11-07 22:00:00,2024-11-07,22,3,0,fall,4672,,,,
NYC,hour,2024-11-07 23:00:00,2024-11-07,23,3,0,fall,3434,,,,
NYC,hour,2024-11-08 00:00:00,2024-11-08,0,4,0,fall,1931,,,,
NYC,hour,2024-11-08 01:00:00,2024-11-08,1,4,0,fall,1029,,,,
NYC,hour,2024-11-08 02:00:00,2024-11-08,2,4,0,fall,648,,,,
NYC,hour,2024-11-08 03:00:00,2024-11-08,3,4,0,fall,424,,,,
NYC,hour,2024-11-08 04:00:00,2024-11-08,4,4,0,fall,469,,,,
NYC,hour,2024-11-08 05:00:00,2024-11-08,5,4,0,fall,1149,,,,
NYC,hour,2024-11-08 06:00:00,2024-11-08,6,4,0,fall,3602,,,,
NYC,hour,2024-11-08 07:00:00,2024-11-08,7,4,0,fall,8026,,,,
NYC,hour,2024-11-08 08:00:00,2024-11-08,8,4,0,fall,11257,,,,
NYC,hour,2024-11-08 09:00:00,2024-11-08,9,4,0,fall,8873,,,,
NYC,hour,2024-11-08 10:00:00,2024-11-08,10,4,0,fall,7263,,,,
NYC,hour,2024-11-08 11:00:00,2024-11-08,11,4,0,fall,7715,,,,
NYC,hour,2024-11-08 12:00:00,2024-11-08,12,4,0,fall,8757,,,,
NYC,hour,2024-11-08 13:00:00,2024-11-08,13,4,0,fall,9591,,,,
NYC,hour,2024-11-08 14:00:00,2024-11-08,14,4,0,fall,10538,,,,
NYC,hour,2024-11-08 15:00:00,2024-11-08,15,4,0,fall,11910,,,,
NYC,hour,2024-11-08 16:00:00,2024-11-08,16,4,0,fall,13432,,,,
NYC,hour,2024-11-08 17:00:00,2024-11-08,17,4,0,fall,14298,,,,
NYC,hour,2024-11-08 18:00:00,2024-11-08,18,4,0,fall,12942,,,,
NYC,hour,2024-11-08 19:00:00,2024-11-08,19,4,0,fall,9989,,,,
NYC,hour,2024-11-08 20:00:00,2024-11-08,20,4,0,fall,6739,,,,
NYC,hour,2024-11-08 21:00:00,2024-11-08,21,4,0,fall,5298,,,,
NYC,hour,2024-11-08 22:00:00,2024-11-08,22,4,0,fall,4642,,,,
NYC,hour,2024-11-08 23:00:00,2024-11-08,23,4,0,fall,3996,,,,
NYC,hour,2024-11-09 00:00:00,2024-11-09,0,5,1,fall,3028,,,,
NYC,hour,2024-11-09 01:00:00,2024-11-09,1,5,1,fall,1944,,,,
NYC,hour,2024-11-09 02:00:00,2024-11-09,2,5,1,fall,1309,,,,
NYC,hour,2024-11-09 03:00:00,2024-11-09,3,5,1,fall,879,,,,
NYC,hour,2024-11-09 04:00:00,2024-11-09,4,5,1,fall,510,,,,
NYC,hour,2024-11-09 05:00:00,2024-11-09,5,5,1,fall,502,,,,
NYC,hour,2024-11-09 06:00:00,2024-11-09,6,5,1,fall,1057,,,,
NYC,hour,2024-11-09 07:00:00,2024-11-09,7,5,1,fall,2304,,,,
NYC,hour,2024-11-09 08:00:00,2024-11-09,8,5,1,fall,4072,,,,
NYC,hour,2024-11-09 09:00:00,2024-11-09,9,5,1,fall,6391,,,,
NYC,hour,2024-11-09 10:00:00,2024-11-09,10,5,1,fall,8048,,,,
NYC,hour,2024-11-09 11:00:00,2024-11-09,11,5,1,fall,9535,,,,
NYC,hour,2024-11-09 12:00:00,2024-11-09,12,5,1,fall,10533,,,,
NYC,hour,2024-11-09 13:00:00,2024-11-09,13,5,1,fall,10907,,,,
NYC,hour,2024-11-09 14:00:00,2024-11-09,14,5,1,fall,11006,,,,
NYC,hour,2024-11-09 15:00:00,2024-11-09,15,5,1,fall,11142,,,,
NYC,hour,2024-11-09 16:00:00,2024-11-09,16,5,1,fall,10234,,,,
NYC,hour,2024-11-09 17:00:00,2024-11-09,17,5,1,fall,8688,,,,
NYC,hour,2024-11-09 18:00:00,2024-11-09,18,5,1,fall,7829,,,,
NYC,hour,2024-11-09 19:00:00,2024-11-09,19,5,1,fall,7021,,,,
NYC,hour,2024-11-09 20:00:00,2024-11-09,20,5,1,fall,5390,,,,
NYC,hour,2024-11-09 21:00:00,2024-11-09,21,5,1,fall,4435,,,,
NYC,hour,2024-11-09 22:00:00,2024-11-09,22,5,1,fall,4176,,,,
NYC,hour,2024-11-09 23:00:00,2024-11-09,23,5,1,fall,3792,,,,
NYC,hour,2024-11-10 00:00:00,2024-11-10,0,6,1,fall,2873,,,,
NYC,hour,2024-11-10 01:00:00,2024-11-10,1,6,1,fall,1852,,,,
NYC,hour,2024-11-10 02:00:00,2024-11-10,2,6,1,fall,1288,,,,
NYC,hour,2024-11-10 03:00:00,2024-11-10,3,6,1,fall,896,,,,
NYC,hour,2024-11-10 04:00:00,2024-11-10,4,6,1,fall,608,,,,
NYC,hour,2024-11-10 05:00:00,2024-11-10,5,6,1,fall,497,,,,
NYC,hour,2024-11-10 06:00:00,2024-11-10,6,6,1,fall,893,,,,
NYC,hour,2024-11-10 07:00:00,2024-11-10,7,6,1,fall,1653,,,,
NYC,hour,2024-11-10 08:00:00,2024-11-10,8,6,1,fall,3219,,,,
NYC,hour,2024-11-10 09:00:00,2024-11-10,9,6,1,fall,5165,,,,
NYC,hour,2024-11-10 10:00:00,2024-11-10,10,6,1,fall,7111,,,,
NYC,hour,2024-11-10 11:00:00,2024-11-10,11,6,1,fall,8639,,,,
NYC,hour,2024-11-10 12:00:00,2024-11-10,12,6,1,fall,9403,,,,
NYC,hour,2024-11-10 13:00:00,2024-11-10,13,6,1,fall,9974,,,,
NYC,hour,2024-11-10 14:00:00,2024-11-10,14,6,1,fall,9833,,,,
NYC,hour,2024-11-10 15:00:00,2024-11-10,15,6,1,fall,9717,,,,
NYC,hour,2024-11-10 16:00:00,2024-11-10,16,6,1,fall,8695,,,,
NYC,hour,2024-11-10 17:00:00,2024-11-10,17,6,1,fall,7462,,,,
NYC,hour,2024-11-10 18:00:00,2024-11-10,18,6,1,fall,6868,,,,
NYC,hour,2024-11-10 19:00:00,2024-11-10,19,6,1,fall,5850,,,,
NYC,hour,2024-11-10 20:00:00,2024-11-10,20,6,1,fall,4317,,,,
NYC,hour,2024-11-10 21:00:00,2024-11-10,21,6,1,fall,3262,,,,
NYC,hour,2024-11-10 22:00:00,2024-11-10,22,6,1,fall,1549,,,,
NYC,hour,2024-11-10 23:00:00,2024-11-10,23,6,1,fall,1010,,,,
NYC,hour,2024-11-11 00:00:00,2024-11-11,0,0,0,fall,930,,,,
NYC,hour,2024-11-11 01:00:00,2024-11-11,1,0,0,fall,387,,,,
NYC,hour,2024-11-11 02:00:00,2024-11-11,2,0,0,fall,299,,,,
NYC,hour,2024-11-11 03:00:00,2024-11-11,3,0,0,fall,176,,,,
NYC,hour,2024-11-11 04:00:00,2024-11-11,4,0,0,fall,295,,,,
NYC,hour,2024-11-11 05:00:00,2024-11-11,5,0,0,fall,951,,,,
NYC,hour,2024-11-11 06:00:00,2024-11-11,6,0,0,fall,2573,,,,
NYC,hour,2024-11-11 07:00:00,2024-11-11,7,0,0,fall,5347,,,,
NYC,hour,2024-11-11 08:00:00,2024-11-11,8,0,0,fall,8817,,,,
NYC,hour,2024-11-11 09:00:00,2024-11-11,9,0,0,fall,7787,,,,
NYC,hour,2024-11-11 10:00:00,2024-11-11,10,0,0,fall,6541,,,,
NYC,hour,2024-11-11 11:00:00,2024-11-11,11,0,0,fall,6822,,,,
NYC,hour,2024-11-11 12:00:00,2024-11-11,12,0,0,fall,7813,,,,
NYC,hour,2024-11-11 13:00:00,2024-11-11,13,0,0,fall,8282,,,,
NYC,hour,2024-11-11 14:00:00,2024-11-11,14,0,0,fall,9160,,,,
NYC,hour,2024-11-11 15:00:00,2024-11-11,15,0,0,fall,10028,,,,
NYC,hour,2024-11-11 16:00:00,2024-11-11,16,0,0,fall,11412,,,,
NYC,hour,2024-11-11 17:00:00,2024-11-11,17,0,0,fall,12793,,,,
NYC,hour,2024-11-11 18:00:00,2024-11-11,18,0,0,fall,11636,,,,
NYC,hour,2024-11-11 19:00:00,2024-11-11,19,0,0,fall,8468,,,,
NYC,hour,2024-11-11 20:00:00,2024-11-11,20,0,0,fall,6302,,,,
NYC,hour,2024-11-11 21:00:00,2024-11-11,21,0,0,fall,4710,,,,
NYC,hour,2024-11-11 22:00:00,2024-11-11,22,0,0,fall,3361,,,,
NYC,hour,2024-11-11 23:00:00,2024-11-11,23,0,0,fall,2248,,,,
NYC,hour,2024-11-12 00:00:00,2024-11-12,0,1,0,fall,1236,,,,
NYC,hour,2024-11-12 01:00:00,2024-11-12,1,1,0,fall,612,,,,
NYC,hour,2024-11-12 02:00:00,2024-11-12,2,1,0,fall,365,,,,
NYC,hour,2024-11-12 03:00:00,2024-11-12,3,1,0,fall,256,,,,
NYC,hour,2024-11-12 04:00:00,2024-11-12,4,1,0,fall,406,,,,
NYC,hour,2024-11-12 05:00:00,2024-11-12,5,1,0,fall,1291,,,,
NYC,hour,2024-11-12 06:00:00,2024-11-12,6,1,0,fall,3977,,,,
NYC,hour,2024-11-12 07:00:00,2024-11-12,7,1,0,fall,8970,,,,
NYC,hour,2024-11-12 08:00:00,2024-11-12,8,1,0,fall,13118,,,,
NYC,hour,2024-11-12 09:00:00,2024-11-12,9,1,0,fall,8532,,,,
NYC,hour,2024-11-12 10:00:00,2024-11-12,10,1,0,fall,5641,,,,
NYC,hour,2024-11-12 11:00:00,2024-11-12,11,1,0,fall,5230,,,,
NYC,hour,2024-11-12 12:00:00,2024-11-12,12,1,0,fall,5824,,,,
NYC,hour,2024-11-12 13:00:00,2024-11-12,13,1,0,fall,6055,,,,
NYC,hour,2024-11-12 14:00:00,2024-11-12,14,1,0,fall,6921,,,,
NYC,hour,2024-11-12 15:00:00,2024-11-12,15,1,0,fall,8015,,,,
NYC,hour,2024-11-12 16:00:00,2024-11-12,16,1,0,fall,9758,,,,
NYC,hour,2024-11-12 17:00:00,2024-11-12,17,1,0,fall,12819,,,,
NYC,hour,2024-11-12 18:00:00,2024-11-12,18,1,0,fall,11775,,,,
NYC,hour,2024-11-12 19:00:00,2024-11-12,19,1,0,fall,7937,,,,
NYC,hour,2024-11-12 20:00:00,2024-11-12,20,1,0,fall,5546,,,,
NYC,hour,2024-11-12 21:00:00,2024-11-12,21,1,0,fall,4253,,,,
NYC,hour,2024-11-12 22:00:00,2024-11-12,22,1,0,fall,2999,,,,
NYC,hour,2024-11-12 23:00:00,2024-11-12,23,1,0,fall,1817,,,,
NYC,hour,2024-11-13 00:00:00,2024-11-13,0,2,0,fall,981,,,,
NYC,hour,2024-11-13 01:00:00,2024-11-13,1,2,0,fall,448,,,,
NYC,hour,2024-11-13 02:00:00,2024-11-13,2,2,0,fall,270,,,,
NYC,hour,2024-11-13 03:00:00,2024-11-13,3,2,0,fall,220,,,,
NYC,hour,2024-11-13 04:00:00,2024-11-13,4,2,0,fall,306,,,,
NYC,hour,2024-11-13 05:00:00,2024-11-13,5,2,0,fall,1103,,,,
NYC,hour,2024-11-13 06:00:00,2024-11-13,6,2,0,fall,3422,,,,
NYC,hour,2024-11-13 07:00:00,2024-11-13,7,2,0,fall,8175,,,,
NYC,hour,2024-11-13 08:00:00,2024-11-13,8,2,0,fall,11940,,,,
NYC,hour,2024-11-13 09:00:00,2024-11-13,9,2,0,fall,7941,,,,
NYC,hour,2024-11-13 10:00:00,2024-11-13,10,2,0,fall,5176,,,,
NYC,hour,2024-11-13 11:00:00,2024-11-13,11,2,0,fall,4975,,,,
NYC,hour,2024-11-13 12:00:00,2024-11-13,12,2,0,fall,5777,,,,
NYC,hour,2024-11-13 13:00:00,2024-11-13,13,2,0,fall,6130,,,,
NYC,hour,2024-11-13 14:00:00,2024-11-13,14,2,0,fall,7052,,,,
NYC,hour,2024-11-13 15:00:00,2024-11-13,15,2,0,fall,8139,,,,
NYC,hour,2024-11-13 16:00:00,2024-11-13,16,2,0,fall,9858,,,,
NYC,hour,2024-11-13 17:00:00,2024-11-13,17,2,0,fall,13030,,,,
NYC,hour,2024-11-13 18:00:00,2024-11-13,18,2,0,fall,11879,,,,
NYC,hour,2024-11-13 19:00:00,2024-11-13,19,2,0,fall,8463,,,,
NYC,hour,2024-11-13 20:00:00,2024-11-13,20,2,0,fall,5908,,,,
NYC,hour,2024-11-13 21:00:00,2024-11-13,21,2,0,fall,4613,,,,
NYC,hour,2024-11-13 22:00:00,2024-11-13,22,2,0,fall,3693,,,,
NYC,hour,2024-11-13 23:00:00,2024-11-13,23,2,0,fall,2198,,,,
NYC,hour,2024-11-14 00:00:00,2024-11-14,0,3,0,fall,1220,,,,
NYC,hour,2024-11-14 01:00:00,2024-11-14,1,3,0,fall,523,,,,
NYC,hour,2024-11-14 02:00:00,2024-11-14,2,3,0,fall,344,,,,
NYC,hour,2024-11-14 03:00:00,2024-11-14,3,3,0,fall,237,,,,
NYC,hour,2024-11-14 04:00:00,2024-11-14,4,3,0,fall,293,,,,
NYC,hour,2024-11-14 05:00:00,2024-11-14,5,3,0,fall,1043,,,,
NYC,hour,2024-11-14 06:00:00,2024-11-14,6,3,0,fall,3298,,,,
NYC,hour,2024-11-14 07:00:00,2024-11-14,7,3,0,fall,7896,,,,
NYC,hour,2024-11-14 08:00:00,2024-11-14,8,3,0,fall,11705,,,,
NYC,hour,2024-11-14 09:00:00,2024-11-14,9,3,0,fall,8057,,,,
NYC,hour,2024-11-14 10:00:00,2024-11-14,10,3,0,fall,5348,,,,
NYC,hour,2024-11-14 11:00:00,2024-11-14,11,3,0,fall,5152,,,,
NYC,hour,2024-11-14 12:00:00,2024-11-14,12,3,0,fall,5714,,,,
NYC,hour,2024-11-14 13:00:00,2024-11-14,13,3,0,fall,5974,,,,
NYC,hour,2024-11-14 14:00:00,2024-11-14,14,3,0,fall,6806,,,,
NYC,hour,2024-11-14 15:00:00,2024-11-14,15,3,0,fall,7915,,,,
NYC,hour,2024-11-14 16:00:00,2024-11-14,16,3,0,fall,3557,,,,
NYC,hour,2024-11-14 17:00:00,2024-11-14,17,3,0,fall,11858,,,,
NYC,hour,2024-11-14 18:00:00,2024-11-14,18,3,0,fall,11120,,,,
NYC,hour,2024-11-14 19:00:00,2024-11-14,19,3,0,fall,8240,,,,
NYC,hour,2024-11-14 20:00:00,2024-11-14,20,3,0,fall,6020,,,,
NYC,hour,2024-11-14 21:00:00,2024-11-14,21,3,0,fall,4722,,,,
NYC,hour,2024-11-14 22:00:00,2024-11-14,22,3,0,fall,3740,,,,
NYC,hour,2024-11-14 23:00:00,2024-11-14,23,3,0,fall,2882,,,,
NYC,hour,2024-11-15 00:00:00,2024-11-15,0,4,0,fall,1696,,,,
NYC,hour,2024-11-15 01:00:00,2024-11-15,1,4,0,fall,838,,,,
NYC,hour,2024-11-15 02:00:00,2024-11-15,2,4,0,fall,462,,,,
NYC,hour,2024-11-15 03:00:00,2024-11-15,3,4,0,fall,350,,,,
NYC,hour,2024-11-15 04:00:00,2024-11-15,4,4,0,fall,362,,,,
NYC,hour,2024-11-15 05:00:00,2024-11-15,5,4,0,fall,1021,,,,
NYC,hour,2024-11-15 06:00:00,2024-11-15,6,4,0,fall,2979,,,,
NYC,hour,2024-11-15 07:00:00,2024-11-15,7,4,0,fall,7019,,,,
NYC,hour,2024-11-15 08:00:00,2024-11-15,8,4,0,fall,9891,,,,
NYC,hour,2024-11-15 09:00:00,2024-11-15,9,4,0,fall,7726,,,,
NYC,hour,2024-11-15 10:00:00,2024-11-15,10,4,0,fall,5726,,,,
NYC,hour,2024-11-15 11:00:00,2024-11-15,11,4,0,fall,6001,,,,
NYC,hour,2024-11-15 12:00:00,2024-11-15,12,4,0,fall,7001,,,,
NYC,hour,2024-11-15 13:00:00,2024-11-15,13,4,0,fall,8023,,,,
NYC,hour,2024-11-15 14:00:00,2024-11-15,14,4,0,fall,8816,,,,
NYC,hour,2024-11-15 15:00:00,2024-11-15,15,4,0,fall,10366,,,,
NYC,hour,2024-11-15 16:00:00,2024-11-15,16,4,0,fall,11380,,,,
NYC,hour,2024-11-15 17:00:00,2024-11-15,17,4,0,fall,12404,,,,
NYC,hour,2024-11-15 18:00:00,2024-11-15,18,4,0,fall,11071,,,,
NYC,hour,2024-11-15 19:00:00,2024-11-15,19,4,0,fall,8911,,,,
NYC,hour,2024-11-15 20:00:00,2024-11-15,20,4,0,fall,6337,,,,
NYC,hour,2024-11-15 21:00:00,2024-11-15,21,4,0,fall,4765,,,,
NYC,hour,2024-11-15 22:00:00,2024-11-15,22,4,0,fall,4070,,,,
NYC,hour,2024-11-15 23:00:00,2024-11-15,23,4,0,fall,3439,,,,
NYC,hour,2024-11-16 00:00:00,2024-11-16,0,5,1,fall,3320,,,,
NYC,hour,2024-11-16 01:00:00,2024-11-16,1,5,1,fall,2338,,,,
NYC,hour,2024-11-16 02:00:00,2024-11-16,2,5,1,fall,1334,,,,
NYC,hour,2024-11-16 03:00:00,2024-11-16,3,5,1,fall,818,,,,
NYC,hour,2024-11-16 04:00:00,2024-11-16,4,5,1,fall,573,,,,
NYC,hour,2024-11-16 05:00:00,2024-11-16,5,5,1,fall,475,,,,
NYC,hour,2024-11-16 06:00:00,2024-11-16,6,5,1,fall,1117,,,,
NYC,hour,2024-11-16 07:00:00,2024-11-16,7,5,1,fall,2064,,,,
NYC,hour,2024-11-16 08:00:00,2024-11-16,8,5,1,fall,3787,,,,
NYC,hour,2024-11-16 09:00:00,2024-11-16,9,5,1,fall,5861,,,,
NYC,hour,2024-11-16 10:00:00,2024-11-16,10,5,1,fall,7833,,,,
NYC,hour,2024-11-16 11:00:00,2024-11-16,11,5,1,fall,9603,,,,
NYC,hour,2024-11-16 12:00:00,2024-11-16,12,5,1,fall,10980,,,,
NYC,hour,2024-11-16 13:00:00,2024-11-16,13,5,1,fall,11490,,,,
NYC,hour,2024-11-16 14:00:00,2024-11-16,14,5,1,fall,11520,,,,
NYC,hour,2024-11-16 15:00:00,2024-11-16,15,5,1,fall,11761,,,,
NYC,hour,2024-11-16 16:00:00,2024-11-16,16,5,1,fall,10896,,,,
NYC,hour,2024-11-16 17:00:00,2024-11-16,17,5,1,fall,9520,,,,
NYC,hour,2024-11-16 18:00:00,2024-11-16,18,5,1,fall,8389,,,,
NYC,hour,2024-11-16 19:00:00,2024-11-16,19,5,1,fall,7222,,,,
NYC,hour,2024-11-16 20:00:00,2024-11-16,20,5,1,fall,5527,,,,
NYC,hour,2024-11-16 21:00:00,2024-11-16,21,5,1,fall,4934,,,,
NYC,hour,2024-11-16 22:00:00,2024-11-16,22,5,1,fall,4656,,,,
NYC,hour,2024-11-16 23:00:00,2024-11-16,23,5,1,fall,4257,,,,
NYC,hour,2024-11-17 00:00:00,2024-11-17,0,6,1,fall,2851,,,,
NYC,hour,2024-11-17 01:00:00,2024-11-17,1,6,1,fall,2315,,,,
NYC,hour,2024-11-17 02:00:00,2024-11-17,2,6,1,fall,1555,,,,
NYC,hour,2024-11-17 03:00:00,2024-11-17,3,6,1,fall,932,,,,
NYC,hour,2024-11-17 04:00:00,2024-11-17,4,6,1,fall,670,,,,
NYC,hour,2024-11-17 05:00:00,2024-11-17,5,6,1,fall,513,,,,
NYC,hour,2024-11-17 06:00:00,2024-11-17,6,6,1,fall,921,,,,
NYC,hour,2024-11-17 07:00:00,2024-11-17,7,6,1,fall,1660,,,,
NYC,hour,2024-11-17 08:00:00,2024-11-17,8,6,1,fall,2936,,,,
NYC,hour,2024-11-17 09:00:00,2024-11-17,9,6,1,fall,5044,,,,
NYC,hour,2024-11-17 10:00:00,2024-11-17,10,6,1,fall,7231,,,,
NYC,hour,2024-11-17 11:00:00,2024-11-17,11,6,1,fall,9235,,,,
NYC,hour,2024-11-17 12:00:00,2024-11-17,12,6,1,fall,10540,,,,
NYC,hour,2024-11-17 13:00:00,2024-11-17,13,6,1,fall,10922,,,,
NYC,hour,2024-11-17 14:00:00,2024-11-17,14,6,1,fall,11210,,,,
NYC,hour,2024-11-17 15:00:00,2024-11-17,15,6,1,fall,11059,,,,
NYC,hour,2024-11-17 16:00:00,2024-11-17,16,6,1,fall,10902,,,,
NYC,hour,2024-11-17 17:00:00,2024-11-17,17,6,1,fall,8762,,,,
NYC,hour,2024-11-17 18:00:00,2024-11-17,18,6,1,fall,7698,,,,
NYC,hour,2024-11-17 19:00:00,2024-11-17,19,6,1,fall,5968,,,,
NYC,hour,2024-11-17 20:00:00,2024-11-17,20,6,1,fall,4518,,,,
NYC,hour,2024-11-17 21:00:00,2024-11-17,21,6,1,fall,3746,,,,
NYC,hour,2024-11-17 22:00:00,2024-11-17,22,6,1,fall,2816,,,,
NYC,hour,2024-11-17 23:00:00,2024-11-17,23,6,1,fall,1874,,,,
NYC,hour,2024-11-18 00:00:00,2024-11-18,0,0,0,fall,1140,,,,
NYC,hour,2024-11-18 01:00:00,2024-11-18,1,0,0,fall,579,,,,
NYC,hour,2024-11-18 02:00:00,2024-11-18,2,0,0,fall,354,,,,
NYC,hour,2024-11-18 03:00:00,2024-11-18,3,0,0,fall,260,,,,
NYC,hour,2024-11-18 04:00:00,2024-11-18,4,0,0,fall,325,,,,
NYC,hour,2024-11-18 05:00:00,2024-11-18,5,0,0,fall,1162,,,,
NYC,hour,2024-11-18 06:00:00,2024-11-18,6,0,0,fall,3539,,,,
NYC,hour,2024-11-18 07:00:00,2024-11-18,7,0,0,fall,7918,,,,
NYC,hour,2024-11-18 08:00:00,2024-11-18,8,0,0,fall,12000,,,,
NYC,hour,2024-11-18 09:00:00,2024-11-18,9,0,0,fall,8004,,,,
NYC,hour,2024-11-18 10:00:00,2024-11-18,10,0,0,fall,5570,,,,
NYC,hour,2024-11-18 11:00:00,2024-11-18,11,0,0,fall,5723,,,,
NYC,hour,2024-11-18 12:00:00,2024-11-18,12,0,0,fall,6509,,,,
NYC,hour,2024-11-18 13:00:00,2024-11-18,13,0,0,fall,7208,,,,
NYC,hour,2024-11-18 14:00:00,2024-11-18,14,0,0,fall,8194,,,,
NYC,hour,2024-11-18 15:00:00,2024-11-18,15,0,0,fall,9412,,,,
NYC,hour,2024-11-18 16:00:00,2024-11-18,16,0,0,fall,11028,,,,
NYC,hour,2024-11-18 17:00:00,2024-11-18,17,0,0,fall,14003,,,,
NYC,hour,2024-11-18 18:00:00,2024-11-18,18,0,0,fall,12859,,,,
NYC,hour,2024-11-18 19:00:00,2024-11-18,19,0,0,fall,8943,,,,
NYC,hour,2024-11-18 20:00:00,2024-11-18,20,0,0,fall,6214,,,,
NYC,hour,2024-11-18 21:00:00,2024-11-18,21,0,0,fall,4717,,,,
NYC,hour,2024-11-18 22:00:00,2024-11-18,22,0,0,fall,3539,,,,
NYC,hour,2024-11-18 23:00:00,2024-11-18,23,0,0,fall,2152,,,,
NYC,hour,2024-11-19 00:00:00,2024-11-19,0,1,0,fall,1110,,,,
NYC,hour,2024-11-19 01:00:00,2024-11-19,1,1,0,fall,574,,,,
NYC,hour,2024-11-19 02:00:00,2024-11-19,2,1,0,fall,333,,,,
NYC,hour,2024-11-19 03:00:00,2024-11-19,3,1,0,fall,222,,,,
NYC,hour,2024-11-19 04:00:00,2024-11-19,4,1,0,fall,327,,,,
NYC,hour,2024-11-19 05:00:00,2024-11-19,5,1,0,fall,1288,,,,
NYC,hour,2024-11-19 06:00:00,2024-11-19,6,1,0,fall,3857,,,,
NYC,hour,2024-11-19 07:00:00,2024-11-19,7,1,0,fall,8930,,,,
NYC,hour,2024-11-19 08:00:00,2024-11-19,8,1,0,fall,13309,,,,
NYC,hour,2024-11-19 09:00:00,2024-11-19,9,1,0,fall,8904,,,,
NYC,hour,2024-11-19 10:00:00,2024-11-19,10,1,0,fall,6132,,,,
NYC,hour,2024-11-19 11:00:00,2024-11-19,11,1,0,fall,5679,,,,
NYC,hour,2024-11-19 12:00:00,2024-11-19,12,1,0,fall,6352,,,,
NYC,hour,2024-11-19 13:00:00,2024-11-19,13,1,0,fall,6659,,,,
NYC,hour,2024-11-19 14:00:00,2024-11-19,14,1,0,fall,7619,,,,
NYC,hour,2024-11-19 15:00:00,2024-11-19,15,1,0,fall,9096,,,,
NYC,hour,2024-11-19 16:00:00,2024-11-19,16,1,0,fall,10719,,,,
NYC,hour,2024-11-19 17:00:00,2024-11-19,17,1,0,fall,14377,,,,
NYC,hour,2024-11-19 18:00:00,2024-11-19,18,1,0,fall,13293,,,,
NYC,hour,2024-11-19 19:00:00,2024-11-19,19,1,0,fall,9616,,,,
NYC,hour,2024-11-19 20:00:00,2024-11-19,20,1,0,fall,6767,,,,
NYC,hour,2024-11-19 21:00:00,2024-11-19,21,1,0,fall,5231,,,,
NYC,hour,2024-11-19 22:00:00,2024-11-19,22,1,0,fall,3951,,,,
NYC,hour,2024-11-19 23:00:00,2024-11-19,23,1,0,fall,2463,,,,
NYC,hour,2024-11-20 00:00:00,2024-11-20,0,2,0,fall,1309,,,,
NYC,hour,2024-11-20 01:00:00,2024-11-20,1,2,0,fall,631,,,,
NYC,hour,2024-11-20 02:00:00,2024-11-20,2,2,0,fall,382,,,,
NYC,hour,2024-11-20 03:00:00,2024-11-20,3,2,0,fall,244,,,,
NYC,hour,2024-11-20 04:00:00,2024-11-20,4,2,0,fall,345,,,,
NYC,hour,2024-11-20 05:00:00,2024-11-20,5,2,0,fall,1289,,,,
NYC,hour,2024-11-20 06:00:00,2024-11-20,6,2,0,fall,3861,,,,
NYC,hour,2024-11-20 07:00:00,2024-11-20,7,2,0,fall,9048,,,,
NYC,hour,2024-11-20 08:00:00,2024-11-20,8,2,0,fall,13565,,,,
NYC,hour,2024-11-20 09:00:00,2024-11-20,9,2,0,fall,9467,,,,
NYC,hour,2024-11-20 10:00:00,2024-11-20,10,2,0,fall,6493,,,,
NYC,hour,2024-11-20 11:00:00,2024-11-20,11,2,0,fall,5920,,,,
NYC,hour,2024-11-20 12:00:00,2024-11-20,12,2,0,fall,6756,,,,
NYC,hour,2024-11-20 13:00:00,2024-11-20,13,2,0,fall,7080,,,,
NYC,hour,2024-11-20 14:00:00,2024-11-20,14,2,0,fall,7916,,,,
NYC,hour,2024-11-20 15:00:00,2024-11-20,15,2,0,fall,9264,,,,
NYC,hour,2024-11-20 16:00:00,2024-11-20,16,2,0,fall,10864,,,,
NYC,hour,2024-11-20 17:00:00,2024-11-20,17,2,0,fall,14430,,,,
NYC,hour,2024-11-20 18:00:00,2024-11-20,18,2,0,fall,13531,,,,
NYC,hour,2024-11-20 19:00:00,2024-11-20,19,2,0,fall,9993,,,,
NYC,hour,2024-11-20 20:00:00,2024-11-20,20,2,0,fall,7236,,,,
NYC,hour,2024-11-20 21:00:00,2024-11-20,21,2,0,fall,5634,,,,
NYC,hour,2024-11-20 22:00:00,2024-11-20,22,2,0,fall,4514,,,,
NYC,hour,2024-11-20 23:00:00,2024-11-20,23,2,0,fall,2771,,,,
NYC,hour,2024-11-21 00:00:00,2024-11-21,0,3,0,fall,1471,,,,
NYC,hour,2024-11-21 01:00:00,2024-11-21,1,3,0,fall,306,,,,
NYC,hour,2024-11-21 02:00:00,2024-11-21,2,3,0,fall,142,,,,
NYC,hour,2024-11-21 03:00:00,2024-11-21,3,3,0,fall,129,,,,
NYC,hour,2024-11-21 04:00:00,2024-11-21,4,3,0,fall,124,,,,
NYC,hour,2024-11-21 05:00:00,2024-11-21,5,3,0,fall,467,,,,
NYC,hour,2024-11-21 06:00:00,2024-11-21,6,3,0,fall,1941,,,,
NYC,hour,2024-11-21 07:00:00,2024-11-21,7,3,0,fall,4693,,,,
NYC,hour,2024-11-21 08:00:00,2024-11-21,8,3,0,fall,8029,,,,
NYC,hour,2024-11-21 09:00:00,2024-11-21,9,3,0,fall,4916,,,,
NYC,hour,2024-11-21 10:00:00,2024-11-21,10,3,0,fall,1982,,,,
NYC,hour,2024-11-21 11:00:00,2024-11-21,11,3,0,fall,2225,,,,
NYC,hour,2024-11-21 12:00:00,2024-11-21,12,3,0,fall,3269,,,,
NYC,hour,2024-11-21 13:00:00,2024-11-21,13,3,0,fall,2765,,,,
NYC,hour,2024-11-21 14:00:00,2024-11-21,14,3,0,fall,3176,,,,
NYC,hour,2024-11-21 15:00:00,2024-11-21,15,3,0,fall,4183,,,,
NYC,hour,2024-11-21 16:00:00,2024-11-21,16,3,0,fall,3850,,,,
NYC,hour,2024-11-21 17:00:00,2024-11-21,17,3,0,fall,3654,,,,
NYC,hour,2024-11-21 18:00:00,2024-11-21,18,3,0,fall,3070,,,,
NYC,hour,2024-11-21 19:00:00,2024-11-21,19,3,0,fall,2439,,,,
NYC,hour,2024-11-21 20:00:00,2024-11-21,20,3,0,fall,1709,,,,
NYC,hour,2024-11-21 21:00:00,2024-11-21,21,3,0,fall,1220,,,,
NYC,hour,2024-11-21 22:00:00,2024-11-21,22,3,0,fall,861,,,,
NYC,hour,2024-11-21 23:00:00,2024-11-21,23,3,0,fall,706,,,,
NYC,hour,2024-11-22 00:00:00,2024-11-22,0,4,0,fall,500,,,,
NYC,hour,2024-11-22 01:00:00,2024-11-22,1,4,0,fall,351,,,,
NYC,hour,2024-11-22 02:00:00,2024-11-22,2,4,0,fall,219,,,,
NYC,hour,2024-11-22 03:00:00,2024-11-22,3,4,0,fall,198,,,,
NYC,hour,2024-11-22 04:00:00,2024-11-22,4,4,0,fall,261,,,,
NYC,hour,2024-11-22 05:00:00,2024-11-22,5,4,0,fall,632,,,,
NYC,hour,2024-11-22 06:00:00,2024-11-22,6,4,0,fall,1521,,,,
NYC,hour,2024-11-22 07:00:00,2024-11-22,7,4,0,fall,3912,,,,
NYC,hour,2024-11-22 08:00:00,2024-11-22,8,4,0,fall,5230,,,,
NYC,hour,2024-11-22 09:00:00,2024-11-22,9,4,0,fall,4797,,,,
NYC,hour,2024-11-22 10:00:00,2024-11-22,10,4,0,fall,4161,,,,
NYC,hour,2024-11-22 11:00:00,2024-11-22,11,4,0,fall,4396,,,,
NYC,hour,2024-11-22 12:00:00,2024-11-22,12,4,0,fall,4995,,,,
NYC,hour,2024-11-22 13:00:00,2024-11-22,13,4,0,fall,4264,,,,
NYC,hour,2024-11-22 14:00:00,2024-11-22,14,4,0,fall,4859,,,,
NYC,hour,2024-11-22 15:00:00,2024-11-22,15,4,0,fall,5736,,,,
NYC,hour,2024-11-22 16:00:00,2024-11-22,16,4,0,fall,4628,,,,
NYC,hour,2024-11-22 17:00:00,2024-11-22,17,4,0,fall,3578,,,,
NYC,hour,2024-11-22 18:00:00,2024-11-22,18,4,0,fall,2690,,,,
NYC,hour,2024-11-22 19:00:00,2024-11-22,19,4,0,fall,2141,,,,
NYC,hour,2024-11-22 20:00:00,2024-11-22,20,4,0,fall,1616,,,,
NYC,hour,2024-11-22 21:00:00,2024-11-22,21,4,0,fall,1277,,,,
NYC,hour,2024-11-22 22:00:00,2024-11-22,22,4,0,fall,1365,,,,
NYC,hour,2024-11-22 23:00:00,2024-11-22,23,4,0,fall,1397,,,,
NYC,hour,2024-11-23 00:00:00,2024-11-23,0,5,1,fall,1364,,,,
NYC,hour,2024-11-23 01:00:00,2024-11-23,1,5,1,fall,914,,,,
NYC,hour,2024-11-23 02:00:00,2024-11-23,2,5,1,fall,709,,,,
NYC,hour,2024-11-23 03:00:00,2024-11-23,3,5,1,fall,495,,,,
NYC,hour,2024-11-23 04:00:00,2024-11-23,4,5,1,fall,429,,,,
NYC,hour,2024-11-23 05:00:00,2024-11-23,5,5,1,fall,407,,,,
NYC,hour,2024-11-23 06:00:00,2024-11-23,6,5,1,fall,890,,,,
NYC,hour,2024-11-23 07:00:00,2024-11-23,7,5,1,fall,1607,,,,
NYC,hour,2024-11-23 08:00:00,2024-11-23,8,5,1,fall,3186,,,,
NYC,hour,2024-11-23 09:00:00,2024-11-23,9,5,1,fall,4940,,,,
NYC,hour,2024-11-23 10:00:00,2024-11-23,10,5,1,fall,6464,,,,
NYC,hour,2024-11-23 11:00:00,2024-11-23,11,5,1,fall,7387,,,,
NYC,hour,2024-11-23 12:00:00,2024-11-23,12,5,1,fall,7772,,,,
NYC,hour,2024-11-23 13:00:00,2024-11-23,13,5,1,fall,8062,,,,
NYC,hour,2024-11-23 14:00:00,2024-11-23,14,5,1,fall,8009,,,,
NYC,hour,2024-11-23 15:00:00,2024-11-23,15,5,1,fall,8179,,,,
NYC,hour,2024-11-23 16:00:00,2024-11-23,16,5,1,fall,7467,,,,
NYC,hour,2024-11-23 17:00:00,2024-11-23,17,5,1,fall,6355,,,,
NYC,hour,2024-11-23 18:00:00,2024-11-23,18,5,1,fall,5821,,,,
NYC,hour,2024-11-23 19:00:00,2024-11-23,19,5,1,fall,5199,,,,
NYC,hour,2024-11-23 20:00:00,2024-11-23,20,5,1,fall,4011,,,,
NYC,hour,2024-11-23 21:00:00,2024-11-23,21,5,1,fall,3600,,,,
NYC,hour,2024-11-23 22:00:00,2024-11-23,22,5,1,fall,3273,,,,
NYC,hour,2024-11-23 23:00:00,2024-11-23,23,5,1,fall,3130,,,,
NYC,hour,2024-11-24 00:00:00,2024-11-24,0,6,1,fall,2453,,,,
NYC,hour,2024-11-24 01:00:00,2024-11-24,1,6,1,fall,1833,,,,
NYC,hour,2024-11-24 02:00:00,2024-11-24,2,6,1,fall,1125,,,,
NYC,hour,2024-11-24 03:00:00,2024-11-24,3,6,1,fall,775,,,,
NYC,hour,2024-11-24 04:00:00,2024-11-24,4,6,1,fall,499,,,,
NYC,hour,2024-11-24 05:00:00,2024-11-24,5,6,1,fall,472,,,,
NYC,hour,2024-11-24 06:00:00,2024-11-24,6,6,1,fall,843,,,,
NYC,hour,2024-11-24 07:00:00,2024-11-24,7,6,1,fall,1601,,,,
NYC,hour,2024-11-24 08:00:00,2024-11-24,8,6,1,fall,2489,,,,
NYC,hour,2024-11-24 09:00:00,2024-11-24,9,6,1,fall,4126,,,,
NYC,hour,2024-11-24 10:00:00,2024-11-24,10,6,1,fall,5748,,,,
NYC,hour,2024-11-24 11:00:00,2024-11-24,11,6,1,fall,7139,,,,
NYC,hour,2024-11-24 12:00:00,2024-11-24,12,6,1,fall,7691,,,,
NYC,hour,2024-11-24 13:00:00,2024-11-24,13,6,1,fall,8085,,,,
NYC,hour,2024-11-24 14:00:00,2024-11-24,14,6,1,fall,8178,,,,
NYC,hour,2024-11-24 15:00:00,2024-11-24,15,6,1,fall,8262,,,,
NYC,hour,2024-11-24 16:00:00,2024-11-24,16,6,1,fall,7903,,,,
NYC,hour,2024-11-24 17:00:00,2024-11-24,17,6,1,fall,6635,,,,
NYC,hour,2024-11-24 18:00:00,2024-11-24,18,6,1,fall,5267,,,,
NYC,hour,2024-11-24 19:00:00,2024-11-24,19,6,1,fall,4417,,,,
NYC,hour,2024-11-24 20:00:00,2024-11-24,20,6,1,fall,3410,,,,
NYC,hour,2024-11-24 21:00:00,2024-11-24,21,6,1,fall,3114,,,,
NYC,hour,2024-11-24 22:00:00,2024-11-24,22,6,1,fall,2325,,,,
NYC,hour,2024-11-24 23:00:00,2024-11-24,23,6,1,fall,1724,,,,
NYC,hour,2024-11-25 00:00:00,2024-11-25,0,0,0,fall,1057,,,,
NYC,hour,2024-11-25 01:00:00,2024-11-25,1,0,0,fall,586,,,,
NYC,hour,2024-11-25 02:00:00,2024-11-25,2,0,0,fall,367,,,,
NYC,hour,2024-11-25 03:00:00,2024-11-25,3,0,0,fall,289,,,,
NYC,hour,2024-11-25 04:00:00,2024-11-25,4,0,0,fall,331,,,,
NYC,hour,2024-11-25 05:00:00,2024-11-25,5,0,0,fall,1105,,,,
NYC,hour,2024-11-25 06:00:00,2024-11-25,6,0,0,fall,2963,,,,
NYC,hour,2024-11-25 07:00:00,2024-11-25,7,0,0,fall,6649,,,,
NYC,hour,2024-11-25 08:00:00,2024-11-25,8,0,0,fall,9819,,,,
NYC,hour,2024-11-25 09:00:00,2024-11-25,9,0,0,fall,6708,,,,
NYC,hour,2024-11-25 10:00:00,2024-11-25,10,0,0,fall,4935,,,,
NYC,hour,2024-11-25 11:00:00,2024-11-25,11,0,0,fall,5169,,,,
NYC,hour,2024-11-25 12:00:00,2024-11-25,12,0,0,fall,5817,,,,
NYC,hour,2024-11-25 13:00:00,2024-11-25,13,0,0,fall,6337,,,,
NYC,hour,2024-11-25 14:00:00,2024-11-25,14,0,0,fall,7426,,,,
NYC,hour,2024-11-25 15:00:00,2024-11-25,15,0,0,fall,8777,,,,
NYC,hour,2024-11-25 16:00:00,2024-11-25,16,0,0,fall,9730,,,,
NYC,hour,2024-11-25 17:00:00,2024-11-25,17,0,0,fall,11801,,,,
NYC,hour,2024-11-25 18:00:00,2024-11-25,18,0,0,fall,10680,,,,
NYC,hour,2024-11-25 19:00:00,2024-11-25,19,0,0,fall,7625,,,,
NYC,hour,2024-11-25 20:00:00,2024-11-25,20,0,0,fall,5556,,,,
NYC,hour,2024-11-25 21:00:00,2024-11-25,21,0,0,fall,4395,,,,
NYC,hour,2024-11-25 22:00:00,2024-11-25,22,0,0,fall,3120,,,,
NYC,hour,2024-11-25 23:00:00,2024-11-25,23,0,0,fall,2150,,,,
NYC,hour,2024-11-26 00:00:00,2024-11-26,0,1,0,fall,1288,,,,
NYC,hour,2024-11-26 01:00:00,2024-11-26,1,1,0,fall,676,,,,
NYC,hour,2024-11-26 02:00:00,2024-11-26,2,1,0,fall,406,,,,
NYC,hour,2024-11-26 03:00:00,2024-11-26,3,1,0,fall,302,,,,
NYC,hour,2024-11-26 04:00:00,2024-11-26,4,1,0,fall,375,,,,
NYC,hour,2024-11-26 05:00:00,2024-11-26,5,1,0,fall,1187,,,,
NYC,hour,2024-11-26 06:00:00,2024-11-26,6,1,0,fall,3156,,,,
NYC,hour,2024-11-26 07:00:00,2024-11-26,7,1,0,fall,4969,,,,
NYC,hour,2024-11-26 08:00:00,2024-11-26,8,1,0,fall,3422,,,,
NYC,hour,2024-11-26 09:00:00,2024-11-26,9,1,0,fall,2566,,,,
NYC,hour,2024-11-26 10:00:00,2024-11-26,10,1,0,fall,2571,,,,
NYC,hour,2024-11-26 11:00:00,2024-11-26,11,1,0,fall,3789,,,,
NYC,hour,2024-11-26 12:00:00,2024-11-26,12,1,0,fall,5106,,,,
NYC,hour,2024-11-26 13:00:00,2024-11-26,13,1,0,fall,6219,,,,
NYC,hour,2024-11-26 14:00:00,2024-11-26,14,1,0,fall,7524,,,,
NYC,hour,2024-11-26 15:00:00,2024-11-26,15,1,0,fall,9035,,,,
NYC,hour,2024-11-26 16:00:00,2024-11-26,16,1,0,fall,9857,,,,
NYC,hour,2024-11-26 17:00:00,2024-11-26,17,1,0,fall,11601,,,,
NYC,hour,2024-11-26 18:00:00,2024-11-26,18,1,0,fall,10105,,,,
NYC,hour,2024-11-26 19:00:00,2024-11-26,19,1,0,fall,7376,,,,
NYC,hour,2024-11-26 20:00:00,2024-11-26,20,1,0,fall,5279,,,,
NYC,hour,2024-11-26 21:00:00,2024-11-26,21,1,0,fall,3867,,,,
NYC,hour,2024-11-26 22:00:00,2024-11-26,22,1,0,fall,3239,,,,
NYC,hour,2024-11-26 23:00:00,2024-11-26,23,1,0,fall,2209,,,,
NYC,hour,2024-11-27 00:00:00,2024-11-27,0,2,0,fall,1423,,,,
NYC,hour,2024-11-27 01:00:00,2024-11-27,1,2,0,fall,797,,,,
NYC,hour,2024-11-27 02:00:00,2024-11-27,2,2,0,fall,477,,,,
NYC,hour,2024-11-27 03:00:00,2024-11-27,3,2,0,fall,311,,,,
NYC,hour,2024-11-27 04:00:00,2024-11-27,4,2,0,fall,355,,,,
NYC,hour,2024-11-27 05:00:00,2024-11-27,5,2,0,fall,936,,,,
NYC,hour,2024-11-27 06:00:00,2024-11-27,6,2,0,fall,2518,,,,
NYC,hour,2024-11-27 07:00:00,2024-11-27,7,2,0,fall,5008,,,,
NYC,hour,2024-11-27 08:00:00,2024-11-27,8,2,0,fall,7230,,,,
NYC,hour,2024-11-27 09:00:00,2024-11-27,9,2,0,fall,6138,,,,
NYC,hour,2024-11-27 10:00:00,2024-11-27,10,2,0,fall,5192,,,,
NYC,hour,2024-11-27 11:00:00,2024-11-27,11,2,0,fall,5873,,,,
NYC,hour,2024-11-27 12:00:00,2024-11-27,12,2,0,fall,6938,,,,
NYC,hour,2024-11-27 13:00:00,2024-11-27,13,2,0,fall,7416,,,,
NYC,hour,2024-11-27 14:00:00,2024-11-27,14,2,0,fall,9238,,,,
NYC,hour,2024-11-27 15:00:00,2024-11-27,15,2,0,fall,9723,,,,
NYC,hour,2024-11-27 16:00:00,2024-11-27,16,2,0,fall,9774,,,,
NYC,hour,2024-11-27 17:00:00,2024-11-27,17,2,0,fall,8631,,,,
NYC,hour,2024-11-27 18:00:00,2024-11-27,18,2,0,fall,7356,,,,
NYC,hour,2024-11-27 19:00:00,2024-11-27,19,2,0,fall,5622,,,,
NYC,hour,2024-11-27 20:00:00,2024-11-27,20,2,0,fall,4058,,,,
NYC,hour,2024-11-27 21:00:00,2024-11-27,21,2,0,fall,3434,,,,
NYC,hour,2024-11-27 22:00:00,2024-11-27,22,2,0,fall,2866,,,,
NYC,hour,2024-11-27 23:00:00,2024-11-27,23,2,0,fall,2239,,,,
NYC,hour,2024-11-28 00:00:00,2024-11-28,0,3,0,fall,1670,,,,
NYC,hour,2024-11-28 01:00:00,2024-11-28,1,3,0,fall,1115,,,,
NYC,hour,2024-11-28 02:00:00,2024-11-28,2,3,0,fall,819,,,,
NYC,hour,2024-11-28 03:00:00,2024-11-28,3,3,0,fall,564,,,,
NYC,hour,2024-11-28 04:00:00,2024-11-28,4,3,0,fall,417,,,,
NYC,hour,2024-11-28 05:00:00,2024-11-28,5,3,0,fall,223,,,,
NYC,hour,2024-11-28 06:00:00,2024-11-28,6,3,0,fall,314,,,,
NYC,hour,2024-11-28 07:00:00,2024-11-28,7,3,0,fall,496,,,,
NYC,hour,2024-11-28 08:00:00,2024-11-28,8,3,0,fall,621,,,,
NYC,hour,2024-11-28 09:00:00,2024-11-28,9,3,0,fall,587,,,,
NYC,hour,2024-11-28 10:00:00,2024-11-28,10,3,0,fall,589,,,,
NYC,hour,2024-11-28 11:00:00,2024-11-28,11,3,0,fall,736,,,,
NYC,hour,2024-11-28 12:00:00,2024-11-28,12,3,0,fall,940,,,,
NYC,hour,2024-11-28 13:00:00,2024-11-28,13,3,0,fall,1569,,,,
NYC,hour,2024-11-28 14:00:00,2024-11-28,14,3,0,fall,2072,,,,
NYC,hour,2024-11-28 15:00:00,2024-11-28,15,3,0,fall,2268,,,,
NYC,hour,2024-11-28 16:00:00,2024-11-28,16,3,0,fall,2114,,,,
NYC,hour,2024-11-28 17:00:00,2024-11-28,17,3,0,fall,1726,,,,
NYC,hour,2024-11-28 18:00:00,2024-11-28,18,3,0,fall,1499,,,,
NYC,hour,2024-11-28 19:00:00,2024-11-28,19,3,0,fall,1357,,,,
NYC,hour,2024-11-28 20:00:00,2024-11-28,20,3,0,fall,1298,,,,
NYC,hour,2024-11-28 21:00:00,2024-11-28,21,3,0,fall,1363,,,,
NYC,hour,2024-11-28 22:00:00,2024-11-28,22,3,0,fall,1467,,,,
NYC,hour,2024-11-28 23:00:00,2024-11-28,23,3,0,fall,1288,,,,
NYC,hour,2024-11-29 00:00:00,2024-11-29,0,4,0,fall,884,,,,
NYC,hour,2024-11-29 01:00:00,2024-11-29,1,4,0,fall,593,,,,
NYC,hour,2024-11-29 02:00:00,2024-11-29,2,4,0,fall,338,,,,
NYC,hour,2024-11-29 03:00:00,2024-11-29,3,4,0,fall,245,,,,
NYC,hour,2024-11-29 04:00:00,2024-11-29,4,4,0,fall,224,,,,
NYC,hour,2024-11-29 05:00:00,2024-11-29,5,4,0,fall,360,,,,
NYC,hour,2024-11-29 06:00:00,2024-11-29,6,4,0,fall,878,,,,
NYC,hour,2024-11-29 07:00:00,2024-11-29,7,4,0,fall,1493,,,,
NYC,hour,2024-11-29 08:00:00,2024-11-29,8,4,0,fall,2058,,,,
NYC,hour,2024-11-29 09:00:00,2024-11-29,9,4,0,fall,2675,,,,
NYC,hour,2024-11-29 10:00:00,2024-11-29,10,4,0,fall,3230,,,,
NYC,hour,2024-11-29 11:00:00,2024-11-29,11,4,0,fall,3959,,,,
NYC,hour,2024-11-29 12:00:00,2024-11-29,12,4,0,fall,4624,,,,
NYC,hour,2024-11-29 13:00:00,2024-11-29,13,4,0,fall,5038,,,,
NYC,hour,2024-11-29 14:00:00,2024-11-29,14,4,0,fall,5258,,,,
NYC,hour,2024-11-29 15:00:00,2024-11-29,15,4,0,fall,5151,,,,
NYC,hour,2024-11-29 16:00:00,2024-11-29,16,4,0,fall,4344,,,,
NYC,hour,2024-11-29 17:00:00,2024-11-29,17,4,0,fall,3849,,,,
NYC,hour,2024-11-29 18:00:00,2024-11-29,18,4,0,fall,3656,,,,
NYC,hour,2024-11-29 19:00:00,2024-11-29,19,4,0,fall,3074,,,,
NYC,hour,2024-11-29 20:00:00,2024-11-29,20,4,0,fall,2397,,,,
NYC,hour,2024-11-29 21:00:00,2024-11-29,21,4,0,fall,2092,,,,
NYC,hour,2024-11-29 22:00:00,2024-11-29,22,4,0,fall,1895,,,,
NYC,hour,2024-11-29 23:00:00,2024-11-29,23,4,0,fall,1491,,,,
NYC,hour,2024-11-30 00:00:00,2024-11-30,0,5,1,fall,1127,,,,
NYC,hour,2024-11-30 01:00:00,2024-11-30,1,5,1,fall,755,,,,
NYC,hour,2024-11-30 02:00:00,2024-11-30,2,5,1,fall,491,,,,
NYC,hour,2024-11-30 03:00:00,2024-11-30,3,5,1,fall,375,,,,
NYC,hour,2024-11-30 04:00:00,2024-11-30,4,5,1,fall,255,,,,
NYC,hour,2024-11-30 05:00:00,2024-11-30,5,5,1,fall,248,,,,
NYC,hour,2024-11-30 06:00:00,2024-11-30,6,5,1,fall,557,,,,
NYC,hour,2024-11-30 07:00:00,2024-11-30,7,5,1,fall,1067,,,,
NYC,hour,2024-11-30 08:00:00,2024-11-30,8,5,1,fall,1742,,,,
NYC,hour,2024-11-30 09:00:00,2024-11-30,9,5,1,fall,2779,,,,
NYC,hour,2024-11-30 10:00:00,2024-11-30,10,5,1,fall,3639,,,,
NYC,hour,2024-11-30 11:00:00,2024-11-30,11,5,1,fall,4328,,,,
NYC,hour,2024-11-30 12:00:00,2024-11-30,12,5,1,fall,4645,,,,
NYC,hour,2024-11-30 13:00:00,2024-11-30,13,5,1,fall,4930,,,,
NYC,hour,2024-11-30 14:00:00,2024-11-30,14,5,1,fall,5005,,,,
NYC,hour,2024-11-30 15:00:00,2024-11-30,15,5,1,fall,5163,,,,
NYC,hour,2024-11-30 16:00:00,2024-11-30,16,5,1,fall,4699,,,,
NYC,hour,2024-11-30 17:00:00,2024-11-30,17,5,1,fall,3957,,,,
NYC,hour,2024-11-30 18:00:00,2024-11-30,18,5,1,fall,3553,,,,
NYC,hour,2024-11-30 19:00:00,2024-11-30,19,5,1,fall,3407,,,,
NYC,hour,2024-11-30 20:00:00,2024-11-30,20,5,1,fall,2449,,,,
NYC,hour,2024-11-30 21:00:00,2024-11-30,21,5,1,fall,1909,,,,
NYC,hour,2024-11-30 22:00:00,2024-11-30,22,5,1,fall,1814,,,,
NYC,hour,2024-11-30 23:00:00,2024-11-30,23,5,1,fall,1591,,,,
NYC,hour,2024-12-01 00:00:00,2024-12-01,0,6,1,winter,1210,,,,
NYC,hour,2024-12-01 01:00:00,2024-12-01,1,6,1,winter,856,,,,
NYC,hour,2024-12-01 02:00:00,2024-12-01,2,6,1,winter,491,,,,
NYC,hour,2024-12-01 03:00:00,2024-12-01,3,6,1,winter,371,,,,
NYC,hour,2024-12-01 04:00:00,2024-12-01,4,6,1,winter,255,,,,
NYC,hour,2024-12-01 05:00:00,2024-12-01,5,6,1,winter,261,,,,
NYC,hour,2024-12-01 06:00:00,2024-12-01,6,6,1,winter,505,,,,
NYC,hour,2024-12-01 07:00:00,2024-12-01,7,6,1,winter,900,,,,
NYC,hour,2024-12-01 08:00:00,2024-12-01,8,6,1,winter,1568,,,,
NYC,hour,2024-12-01 09:00:00,2024-12-01,9,6,1,winter,2577,,,,
NYC,hour,2024-12-01 10:00:00,2024-12-01,10,6,1,winter,3418,,,,
NYC,hour,2024-12-01 11:00:00,2024-12-01,11,6,1,winter,3972,,,,
NYC,hour,2024-12-01 12:00:00,2024-12-01,12,6,1,winter,4237,,,,
NYC,hour,2024-12-01 13:00:00,2024-12-01,13,6,1,winter,4753,,,,
NYC,hour,2024-12-01 14:00:00,2024-12-01,14,6,1,winter,5033,,,,
NYC,hour,2024-12-01 15:00:00,2024-12-01,15,6,1,winter,5201,,,,
NYC,hour,2024-12-01 16:00:00,2024-12-01,16,6,1,winter,4888,,,,
NYC,hour,2024-12-01 17:00:00,2024-12-01,17,6,1,winter,4204,,,,
NYC,hour,2024-12-01 18:00:00,2024-12-01,18,6,1,winter,3815,,,,
NYC,hour,2024-12-01 19:00:00,2024-12-01,19,6,1,winter,2976,,,,
NYC,hour,2024-12-01 20:00:00,2024-12-01,20,6,1,winter,2328,,,,
NYC,hour,2024-12-01 21:00:00,2024-12-01,21,6,1,winter,1802,,,,
NYC,hour,2024-12-01 22:00:00,2024-12-01,22,6,1,winter,1414,,,,
NYC,hour,2024-12-01 23:00:00,2024-12-01,23,6,1,winter,1033,,,,
NYC,hour,2024-12-02 00:00:00,2024-12-02,0,0,0,winter,582,,,,
NYC,hour,2024-12-02 01:00:00,2024-12-02,1,0,0,winter,368,,,,
NYC,hour,2024-12-02 02:00:00,2024-12-02,2,0,0,winter,232,,,,
NYC,hour,2024-12-02 03:00:00,2024-12-02,3,0,0,winter,185,,,,
NYC,hour,2024-12-02 04:00:00,2024-12-02,4,0,0,winter,248,,,,
NYC,hour,2024-12-02 05:00:00,2024-12-02,5,0,0,winter,899,,,,
NYC,hour,2024-12-02 06:00:00,2024-12-02,6,0,0,winter,2592,,,,
NYC,hour,2024-12-02 07:00:00,2024-12-02,7,0,0,winter,5723,,,,
NYC,hour,2024-12-02 08:00:00,2024-12-02,8,0,0,winter,8258,,,,
NYC,hour,2024-12-02 09:00:00,2024-12-02,9,0,0,winter,5453,,,,
NYC,hour,2024-12-02 10:00:00,2024-12-02,10,0,0,winter,3704,,,,
NYC,hour,2024-12-02 11:00:00,2024-12-02,11,0,0,winter,3601,,,,
NYC,hour,2024-12-02 12:00:00,2024-12-02,12,0,0,winter,3956,,,,
NYC,hour,2024-12-02 13:00:00,2024-12-02,13,0,0,winter,4366,,,,
NYC,hour,2024-12-02 14:00:00,2024-12-02,14,0,0,winter,5269,,,,
NYC,hour,2024-12-02 15:00:00,2024-12-02,15,0,0,winter,6177,,,,
NYC,hour,2024-12-02 16:00:00,2024-12-02,16,0,0,winter,7088,,,,
NYC,hour,2024-12-02 17:00:00,2024-12-02,17,0,0,winter,9095,,,,
NYC,hour,2024-12-02 18:00:00,2024-12-02,18,0,0,winter,8100,,,,
NYC,hour,2024-12-02 19:00:00,2024-12-02,19,0,0,winter,5581,,,,
NYC,hour,2024-12-02 20:00:00,2024-12-02,20,0,0,winter,4052,,,,
NYC,hour,2024-12-02 21:00:00,2024-12-02,21,0,0,winter,2850,,,,
NYC,hour,2024-12-02 22:00:00,2024-12-02,22,0,0,winter,1886,,,,
NYC,hour,2024-12-02 23:00:00,2024-12-02,23,0,0,winter,1293,,,,
NYC,hour,2024-12-03 00:00:00,2024-12-03,0,1,0,winter,702,,,,
NYC,hour,2024-12-03 01:00:00,2024-12-03,1,1,0,winter,356,,,,
NYC,hour,2024-12-03 02:00:00,2024-12-03,2,1,0,winter,255,,,,
NYC,hour,2024-12-03 03:00:00,2024-12-03,3,1,0,winter,169,,,,
NYC,hour,2024-12-03 04:00:00,2024-12-03,4,1,0,winter,297,,,,
NYC,hour,2024-12-03 05:00:00,2024-12-03,5,1,0,winter,1081,,,,
NYC,hour,2024-12-03 06:00:00,2024-12-03,6,1,0,winter,2926,,,,
NYC,hour,2024-12-03 07:00:00,2024-12-03,7,1,0,winter,6560,,,,
NYC,hour,2024-12-03 08:00:00,2024-12-03,8,1,0,winter,10023,,,,
NYC,hour,2024-12-03 09:00:00,2024-12-03,9,1,0,winter,6645,,,,
NYC,hour,2024-12-03 10:00:00,2024-12-03,10,1,0,winter,4338,,,,
NYC,hour,2024-12-03 11:00:00,2024-12-03,11,1,0,winter,4051,,,,
NYC,hour,2024-12-03 12:00:00,2024-12-03,12,1,0,winter,4481,,,,
NYC,hour,2024-12-03 13:00:00,2024-12-03,13,1,0,winter,4774,,,,
NYC,hour,2024-12-03 14:00:00,2024-12-03,14,1,0,winter,5402,,,,
NYC,hour,2024-12-03 15:00:00,2024-12-03,15,1,0,winter,6535,,,,
NYC,hour,2024-12-03 16:00:00,2024-12-03,16,1,0,winter,7834,,,,
NYC,hour,2024-12-03 17:00:00,2024-12-03,17,1,0,winter,10146,,,,
NYC,hour,2024-12-03 18:00:00,2024-12-03,18,1,0,winter,8996,,,,
NYC,hour,2024-12-03 19:00:00,2024-12-03,19,1,0,winter,6554,,,,
NYC,hour,2024-12-03 20:00:00,2024-12-03,20,1,0,winter,4268,,,,
NYC,hour,2024-12-03 21:00:00,2024-12-03,21,1,0,winter,3224,,,,
NYC,hour,2024-12-03 22:00:00,2024-12-03,22,1,0,winter,2454,,,,
NYC,hour,2024-12-03 23:00:00,2024-12-03,23,1,0,winter,1458,,,,
NYC,hour,2024-12-04 00:00:00,2024-12-04,0,2,0,winter,806,,,,
NYC,hour,2024-12-04 01:00:00,2024-12-04,1,2,0,winter,387,,,,
NYC,hour,2024-12-04 02:00:00,2024-12-04,2,2,0,winter,213,,,,
NYC,hour,2024-12-04 03:00:00,2024-12-04,3,2,0,winter,183,,,,
NYC,hour,2024-12-04 04:00:00,2024-12-04,4,2,0,winter,253,,,,
NYC,hour,2024-12-04 05:00:00,2024-12-04,5,2,0,winter,992,,,,
NYC,hour,2024-12-04 06:00:00,2024-12-04,6,2,0,winter,2901,,,,
NYC,hour,2024-12-04 07:00:00,2024-12-04,7,2,0,winter,6444,,,,
NYC,hour,2024-12-04 08:00:00,2024-12-04,8,2,0,winter,9952,,,,
NYC,hour,2024-12-04 09:00:00,2024-12-04,9,2,0,winter,6986,,,,
NYC,hour,2024-12-04 10:00:00,2024-12-04,10,2,0,winter,4451,,,,
NYC,hour,2024-12-04 11:00:00,2024-12-04,11,2,0,winter,4264,,,,
NYC,hour,2024-12-04 12:00:00,2024-12-04,12,2,0,winter,4503,,,,
NYC,hour,2024-12-04 13:00:00,2024-12-04,13,2,0,winter,4822,,,,
NYC,hour,2024-12-04 14:00:00,2024-12-04,14,2,0,winter,5682,,,,
NYC,hour,2024-12-04 15:00:00,2024-12-04,15,2,0,winter,6613,,,,
NYC,hour,2024-12-04 16:00:00,2024-12-04,16,2,0,winter,7618,,,,
NYC,hour,2024-12-04 17:00:00,2024-12-04,17,2,0,winter,10015,,,,
NYC,hour,2024-12-04 18:00:00,2024-12-04,18,2,0,winter,9555,,,,
NYC,hour,2024-12-04 19:00:00,2024-12-04,19,2,0,winter,6659,,,,
NYC,hour,2024-12-04 20:00:00,2024-12-04,20,2,0,winter,4463,,,,
NYC,hour,2024-12-04 21:00:00,2024-12-04,21,2,0,winter,3389,,,,
NYC,hour,2024-12-04 22:00:00,2024-12-04,22,2,0,winter,2858,,,,
NYC,hour,2024-12-04 23:00:00,2024-12-04,23,2,0,winter,1419,,,,
NYC,hour,2024-12-05 00:00:00,2024-12-05,0,3,0,winter,496,,,,
NYC,hour,2024-12-05 01:00:00,2024-12-05,1,3,0,winter,272,,,,
NYC,hour,2024-12-05 02:00:00,2024-12-05,2,3,0,winter,204,,,,
NYC,hour,2024-12-05 03:00:00,2024-12-05,3,3,0,winter,162,,,,
NYC,hour,2024-12-05 04:00:00,2024-12-05,4,3,0,winter,241,,,,
NYC,hour,2024-12-05 05:00:00,2024-12-05,5,3,0,winter,905,,,,
NYC,hour,2024-12-05 06:00:00,2024-12-05,6,3,0,winter,1845,,,,
NYC,hour,2024-12-05 07:00:00,2024-12-05,7,3,0,winter,5284,,,,
NYC,hour,2024-12-05 08:00:00,2024-12-05,8,3,0,winter,8947,,,,
NYC,hour,2024-12-05 09:00:00,2024-12-05,9,3,0,winter,6753,,,,
NYC,hour,2024-12-05 10:00:00,2024-12-05,10,3,0,winter,4163,,,,
NYC,hour,2024-12-05 11:00:00,2024-12-05,11,3,0,winter,3891,,,,
NYC,hour,2024-12-05 12:00:00,2024-12-05,12,3,0,winter,4258,,,,
NYC,hour,2024-12-05 13:00:00,2024-12-05,13,3,0,winter,4491,,,,
NYC,hour,2024-12-05 14:00:00,2024-12-05,14,3,0,winter,5189,,,,
NYC,hour,2024-12-05 15:00:00,2024-12-05,15,3,0,winter,5943,,,,
NYC,hour,2024-12-05 16:00:00,2024-12-05,16,3,0,winter,6982,,,,
NYC,hour,2024-12-05 17:00:00,2024-12-05,17,3,0,winter,9174,,,,
NYC,hour,2024-12-05 18:00:00,2024-12-05,18,3,0,winter,8622,,,,
NYC,hour,2024-12-05 19:00:00,2024-12-05,19,3,0,winter,6204,,,,
NYC,hour,2024-12-05 20:00:00,2024-12-05,20,3,0,winter,4175,,,,
NYC,hour,2024-12-05 21:00:00,2024-12-05,21,3,0,winter,3043,,,,
NYC,hour,2024-12-05 22:00:00,2024-12-05,22,3,0,winter,2573,,,,
NYC,hour,2024-12-05 23:00:00,2024-12-05,23,3,0,winter,1949,,,,
NYC,hour,2024-12-06 00:00:00,2024-12-06,0,4,0,winter,1159,,,,
NYC,hour,2024-12-06 01:00:00,2024-12-06,1,4,0,winter,585,,,,
NYC,hour,2024-12-06 02:00:00,2024-12-06,2,4,0,winter,325,,,,
NYC,hour,2024-12-06 03:00:00,2024-12-06,3,4,0,winter,237,,,,
NYC,hour,2024-12-06 04:00:00,2024-12-06,4,4,0,winter,287,,,,
NYC,hour,2024-12-06 05:00:00,2024-12-06,5,4,0,winter,825,,,,
NYC,hour,2024-12-06 06:00:00,2024-12-06,6,4,0,winter,2174,,,,
NYC,hour,2024-12-06 07:00:00,2024-12-06,7,4,0,winter,5091,,,,
NYC,hour,2024-12-06 08:00:00,2024-12-06,8,4,0,winter,7368,,,,
NYC,hour,2024-12-06 09:00:00,2024-12-06,9,4,0,winter,5529,,,,
NYC,hour,2024-12-06 10:00:00,2024-12-06,10,4,0,winter,4099,,,,
NYC,hour,2024-12-06 11:00:00,2024-12-06,11,4,0,winter,4180,,,,
NYC,hour,2024-12-06 12:00:00,2024-12-06,12,4,0,winter,4849,,,,
NYC,hour,2024-12-06 13:00:00,2024-12-06,13,4,0,winter,5167,,,,
NYC,hour,2024-12-06 14:00:00,2024-12-06,14,4,0,winter,5866,,,,
NYC,hour,2024-12-06 15:00:00,2024-12-06,15,4,0,winter,6438,,,,
NYC,hour,2024-12-06 16:00:00,2024-12-06,16,4,0,winter,7250,,,,
NYC,hour,2024-12-06 17:00:00,2024-12-06,17,4,0,winter,7972,,,,
NYC,hour,2024-12-06 18:00:00,2024-12-06,18,4,0,winter,7193,,,,
NYC,hour,2024-12-06 19:00:00,2024-12-06,19,4,0,winter,5436,,,,
NYC,hour,2024-12-06 20:00:00,2024-12-06,20,4,0,winter,3731,,,,
NYC,hour,2024-12-06 21:00:00,2024-12-06,21,4,0,winter,2858,,,,
NYC,hour,2024-12-06 22:00:00,2024-12-06,22,4,0,winter,2422,,,,
NYC,hour,2024-12-06 23:00:00,2024-12-06,23,4,0,winter,2234,,,,
NYC,hour,2024-12-07 00:00:00,2024-12-07,0,5,1,winter,1880,,,,
NYC,hour,2024-12-07 01:00:00,2024-12-07,1,5,1,winter,1257,,,,
NYC,hour,2024-12-07 02:00:00,2024-12-07,2,5,1,winter,792,,,,
NYC,hour,2024-12-07 03:00:00,2024-12-07,3,5,1,winter,477,,,,
NYC,hour,2024-12-07 04:00:00,2024-12-07,4,5,1,winter,331,,,,
NYC,hour,2024-12-07 05:00:00,2024-12-07,5,5,1,winter,380,,,,
NYC,hour,2024-12-07 06:00:00,2024-12-07,6,5,1,winter,727,,,,
NYC,hour,2024-12-07 07:00:00,2024-12-07,7,5,1,winter,1484,,,,
NYC,hour,2024-12-07 08:00:00,2024-12-07,8,5,1,winter,2517,,,,
NYC,hour,2024-12-07 09:00:00,2024-12-07,9,5,1,winter,3920,,,,
NYC,hour,2024-12-07 10:00:00,2024-12-07,10,5,1,winter,5089,,,,
NYC,hour,2024-12-07 11:00:00,2024-12-07,11,5,1,winter,5937,,,,
NYC,hour,2024-12-07 12:00:00,2024-12-07,12,5,1,winter,6628,,,,
NYC,hour,2024-12-07 13:00:00,2024-12-07,13,5,1,winter,6937,,,,
NYC,hour,2024-12-07 14:00:00,2024-12-07,14,5,1,winter,6928,,,,
NYC,hour,2024-12-07 15:00:00,2024-12-07,15,5,1,winter,7025,,,,
NYC,hour,2024-12-07 16:00:00,2024-12-07,16,5,1,winter,6489,,,,
NYC,hour,2024-12-07 17:00:00,2024-12-07,17,5,1,winter,5635,,,,
NYC,hour,2024-12-07 18:00:00,2024-12-07,18,5,1,winter,5378,,,,
NYC,hour,2024-12-07 19:00:00,2024-12-07,19,5,1,winter,4631,,,,
NYC,hour,2024-12-07 20:00:00,2024-12-07,20,5,1,winter,3644,,,,
NYC,hour,2024-12-07 21:00:00,2024-12-07,21,5,1,winter,2847,,,,
NYC,hour,2024-12-07 22:00:00,2024-12-07,22,5,1,winter,2769,,,,
NYC,hour,2024-12-07 23:00:00,2024-12-07,23,5,1,winter,2711,,,,
NYC,hour,2024-12-08 00:00:00,2024-12-08,0,6,1,winter,2280,,,,
NYC,hour,2024-12-08 01:00:00,2024-12-08,1,6,1,winter,1550,,,,
NYC,hour,2024-12-08 02:00:00,2024-12-08,2,6,1,winter,986,,,,
NYC,hour,2024-12-08 03:00:00,2024-12-08,3,6,1,winter,637,,,,
NYC,hour,2024-12-08 04:00:00,2024-12-08,4,6,1,winter,378,,,,
NYC,hour,2024-12-08 05:00:00,2024-12-08,5,6,1,winter,368,,,,
NYC,hour,2024-12-08 06:00:00,2024-12-08,6,6,1,winter,619,,,,
NYC,hour,2024-12-08 07:00:00,2024-12-08,7,6,1,winter,1158,,,,
NYC,hour,2024-12-08 08:00:00,2024-12-08,8,6,1,winter,1993,,,,
NYC,hour,2024-12-08 09:00:00,2024-12-08,9,6,1,winter,3399,,,,
NYC,hour,2024-12-08 10:00:00,2024-12-08,10,6,1,winter,5135,,,,
NYC,hour,2024-12-08 11:00:00,2024-12-08,11,6,1,winter,6562,,,,
NYC,hour,2024-12-08 12:00:00,2024-12-08,12,6,1,winter,7824,,,,
NYC,hour,2024-12-08 13:00:00,2024-12-08,13,6,1,winter,8317,,,,
NYC,hour,2024-12-08 14:00:00,2024-12-08,14,6,1,winter,8577,,,,
NYC,hour,2024-12-08 15:00:00,2024-12-08,15,6,1,winter,8557,,,,
NYC,hour,2024-12-08 16:00:00,2024-12-08,16,6,1,winter,8245,,,,
NYC,hour,2024-12-08 17:00:00,2024-12-08,17,6,1,winter,6900,,,,
NYC,hour,2024-12-08 18:00:00,2024-12-08,18,6,1,winter,6049,,,,
NYC,hour,2024-12-08 19:00:00,2024-12-08,19,6,1,winter,4872,,,,
NYC,hour,2024-12-08 20:00:00,2024-12-08,20,6,1,winter,3682,,,,
NYC,hour,2024-12-08 21:00:00,2024-12-08,21,6,1,winter,2935,,,,
NYC,hour,2024-12-08 22:00:00,2024-12-08,22,6,1,winter,2414,,,,
NYC,hour,2024-12-08 23:00:00,2024-12-08,23,6,1,winter,1628,,,,
NYC,hour,2024-12-09 00:00:00,2024-12-09,0,0,0,winter,997,,,,
NYC,hour,2024-12-09 01:00:00,2024-12-09,1,0,0,winter,493,,,,
NYC,hour,2024-12-09 02:00:00,2024-12-09,2,0,0,winter,309,,,,
NYC,hour,2024-12-09 03:00:00,2024-12-09,3,0,0,winter,202,,,,
NYC,hour,2024-12-09 04:00:00,2024-12-09,4,0,0,winter,312,,,,
NYC,hour,2024-12-09 05:00:00,2024-12-09,5,0,0,winter,1083,,,,
NYC,hour,2024-12-09 06:00:00,2024-12-09,6,0,0,winter,3071,,,,
NYC,hour,2024-12-09 07:00:00,2024-12-09,7,0,0,winter,6861,,,,
NYC,hour,2024-12-09 08:00:00,2024-12-09,8,0,0,winter,10371,,,,
NYC,hour,2024-12-09 09:00:00,2024-12-09,9,0,0,winter,7057,,,,
NYC,hour,2024-12-09 10:00:00,2024-12-09,10,0,0,winter,4897,,,,
NYC,hour,2024-12-09 11:00:00,2024-12-09,11,0,0,winter,4572,,,,
NYC,hour,2024-12-09 12:00:00,2024-12-09,12,0,0,winter,3507,,,,
NYC,hour,2024-12-09 13:00:00,2024-12-09,13,0,0,winter,1959,,,,
NYC,hour,2024-12-09 14:00:00,2024-12-09,14,0,0,winter,2002,,,,
NYC,hour,2024-12-09 15:00:00,2024-12-09,15,0,0,winter,3611,,,,
NYC,hour,2024-12-09 16:00:00,2024-12-09,16,0,0,winter,4053,,,,
NYC,hour,2024-12-09 17:00:00,2024-12-09,17,0,0,winter,5916,,,,
NYC,hour,2024-12-09 18:00:00,2024-12-09,18,0,0,winter,7941,,,,
NYC,hour,2024-12-09 19:00:00,2024-12-09,19,0,0,winter,6190,,,,
NYC,hour,2024-12-09 20:00:00,2024-12-09,20,0,0,winter,4525,,,,
NYC,hour,2024-12-09 21:00:00,2024-12-09,21,0,0,winter,3650,,,,
NYC,hour,2024-12-09 22:00:00,2024-12-09,22,0,0,winter,2666,,,,
NYC,hour,2024-12-09 23:00:00,2024-12-09,23,0,0,winter,1794,,,,
NYC,hour,2024-12-10 00:00:00,2024-12-10,0,1,0,winter,1005,,,,
NYC,hour,2024-12-10 01:00:00,2024-12-10,1,1,0,winter,482,,,,
NYC,hour,2024-12-10 02:00:00,2024-12-10,2,1,0,winter,276,,,,
NYC,hour,2024-12-10 03:00:00,2024-12-10,3,1,0,winter,209,,,,
NYC,hour,2024-12-10 04:00:00,2024-12-10,4,1,0,winter,326,,,,
NYC,hour,2024-12-10 05:00:00,2024-12-10,5,1,0,winter,1162,,,,
NYC,hour,2024-12-10 06:00:00,2024-12-10,6,1,0,winter,3305,,,,
NYC,hour,2024-12-10 07:00:00,2024-12-10,7,1,0,winter,7369,,,,
NYC,hour,2024-12-10 08:00:00,2024-12-10,8,1,0,winter,10913,,,,
NYC,hour,2024-12-10 09:00:00,2024-12-10,9,1,0,winter,7307,,,,
NYC,hour,2024-12-10 10:00:00,2024-12-10,10,1,0,winter,4682,,,,
NYC,hour,2024-12-10 11:00:00,2024-12-10,11,1,0,winter,4418,,,,
NYC,hour,2024-12-10 12:00:00,2024-12-10,12,1,0,winter,4844,,,,
NYC,hour,2024-12-10 13:00:00,2024-12-10,13,1,0,winter,4083,,,,
NYC,hour,2024-12-10 14:00:00,2024-12-10,14,1,0,winter,4591,,,,
NYC,hour,2024-12-10 15:00:00,2024-12-10,15,1,0,winter,5434,,,,
NYC,hour,2024-12-10 16:00:00,2024-12-10,16,1,0,winter,6494,,,,
NYC,hour,2024-12-10 17:00:00,2024-12-10,17,1,0,winter,9763,,,,
NYC,hour,2024-12-10 18:00:00,2024-12-10,18,1,0,winter,9193,,,,
NYC,hour,2024-12-10 19:00:00,2024-12-10,19,1,0,winter,5806,,,,
NYC,hour,2024-12-10 20:00:00,2024-12-10,20,1,0,winter,2287,,,,
NYC,hour,2024-12-10 21:00:00,2024-12-10,21,1,0,winter,1594,,,,
NYC,hour,2024-12-10 22:00:00,2024-12-10,22,1,0,winter,1518,,,,
NYC,hour,2024-12-10 23:00:00,2024-12-10,23,1,0,winter,1383,,,,
NYC,hour,2024-12-11 00:00:00,2024-12-11,0,2,0,winter,882,,,,
NYC,hour,2024-12-11 01:00:00,2024-12-11,1,2,0,winter,226,,,,
NYC,hour,2024-12-11 02:00:00,2024-12-11,2,2,0,winter,180,,,,
NYC,hour,2024-12-11 03:00:00,2024-12-11,3,2,0,winter,133,,,,
NYC,hour,2024-12-11 04:00:00,2024-12-11,4,2,0,winter,232,,,,
NYC,hour,2024-12-11 05:00:00,2024-12-11,5,2,0,winter,678,,,,
NYC,hour,2024-12-11 06:00:00,2024-12-11,6,2,0,winter,2030,,,,
NYC,hour,2024-12-11 07:00:00,2024-12-11,7,2,0,winter,4914,,,,
NYC,hour,2024-12-11 08:00:00,2024-12-11,8,2,0,winter,8011,,,,
NYC,hour,2024-12-11 09:00:00,2024-12-11,9,2,0,winter,6320,,,,
NYC,hour,2024-12-11 10:00:00,2024-12-11,10,2,0,winter,4196,,,,
NYC,hour,2024-12-11 11:00:00,2024-12-11,11,2,0,winter,4028,,,,
NYC,hour,2024-12-11 12:00:00,2024-12-11,12,2,0,winter,1509,,,,
NYC,hour,2024-12-11 13:00:00,2024-12-11,13,2,0,winter,1719,,,,
NYC,hour,2024-12-11 14:00:00,2024-12-11,14,2,0,winter,3046,,,,
NYC,hour,2024-12-11 15:00:00,2024-12-11,15,2,0,winter,4155,,,,
NYC,hour,2024-12-11 16:00:00,2024-12-11,16,2,0,winter,3959,,,,
NYC,hour,2024-12-11 17:00:00,2024-12-11,17,2,0,winter,5120,,,,
NYC,hour,2024-12-11 18:00:00,2024-12-11,18,2,0,winter,4124,,,,
NYC,hour,2024-12-11 19:00:00,2024-12-11,19,2,0,winter,2940,,,,
NYC,hour,2024-12-11 20:00:00,2024-12-11,20,2,0,winter,2024,,,,
NYC,hour,2024-12-11 21:00:00,2024-12-11,21,2,0,winter,2288,,,,
NYC,hour,2024-12-11 22:00:00,2024-12-11,22,2,0,winter,2441,,,,
NYC,hour,2024-12-11 23:00:00,2024-12-11,23,2,0,winter,1720,,,,
NYC,hour,2024-12-12 00:00:00,2024-12-12,0,3,0,winter,1106,,,,
NYC,hour,2024-12-12 01:00:00,2024-12-12,1,3,0,winter,518,,,,
NYC,hour,2024-12-12 02:00:00,2024-12-12,2,3,0,winter,341,,,,
NYC,hour,2024-12-12 03:00:00,2024-12-12,3,3,0,winter,213,,,,
NYC,hour,2024-12-12 04:00:00,2024-12-12,4,3,0,winter,279,,,,
NYC,hour,2024-12-12 05:00:00,2024-12-12,5,3,0,winter,999,,,,
NYC,hour,2024-12-12 06:00:00,2024-12-12,6,3,0,winter,2791,,,,
NYC,hour,2024-12-12 07:00:00,2024-12-12,7,3,0,winter,6496,,,,
NYC,hour,2024-12-12 08:00:00,2024-12-12,8,3,0,winter,9679,,,,
NYC,hour,2024-12-12 09:00:00,2024-12-12,9,3,0,winter,6698,,,,
NYC,hour,2024-12-12 10:00:00,2024-12-12,10,3,0,winter,4312,,,,
NYC,hour,2024-12-12 11:00:00,2024-12-12,11,3,0,winter,4181,,,,
NYC,hour,2024-12-12 12:00:00,2024-12-12,12,3,0,winter,4109,,,,
NYC,hour,2024-12-12 13:00:00,2024-12-12,13,3,0,winter,3493,,,,
NYC,hour,2024-12-12 14:00:00,2024-12-12,14,3,0,winter,3535,,,,
NYC,hour,2024-12-12 15:00:00,2024-12-12,15,3,0,winter,3867,,,,
NYC,hour,2024-12-12 16:00:00,2024-12-12,16,3,0,winter,4865,,,,
NYC,hour,2024-12-12 17:00:00,2024-12-12,17,3,0,winter,8764,,,,
NYC,hour,2024-12-12 18:00:00,2024-12-12,18,3,0,winter,8612,,,,
NYC,hour,2024-12-12 19:00:00,2024-12-12,19,3,0,winter,6083,,,,
NYC,hour,2024-12-12 20:00:00,2024-12-12,20,3,0,winter,4308,,,,
NYC,hour,2024-12-12 21:00:00,2024-12-12,21,3,0,winter,3429,,,,
NYC,hour,2024-12-12 22:00:00,2024-12-12,22,3,0,winter,2827,,,,
NYC,hour,2024-12-12 23:00:00,2024-12-12,23,3,0,winter,2205,,,,
NYC,hour,2024-12-13 00:00:00,2024-12-13,0,4,0,winter,1466,,,,
NYC,hour,2024-12-13 01:00:00,2024-12-13,1,4,0,winter,762,,,,
NYC,hour,2024-12-13 02:00:00,2024-12-13,2,4,0,winter,433,,,,
NYC,hour,2024-12-13 03:00:00,2024-12-13,3,4,0,winter,276,,,,
NYC,hour,2024-12-13 04:00:00,2024-12-13,4,4,0,winter,295,,,,
NYC,hour,2024-12-13 05:00:00,2024-12-13,5,4,0,winter,830,,,,
NYC,hour,2024-12-13 06:00:00,2024-12-13,6,4,0,winter,2054,,,,
NYC,hour,2024-12-13 07:00:00,2024-12-13,7,4,0,winter,5000,,,,
NYC,hour,2024-12-13 08:00:00,2024-12-13,8,4,0,winter,7133,,,,
NYC,hour,2024-12-13 09:00:00,2024-12-13,9,4,0,winter,5406,,,,
NYC,hour,2024-12-13 10:00:00,2024-12-13,10,4,0,winter,4180,,,,
NYC,hour,2024-12-13 11:00:00,2024-12-13,11,4,0,winter,4263,,,,
NYC,hour,2024-12-13 12:00:00,2024-12-13,12,4,0,winter,4786,,,,
NYC,hour,2024-12-13 13:00:00,2024-12-13,13,4,0,winter,5356,,,,
NYC,hour,2024-12-13 14:00:00,2024-12-13,14,4,0,winter,5858,,,,
NYC,hour,2024-12-13 15:00:00,2024-12-13,15,4,0,winter,6795,,,,
NYC,hour,2024-12-13 16:00:00,2024-12-13,16,4,0,winter,7238,,,,
NYC,hour,2024-12-13 17:00:00,2024-12-13,17,4,0,winter,8065,,,,
NYC,hour,2024-12-13 18:00:00,2024-12-13,18,4,0,winter,7076,,,,
NYC,hour,2024-12-13 19:00:00,2024-12-13,19,4,0,winter,5489,,,,
NYC,hour,2024-12-13 20:00:00,2024-12-13,20,4,0,winter,3787,,,,
NYC,hour,2024-12-13 21:00:00,2024-12-13,21,4,0,winter,2769,,,,
NYC,hour,2024-12-13 22:00:00,2024-12-13,22,4,0,winter,2367,,,,
NYC,hour,2024-12-13 23:00:00,2024-12-13,23,4,0,winter,2356,,,,
NYC,hour,2024-12-14 00:00:00,2024-12-14,0,5,1,winter,1838,,,,
NYC,hour,2024-12-14 01:00:00,2024-12-14,1,5,1,winter,1220,,,,
NYC,hour,2024-12-14 02:00:00,2024-12-14,2,5,1,winter,770,,,,
NYC,hour,2024-12-14 03:00:00,2024-12-14,3,5,1,winter,512,,,,
NYC,hour,2024-12-14 04:00:00,2024-12-14,4,5,1,winter,364,,,,
NYC,hour,2024-12-14 05:00:00,2024-12-14,5,5,1,winter,355,,,,
NYC,hour,2024-12-14 06:00:00,2024-12-14,6,5,1,winter,713,,,,
NYC,hour,2024-12-14 07:00:00,2024-12-14,7,5,1,winter,1424,,,,
NYC,hour,2024-12-14 08:00:00,2024-12-14,8,5,1,winter,2266,,,,
NYC,hour,2024-12-14 09:00:00,2024-12-14,9,5,1,winter,3657,,,,
NYC,hour,2024-12-14 10:00:00,2024-12-14,10,5,1,winter,4817,,,,
NYC,hour,2024-12-14 11:00:00,2024-12-14,11,5,1,winter,5589,,,,
NYC,hour,2024-12-14 12:00:00,2024-12-14,12,5,1,winter,6128,,,,
NYC,hour,2024-12-14 13:00:00,2024-12-14,13,5,1,winter,6576,,,,
NYC,hour,2024-12-14 14:00:00,2024-12-14,14,5,1,winter,6365,,,,
NYC,hour,2024-12-14 15:00:00,2024-12-14,15,5,1,winter,6524,,,,
NYC,hour,2024-12-14 16:00:00,2024-12-14,16,5,1,winter,6172,,,,
NYC,hour,2024-12-14 17:00:00,2024-12-14,17,5,1,winter,5245,,,,
NYC,hour,2024-12-14 18:00:00,2024-12-14,18,5,1,winter,5060,,,,
NYC,hour,2024-12-14 19:00:00,2024-12-14,19,5,1,winter,4343,,,,
NYC,hour,2024-12-14 20:00:00,2024-12-14,20,5,1,winter,3345,,,,
NYC,hour,2024-12-14 21:00:00,2024-12-14,21,5,1,winter,2589,,,,
NYC,hour,2024-12-14 22:00:00,2024-12-14,22,5,1,winter,2336,,,,
NYC,hour,2024-12-14 23:00:00,2024-12-14,23,5,1,winter,2396,,,,
NYC,hour,2024-12-15 00:00:00,2024-12-15,0,6,1,winter,2114,,,,
NYC,hour,2024-12-15 01:00:00,2024-12-15,1,6,1,winter,1347,,,,
NYC,hour,2024-12-15 02:00:00,2024-12-15,2,6,1,winter,918,,,,
NYC,hour,2024-12-15 03:00:00,2024-12-15,3,6,1,winter,517,,,,
NYC,hour,2024-12-15 04:00:00,2024-12-15,4,6,1,winter,377,,,,
NYC,hour,2024-12-15 05:00:00,2024-12-15,5,6,1,winter,273,,,,
NYC,hour,2024-12-15 06:00:00,2024-12-15,6,6,1,winter,564,,,,
NYC,hour,2024-12-15 07:00:00,2024-12-15,7,6,1,winter,998,,,,
NYC,hour,2024-12-15 08:00:00,2024-12-15,8,6,1,winter,1833,,,,
NYC,hour,2024-12-15 09:00:00,2024-12-15,9,6,1,winter,3128,,,,
NYC,hour,2024-12-15 10:00:00,2024-12-15,10,6,1,winter,4333,,,,
NYC,hour,2024-12-15 11:00:00,2024-12-15,11,6,1,winter,5405,,,,
NYC,hour,2024-12-15 12:00:00,2024-12-15,12,6,1,winter,5939,,,,
NYC,hour,2024-12-15 13:00:00,2024-12-15,13,6,1,winter,6196,,,,
NYC,hour,2024-12-15 14:00:00,2024-12-15,14,6,1,winter,6121,,,,
NYC,hour,2024-12-15 15:00:00,2024-12-15,15,6,1,winter,6107,,,,
NYC,hour,2024-12-15 16:00:00,2024-12-15,16,6,1,winter,6128,,,,
NYC,hour,2024-12-15 17:00:00,2024-12-15,17,6,1,winter,5219,,,,
NYC,hour,2024-12-15 18:00:00,2024-12-15,18,6,1,winter,4707,,,,
NYC,hour,2024-12-15 19:00:00,2024-12-15,19,6,1,winter,3915,,,,
NYC,hour,2024-12-15 20:00:00,2024-12-15,20,6,1,winter,3087,,,,
NYC,hour,2024-12-15 21:00:00,2024-12-15,21,6,1,winter,2464,,,,
NYC,hour,2024-12-15 22:00:00,2024-12-15,22,6,1,winter,1758,,,,
NYC,hour,2024-12-15 23:00:00,2024-12-15,23,6,1,winter,738,,,,
NYC,hour,2024-12-16 00:00:00,2024-12-16,0,0,0,winter,415,,,,
NYC,hour,2024-12-16 01:00:00,2024-12-16,1,0,0,winter,221,,,,
NYC,hour,2024-12-16 02:00:00,2024-12-16,2,0,0,winter,145,,,,
NYC,hour,2024-12-16 03:00:00,2024-12-16,3,0,0,winter,97,,,,
NYC,hour,2024-12-16 04:00:00,2024-12-16,4,0,0,winter,206,,,,
NYC,hour,2024-12-16 05:00:00,2024-12-16,5,0,0,winter,416,,,,
NYC,hour,2024-12-16 06:00:00,2024-12-16,6,0,0,winter,1171,,,,
NYC,hour,2024-12-16 07:00:00,2024-12-16,7,0,0,winter,2559,,,,
NYC,hour,2024-12-16 08:00:00,2024-12-16,8,0,0,winter,3249,,,,
NYC,hour,2024-12-16 09:00:00,2024-12-16,9,0,0,winter,2962,,,,
NYC,hour,2024-12-16 10:00:00,2024-12-16,10,0,0,winter,2249,,,,
NYC,hour,2024-12-16 11:00:00,2024-12-16,11,0,0,winter,2299,,,,
NYC,hour,2024-12-16 12:00:00,2024-12-16,12,0,0,winter,2089,,,,
NYC,hour,2024-12-16 13:00:00,2024-12-16,13,0,0,winter,1589,,,,
NYC,hour,2024-12-16 14:00:00,2024-12-16,14,0,0,winter,1744,,,,
NYC,hour,2024-12-16 15:00:00,2024-12-16,15,0,0,winter,2505,,,,
NYC,hour,2024-12-16 16:00:00,2024-12-16,16,0,0,winter,4443,,,,
NYC,hour,2024-12-16 17:00:00,2024-12-16,17,0,0,winter,6919,,,,
NYC,hour,2024-12-16 18:00:00,2024-12-16,18,0,0,winter,7316,,,,
NYC,hour,2024-12-16 19:00:00,2024-12-16,19,0,0,winter,5557,,,,
NYC,hour,2024-12-16 20:00:00,2024-12-16,20,0,0,winter,4072,,,,
NYC,hour,2024-12-16 21:00:00,2024-12-16,21,0,0,winter,2907,,,,
NYC,hour,2024-12-16 22:00:00,2024-12-16,22,0,0,winter,1831,,,,
NYC,hour,2024-12-16 23:00:00,2024-12-16,23,0,0,winter,877,,,,
NYC,hour,2024-12-17 00:00:00,2024-12-17,0,1,0,winter,699,,,,
NYC,hour,2024-12-17 01:00:00,2024-12-17,1,1,0,winter,372,,,,
NYC,hour,2024-12-17 02:00:00,2024-12-17,2,1,0,winter,329,,,,
NYC,hour,2024-12-17 03:00:00,2024-12-17,3,1,0,winter,210,,,,
NYC,hour,2024-12-17 04:00:00,2024-12-17,4,1,0,winter,283,,,,
NYC,hour,2024-12-17 05:00:00,2024-12-17,5,1,0,winter,1067,,,,
NYC,hour,2024-12-17 06:00:00,2024-12-17,6,1,0,winter,2970,,,,
NYC,hour,2024-12-17 07:00:00,2024-12-17,7,1,0,winter,6553,,,,
NYC,hour,2024-12-17 08:00:00,2024-12-17,8,1,0,winter,10072,,,,
NYC,hour,2024-12-17 09:00:00,2024-12-17,9,1,0,winter,7138,,,,
NYC,hour,2024-12-17 10:00:00,2024-12-17,10,1,0,winter,4987,,,,
NYC,hour,2024-12-17 11:00:00,2024-12-17,11,1,0,winter,4814,,,,
NYC,hour,2024-12-17 12:00:00,2024-12-17,12,1,0,winter,5514,,,,
NYC,hour,2024-12-17 13:00:00,2024-12-17,13,1,0,winter,6333,,,,
NYC,hour,2024-12-17 14:00:00,2024-12-17,14,1,0,winter,7427,,,,
NYC,hour,2024-12-17 15:00:00,2024-12-17,15,1,0,winter,8716,,,,
NYC,hour,2024-12-17 16:00:00,2024-12-17,16,1,0,winter,9792,,,,
NYC,hour,2024-12-17 17:00:00,2024-12-17,17,1,0,winter,12387,,,,
NYC,hour,2024-12-17 18:00:00,2024-12-17,18,1,0,winter,11005,,,,
NYC,hour,2024-12-17 19:00:00,2024-12-17,19,1,0,winter,8141,,,,
NYC,hour,2024-12-17 20:00:00,2024-12-17,20,1,0,winter,5739,,,,
NYC,hour,2024-12-17 21:00:00,2024-12-17,21,1,0,winter,4396,,,,
NYC,hour,2024-12-17 22:00:00,2024-12-17,22,1,0,winter,3448,,,,
NYC,hour,2024-12-17 23:00:00,2024-12-17,23,1,0,winter,2294,,,,
NYC,hour,2024-12-18 00:00:00,2024-12-18,0,2,0,winter,1372,,,,
NYC,hour,2024-12-18 01:00:00,2024-12-18,1,2,0,winter,683,,,,
NYC,hour,2024-12-18 02:00:00,2024-12-18,2,2,0,winter,381,,,,
NYC,hour,2024-12-18 03:00:00,2024-12-18,3,2,0,winter,266,,,,
NYC,hour,2024-12-18 04:00:00,2024-12-18,4,2,0,winter,331,,,,
NYC,hour,2024-12-18 05:00:00,2024-12-18,5,2,0,winter,1075,,,,
NYC,hour,2024-12-18 06:00:00,2024-12-18,6,2,0,winter,2961,,,,
NYC,hour,2024-12-18 07:00:00,2024-12-18,7,2,0,winter,6637,,,,
NYC,hour,2024-12-18 08:00:00,2024-12-18,8,2,0,winter,10478,,,,
NYC,hour,2024-12-18 09:00:00,2024-12-18,9,2,0,winter,7493,,,,
NYC,hour,2024-12-18 10:00:00,2024-12-18,10,2,0,winter,5166,,,,
NYC,hour,2024-12-18 11:00:00,2024-12-18,11,2,0,winter,5409,,,,
NYC,hour,2024-12-18 12:00:00,2024-12-18,12,2,0,winter,5978,,,,
NYC,hour,2024-12-18 13:00:00,2024-12-18,13,2,0,winter,6521,,,,
NYC,hour,2024-12-18 14:00:00,2024-12-18,14,2,0,winter,7359,,,,
NYC,hour,2024-12-18 15:00:00,2024-12-18,15,2,0,winter,8246,,,,
NYC,hour,2024-12-18 16:00:00,2024-12-18,16,2,0,winter,9193,,,,
NYC,hour,2024-12-18 17:00:00,2024-12-18,17,2,0,winter,11147,,,,
NYC,hour,2024-12-18 18:00:00,2024-12-18,18,2,0,winter,4948,,,,
NYC,hour,2024-12-18 19:00:00,2024-12-18,19,2,0,winter,2613,,,,
NYC,hour,2024-12-18 20:00:00,2024-12-18,20,2,0,winter,2626,,,,
NYC,hour,2024-12-18 21:00:00,2024-12-18,21,2,0,winter,2056,,,,
NYC,hour,2024-12-18 22:00:00,2024-12-18,22,2,0,winter,1530,,,,
NYC,hour,2024-12-18 23:00:00,2024-12-18,23,2,0,winter,1010,,,,
NYC,hour,2024-12-19 00:00:00,2024-12-19,0,3,0,winter,555,,,,
NYC,hour,2024-12-19 01:00:00,2024-12-19,1,3,0,winter,414,,,,
NYC,hour,2024-12-19 02:00:00,2024-12-19,2,3,0,winter,352,,,,
NYC,hour,2024-12-19 03:00:00,2024-12-19,3,3,0,winter,226,,,,
NYC,hour,2024-12-19 04:00:00,2024-12-19,4,3,0,winter,315,,,,
NYC,hour,2024-12-19 05:00:00,2024-12-19,5,3,0,winter,961,,,,
NYC,hour,2024-12-19 06:00:00,2024-12-19,6,3,0,winter,2668,,,,
NYC,hour,2024-12-19 07:00:00,2024-12-19,7,3,0,winter,6122,,,,
NYC,hour,2024-12-19 08:00:00,2024-12-19,8,3,0,winter,8880,,,,
NYC,hour,2024-12-19 09:00:00,2024-12-19,9,3,0,winter,6594,,,,
NYC,hour,2024-12-19 10:00:00,2024-12-19,10,3,0,winter,4622,,,,
NYC,hour,2024-12-19 11:00:00,2024-12-19,11,3,0,winter,4804,,,,
NYC,hour,2024-12-19 12:00:00,2024-12-19,12,3,0,winter,5212,,,,
NYC,hour,2024-12-19 13:00:00,2024-12-19,13,3,0,winter,5644,,,,
NYC,hour,2024-12-19 14:00:00,2024-12-19,14,3,0,winter,6379,,,,
NYC,hour,2024-12-19 15:00:00,2024-12-19,15,3,0,winter,7247,,,,
NYC,hour,2024-12-19 16:00:00,2024-12-19,16,3,0,winter,8110,,,,
NYC,hour,2024-12-19 17:00:00,2024-12-19,17,3,0,winter,9584,,,,
NYC,hour,2024-12-19 18:00:00,2024-12-19,18,3,0,winter,8551,,,,
NYC,hour,2024-12-19 19:00:00,2024-12-19,19,3,0,winter,6298,,,,
NYC,hour,2024-12-19 20:00:00,2024-12-19,20,3,0,winter,4470,,,,
NYC,hour,2024-12-19 21:00:00,2024-12-19,21,3,0,winter,3324,,,,
NYC,hour,2024-12-19 22:00:00,2024-12-19,22,3,0,winter,2817,,,,
NYC,hour,2024-12-19 23:00:00,2024-12-19,23,3,0,winter,2209,,,,
NYC,hour,2024-12-20 00:00:00,2024-12-20,0,4,0,winter,1338,,,,
NYC,hour,2024-12-20 01:00:00,2024-12-20,1,4,0,winter,804,,,,
NYC,hour,2024-12-20 02:00:00,2024-12-20,2,4,0,winter,482,,,,
NYC,hour,2024-12-20 03:00:00,2024-12-20,3,4,0,winter,312,,,,
NYC,hour,2024-12-20 04:00:00,2024-12-20,4,4,0,winter,322,,,,
NYC,hour,2024-12-20 05:00:00,2024-12-20,5,4,0,winter,858,,,,
NYC,hour,2024-12-20 06:00:00,2024-12-20,6,4,0,winter,2133,,,,
NYC,hour,2024-12-20 07:00:00,2024-12-20,7,4,0,winter,4565,,,,
NYC,hour,2024-12-20 08:00:00,2024-12-20,8,4,0,winter,6528,,,,
NYC,hour,2024-12-20 09:00:00,2024-12-20,9,4,0,winter,5106,,,,
NYC,hour,2024-12-20 10:00:00,2024-12-20,10,4,0,winter,4264,,,,
NYC,hour,2024-12-20 11:00:00,2024-12-20,11,4,0,winter,4308,,,,
NYC,hour,2024-12-20 12:00:00,2024-12-20,12,4,0,winter,4811,,,,
NYC,hour,2024-12-20 13:00:00,2024-12-20,13,4,0,winter,4044,,,,
NYC,hour,2024-12-20 14:00:00,2024-12-20,14,4,0,winter,3506,,,,
NYC,hour,2024-12-20 15:00:00,2024-12-20,15,4,0,winter,4271,,,,
NYC,hour,2024-12-20 16:00:00,2024-12-20,16,4,0,winter,5111,,,,
NYC,hour,2024-12-20 17:00:00,2024-12-20,17,4,0,winter,5902,,,,
NYC,hour,2024-12-20 18:00:00,2024-12-20,18,4,0,winter,5373,,,,
NYC,hour,2024-12-20 19:00:00,2024-12-20,19,4,0,winter,4384,,,,
NYC,hour,2024-12-20 20:00:00,2024-12-20,20,4,0,winter,3117,,,,
NYC,hour,2024-12-20 21:00:00,2024-12-20,21,4,0,winter,2490,,,,
NYC,hour,2024-12-20 22:00:00,2024-12-20,22,4,0,winter,1930,,,,
NYC,hour,2024-12-20 23:00:00,2024-12-20,23,4,0,winter,1700,,,,
NYC,hour,2024-12-21 00:00:00,2024-12-21,0,5,1,winter,1234,,,,
NYC,hour,2024-12-21 01:00:00,2024-12-21,1,5,1,winter,828,,,,
NYC,hour,2024-12-21 02:00:00,2024-12-21,2,5,1,winter,463,,,,
NYC,hour,2024-12-21 03:00:00,2024-12-21,3,5,1,winter,298,,,,
NYC,hour,2024-12-21 04:00:00,2024-12-21,4,5,1,winter,201,,,,
NYC,hour,2024-12-21 05:00:00,2024-12-21,5,5,1,winter,189,,,,
NYC,hour,2024-12-21 06:00:00,2024-12-21,6,5,1,winter,272,,,,
NYC,hour,2024-12-21 07:00:00,2024-12-21,7,5,1,winter,521,,,,
NYC,hour,2024-12-21 08:00:00,2024-12-21,8,5,1,winter,1046,,,,
NYC,hour,2024-12-21 09:00:00,2024-12-21,9,5,1,winter,1658,,,,
NYC,hour,2024-12-21 10:00:00,2024-12-21,10,5,1,winter,2250,,,,
NYC,hour,2024-12-21 11:00:00,2024-12-21,11,5,1,winter,2624,,,,
NYC,hour,2024-12-21 12:00:00,2024-12-21,12,5,1,winter,2877,,,,
NYC,hour,2024-12-21 13:00:00,2024-12-21,13,5,1,winter,3129,,,,
NYC,hour,2024-12-21 14:00:00,2024-12-21,14,5,1,winter,3265,,,,
NYC,hour,2024-12-21 15:00:00,2024-12-21,15,5,1,winter,3352,,,,
NYC,hour,2024-12-21 16:00:00,2024-12-21,16,5,1,winter,3174,,,,
NYC,hour,2024-12-21 17:00:00,2024-12-21,17,5,1,winter,2554,,,,
NYC,hour,2024-12-21 18:00:00,2024-12-21,18,5,1,winter,2227,,,,
NYC,hour,2024-12-21 19:00:00,2024-12-21,19,5,1,winter,1945,,,,
NYC,hour,2024-12-21 20:00:00,2024-12-21,20,5,1,winter,1463,,,,
NYC,hour,2024-12-21 21:00:00,2024-12-21,21,5,1,winter,1171,,,,
NYC,hour,2024-12-21 22:00:00,2024-12-21,22,5,1,winter,1070,,,,
NYC,hour,2024-12-21 23:00:00,2024-12-21,23,5,1,winter,943,,,,
NYC,hour,2024-12-22 00:00:00,2024-12-22,0,6,1,winter,725,,,,
NYC,hour,2024-12-22 01:00:00,2024-12-22,1,6,1,winter,413,,,,
NYC,hour,2024-12-22 02:00:00,2024-12-22,2,6,1,winter,321,,,,
NYC,hour,2024-12-22 03:00:00,2024-12-22,3,6,1,winter,227,,,,
NYC,hour,2024-12-22 04:00:00,2024-12-22,4,6,1,winter,177,,,,
NYC,hour,2024-12-22 05:00:00,2024-12-22,5,6,1,winter,160,,,,
NYC,hour,2024-12-22 06:00:00,2024-12-22,6,6,1,winter,348,,,,
NYC,hour,2024-12-22 07:00:00,2024-12-22,7,6,1,winter,561,,,,
NYC,hour,2024-12-22 08:00:00,2024-12-22,8,6,1,winter,1015,,,,
NYC,hour,2024-12-22 09:00:00,2024-12-22,9,6,1,winter,1534,,,,
NYC,hour,2024-12-22 10:00:00,2024-12-22,10,6,1,winter,1991,,,,
NYC,hour,2024-12-22 11:00:00,2024-12-22,11,6,1,winter,2390,,,,
NYC,hour,2024-12-22 12:00:00,2024-12-22,12,6,1,winter,2563,,,,
NYC,hour,2024-12-22 13:00:00,2024-12-22,13,6,1,winter,2527,,,,
NYC,hour,2024-12-22 14:00:00,2024-12-22,14,6,1,winter,2573,,,,
NYC,hour,2024-12-22 15:00:00,2024-12-22,15,6,1,winter,2675,,,,
NYC,hour,2024-12-22 16:00:00,2024-12-22,16,6,1,winter,2545,,,,
NYC,hour,2024-12-22 17:00:00,2024-12-22,17,6,1,winter,2188,,,,
NYC,hour,2024-12-22 18:00:00,2024-12-22,18,6,1,winter,1831,,,,
NYC,hour,2024-12-22 19:00:00,2024-12-22,19,6,1,winter,1436,,,,
NYC,hour,2024-12-22 20:00:00,2024-12-22,20,6,1,winter,1141,,,,
NYC,hour,2024-12-22 21:00:00,2024-12-22,21,6,1,winter,877,,,,
NYC,hour,2024-12-22 22:00:00,2024-12-22,22,6,1,winter,760,,,,
NYC,hour,2024-12-22 23:00:00,2024-12-22,23,6,1,winter,609,,,,
NYC,hour,2024-12-23 00:00:00,2024-12-23,0,0,0,winter,379,,,,
NYC,hour,2024-12-23 01:00:00,2024-12-23,1,0,0,winter,204,,,,
NYC,hour,2024-12-23 02:00:00,2024-12-23,2,0,0,winter,148,,,,
NYC,hour,2024-12-23 03:00:00,2024-12-23,3,0,0,winter,100,,,,
NYC,hour,2024-12-23 04:00:00,2024-12-23,4,0,0,winter,144,,,,
NYC,hour,2024-12-23 05:00:00,2024-12-23,5,0,0,winter,448,,,,
NYC,hour,2024-12-23 06:00:00,2024-12-23,6,0,0,winter,923,,,,
NYC,hour,2024-12-23 07:00:00,2024-12-23,7,0,0,winter,1506,,,,
NYC,hour,2024-12-23 08:00:00,2024-12-23,8,0,0,winter,2321,,,,
NYC,hour,2024-12-23 09:00:00,2024-12-23,9,0,0,winter,2254,,,,
NYC,hour,2024-12-23 10:00:00,2024-12-23,10,0,0,winter,2048,,,,
NYC,hour,2024-12-23 11:00:00,2024-12-23,11,0,0,winter,2511,,,,
NYC,hour,2024-12-23 12:00:00,2024-12-23,12,0,0,winter,2723,,,,
NYC,hour,2024-12-23 13:00:00,2024-12-23,13,0,0,winter,3000,,,,
NYC,hour,2024-12-23 14:00:00,2024-12-23,14,0,0,winter,3380,,,,
NYC,hour,2024-12-23 15:00:00,2024-12-23,15,0,0,winter,3593,,,,
NYC,hour,2024-12-23 16:00:00,2024-12-23,16,0,0,winter,3904,,,,
NYC,hour,2024-12-23 17:00:00,2024-12-23,17,0,0,winter,3868,,,,
NYC,hour,2024-12-23 18:00:00,2024-12-23,18,0,0,winter,3229,,,,
NYC,hour,2024-12-23 19:00:00,2024-12-23,19,0,0,winter,2514,,,,
NYC,hour,2024-12-23 20:00:00,2024-12-23,20,0,0,winter,1855,,,,
NYC,hour,2024-12-23 21:00:00,2024-12-23,21,0,0,winter,1371,,,,
NYC,hour,2024-12-23 22:00:00,2024-12-23,22,0,0,winter,1167,,,,
NYC,hour,2024-12-23 23:00:00,2024-12-23,23,0,0,winter,877,,,,
NYC,hour,2024-12-24 00:00:00,2024-12-24,0,1,0,winter,546,,,,
NYC,hour,2024-12-24 01:00:00,2024-12-24,1,1,0,winter,312,,,,
NYC,hour,2024-12-24 02:00:00,2024-12-24,2,1,0,winter,204,,,,
NYC,hour,2024-12-24 03:00:00,2024-12-24,3,1,0,winter,152,,,,
NYC,hour,2024-12-24 04:00:00,2024-12-24,4,1,0,winter,196,,,,
NYC,hour,2024-12-24 05:00:00,2024-12-24,5,1,0,winter,377,,,,
NYC,hour,2024-12-24 06:00:00,2024-12-24,6,1,0,winter,901,,,,
NYC,hour,2024-12-24 07:00:00,2024-12-24,7,1,0,winter,1147,,,,
NYC,hour,2024-12-24 08:00:00,2024-12-24,8,1,0,winter,776,,,,
NYC,hour,2024-12-24 09:00:00,2024-12-24,9,1,0,winter,1019,,,,
NYC,hour,2024-12-24 10:00:00,2024-12-24,10,1,0,winter,1304,,,,
NYC,hour,2024-12-24 11:00:00,2024-12-24,11,1,0,winter,1751,,,,
NYC,hour,2024-12-24 12:00:00,2024-12-24,12,1,0,winter,2287,,,,
NYC,hour,2024-12-24 13:00:00,2024-12-24,13,1,0,winter,2838,,,,
NYC,hour,2024-12-24 14:00:00,2024-12-24,14,1,0,winter,3048,,,,
NYC,hour,2024-12-24 15:00:00,2024-12-24,15,1,0,winter,3332,,,,
NYC,hour,2024-12-24 16:00:00,2024-12-24,16,1,0,winter,3093,,,,
NYC,hour,2024-12-24 17:00:00,2024-12-24,17,1,0,winter,2481,,,,
NYC,hour,2024-12-24 18:00:00,2024-12-24,18,1,0,winter,1935,,,,
NYC,hour,2024-12-24 19:00:00,2024-12-24,19,1,0,winter,1475,,,,
NYC,hour,2024-12-24 20:00:00,2024-12-24,20,1,0,winter,1096,,,,
NYC,hour,2024-12-24 21:00:00,2024-12-24,21,1,0,winter,944,,,,
NYC,hour,2024-12-24 22:00:00,2024-12-24,22,1,0,winter,883,,,,
NYC,hour,2024-12-24 23:00:00,2024-12-24,23,1,0,winter,738,,,,
NYC,hour,2024-12-25 00:00:00,2024-12-25,0,2,0,winter,515,,,,
NYC,hour,2024-12-25 01:00:00,2024-12-25,1,2,0,winter,384,,,,
NYC,hour,2024-12-25 02:00:00,2024-12-25,2,2,0,winter,239,,,,
NYC,hour,2024-12-25 03:00:00,2024-12-25,3,2,0,winter,147,,,,
NYC,hour,2024-12-25 04:00:00,2024-12-25,4,2,0,winter,96,,,,
NYC,hour,2024-12-25 05:00:00,2024-12-25,5,2,0,winter,154,,,,
NYC,hour,2024-12-25 06:00:00,2024-12-25,6,2,0,winter,318,,,,
NYC,hour,2024-12-25 07:00:00,2024-12-25,7,2,0,winter,498,,,,
NYC,hour,2024-12-25 08:00:00,2024-12-25,8,2,0,winter,666,,,,
NYC,hour,2024-12-25 09:00:00,2024-12-25,9,2,0,winter,848,,,,
NYC,hour,2024-12-25 10:00:00,2024-12-25,10,2,0,winter,1111,,,,
NYC,hour,2024-12-25 11:00:00,2024-12-25,11,2,0,winter,1365,,,,
NYC,hour,2024-12-25 12:00:00,2024-12-25,12,2,0,winter,1512,,,,
NYC,hour,2024-12-25 13:00:00,2024-12-25,13,2,0,winter,1529,,,,
NYC,hour,2024-12-25 14:00:00,2024-12-25,14,2,0,winter,1660,,,,
NYC,hour,2024-12-25 15:00:00,2024-12-25,15,2,0,winter,1865,,,,
NYC,hour,2024-12-25 16:00:00,2024-12-25,16,2,0,winter,1683,,,,
NYC,hour,2024-12-25 17:00:00,2024-12-25,17,2,0,winter,1265,,,,
NYC,hour,2024-12-25 18:00:00,2024-12-25,18,2,0,winter,1268,,,,
NYC,hour,2024-12-25 19:00:00,2024-12-25,19,2,0,winter,1115,,,,
NYC,hour,2024-12-25 20:00:00,2024-12-25,20,2,0,winter,944,,,,
NYC,hour,2024-12-25 21:00:00,2024-12-25,21,2,0,winter,900,,,,
NYC,hour,2024-12-25 22:00:00,2024-12-25,22,2,0,winter,809,,,,
NYC,hour,2024-12-25 23:00:00,2024-12-25,23,2,0,winter,680,,,,
NYC,hour,2024-12-26 00:00:00,2024-12-26,0,3,0,winter,456,,,,
NYC,hour,2024-12-26 01:00:00,2024-12-26,1,3,0,winter,276,,,,
NYC,hour,2024-12-26 02:00:00,2024-12-26,2,3,0,winter,145,,,,
NYC,hour,2024-12-26 03:00:00,2024-12-26,3,3,0,winter,119,,,,
NYC,hour,2024-12-26 04:00:00,2024-12-26,4,3,0,winter,136,,,,
NYC,hour,2024-12-26 05:00:00,2024-12-26,5,3,0,winter,349,,,,
NYC,hour,2024-12-26 06:00:00,2024-12-26,6,3,0,winter,836,,,,
NYC,hour,2024-12-26 07:00:00,2024-12-26,7,3,0,winter,1290,,,,
NYC,hour,2024-12-26 08:00:00,2024-12-26,8,3,0,winter,1748,,,,
NYC,hour,2024-12-26 09:00:00,2024-12-26,9,3,0,winter,1898,,,,
NYC,hour,2024-12-26 10:00:00,2024-12-26,10,3,0,winter,1947,,,,
NYC,hour,2024-12-26 11:00:00,2024-12-26,11,3,0,winter,2279,,,,
NYC,hour,2024-12-26 12:00:00,2024-12-26,12,3,0,winter,2730,,,,
NYC,hour,2024-12-26 13:00:00,2024-12-26,13,3,0,winter,3041,,,,
NYC,hour,2024-12-26 14:00:00,2024-12-26,14,3,0,winter,3273,,,,
NYC,hour,2024-12-26 15:00:00,2024-12-26,15,3,0,winter,3554,,,,
NYC,hour,2024-12-26 16:00:00,2024-12-26,16,3,0,winter,3786,,,,
NYC,hour,2024-12-26 17:00:00,2024-12-26,17,3,0,winter,3578,,,,
NYC,hour,2024-12-26 18:00:00,2024-12-26,18,3,0,winter,3027,,,,
NYC,hour,2024-12-26 19:00:00,2024-12-26,19,3,0,winter,2425,,,,
NYC,hour,2024-12-26 20:00:00,2024-12-26,20,3,0,winter,1908,,,,
NYC,hour,2024-12-26 21:00:00,2024-12-26,21,3,0,winter,1524,,,,
NYC,hour,2024-12-26 22:00:00,2024-12-26,22,3,0,winter,1328,,,,
NYC,hour,2024-12-26 23:00:00,2024-12-26,23,3,0,winter,1045,,,,
NYC,hour,2024-12-27 00:00:00,2024-12-27,0,4,0,winter,691,,,,
NYC,hour,2024-12-27 01:00:00,2024-12-27,1,4,0,winter,399,,,,
NYC,hour,2024-12-27 02:00:00,2024-12-27,2,4,0,winter,284,,,,
NYC,hour,2024-12-27 03:00:00,2024-12-27,3,4,0,winter,152,,,,
NYC,hour,2024-12-27 04:00:00,2024-12-27,4,4,0,winter,183,,,,
NYC,hour,2024-12-27 05:00:00,2024-12-27,5,4,0,winter,451,,,,
NYC,hour,2024-12-27 06:00:00,2024-12-27,6,4,0,winter,1012,,,,
NYC,hour,2024-12-27 07:00:00,2024-12-27,7,4,0,winter,1519,,,,
NYC,hour,2024-12-27 08:00:00,2024-12-27,8,4,0,winter,2065,,,,
NYC,hour,2024-12-27 09:00:00,2024-12-27,9,4,0,winter,2389,,,,
NYC,hour,2024-12-27 10:00:00,2024-12-27,10,4,0,winter,2544,,,,
NYC,hour,2024-12-27 11:00:00,2024-12-27,11,4,0,winter,2977,,,,
NYC,hour,2024-12-27 12:00:00,2024-12-27,12,4,0,winter,3437,,,,
NYC,hour,2024-12-27 13:00:00,2024-12-27,13,4,0,winter,4051,,,,
NYC,hour,2024-12-27 14:00:00,2024-12-27,14,4,0,winter,4230,,,,
NYC,hour,2024-12-27 15:00:00,2024-12-27,15,4,0,winter,4496,,,,
NYC,hour,2024-12-27 16:00:00,2024-12-27,16,4,0,winter,4683,,,,
NYC,hour,2024-12-27 17:00:00,2024-12-27,17,4,0,winter,4249,,,,
NYC,hour,2024-12-27 18:00:00,2024-12-27,18,4,0,winter,3667,,,,
NYC,hour,2024-12-27 19:00:00,2024-12-27,19,4,0,winter,3039,,,,
NYC,hour,2024-12-27 20:00:00,2024-12-27,20,4,0,winter,2312,,,,
NYC,hour,2024-12-27 21:00:00,2024-12-27,21,4,0,winter,1991,,,,
NYC,hour,2024-12-27 22:00:00,2024-12-27,22,4,0,winter,1874,,,,
NYC,hour,2024-12-27 23:00:00,2024-12-27,23,4,0,winter,1409,,,,
NYC,hour,2024-12-28 00:00:00,2024-12-28,0,5,1,winter,1120,,,,
NYC,hour,2024-12-28 01:00:00,2024-12-28,1,5,1,winter,592,,,,
NYC,hour,2024-12-28 02:00:00,2024-12-28,2,5,1,winter,341,,,,
NYC,hour,2024-12-28 03:00:00,2024-12-28,3,5,1,winter,216,,,,
NYC,hour,2024-12-28 04:00:00,2024-12-28,4,5,1,winter,138,,,,
NYC,hour,2024-12-28 05:00:00,2024-12-28,5,5,1,winter,146,,,,
NYC,hour,2024-12-28 06:00:00,2024-12-28,6,5,1,winter,274,,,,
NYC,hour,2024-12-28 07:00:00,2024-12-28,7,5,1,winter,538,,,,
NYC,hour,2024-12-28 08:00:00,2024-12-28,8,5,1,winter,752,,,,
NYC,hour,2024-12-28 09:00:00,2024-12-28,9,5,1,winter,992,,,,
NYC,hour,2024-12-28 10:00:00,2024-12-28,10,5,1,winter,1005,,,,
NYC,hour,2024-12-28 11:00:00,2024-12-28,11,5,1,winter,1215,,,,
NYC,hour,2024-12-28 12:00:00,2024-12-28,12,5,1,winter,1838,,,,
NYC,hour,2024-12-28 13:00:00,2024-12-28,13,5,1,winter,2438,,,,
NYC,hour,2024-12-28 14:00:00,2024-12-28,14,5,1,winter,2687,,,,
NYC,hour,2024-12-28 15:00:00,2024-12-28,15,5,1,winter,1978,,,,
NYC,hour,2024-12-28 16:00:00,2024-12-28,16,5,1,winter,1721,,,,
NYC,hour,2024-12-28 17:00:00,2024-12-28,17,5,1,winter,1403,,,,
NYC,hour,2024-12-28 18:00:00,2024-12-28,18,5,1,winter,1446,,,,
NYC,hour,2024-12-28 19:00:00,2024-12-28,19,5,1,winter,1332,,,,
NYC,hour,2024-12-28 20:00:00,2024-12-28,20,5,1,winter,1198,,,,
NYC,hour,2024-12-28 21:00:00,2024-12-28,21,5,1,winter,1092,,,,
NYC,hour,2024-12-28 22:00:00,2024-12-28,22,5,1,winter,1166,,,,
NYC,hour,2024-12-28 23:00:00,2024-12-28,23,5,1,winter,1091,,,,
NYC,hour,2024-12-29 00:00:00,2024-12-29,0,6,1,winter,1000,,,,
NYC,hour,2024-12-29 01:00:00,2024-12-29,1,6,1,winter,751,,,,
NYC,hour,2024-12-29 02:00:00,2024-12-29,2,6,1,winter,482,,,,
NYC,hour,2024-12-29 03:00:00,2024-12-29,3,6,1,winter,372,,,,
NYC,hour,2024-12-29 04:00:00,2024-12-29,4,6,1,winter,324,,,,
NYC,hour,2024-12-29 05:00:00,2024-12-29,5,6,1,winter,153,,,,
NYC,hour,2024-12-29 06:00:00,2024-12-29,6,6,1,winter,271,,,,
NYC,hour,2024-12-29 07:00:00,2024-12-29,7,6,1,winter,448,,,,
NYC,hour,2024-12-29 08:00:00,2024-12-29,8,6,1,winter,837,,,,
NYC,hour,2024-12-29 09:00:00,2024-12-29,9,6,1,winter,1751,,,,
NYC,hour,2024-12-29 10:00:00,2024-12-29,10,6,1,winter,2671,,,,
NYC,hour,2024-12-29 11:00:00,2024-12-29,11,6,1,winter,3466,,,,
NYC,hour,2024-12-29 12:00:00,2024-12-29,12,6,1,winter,4442,,,,
NYC,hour,2024-12-29 13:00:00,2024-12-29,13,6,1,winter,5224,,,,
NYC,hour,2024-12-29 14:00:00,2024-12-29,14,6,1,winter,5751,,,,
NYC,hour,2024-12-29 15:00:00,2024-12-29,15,6,1,winter,6039,,,,
NYC,hour,2024-12-29 16:00:00,2024-12-29,16,6,1,winter,5931,,,,
NYC,hour,2024-12-29 17:00:00,2024-12-29,17,6,1,winter,4875,,,,
NYC,hour,2024-12-29 18:00:00,2024-12-29,18,6,1,winter,4313,,,,
NYC,hour,2024-12-29 19:00:00,2024-12-29,19,6,1,winter,3562,,,,
NYC,hour,2024-12-29 20:00:00,2024-12-29,20,6,1,winter,2805,,,,
NYC,hour,2024-12-29 21:00:00,2024-12-29,21,6,1,winter,2263,,,,
NYC,hour,2024-12-29 22:00:00,2024-12-29,22,6,1,winter,2036,,,,
NYC,hour,2024-12-29 23:00:00,2024-12-29,23,6,1,winter,1687,,,,
NYC,hour,2024-12-30 00:00:00,2024-12-30,0,0,0,winter,1187,,,,
NYC,hour,2024-12-30 01:00:00,2024-12-30,1,0,0,winter,426,,,,
NYC,hour,2024-12-30 02:00:00,2024-12-30,2,0,0,winter,184,,,,
NYC,hour,2024-12-30 03:00:00,2024-12-30,3,0,0,winter,80,,,,
NYC,hour,2024-12-30 04:00:00,2024-12-30,4,0,0,winter,199,,,,
NYC,hour,2024-12-30 05:00:00,2024-12-30,5,0,0,winter,525,,,,
NYC,hour,2024-12-30 06:00:00,2024-12-30,6,0,0,winter,1357,,,,
NYC,hour,2024-12-30 07:00:00,2024-12-30,7,0,0,winter,2302,,,,
NYC,hour,2024-12-30 08:00:00,2024-12-30,8,0,0,winter,3572,,,,
NYC,hour,2024-12-30 09:00:00,2024-12-30,9,0,0,winter,3601,,,,
NYC,hour,2024-12-30 10:00:00,2024-12-30,10,0,0,winter,3780,,,,
NYC,hour,2024-12-30 11:00:00,2024-12-30,11,0,0,winter,4538,,,,
NYC,hour,2024-12-30 12:00:00,2024-12-30,12,0,0,winter,5399,,,,
NYC,hour,2024-12-30 13:00:00,2024-12-30,13,0,0,winter,6323,,,,
NYC,hour,2024-12-30 14:00:00,2024-12-30,14,0,0,winter,6807,,,,
NYC,hour,2024-12-30 15:00:00,2024-12-30,15,0,0,winter,7099,,,,
NYC,hour,2024-12-30 16:00:00,2024-12-30,16,0,0,winter,7246,,,,
NYC,hour,2024-12-30 17:00:00,2024-12-30,17,0,0,winter,7096,,,,
NYC,hour,2024-12-30 18:00:00,2024-12-30,18,0,0,winter,6017,,,,
NYC,hour,2024-12-30 19:00:00,2024-12-30,19,0,0,winter,4789,,,,
NYC,hour,2024-12-30 20:00:00,2024-12-30,20,0,0,winter,3414,,,,
NYC,hour,2024-12-30 21:00:00,2024-12-30,21,0,0,winter,2778,,,,
NYC,hour,2024-12-30 22:00:00,2024-12-30,22,0,0,winter,2440,,,,
NYC,hour,2024-12-30 23:00:00,2024-12-30,23,0,0,winter,1789,,,,
NYC,hour,2024-12-31 00:00:00,2024-12-31,0,1,0,winter,1390,,,,
NYC,hour,2024-12-31 01:00:00,2024-12-31,1,1,0,winter,753,,,,
NYC,hour,2024-12-31 02:00:00,2024-12-31,2,1,0,winter,395,,,,
NYC,hour,2024-12-31 03:00:00,2024-12-31,3,1,0,winter,260,,,,
NYC,hour,2024-12-31 04:00:00,2024-12-31,4,1,0,winter,242,,,,
NYC,hour,2024-12-31 05:00:00,2024-12-31,5,1,0,winter,542,,,,
NYC,hour,2024-12-31 06:00:00,2024-12-31,6,1,0,winter,1261,,,,
NYC,hour,2024-12-31 07:00:00,2024-12-31,7,1,0,winter,2167,,,,
NYC,hour,2024-12-31 08:00:00,2024-12-31,8,1,0,winter,3268,,,,
NYC,hour,2024-12-31 09:00:00,2024-12-31,9,1,0,winter,3804,,,,
NYC,hour,2024-12-31 10:00:00,2024-12-31,10,1,0,winter,4196,,,,
NYC,hour,2024-12-31 11:00:00,2024-12-31,11,1,0,winter,5294,,,,
NYC,hour,2024-12-31 12:00:00,2024-12-31,12,1,0,winter,6235,,,,
NYC,hour,2024-12-31 13:00:00,2024-12-31,13,1,0,winter,6768,,,,
NYC,hour,2024-12-31 14:00:00,2024-12-31,14,1,0,winter,7203,,,,
NYC,hour,2024-12-31 15:00:00,2024-12-31,15,1,0,winter,7457,,,,
NYC,hour,2024-12-31 16:00:00,2024-12-31,16,1,0,winter,6846,,,,
NYC,hour,2024-12-31 17:00:00,2024-12-31,17,1,0,winter,5667,,,,
NYC,hour,2024-12-31 18:00:00,2024-12-31,18,1,0,winter,4502,,,,
NYC,hour,2024-12-31 19:00:00,2024-12-31,19,1,0,winter,3929,,,,
NYC,hour,2024-12-31 20:00:00,2024-12-31,20,1,0,winter,2154,,,,
NYC,hour,2024-12-31 21:00:00,2024-12-31,21,1,0,winter,919,,,,
NYC,hour,2024-12-31 22:00:00,2024-12-31,22,1,0,winter,452,,,,
NYC,hour,2024-12-31 23:00:00,2024-12-31,23,1,0,winter,1039,,,,
