city,time_grain,datetime,date,hour,weekday,is_weekend,season,bike_count,temp,rain,humidity,wind
NYC,hour,2022-12-14 11:00:00,2022-12-14,11,2,0,winter,1,,,,
NYC,hour,2022-12-28 09:00:00,2022-12-28,9,2,0,winter,2,,,,
NYC,hour,2022-12-28 11:00:00,2022-12-28,11,2,0,winter,2,,,,
NYC,hour,2022-12-30 09:00:00,2022-12-30,9,4,0,winter,1,,,,
NYC,hour,2022-12-30 11:00:00,2022-12-30,11,4,0,winter,1,,,,
NYC,hour,2022-12-30 14:00:00,2022-12-30,14,4,0,winter,1,,,,
NYC,hour,2022-12-30 15:00:00,2022-12-30,15,4,0,winter,1,,,,
NYC,hour,2022-12-30 16:00:00,2022-12-30,16,4,0,winter,3,,,,
NYC,hour,2022-12-30 17:00:00,2022-12-30,17,4,0,winter,1,,,,
NYC,hour,2022-12-30 19:00:00,2022-12-30,19,4,0,winter,1,,,,
NYC,hour,2022-12-30 21:00:00,2022-12-30,21,4,0,winter,1,,,,
NYC,hour,2022-12-30 23:00:00,2022-12-30,23,4,0,winter,2,,,,
NYC,hour,2022-12-31 00:00:00,2022-12-31,0,5,1,winter,5,,,,
NYC,hour,2022-12-31 01:00:00,2022-12-31,1,5,1,winter,3,,,,
NYC,hour,2022-12-31 02:00:00,2022-12-31,2,5,1,winter,3,,,,
NYC,hour,2022-12-31 03:00:00,2022-12-31,3,5,1,winter,3,,,,
NYC,hour,2022-12-31 04:00:00,2022-12-31,4,5,1,winter,1,,,,
NYC,hour,2022-12-31 07:00:00,2022-12-31,7,5,1,winter,1,,,,
NYC,hour,2022-12-31 08:00:00,2022-12-31,8,5,1,winter,2,,,,
NYC,hour,2022-12-31 09:00:00,2022-12-31,9,5,1,winter,1,,,,
NYC,hour,2022-12-31 10:00:00,2022-12-31,10,5,1,winter,4,,,,
NYC,hour,2022-12-31 11:00:00,2022-12-31,11,5,1,winter,6,,,,
NYC,hour,2022-12-31 12:00:00,2022-12-31,12,5,1,winter,6,,,,
NYC,hour,2022-12-31 13:00:00,2022-12-31,13,5,1,winter,8,,,,
NYC,hour,2022-12-31 14:00:00,2022-12-31,14,5,1,winter,1,,,,
NYC,hour,2022-12-31 15:00:00,2022-12-31,15,5,1,winter,6,,,,
NYC,hour,2022-12-31 16:00:00,2022-12-31,16,5,1,winter,6,,,,
NYC,hour,2022-12-31 17:00:00,2022-12-31,17,5,1,winter,5,,,,
NYC,hour,2022-12-31 18:00:00,2022-12-31,18,5,1,winter,8,,,,
NYC,hour,2022-12-31 19:00:00,2022-12-31,19,5,1,winter,5,,,,
NYC,hour,2022-12-31 20:00:00,2022-12-31,20,5,1,winter,2,,,,
NYC,hour,2022-12-31 22:00:00,2022-12-31,22,5,1,winter,13,,,,
NYC,hour,2022-12-31 23:00:00,2022-12-31,23,5,1,winter,170,,,,
NYC,hour,2023-01-01 00:00:00,2023-01-01,0,6,1,winter,1059,,,,
NYC,hour,2023-01-01 01:00:00,2023-01-01,1,6,1,winter,1696,,,,
NYC,hour,2023-01-01 02:00:00,2023-01-01,2,6,1,winter,1629,,,,
NYC,hour,2023-01-01 03:00:00,2023-01-01,3,6,1,winter,1056,,,,
NYC,hour,2023-01-01 04:00:00,2023-01-01,4,6,1,winter,619,,,,
NYC,hour,2023-01-01 05:00:00,2023-01-01,5,6,1,winter,292,,,,
NYC,hour,2023-01-01 06:00:00,2023-01-01,6,6,1,winter,366,,,,
NYC,hour,2023-01-01 07:00:00,2023-01-01,7,6,1,winter,456,,,,
NYC,hour,2023-01-01 08:00:00,2023-01-01,8,6,1,winter,742,,,,
NYC,hour,2023-01-01 09:00:00,2023-01-01,9,6,1,winter,1269,,,,
NYC,hour,2023-01-01 10:00:00,2023-01-01,10,6,1,winter,1973,,,,
NYC,hour,2023-01-01 11:00:00,2023-01-01,11,6,1,winter,2665,,,,
NYC,hour,2023-01-01 12:00:00,2023-01-01,12,6,1,winter,3714,,,,
NYC,hour,2023-01-01 13:00:00,2023-01-01,13,6,1,winter,4318,,,,
NYC,hour,2023-01-01 14:00:00,2023-01-01,14,6,1,winter,4919,,,,
NYC,hour,2023-01-01 15:00:00,2023-01-01,15,6,1,winter,5210,,,,
NYC,hour,2023-01-01 16:00:00,2023-01-01,16,6,1,winter,4574,,,,
NYC,hour,2023-01-01 17:00:00,2023-01-01,17,6,1,winter,3411,,,,
NYC,hour,2023-01-01 18:00:00,2023-01-01,18,6,1,winter,2710,,,,
NYC,hour,2023-01-01 19:00:00,2023-01-01,19,6,1,winter,2244,,,,
NYC,hour,2023-01-01 20:00:00,2023-01-01,20,6,1,winter,1877,,,,
NYC,hour,2023-01-01 21:00:00,2023-01-01,21,6,1,winter,1501,,,,
NYC,hour,2023-01-01 22:00:00,2023-01-01,22,6,1,winter,1318,,,,
NYC,hour,2023-01-01 23:00:00,2023-01-01,23,6,1,winter,1024,,,,
NYC,hour,2023-01-02 00:00:00,2023-01-02,0,0,0,winter,714,,,,
NYC,hour,2023-01-02 01:00:00,2023-01-02,1,0,0,winter,378,,,,
NYC,hour,2023-01-02 02:00:00,2023-01-02,2,0,0,winter,251,,,,
NYC,hour,2023-01-02 03:00:00,2023-01-02,3,0,0,winter,157,,,,
NYC,hour,2023-01-02 04:00:00,2023-01-02,4,0,0,winter,160,,,,
NYC,hour,2023-01-02 05:00:00,2023-01-02,5,0,0,winter,294,,,,
NYC,hour,2023-01-02 06:00:00,2023-01-02,6,0,0,winter,591,,,,
NYC,hour,2023-01-02 07:00:00,2023-01-02,7,0,0,winter,962,,,,
NYC,hour,2023-01-02 08:00:00,2023-01-02,8,0,0,winter,1545,,,,
NYC,hour,2023-01-02 09:00:00,2023-01-02,9,0,0,winter,2220,,,,
NYC,hour,2023-01-02 10:00:00,2023-01-02,10,0,0,winter,3045,,,,
NYC,hour,2023-01-02 11:00:00,2023-01-02,11,0,0,winter,3885,,,,
NYC,hour,2023-01-02 12:00:00,2023-01-02,12,0,0,winter,4690,,,,
NYC,hour,2023-01-02 13:00:00,2023-01-02,13,0,0,winter,5443,,,,
NYC,hour,2023-01-02 14:00:00,2023-01-02,14,0,0,winter,5761,,,,
NYC,hour,2023-01-02 15:00:00,2023-01-02,15,0,0,winter,5843,,,,
NYC,hour,2023-01-02 16:00:00,2023-01-02,16,0,0,winter,5446,,,,
NYC,hour,2023-01-02 17:00:00,2023-01-02,17,0,0,winter,4472,,,,
NYC,hour,2023-01-02 18:00:00,2023-01-02,18,0,0,winter,3889,,,,
NYC,hour,2023-01-02 19:00:00,2023-01-02,19,0,0,winter,2964,,,,
NYC,hour,2023-01-02 20:00:00,2023-01-02,20,0,0,winter,2373,,,,
NYC,hour,2023-01-02 21:00:00,2023-01-02,21,0,0,winter,1503,,,,
NYC,hour,2023-01-02 22:00:00,2023-01-02,22,0,0,winter,885,,,,
NYC,hour,2023-01-02 23:00:00,2023-01-02,23,0,0,winter,770,,,,
NYC,hour,2023-01-03 00:00:00,2023-01-03,0,1,0,winter,505,,,,
NYC,hour,2023-01-03 01:00:00,2023-01-03,1,1,0,winter,344,,,,
NYC,hour,2023-01-03 02:00:00,2023-01-03,2,1,0,winter,234,,,,
NYC,hour,2023-01-03 03:00:00,2023-01-03,3,1,0,winter,142,,,,
NYC,hour,2023-01-03 04:00:00,2023-01-03,4,1,0,winter,170,,,,
NYC,hour,2023-01-03 05:00:00,2023-01-03,5,1,0,winter,667,,,,
NYC,hour,2023-01-03 06:00:00,2023-01-03,6,1,0,winter,1237,,,,
NYC,hour,2023-01-03 07:00:00,2023-01-03,7,1,0,winter,3159,,,,
NYC,hour,2023-01-03 08:00:00,2023-01-03,8,1,0,winter,5018,,,,
NYC,hour,2023-01-03 09:00:00,2023-01-03,9,1,0,winter,3334,,,,
NYC,hour,2023-01-03 10:00:00,2023-01-03,10,1,0,winter,1301,,,,
NYC,hour,2023-01-03 11:00:00,2023-01-03,11,1,0,winter,556,,,,
NYC,hour,2023-01-03 12:00:00,2023-01-03,12,1,0,winter,846,,,,
NYC,hour,2023-01-03 13:00:00,2023-01-03,13,1,0,winter,1386,,,,
NYC,hour,2023-01-03 14:00:00,2023-01-03,14,1,0,winter,2517,,,,
NYC,hour,2023-01-03 15:00:00,2023-01-03,15,1,0,winter,3429,,,,
NYC,hour,2023-01-03 16:00:00,2023-01-03,16,1,0,winter,4537,,,,
NYC,hour,2023-01-03 17:00:00,2023-01-03,17,1,0,winter,5948,,,,
NYC,hour,2023-01-03 18:00:00,2023-01-03,18,1,0,winter,5428,,,,
NYC,hour,2023-01-03 19:00:00,2023-01-03,19,1,0,winter,3817,,,,
NYC,hour,2023-01-03 20:00:00,2023-01-03,20,1,0,winter,2570,,,,
NYC,hour,2023-01-03 21:00:00,2023-01-03,21,1,0,winter,2068,,,,
NYC,hour,2023-01-03 22:00:00,2023-01-03,22,1,0,winter,1553,,,,
NYC,hour,2023-01-03 23:00:00,2023-01-03,23,1,0,winter,1023,,,,
NYC,hour,2023-01-04 00:00:00,2023-01-04,0,2,0,winter,616,,,,
NYC,hour,2023-01-04 01:00:00,2023-01-04,1,2,0,winter,370,,,,
NYC,hour,2023-01-04 02:00:00,2023-01-04,2,2,0,winter,227,,,,
NYC,hour,2023-01-04 03:00:00,2023-01-04,3,2,0,winter,157,,,,
NYC,hour,2023-01-04 04:00:00,2023-01-04,4,2,0,winter,184,,,,
NYC,hour,2023-01-04 05:00:00,2023-01-04,5,2,0,winter,765,,,,
NYC,hour,2023-01-04 06:00:00,2023-01-04,6,2,0,winter,2216,,,,
NYC,hour,2023-01-04 07:00:00,2023-01-04,7,2,0,winter,4768,,,,
NYC,hour,2023-01-04 08:00:00,2023-01-04,8,2,0,winter,7133,,,,
NYC,hour,2023-01-04 09:00:00,2023-01-04,9,2,0,winter,4886,,,,
NYC,hour,2023-01-04 10:00:00,2023-01-04,10,2,0,winter,3226,,,,
NYC,hour,2023-01-04 11:00:00,2023-01-04,11,2,0,winter,3453,,,,
NYC,hour,2023-01-04 12:00:00,2023-01-04,12,2,0,winter,4206,,,,
NYC,hour,2023-01-04 13:00:00,2023-01-04,13,2,0,winter,4448,,,,
NYC,hour,2023-01-04 14:00:00,2023-01-04,14,2,0,winter,5159,,,,
NYC,hour,2023-01-04 15:00:00,2023-01-04,15,2,0,winter,5931,,,,
NYC,hour,2023-01-04 16:00:00,2023-01-04,16,2,0,winter,4856,,,,
NYC,hour,2023-01-04 17:00:00,2023-01-04,17,2,0,winter,4815,,,,
NYC,hour,2023-01-04 18:00:00,2023-01-04,18,2,0,winter,5490,,,,
NYC,hour,2023-01-04 19:00:00,2023-01-04,19,2,0,winter,3873,,,,
NYC,hour,2023-01-04 20:00:00,2023-01-04,20,2,0,winter,2673,,,,
NYC,hour,2023-01-04 21:00:00,2023-01-04,21,2,0,winter,2085,,,,
NYC,hour,2023-01-04 22:00:00,2023-01-04,22,2,0,winter,1751,,,,
NYC,hour,2023-01-04 23:00:00,2023-01-04,23,2,0,winter,1166,,,,
NYC,hour,2023-01-05 00:00:00,2023-01-05,0,3,0,winter,535,,,,
NYC,hour,2023-01-05 01:00:00,2023-01-05,1,3,0,winter,317,,,,
NYC,hour,2023-01-05 02:00:00,2023-01-05,2,3,0,winter,210,,,,
NYC,hour,2023-01-05 03:00:00,2023-01-05,3,3,0,winter,156,,,,
NYC,hour,2023-01-05 04:00:00,2023-01-05,4,3,0,winter,215,,,,
NYC,hour,2023-01-05 05:00:00,2023-01-05,5,3,0,winter,745,,,,
NYC,hour,2023-01-05 06:00:00,2023-01-05,6,3,0,winter,1991,,,,
NYC,hour,2023-01-05 07:00:00,2023-01-05,7,3,0,winter,4406,,,,
NYC,hour,2023-01-05 08:00:00,2023-01-05,8,3,0,winter,6416,,,,
NYC,hour,2023-01-05 09:00:00,2023-01-05,9,3,0,winter,4192,,,,
NYC,hour,2023-01-05 10:00:00,2023-01-05,10,3,0,winter,2904,,,,
NYC,hour,2023-01-05 11:00:00,2023-01-05,11,3,0,winter,2982,,,,
NYC,hour,2023-01-05 12:00:00,2023-01-05,12,3,0,winter,3152,,,,
NYC,hour,2023-01-05 13:00:00,2023-01-05,13,3,0,winter,3532,,,,
NYC,hour,2023-01-05 14:00:00,2023-01-05,14,3,0,winter,4176,,,,
NYC,hour,2023-01-05 15:00:00,2023-01-05,15,3,0,winter,4969,,,,
NYC,hour,2023-01-05 16:00:00,2023-01-05,16,3,0,winter,5527,,,,
NYC,hour,2023-01-05 17:00:00,2023-01-05,17,3,0,winter,6988,,,,
NYC,hour,2023-01-05 18:00:00,2023-01-05,18,3,0,winter,5848,,,,
NYC,hour,2023-01-05 19:00:00,2023-01-05,19,3,0,winter,4273,,,,
NYC,hour,2023-01-05 20:00:00,2023-01-05,20,3,0,winter,2987,,,,
NYC,hour,2023-01-05 21:00:00,2023-01-05,21,3,0,winter,2186,,,,
NYC,hour,2023-01-05 22:00:00,2023-01-05,22,3,0,winter,1582,,,,
NYC,hour,2023-01-05 23:00:00,2023-01-05,23,3,0,winter,1151,,,,
NYC,hour,2023-01-06 00:00:00,2023-01-06,0,4,0,winter,688,,,,
NYC,hour,2023-01-06 01:00:00,2023-01-06,1,4,0,winter,335,,,,
NYC,hour,2023-01-06 02:00:00,2023-01-06,2,4,0,winter,95,,,,
NYC,hour,2023-01-06 03:00:00,2023-01-06,3,4,0,winter,72,,,,
NYC,hour,2023-01-06 04:00:00,2023-01-06,4,4,0,winter,137,,,,
NYC,hour,2023-01-06 05:00:00,2023-01-06,5,4,0,winter,579,,,,
NYC,hour,2023-01-06 06:00:00,2023-01-06,6,4,0,winter,1638,,,,
NYC,hour,2023-01-06 07:00:00,2023-01-06,7,4,0,winter,2996,,,,
NYC,hour,2023-01-06 08:00:00,2023-01-06,8,4,0,winter,4028,,,,
NYC,hour,2023-01-06 09:00:00,2023-01-06,9,4,0,winter,3286,,,,
NYC,hour,2023-01-06 10:00:00,2023-01-06,10,4,0,winter,2256,,,,
NYC,hour,2023-01-06 11:00:00,2023-01-06,11,4,0,winter,2660,,,,
NYC,hour,2023-01-06 12:00:00,2023-01-06,12,4,0,winter,3185,,,,
NYC,hour,2023-01-06 13:00:00,2023-01-06,13,4,0,winter,3878,,,,
NYC,hour,2023-01-06 14:00:00,2023-01-06,14,4,0,winter,4076,,,,
NYC,hour,2023-01-06 15:00:00,2023-01-06,15,4,0,winter,5004,,,,
NYC,hour,2023-01-06 16:00:00,2023-01-06,16,4,0,winter,5707,,,,
NYC,hour,2023-01-06 17:00:00,2023-01-06,17,4,0,winter,6330,,,,
NYC,hour,2023-01-06 18:00:00,2023-01-06,18,4,0,winter,5529,,,,
NYC,hour,2023-01-06 19:00:00,2023-01-06,19,4,0,winter,4166,,,,
NYC,hour,2023-01-06 20:00:00,2023-01-06,20,4,0,winter,2732,,,,
NYC,hour,2023-01-06 21:00:00,2023-01-06,21,4,0,winter,2020,,,,
NYC,hour,2023-01-06 22:00:00,2023-01-06,22,4,0,winter,1822,,,,
NYC,hour,2023-01-06 23:00:00,2023-01-06,23,4,0,winter,1533,,,,
NYC,hour,2023-01-07 00:00:00,2023-01-07,0,5,1,winter,1109,,,,
NYC,hour,2023-01-07 01:00:00,2023-01-07,1,5,1,winter,771,,,,
NYC,hour,2023-01-07 02:00:00,2023-01-07,2,5,1,winter,569,,,,
NYC,hour,2023-01-07 03:00:00,2023-01-07,3,5,1,winter,339,,,,
NYC,hour,2023-01-07 04:00:00,2023-01-07,4,5,1,winter,215,,,,
NYC,hour,2023-01-07 05:00:00,2023-01-07,5,5,1,winter,232,,,,
NYC,hour,2023-01-07 06:00:00,2023-01-07,6,5,1,winter,513,,,,
NYC,hour,2023-01-07 07:00:00,2023-01-07,7,5,1,winter,1062,,,,
NYC,hour,2023-01-07 08:00:00,2023-01-07,8,5,1,winter,1837,,,,
NYC,hour,2023-01-07 09:00:00,2023-01-07,9,5,1,winter,2783,,,,
NYC,hour,2023-01-07 10:00:00,2023-01-07,10,5,1,winter,3641,,,,
NYC,hour,2023-01-07 11:00:00,2023-01-07,11,5,1,winter,4556,,,,
NYC,hour,2023-01-07 12:00:00,2023-01-07,12,5,1,winter,5015,,,,
NYC,hour,2023-01-07 13:00:00,2023-01-07,13,5,1,winter,4956,,,,
NYC,hour,2023-01-07 14:00:00,2023-01-07,14,5,1,winter,4933,,,,
NYC,hour,2023-01-07 15:00:00,2023-01-07,15,5,1,winter,4898,,,,
NYC,hour,2023-01-07 16:00:00,2023-01-07,16,5,1,winter,4628,,,,
NYC,hour,2023-01-07 17:00:00,2023-01-07,17,5,1,winter,3861,,,,
NYC,hour,2023-01-07 18:00:00,2023-01-07,18,5,1,winter,3396,,,,
NYC,hour,2023-01-07 19:00:00,2023-01-07,19,5,1,winter,2930,,,,
NYC,hour,2023-01-07 20:00:00,2023-01-07,20,5,1,winter,2332,,,,
NYC,hour,2023-01-07 21:00:00,2023-01-07,21,5,1,winter,1716,,,,
NYC,hour,2023-01-07 22:00:00,2023-01-07,22,5,1,winter,1485,,,,
NYC,hour,2023-01-07 23:00:00,2023-01-07,23,5,1,winter,1381,,,,
NYC,hour,2023-01-08 00:00:00,2023-01-08,0,6,1,winter,1082,,,,
NYC,hour,2023-01-08 01:00:00,2023-01-08,1,6,1,winter,861,,,,
NYC,hour,2023-01-08 02:00:00,2023-01-08,2,6,1,winter,536,,,,
NYC,hour,2023-01-08 03:00:00,2023-01-08,3,6,1,winter,348,,,,
NYC,hour,2023-01-08 04:00:00,2023-01-08,4,6,1,winter,214,,,,
NYC,hour,2023-01-08 05:00:00,2023-01-08,5,6,1,winter,166,,,,
NYC,hour,2023-01-08 06:00:00,2023-01-08,6,6,1,winter,338,,,,
NYC,hour,2023-01-08 07:00:00,2023-01-08,7,6,1,winter,638,,,,
NYC,hour,2023-01-08 08:00:00,2023-01-08,8,6,1,winter,1289,,,,
NYC,hour,2023-01-08 09:00:00,2023-01-08,9,6,1,winter,2011,,,,
NYC,hour,2023-01-08 10:00:00,2023-01-08,10,6,1,winter,2980,,,,
NYC,hour,2023-01-08 11:00:00,2023-01-08,11,6,1,winter,3604,,,,
NYC,hour,2023-01-08 12:00:00,2023-01-08,12,6,1,winter,4354,,,,
NYC,hour,2023-01-08 13:00:00,2023-01-08,13,6,1,winter,4562,,,,
NYC,hour,2023-01-08 14:00:00,2023-01-08,14,6,1,winter,4397,,,,
NYC,hour,2023-01-08 15:00:00,2023-01-08,15,6,1,winter,4360,,,,
NYC,hour,2023-01-08 16:00:00,2023-01-08,16,6,1,winter,4331,,,,
NYC,hour,2023-01-08 17:00:00,2023-01-08,17,6,1,winter,3476,,,,
NYC,hour,2023-01-08 18:00:00,2023-01-08,18,6,1,winter,2887,,,,
NYC,hour,2023-01-08 19:00:00,2023-01-08,19,6,1,winter,2237,,,,
NYC,hour,2023-01-08 20:00:00,2023-01-08,20,6,1,winter,1744,,,,
NYC,hour,2023-01-08 21:00:00,2023-01-08,21,6,1,winter,1311,,,,
NYC,hour,2023-01-08 22:00:00,2023-01-08,22,6,1,winter,1017,,,,
NYC,hour,2023-01-08 23:00:00,2023-01-08,23,6,1,winter,711,,,,
NYC,hour,2023-01-09 00:00:00,2023-01-09,0,0,0,winter,475,,,,
NYC,hour,2023-01-09 01:00:00,2023-01-09,1,0,0,winter,230,,,,
NYC,hour,2023-01-09 02:00:00,2023-01-09,2,0,0,winter,134,,,,
NYC,hour,2023-01-09 03:00:00,2023-01-09,3,0,0,winter,109,,,,
NYC,hour,2023-01-09 04:00:00,2023-01-09,4,0,0,winter,150,,,,
NYC,hour,2023-01-09 05:00:00,2023-01-09,5,0,0,winter,636,,,,
NYC,hour,2023-01-09 06:00:00,2023-01-09,6,0,0,winter,1595,,,,
NYC,hour,2023-01-09 07:00:00,2023-01-09,7,0,0,winter,3753,,,,
NYC,hour,2023-01-09 08:00:00,2023-01-09,8,0,0,winter,5368,,,,
NYC,hour,2023-01-09 09:00:00,2023-01-09,9,0,0,winter,3502,,,,
NYC,hour,2023-01-09 10:00:00,2023-01-09,10,0,0,winter,2261,,,,
NYC,hour,2023-01-09 11:00:00,2023-01-09,11,0,0,winter,2394,,,,
NYC,hour,2023-01-09 12:00:00,2023-01-09,12,0,0,winter,2889,,,,
NYC,hour,2023-01-09 13:00:00,2023-01-09,13,0,0,winter,3077,,,,
NYC,hour,2023-01-09 14:00:00,2023-01-09,14,0,0,winter,3750,,,,
NYC,hour,2023-01-09 15:00:00,2023-01-09,15,0,0,winter,4205,,,,
NYC,hour,2023-01-09 16:00:00,2023-01-09,16,0,0,winter,4845,,,,
NYC,hour,2023-01-09 17:00:00,2023-01-09,17,0,0,winter,6154,,,,
NYC,hour,2023-01-09 18:00:00,2023-01-09,18,0,0,winter,5732,,,,
NYC,hour,2023-01-09 19:00:00,2023-01-09,19,0,0,winter,3932,,,,
NYC,hour,2023-01-09 20:00:00,2023-01-09,20,0,0,winter,2523,,,,
NYC,hour,2023-01-09 21:00:00,2023-01-09,21,0,0,winter,1756,,,,
NYC,hour,2023-01-09 22:00:00,2023-01-09,22,0,0,winter,1330,,,,
NYC,hour,2023-01-09 23:00:00,2023-01-09,23,0,0,winter,788,,,,
NYC,hour,2023-01-10 00:00:00,2023-01-10,0,1,0,winter,473,,,,
NYC,hour,2023-01-10 01:00:00,2023-01-10,1,1,0,winter,279,,,,
NYC,hour,2023-01-10 02:00:00,2023-01-10,2,1,0,winter,168,,,,
NYC,hour,2023-01-10 03:00:00,2023-01-10,3,1,0,winter,105,,,,
NYC,hour,2023-01-10 04:00:00,2023-01-10,4,1,0,winter,177,,,,
NYC,hour,2023-01-10 05:00:00,2023-01-10,5,1,0,winter,726,,,,
NYC,hour,2023-01-10 06:00:00,2023-01-10,6,1,0,winter,2008,,,,
NYC,hour,2023-01-10 07:00:00,2023-01-10,7,1,0,winter,4404,,,,
NYC,hour,2023-01-10 08:00:00,2023-01-10,8,1,0,winter,6350,,,,
NYC,hour,2023-01-10 09:00:00,2023-01-10,9,1,0,winter,4037,,,,
NYC,hour,2023-01-10 10:00:00,2023-01-10,10,1,0,winter,2515,,,,
NYC,hour,2023-01-10 11:00:00,2023-01-10,11,1,0,winter,2513,,,,
NYC,hour,2023-01-10 12:00:00,2023-01-10,12,1,0,winter,2765,,,,
NYC,hour,2023-01-10 13:00:00,2023-01-10,13,1,0,winter,2933,,,,
NYC,hour,2023-01-10 14:00:00,2023-01-10,14,1,0,winter,3523,,,,
NYC,hour,2023-01-10 15:00:00,2023-01-10,15,1,0,winter,4151,,,,
NYC,hour,2023-01-10 16:00:00,2023-01-10,16,1,0,winter,5115,,,,
NYC,hour,2023-01-10 17:00:00,2023-01-10,17,1,0,winter,6605,,,,
NYC,hour,2023-01-10 18:00:00,2023-01-10,18,1,0,winter,6188,,,,
NYC,hour,2023-01-10 19:00:00,2023-01-10,19,1,0,winter,4222,,,,
NYC,hour,2023-01-10 20:00:00,2023-01-10,20,1,0,winter,2905,,,,
NYC,hour,2023-01-10 21:00:00,2023-01-10,21,1,0,winter,2028,,,,
NYC,hour,2023-01-10 22:00:00,2023-01-10,22,1,0,winter,1499,,,,
NYC,hour,2023-01-10 23:00:00,2023-01-10,23,1,0,winter,985,,,,
NYC,hour,2023-01-11 00:00:00,2023-01-11,0,2,0,winter,522,,,,
NYC,hour,2023-01-11 01:00:00,2023-01-11,1,2,0,winter,307,,,,
NYC,hour,2023-01-11 02:00:00,2023-01-11,2,2,0,winter,194,,,,
NYC,hour,2023-01-11 03:00:00,2023-01-11,3,2,0,winter,119,,,,
NYC,hour,2023-01-11 04:00:00,2023-01-11,4,2,0,winter,194,,,,
NYC,hour,2023-01-11 05:00:00,2023-01-11,5,2,0,winter,710,,,,
NYC,hour,2023-01-11 06:00:00,2023-01-11,6,2,0,winter,1942,,,,
NYC,hour,2023-01-11 07:00:00,2023-01-11,7,2,0,winter,4358,,,,
NYC,hour,2023-01-11 08:00:00,2023-01-11,8,2,0,winter,6412,,,,
NYC,hour,2023-01-11 09:00:00,2023-01-11,9,2,0,winter,4186,,,,
NYC,hour,2023-01-11 10:00:00,2023-01-11,10,2,0,winter,2669,,,,
NYC,hour,2023-01-11 11:00:00,2023-01-11,11,2,0,winter,2599,,,,
NYC,hour,2023-01-11 12:00:00,2023-01-11,12,2,0,winter,2843,,,,
NYC,hour,2023-01-11 13:00:00,2023-01-11,13,2,0,winter,3188,,,,
NYC,hour,2023-01-11 14:00:00,2023-01-11,14,2,0,winter,3689,,,,
NYC,hour,2023-01-11 15:00:00,2023-01-11,15,2,0,winter,4116,,,,
NYC,hour,2023-01-11 16:00:00,2023-01-11,16,2,0,winter,5023,,,,
NYC,hour,2023-01-11 17:00:00,2023-01-11,17,2,0,winter,6612,,,,
NYC,hour,2023-01-11 18:00:00,2023-01-11,18,2,0,winter,6003,,,,
NYC,hour,2023-01-11 19:00:00,2023-01-11,19,2,0,winter,4155,,,,
NYC,hour,2023-01-11 20:00:00,2023-01-11,20,2,0,winter,2658,,,,
NYC,hour,2023-01-11 21:00:00,2023-01-11,21,2,0,winter,2037,,,,
NYC,hour,2023-01-11 22:00:00,2023-01-11,22,2,0,winter,1585,,,,
NYC,hour,2023-01-11 23:00:00,2023-01-11,23,2,0,winter,979,,,,
NYC,hour,2023-01-12 00:00:00,2023-01-12,0,3,0,winter,595,,,,
NYC,hour,2023-01-12 01:00:00,2023-01-12,1,3,0,winter,296,,,,
NYC,hour,2023-01-12 02:00:00,2023-01-12,2,3,0,winter,203,,,,
NYC,hour,2023-01-12 03:00:00,2023-01-12,3,3,0,winter,151,,,,
NYC,hour,2023-01-12 04:00:00,2023-01-12,4,3,0,winter,189,,,,
NYC,hour,2023-01-12 05:00:00,2023-01-12,5,3,0,winter,672,,,,
NYC,hour,2023-01-12 06:00:00,2023-01-12,6,3,0,winter,1314,,,,
NYC,hour,2023-01-12 07:00:00,2023-01-12,7,3,0,winter,2888,,,,
NYC,hour,2023-01-12 08:00:00,2023-01-12,8,3,0,winter,3136,,,,
NYC,hour,2023-01-12 09:00:00,2023-01-12,9,3,0,winter,2847,,,,
NYC,hour,2023-01-12 10:00:00,2023-01-12,10,3,0,winter,2318,,,,
NYC,hour,2023-01-12 11:00:00,2023-01-12,11,3,0,winter,2354,,,,
NYC,hour,2023-01-12 12:00:00,2023-01-12,12,3,0,winter,2835,,,,
NYC,hour,2023-01-12 13:00:00,2023-01-12,13,3,0,winter,3127,,,,
NYC,hour,2023-01-12 14:00:00,2023-01-12,14,3,0,winter,3659,,,,
NYC,hour,2023-01-12 15:00:00,2023-01-12,15,3,0,winter,4334,,,,
NYC,hour,2023-01-12 16:00:00,2023-01-12,16,3,0,winter,4958,,,,
NYC,hour,2023-01-12 17:00:00,2023-01-12,17,3,0,winter,5697,,,,
NYC,hour,2023-01-12 18:00:00,2023-01-12,18,3,0,winter,2035,,,,
NYC,hour,2023-01-12 19:00:00,2023-01-12,19,3,0,winter,2439,,,,
NYC,hour,2023-01-12 20:00:00,2023-01-12,20,3,0,winter,1499,,,,
NYC,hour,2023-01-12 21:00:00,2023-01-12,21,3,0,winter,1543,,,,
NYC,hour,2023-01-12 22:00:00,2023-01-12,22,3,0,winter,1389,,,,
NYC,hour,2023-01-12 23:00:00,2023-01-12,23,3,0,winter,1013,,,,
NYC,hour,2023-01-13 00:00:00,2023-01-13,0,4,0,winter,656,,,,
NYC,hour,2023-01-13 01:00:00,2023-01-13,1,4,0,winter,228,,,,
NYC,hour,2023-01-13 02:00:00,2023-01-13,2,4,0,winter,247,,,,
NYC,hour,2023-01-13 03:00:00,2023-01-13,3,4,0,winter,164,,,,
NYC,hour,2023-01-13 04:00:00,2023-01-13,4,4,0,winter,197,,,,
NYC,hour,2023-01-13 05:00:00,2023-01-13,5,4,0,winter,602,,,,
NYC,hour,2023-01-13 06:00:00,2023-01-13,6,4,0,winter,1130,,,,
NYC,hour,2023-01-13 07:00:00,2023-01-13,7,4,0,winter,3025,,,,
NYC,hour,2023-01-13 08:00:00,2023-01-13,8,4,0,winter,4681,,,,
NYC,hour,2023-01-13 09:00:00,2023-01-13,9,4,0,winter,3768,,,,
NYC,hour,2023-01-13 10:00:00,2023-01-13,10,4,0,winter,2940,,,,
NYC,hour,2023-01-13 11:00:00,2023-01-13,11,4,0,winter,3161,,,,
NYC,hour,2023-01-13 12:00:00,2023-01-13,12,4,0,winter,3782,,,,
NYC,hour,2023-01-13 13:00:00,2023-01-13,13,4,0,winter,4135,,,,
NYC,hour,2023-01-13 14:00:00,2023-01-13,14,4,0,winter,4641,,,,
NYC,hour,2023-01-13 15:00:00,2023-01-13,15,4,0,winter,5053,,,,
NYC,hour,2023-01-13 16:00:00,2023-01-13,16,4,0,winter,5333,,,,
NYC,hour,2023-01-13 17:00:00,2023-01-13,17,4,0,winter,5620,,,,
NYC,hour,2023-01-13 18:00:00,2023-01-13,18,4,0,winter,4802,,,,
NYC,hour,2023-01-13 19:00:00,2023-01-13,19,4,0,winter,3725,,,,
NYC,hour,2023-01-13 20:00:00,2023-01-13,20,4,0,winter,2563,,,,
NYC,hour,2023-01-13 21:00:00,2023-01-13,21,4,0,winter,1853,,,,
NYC,hour,2023-01-13 22:00:00,2023-01-13,22,4,0,winter,1614,,,,
NYC,hour,2023-01-13 23:00:00,2023-01-13,23,4,0,winter,1354,,,,
NYC,hour,2023-01-14 00:00:00,2023-01-14,0,5,1,winter,1065,,,,
NYC,hour,2023-01-14 01:00:00,2023-01-14,1,5,1,winter,757,,,,
NYC,hour,2023-01-14 02:00:00,2023-01-14,2,5,1,winter,541,,,,
NYC,hour,2023-01-14 03:00:00,2023-01-14,3,5,1,winter,313,,,,
NYC,hour,2023-01-14 04:00:00,2023-01-14,4,5,1,winter,206,,,,
NYC,hour,2023-01-14 05:00:00,2023-01-14,5,5,1,winter,196,,,,
NYC,hour,2023-01-14 06:00:00,2023-01-14,6,5,1,winter,430,,,,
NYC,hour,2023-01-14 07:00:00,2023-01-14,7,5,1,winter,867,,,,
NYC,hour,2023-01-14 08:00:00,2023-01-14,8,5,1,winter,1473,,,,
NYC,hour,2023-01-14 09:00:00,2023-01-14,9,5,1,winter,2280,,,,
NYC,hour,2023-01-14 10:00:00,2023-01-14,10,5,1,winter,2712,,,,
NYC,hour,2023-01-14 11:00:00,2023-01-14,11,5,1,winter,3157,,,,
NYC,hour,2023-01-14 12:00:00,2023-01-14,12,5,1,winter,3468,,,,
NYC,hour,2023-01-14 13:00:00,2023-01-14,13,5,1,winter,3520,,,,
NYC,hour,2023-01-14 14:00:00,2023-01-14,14,5,1,winter,3630,,,,
NYC,hour,2023-01-14 15:00:00,2023-01-14,15,5,1,winter,3672,,,,
NYC,hour,2023-01-14 16:00:00,2023-01-14,16,5,1,winter,3413,,,,
NYC,hour,2023-01-14 17:00:00,2023-01-14,17,5,1,winter,2740,,,,
NYC,hour,2023-01-14 18:00:00,2023-01-14,18,5,1,winter,2487,,,,
NYC,hour,2023-01-14 19:00:00,2023-01-14,19,5,1,winter,2029,,,,
NYC,hour,2023-01-14 20:00:00,2023-01-14,20,5,1,winter,1437,,,,
NYC,hour,2023-01-14 21:00:00,2023-01-14,21,5,1,winter,1183,,,,
NYC,hour,2023-01-14 22:00:00,2023-01-14,22,5,1,winter,1006,,,,
NYC,hour,2023-01-14 23:00:00,2023-01-14,23,5,1,winter,945,,,,
NYC,hour,2023-01-15 00:00:00,2023-01-15,0,6,1,winter,745,,,,
NYC,hour,2023-01-15 01:00:00,2023-01-15,1,6,1,winter,554,,,,
NYC,hour,2023-01-15 02:00:00,2023-01-15,2,6,1,winter,337,,,,
NYC,hour,2023-01-15 03:00:00,2023-01-15,3,6,1,winter,260,,,,
NYC,hour,2023-01-15 04:00:00,2023-01-15,4,6,1,winter,172,,,,
NYC,hour,2023-01-15 05:00:00,2023-01-15,5,6,1,winter,146,,,,
NYC,hour,2023-01-15 06:00:00,2023-01-15,6,6,1,winter,291,,,,
NYC,hour,2023-01-15 07:00:00,2023-01-15,7,6,1,winter,584,,,,
NYC,hour,2023-01-15 08:00:00,2023-01-15,8,6,1,winter,1007,,,,
NYC,hour,2023-01-15 09:00:00,2023-01-15,9,6,1,winter,1632,,,,
NYC,hour,2023-01-15 10:00:00,2023-01-15,10,6,1,winter,2384,,,,
NYC,hour,2023-01-15 11:00:00,2023-01-15,11,6,1,winter,2969,,,,
NYC,hour,2023-01-15 12:00:00,2023-01-15,12,6,1,winter,3276,,,,
NYC,hour,2023-01-15 13:00:00,2023-01-15,13,6,1,winter,3758,,,,
NYC,hour,2023-01-15 14:00:00,2023-01-15,14,6,1,winter,3662,,,,
NYC,hour,2023-01-15 15:00:00,2023-01-15,15,6,1,winter,3788,,,,
NYC,hour,2023-01-15 16:00:00,2023-01-15,16,6,1,winter,3609,,,,
NYC,hour,2023-01-15 17:00:00,2023-01-15,17,6,1,winter,2868,,,,
NYC,hour,2023-01-15 18:00:00,2023-01-15,18,6,1,winter,2468,,,,
NYC,hour,2023-01-15 19:00:00,2023-01-15,19,6,1,winter,1877,,,,
NYC,hour,2023-01-15 20:00:00,2023-01-15,20,6,1,winter,1656,,,,
NYC,hour,2023-01-15 21:00:00,2023-01-15,21,6,1,winter,1208,,,,
NYC,hour,2023-01-15 22:00:00,2023-01-15,22,6,1,winter,1026,,,,
NYC,hour,2023-01-15 23:00:00,2023-01-15,23,6,1,winter,814,,,,
NYC,hour,2023-01-16 00:00:00,2023-01-16,0,0,0,winter,564,,,,
NYC,hour,2023-01-16 01:00:00,2023-01-16,1,0,0,winter,318,,,,
NYC,hour,2023-01-16 02:00:00,2023-01-16,2,0,0,winter,182,,,,
NYC,hour,2023-01-16 03:00:00,2023-01-16,3,0,0,winter,117,,,,
NYC,hour,2023-01-16 04:00:00,2023-01-16,4,0,0,winter,138,,,,
NYC,hour,2023-01-16 05:00:00,2023-01-16,5,0,0,winter,273,,,,
NYC,hour,2023-01-16 06:00:00,2023-01-16,6,0,0,winter,606,,,,
NYC,hour,2023-01-16 07:00:00,2023-01-16,7,0,0,winter,1035,,,,
NYC,hour,2023-01-16 08:00:00,2023-01-16,8,0,0,winter,1673,,,,
NYC,hour,2023-01-16 09:00:00,2023-01-16,9,0,0,winter,2014,,,,
NYC,hour,2023-01-16 10:00:00,2023-01-16,10,0,0,winter,2367,,,,
NYC,hour,2023-01-16 11:00:00,2023-01-16,11,0,0,winter,2998,,,,
NYC,hour,2023-01-16 12:00:00,2023-01-16,12,0,0,winter,3558,,,,
NYC,hour,2023-01-16 13:00:00,2023-01-16,13,0,0,winter,4005,,,,
NYC,hour,2023-01-16 14:00:00,2023-01-16,14,0,0,winter,4437,,,,
NYC,hour,2023-01-16 15:00:00,2023-01-16,15,0,0,winter,4677,,,,
NYC,hour,2023-01-16 16:00:00,2023-01-16,16,0,0,winter,4709,,,,
NYC,hour,2023-01-16 17:00:00,2023-01-16,17,0,0,winter,4194,,,,
NYC,hour,2023-01-16 18:00:00,2023-01-16,18,0,0,winter,3579,,,,
NYC,hour,2023-01-16 19:00:00,2023-01-16,19,0,0,winter,2780,,,,
NYC,hour,2023-01-16 20:00:00,2023-01-16,20,0,0,winter,2066,,,,
NYC,hour,2023-01-16 21:00:00,2023-01-16,21,0,0,winter,1513,,,,
NYC,hour,2023-01-16 22:00:00,2023-01-16,22,0,0,winter,1133,,,,
NYC,hour,2023-01-16 23:00:00,2023-01-16,23,0,0,winter,827,,,,
NYC,hour,2023-01-17 00:00:00,2023-01-17,0,1,0,winter,451,,,,
NYC,hour,2023-01-17 01:00:00,2023-01-17,1,1,0,winter,223,,,,
NYC,hour,2023-01-17 02:00:00,2023-01-17,2,1,0,winter,127,,,,
NYC,hour,2023-01-17 03:00:00,2023-01-17,3,1,0,winter,114,,,,
NYC,hour,2023-01-17 04:00:00,2023-01-17,4,1,0,winter,145,,,,
NYC,hour,2023-01-17 05:00:00,2023-01-17,5,1,0,winter,691,,,,
NYC,hour,2023-01-17 06:00:00,2023-01-17,6,1,0,winter,1883,,,,
NYC,hour,2023-01-17 07:00:00,2023-01-17,7,1,0,winter,4103,,,,
NYC,hour,2023-01-17 08:00:00,2023-01-17,8,1,0,winter,5801,,,,
NYC,hour,2023-01-17 09:00:00,2023-01-17,9,1,0,winter,3872,,,,
NYC,hour,2023-01-17 10:00:00,2023-01-17,10,1,0,winter,2525,,,,
NYC,hour,2023-01-17 11:00:00,2023-01-17,11,1,0,winter,2534,,,,
NYC,hour,2023-01-17 12:00:00,2023-01-17,12,1,0,winter,2615,,,,
NYC,hour,2023-01-17 13:00:00,2023-01-17,13,1,0,winter,2748,,,,
NYC,hour,2023-01-17 14:00:00,2023-01-17,14,1,0,winter,3434,,,,
NYC,hour,2023-01-17 15:00:00,2023-01-17,15,1,0,winter,3948,,,,
NYC,hour,2023-01-17 16:00:00,2023-01-17,16,1,0,winter,4914,,,,
NYC,hour,2023-01-17 17:00:00,2023-01-17,17,1,0,winter,6597,,,,
NYC,hour,2023-01-17 18:00:00,2023-01-17,18,1,0,winter,6255,,,,
NYC,hour,2023-01-17 19:00:00,2023-01-17,19,1,0,winter,4284,,,,
NYC,hour,2023-01-17 20:00:00,2023-01-17,20,1,0,winter,2895,,,,
NYC,hour,2023-01-17 21:00:00,2023-01-17,21,1,0,winter,2141,,,,
NYC,hour,2023-01-17 22:00:00,2023-01-17,22,1,0,winter,1583,,,,
NYC,hour,2023-01-17 23:00:00,2023-01-17,23,1,0,winter,989,,,,
NYC,hour,2023-01-18 00:00:00,2023-01-18,0,2,0,winter,593,,,,
NYC,hour,2023-01-18 01:00:00,2023-01-18,1,2,0,winter,273,,,,
NYC,hour,2023-01-18 02:00:00,2023-01-18,2,2,0,winter,131,,,,
NYC,hour,2023-01-18 03:00:00,2023-01-18,3,2,0,winter,125,,,,
NYC,hour,2023-01-18 04:00:00,2023-01-18,4,2,0,winter,162,,,,
NYC,hour,2023-01-18 05:00:00,2023-01-18,5,2,0,winter,732,,,,
NYC,hour,2023-01-18 06:00:00,2023-01-18,6,2,0,winter,2113,,,,
NYC,hour,2023-01-18 07:00:00,2023-01-18,7,2,0,winter,4581,,,,
NYC,hour,2023-01-18 08:00:00,2023-01-18,8,2,0,winter,6680,,,,
NYC,hour,2023-01-18 09:00:00,2023-01-18,9,2,0,winter,4647,,,,
NYC,hour,2023-01-18 10:00:00,2023-01-18,10,2,0,winter,3112,,,,
NYC,hour,2023-01-18 11:00:00,2023-01-18,11,2,0,winter,3056,,,,
NYC,hour,2023-01-18 12:00:00,2023-01-18,12,2,0,winter,3436,,,,
NYC,hour,2023-01-18 13:00:00,2023-01-18,13,2,0,winter,3608,,,,
NYC,hour,2023-01-18 14:00:00,2023-01-18,14,2,0,winter,4203,,,,
NYC,hour,2023-01-18 15:00:00,2023-01-18,15,2,0,winter,4929,,,,
NYC,hour,2023-01-18 16:00:00,2023-01-18,16,2,0,winter,5624,,,,
NYC,hour,2023-01-18 17:00:00,2023-01-18,17,2,0,winter,7473,,,,
NYC,hour,2023-01-18 18:00:00,2023-01-18,18,2,0,winter,6870,,,,
NYC,hour,2023-01-18 19:00:00,2023-01-18,19,2,0,winter,4828,,,,
NYC,hour,2023-01-18 20:00:00,2023-01-18,20,2,0,winter,3278,,,,
NYC,hour,2023-01-18 21:00:00,2023-01-18,21,2,0,winter,2424,,,,
NYC,hour,2023-01-18 22:00:00,2023-01-18,22,2,0,winter,1836,,,,
NYC,hour,2023-01-18 23:00:00,2023-01-18,23,2,0,winter,1106,,,,
NYC,hour,2023-01-19 00:00:00,2023-01-19,0,3,0,winter,645,,,,
NYC,hour,2023-01-19 01:00:00,2023-01-19,1,3,0,winter,328,,,,
NYC,hour,2023-01-19 02:00:00,2023-01-19,2,3,0,winter,199,,,,
NYC,hour,2023-01-19 03:00:00,2023-01-19,3,3,0,winter,127,,,,
NYC,hour,2023-01-19 04:00:00,2023-01-19,4,3,0,winter,185,,,,
NYC,hour,2023-01-19 05:00:00,2023-01-19,5,3,0,winter,685,,,,
NYC,hour,2023-01-19 06:00:00,2023-01-19,6,3,0,winter,1941,,,,
NYC,hour,2023-01-19 07:00:00,2023-01-19,7,3,0,winter,4166,,,,
NYC,hour,2023-01-19 08:00:00,2023-01-19,8,3,0,winter,4498,,,,
NYC,hour,2023-01-19 09:00:00,2023-01-19,9,3,0,winter,1995,,,,
NYC,hour,2023-01-19 10:00:00,2023-01-19,10,3,0,winter,912,,,,
NYC,hour,2023-01-19 11:00:00,2023-01-19,11,3,0,winter,963,,,,
NYC,hour,2023-01-19 12:00:00,2023-01-19,12,3,0,winter,1054,,,,
NYC,hour,2023-01-19 13:00:00,2023-01-19,13,3,0,winter,1184,,,,
NYC,hour,2023-01-19 14:00:00,2023-01-19,14,3,0,winter,1671,,,,
NYC,hour,2023-01-19 15:00:00,2023-01-19,15,3,0,winter,1018,,,,
NYC,hour,2023-01-19 16:00:00,2023-01-19,16,3,0,winter,1608,,,,
NYC,hour,2023-01-19 17:00:00,2023-01-19,17,3,0,winter,2277,,,,
NYC,hour,2023-01-19 18:00:00,2023-01-19,18,3,0,winter,2372,,,,
NYC,hour,2023-01-19 19:00:00,2023-01-19,19,3,0,winter,1521,,,,
NYC,hour,2023-01-19 20:00:00,2023-01-19,20,3,0,winter,1030,,,,
NYC,hour,2023-01-19 21:00:00,2023-01-19,21,3,0,winter,542,,,,
NYC,hour,2023-01-19 22:00:00,2023-01-19,22,3,0,winter,678,,,,
NYC,hour,2023-01-19 23:00:00,2023-01-19,23,3,0,winter,759,,,,
NYC,hour,2023-01-20 00:00:00,2023-01-20,0,4,0,winter,522,,,,
NYC,hour,2023-01-20 01:00:00,2023-01-20,1,4,0,winter,327,,,,
NYC,hour,2023-01-20 02:00:00,2023-01-20,2,4,0,winter,223,,,,
NYC,hour,2023-01-20 03:00:00,2023-01-20,3,4,0,winter,144,,,,
NYC,hour,2023-01-20 04:00:00,2023-01-20,4,4,0,winter,186,,,,
NYC,hour,2023-01-20 05:00:00,2023-01-20,5,4,0,winter,651,,,,
NYC,hour,2023-01-20 06:00:00,2023-01-20,6,4,0,winter,1621,,,,
NYC,hour,2023-01-20 07:00:00,2023-01-20,7,4,0,winter,3701,,,,
NYC,hour,2023-01-20 08:00:00,2023-01-20,8,4,0,winter,5107,,,,
NYC,hour,2023-01-20 09:00:00,2023-01-20,9,4,0,winter,3833,,,,
NYC,hour,2023-01-20 10:00:00,2023-01-20,10,4,0,winter,3088,,,,
NYC,hour,2023-01-20 11:00:00,2023-01-20,11,4,0,winter,3196,,,,
NYC,hour,2023-01-20 12:00:00,2023-01-20,12,4,0,winter,3608,,,,
NYC,hour,2023-01-20 13:00:00,2023-01-20,13,4,0,winter,3054,,,,
NYC,hour,2023-01-20 14:00:00,2023-01-20,14,4,0,winter,4126,,,,
NYC,hour,2023-01-20 15:00:00,2023-01-20,15,4,0,winter,4635,,,,
NYC,hour,2023-01-20 16:00:00,2023-01-20,16,4,0,winter,5398,,,,
NYC,hour,2023-01-20 17:00:00,2023-01-20,17,4,0,winter,6072,,,,
NYC,hour,2023-01-20 18:00:00,2023-01-20,18,4,0,winter,5467,,,,
NYC,hour,2023-01-20 19:00:00,2023-01-20,19,4,0,winter,4358,,,,
NYC,hour,2023-01-20 20:00:00,2023-01-20,20,4,0,winter,2775,,,,
NYC,hour,2023-01-20 21:00:00,2023-01-20,21,4,0,winter,2114,,,,
NYC,hour,2023-01-20 22:00:00,2023-01-20,22,4,0,winter,1829,,,,
NYC,hour,2023-01-20 23:00:00,2023-01-20,23,4,0,winter,1497,,,,
NYC,hour,2023-01-21 00:00:00,2023-01-21,0,5,1,winter,1344,,,,
NYC,hour,2023-01-21 01:00:00,2023-01-21,1,5,1,winter,977,,,,
NYC,hour,2023-01-21 02:00:00,2023-01-21,2,5,1,winter,593,,,,
NYC,hour,2023-01-21 03:00:00,2023-01-21,3,5,1,winter,390,,,,
NYC,hour,2023-01-21 04:00:00,2023-01-21,4,5,1,winter,262,,,,
NYC,hour,2023-01-21 05:00:00,2023-01-21,5,5,1,winter,223,,,,
NYC,hour,2023-01-21 06:00:00,2023-01-21,6,5,1,winter,480,,,,
NYC,hour,2023-01-21 07:00:00,2023-01-21,7,5,1,winter,957,,,,
NYC,hour,2023-01-21 08:00:00,2023-01-21,8,5,1,winter,1801,,,,
NYC,hour,2023-01-21 09:00:00,2023-01-21,9,5,1,winter,2832,,,,
NYC,hour,2023-01-21 10:00:00,2023-01-21,10,5,1,winter,3645,,,,
NYC,hour,2023-01-21 11:00:00,2023-01-21,11,5,1,winter,4414,,,,
NYC,hour,2023-01-21 12:00:00,2023-01-21,12,5,1,winter,4641,,,,
NYC,hour,2023-01-21 13:00:00,2023-01-21,13,5,1,winter,4707,,,,
NYC,hour,2023-01-21 14:00:00,2023-01-21,14,5,1,winter,4530,,,,
NYC,hour,2023-01-21 15:00:00,2023-01-21,15,5,1,winter,4667,,,,
NYC,hour,2023-01-21 16:00:00,2023-01-21,16,5,1,winter,4521,,,,
NYC,hour,2023-01-21 17:00:00,2023-01-21,17,5,1,winter,3625,,,,
NYC,hour,2023-01-21 18:00:00,2023-01-21,18,5,1,winter,3272,,,,
NYC,hour,2023-01-21 19:00:00,2023-01-21,19,5,1,winter,3062,,,,
NYC,hour,2023-01-21 20:00:00,2023-01-21,20,5,1,winter,2303,,,,
NYC,hour,2023-01-21 21:00:00,2023-01-21,21,5,1,winter,1758,,,,
NYC,hour,2023-01-21 22:00:00,2023-01-21,22,5,1,winter,1571,,,,
NYC,hour,2023-01-21 23:00:00,2023-01-21,23,5,1,winter,1617,,,,
NYC,hour,2023-01-22 00:00:00,2023-01-22,0,6,1,winter,1190,,,,
NYC,hour,2023-01-22 01:00:00,2023-01-22,1,6,1,winter,897,,,,
NYC,hour,2023-01-22 02:00:00,2023-01-22,2,6,1,winter,603,,,,
NYC,hour,2023-01-22 03:00:00,2023-01-22,3,6,1,winter,421,,,,
NYC,hour,2023-01-22 04:00:00,2023-01-22,4,6,1,winter,264,,,,
NYC,hour,2023-01-22 05:00:00,2023-01-22,5,6,1,winter,176,,,,
NYC,hour,2023-01-22 06:00:00,2023-01-22,6,6,1,winter,370,,,,
NYC,hour,2023-01-22 07:00:00,2023-01-22,7,6,1,winter,695,,,,
NYC,hour,2023-01-22 08:00:00,2023-01-22,8,6,1,winter,1175,,,,
NYC,hour,2023-01-22 09:00:00,2023-01-22,9,6,1,winter,2015,,,,
NYC,hour,2023-01-22 10:00:00,2023-01-22,10,6,1,winter,3042,,,,
NYC,hour,2023-01-22 11:00:00,2023-01-22,11,6,1,winter,3464,,,,
NYC,hour,2023-01-22 12:00:00,2023-01-22,12,6,1,winter,4059,,,,
NYC,hour,2023-01-22 13:00:00,2023-01-22,13,6,1,winter,4314,,,,
NYC,hour,2023-01-22 14:00:00,2023-01-22,14,6,1,winter,4380,,,,
NYC,hour,2023-01-22 15:00:00,2023-01-22,15,6,1,winter,4246,,,,
NYC,hour,2023-01-22 16:00:00,2023-01-22,16,6,1,winter,3024,,,,
NYC,hour,2023-01-22 17:00:00,2023-01-22,17,6,1,winter,1699,,,,
NYC,hour,2023-01-22 18:00:00,2023-01-22,18,6,1,winter,1321,,,,
NYC,hour,2023-01-22 19:00:00,2023-01-22,19,6,1,winter,622,,,,
NYC,hour,2023-01-22 20:00:00,2023-01-22,20,6,1,winter,485,,,,
NYC,hour,2023-01-22 21:00:00,2023-01-22,21,6,1,winter,472,,,,
NYC,hour,2023-01-22 22:00:00,2023-01-22,22,6,1,winter,322,,,,
NYC,hour,2023-01-22 23:00:00,2023-01-22,23,6,1,winter,182,,,,
NYC,hour,2023-01-23 00:00:00,2023-01-23,0,0,0,winter,99,,,,
NYC,hour,2023-01-23 01:00:00,2023-01-23,1,0,0,winter,72,,,,
NYC,hour,2023-01-23 02:00:00,2023-01-23,2,0,0,winter,61,,,,
NYC,hour,2023-01-23 03:00:00,2023-01-23,3,0,0,winter,55,,,,
NYC,hour,2023-01-23 04:00:00,2023-01-23,4,0,0,winter,98,,,,
NYC,hour,2023-01-23 05:00:00,2023-01-23,5,0,0,winter,437,,,,
NYC,hour,2023-01-23 06:00:00,2023-01-23,6,0,0,winter,1170,,,,
NYC,hour,2023-01-23 07:00:00,2023-01-23,7,0,0,winter,2672,,,,
NYC,hour,2023-01-23 08:00:00,2023-01-23,8,0,0,winter,3104,,,,
NYC,hour,2023-01-23 09:00:00,2023-01-23,9,0,0,winter,2178,,,,
NYC,hour,2023-01-23 10:00:00,2023-01-23,10,0,0,winter,872,,,,
NYC,hour,2023-01-23 11:00:00,2023-01-23,11,0,0,winter,898,,,,
NYC,hour,2023-01-23 12:00:00,2023-01-23,12,0,0,winter,1167,,,,
NYC,hour,2023-01-23 13:00:00,2023-01-23,13,0,0,winter,1000,,,,
NYC,hour,2023-01-23 14:00:00,2023-01-23,14,0,0,winter,1262,,,,
NYC,hour,2023-01-23 15:00:00,2023-01-23,15,0,0,winter,1678,,,,
NYC,hour,2023-01-23 16:00:00,2023-01-23,16,0,0,winter,3045,,,,
NYC,hour,2023-01-23 17:00:00,2023-01-23,17,0,0,winter,4734,,,,
NYC,hour,2023-01-23 18:00:00,2023-01-23,18,0,0,winter,4659,,,,
NYC,hour,2023-01-23 19:00:00,2023-01-23,19,0,0,winter,3319,,,,
NYC,hour,2023-01-23 20:00:00,2023-01-23,20,0,0,winter,2302,,,,
NYC,hour,2023-01-23 21:00:00,2023-01-23,21,0,0,winter,1606,,,,
NYC,hour,2023-01-23 22:00:00,2023-01-23,22,0,0,winter,1189,,,,
NYC,hour,2023-01-23 23:00:00,2023-01-23,23,0,0,winter,740,,,,
NYC,hour,2023-01-24 00:00:00,2023-01-24,0,1,0,winter,384,,,,
NYC,hour,2023-01-24 01:00:00,2023-01-24,1,1,0,winter,186,,,,
NYC,hour,2023-01-24 02:00:00,2023-01-24,2,1,0,winter,127,,,,
NYC,hour,2023-01-24 03:00:00,2023-01-24,3,1,0,winter,113,,,,
NYC,hour,2023-01-24 04:00:00,2023-01-24,4,1,0,winter,171,,,,
NYC,hour,2023-01-24 05:00:00,2023-01-24,5,1,0,winter,713,,,,
NYC,hour,2023-01-24 06:00:00,2023-01-24,6,1,0,winter,2021,,,,
NYC,hour,2023-01-24 07:00:00,2023-01-24,7,1,0,winter,4149,,,,
NYC,hour,2023-01-24 08:00:00,2023-01-24,8,1,0,winter,6079,,,,
NYC,hour,2023-01-24 09:00:00,2023-01-24,9,1,0,winter,4049,,,,
NYC,hour,2023-01-24 10:00:00,2023-01-24,10,1,0,winter,2736,,,,
NYC,hour,2023-01-24 11:00:00,2023-01-24,11,1,0,winter,2683,,,,
NYC,hour,2023-01-24 12:00:00,2023-01-24,12,1,0,winter,3225,,,,
NYC,hour,2023-01-24 13:00:00,2023-01-24,13,1,0,winter,3475,,,,
NYC,hour,2023-01-24 14:00:00,2023-01-24,14,1,0,winter,3706,,,,
NYC,hour,2023-01-24 15:00:00,2023-01-24,15,1,0,winter,4220,,,,
NYC,hour,2023-01-24 16:00:00,2023-01-24,16,1,0,winter,5021,,,,
NYC,hour,2023-01-24 17:00:00,2023-01-24,17,1,0,winter,6509,,,,
NYC,hour,2023-01-24 18:00:00,2023-01-24,18,1,0,winter,6097,,,,
NYC,hour,2023-01-24 19:00:00,2023-01-24,19,1,0,winter,4179,,,,
NYC,hour,2023-01-24 20:00:00,2023-01-24,20,1,0,winter,2923,,,,
NYC,hour,2023-01-24 21:00:00,2023-01-24,21,1,0,winter,2144,,,,
NYC,hour,2023-01-24 22:00:00,2023-01-24,22,1,0,winter,1792,,,,
NYC,hour,2023-01-24 23:00:00,2023-01-24,23,1,0,winter,945,,,,
NYC,hour,2023-01-25 00:00:00,2023-01-25,0,2,0,winter,530,,,,
NYC,hour,2023-01-25 01:00:00,2023-01-25,1,2,0,winter,246,,,,
NYC,hour,2023-01-25 02:00:00,2023-01-25,2,2,0,winter,167,,,,
NYC,hour,2023-01-25 03:00:00,2023-01-25,3,2,0,winter,142,,,,
NYC,hour,2023-01-25 04:00:00,2023-01-25,4,2,0,winter,151,,,,
NYC,hour,2023-01-25 05:00:00,2023-01-25,5,2,0,winter,682,,,,
NYC,hour,2023-01-25 06:00:00,2023-01-25,6,2,0,winter,2007,,,,
NYC,hour,2023-01-25 07:00:00,2023-01-25,7,2,0,winter,4051,,,,
NYC,hour,2023-01-25 08:00:00,2023-01-25,8,2,0,winter,6081,,,,
NYC,hour,2023-01-25 09:00:00,2023-01-25,9,2,0,winter,4342,,,,
NYC,hour,2023-01-25 10:00:00,2023-01-25,10,2,0,winter,2727,,,,
NYC,hour,2023-01-25 11:00:00,2023-01-25,11,2,0,winter,2670,,,,
NYC,hour,2023-01-25 12:00:00,2023-01-25,12,2,0,winter,2968,,,,
NYC,hour,2023-01-25 13:00:00,2023-01-25,13,2,0,winter,1559,,,,
NYC,hour,2023-01-25 14:00:00,2023-01-25,14,2,0,winter,1147,,,,
NYC,hour,2023-01-25 15:00:00,2023-01-25,15,2,0,winter,1519,,,,
NYC,hour,2023-01-25 16:00:00,2023-01-25,16,2,0,winter,1878,,,,
NYC,hour,2023-01-25 17:00:00,2023-01-25,17,2,0,winter,3834,,,,
NYC,hour,2023-01-25 18:00:00,2023-01-25,18,2,0,winter,2519,,,,
NYC,hour,2023-01-25 19:00:00,2023-01-25,19,2,0,winter,833,,,,
NYC,hour,2023-01-25 20:00:00,2023-01-25,20,2,0,winter,584,,,,
NYC,hour,2023-01-25 21:00:00,2023-01-25,21,2,0,winter,472,,,,
NYC,hour,2023-01-25 22:00:00,2023-01-25,22,2,0,winter,416,,,,
NYC,hour,2023-01-25 23:00:00,2023-01-25,23,2,0,winter,343,,,,
NYC,hour,2023-01-26 00:00:00,2023-01-26,0,3,0,winter,188,,,,
NYC,hour,2023-01-26 01:00:00,2023-01-26,1,3,0,winter,140,,,,
NYC,hour,2023-01-26 02:00:00,2023-01-26,2,3,0,winter,54,,,,
NYC,hour,2023-01-26 03:00:00,2023-01-26,3,3,0,winter,77,,,,
NYC,hour,2023-01-26 04:00:00,2023-01-26,4,3,0,winter,140,,,,
NYC,hour,2023-01-26 05:00:00,2023-01-26,5,3,0,winter,672,,,,
NYC,hour,2023-01-26 06:00:00,2023-01-26,6,3,0,winter,1893,,,,
NYC,hour,2023-01-26 07:00:00,2023-01-26,7,3,0,winter,3970,,,,
NYC,hour,2023-01-26 08:00:00,2023-01-26,8,3,0,winter,5793,,,,
NYC,hour,2023-01-26 09:00:00,2023-01-26,9,3,0,winter,3981,,,,
NYC,hour,2023-01-26 10:00:00,2023-01-26,10,3,0,winter,2724,,,,
NYC,hour,2023-01-26 11:00:00,2023-01-26,11,3,0,winter,2585,,,,
NYC,hour,2023-01-26 12:00:00,2023-01-26,12,3,0,winter,2940,,,,
NYC,hour,2023-01-26 13:00:00,2023-01-26,13,3,0,winter,3040,,,,
NYC,hour,2023-01-26 14:00:00,2023-01-26,14,3,0,winter,3397,,,,
NYC,hour,2023-01-26 15:00:00,2023-01-26,15,3,0,winter,3901,,,,
NYC,hour,2023-01-26 16:00:00,2023-01-26,16,3,0,winter,4602,,,,
NYC,hour,2023-01-26 17:00:00,2023-01-26,17,3,0,winter,6214,,,,
NYC,hour,2023-01-26 18:00:00,2023-01-26,18,3,0,winter,5843,,,,
NYC,hour,2023-01-26 19:00:00,2023-01-26,19,3,0,winter,4296,,,,
NYC,hour,2023-01-26 20:00:00,2023-01-26,20,3,0,winter,2924,,,,
NYC,hour,2023-01-26 21:00:00,2023-01-26,21,3,0,winter,2194,,,,
NYC,hour,2023-01-26 22:00:00,2023-01-26,22,3,0,winter,1725,,,,
NYC,hour,2023-01-26 23:00:00,2023-01-26,23,3,0,winter,1146,,,,
NYC,hour,2023-01-27 00:00:00,2023-01-27,0,4,0,winter,686,,,,
NYC,hour,2023-01-27 01:00:00,2023-01-27,1,4,0,winter,403,,,,
NYC,hour,2023-01-27 02:00:00,2023-01-27,2,4,0,winter,231,,,,
NYC,hour,2023-01-27 03:00:00,2023-01-27,3,4,0,winter,151,,,,
NYC,hour,2023-01-27 04:00:00,2023-01-27,4,4,0,winter,176,,,,
NYC,hour,2023-01-27 05:00:00,2023-01-27,5,4,0,winter,600,,,,
NYC,hour,2023-01-27 06:00:00,2023-01-27,6,4,0,winter,1643,,,,
NYC,hour,2023-01-27 07:00:00,2023-01-27,7,4,0,winter,3411,,,,
NYC,hour,2023-01-27 08:00:00,2023-01-27,8,4,0,winter,4856,,,,
NYC,hour,2023-01-27 09:00:00,2023-01-27,9,4,0,winter,3890,,,,
NYC,hour,2023-01-27 10:00:00,2023-01-27,10,4,0,winter,3041,,,,
NYC,hour,2023-01-27 11:00:00,2023-01-27,11,4,0,winter,3022,,,,
NYC,hour,2023-01-27 12:00:00,2023-01-27,12,4,0,winter,3595,,,,
NYC,hour,2023-01-27 13:00:00,2023-01-27,13,4,0,winter,3883,,,,
NYC,hour,2023-01-27 14:00:00,2023-01-27,14,4,0,winter,4224,,,,
NYC,hour,2023-01-27 15:00:00,2023-01-27,15,4,0,winter,4516,,,,
NYC,hour,2023-01-27 16:00:00,2023-01-27,16,4,0,winter,5023,,,,
NYC,hour,2023-01-27 17:00:00,2023-01-27,17,4,0,winter,5966,,,,
NYC,hour,2023-01-27 18:00:00,2023-01-27,18,4,0,winter,5073,,,,
NYC,hour,2023-01-27 19:00:00,2023-01-27,19,4,0,winter,3790,,,,
NYC,hour,2023-01-27 20:00:00,2023-01-27,20,4,0,winter,2589,,,,
NYC,hour,2023-01-27 21:00:00,2023-01-27,21,4,0,winter,1839,,,,
NYC,hour,2023-01-27 22:00:00,2023-01-27,22,4,0,winter,1621,,,,
NYC,hour,2023-01-27 23:00:00,2023-01-27,23,4,0,winter,1385,,,,
NYC,hour,2023-01-28 00:00:00,2023-01-28,0,5,1,winter,1149,,,,
NYC,hour,2023-01-28 01:00:00,2023-01-28,1,5,1,winter,779,,,,
NYC,hour,2023-01-28 02:00:00,2023-01-28,2,5,1,winter,535,,,,
NYC,hour,2023-01-28 03:00:00,2023-01-28,3,5,1,winter,337,,,,
NYC,hour,2023-01-28 04:00:00,2023-01-28,4,5,1,winter,234,,,,
NYC,hour,2023-01-28 05:00:00,2023-01-28,5,5,1,winter,194,,,,
NYC,hour,2023-01-28 06:00:00,2023-01-28,6,5,1,winter,511,,,,
NYC,hour,2023-01-28 07:00:00,2023-01-28,7,5,1,winter,975,,,,
NYC,hour,2023-01-28 08:00:00,2023-01-28,8,5,1,winter,1881,,,,
NYC,hour,2023-01-28 09:00:00,2023-01-28,9,5,1,winter,2921,,,,
NYC,hour,2023-01-28 10:00:00,2023-01-28,10,5,1,winter,3855,,,,
NYC,hour,2023-01-28 11:00:00,2023-01-28,11,5,1,winter,4806,,,,
NYC,hour,2023-01-28 12:00:00,2023-01-28,12,5,1,winter,5631,,,,
NYC,hour,2023-01-28 13:00:00,2023-01-28,13,5,1,winter,6088,,,,
NYC,hour,2023-01-28 14:00:00,2023-01-28,14,5,1,winter,5826,,,,
NYC,hour,2023-01-28 15:00:00,2023-01-28,15,5,1,winter,5674,,,,
NYC,hour,2023-01-28 16:00:00,2023-01-28,16,5,1,winter,5146,,,,
NYC,hour,2023-01-28 17:00:00,2023-01-28,17,5,1,winter,4676,,,,
NYC,hour,2023-01-28 18:00:00,2023-01-28,18,5,1,winter,3874,,,,
NYC,hour,2023-01-28 19:00:00,2023-01-28,19,5,1,winter,3393,,,,
NYC,hour,2023-01-28 20:00:00,2023-01-28,20,5,1,winter,2701,,,,
NYC,hour,2023-01-28 21:00:00,2023-01-28,21,5,1,winter,2029,,,,
NYC,hour,2023-01-28 22:00:00,2023-01-28,22,5,1,winter,1928,,,,
NYC,hour,2023-01-28 23:00:00,2023-01-28,23,5,1,winter,1676,,,,
NYC,hour,2023-01-29 00:00:00,2023-01-29,0,6,1,winter,1479,,,,
NYC,hour,2023-01-29 01:00:00,2023-01-29,1,6,1,winter,999,,,,
NYC,hour,2023-01-29 02:00:00,2023-01-29,2,6,1,winter,699,,,,
NYC,hour,2023-01-29 03:00:00,2023-01-29,3,6,1,winter,475,,,,
NYC,hour,2023-01-29 04:00:00,2023-01-29,4,6,1,winter,269,,,,
NYC,hour,2023-01-29 05:00:00,2023-01-29,5,6,1,winter,224,,,,
NYC,hour,2023-01-29 06:00:00,2023-01-29,6,6,1,winter,419,,,,
NYC,hour,2023-01-29 07:00:00,2023-01-29,7,6,1,winter,761,,,,
NYC,hour,2023-01-29 08:00:00,2023-01-29,8,6,1,winter,1416,,,,
NYC,hour,2023-01-29 09:00:00,2023-01-29,9,6,1,winter,2398,,,,
NYC,hour,2023-01-29 10:00:00,2023-01-29,10,6,1,winter,3348,,,,
NYC,hour,2023-01-29 11:00:00,2023-01-29,11,6,1,winter,4311,,,,
NYC,hour,2023-01-29 12:00:00,2023-01-29,12,6,1,winter,4868,,,,
NYC,hour,2023-01-29 13:00:00,2023-01-29,13,6,1,winter,4917,,,,
NYC,hour,2023-01-29 14:00:00,2023-01-29,14,6,1,winter,5429,,,,
NYC,hour,2023-01-29 15:00:00,2023-01-29,15,6,1,winter,5112,,,,
NYC,hour,2023-01-29 16:00:00,2023-01-29,16,6,1,winter,4498,,,,
NYC,hour,2023-01-29 17:00:00,2023-01-29,17,6,1,winter,3915,,,,
NYC,hour,2023-01-29 18:00:00,2023-01-29,18,6,1,winter,3778,,,,
NYC,hour,2023-01-29 19:00:00,2023-01-29,19,6,1,winter,2604,,,,
NYC,hour,2023-01-29 20:00:00,2023-01-29,20,6,1,winter,2201,,,,
NYC,hour,2023-01-29 21:00:00,2023-01-29,21,6,1,winter,1529,,,,
NYC,hour,2023-01-29 22:00:00,2023-01-29,22,6,1,winter,1538,,,,
NYC,hour,2023-01-29 23:00:00,2023-01-29,23,6,1,winter,854,,,,
NYC,hour,2023-01-30 00:00:00,2023-01-30,0,0,0,winter,513,,,,
NYC,hour,2023-01-30 01:00:00,2023-01-30,1,0,0,winter,269,,,,
NYC,hour,2023-01-30 02:00:00,2023-01-30,2,0,0,winter,154,,,,
NYC,hour,2023-01-30 03:00:00,2023-01-30,3,0,0,winter,116,,,,
NYC,hour,2023-01-30 04:00:00,2023-01-30,4,0,0,winter,174,,,,
NYC,hour,2023-01-30 05:00:00,2023-01-30,5,0,0,winter,745,,,,
NYC,hour,2023-01-30 06:00:00,2023-01-30,6,0,0,winter,1866,,,,
NYC,hour,2023-01-30 07:00:00,2023-01-30,7,0,0,winter,3966,,,,
NYC,hour,2023-01-30 08:00:00,2023-01-30,8,0,0,winter,5663,,,,
NYC,hour,2023-01-30 09:00:00,2023-01-30,9,0,0,winter,3945,,,,
NYC,hour,2023-01-30 10:00:00,2023-01-30,10,0,0,winter,2812,,,,
NYC,hour,2023-01-30 11:00:00,2023-01-30,11,0,0,winter,2861,,,,
NYC,hour,2023-01-30 12:00:00,2023-01-30,12,0,0,winter,3364,,,,
NYC,hour,2023-01-30 13:00:00,2023-01-30,13,0,0,winter,3703,,,,
NYC,hour,2023-01-30 14:00:00,2023-01-30,14,0,0,winter,4149,,,,
NYC,hour,2023-01-30 15:00:00,2023-01-30,15,0,0,winter,4636,,,,
NYC,hour,2023-01-30 16:00:00,2023-01-30,16,0,0,winter,5694,,,,
NYC,hour,2023-01-30 17:00:00,2023-01-30,17,0,0,winter,7052,,,,
NYC,hour,2023-01-30 18:00:00,2023-01-30,18,0,0,winter,6353,,,,
NYC,hour,2023-01-30 19:00:00,2023-01-30,19,0,0,winter,4358,,,,
NYC,hour,2023-01-30 20:00:00,2023-01-30,20,0,0,winter,3137,,,,
NYC,hour,2023-01-30 21:00:00,2023-01-30,21,0,0,winter,2209,,,,
NYC,hour,2023-01-30 22:00:00,2023-01-30,22,0,0,winter,1717,,,,
NYC,hour,2023-01-30 23:00:00,2023-01-30,23,0,0,winter,980,,,,
NYC,hour,2023-01-31 00:00:00,2023-01-31,0,1,0,winter,511,,,,
NYC,hour,2023-01-31 01:00:00,2023-01-31,1,1,0,winter,231,,,,
NYC,hour,2023-01-31 02:00:00,2023-01-31,2,1,0,winter,151,,,,
NYC,hour,2023-01-31 03:00:00,2023-01-31,3,1,0,winter,100,,,,
NYC,hour,2023-01-31 04:00:00,2023-01-31,4,1,0,winter,146,,,,
NYC,hour,2023-01-31 05:00:00,2023-01-31,5,1,0,winter,570,,,,
NYC,hour,2023-01-31 06:00:00,2023-01-31,6,1,0,winter,1302,,,,
NYC,hour,2023-01-31 07:00:00,2023-01-31,7,1,0,winter,2315,,,,
NYC,hour,2023-01-31 08:00:00,2023-01-31,8,1,0,winter,3825,,,,
NYC,hour,2023-01-31 09:00:00,2023-01-31,9,1,0,winter,3362,,,,
NYC,hour,2023-01-31 10:00:00,2023-01-31,10,1,0,winter,2444,,,,
NYC,hour,2023-01-31 11:00:00,2023-01-31,11,1,0,winter,2476,,,,
NYC,hour,2023-01-31 12:00:00,2023-01-31,12,1,0,winter,2716,,,,
NYC,hour,2023-01-31 13:00:00,2023-01-31,13,1,0,winter,2902,,,,
NYC,hour,2023-01-31 14:00:00,2023-01-31,14,1,0,winter,3255,,,,
NYC,hour,2023-01-31 15:00:00,2023-01-31,15,1,0,winter,3855,,,,
NYC,hour,2023-01-31 16:00:00,2023-01-31,16,1,0,winter,4732,,,,
NYC,hour,2023-01-31 17:00:00,2023-01-31,17,1,0,winter,6132,,,,
NYC,hour,2023-01-31 18:00:00,2023-01-31,18,1,0,winter,5491,,,,
NYC,hour,2023-01-31 19:00:00,2023-01-31,19,1,0,winter,3994,,,,
NYC,hour,2023-01-31 20:00:00,2023-01-31,20,1,0,winter,2688,,,,
NYC,hour,2023-01-31 21:00:00,2023-01-31,21,1,0,winter,1932,,,,
NYC,hour,2023-01-31 22:00:00,2023-01-31,22,1,0,winter,1456,,,,
NYC,hour,2023-01-31 23:00:00,2023-01-31,23,1,0,winter,812,,,,
NYC,hour,2023-02-01 00:00:00,2023-02-01,0,2,0,winter,446,,,,
NYC,hour,2023-02-01 01:00:00,2023-02-01,1,2,0,winter,205,,,,
NYC,hour,2023-02-01 02:00:00,2023-02-01,2,2,0,winter,115,,,,
NYC,hour,2023-02-01 03:00:00,2023-02-01,3,2,0,winter,98,,,,
NYC,hour,2023-02-01 04:00:00,2023-02-01,4,2,0,winter,162,,,,
NYC,hour,2023-02-01 05:00:00,2023-02-01,5,2,0,winter,518,,,,
NYC,hour,2023-02-01 06:00:00,2023-02-01,6,2,0,winter,1558,,,,
NYC,hour,2023-02-01 07:00:00,2023-02-01,7,2,0,winter,3416,,,,
NYC,hour,2023-02-01 08:00:00,2023-02-01,8,2,0,winter,5189,,,,
NYC,hour,2023-02-01 09:00:00,2023-02-01,9,2,0,winter,3828,,,,
NYC,hour,2023-02-01 10:00:00,2023-02-01,10,2,0,winter,2504,,,,
NYC,hour,2023-02-01 11:00:00,2023-02-01,11,2,0,winter,2384,,,,
NYC,hour,2023-02-01 12:00:00,2023-02-01,12,2,0,winter,2790,,,,
NYC,hour,2023-02-01 13:00:00,2023-02-01,13,2,0,winter,2925,,,,
NYC,hour,2023-02-01 14:00:00,2023-02-01,14,2,0,winter,3355,,,,
NYC,hour,2023-02-01 15:00:00,2023-02-01,15,2,0,winter,3884,,,,
NYC,hour,2023-02-01 16:00:00,2023-02-01,16,2,0,winter,4603,,,,
NYC,hour,2023-02-01 17:00:00,2023-02-01,17,2,0,winter,6109,,,,
NYC,hour,2023-02-01 18:00:00,2023-02-01,18,2,0,winter,5732,,,,
NYC,hour,2023-02-01 19:00:00,2023-02-01,19,2,0,winter,3847,,,,
NYC,hour,2023-02-01 20:00:00,2023-02-01,20,2,0,winter,2666,,,,
NYC,hour,2023-02-01 21:00:00,2023-02-01,21,2,0,winter,1908,,,,
NYC,hour,2023-02-01 22:00:00,2023-02-01,22,2,0,winter,1389,,,,
NYC,hour,2023-02-01 23:00:00,2023-02-01,23,2,0,winter,798,,,,
NYC,hour,2023-02-02 00:00:00,2023-02-02,0,3,0,winter,468,,,,
NYC,hour,2023-02-02 01:00:00,2023-02-02,1,3,0,winter,228,,,,
NYC,hour,2023-02-02 02:00:00,2023-02-02,2,3,0,winter,153,,,,
NYC,hour,2023-02-02 03:00:00,2023-02-02,3,3,0,winter,101,,,,
NYC,hour,2023-02-02 04:00:00,2023-02-02,4,3,0,winter,159,,,,
NYC,hour,2023-02-02 05:00:00,2023-02-02,5,3,0,winter,631,,,,
NYC,hour,2023-02-02 06:00:00,2023-02-02,6,3,0,winter,1777,,,,
NYC,hour,2023-02-02 07:00:00,2023-02-02,7,3,0,winter,3982,,,,
NYC,hour,2023-02-02 08:00:00,2023-02-02,8,3,0,winter,5693,,,,
NYC,hour,2023-02-02 09:00:00,2023-02-02,9,3,0,winter,4005,,,,
NYC,hour,2023-02-02 10:00:00,2023-02-02,10,3,0,winter,2655,,,,
NYC,hour,2023-02-02 11:00:00,2023-02-02,11,3,0,winter,2584,,,,
NYC,hour,2023-02-02 12:00:00,2023-02-02,12,3,0,winter,2946,,,,
NYC,hour,2023-02-02 13:00:00,2023-02-02,13,3,0,winter,3143,,,,
NYC,hour,2023-02-02 14:00:00,2023-02-02,14,3,0,winter,3477,,,,
NYC,hour,2023-02-02 15:00:00,2023-02-02,15,3,0,winter,4066,,,,
NYC,hour,2023-02-02 16:00:00,2023-02-02,16,3,0,winter,4660,,,,
NYC,hour,2023-02-02 17:00:00,2023-02-02,17,3,0,winter,6048,,,,
NYC,hour,2023-02-02 18:00:00,2023-02-02,18,3,0,winter,5423,,,,
NYC,hour,2023-02-02 19:00:00,2023-02-02,19,3,0,winter,3792,,,,
NYC,hour,2023-02-02 20:00:00,2023-02-02,20,3,0,winter,2621,,,,
NYC,hour,2023-02-02 21:00:00,2023-02-02,21,3,0,winter,1952,,,,
NYC,hour,2023-02-02 22:00:00,2023-02-02,22,3,0,winter,1604,,,,
NYC,hour,2023-02-02 23:00:00,2023-02-02,23,3,0,winter,991,,,,
NYC,hour,2023-02-03 00:00:00,2023-02-03,0,4,0,winter,631,,,,
NYC,hour,2023-02-03 01:00:00,2023-02-03,1,4,0,winter,346,,,,
NYC,hour,2023-02-03 02:00:00,2023-02-03,2,4,0,winter,184,,,,
NYC,hour,2023-02-03 03:00:00,2023-02-03,3,4,0,winter,129,,,,
NYC,hour,2023-02-03 04:00:00,2023-02-03,4,4,0,winter,188,,,,
NYC,hour,2023-02-03 05:00:00,2023-02-03,5,4,0,winter,514,,,,
NYC,hour,2023-02-03 06:00:00,2023-02-03,6,4,0,winter,1266,,,,
NYC,hour,2023-02-03 07:00:00,2023-02-03,7,4,0,winter,2769,,,,
NYC,hour,2023-02-03 08:00:00,2023-02-03,8,4,0,winter,3657,,,,
NYC,hour,2023-02-03 09:00:00,2023-02-03,9,4,0,winter,2728,,,,
NYC,hour,2023-02-03 10:00:00,2023-02-03,10,4,0,winter,1881,,,,
NYC,hour,2023-02-03 11:00:00,2023-02-03,11,4,0,winter,1932,,,,
NYC,hour,2023-02-03 12:00:00,2023-02-03,12,4,0,winter,2064,,,,
NYC,hour,2023-02-03 13:00:00,2023-02-03,13,4,0,winter,2120,,,,
NYC,hour,2023-02-03 14:00:00,2023-02-03,14,4,0,winter,2380,,,,
NYC,hour,2023-02-03 15:00:00,2023-02-03,15,4,0,winter,2559,,,,
NYC,hour,2023-02-03 16:00:00,2023-02-03,16,4,0,winter,2823,,,,
NYC,hour,2023-02-03 17:00:00,2023-02-03,17,4,0,winter,3078,,,,
NYC,hour,2023-02-03 18:00:00,2023-02-03,18,4,0,winter,2364,,,,
NYC,hour,2023-02-03 19:00:00,2023-02-03,19,4,0,winter,1662,,,,
NYC,hour,2023-02-03 20:00:00,2023-02-03,20,4,0,winter,1046,,,,
NYC,hour,2023-02-03 21:00:00,2023-02-03,21,4,0,winter,692,,,,
NYC,hour,2023-02-03 22:00:00,2023-02-03,22,4,0,winter,566,,,,
NYC,hour,2023-02-03 23:00:00,2023-02-03,23,4,0,winter,483,,,,
NYC,hour,2023-02-04 00:00:00,2023-02-04,0,5,1,winter,348,,,,
NYC,hour,2023-02-04 01:00:00,2023-02-04,1,5,1,winter,197,,,,
NYC,hour,2023-02-04 02:00:00,2023-02-04,2,5,1,winter,157,,,,
NYC,hour,2023-02-04 03:00:00,2023-02-04,3,5,1,winter,80,,,,
NYC,hour,2023-02-04 04:00:00,2023-02-04,4,5,1,winter,58,,,,
NYC,hour,2023-02-04 05:00:00,2023-02-04,5,5,1,winter,90,,,,
NYC,hour,2023-02-04 06:00:00,2023-02-04,6,5,1,winter,197,,,,
NYC,hour,2023-02-04 07:00:00,2023-02-04,7,5,1,winter,430,,,,
NYC,hour,2023-02-04 08:00:00,2023-02-04,8,5,1,winter,763,,,,
NYC,hour,2023-02-04 09:00:00,2023-02-04,9,5,1,winter,1140,,,,
NYC,hour,2023-02-04 10:00:00,2023-02-04,10,5,1,winter,1344,,,,
NYC,hour,2023-02-04 11:00:00,2023-02-04,11,5,1,winter,1606,,,,
NYC,hour,2023-02-04 12:00:00,2023-02-04,12,5,1,winter,1772,,,,
NYC,hour,2023-02-04 13:00:00,2023-02-04,13,5,1,winter,1881,,,,
NYC,hour,2023-02-04 14:00:00,2023-02-04,14,5,1,winter,1959,,,,
NYC,hour,2023-02-04 15:00:00,2023-02-04,15,5,1,winter,2074,,,,
NYC,hour,2023-02-04 16:00:00,2023-02-04,16,5,1,winter,2030,,,,
NYC,hour,2023-02-04 17:00:00,2023-02-04,17,5,1,winter,1999,,,,
NYC,hour,2023-02-04 18:00:00,2023-02-04,18,5,1,winter,1664,,,,
NYC,hour,2023-02-04 19:00:00,2023-02-04,19,5,1,winter,1441,,,,
NYC,hour,2023-02-04 20:00:00,2023-02-04,20,5,1,winter,1075,,,,
NYC,hour,2023-02-04 21:00:00,2023-02-04,21,5,1,winter,877,,,,
NYC,hour,2023-02-04 22:00:00,2023-02-04,22,5,1,winter,845,,,,
NYC,hour,2023-02-04 23:00:00,2023-02-04,23,5,1,winter,783,,,,
NYC,hour,2023-02-05 00:00:00,2023-02-05,0,6,1,winter,610,,,,
NYC,hour,2023-02-05 01:00:00,2023-02-05,1,6,1,winter,421,,,,
NYC,hour,2023-02-05 02:00:00,2023-02-05,2,6,1,winter,295,,,,
NYC,hour,2023-02-05 03:00:00,2023-02-05,3,6,1,winter,197,,,,
NYC,hour,2023-02-05 04:00:00,2023-02-05,4,6,1,winter,154,,,,
NYC,hour,2023-02-05 05:00:00,2023-02-05,5,6,1,winter,147,,,,
NYC,hour,2023-02-05 06:00:00,2023-02-05,6,6,1,winter,308,,,,
NYC,hour,2023-02-05 07:00:00,2023-02-05,7,6,1,winter,629,,,,
NYC,hour,2023-02-05 08:00:00,2023-02-05,8,6,1,winter,1081,,,,
NYC,hour,2023-02-05 09:00:00,2023-02-05,9,6,1,winter,1909,,,,
NYC,hour,2023-02-05 10:00:00,2023-02-05,10,6,1,winter,2619,,,,
NYC,hour,2023-02-05 11:00:00,2023-02-05,11,6,1,winter,3427,,,,
NYC,hour,2023-02-05 12:00:00,2023-02-05,12,6,1,winter,3991,,,,
NYC,hour,2023-02-05 13:00:00,2023-02-05,13,6,1,winter,4464,,,,
NYC,hour,2023-02-05 14:00:00,2023-02-05,14,6,1,winter,4767,,,,
NYC,hour,2023-02-05 15:00:00,2023-02-05,15,6,1,winter,4880,,,,
NYC,hour,2023-02-05 16:00:00,2023-02-05,16,6,1,winter,4777,,,,
NYC,hour,2023-02-05 17:00:00,2023-02-05,17,6,1,winter,4064,,,,
NYC,hour,2023-02-05 18:00:00,2023-02-05,18,6,1,winter,3316,,,,
NYC,hour,2023-02-05 19:00:00,2023-02-05,19,6,1,winter,2500,,,,
NYC,hour,2023-02-05 20:00:00,2023-02-05,20,6,1,winter,1893,,,,
NYC,hour,2023-02-05 21:00:00,2023-02-05,21,6,1,winter,1556,,,,
NYC,hour,2023-02-05 22:00:00,2023-02-05,22,6,1,winter,1126,,,,
NYC,hour,2023-02-05 23:00:00,2023-02-05,23,6,1,winter,711,,,,
NYC,hour,2023-02-06 00:00:00,2023-02-06,0,0,0,winter,478,,,,
NYC,hour,2023-02-06 01:00:00,2023-02-06,1,0,0,winter,223,,,,
NYC,hour,2023-02-06 02:00:00,2023-02-06,2,0,0,winter,147,,,,
NYC,hour,2023-02-06 03:00:00,2023-02-06,3,0,0,winter,91,,,,
NYC,hour,2023-02-06 04:00:00,2023-02-06,4,0,0,winter,168,,,,
NYC,hour,2023-02-06 05:00:00,2023-02-06,5,0,0,winter,688,,,,
NYC,hour,2023-02-06 06:00:00,2023-02-06,6,0,0,winter,1799,,,,
NYC,hour,2023-02-06 07:00:00,2023-02-06,7,0,0,winter,3949,,,,
NYC,hour,2023-02-06 08:00:00,2023-02-06,8,0,0,winter,5646,,,,
NYC,hour,2023-02-06 09:00:00,2023-02-06,9,0,0,winter,3923,,,,
NYC,hour,2023-02-06 10:00:00,2023-02-06,10,0,0,winter,2754,,,,
NYC,hour,2023-02-06 11:00:00,2023-02-06,11,0,0,winter,2681,,,,
NYC,hour,2023-02-06 12:00:00,2023-02-06,12,0,0,winter,3155,,,,
NYC,hour,2023-02-06 13:00:00,2023-02-06,13,0,0,winter,3444,,,,
NYC,hour,2023-02-06 14:00:00,2023-02-06,14,0,0,winter,3807,,,,
NYC,hour,2023-02-06 15:00:00,2023-02-06,15,0,0,winter,4310,,,,
NYC,hour,2023-02-06 16:00:00,2023-02-06,16,0,0,winter,4985,,,,
NYC,hour,2023-02-06 17:00:00,2023-02-06,17,0,0,winter,6368,,,,
NYC,hour,2023-02-06 18:00:00,2023-02-06,18,0,0,winter,5749,,,,
NYC,hour,2023-02-06 19:00:00,2023-02-06,19,0,0,winter,3947,,,,
NYC,hour,2023-02-06 20:00:00,2023-02-06,20,0,0,winter,2608,,,,
NYC,hour,2023-02-06 21:00:00,2023-02-06,21,0,0,winter,1798,,,,
NYC,hour,2023-02-06 22:00:00,2023-02-06,22,0,0,winter,1318,,,,
NYC,hour,2023-02-06 23:00:00,2023-02-06,23,0,0,winter,798,,,,
NYC,hour,2023-02-07 00:00:00,2023-02-07,0,1,0,winter,416,,,,
NYC,hour,2023-02-07 01:00:00,2023-02-07,1,1,0,winter,203,,,,
NYC,hour,2023-02-07 02:00:00,2023-02-07,2,1,0,winter,119,,,,
NYC,hour,2023-02-07 03:00:00,2023-02-07,3,1,0,winter,101,,,,
NYC,hour,2023-02-07 04:00:00,2023-02-07,4,1,0,winter,163,,,,
NYC,hour,2023-02-07 05:00:00,2023-02-07,5,1,0,winter,686,,,,
NYC,hour,2023-02-07 06:00:00,2023-02-07,6,1,0,winter,1980,,,,
NYC,hour,2023-02-07 07:00:00,2023-02-07,7,1,0,winter,4464,,,,
NYC,hour,2023-02-07 08:00:00,2023-02-07,8,1,0,winter,6237,,,,
NYC,hour,2023-02-07 09:00:00,2023-02-07,9,1,0,winter,4199,,,,
NYC,hour,2023-02-07 10:00:00,2023-02-07,10,1,0,winter,2726,,,,
NYC,hour,2023-02-07 11:00:00,2023-02-07,11,1,0,winter,2666,,,,
NYC,hour,2023-02-07 12:00:00,2023-02-07,12,1,0,winter,2932,,,,
NYC,hour,2023-02-07 13:00:00,2023-02-07,13,1,0,winter,3056,,,,
NYC,hour,2023-02-07 14:00:00,2023-02-07,14,1,0,winter,3484,,,,
NYC,hour,2023-02-07 15:00:00,2023-02-07,15,1,0,winter,3934,,,,
NYC,hour,2023-02-07 16:00:00,2023-02-07,16,1,0,winter,4977,,,,
NYC,hour,2023-02-07 17:00:00,2023-02-07,17,1,0,winter,6773,,,,
NYC,hour,2023-02-07 18:00:00,2023-02-07,18,1,0,winter,6145,,,,
NYC,hour,2023-02-07 19:00:00,2023-02-07,19,1,0,winter,4254,,,,
NYC,hour,2023-02-07 20:00:00,2023-02-07,20,1,0,winter,2886,,,,
NYC,hour,2023-02-07 21:00:00,2023-02-07,21,1,0,winter,1794,,,,
NYC,hour,2023-02-07 22:00:00,2023-02-07,22,1,0,winter,1094,,,,
NYC,hour,2023-02-07 23:00:00,2023-02-07,23,1,0,winter,817,,,,
NYC,hour,2023-02-08 00:00:00,2023-02-08,0,2,0,winter,453,,,,
NYC,hour,2023-02-08 01:00:00,2023-02-08,1,2,0,winter,237,,,,
NYC,hour,2023-02-08 02:00:00,2023-02-08,2,2,0,winter,155,,,,
NYC,hour,2023-02-08 03:00:00,2023-02-08,3,2,0,winter,111,,,,
NYC,hour,2023-02-08 04:00:00,2023-02-08,4,2,0,winter,203,,,,
NYC,hour,2023-02-08 05:00:00,2023-02-08,5,2,0,winter,693,,,,
NYC,hour,2023-02-08 06:00:00,2023-02-08,6,2,0,winter,2033,,,,
NYC,hour,2023-02-08 07:00:00,2023-02-08,7,2,0,winter,4698,,,,
NYC,hour,2023-02-08 08:00:00,2023-02-08,8,2,0,winter,6959,,,,
NYC,hour,2023-02-08 09:00:00,2023-02-08,9,2,0,winter,4606,,,,
NYC,hour,2023-02-08 10:00:00,2023-02-08,10,2,0,winter,3163,,,,
NYC,hour,2023-02-08 11:00:00,2023-02-08,11,2,0,winter,3089,,,,
NYC,hour,2023-02-08 12:00:00,2023-02-08,12,2,0,winter,3552,,,,
NYC,hour,2023-02-08 13:00:00,2023-02-08,13,2,0,winter,3819,,,,
NYC,hour,2023-02-08 14:00:00,2023-02-08,14,2,0,winter,4471,,,,
NYC,hour,2023-02-08 15:00:00,2023-02-08,15,2,0,winter,5100,,,,
NYC,hour,2023-02-08 16:00:00,2023-02-08,16,2,0,winter,6046,,,,
NYC,hour,2023-02-08 17:00:00,2023-02-08,17,2,0,winter,8025,,,,
NYC,hour,2023-02-08 18:00:00,2023-02-08,18,2,0,winter,7029,,,,
NYC,hour,2023-02-08 19:00:00,2023-02-08,19,2,0,winter,5126,,,,
NYC,hour,2023-02-08 20:00:00,2023-02-08,20,2,0,winter,3353,,,,
NYC,hour,2023-02-08 21:00:00,2023-02-08,21,2,0,winter,2502,,,,
NYC,hour,2023-02-08 22:00:00,2023-02-08,22,2,0,winter,1956,,,,
NYC,hour,2023-02-08 23:00:00,2023-02-08,23,2,0,winter,1257,,,,
NYC,hour,2023-02-09 00:00:00,2023-02-09,0,3,0,winter,687,,,,
NYC,hour,2023-02-09 01:00:00,2023-02-09,1,3,0,winter,336,,,,
NYC,hour,2023-02-09 02:00:00,2023-02-09,2,3,0,winter,215,,,,
NYC,hour,2023-02-09 03:00:00,2023-02-09,3,3,0,winter,139,,,,
NYC,hour,2023-02-09 04:00:00,2023-02-09,4,3,0,winter,202,,,,
NYC,hour,2023-02-09 05:00:00,2023-02-09,5,3,0,winter,694,,,,
NYC,hour,2023-02-09 06:00:00,2023-02-09,6,3,0,winter,2006,,,,
NYC,hour,2023-02-09 07:00:00,2023-02-09,7,3,0,winter,4750,,,,
NYC,hour,2023-02-09 08:00:00,2023-02-09,8,3,0,winter,6587,,,,
NYC,hour,2023-02-09 09:00:00,2023-02-09,9,3,0,winter,4644,,,,
NYC,hour,2023-02-09 10:00:00,2023-02-09,10,3,0,winter,3122,,,,
NYC,hour,2023-02-09 11:00:00,2023-02-09,11,3,0,winter,2844,,,,
NYC,hour,2023-02-09 12:00:00,2023-02-09,12,3,0,winter,3292,,,,
NYC,hour,2023-02-09 13:00:00,2023-02-09,13,3,0,winter,3486,,,,
NYC,hour,2023-02-09 14:00:00,2023-02-09,14,3,0,winter,3982,,,,
NYC,hour,2023-02-09 15:00:00,2023-02-09,15,3,0,winter,4822,,,,
NYC,hour,2023-02-09 16:00:00,2023-02-09,16,3,0,winter,5575,,,,
NYC,hour,2023-02-09 17:00:00,2023-02-09,17,3,0,winter,7348,,,,
NYC,hour,2023-02-09 18:00:00,2023-02-09,18,3,0,winter,6699,,,,
NYC,hour,2023-02-09 19:00:00,2023-02-09,19,3,0,winter,4837,,,,
NYC,hour,2023-02-09 20:00:00,2023-02-09,20,3,0,winter,3413,,,,
NYC,hour,2023-02-09 21:00:00,2023-02-09,21,3,0,winter,2696,,,,
NYC,hour,2023-02-09 22:00:00,2023-02-09,22,3,0,winter,2203,,,,
NYC,hour,2023-02-09 23:00:00,2023-02-09,23,3,0,winter,1484,,,,
NYC,hour,2023-02-10 00:00:00,2023-02-10,0,4,0,winter,939,,,,
NYC,hour,2023-02-10 01:00:00,2023-02-10,1,4,0,winter,485,,,,
NYC,hour,2023-02-10 02:00:00,2023-02-10,2,4,0,winter,262,,,,
NYC,hour,2023-02-10 03:00:00,2023-02-10,3,4,0,winter,202,,,,
NYC,hour,2023-02-10 04:00:00,2023-02-10,4,4,0,winter,234,,,,
NYC,hour,2023-02-10 05:00:00,2023-02-10,5,4,0,winter,676,,,,
NYC,hour,2023-02-10 06:00:00,2023-02-10,6,4,0,winter,1908,,,,
NYC,hour,2023-02-10 07:00:00,2023-02-10,7,4,0,winter,4347,,,,
NYC,hour,2023-02-10 08:00:00,2023-02-10,8,4,0,winter,5924,,,,
NYC,hour,2023-02-10 09:00:00,2023-02-10,9,4,0,winter,4591,,,,
NYC,hour,2023-02-10 10:00:00,2023-02-10,10,4,0,winter,3563,,,,
NYC,hour,2023-02-10 11:00:00,2023-02-10,11,4,0,winter,3704,,,,
NYC,hour,2023-02-10 12:00:00,2023-02-10,12,4,0,winter,4470,,,,
NYC,hour,2023-02-10 13:00:00,2023-02-10,13,4,0,winter,5030,,,,
NYC,hour,2023-02-10 14:00:00,2023-02-10,14,4,0,winter,5760,,,,
NYC,hour,2023-02-10 15:00:00,2023-02-10,15,4,0,winter,6437,,,,
NYC,hour,2023-02-10 16:00:00,2023-02-10,16,4,0,winter,7217,,,,
NYC,hour,2023-02-10 17:00:00,2023-02-10,17,4,0,winter,7879,,,,
NYC,hour,2023-02-10 18:00:00,2023-02-10,18,4,0,winter,6161,,,,
NYC,hour,2023-02-10 19:00:00,2023-02-10,19,4,0,winter,4726,,,,
NYC,hour,2023-02-10 20:00:00,2023-02-10,20,4,0,winter,3357,,,,
NYC,hour,2023-02-10 21:00:00,2023-02-10,21,4,0,winter,2404,,,,
NYC,hour,2023-02-10 22:00:00,2023-02-10,22,4,0,winter,2029,,,,
NYC,hour,2023-02-10 23:00:00,2023-02-10,23,4,0,winter,1663,,,,
NYC,hour,2023-02-11 00:00:00,2023-02-11,0,5,1,winter,1341,,,,
NYC,hour,2023-02-11 01:00:00,2023-02-11,1,5,1,winter,888,,,,
NYC,hour,2023-02-11 02:00:00,2023-02-11,2,5,1,winter,624,,,,
NYC,hour,2023-02-11 03:00:00,2023-02-11,3,5,1,winter,347,,,,
NYC,hour,2023-02-11 04:00:00,2023-02-11,4,5,1,winter,236,,,,
NYC,hour,2023-02-11 05:00:00,2023-02-11,5,5,1,winter,223,,,,
NYC,hour,2023-02-11 06:00:00,2023-02-11,6,5,1,winter,499,,,,
NYC,hour,2023-02-11 07:00:00,2023-02-11,7,5,1,winter,1022,,,,
NYC,hour,2023-02-11 08:00:00,2023-02-11,8,5,1,winter,2007,,,,
NYC,hour,2023-02-11 09:00:00,2023-02-11,9,5,1,winter,2998,,,,
NYC,hour,2023-02-11 10:00:00,2023-02-11,10,5,1,winter,3680,,,,
NYC,hour,2023-02-11 11:00:00,2023-02-11,11,5,1,winter,4449,,,,
NYC,hour,2023-02-11 12:00:00,2023-02-11,12,5,1,winter,5083,,,,
NYC,hour,2023-02-11 13:00:00,2023-02-11,13,5,1,winter,5254,,,,
NYC,hour,2023-02-11 14:00:00,2023-02-11,14,5,1,winter,5634,,,,
NYC,hour,2023-02-11 15:00:00,2023-02-11,15,5,1,winter,5541,,,,
NYC,hour,2023-02-11 16:00:00,2023-02-11,16,5,1,winter,5198,,,,
NYC,hour,2023-02-11 17:00:00,2023-02-11,17,5,1,winter,4503,,,,
NYC,hour,2023-02-11 18:00:00,2023-02-11,18,5,1,winter,3595,,,,
NYC,hour,2023-02-11 19:00:00,2023-02-11,19,5,1,winter,3129,,,,
NYC,hour,2023-02-11 20:00:00,2023-02-11,20,5,1,winter,2453,,,,
NYC,hour,2023-02-11 21:00:00,2023-02-11,21,5,1,winter,1913,,,,
NYC,hour,2023-02-11 22:00:00,2023-02-11,22,5,1,winter,1692,,,,
NYC,hour,2023-02-11 23:00:00,2023-02-11,23,5,1,winter,1491,,,,
NYC,hour,2023-02-12 00:00:00,2023-02-12,0,6,1,winter,1131,,,,
NYC,hour,2023-02-12 01:00:00,2023-02-12,1,6,1,winter,958,,,,
NYC,hour,2023-02-12 02:00:00,2023-02-12,2,6,1,winter,568,,,,
NYC,hour,2023-02-12 03:00:00,2023-02-12,3,6,1,winter,369,,,,
NYC,hour,2023-02-12 04:00:00,2023-02-12,4,6,1,winter,218,,,,
NYC,hour,2023-02-12 05:00:00,2023-02-12,5,6,1,winter,198,,,,
NYC,hour,2023-02-12 06:00:00,2023-02-12,6,6,1,winter,395,,,,
NYC,hour,2023-02-12 07:00:00,2023-02-12,7,6,1,winter,788,,,,
NYC,hour,2023-02-12 08:00:00,2023-02-12,8,6,1,winter,1521,,,,
NYC,hour,2023-02-12 09:00:00,2023-02-12,9,6,1,winter,2430,,,,
NYC,hour,2023-02-12 10:00:00,2023-02-12,10,6,1,winter,3291,,,,
NYC,hour,2023-02-12 11:00:00,2023-02-12,11,6,1,winter,4129,,,,
NYC,hour,2023-02-12 12:00:00,2023-02-12,12,6,1,winter,4453,,,,
NYC,hour,2023-02-12 13:00:00,2023-02-12,13,6,1,winter,4593,,,,
NYC,hour,2023-02-12 14:00:00,2023-02-12,14,6,1,winter,4724,,,,
NYC,hour,2023-02-12 15:00:00,2023-02-12,15,6,1,winter,4629,,,,
NYC,hour,2023-02-12 16:00:00,2023-02-12,16,6,1,winter,4714,,,,
NYC,hour,2023-02-12 17:00:00,2023-02-12,17,6,1,winter,5222,,,,
NYC,hour,2023-02-12 18:00:00,2023-02-12,18,6,1,winter,3853,,,,
NYC,hour,2023-02-12 19:00:00,2023-02-12,19,6,1,winter,1971,,,,
NYC,hour,2023-02-12 20:00:00,2023-02-12,20,6,1,winter,1417,,,,
NYC,hour,2023-02-12 21:00:00,2023-02-12,21,6,1,winter,1305,,,,
NYC,hour,2023-02-12 22:00:00,2023-02-12,22,6,1,winter,1982,,,,
NYC,hour,2023-02-12 23:00:00,2023-02-12,23,6,1,winter,803,,,,
NYC,hour,2023-02-13 00:00:00,2023-02-13,0,0,0,winter,445,,,,
NYC,hour,2023-02-13 01:00:00,2023-02-13,1,0,0,winter,248,,,,
NYC,hour,2023-02-13 02:00:00,2023-02-13,2,0,0,winter,149,,,,
NYC,hour,2023-02-13 03:00:00,2023-02-13,3,0,0,winter,103,,,,
NYC,hour,2023-02-13 04:00:00,2023-02-13,4,0,0,winter,177,,,,
NYC,hour,2023-02-13 05:00:00,2023-02-13,5,0,0,winter,612,,,,
NYC,hour,2023-02-13 06:00:00,2023-02-13,6,0,0,winter,1743,,,,
NYC,hour,2023-02-13 07:00:00,2023-02-13,7,0,0,winter,3943,,,,
NYC,hour,2023-02-13 08:00:00,2023-02-13,8,0,0,winter,5675,,,,
NYC,hour,2023-02-13 09:00:00,2023-02-13,9,0,0,winter,3949,,,,
NYC,hour,2023-02-13 10:00:00,2023-02-13,10,0,0,winter,2712,,,,
NYC,hour,2023-02-13 11:00:00,2023-02-13,11,0,0,winter,2825,,,,
NYC,hour,2023-02-13 12:00:00,2023-02-13,12,0,0,winter,3340,,,,
NYC,hour,2023-02-13 13:00:00,2023-02-13,13,0,0,winter,3846,,,,
NYC,hour,2023-02-13 14:00:00,2023-02-13,14,0,0,winter,4460,,,,
NYC,hour,2023-02-13 15:00:00,2023-02-13,15,0,0,winter,5221,,,,
NYC,hour,2023-02-13 16:00:00,2023-02-13,16,0,0,winter,5907,,,,
NYC,hour,2023-02-13 17:00:00,2023-02-13,17,0,0,winter,7750,,,,
NYC,hour,2023-02-13 18:00:00,2023-02-13,18,0,0,winter,6741,,,,
NYC,hour,2023-02-13 19:00:00,2023-02-13,19,0,0,winter,4475,,,,
NYC,hour,2023-02-13 20:00:00,2023-02-13,20,0,0,winter,3178,,,,
NYC,hour,2023-02-13 21:00:00,2023-02-13,21,0,0,winter,2064,,,,
NYC,hour,2023-02-13 22:00:00,2023-02-13,22,0,0,winter,1580,,,,
NYC,hour,2023-02-13 23:00:00,2023-02-13,23,0,0,winter,882,,,,
NYC,hour,2023-02-14 00:00:00,2023-02-14,0,1,0,winter,516,,,,
NYC,hour,2023-02-14 01:00:00,2023-02-14,1,1,0,winter,239,,,,
NYC,hour,2023-02-14 02:00:00,2023-02-14,2,1,0,winter,163,,,,
NYC,hour,2023-02-14 03:00:00,2023-02-14,3,1,0,winter,107,,,,
NYC,hour,2023-02-14 04:00:00,2023-02-14,4,1,0,winter,168,,,,
NYC,hour,2023-02-14 05:00:00,2023-02-14,5,1,0,winter,690,,,,
NYC,hour,2023-02-14 06:00:00,2023-02-14,6,1,0,winter,2157,,,,
NYC,hour,2023-02-14 07:00:00,2023-02-14,7,1,0,winter,4728,,,,
NYC,hour,2023-02-14 08:00:00,2023-02-14,8,1,0,winter,6870,,,,
NYC,hour,2023-02-14 09:00:00,2023-02-14,9,1,0,winter,4616,,,,
NYC,hour,2023-02-14 10:00:00,2023-02-14,10,1,0,winter,3155,,,,
NYC,hour,2023-02-14 11:00:00,2023-02-14,11,1,0,winter,3099,,,,
NYC,hour,2023-02-14 12:00:00,2023-02-14,12,1,0,winter,3790,,,,
NYC,hour,2023-02-14 13:00:00,2023-02-14,13,1,0,winter,3989,,,,
NYC,hour,2023-02-14 14:00:00,2023-02-14,14,1,0,winter,4441,,,,
NYC,hour,2023-02-14 15:00:00,2023-02-14,15,1,0,winter,5274,,,,
NYC,hour,2023-02-14 16:00:00,2023-02-14,16,1,0,winter,6550,,,,
NYC,hour,2023-02-14 17:00:00,2023-02-14,17,1,0,winter,8598,,,,
NYC,hour,2023-02-14 18:00:00,2023-02-14,18,1,0,winter,6827,,,,
NYC,hour,2023-02-14 19:00:00,2023-02-14,19,1,0,winter,4550,,,,
NYC,hour,2023-02-14 20:00:00,2023-02-14,20,1,0,winter,2936,,,,
NYC,hour,2023-02-14 21:00:00,2023-02-14,21,1,0,winter,2035,,,,
NYC,hour,2023-02-14 22:00:00,2023-02-14,22,1,0,winter,1623,,,,
NYC,hour,2023-02-14 23:00:00,2023-02-14,23,1,0,winter,1100,,,,
NYC,hour,2023-02-15 00:00:00,2023-02-15,0,2,0,winter,643,,,,
NYC,hour,2023-02-15 01:00:00,2023-02-15,1,2,0,winter,341,,,,
NYC,hour,2023-02-15 02:00:00,2023-02-15,2,2,0,winter,179,,,,
NYC,hour,2023-02-15 03:00:00,2023-02-15,3,2,0,winter,120,,,,
NYC,hour,2023-02-15 04:00:00,2023-02-15,4,2,0,winter,201,,,,
NYC,hour,2023-02-15 05:00:00,2023-02-15,5,2,0,winter,693,,,,
NYC,hour,2023-02-15 06:00:00,2023-02-15,6,2,0,winter,2204,,,,
NYC,hour,2023-02-15 07:00:00,2023-02-15,7,2,0,winter,4891,,,,
NYC,hour,2023-02-15 08:00:00,2023-02-15,8,2,0,winter,7275,,,,
NYC,hour,2023-02-15 09:00:00,2023-02-15,9,2,0,winter,5028,,,,
NYC,hour,2023-02-15 10:00:00,2023-02-15,10,2,0,winter,3435,,,,
NYC,hour,2023-02-15 11:00:00,2023-02-15,11,2,0,winter,3396,,,,
NYC,hour,2023-02-15 12:00:00,2023-02-15,12,2,0,winter,3971,,,,
NYC,hour,2023-02-15 13:00:00,2023-02-15,13,2,0,winter,4295,,,,
NYC,hour,2023-02-15 14:00:00,2023-02-15,14,2,0,winter,5158,,,,
NYC,hour,2023-02-15 15:00:00,2023-02-15,15,2,0,winter,6042,,,,
NYC,hour,2023-02-15 16:00:00,2023-02-15,16,2,0,winter,7130,,,,
NYC,hour,2023-02-15 17:00:00,2023-02-15,17,2,0,winter,9739,,,,
NYC,hour,2023-02-15 18:00:00,2023-02-15,18,2,0,winter,8111,,,,
NYC,hour,2023-02-15 19:00:00,2023-02-15,19,2,0,winter,5349,,,,
NYC,hour,2023-02-15 20:00:00,2023-02-15,20,2,0,winter,4071,,,,
NYC,hour,2023-02-15 21:00:00,2023-02-15,21,2,0,winter,2953,,,,
NYC,hour,2023-02-15 22:00:00,2023-02-15,22,2,0,winter,2361,,,,
NYC,hour,2023-02-15 23:00:00,2023-02-15,23,2,0,winter,1454,,,,
NYC,hour,2023-02-16 00:00:00,2023-02-16,0,3,0,winter,775,,,,
NYC,hour,2023-02-16 01:00:00,2023-02-16,1,3,0,winter,390,,,,
NYC,hour,2023-02-16 02:00:00,2023-02-16,2,3,0,winter,223,,,,
NYC,hour,2023-02-16 03:00:00,2023-02-16,3,3,0,winter,167,,,,
NYC,hour,2023-02-16 04:00:00,2023-02-16,4,3,0,winter,235,,,,
NYC,hour,2023-02-16 05:00:00,2023-02-16,5,3,0,winter,715,,,,
NYC,hour,2023-02-16 06:00:00,2023-02-16,6,3,0,winter,2172,,,,
NYC,hour,2023-02-16 07:00:00,2023-02-16,7,3,0,winter,5171,,,,
NYC,hour,2023-02-16 08:00:00,2023-02-16,8,3,0,winter,7451,,,,
NYC,hour,2023-02-16 09:00:00,2023-02-16,9,3,0,winter,5210,,,,
NYC,hour,2023-02-16 10:00:00,2023-02-16,10,3,0,winter,3583,,,,
NYC,hour,2023-02-16 11:00:00,2023-02-16,11,3,0,winter,3610,,,,
NYC,hour,2023-02-16 12:00:00,2023-02-16,12,3,0,winter,4008,,,,
NYC,hour,2023-02-16 13:00:00,2023-02-16,13,3,0,winter,4335,,,,
NYC,hour,2023-02-16 14:00:00,2023-02-16,14,3,0,winter,3951,,,,
NYC,hour,2023-02-16 15:00:00,2023-02-16,15,3,0,winter,2371,,,,
NYC,hour,2023-02-16 16:00:00,2023-02-16,16,3,0,winter,2690,,,,
NYC,hour,2023-02-16 17:00:00,2023-02-16,17,3,0,winter,6093,,,,
NYC,hour,2023-02-16 18:00:00,2023-02-16,18,3,0,winter,6421,,,,
NYC,hour,2023-02-16 19:00:00,2023-02-16,19,3,0,winter,4963,,,,
NYC,hour,2023-02-16 20:00:00,2023-02-16,20,3,0,winter,3553,,,,
NYC,hour,2023-02-16 21:00:00,2023-02-16,21,3,0,winter,2755,,,,
NYC,hour,2023-02-16 22:00:00,2023-02-16,22,3,0,winter,2169,,,,
NYC,hour,2023-02-16 23:00:00,2023-02-16,23,3,0,winter,1611,,,,
NYC,hour,2023-02-17 00:00:00,2023-02-17,0,4,0,winter,1032,,,,
NYC,hour,2023-02-17 01:00:00,2023-02-17,1,4,0,winter,584,,,,
NYC,hour,2023-02-17 02:00:00,2023-02-17,2,4,0,winter,344,,,,
NYC,hour,2023-02-17 03:00:00,2023-02-17,3,4,0,winter,241,,,,
NYC,hour,2023-02-17 04:00:00,2023-02-17,4,4,0,winter,249,,,,
NYC,hour,2023-02-17 05:00:00,2023-02-17,5,4,0,winter,660,,,,
NYC,hour,2023-02-17 06:00:00,2023-02-17,6,4,0,winter,1767,,,,
NYC,hour,2023-02-17 07:00:00,2023-02-17,7,4,0,winter,2947,,,,
NYC,hour,2023-02-17 08:00:00,2023-02-17,8,4,0,winter,3643,,,,
NYC,hour,2023-02-17 09:00:00,2023-02-17,9,4,0,winter,1511,,,,
NYC,hour,2023-02-17 10:00:00,2023-02-17,10,4,0,winter,1724,,,,
NYC,hour,2023-02-17 11:00:00,2023-02-17,11,4,0,winter,2503,,,,
NYC,hour,2023-02-17 12:00:00,2023-02-17,12,4,0,winter,3064,,,,
NYC,hour,2023-02-17 13:00:00,2023-02-17,13,4,0,winter,1902,,,,
NYC,hour,2023-02-17 14:00:00,2023-02-17,14,4,0,winter,3412,,,,
NYC,hour,2023-02-17 15:00:00,2023-02-17,15,4,0,winter,4117,,,,
NYC,hour,2023-02-17 16:00:00,2023-02-17,16,4,0,winter,3891,,,,
NYC,hour,2023-02-17 17:00:00,2023-02-17,17,4,0,winter,3704,,,,
NYC,hour,2023-02-17 18:00:00,2023-02-17,18,4,0,winter,3690,,,,
NYC,hour,2023-02-17 19:00:00,2023-02-17,19,4,0,winter,2991,,,,
NYC,hour,2023-02-17 20:00:00,2023-02-17,20,4,0,winter,2045,,,,
NYC,hour,2023-02-17 21:00:00,2023-02-17,21,4,0,winter,1458,,,,
NYC,hour,2023-02-17 22:00:00,2023-02-17,22,4,0,winter,1166,,,,
NYC,hour,2023-02-17 23:00:00,2023-02-17,23,4,0,winter,941,,,,
NYC,hour,2023-02-18 00:00:00,2023-02-18,0,5,1,winter,781,,,,
NYC,hour,2023-02-18 01:00:00,2023-02-18,1,5,1,winter,506,,,,
NYC,hour,2023-02-18 02:00:00,2023-02-18,2,5,1,winter,340,,,,
NYC,hour,2023-02-18 03:00:00,2023-02-18,3,5,1,winter,227,,,,
NYC,hour,2023-02-18 04:00:00,2023-02-18,4,5,1,winter,152,,,,
NYC,hour,2023-02-18 05:00:00,2023-02-18,5,5,1,winter,177,,,,
NYC,hour,2023-02-18 06:00:00,2023-02-18,6,5,1,winter,443,,,,
NYC,hour,2023-02-18 07:00:00,2023-02-18,7,5,1,winter,829,,,,
NYC,hour,2023-02-18 08:00:00,2023-02-18,8,5,1,winter,1522,,,,
NYC,hour,2023-02-18 09:00:00,2023-02-18,9,5,1,winter,2221,,,,
NYC,hour,2023-02-18 10:00:00,2023-02-18,10,5,1,winter,2935,,,,
NYC,hour,2023-02-18 11:00:00,2023-02-18,11,5,1,winter,3614,,,,
NYC,hour,2023-02-18 12:00:00,2023-02-18,12,5,1,winter,4050,,,,
NYC,hour,2023-02-18 13:00:00,2023-02-18,13,5,1,winter,4360,,,,
NYC,hour,2023-02-18 14:00:00,2023-02-18,14,5,1,winter,4546,,,,
NYC,hour,2023-02-18 15:00:00,2023-02-18,15,5,1,winter,4769,,,,
NYC,hour,2023-02-18 16:00:00,2023-02-18,16,5,1,winter,4505,,,,
NYC,hour,2023-02-18 17:00:00,2023-02-18,17,5,1,winter,3967,,,,
NYC,hour,2023-02-18 18:00:00,2023-02-18,18,5,1,winter,3332,,,,
NYC,hour,2023-02-18 19:00:00,2023-02-18,19,5,1,winter,2662,,,,
NYC,hour,2023-02-18 20:00:00,2023-02-18,20,5,1,winter,2039,,,,
NYC,hour,2023-02-18 21:00:00,2023-02-18,21,5,1,winter,1483,,,,
NYC,hour,2023-02-18 22:00:00,2023-02-18,22,5,1,winter,1384,,,,
NYC,hour,2023-02-18 23:00:00,2023-02-18,23,5,1,winter,1281,,,,
NYC,hour,2023-02-19 00:00:00,2023-02-19,0,6,1,winter,967,,,,
NYC,hour,2023-02-19 01:00:00,2023-02-19,1,6,1,winter,700,,,,
NYC,hour,2023-02-19 02:00:00,2023-02-19,2,6,1,winter,438,,,,
NYC,hour,2023-02-19 03:00:00,2023-02-19,3,6,1,winter,369,,,,
NYC,hour,2023-02-19 04:00:00,2023-02-19,4,6,1,winter,248,,,,
NYC,hour,2023-02-19 05:00:00,2023-02-19,5,6,1,winter,195,,,,
NYC,hour,2023-02-19 06:00:00,2023-02-19,6,6,1,winter,396,,,,
NYC,hour,2023-02-19 07:00:00,2023-02-19,7,6,1,winter,703,,,,
NYC,hour,2023-02-19 08:00:00,2023-02-19,8,6,1,winter,1336,,,,
NYC,hour,2023-02-19 09:00:00,2023-02-19,9,6,1,winter,2182,,,,
NYC,hour,2023-02-19 10:00:00,2023-02-19,10,6,1,winter,2974,,,,
NYC,hour,2023-02-19 11:00:00,2023-02-19,11,6,1,winter,3704,,,,
NYC,hour,2023-02-19 12:00:00,2023-02-19,12,6,1,winter,4003,,,,
NYC,hour,2023-02-19 13:00:00,2023-02-19,13,6,1,winter,4309,,,,
NYC,hour,2023-02-19 14:00:00,2023-02-19,14,6,1,winter,4274,,,,
NYC,hour,2023-02-19 15:00:00,2023-02-19,15,6,1,winter,4633,,,,
NYC,hour,2023-02-19 16:00:00,2023-02-19,16,6,1,winter,4371,,,,
NYC,hour,2023-02-19 17:00:00,2023-02-19,17,6,1,winter,3725,,,,
NYC,hour,2023-02-19 18:00:00,2023-02-19,18,6,1,winter,3119,,,,
NYC,hour,2023-02-19 19:00:00,2023-02-19,19,6,1,winter,2497,,,,
NYC,hour,2023-02-19 20:00:00,2023-02-19,20,6,1,winter,1970,,,,
NYC,hour,2023-02-19 21:00:00,2023-02-19,21,6,1,winter,1646,,,,
NYC,hour,2023-02-19 22:00:00,2023-02-19,22,6,1,winter,1412,,,,
NYC,hour,2023-02-19 23:00:00,2023-02-19,23,6,1,winter,1138,,,,
NYC,hour,2023-02-20 00:00:00,2023-02-20,0,0,0,winter,798,,,,
NYC,hour,2023-02-20 01:00:00,2023-02-20,1,0,0,winter,473,,,,
NYC,hour,2023-02-20 02:00:00,2023-02-20,2,0,0,winter,316,,,,
NYC,hour,2023-02-20 03:00:00,2023-02-20,3,0,0,winter,184,,,,
NYC,hour,2023-02-20 04:00:00,2023-02-20,4,0,0,winter,200,,,,
NYC,hour,2023-02-20 05:00:00,2023-02-20,5,0,0,winter,345,,,,
NYC,hour,2023-02-20 06:00:00,2023-02-20,6,0,0,winter,792,,,,
NYC,hour,2023-02-20 07:00:00,2023-02-20,7,0,0,winter,1411,,,,
NYC,hour,2023-02-20 08:00:00,2023-02-20,8,0,0,winter,2413,,,,
NYC,hour,2023-02-20 09:00:00,2023-02-20,9,0,0,winter,2751,,,,
NYC,hour,2023-02-20 10:00:00,2023-02-20,10,0,0,winter,3122,,,,
NYC,hour,2023-02-20 11:00:00,2023-02-20,11,0,0,winter,3811,,,,
NYC,hour,2023-02-20 12:00:00,2023-02-20,12,0,0,winter,4544,,,,
NYC,hour,2023-02-20 13:00:00,2023-02-20,13,0,0,winter,5332,,,,
NYC,hour,2023-02-20 14:00:00,2023-02-20,14,0,0,winter,6436,,,,
NYC,hour,2023-02-20 15:00:00,2023-02-20,15,0,0,winter,6809,,,,
NYC,hour,2023-02-20 16:00:00,2023-02-20,16,0,0,winter,6562,,,,
NYC,hour,2023-02-20 17:00:00,2023-02-20,17,0,0,winter,6658,,,,
NYC,hour,2023-02-20 18:00:00,2023-02-20,18,0,0,winter,5439,,,,
NYC,hour,2023-02-20 19:00:00,2023-02-20,19,0,0,winter,4136,,,,
NYC,hour,2023-02-20 20:00:00,2023-02-20,20,0,0,winter,3016,,,,
NYC,hour,2023-02-20 21:00:00,2023-02-20,21,0,0,winter,2423,,,,
NYC,hour,2023-02-20 22:00:00,2023-02-20,22,0,0,winter,1763,,,,
NYC,hour,2023-02-20 23:00:00,2023-02-20,23,0,0,winter,1147,,,,
NYC,hour,2023-02-21 00:00:00,2023-02-21,0,1,0,winter,618,,,,
NYC,hour,2023-02-21 01:00:00,2023-02-21,1,1,0,winter,319,,,,
NYC,hour,2023-02-21 02:00:00,2023-02-21,2,1,0,winter,142,,,,
NYC,hour,2023-02-21 03:00:00,2023-02-21,3,1,0,winter,56,,,,
NYC,hour,2023-02-21 04:00:00,2023-02-21,4,1,0,winter,82,,,,
NYC,hour,2023-02-21 05:00:00,2023-02-21,5,1,0,winter,343,,,,
NYC,hour,2023-02-21 06:00:00,2023-02-21,6,1,0,winter,1023,,,,
NYC,hour,2023-02-21 07:00:00,2023-02-21,7,1,0,winter,2765,,,,
NYC,hour,2023-02-21 08:00:00,2023-02-21,8,1,0,winter,4639,,,,
NYC,hour,2023-02-21 09:00:00,2023-02-21,9,1,0,winter,3626,,,,
NYC,hour,2023-02-21 10:00:00,2023-02-21,10,1,0,winter,2445,,,,
NYC,hour,2023-02-21 11:00:00,2023-02-21,11,1,0,winter,2619,,,,
NYC,hour,2023-02-21 12:00:00,2023-02-21,12,1,0,winter,2920,,,,
NYC,hour,2023-02-21 13:00:00,2023-02-21,13,1,0,winter,3251,,,,
NYC,hour,2023-02-21 14:00:00,2023-02-21,14,1,0,winter,3409,,,,
NYC,hour,2023-02-21 15:00:00,2023-02-21,15,1,0,winter,3544,,,,
NYC,hour,2023-02-21 16:00:00,2023-02-21,16,1,0,winter,3286,,,,
NYC,hour,2023-02-21 17:00:00,2023-02-21,17,1,0,winter,4676,,,,
NYC,hour,2023-02-21 18:00:00,2023-02-21,18,1,0,winter,4869,,,,
NYC,hour,2023-02-21 19:00:00,2023-02-21,19,1,0,winter,3943,,,,
NYC,hour,2023-02-21 20:00:00,2023-02-21,20,1,0,winter,2778,,,,
NYC,hour,2023-02-21 21:00:00,2023-02-21,21,1,0,winter,2154,,,,
NYC,hour,2023-02-21 22:00:00,2023-02-21,22,1,0,winter,1727,,,,
NYC,hour,2023-02-21 23:00:00,2023-02-21,23,1,0,winter,991,,,,
NYC,hour,2023-02-22 00:00:00,2023-02-22,0,2,0,winter,576,,,,
NYC,hour,2023-02-22 01:00:00,2023-02-22,1,2,0,winter,278,,,,
NYC,hour,2023-02-22 02:00:00,2023-02-22,2,2,0,winter,167,,,,
NYC,hour,2023-02-22 03:00:00,2023-02-22,3,2,0,winter,105,,,,
NYC,hour,2023-02-22 04:00:00,2023-02-22,4,2,0,winter,187,,,,
NYC,hour,2023-02-22 05:00:00,2023-02-22,5,2,0,winter,668,,,,
NYC,hour,2023-02-22 06:00:00,2023-02-22,6,2,0,winter,1926,,,,
NYC,hour,2023-02-22 07:00:00,2023-02-22,7,2,0,winter,3987,,,,
NYC,hour,2023-02-22 08:00:00,2023-02-22,8,2,0,winter,6112,,,,
NYC,hour,2023-02-22 09:00:00,2023-02-22,9,2,0,winter,4433,,,,
NYC,hour,2023-02-22 10:00:00,2023-02-22,10,2,0,winter,2933,,,,
NYC,hour,2023-02-22 11:00:00,2023-02-22,11,2,0,winter,2917,,,,
NYC,hour,2023-02-22 12:00:00,2023-02-22,12,2,0,winter,3211,,,,
NYC,hour,2023-02-22 13:00:00,2023-02-22,13,2,0,winter,2683,,,,
NYC,hour,2023-02-22 14:00:00,2023-02-22,14,2,0,winter,1790,,,,
NYC,hour,2023-02-22 15:00:00,2023-02-22,15,2,0,winter,1298,,,,
NYC,hour,2023-02-22 16:00:00,2023-02-22,16,2,0,winter,1511,,,,
NYC,hour,2023-02-22 17:00:00,2023-02-22,17,2,0,winter,4218,,,,
NYC,hour,2023-02-22 18:00:00,2023-02-22,18,2,0,winter,4684,,,,
NYC,hour,2023-02-22 19:00:00,2023-02-22,19,2,0,winter,3562,,,,
NYC,hour,2023-02-22 20:00:00,2023-02-22,20,2,0,winter,2575,,,,
NYC,hour,2023-02-22 21:00:00,2023-02-22,21,2,0,winter,2011,,,,
NYC,hour,2023-02-22 22:00:00,2023-02-22,22,2,0,winter,1576,,,,
NYC,hour,2023-02-22 23:00:00,2023-02-22,23,2,0,winter,1022,,,,
NYC,hour,2023-02-23 00:00:00,2023-02-23,0,3,0,winter,573,,,,
NYC,hour,2023-02-23 01:00:00,2023-02-23,1,3,0,winter,240,,,,
NYC,hour,2023-02-23 02:00:00,2023-02-23,2,3,0,winter,150,,,,
NYC,hour,2023-02-23 03:00:00,2023-02-23,3,3,0,winter,84,,,,
NYC,hour,2023-02-23 04:00:00,2023-02-23,4,3,0,winter,135,,,,
NYC,hour,2023-02-23 05:00:00,2023-02-23,5,3,0,winter,587,,,,
NYC,hour,2023-02-23 06:00:00,2023-02-23,6,3,0,winter,1691,,,,
NYC,hour,2023-02-23 07:00:00,2023-02-23,7,3,0,winter,3342,,,,
NYC,hour,2023-02-23 08:00:00,2023-02-23,8,3,0,winter,5116,,,,
NYC,hour,2023-02-23 09:00:00,2023-02-23,9,3,0,winter,4051,,,,
NYC,hour,2023-02-23 10:00:00,2023-02-23,10,3,0,winter,2847,,,,
NYC,hour,2023-02-23 11:00:00,2023-02-23,11,3,0,winter,2678,,,,
NYC,hour,2023-02-23 12:00:00,2023-02-23,12,3,0,winter,2977,,,,
NYC,hour,2023-02-23 13:00:00,2023-02-23,13,3,0,winter,3237,,,,
NYC,hour,2023-02-23 14:00:00,2023-02-23,14,3,0,winter,3390,,,,
NYC,hour,2023-02-23 15:00:00,2023-02-23,15,3,0,winter,3837,,,,
NYC,hour,2023-02-23 16:00:00,2023-02-23,16,3,0,winter,4622,,,,
NYC,hour,2023-02-23 17:00:00,2023-02-23,17,3,0,winter,6653,,,,
NYC,hour,2023-02-23 18:00:00,2023-02-23,18,3,0,winter,6107,,,,
NYC,hour,2023-02-23 19:00:00,2023-02-23,19,3,0,winter,4639,,,,
NYC,hour,2023-02-23 20:00:00,2023-02-23,20,3,0,winter,3080,,,,
NYC,hour,2023-02-23 21:00:00,2023-02-23,21,3,0,winter,2412,,,,
NYC,hour,2023-02-23 22:00:00,2023-02-23,22,3,0,winter,1878,,,,
NYC,hour,2023-02-23 23:00:00,2023-02-23,23,3,0,winter,1269,,,,
NYC,hour,2023-02-24 00:00:00,2023-02-24,0,4,0,winter,734,,,,
NYC,hour,2023-02-24 01:00:00,2023-02-24,1,4,0,winter,371,,,,
NYC,hour,2023-02-24 02:00:00,2023-02-24,2,4,0,winter,247,,,,
NYC,hour,2023-02-24 03:00:00,2023-02-24,3,4,0,winter,170,,,,
NYC,hour,2023-02-24 04:00:00,2023-02-24,4,4,0,winter,216,,,,
NYC,hour,2023-02-24 05:00:00,2023-02-24,5,4,0,winter,594,,,,
NYC,hour,2023-02-24 06:00:00,2023-02-24,6,4,0,winter,1721,,,,
NYC,hour,2023-02-24 07:00:00,2023-02-24,7,4,0,winter,3096,,,,
NYC,hour,2023-02-24 08:00:00,2023-02-24,8,4,0,winter,4535,,,,
NYC,hour,2023-02-24 09:00:00,2023-02-24,9,4,0,winter,3754,,,,
NYC,hour,2023-02-24 10:00:00,2023-02-24,10,4,0,winter,2911,,,,
NYC,hour,2023-02-24 11:00:00,2023-02-24,11,4,0,winter,2945,,,,
NYC,hour,2023-02-24 12:00:00,2023-02-24,12,4,0,winter,3418,,,,
NYC,hour,2023-02-24 13:00:00,2023-02-24,13,4,0,winter,3569,,,,
NYC,hour,2023-02-24 14:00:00,2023-02-24,14,4,0,winter,3668,,,,
NYC,hour,2023-02-24 15:00:00,2023-02-24,15,4,0,winter,4077,,,,
NYC,hour,2023-02-24 16:00:00,2023-02-24,16,4,0,winter,4474,,,,
NYC,hour,2023-02-24 17:00:00,2023-02-24,17,4,0,winter,5444,,,,
NYC,hour,2023-02-24 18:00:00,2023-02-24,18,4,0,winter,4558,,,,
NYC,hour,2023-02-24 19:00:00,2023-02-24,19,4,0,winter,3312,,,,
NYC,hour,2023-02-24 20:00:00,2023-02-24,20,4,0,winter,2054,,,,
NYC,hour,2023-02-24 21:00:00,2023-02-24,21,4,0,winter,1495,,,,
NYC,hour,2023-02-24 22:00:00,2023-02-24,22,4,0,winter,1205,,,,
NYC,hour,2023-02-24 23:00:00,2023-02-24,23,4,0,winter,1035,,,,
NYC,hour,2023-02-25 00:00:00,2023-02-25,0,5,1,winter,744,,,,
NYC,hour,2023-02-25 01:00:00,2023-02-25,1,5,1,winter,557,,,,
NYC,hour,2023-02-25 02:00:00,2023-02-25,2,5,1,winter,386,,,,
NYC,hour,2023-02-25 03:00:00,2023-02-25,3,5,1,winter,223,,,,
NYC,hour,2023-02-25 04:00:00,2023-02-25,4,5,1,winter,174,,,,
NYC,hour,2023-02-25 05:00:00,2023-02-25,5,5,1,winter,178,,,,
NYC,hour,2023-02-25 06:00:00,2023-02-25,6,5,1,winter,458,,,,
NYC,hour,2023-02-25 07:00:00,2023-02-25,7,5,1,winter,839,,,,
NYC,hour,2023-02-25 08:00:00,2023-02-25,8,5,1,winter,1572,,,,
NYC,hour,2023-02-25 09:00:00,2023-02-25,9,5,1,winter,2242,,,,
NYC,hour,2023-02-25 10:00:00,2023-02-25,10,5,1,winter,2424,,,,
NYC,hour,2023-02-25 11:00:00,2023-02-25,11,5,1,winter,2920,,,,
NYC,hour,2023-02-25 12:00:00,2023-02-25,12,5,1,winter,3116,,,,
NYC,hour,2023-02-25 13:00:00,2023-02-25,13,5,1,winter,3344,,,,
NYC,hour,2023-02-25 14:00:00,2023-02-25,14,5,1,winter,3284,,,,
NYC,hour,2023-02-25 15:00:00,2023-02-25,15,5,1,winter,3377,,,,
NYC,hour,2023-02-25 16:00:00,2023-02-25,16,5,1,winter,3287,,,,
NYC,hour,2023-02-25 17:00:00,2023-02-25,17,5,1,winter,3113,,,,
NYC,hour,2023-02-25 18:00:00,2023-02-25,18,5,1,winter,2797,,,,
NYC,hour,2023-02-25 19:00:00,2023-02-25,19,5,1,winter,2522,,,,
NYC,hour,2023-02-25 20:00:00,2023-02-25,20,5,1,winter,1814,,,,
NYC,hour,2023-02-25 21:00:00,2023-02-25,21,5,1,winter,1455,,,,
NYC,hour,2023-02-25 22:00:00,2023-02-25,22,5,1,winter,1306,,,,
NYC,hour,2023-02-25 23:00:00,2023-02-25,23,5,1,winter,1193,,,,
NYC,hour,2023-02-26 00:00:00,2023-02-26,0,6,1,winter,976,,,,
NYC,hour,2023-02-26 01:00:00,2023-02-26,1,6,1,winter,694,,,,
NYC,hour,2023-02-26 02:00:00,2023-02-26,2,6,1,winter,426,,,,
NYC,hour,2023-02-26 03:00:00,2023-02-26,3,6,1,winter,381,,,,
NYC,hour,2023-02-26 04:00:00,2023-02-26,4,6,1,winter,217,,,,
NYC,hour,2023-02-26 05:00:00,2023-02-26,5,6,1,winter,179,,,,
NYC,hour,2023-02-26 06:00:00,2023-02-26,6,6,1,winter,395,,,,
NYC,hour,2023-02-26 07:00:00,2023-02-26,7,6,1,winter,731,,,,
NYC,hour,2023-02-26 08:00:00,2023-02-26,8,6,1,winter,1294,,,,
NYC,hour,2023-02-26 09:00:00,2023-02-26,9,6,1,winter,2092,,,,
NYC,hour,2023-02-26 10:00:00,2023-02-26,10,6,1,winter,2772,,,,
NYC,hour,2023-02-26 11:00:00,2023-02-26,11,6,1,winter,3342,,,,
NYC,hour,2023-02-26 12:00:00,2023-02-26,12,6,1,winter,3788,,,,
NYC,hour,2023-02-26 13:00:00,2023-02-26,13,6,1,winter,4461,,,,
NYC,hour,2023-02-26 14:00:00,2023-02-26,14,6,1,winter,4755,,,,
NYC,hour,2023-02-26 15:00:00,2023-02-26,15,6,1,winter,5281,,,,
NYC,hour,2023-02-26 16:00:00,2023-02-26,16,6,1,winter,5368,,,,
NYC,hour,2023-02-26 17:00:00,2023-02-26,17,6,1,winter,4789,,,,
NYC,hour,2023-02-26 18:00:00,2023-02-26,18,6,1,winter,3894,,,,
NYC,hour,2023-02-26 19:00:00,2023-02-26,19,6,1,winter,2908,,,,
NYC,hour,2023-02-26 20:00:00,2023-02-26,20,6,1,winter,2198,,,,
NYC,hour,2023-02-26 21:00:00,2023-02-26,21,6,1,winter,1638,,,,
NYC,hour,2023-02-26 22:00:00,2023-02-26,22,6,1,winter,1252,,,,
NYC,hour,2023-02-26 23:00:00,2023-02-26,23,6,1,winter,846,,,,
NYC,hour,2023-02-27 00:00:00,2023-02-27,0,0,0,winter,430,,,,
NYC,hour,2023-02-27 01:00:00,2023-02-27,1,0,0,winter,242,,,,
NYC,hour,2023-02-27 02:00:00,2023-02-27,2,0,0,winter,148,,,,
NYC,hour,2023-02-27 03:00:00,2023-02-27,3,0,0,winter,127,,,,
NYC,hour,2023-02-27 04:00:00,2023-02-27,4,0,0,winter,144,,,,
NYC,hour,2023-02-27 05:00:00,2023-02-27,5,0,0,winter,651,,,,
NYC,hour,2023-02-27 06:00:00,2023-02-27,6,0,0,winter,1811,,,,
NYC,hour,2023-02-27 07:00:00,2023-02-27,7,0,0,winter,4014,,,,
NYC,hour,2023-02-27 08:00:00,2023-02-27,8,0,0,winter,5727,,,,
NYC,hour,2023-02-27 09:00:00,2023-02-27,9,0,0,winter,3617,,,,
NYC,hour,2023-02-27 10:00:00,2023-02-27,10,0,0,winter,2631,,,,
NYC,hour,2023-02-27 11:00:00,2023-02-27,11,0,0,winter,2631,,,,
NYC,hour,2023-02-27 12:00:00,2023-02-27,12,0,0,winter,3071,,,,
NYC,hour,2023-02-27 13:00:00,2023-02-27,13,0,0,winter,3387,,,,
NYC,hour,2023-02-27 14:00:00,2023-02-27,14,0,0,winter,3823,,,,
NYC,hour,2023-02-27 15:00:00,2023-02-27,15,0,0,winter,4172,,,,
NYC,hour,2023-02-27 16:00:00,2023-02-27,16,0,0,winter,4815,,,,
NYC,hour,2023-02-27 17:00:00,2023-02-27,17,0,0,winter,6427,,,,
NYC,hour,2023-02-27 18:00:00,2023-02-27,18,0,0,winter,5138,,,,
NYC,hour,2023-02-27 19:00:00,2023-02-27,19,0,0,winter,2886,,,,
NYC,hour,2023-02-27 20:00:00,2023-02-27,20,0,0,winter,1284,,,,
NYC,hour,2023-02-27 21:00:00,2023-02-27,21,0,0,winter,569,,,,
NYC,hour,2023-02-27 22:00:00,2023-02-27,22,0,0,winter,419,,,,
NYC,hour,2023-02-27 23:00:00,2023-02-27,23,0,0,winter,223,,,,
NYC,hour,2023-02-28 00:00:00,2023-02-28,0,1,0,winter,99,,,,
NYC,hour,2023-02-28 01:00:00,2023-02-28,1,1,0,winter,58,,,,
NYC,hour,2023-02-28 02:00:00,2023-02-28,2,1,0,winter,40,,,,
NYC,hour,2023-02-28 03:00:00,2023-02-28,3,1,0,winter,38,,,,
NYC,hour,2023-02-28 04:00:00,2023-02-28,4,1,0,winter,61,,,,
NYC,hour,2023-02-28 05:00:00,2023-02-28,5,1,0,winter,292,,,,
NYC,hour,2023-02-28 06:00:00,2023-02-28,6,1,0,winter,885,,,,
NYC,hour,2023-02-28 07:00:00,2023-02-28,7,1,0,winter,1770,,,,
NYC,hour,2023-02-28 08:00:00,2023-02-28,8,1,0,winter,2519,,,,
NYC,hour,2023-02-28 09:00:00,2023-02-28,9,1,0,winter,1866,,,,
NYC,hour,2023-02-28 10:00:00,2023-02-28,10,1,0,winter,1309,,,,
NYC,hour,2023-02-28 11:00:00,2023-02-28,11,1,0,winter,1249,,,,
NYC,hour,2023-02-28 12:00:00,2023-02-28,12,1,0,winter,1416,,,,
NYC,hour,2023-02-28 13:00:00,2023-02-28,13,1,0,winter,1571,,,,
NYC,hour,2023-02-28 14:00:00,2023-02-28,14,1,0,winter,1897,,,,
NYC,hour,2023-02-28 15:00:00,2023-02-28,15,1,0,winter,2468,,,,
NYC,hour,2023-02-28 16:00:00,2023-02-28,16,1,0,winter,3398,,,,
NYC,hour,2023-02-28 17:00:00,2023-02-28,17,1,0,winter,4903,,,,
NYC,hour,2023-02-28 18:00:00,2023-02-28,18,1,0,winter,4665,,,,
NYC,hour,2023-02-28 19:00:00,2023-02-28,19,1,0,winter,3424,,,,
NYC,hour,2023-02-28 20:00:00,2023-02-28,20,1,0,winter,2424,,,,
NYC,hour,2023-02-28 21:00:00,2023-02-28,21,1,0,winter,1880,,,,
NYC,hour,2023-02-28 22:00:00,2023-02-28,22,1,0,winter,1532,,,,
NYC,hour,2023-02-28 23:00:00,2023-02-28,23,1,0,winter,915,,,,
NYC,hour,2023-03-01 00:00:00,2023-03-01,0,2,0,spring,504,,,,
NYC,hour,2023-03-01 01:00:00,2023-03-01,1,2,0,spring,249,,,,
NYC,hour,2023-03-01 02:00:00,2023-03-01,2,2,0,spring,143,,,,
NYC,hour,2023-03-01 03:00:00,2023-03-01,3,2,0,spring,111,,,,
NYC,hour,2023-03-01 04:00:00,2023-03-01,4,2,0,spring,160,,,,
NYC,hour,2023-03-01 05:00:00,2023-03-01,5,2,0,spring,661,,,,
NYC,hour,2023-03-01 06:00:00,2023-03-01,6,2,0,spring,1927,,,,
NYC,hour,2023-03-01 07:00:00,2023-03-01,7,2,0,spring,4403,,,,
NYC,hour,2023-03-01 08:00:00,2023-03-01,8,2,0,spring,6488,,,,
NYC,hour,2023-03-01 09:00:00,2023-03-01,9,2,0,spring,4581,,,,
NYC,hour,2023-03-01 10:00:00,2023-03-01,10,2,0,spring,3095,,,,
NYC,hour,2023-03-01 11:00:00,2023-03-01,11,2,0,spring,3008,,,,
NYC,hour,2023-03-01 12:00:00,2023-03-01,12,2,0,spring,3241,,,,
NYC,hour,2023-03-01 13:00:00,2023-03-01,13,2,0,spring,3531,,,,
NYC,hour,2023-03-01 14:00:00,2023-03-01,14,2,0,spring,3833,,,,
NYC,hour,2023-03-01 15:00:00,2023-03-01,15,2,0,spring,4431,,,,
NYC,hour,2023-03-01 16:00:00,2023-03-01,16,2,0,spring,5051,,,,
NYC,hour,2023-03-01 17:00:00,2023-03-01,17,2,0,spring,7074,,,,
NYC,hour,2023-03-01 18:00:00,2023-03-01,18,2,0,spring,6363,,,,
NYC,hour,2023-03-01 19:00:00,2023-03-01,19,2,0,spring,4394,,,,
NYC,hour,2023-03-01 20:00:00,2023-03-01,20,2,0,spring,2833,,,,
NYC,hour,2023-03-01 21:00:00,2023-03-01,21,2,0,spring,1789,,,,
NYC,hour,2023-03-01 22:00:00,2023-03-01,22,2,0,spring,1421,,,,
NYC,hour,2023-03-01 23:00:00,2023-03-01,23,2,0,spring,954,,,,
NYC,hour,2023-03-02 00:00:00,2023-03-02,0,3,0,spring,511,,,,
NYC,hour,2023-03-02 01:00:00,2023-03-02,1,3,0,spring,265,,,,
NYC,hour,2023-03-02 02:00:00,2023-03-02,2,3,0,spring,165,,,,
NYC,hour,2023-03-02 03:00:00,2023-03-02,3,3,0,spring,112,,,,
NYC,hour,2023-03-02 04:00:00,2023-03-02,4,3,0,spring,169,,,,
NYC,hour,2023-03-02 05:00:00,2023-03-02,5,3,0,spring,676,,,,
NYC,hour,2023-03-02 06:00:00,2023-03-02,6,3,0,spring,1866,,,,
NYC,hour,2023-03-02 07:00:00,2023-03-02,7,3,0,spring,3799,,,,
NYC,hour,2023-03-02 08:00:00,2023-03-02,8,3,0,spring,5574,,,,
NYC,hour,2023-03-02 09:00:00,2023-03-02,9,3,0,spring,3981,,,,
NYC,hour,2023-03-02 10:00:00,2023-03-02,10,3,0,spring,2924,,,,
NYC,hour,2023-03-02 11:00:00,2023-03-02,11,3,0,spring,2803,,,,
NYC,hour,2023-03-02 12:00:00,2023-03-02,12,3,0,spring,3369,,,,
NYC,hour,2023-03-02 13:00:00,2023-03-02,13,3,0,spring,3699,,,,
NYC,hour,2023-03-02 14:00:00,2023-03-02,14,3,0,spring,4366,,,,
NYC,hour,2023-03-02 15:00:00,2023-03-02,15,3,0,spring,5306,,,,
NYC,hour,2023-03-02 16:00:00,2023-03-02,16,3,0,spring,5962,,,,
NYC,hour,2023-03-02 17:00:00,2023-03-02,17,3,0,spring,8011,,,,
NYC,hour,2023-03-02 18:00:00,2023-03-02,18,3,0,spring,6846,,,,
NYC,hour,2023-03-02 19:00:00,2023-03-02,19,3,0,spring,4765,,,,
NYC,hour,2023-03-02 20:00:00,2023-03-02,20,3,0,spring,3188,,,,
NYC,hour,2023-03-02 21:00:00,2023-03-02,21,3,0,spring,2323,,,,
NYC,hour,2023-03-02 22:00:00,2023-03-02,22,3,0,spring,1819,,,,
NYC,hour,2023-03-02 23:00:00,2023-03-02,23,3,0,spring,1263,,,,
NYC,hour,2023-03-03 00:00:00,2023-03-03,0,4,0,spring,703,,,,
NYC,hour,2023-03-03 01:00:00,2023-03-03,1,4,0,spring,375,,,,
NYC,hour,2023-03-03 02:00:00,2023-03-03,2,4,0,spring,223,,,,
NYC,hour,2023-03-03 03:00:00,2023-03-03,3,4,0,spring,174,,,,
NYC,hour,2023-03-03 04:00:00,2023-03-03,4,4,0,spring,188,,,,
NYC,hour,2023-03-03 05:00:00,2023-03-03,5,4,0,spring,626,,,,
NYC,hour,2023-03-03 06:00:00,2023-03-03,6,4,0,spring,1743,,,,
NYC,hour,2023-03-03 07:00:00,2023-03-03,7,4,0,spring,3756,,,,
NYC,hour,2023-03-03 08:00:00,2023-03-03,8,4,0,spring,5574,,,,
NYC,hour,2023-03-03 09:00:00,2023-03-03,9,4,0,spring,4094,,,,
NYC,hour,2023-03-03 10:00:00,2023-03-03,10,4,0,spring,3241,,,,
NYC,hour,2023-03-03 11:00:00,2023-03-03,11,4,0,spring,3356,,,,
NYC,hour,2023-03-03 12:00:00,2023-03-03,12,4,0,spring,3943,,,,
NYC,hour,2023-03-03 13:00:00,2023-03-03,13,4,0,spring,4179,,,,
NYC,hour,2023-03-03 14:00:00,2023-03-03,14,4,0,spring,4752,,,,
NYC,hour,2023-03-03 15:00:00,2023-03-03,15,4,0,spring,5003,,,,
NYC,hour,2023-03-03 16:00:00,2023-03-03,16,4,0,spring,5262,,,,
NYC,hour,2023-03-03 17:00:00,2023-03-03,17,4,0,spring,5959,,,,
NYC,hour,2023-03-03 18:00:00,2023-03-03,18,4,0,spring,4903,,,,
NYC,hour,2023-03-03 19:00:00,2023-03-03,19,4,0,spring,3457,,,,
NYC,hour,2023-03-03 20:00:00,2023-03-03,20,4,0,spring,1881,,,,
NYC,hour,2023-03-03 21:00:00,2023-03-03,21,4,0,spring,758,,,,
NYC,hour,2023-03-03 22:00:00,2023-03-03,22,4,0,spring,697,,,,
NYC,hour,2023-03-03 23:00:00,2023-03-03,23,4,0,spring,497,,,,
NYC,hour,2023-03-04 00:00:00,2023-03-04,0,5,1,spring,255,,,,
NYC,hour,2023-03-04 01:00:00,2023-03-04,1,5,1,spring,102,,,,
NYC,hour,2023-03-04 02:00:00,2023-03-04,2,5,1,spring,74,,,,
NYC,hour,2023-03-04 03:00:00,2023-03-04,3,5,1,spring,74,,,,
NYC,hour,2023-03-04 04:00:00,2023-03-04,4,5,1,spring,91,,,,
NYC,hour,2023-03-04 05:00:00,2023-03-04,5,5,1,spring,131,,,,
NYC,hour,2023-03-04 06:00:00,2023-03-04,6,5,1,spring,339,,,,
NYC,hour,2023-03-04 07:00:00,2023-03-04,7,5,1,spring,789,,,,
NYC,hour,2023-03-04 08:00:00,2023-03-04,8,5,1,spring,1404,,,,
NYC,hour,2023-03-04 09:00:00,2023-03-04,9,5,1,spring,2479,,,,
NYC,hour,2023-03-04 10:00:00,2023-03-04,10,5,1,spring,3367,,,,
NYC,hour,2023-03-04 11:00:00,2023-03-04,11,5,1,spring,4101,,,,
NYC,hour,2023-03-04 12:00:00,2023-03-04,12,5,1,spring,4740,,,,
NYC,hour,2023-03-04 13:00:00,2023-03-04,13,5,1,spring,4811,,,,
NYC,hour,2023-03-04 14:00:00,2023-03-04,14,5,1,spring,4980,,,,
NYC,hour,2023-03-04 15:00:00,2023-03-04,15,5,1,spring,4990,,,,
NYC,hour,2023-03-04 16:00:00,2023-03-04,16,5,1,spring,4787,,,,
NYC,hour,2023-03-04 17:00:00,2023-03-04,17,5,1,spring,4555,,,,
NYC,hour,2023-03-04 18:00:00,2023-03-04,18,5,1,spring,3912,,,,
NYC,hour,2023-03-04 19:00:00,2023-03-04,19,5,1,spring,3266,,,,
NYC,hour,2023-03-04 20:00:00,2023-03-04,20,5,1,spring,2486,,,,
NYC,hour,2023-03-04 21:00:00,2023-03-04,21,5,1,spring,1872,,,,
NYC,hour,2023-03-04 22:00:00,2023-03-04,22,5,1,spring,1607,,,,
NYC,hour,2023-03-04 23:00:00,2023-03-04,23,5,1,spring,1618,,,,
NYC,hour,2023-03-05 00:00:00,2023-03-05,0,6,1,spring,1195,,,,
NYC,hour,2023-03-05 01:00:00,2023-03-05,1,6,1,spring,998,,,,
NYC,hour,2023-03-05 02:00:00,2023-03-05,2,6,1,spring,610,,,,
NYC,hour,2023-03-05 03:00:00,2023-03-05,3,6,1,spring,413,,,,
NYC,hour,2023-03-05 04:00:00,2023-03-05,4,6,1,spring,260,,,,
NYC,hour,2023-03-05 05:00:00,2023-03-05,5,6,1,spring,203,,,,
NYC,hour,2023-03-05 06:00:00,2023-03-05,6,6,1,spring,423,,,,
NYC,hour,2023-03-05 07:00:00,2023-03-05,7,6,1,spring,946,,,,
NYC,hour,2023-03-05 08:00:00,2023-03-05,8,6,1,spring,1635,,,,
NYC,hour,2023-03-05 09:00:00,2023-03-05,9,6,1,spring,2801,,,,
NYC,hour,2023-03-05 10:00:00,2023-03-05,10,6,1,spring,3866,,,,
NYC,hour,2023-03-05 11:00:00,2023-03-05,11,6,1,spring,5048,,,,
NYC,hour,2023-03-05 12:00:00,2023-03-05,12,6,1,spring,5769,,,,
NYC,hour,2023-03-05 13:00:00,2023-03-05,13,6,1,spring,6085,,,,
NYC,hour,2023-03-05 14:00:00,2023-03-05,14,6,1,spring,6060,,,,
NYC,hour,2023-03-05 15:00:00,2023-03-05,15,6,1,spring,5850,,,,
NYC,hour,2023-03-05 16:00:00,2023-03-05,16,6,1,spring,5541,,,,
NYC,hour,2023-03-05 17:00:00,2023-03-05,17,6,1,spring,4873,,,,
NYC,hour,2023-03-05 18:00:00,2023-03-05,18,6,1,spring,3819,,,,
NYC,hour,2023-03-05 19:00:00,2023-03-05,19,6,1,spring,2824,,,,
NYC,hour,2023-03-05 20:00:00,2023-03-05,20,6,1,spring,1998,,,,
NYC,hour,2023-03-05 21:00:00,2023-03-05,21,6,1,spring,1551,,,,
NYC,hour,2023-03-05 22:00:00,2023-03-05,22,6,1,spring,1210,,,,
NYC,hour,2023-03-05 23:00:00,2023-03-05,23,6,1,spring,807,,,,
NYC,hour,2023-03-06 00:00:00,2023-03-06,0,0,0,spring,488,,,,
NYC,hour,2023-03-06 01:00:00,2023-03-06,1,0,0,spring,218,,,,
NYC,hour,2023-03-06 02:00:00,2023-03-06,2,0,0,spring,156,,,,
NYC,hour,2023-03-06 03:00:00,2023-03-06,3,0,0,spring,116,,,,
NYC,hour,2023-03-06 04:00:00,2023-03-06,4,0,0,spring,177,,,,
NYC,hour,2023-03-06 05:00:00,2023-03-06,5,0,0,spring,686,,,,
NYC,hour,2023-03-06 06:00:00,2023-03-06,6,0,0,spring,1812,,,,
NYC,hour,2023-03-06 07:00:00,2023-03-06,7,0,0,spring,4183,,,,
NYC,hour,2023-03-06 08:00:00,2023-03-06,8,0,0,spring,6082,,,,
NYC,hour,2023-03-06 09:00:00,2023-03-06,9,0,0,spring,4103,,,,
NYC,hour,2023-03-06 10:00:00,2023-03-06,10,0,0,spring,3066,,,,
NYC,hour,2023-03-06 11:00:00,2023-03-06,11,0,0,spring,2889,,,,
NYC,hour,2023-03-06 12:00:00,2023-03-06,12,0,0,spring,3265,,,,
NYC,hour,2023-03-06 13:00:00,2023-03-06,13,0,0,spring,3652,,,,
NYC,hour,2023-03-06 14:00:00,2023-03-06,14,0,0,spring,4055,,,,
NYC,hour,2023-03-06 15:00:00,2023-03-06,15,0,0,spring,4888,,,,
NYC,hour,2023-03-06 16:00:00,2023-03-06,16,0,0,spring,5879,,,,
NYC,hour,2023-03-06 17:00:00,2023-03-06,17,0,0,spring,7778,,,,
NYC,hour,2023-03-06 18:00:00,2023-03-06,18,0,0,spring,6665,,,,
NYC,hour,2023-03-06 19:00:00,2023-03-06,19,0,0,spring,4600,,,,
NYC,hour,2023-03-06 20:00:00,2023-03-06,20,0,0,spring,3110,,,,
NYC,hour,2023-03-06 21:00:00,2023-03-06,21,0,0,spring,2238,,,,
NYC,hour,2023-03-06 22:00:00,2023-03-06,22,0,0,spring,1609,,,,
NYC,hour,2023-03-06 23:00:00,2023-03-06,23,0,0,spring,940,,,,
NYC,hour,2023-03-07 00:00:00,2023-03-07,0,1,0,spring,462,,,,
NYC,hour,2023-03-07 01:00:00,2023-03-07,1,1,0,spring,157,,,,
NYC,hour,2023-03-07 02:00:00,2023-03-07,2,1,0,spring,95,,,,
NYC,hour,2023-03-07 03:00:00,2023-03-07,3,1,0,spring,51,,,,
NYC,hour,2023-03-07 04:00:00,2023-03-07,4,1,0,spring,119,,,,
NYC,hour,2023-03-07 05:00:00,2023-03-07,5,1,0,spring,582,,,,
NYC,hour,2023-03-07 06:00:00,2023-03-07,6,1,0,spring,1730,,,,
NYC,hour,2023-03-07 07:00:00,2023-03-07,7,1,0,spring,4139,,,,
NYC,hour,2023-03-07 08:00:00,2023-03-07,8,1,0,spring,6281,,,,
NYC,hour,2023-03-07 09:00:00,2023-03-07,9,1,0,spring,4551,,,,
NYC,hour,2023-03-07 10:00:00,2023-03-07,10,1,0,spring,2939,,,,
NYC,hour,2023-03-07 11:00:00,2023-03-07,11,1,0,spring,2824,,,,
NYC,hour,2023-03-07 12:00:00,2023-03-07,12,1,0,spring,3156,,,,
NYC,hour,2023-03-07 13:00:00,2023-03-07,13,1,0,spring,3406,,,,
NYC,hour,2023-03-07 14:00:00,2023-03-07,14,1,0,spring,3865,,,,
NYC,hour,2023-03-07 15:00:00,2023-03-07,15,1,0,spring,4455,,,,
NYC,hour,2023-03-07 16:00:00,2023-03-07,16,1,0,spring,5227,,,,
NYC,hour,2023-03-07 17:00:00,2023-03-07,17,1,0,spring,6848,,,,
NYC,hour,2023-03-07 18:00:00,2023-03-07,18,1,0,spring,5747,,,,
NYC,hour,2023-03-07 19:00:00,2023-03-07,19,1,0,spring,3673,,,,
NYC,hour,2023-03-07 20:00:00,2023-03-07,20,1,0,spring,2360,,,,
NYC,hour,2023-03-07 21:00:00,2023-03-07,21,1,0,spring,1787,,,,
NYC,hour,2023-03-07 22:00:00,2023-03-07,22,1,0,spring,1399,,,,
NYC,hour,2023-03-07 23:00:00,2023-03-07,23,1,0,spring,824,,,,
NYC,hour,2023-03-08 00:00:00,2023-03-08,0,2,0,spring,441,,,,
NYC,hour,2023-03-08 01:00:00,2023-03-08,1,2,0,spring,203,,,,
NYC,hour,2023-03-08 02:00:00,2023-03-08,2,2,0,spring,120,,,,
NYC,hour,2023-03-08 03:00:00,2023-03-08,3,2,0,spring,105,,,,
NYC,hour,2023-03-08 04:00:00,2023-03-08,4,2,0,spring,157,,,,
NYC,hour,2023-03-08 05:00:00,2023-03-08,5,2,0,spring,636,,,,
NYC,hour,2023-03-08 06:00:00,2023-03-08,6,2,0,spring,1904,,,,
NYC,hour,2023-03-08 07:00:00,2023-03-08,7,2,0,spring,4268,,,,
NYC,hour,2023-03-08 08:00:00,2023-03-08,8,2,0,spring,6145,,,,
NYC,hour,2023-03-08 09:00:00,2023-03-08,9,2,0,spring,4321,,,,
NYC,hour,2023-03-08 10:00:00,2023-03-08,10,2,0,spring,2907,,,,
NYC,hour,2023-03-08 11:00:00,2023-03-08,11,2,0,spring,2891,,,,
NYC,hour,2023-03-08 12:00:00,2023-03-08,12,2,0,spring,3195,,,,
NYC,hour,2023-03-08 13:00:00,2023-03-08,13,2,0,spring,3523,,,,
NYC,hour,2023-03-08 14:00:00,2023-03-08,14,2,0,spring,4203,,,,
NYC,hour,2023-03-08 15:00:00,2023-03-08,15,2,0,spring,4570,,,,
NYC,hour,2023-03-08 16:00:00,2023-03-08,16,2,0,spring,5562,,,,
NYC,hour,2023-03-08 17:00:00,2023-03-08,17,2,0,spring,7481,,,,
NYC,hour,2023-03-08 18:00:00,2023-03-08,18,2,0,spring,6654,,,,
NYC,hour,2023-03-08 19:00:00,2023-03-08,19,2,0,spring,4387,,,,
NYC,hour,2023-03-08 20:00:00,2023-03-08,20,2,0,spring,3058,,,,
NYC,hour,2023-03-08 21:00:00,2023-03-08,21,2,0,spring,2229,,,,
NYC,hour,2023-03-08 22:00:00,2023-03-08,22,2,0,spring,1660,,,,
NYC,hour,2023-03-08 23:00:00,2023-03-08,23,2,0,spring,1057,,,,
NYC,hour,2023-03-09 00:00:00,2023-03-09,0,3,0,spring,541,,,,
NYC,hour,2023-03-09 01:00:00,2023-03-09,1,3,0,spring,256,,,,
NYC,hour,2023-03-09 02:00:00,2023-03-09,2,3,0,spring,129,,,,
NYC,hour,2023-03-09 03:00:00,2023-03-09,3,3,0,spring,122,,,,
NYC,hour,2023-03-09 04:00:00,2023-03-09,4,3,0,spring,156,,,,
NYC,hour,2023-03-09 05:00:00,2023-03-09,5,3,0,spring,632,,,,
NYC,hour,2023-03-09 06:00:00,2023-03-09,6,3,0,spring,2007,,,,
NYC,hour,2023-03-09 07:00:00,2023-03-09,7,3,0,spring,4397,,,,
NYC,hour,2023-03-09 08:00:00,2023-03-09,8,3,0,spring,6346,,,,
NYC,hour,2023-03-09 09:00:00,2023-03-09,9,3,0,spring,4621,,,,
NYC,hour,2023-03-09 10:00:00,2023-03-09,10,3,0,spring,3216,,,,
NYC,hour,2023-03-09 11:00:00,2023-03-09,11,3,0,spring,3450,,,,
NYC,hour,2023-03-09 12:00:00,2023-03-09,12,3,0,spring,3668,,,,
NYC,hour,2023-03-09 13:00:00,2023-03-09,13,3,0,spring,4017,,,,
NYC,hour,2023-03-09 14:00:00,2023-03-09,14,3,0,spring,4585,,,,
NYC,hour,2023-03-09 15:00:00,2023-03-09,15,3,0,spring,5293,,,,
NYC,hour,2023-03-09 16:00:00,2023-03-09,16,3,0,spring,5955,,,,
NYC,hour,2023-03-09 17:00:00,2023-03-09,17,3,0,spring,7630,,,,
NYC,hour,2023-03-09 18:00:00,2023-03-09,18,3,0,spring,6671,,,,
NYC,hour,2023-03-09 19:00:00,2023-03-09,19,3,0,spring,4865,,,,
NYC,hour,2023-03-09 20:00:00,2023-03-09,20,3,0,spring,3281,,,,
NYC,hour,2023-03-09 21:00:00,2023-03-09,21,3,0,spring,2445,,,,
NYC,hour,2023-03-09 22:00:00,2023-03-09,22,3,0,spring,1764,,,,
NYC,hour,2023-03-09 23:00:00,2023-03-09,23,3,0,spring,1268,,,,
NYC,hour,2023-03-10 00:00:00,2023-03-10,0,4,0,spring,692,,,,
NYC,hour,2023-03-10 01:00:00,2023-03-10,1,4,0,spring,369,,,,
NYC,hour,2023-03-10 02:00:00,2023-03-10,2,4,0,spring,216,,,,
NYC,hour,2023-03-10 03:00:00,2023-03-10,3,4,0,spring,152,,,,
NYC,hour,2023-03-10 04:00:00,2023-03-10,4,4,0,spring,172,,,,
NYC,hour,2023-03-10 05:00:00,2023-03-10,5,4,0,spring,582,,,,
NYC,hour,2023-03-10 06:00:00,2023-03-10,6,4,0,spring,1800,,,,
NYC,hour,2023-03-10 07:00:00,2023-03-10,7,4,0,spring,3706,,,,
NYC,hour,2023-03-10 08:00:00,2023-03-10,8,4,0,spring,5304,,,,
NYC,hour,2023-03-10 09:00:00,2023-03-10,9,4,0,spring,3937,,,,
NYC,hour,2023-03-10 10:00:00,2023-03-10,10,4,0,spring,3200,,,,
NYC,hour,2023-03-10 11:00:00,2023-03-10,11,4,0,spring,3419,,,,
NYC,hour,2023-03-10 12:00:00,2023-03-10,12,4,0,spring,3726,,,,
NYC,hour,2023-03-10 13:00:00,2023-03-10,13,4,0,spring,4142,,,,
NYC,hour,2023-03-10 14:00:00,2023-03-10,14,4,0,spring,4674,,,,
NYC,hour,2023-03-10 15:00:00,2023-03-10,15,4,0,spring,5166,,,,
NYC,hour,2023-03-10 16:00:00,2023-03-10,16,4,0,spring,5169,,,,
NYC,hour,2023-03-10 17:00:00,2023-03-10,17,4,0,spring,5427,,,,
NYC,hour,2023-03-10 18:00:00,2023-03-10,18,4,0,spring,3481,,,,
NYC,hour,2023-03-10 19:00:00,2023-03-10,19,4,0,spring,1686,,,,
NYC,hour,2023-03-10 20:00:00,2023-03-10,20,4,0,spring,890,,,,
NYC,hour,2023-03-10 21:00:00,2023-03-10,21,4,0,spring,600,,,,
NYC,hour,2023-03-10 22:00:00,2023-03-10,22,4,0,spring,493,,,,
NYC,hour,2023-03-10 23:00:00,2023-03-10,23,4,0,spring,456,,,,
NYC,hour,2023-03-11 00:00:00,2023-03-11,0,5,1,spring,421,,,,
NYC,hour,2023-03-11 01:00:00,2023-03-11,1,5,1,spring,264,,,,
NYC,hour,2023-03-11 02:00:00,2023-03-11,2,5,1,spring,209,,,,
NYC,hour,2023-03-11 03:00:00,2023-03-11,3,5,1,spring,141,,,,
NYC,hour,2023-03-11 04:00:00,2023-03-11,4,5,1,spring,95,,,,
NYC,hour,2023-03-11 05:00:00,2023-03-11,5,5,1,spring,89,,,,
NYC,hour,2023-03-11 06:00:00,2023-03-11,6,5,1,spring,267,,,,
NYC,hour,2023-03-11 07:00:00,2023-03-11,7,5,1,spring,461,,,,
NYC,hour,2023-03-11 08:00:00,2023-03-11,8,5,1,spring,654,,,,
NYC,hour,2023-03-11 09:00:00,2023-03-11,9,5,1,spring,1034,,,,
NYC,hour,2023-03-11 10:00:00,2023-03-11,10,5,1,spring,2134,,,,
NYC,hour,2023-03-11 11:00:00,2023-03-11,11,5,1,spring,3144,,,,
NYC,hour,2023-03-11 12:00:00,2023-03-11,12,5,1,spring,3794,,,,
NYC,hour,2023-03-11 13:00:00,2023-03-11,13,5,1,spring,4364,,,,
NYC,hour,2023-03-11 14:00:00,2023-03-11,14,5,1,spring,4680,,,,
NYC,hour,2023-03-11 15:00:00,2023-03-11,15,5,1,spring,4791,,,,
NYC,hour,2023-03-11 16:00:00,2023-03-11,16,5,1,spring,4432,,,,
NYC,hour,2023-03-11 17:00:00,2023-03-11,17,5,1,spring,4371,,,,
NYC,hour,2023-03-11 18:00:00,2023-03-11,18,5,1,spring,3625,,,,
NYC,hour,2023-03-11 19:00:00,2023-03-11,19,5,1,spring,3005,,,,
NYC,hour,2023-03-11 20:00:00,2023-03-11,20,5,1,spring,2295,,,,
NYC,hour,2023-03-11 21:00:00,2023-03-11,21,5,1,spring,1834,,,,
NYC,hour,2023-03-11 22:00:00,2023-03-11,22,5,1,spring,1671,,,,
NYC,hour,2023-03-11 23:00:00,2023-03-11,23,5,1,spring,1389,,,,
NYC,hour,2023-03-12 00:00:00,2023-03-12,0,6,1,spring,1048,,,,
NYC,hour,2023-03-12 01:00:00,2023-03-12,1,6,1,spring,781,,,,
NYC,hour,2023-03-12 03:00:00,2023-03-12,3,6,1,spring,617,,,,
NYC,hour,2023-03-12 04:00:00,2023-03-12,4,6,1,spring,406,,,,
NYC,hour,2023-03-12 05:00:00,2023-03-12,5,6,1,spring,236,,,,
NYC,hour,2023-03-12 06:00:00,2023-03-12,6,6,1,spring,353,,,,
NYC,hour,2023-03-12 07:00:00,2023-03-12,7,6,1,spring,593,,,,
NYC,hour,2023-03-12 08:00:00,2023-03-12,8,6,1,spring,1226,,,,
NYC,hour,2023-03-12 09:00:00,2023-03-12,9,6,1,spring,2072,,,,
NYC,hour,2023-03-12 10:00:00,2023-03-12,10,6,1,spring,3033,,,,
NYC,hour,2023-03-12 11:00:00,2023-03-12,11,6,1,spring,3919,,,,
NYC,hour,2023-03-12 12:00:00,2023-03-12,12,6,1,spring,4622,,,,
NYC,hour,2023-03-12 13:00:00,2023-03-12,13,6,1,spring,5053,,,,
NYC,hour,2023-03-12 14:00:00,2023-03-12,14,6,1,spring,5181,,,,
NYC,hour,2023-03-12 15:00:00,2023-03-12,15,6,1,spring,5279,,,,
NYC,hour,2023-03-12 16:00:00,2023-03-12,16,6,1,spring,4823,,,,
NYC,hour,2023-03-12 17:00:00,2023-03-12,17,6,1,spring,4574,,,,
NYC,hour,2023-03-12 18:00:00,2023-03-12,18,6,1,spring,3966,,,,
NYC,hour,2023-03-12 19:00:00,2023-03-12,19,6,1,spring,3065,,,,
NYC,hour,2023-03-12 20:00:00,2023-03-12,20,6,1,spring,2036,,,,
NYC,hour,2023-03-12 21:00:00,2023-03-12,21,6,1,spring,1509,,,,
NYC,hour,2023-03-12 22:00:00,2023-03-12,22,6,1,spring,1177,,,,
NYC,hour,2023-03-12 23:00:00,2023-03-12,23,6,1,spring,1003,,,,
NYC,hour,2023-03-13 00:00:00,2023-03-13,0,0,0,spring,581,,,,
NYC,hour,2023-03-13 01:00:00,2023-03-13,1,0,0,spring,276,,,,
NYC,hour,2023-03-13 02:00:00,2023-03-13,2,0,0,spring,188,,,,
NYC,hour,2023-03-13 03:00:00,2023-03-13,3,0,0,spring,71,,,,
NYC,hour,2023-03-13 04:00:00,2023-03-13,4,0,0,spring,126,,,,
NYC,hour,2023-03-13 05:00:00,2023-03-13,5,0,0,spring,408,,,,
NYC,hour,2023-03-13 06:00:00,2023-03-13,6,0,0,spring,1122,,,,
NYC,hour,2023-03-13 07:00:00,2023-03-13,7,0,0,spring,2462,,,,
NYC,hour,2023-03-13 08:00:00,2023-03-13,8,0,0,spring,3244,,,,
NYC,hour,2023-03-13 09:00:00,2023-03-13,9,0,0,spring,2005,,,,
NYC,hour,2023-03-13 10:00:00,2023-03-13,10,0,0,spring,1272,,,,
NYC,hour,2023-03-13 11:00:00,2023-03-13,11,0,0,spring,1405,,,,
NYC,hour,2023-03-13 12:00:00,2023-03-13,12,0,0,spring,1847,,,,
NYC,hour,2023-03-13 13:00:00,2023-03-13,13,0,0,spring,2176,,,,
NYC,hour,2023-03-13 14:00:00,2023-03-13,14,0,0,spring,1833,,,,
NYC,hour,2023-03-13 15:00:00,2023-03-13,15,0,0,spring,1830,,,,
NYC,hour,2023-03-13 16:00:00,2023-03-13,16,0,0,spring,2103,,,,
NYC,hour,2023-03-13 17:00:00,2023-03-13,17,0,0,spring,2686,,,,
NYC,hour,2023-03-13 18:00:00,2023-03-13,18,0,0,spring,2807,,,,
NYC,hour,2023-03-13 19:00:00,2023-03-13,19,0,0,spring,1932,,,,
NYC,hour,2023-03-13 20:00:00,2023-03-13,20,0,0,spring,1158,,,,
NYC,hour,2023-03-13 21:00:00,2023-03-13,21,0,0,spring,629,,,,
NYC,hour,2023-03-13 22:00:00,2023-03-13,22,0,0,spring,421,,,,
NYC,hour,2023-03-13 23:00:00,2023-03-13,23,0,0,spring,241,,,,
NYC,hour,2023-03-14 00:00:00,2023-03-14,0,1,0,spring,136,,,,
NYC,hour,2023-03-14 01:00:00,2023-03-14,1,1,0,spring,73,,,,
NYC,hour,2023-03-14 02:00:00,2023-03-14,2,1,0,spring,68,,,,
NYC,hour,2023-03-14 03:00:00,2023-03-14,3,1,0,spring,48,,,,
NYC,hour,2023-03-14 04:00:00,2023-03-14,4,1,0,spring,140,,,,
NYC,hour,2023-03-14 05:00:00,2023-03-14,5,1,0,spring,457,,,,
NYC,hour,2023-03-14 06:00:00,2023-03-14,6,1,0,spring,1117,,,,
NYC,hour,2023-03-14 07:00:00,2023-03-14,7,1,0,spring,2529,,,,
NYC,hour,2023-03-14 08:00:00,2023-03-14,8,1,0,spring,3684,,,,
NYC,hour,2023-03-14 09:00:00,2023-03-14,9,1,0,spring,2324,,,,
NYC,hour,2023-03-14 10:00:00,2023-03-14,10,1,0,spring,1501,,,,
NYC,hour,2023-03-14 11:00:00,2023-03-14,11,1,0,spring,1337,,,,
NYC,hour,2023-03-14 12:00:00,2023-03-14,12,1,0,spring,1426,,,,
NYC,hour,2023-03-14 13:00:00,2023-03-14,13,1,0,spring,1502,,,,
NYC,hour,2023-03-14 14:00:00,2023-03-14,14,1,0,spring,2047,,,,
NYC,hour,2023-03-14 15:00:00,2023-03-14,15,1,0,spring,2077,,,,
NYC,hour,2023-03-14 16:00:00,2023-03-14,16,1,0,spring,2387,,,,
NYC,hour,2023-03-14 17:00:00,2023-03-14,17,1,0,spring,3999,,,,
NYC,hour,2023-03-14 18:00:00,2023-03-14,18,1,0,spring,3989,,,,
NYC,hour,2023-03-14 19:00:00,2023-03-14,19,1,0,spring,2770,,,,
NYC,hour,2023-03-14 20:00:00,2023-03-14,20,1,0,spring,2090,,,,
NYC,hour,2023-03-14 21:00:00,2023-03-14,21,1,0,spring,1591,,,,
NYC,hour,2023-03-14 22:00:00,2023-03-14,22,1,0,spring,1265,,,,
NYC,hour,2023-03-14 23:00:00,2023-03-14,23,1,0,spring,832,,,,
NYC,hour,2023-03-15 00:00:00,2023-03-15,0,2,0,spring,438,,,,
NYC,hour,2023-03-15 01:00:00,2023-03-15,1,2,0,spring,207,,,,
NYC,hour,2023-03-15 02:00:00,2023-03-15,2,2,0,spring,102,,,,
NYC,hour,2023-03-15 03:00:00,2023-03-15,3,2,0,spring,95,,,,
NYC,hour,2023-03-15 04:00:00,2023-03-15,4,2,0,spring,146,,,,
NYC,hour,2023-03-15 05:00:00,2023-03-15,5,2,0,spring,563,,,,
NYC,hour,2023-03-15 06:00:00,2023-03-15,6,2,0,spring,1660,,,,
NYC,hour,2023-03-15 07:00:00,2023-03-15,7,2,0,spring,3712,,,,
NYC,hour,2023-03-15 08:00:00,2023-03-15,8,2,0,spring,5466,,,,
NYC,hour,2023-03-15 09:00:00,2023-03-15,9,2,0,spring,3990,,,,
NYC,hour,2023-03-15 10:00:00,2023-03-15,10,2,0,spring,2615,,,,
NYC,hour,2023-03-15 11:00:00,2023-03-15,11,2,0,spring,2449,,,,
NYC,hour,2023-03-15 12:00:00,2023-03-15,12,2,0,spring,2783,,,,
NYC,hour,2023-03-15 13:00:00,2023-03-15,13,2,0,spring,3114,,,,
NYC,hour,2023-03-15 14:00:00,2023-03-15,14,2,0,spring,3616,,,,
NYC,hour,2023-03-15 15:00:00,2023-03-15,15,2,0,spring,4164,,,,
NYC,hour,2023-03-15 16:00:00,2023-03-15,16,2,0,spring,4806,,,,
NYC,hour,2023-03-15 17:00:00,2023-03-15,17,2,0,spring,6740,,,,
NYC,hour,2023-03-15 18:00:00,2023-03-15,18,2,0,spring,6812,,,,
NYC,hour,2023-03-15 19:00:00,2023-03-15,19,2,0,spring,4559,,,,
NYC,hour,2023-03-15 20:00:00,2023-03-15,20,2,0,spring,2962,,,,
NYC,hour,2023-03-15 21:00:00,2023-03-15,21,2,0,spring,2062,,,,
NYC,hour,2023-03-15 22:00:00,2023-03-15,22,2,0,spring,1597,,,,
NYC,hour,2023-03-15 23:00:00,2023-03-15,23,2,0,spring,1008,,,,
NYC,hour,2023-03-16 00:00:00,2023-03-16,0,3,0,spring,577,,,,
NYC,hour,2023-03-16 01:00:00,2023-03-16,1,3,0,spring,282,,,,
NYC,hour,2023-03-16 02:00:00,2023-03-16,2,3,0,spring,154,,,,
NYC,hour,2023-03-16 03:00:00,2023-03-16,3,3,0,spring,105,,,,
NYC,hour,2023-03-16 04:00:00,2023-03-16,4,3,0,spring,176,,,,
NYC,hour,2023-03-16 05:00:00,2023-03-16,5,3,0,spring,634,,,,
NYC,hour,2023-03-16 06:00:00,2023-03-16,6,3,0,spring,1780,,,,
NYC,hour,2023-03-16 07:00:00,2023-03-16,7,3,0,spring,4108,,,,
NYC,hour,2023-03-16 08:00:00,2023-03-16,8,3,0,spring,6177,,,,
NYC,hour,2023-03-16 09:00:00,2023-03-16,9,3,0,spring,4425,,,,
NYC,hour,2023-03-16 10:00:00,2023-03-16,10,3,0,spring,2851,,,,
NYC,hour,2023-03-16 11:00:00,2023-03-16,11,3,0,spring,3008,,,,
NYC,hour,2023-03-16 12:00:00,2023-03-16,12,3,0,spring,3544,,,,
NYC,hour,2023-03-16 13:00:00,2023-03-16,13,3,0,spring,4000,,,,
NYC,hour,2023-03-16 14:00:00,2023-03-16,14,3,0,spring,4640,,,,
NYC,hour,2023-03-16 15:00:00,2023-03-16,15,3,0,spring,5525,,,,
NYC,hour,2023-03-16 16:00:00,2023-03-16,16,3,0,spring,6552,,,,
NYC,hour,2023-03-16 17:00:00,2023-03-16,17,3,0,spring,9033,,,,
NYC,hour,2023-03-16 18:00:00,2023-03-16,18,3,0,spring,9040,,,,
NYC,hour,2023-03-16 19:00:00,2023-03-16,19,3,0,spring,6120,,,,
NYC,hour,2023-03-16 20:00:00,2023-03-16,20,3,0,spring,3885,,,,
NYC,hour,2023-03-16 21:00:00,2023-03-16,21,3,0,spring,3022,,,,
NYC,hour,2023-03-16 22:00:00,2023-03-16,22,3,0,spring,2309,,,,
NYC,hour,2023-03-16 23:00:00,2023-03-16,23,3,0,spring,1605,,,,
NYC,hour,2023-03-17 00:00:00,2023-03-17,0,4,0,spring,1012,,,,
NYC,hour,2023-03-17 01:00:00,2023-03-17,1,4,0,spring,563,,,,
NYC,hour,2023-03-17 02:00:00,2023-03-17,2,4,0,spring,342,,,,
NYC,hour,2023-03-17 03:00:00,2023-03-17,3,4,0,spring,181,,,,
NYC,hour,2023-03-17 04:00:00,2023-03-17,4,4,0,spring,232,,,,
NYC,hour,2023-03-17 05:00:00,2023-03-17,5,4,0,spring,623,,,,
NYC,hour,2023-03-17 06:00:00,2023-03-17,6,4,0,spring,1596,,,,
NYC,hour,2023-03-17 07:00:00,2023-03-17,7,4,0,spring,3564,,,,
NYC,hour,2023-03-17 08:00:00,2023-03-17,8,4,0,spring,5166,,,,
NYC,hour,2023-03-17 09:00:00,2023-03-17,9,4,0,spring,4018,,,,
NYC,hour,2023-03-17 10:00:00,2023-03-17,10,4,0,spring,3379,,,,
NYC,hour,2023-03-17 11:00:00,2023-03-17,11,4,0,spring,3705,,,,
NYC,hour,2023-03-17 12:00:00,2023-03-17,12,4,0,spring,4427,,,,
NYC,hour,2023-03-17 13:00:00,2023-03-17,13,4,0,spring,4895,,,,
NYC,hour,2023-03-17 14:00:00,2023-03-17,14,4,0,spring,5548,,,,
NYC,hour,2023-03-17 15:00:00,2023-03-17,15,4,0,spring,6041,,,,
NYC,hour,2023-03-17 16:00:00,2023-03-17,16,4,0,spring,6423,,,,
NYC,hour,2023-03-17 17:00:00,2023-03-17,17,4,0,spring,7843,,,,
NYC,hour,2023-03-17 18:00:00,2023-03-17,18,4,0,spring,7285,,,,
NYC,hour,2023-03-17 19:00:00,2023-03-17,19,4,0,spring,5465,,,,
NYC,hour,2023-03-17 20:00:00,2023-03-17,20,4,0,spring,3555,,,,
NYC,hour,2023-03-17 21:00:00,2023-03-17,21,4,0,spring,2719,,,,
NYC,hour,2023-03-17 22:00:00,2023-03-17,22,4,0,spring,2413,,,,
NYC,hour,2023-03-17 23:00:00,2023-03-17,23,4,0,spring,2173,,,,
NYC,hour,2023-03-18 00:00:00,2023-03-18,0,5,1,spring,1634,,,,
NYC,hour,2023-03-18 01:00:00,2023-03-18,1,5,1,spring,927,,,,
NYC,hour,2023-03-18 02:00:00,2023-03-18,2,5,1,spring,591,,,,
NYC,hour,2023-03-18 03:00:00,2023-03-18,3,5,1,spring,428,,,,
NYC,hour,2023-03-18 04:00:00,2023-03-18,4,5,1,spring,289,,,,
NYC,hour,2023-03-18 05:00:00,2023-03-18,5,5,1,spring,236,,,,
NYC,hour,2023-03-18 06:00:00,2023-03-18,6,5,1,spring,505,,,,
NYC,hour,2023-03-18 07:00:00,2023-03-18,7,5,1,spring,985,,,,
NYC,hour,2023-03-18 08:00:00,2023-03-18,8,5,1,spring,1908,,,,
NYC,hour,2023-03-18 09:00:00,2023-03-18,9,5,1,spring,2866,,,,
NYC,hour,2023-03-18 10:00:00,2023-03-18,10,5,1,spring,3927,,,,
NYC,hour,2023-03-18 11:00:00,2023-03-18,11,5,1,spring,4930,,,,
NYC,hour,2023-03-18 12:00:00,2023-03-18,12,5,1,spring,5873,,,,
NYC,hour,2023-03-18 13:00:00,2023-03-18,13,5,1,spring,6217,,,,
NYC,hour,2023-03-18 14:00:00,2023-03-18,14,5,1,spring,6546,,,,
NYC,hour,2023-03-18 15:00:00,2023-03-18,15,5,1,spring,6581,,,,
NYC,hour,2023-03-18 16:00:00,2023-03-18,16,5,1,spring,6516,,,,
NYC,hour,2023-03-18 17:00:00,2023-03-18,17,5,1,spring,6316,,,,
NYC,hour,2023-03-18 18:00:00,2023-03-18,18,5,1,spring,5546,,,,
NYC,hour,2023-03-18 19:00:00,2023-03-18,19,5,1,spring,3881,,,,
NYC,hour,2023-03-18 20:00:00,2023-03-18,20,5,1,spring,2704,,,,
NYC,hour,2023-03-18 21:00:00,2023-03-18,21,5,1,spring,2070,,,,
NYC,hour,2023-03-18 22:00:00,2023-03-18,22,5,1,spring,1777,,,,
NYC,hour,2023-03-18 23:00:00,2023-03-18,23,5,1,spring,1631,,,,
NYC,hour,2023-03-19 00:00:00,2023-03-19,0,6,1,spring,1139,,,,
NYC,hour,2023-03-19 01:00:00,2023-03-19,1,6,1,spring,762,,,,
NYC,hour,2023-03-19 02:00:00,2023-03-19,2,6,1,spring,475,,,,
NYC,hour,2023-03-19 03:00:00,2023-03-19,3,6,1,spring,269,,,,
NYC,hour,2023-03-19 04:00:00,2023-03-19,4,6,1,spring,217,,,,
NYC,hour,2023-03-19 05:00:00,2023-03-19,5,6,1,spring,198,,,,
NYC,hour,2023-03-19 06:00:00,2023-03-19,6,6,1,spring,474,,,,
NYC,hour,2023-03-19 07:00:00,2023-03-19,7,6,1,spring,826,,,,
NYC,hour,2023-03-19 08:00:00,2023-03-19,8,6,1,spring,1366,,,,
NYC,hour,2023-03-19 09:00:00,2023-03-19,9,6,1,spring,2205,,,,
NYC,hour,2023-03-19 10:00:00,2023-03-19,10,6,1,spring,2934,,,,
NYC,hour,2023-03-19 11:00:00,2023-03-19,11,6,1,spring,3558,,,,
NYC,hour,2023-03-19 12:00:00,2023-03-19,12,6,1,spring,3754,,,,
NYC,hour,2023-03-19 13:00:00,2023-03-19,13,6,1,spring,4088,,,,
NYC,hour,2023-03-19 14:00:00,2023-03-19,14,6,1,spring,3988,,,,
NYC,hour,2023-03-19 15:00:00,2023-03-19,15,6,1,spring,3950,,,,
NYC,hour,2023-03-19 16:00:00,2023-03-19,16,6,1,spring,3758,,,,
NYC,hour,2023-03-19 17:00:00,2023-03-19,17,6,1,spring,3678,,,,
NYC,hour,2023-03-19 18:00:00,2023-03-19,18,6,1,spring,3396,,,,
NYC,hour,2023-03-19 19:00:00,2023-03-19,19,6,1,spring,2617,,,,
NYC,hour,2023-03-19 20:00:00,2023-03-19,20,6,1,spring,1794,,,,
NYC,hour,2023-03-19 21:00:00,2023-03-19,21,6,1,spring,1385,,,,
NYC,hour,2023-03-19 22:00:00,2023-03-19,22,6,1,spring,1008,,,,
NYC,hour,2023-03-19 23:00:00,2023-03-19,23,6,1,spring,705,,,,
NYC,hour,2023-03-20 00:00:00,2023-03-20,0,0,0,spring,386,,,,
NYC,hour,2023-03-20 01:00:00,2023-03-20,1,0,0,spring,178,,,,
NYC,hour,2023-03-20 02:00:00,2023-03-20,2,0,0,spring,116,,,,
NYC,hour,2023-03-20 03:00:00,2023-03-20,3,0,0,spring,104,,,,
NYC,hour,2023-03-20 04:00:00,2023-03-20,4,0,0,spring,181,,,,
NYC,hour,2023-03-20 05:00:00,2023-03-20,5,0,0,spring,599,,,,
NYC,hour,2023-03-20 06:00:00,2023-03-20,6,0,0,spring,1584,,,,
NYC,hour,2023-03-20 07:00:00,2023-03-20,7,0,0,spring,3490,,,,
NYC,hour,2023-03-20 08:00:00,2023-03-20,8,0,0,spring,5001,,,,
NYC,hour,2023-03-20 09:00:00,2023-03-20,9,0,0,spring,3434,,,,
NYC,hour,2023-03-20 10:00:00,2023-03-20,10,0,0,spring,2586,,,,
NYC,hour,2023-03-20 11:00:00,2023-03-20,11,0,0,spring,2596,,,,
NYC,hour,2023-03-20 12:00:00,2023-03-20,12,0,0,spring,3062,,,,
NYC,hour,2023-03-20 13:00:00,2023-03-20,13,0,0,spring,3574,,,,
NYC,hour,2023-03-20 14:00:00,2023-03-20,14,0,0,spring,4157,,,,
NYC,hour,2023-03-20 15:00:00,2023-03-20,15,0,0,spring,4802,,,,
NYC,hour,2023-03-20 16:00:00,2023-03-20,16,0,0,spring,5681,,,,
NYC,hour,2023-03-20 17:00:00,2023-03-20,17,0,0,spring,7618,,,,
NYC,hour,2023-03-20 18:00:00,2023-03-20,18,0,0,spring,6947,,,,
NYC,hour,2023-03-20 19:00:00,2023-03-20,19,0,0,spring,4877,,,,
NYC,hour,2023-03-20 20:00:00,2023-03-20,20,0,0,spring,3139,,,,
NYC,hour,2023-03-20 21:00:00,2023-03-20,21,0,0,spring,2253,,,,
NYC,hour,2023-03-20 22:00:00,2023-03-20,22,0,0,spring,1636,,,,
NYC,hour,2023-03-20 23:00:00,2023-03-20,23,0,0,spring,950,,,,
NYC,hour,2023-03-21 00:00:00,2023-03-21,0,1,0,spring,500,,,,
NYC,hour,2023-03-21 01:00:00,2023-03-21,1,1,0,spring,253,,,,
NYC,hour,2023-03-21 02:00:00,2023-03-21,2,1,0,spring,148,,,,
NYC,hour,2023-03-21 03:00:00,2023-03-21,3,1,0,spring,105,,,,
NYC,hour,2023-03-21 04:00:00,2023-03-21,4,1,0,spring,169,,,,
NYC,hour,2023-03-21 05:00:00,2023-03-21,5,1,0,spring,707,,,,
NYC,hour,2023-03-21 06:00:00,2023-03-21,6,1,0,spring,1970,,,,
NYC,hour,2023-03-21 07:00:00,2023-03-21,7,1,0,spring,4290,,,,
NYC,hour,2023-03-21 08:00:00,2023-03-21,8,1,0,spring,6607,,,,
NYC,hour,2023-03-21 09:00:00,2023-03-21,9,1,0,spring,4636,,,,
NYC,hour,2023-03-21 10:00:00,2023-03-21,10,1,0,spring,3313,,,,
NYC,hour,2023-03-21 11:00:00,2023-03-21,11,1,0,spring,3365,,,,
NYC,hour,2023-03-21 12:00:00,2023-03-21,12,1,0,spring,3938,,,,
NYC,hour,2023-03-21 13:00:00,2023-03-21,13,1,0,spring,4392,,,,
NYC,hour,2023-03-21 14:00:00,2023-03-21,14,1,0,spring,5045,,,,
NYC,hour,2023-03-21 15:00:00,2023-03-21,15,1,0,spring,5895,,,,
NYC,hour,2023-03-21 16:00:00,2023-03-21,16,1,0,spring,7109,,,,
NYC,hour,2023-03-21 17:00:00,2023-03-21,17,1,0,spring,10065,,,,
NYC,hour,2023-03-21 18:00:00,2023-03-21,18,1,0,spring,9165,,,,
NYC,hour,2023-03-21 19:00:00,2023-03-21,19,1,0,spring,5959,,,,
NYC,hour,2023-03-21 20:00:00,2023-03-21,20,1,0,spring,3810,,,,
NYC,hour,2023-03-21 21:00:00,2023-03-21,21,1,0,spring,3005,,,,
NYC,hour,2023-03-21 22:00:00,2023-03-21,22,1,0,spring,2157,,,,
NYC,hour,2023-03-21 23:00:00,2023-03-21,23,1,0,spring,1306,,,,
NYC,hour,2023-03-22 00:00:00,2023-03-22,0,2,0,spring,642,,,,
NYC,hour,2023-03-22 01:00:00,2023-03-22,1,2,0,spring,346,,,,
NYC,hour,2023-03-22 02:00:00,2023-03-22,2,2,0,spring,171,,,,
NYC,hour,2023-03-22 03:00:00,2023-03-22,3,2,0,spring,122,,,,
NYC,hour,2023-03-22 04:00:00,2023-03-22,4,2,0,spring,175,,,,
NYC,hour,2023-03-22 05:00:00,2023-03-22,5,2,0,spring,711,,,,
NYC,hour,2023-03-22 06:00:00,2023-03-22,6,2,0,spring,2046,,,,
NYC,hour,2023-03-22 07:00:00,2023-03-22,7,2,0,spring,4466,,,,
NYC,hour,2023-03-22 08:00:00,2023-03-22,8,2,0,spring,6726,,,,
NYC,hour,2023-03-22 09:00:00,2023-03-22,9,2,0,spring,4981,,,,
NYC,hour,2023-03-22 10:00:00,2023-03-22,10,2,0,spring,3422,,,,
NYC,hour,2023-03-22 11:00:00,2023-03-22,11,2,0,spring,3444,,,,
NYC,hour,2023-03-22 12:00:00,2023-03-22,12,2,0,spring,4142,,,,
NYC,hour,2023-03-22 13:00:00,2023-03-22,13,2,0,spring,4470,,,,
NYC,hour,2023-03-22 14:00:00,2023-03-22,14,2,0,spring,4942,,,,
NYC,hour,2023-03-22 15:00:00,2023-03-22,15,2,0,spring,5617,,,,
NYC,hour,2023-03-22 16:00:00,2023-03-22,16,2,0,spring,6519,,,,
NYC,hour,2023-03-22 17:00:00,2023-03-22,17,2,0,spring,9310,,,,
NYC,hour,2023-03-22 18:00:00,2023-03-22,18,2,0,spring,8488,,,,
NYC,hour,2023-03-22 19:00:00,2023-03-22,19,2,0,spring,5835,,,,
NYC,hour,2023-03-22 20:00:00,2023-03-22,20,2,0,spring,4015,,,,
NYC,hour,2023-03-22 21:00:00,2023-03-22,21,2,0,spring,2935,,,,
NYC,hour,2023-03-22 22:00:00,2023-03-22,22,2,0,spring,2199,,,,
NYC,hour,2023-03-22 23:00:00,2023-03-22,23,2,0,spring,1384,,,,
NYC,hour,2023-03-23 00:00:00,2023-03-23,0,3,0,spring,793,,,,
NYC,hour,2023-03-23 01:00:00,2023-03-23,1,3,0,spring,387,,,,
NYC,hour,2023-03-23 02:00:00,2023-03-23,2,3,0,spring,238,,,,
NYC,hour,2023-03-23 03:00:00,2023-03-23,3,3,0,spring,169,,,,
NYC,hour,2023-03-23 04:00:00,2023-03-23,4,3,0,spring,219,,,,
NYC,hour,2023-03-23 05:00:00,2023-03-23,5,3,0,spring,651,,,,
NYC,hour,2023-03-23 06:00:00,2023-03-23,6,3,0,spring,1855,,,,
NYC,hour,2023-03-23 07:00:00,2023-03-23,7,3,0,spring,4205,,,,
NYC,hour,2023-03-23 08:00:00,2023-03-23,8,3,0,spring,6443,,,,
NYC,hour,2023-03-23 09:00:00,2023-03-23,9,3,0,spring,5078,,,,
NYC,hour,2023-03-23 10:00:00,2023-03-23,10,3,0,spring,3365,,,,
NYC,hour,2023-03-23 11:00:00,2023-03-23,11,3,0,spring,1987,,,,
NYC,hour,2023-03-23 12:00:00,2023-03-23,12,3,0,spring,1523,,,,
NYC,hour,2023-03-23 13:00:00,2023-03-23,13,3,0,spring,2567,,,,
NYC,hour,2023-03-23 14:00:00,2023-03-23,14,3,0,spring,3133,,,,
NYC,hour,2023-03-23 15:00:00,2023-03-23,15,3,0,spring,4200,,,,
NYC,hour,2023-03-23 16:00:00,2023-03-23,16,3,0,spring,5518,,,,
NYC,hour,2023-03-23 17:00:00,2023-03-23,17,3,0,spring,8046,,,,
NYC,hour,2023-03-23 18:00:00,2023-03-23,18,3,0,spring,7904,,,,
NYC,hour,2023-03-23 19:00:00,2023-03-23,19,3,0,spring,5725,,,,
NYC,hour,2023-03-23 20:00:00,2023-03-23,20,3,0,spring,3948,,,,
NYC,hour,2023-03-23 21:00:00,2023-03-23,21,3,0,spring,3047,,,,
NYC,hour,2023-03-23 22:00:00,2023-03-23,22,3,0,spring,2594,,,,
NYC,hour,2023-03-23 23:00:00,2023-03-23,23,3,0,spring,1731,,,,
NYC,hour,2023-03-24 00:00:00,2023-03-24,0,4,0,spring,1070,,,,
NYC,hour,2023-03-24 01:00:00,2023-03-24,1,4,0,spring,583,,,,
NYC,hour,2023-03-24 02:00:00,2023-03-24,2,4,0,spring,303,,,,
NYC,hour,2023-03-24 03:00:00,2023-03-24,3,4,0,spring,219,,,,
NYC,hour,2023-03-24 04:00:00,2023-03-24,4,4,0,spring,227,,,,
NYC,hour,2023-03-24 05:00:00,2023-03-24,5,4,0,spring,616,,,,
NYC,hour,2023-03-24 06:00:00,2023-03-24,6,4,0,spring,1636,,,,
NYC,hour,2023-03-24 07:00:00,2023-03-24,7,4,0,spring,3388,,,,
NYC,hour,2023-03-24 08:00:00,2023-03-24,8,4,0,spring,4669,,,,
NYC,hour,2023-03-24 09:00:00,2023-03-24,9,4,0,spring,3700,,,,
NYC,hour,2023-03-24 10:00:00,2023-03-24,10,4,0,spring,3050,,,,
NYC,hour,2023-03-24 11:00:00,2023-03-24,11,4,0,spring,3338,,,,
NYC,hour,2023-03-24 12:00:00,2023-03-24,12,4,0,spring,4022,,,,
NYC,hour,2023-03-24 13:00:00,2023-03-24,13,4,0,spring,4452,,,,
NYC,hour,2023-03-24 14:00:00,2023-03-24,14,4,0,spring,5010,,,,
NYC,hour,2023-03-24 15:00:00,2023-03-24,15,4,0,spring,5632,,,,
NYC,hour,2023-03-24 16:00:00,2023-03-24,16,4,0,spring,6172,,,,
NYC,hour,2023-03-24 17:00:00,2023-03-24,17,4,0,spring,7702,,,,
NYC,hour,2023-03-24 18:00:00,2023-03-24,18,4,0,spring,7001,,,,
NYC,hour,2023-03-24 19:00:00,2023-03-24,19,4,0,spring,5129,,,,
NYC,hour,2023-03-24 20:00:00,2023-03-24,20,4,0,spring,3475,,,,
NYC,hour,2023-03-24 21:00:00,2023-03-24,21,4,0,spring,2542,,,,
NYC,hour,2023-03-24 22:00:00,2023-03-24,22,4,0,spring,2120,,,,
NYC,hour,2023-03-24 23:00:00,2023-03-24,23,4,0,spring,1781,,,,
NYC,hour,2023-03-25 00:00:00,2023-03-25,0,5,1,spring,1301,,,,
NYC,hour,2023-03-25 01:00:00,2023-03-25,1,5,1,spring,940,,,,
NYC,hour,2023-03-25 02:00:00,2023-03-25,2,5,1,spring,666,,,,
NYC,hour,2023-03-25 03:00:00,2023-03-25,3,5,1,spring,417,,,,
NYC,hour,2023-03-25 04:00:00,2023-03-25,4,5,1,spring,248,,,,
NYC,hour,2023-03-25 05:00:00,2023-03-25,5,5,1,spring,212,,,,
NYC,hour,2023-03-25 06:00:00,2023-03-25,6,5,1,spring,486,,,,
NYC,hour,2023-03-25 07:00:00,2023-03-25,7,5,1,spring,806,,,,
NYC,hour,2023-03-25 08:00:00,2023-03-25,8,5,1,spring,1577,,,,
NYC,hour,2023-03-25 09:00:00,2023-03-25,9,5,1,spring,2273,,,,
NYC,hour,2023-03-25 10:00:00,2023-03-25,10,5,1,spring,2850,,,,
NYC,hour,2023-03-25 11:00:00,2023-03-25,11,5,1,spring,2021,,,,
NYC,hour,2023-03-25 12:00:00,2023-03-25,12,5,1,spring,1630,,,,
NYC,hour,2023-03-25 13:00:00,2023-03-25,13,5,1,spring,2291,,,,
NYC,hour,2023-03-25 14:00:00,2023-03-25,14,5,1,spring,1832,,,,
NYC,hour,2023-03-25 15:00:00,2023-03-25,15,5,1,spring,1270,,,,
NYC,hour,2023-03-25 16:00:00,2023-03-25,16,5,1,spring,1318,,,,
NYC,hour,2023-03-25 17:00:00,2023-03-25,17,5,1,spring,1404,,,,
NYC,hour,2023-03-25 18:00:00,2023-03-25,18,5,1,spring,1709,,,,
NYC,hour,2023-03-25 19:00:00,2023-03-25,19,5,1,spring,1853,,,,
NYC,hour,2023-03-25 20:00:00,2023-03-25,20,5,1,spring,1611,,,,
NYC,hour,2023-03-25 21:00:00,2023-03-25,21,5,1,spring,1497,,,,
NYC,hour,2023-03-25 22:00:00,2023-03-25,22,5,1,spring,1429,,,,
NYC,hour,2023-03-25 23:00:00,2023-03-25,23,5,1,spring,1375,,,,
NYC,hour,2023-03-26 00:00:00,2023-03-26,0,6,1,spring,1032,,,,
NYC,hour,2023-03-26 01:00:00,2023-03-26,1,6,1,spring,758,,,,
NYC,hour,2023-03-26 02:00:00,2023-03-26,2,6,1,spring,615,,,,
NYC,hour,2023-03-26 03:00:00,2023-03-26,3,6,1,spring,447,,,,
NYC,hour,2023-03-26 04:00:00,2023-03-26,4,6,1,spring,307,,,,
NYC,hour,2023-03-26 05:00:00,2023-03-26,5,6,1,spring,209,,,,
NYC,hour,2023-03-26 06:00:00,2023-03-26,6,6,1,spring,429,,,,
NYC,hour,2023-03-26 07:00:00,2023-03-26,7,6,1,spring,902,,,,
NYC,hour,2023-03-26 08:00:00,2023-03-26,8,6,1,spring,1691,,,,
NYC,hour,2023-03-26 09:00:00,2023-03-26,9,6,1,spring,2741,,,,
NYC,hour,2023-03-26 10:00:00,2023-03-26,10,6,1,spring,4310,,,,
NYC,hour,2023-03-26 11:00:00,2023-03-26,11,6,1,spring,5800,,,,
NYC,hour,2023-03-26 12:00:00,2023-03-26,12,6,1,spring,6921,,,,
NYC,hour,2023-03-26 13:00:00,2023-03-26,13,6,1,spring,7780,,,,
NYC,hour,2023-03-26 14:00:00,2023-03-26,14,6,1,spring,8822,,,,
NYC,hour,2023-03-26 15:00:00,2023-03-26,15,6,1,spring,8802,,,,
NYC,hour,2023-03-26 16:00:00,2023-03-26,16,6,1,spring,8432,,,,
NYC,hour,2023-03-26 17:00:00,2023-03-26,17,6,1,spring,7736,,,,
NYC,hour,2023-03-26 18:00:00,2023-03-26,18,6,1,spring,6619,,,,
NYC,hour,2023-03-26 19:00:00,2023-03-26,19,6,1,spring,4897,,,,
NYC,hour,2023-03-26 20:00:00,2023-03-26,20,6,1,spring,3285,,,,
NYC,hour,2023-03-26 21:00:00,2023-03-26,21,6,1,spring,2391,,,,
NYC,hour,2023-03-26 22:00:00,2023-03-26,22,6,1,spring,1865,,,,
NYC,hour,2023-03-26 23:00:00,2023-03-26,23,6,1,spring,1226,,,,
NYC,hour,2023-03-27 00:00:00,2023-03-27,0,0,0,spring,642,,,,
NYC,hour,2023-03-27 01:00:00,2023-03-27,1,0,0,spring,391,,,,
NYC,hour,2023-03-27 02:00:00,2023-03-27,2,0,0,spring,207,,,,
NYC,hour,2023-03-27 03:00:00,2023-03-27,3,0,0,spring,172,,,,
NYC,hour,2023-03-27 04:00:00,2023-03-27,4,0,0,spring,207,,,,
NYC,hour,2023-03-27 05:00:00,2023-03-27,5,0,0,spring,679,,,,
NYC,hour,2023-03-27 06:00:00,2023-03-27,6,0,0,spring,1822,,,,
NYC,hour,2023-03-27 07:00:00,2023-03-27,7,0,0,spring,4144,,,,
NYC,hour,2023-03-27 08:00:00,2023-03-27,8,0,0,spring,6165,,,,
NYC,hour,2023-03-27 09:00:00,2023-03-27,9,0,0,spring,4503,,,,
NYC,hour,2023-03-27 10:00:00,2023-03-27,10,0,0,spring,3391,,,,
NYC,hour,2023-03-27 11:00:00,2023-03-27,11,0,0,spring,3482,,,,
NYC,hour,2023-03-27 12:00:00,2023-03-27,12,0,0,spring,3918,,,,
NYC,hour,2023-03-27 13:00:00,2023-03-27,13,0,0,spring,4371,,,,
NYC,hour,2023-03-27 14:00:00,2023-03-27,14,0,0,spring,4847,,,,
NYC,hour,2023-03-27 15:00:00,2023-03-27,15,0,0,spring,4941,,,,
NYC,hour,2023-03-27 16:00:00,2023-03-27,16,0,0,spring,4605,,,,
NYC,hour,2023-03-27 17:00:00,2023-03-27,17,0,0,spring,3357,,,,
NYC,hour,2023-03-27 18:00:00,2023-03-27,18,0,0,spring,2438,,,,
NYC,hour,2023-03-27 19:00:00,2023-03-27,19,0,0,spring,1397,,,,
NYC,hour,2023-03-27 20:00:00,2023-03-27,20,0,0,spring,1455,,,,
NYC,hour,2023-03-27 21:00:00,2023-03-27,21,0,0,spring,1457,,,,
NYC,hour,2023-03-27 22:00:00,2023-03-27,22,0,0,spring,1306,,,,
NYC,hour,2023-03-27 23:00:00,2023-03-27,23,0,0,spring,884,,,,
NYC,hour,2023-03-28 00:00:00,2023-03-28,0,1,0,spring,498,,,,
NYC,hour,2023-03-28 01:00:00,2023-03-28,1,1,0,spring,262,,,,
NYC,hour,2023-03-28 02:00:00,2023-03-28,2,1,0,spring,162,,,,
NYC,hour,2023-03-28 03:00:00,2023-03-28,3,1,0,spring,114,,,,
NYC,hour,2023-03-28 04:00:00,2023-03-28,4,1,0,spring,208,,,,
NYC,hour,2023-03-28 05:00:00,2023-03-28,5,1,0,spring,752,,,,
NYC,hour,2023-03-28 06:00:00,2023-03-28,6,1,0,spring,2139,,,,
NYC,hour,2023-03-28 07:00:00,2023-03-28,7,1,0,spring,4456,,,,
NYC,hour,2023-03-28 08:00:00,2023-03-28,8,1,0,spring,6391,,,,
NYC,hour,2023-03-28 09:00:00,2023-03-28,9,1,0,spring,4228,,,,
NYC,hour,2023-03-28 10:00:00,2023-03-28,10,1,0,spring,2458,,,,
NYC,hour,2023-03-28 11:00:00,2023-03-28,11,1,0,spring,2880,,,,
NYC,hour,2023-03-28 12:00:00,2023-03-28,12,1,0,spring,3372,,,,
NYC,hour,2023-03-28 13:00:00,2023-03-28,13,1,0,spring,3624,,,,
NYC,hour,2023-03-28 14:00:00,2023-03-28,14,1,0,spring,4283,,,,
NYC,hour,2023-03-28 15:00:00,2023-03-28,15,1,0,spring,5014,,,,
NYC,hour,2023-03-28 16:00:00,2023-03-28,16,1,0,spring,5955,,,,
NYC,hour,2023-03-28 17:00:00,2023-03-28,17,1,0,spring,8305,,,,
NYC,hour,2023-03-28 18:00:00,2023-03-28,18,1,0,spring,8474,,,,
NYC,hour,2023-03-28 19:00:00,2023-03-28,19,1,0,spring,5875,,,,
NYC,hour,2023-03-28 20:00:00,2023-03-28,20,1,0,spring,3944,,,,
NYC,hour,2023-03-28 21:00:00,2023-03-28,21,1,0,spring,2817,,,,
NYC,hour,2023-03-28 22:00:00,2023-03-28,22,1,0,spring,2238,,,,
NYC,hour,2023-03-28 23:00:00,2023-03-28,23,1,0,spring,1279,,,,
NYC,hour,2023-03-29 00:00:00,2023-03-29,0,2,0,spring,615,,,,
NYC,hour,2023-03-29 01:00:00,2023-03-29,1,2,0,spring,332,,,,
NYC,hour,2023-03-29 02:00:00,2023-03-29,2,2,0,spring,174,,,,
NYC,hour,2023-03-29 03:00:00,2023-03-29,3,2,0,spring,173,,,,
NYC,hour,2023-03-29 04:00:00,2023-03-29,4,2,0,spring,199,,,,
NYC,hour,2023-03-29 05:00:00,2023-03-29,5,2,0,spring,723,,,,
NYC,hour,2023-03-29 06:00:00,2023-03-29,6,2,0,spring,2168,,,,
NYC,hour,2023-03-29 07:00:00,2023-03-29,7,2,0,spring,4583,,,,
NYC,hour,2023-03-29 08:00:00,2023-03-29,8,2,0,spring,7035,,,,
NYC,hour,2023-03-29 09:00:00,2023-03-29,9,2,0,spring,5164,,,,
NYC,hour,2023-03-29 10:00:00,2023-03-29,10,2,0,spring,3580,,,,
NYC,hour,2023-03-29 11:00:00,2023-03-29,11,2,0,spring,3766,,,,
NYC,hour,2023-03-29 12:00:00,2023-03-29,12,2,0,spring,4098,,,,
NYC,hour,2023-03-29 13:00:00,2023-03-29,13,2,0,spring,4483,,,,
NYC,hour,2023-03-29 14:00:00,2023-03-29,14,2,0,spring,5138,,,,
NYC,hour,2023-03-29 15:00:00,2023-03-29,15,2,0,spring,5817,,,,
NYC,hour,2023-03-29 16:00:00,2023-03-29,16,2,0,spring,6781,,,,
NYC,hour,2023-03-29 17:00:00,2023-03-29,17,2,0,spring,9167,,,,
NYC,hour,2023-03-29 18:00:00,2023-03-29,18,2,0,spring,8889,,,,
NYC,hour,2023-03-29 19:00:00,2023-03-29,19,2,0,spring,5811,,,,
NYC,hour,2023-03-29 20:00:00,2023-03-29,20,2,0,spring,3637,,,,
NYC,hour,2023-03-29 21:00:00,2023-03-29,21,2,0,spring,2791,,,,
NYC,hour,2023-03-29 22:00:00,2023-03-29,22,2,0,spring,2193,,,,
NYC,hour,2023-03-29 23:00:00,2023-03-29,23,2,0,spring,1342,,,,
NYC,hour,2023-03-30 00:00:00,2023-03-30,0,3,0,spring,559,,,,
NYC,hour,2023-03-30 01:00:00,2023-03-30,1,3,0,spring,255,,,,
NYC,hour,2023-03-30 02:00:00,2023-03-30,2,3,0,spring,137,,,,
NYC,hour,2023-03-30 03:00:00,2023-03-30,3,3,0,spring,123,,,,
NYC,hour,2023-03-30 04:00:00,2023-03-30,4,3,0,spring,158,,,,
NYC,hour,2023-03-30 05:00:00,2023-03-30,5,3,0,spring,635,,,,
NYC,hour,2023-03-30 06:00:00,2023-03-30,6,3,0,spring,1762,,,,
NYC,hour,2023-03-30 07:00:00,2023-03-30,7,3,0,spring,4050,,,,
NYC,hour,2023-03-30 08:00:00,2023-03-30,8,3,0,spring,5806,,,,
NYC,hour,2023-03-30 09:00:00,2023-03-30,9,3,0,spring,4429,,,,
NYC,hour,2023-03-30 10:00:00,2023-03-30,10,3,0,spring,3138,,,,
NYC,hour,2023-03-30 11:00:00,2023-03-30,11,3,0,spring,3097,,,,
NYC,hour,2023-03-30 12:00:00,2023-03-30,12,3,0,spring,3345,,,,
NYC,hour,2023-03-30 13:00:00,2023-03-30,13,3,0,spring,3641,,,,
NYC,hour,2023-03-30 14:00:00,2023-03-30,14,3,0,spring,4393,,,,
NYC,hour,2023-03-30 15:00:00,2023-03-30,15,3,0,spring,5013,,,,
NYC,hour,2023-03-30 16:00:00,2023-03-30,16,3,0,spring,5818,,,,
NYC,hour,2023-03-30 17:00:00,2023-03-30,17,3,0,spring,7653,,,,
NYC,hour,2023-03-30 18:00:00,2023-03-30,18,3,0,spring,7553,,,,
NYC,hour,2023-03-30 19:00:00,2023-03-30,19,3,0,spring,5319,,,,
NYC,hour,2023-03-30 20:00:00,2023-03-30,20,3,0,spring,3523,,,,
NYC,hour,2023-03-30 21:00:00,2023-03-30,21,3,0,spring,2645,,,,
NYC,hour,2023-03-30 22:00:00,2023-03-30,22,3,0,spring,2088,,,,
NYC,hour,2023-03-30 23:00:00,2023-03-30,23,3,0,spring,1432,,,,
NYC,hour,2023-03-31 00:00:00,2023-03-31,0,4,0,spring,849,,,,
NYC,hour,2023-03-31 01:00:00,2023-03-31,1,4,0,spring,441,,,,
NYC,hour,2023-03-31 02:00:00,2023-03-31,2,4,0,spring,276,,,,
NYC,hour,2023-03-31 03:00:00,2023-03-31,3,4,0,spring,205,,,,
NYC,hour,2023-03-31 04:00:00,2023-03-31,4,4,0,spring,219,,,,
NYC,hour,2023-03-31 05:00:00,2023-03-31,5,4,0,spring,608,,,,
NYC,hour,2023-03-31 06:00:00,2023-03-31,6,4,0,spring,1683,,,,
NYC,hour,2023-03-31 07:00:00,2023-03-31,7,4,0,spring,3607,,,,
NYC,hour,2023-03-31 08:00:00,2023-03-31,8,4,0,spring,5401,,,,
NYC,hour,2023-03-31 09:00:00,2023-03-31,9,4,0,spring,4417,,,,
NYC,hour,2023-03-31 10:00:00,2023-03-31,10,4,0,spring,3492,,,,
NYC,hour,2023-03-31 11:00:00,2023-03-31,11,4,0,spring,3709,,,,
NYC,hour,2023-03-31 12:00:00,2023-03-31,12,4,0,spring,4158,,,,
NYC,hour,2023-03-31 13:00:00,2023-03-31,13,4,0,spring,4563,,,,
NYC,hour,2023-03-31 14:00:00,2023-03-31,14,4,0,spring,5024,,,,
NYC,hour,2023-03-31 15:00:00,2023-03-31,15,4,0,spring,5562,,,,
NYC,hour,2023-03-31 16:00:00,2023-03-31,16,4,0,spring,6275,,,,
NYC,hour,2023-03-31 17:00:00,2023-03-31,17,4,0,spring,7826,,,,
NYC,hour,2023-03-31 18:00:00,2023-03-31,18,4,0,spring,7447,,,,
NYC,hour,2023-03-31 19:00:00,2023-03-31,19,4,0,spring,5494,,,,
NYC,hour,2023-03-31 20:00:00,2023-03-31,20,4,0,spring,3745,,,,
NYC,hour,2023-03-31 21:00:00,2023-03-31,21,4,0,spring,2992,,,,
NYC,hour,2023-03-31 22:00:00,2023-03-31,22,4,0,spring,2730,,,,
NYC,hour,2023-03-31 23:00:00,2023-03-31,23,4,0,spring,2176,,,,
NYC,hour,2023-04-01 00:00:00,2023-04-01,0,5,1,spring,1859,,,,
NYC,hour,2023-04-01 01:00:00,2023-04-01,1,5,1,spring,1234,,,,
NYC,hour,2023-04-01 02:00:00,2023-04-01,2,5,1,spring,924,,,,
NYC,hour,2023-04-01 03:00:00,2023-04-01,3,5,1,spring,609,,,,
NYC,hour,2023-04-01 04:00:00,2023-04-01,4,5,1,spring,337,,,,
NYC,hour,2023-04-01 05:00:00,2023-04-01,5,5,1,spring,248,,,,
NYC,hour,2023-04-01 06:00:00,2023-04-01,6,5,1,spring,471,,,,
NYC,hour,2023-04-01 07:00:00,2023-04-01,7,5,1,spring,813,,,,
NYC,hour,2023-04-01 08:00:00,2023-04-01,8,5,1,spring,816,,,,
NYC,hour,2023-04-01 09:00:00,2023-04-01,9,5,1,spring,1565,,,,
NYC,hour,2023-04-01 10:00:00,2023-04-01,10,5,1,spring,1413,,,,
NYC,hour,2023-04-01 11:00:00,2023-04-01,11,5,1,spring,2688,,,,
NYC,hour,2023-04-01 12:00:00,2023-04-01,12,5,1,spring,3931,,,,
NYC,hour,2023-04-01 13:00:00,2023-04-01,13,5,1,spring,4200,,,,
NYC,hour,2023-04-01 14:00:00,2023-04-01,14,5,1,spring,6355,,,,
NYC,hour,2023-04-01 15:00:00,2023-04-01,15,5,1,spring,8355,,,,
NYC,hour,2023-04-01 16:00:00,2023-04-01,16,5,1,spring,9094,,,,
NYC,hour,2023-04-01 17:00:00,2023-04-01,17,5,1,spring,8884,,,,
NYC,hour,2023-04-01 18:00:00,2023-04-01,18,5,1,spring,8151,,,,
NYC,hour,2023-04-01 19:00:00,2023-04-01,19,5,1,spring,3374,,,,
NYC,hour,2023-04-01 20:00:00,2023-04-01,20,5,1,spring,805,,,,
NYC,hour,2023-04-01 21:00:00,2023-04-01,21,5,1,spring,1578,,,,
NYC,hour,2023-04-01 22:00:00,2023-04-01,22,5,1,spring,1942,,,,
NYC,hour,2023-04-01 23:00:00,2023-04-01,23,5,1,spring,1371,,,,
NYC,hour,2023-04-02 00:00:00,2023-04-02,0,6,1,spring,1154,,,,
NYC,hour,2023-04-02 01:00:00,2023-04-02,1,6,1,spring,947,,,,
NYC,hour,2023-04-02 02:00:00,2023-04-02,2,6,1,spring,604,,,,
NYC,hour,2023-04-02 03:00:00,2023-04-02,3,6,1,spring,362,,,,
NYC,hour,2023-04-02 04:00:00,2023-04-02,4,6,1,spring,276,,,,
NYC,hour,2023-04-02 05:00:00,2023-04-02,5,6,1,spring,201,,,,
NYC,hour,2023-04-02 06:00:00,2023-04-02,6,6,1,spring,434,,,,
NYC,hour,2023-04-02 07:00:00,2023-04-02,7,6,1,spring,925,,,,
NYC,hour,2023-04-02 08:00:00,2023-04-02,8,6,1,spring,1496,,,,
NYC,hour,2023-04-02 09:00:00,2023-04-02,9,6,1,spring,2467,,,,
NYC,hour,2023-04-02 10:00:00,2023-04-02,10,6,1,spring,3509,,,,
NYC,hour,2023-04-02 11:00:00,2023-04-02,11,6,1,spring,4725,,,,
NYC,hour,2023-04-02 12:00:00,2023-04-02,12,6,1,spring,5573,,,,
NYC,hour,2023-04-02 13:00:00,2023-04-02,13,6,1,spring,6167,,,,
NYC,hour,2023-04-02 14:00:00,2023-04-02,14,6,1,spring,6574,,,,
NYC,hour,2023-04-02 15:00:00,2023-04-02,15,6,1,spring,6753,,,,
NYC,hour,2023-04-02 16:00:00,2023-04-02,16,6,1,spring,6587,,,,
NYC,hour,2023-04-02 17:00:00,2023-04-02,17,6,1,spring,6182,,,,
NYC,hour,2023-04-02 18:00:00,2023-04-02,18,6,1,spring,5481,,,,
NYC,hour,2023-04-02 19:00:00,2023-04-02,19,6,1,spring,3920,,,,
NYC,hour,2023-04-02 20:00:00,2023-04-02,20,6,1,spring,2660,,,,
NYC,hour,2023-04-02 21:00:00,2023-04-02,21,6,1,spring,1922,,,,
NYC,hour,2023-04-02 22:00:00,2023-04-02,22,6,1,spring,1507,,,,
NYC,hour,2023-04-02 23:00:00,2023-04-02,23,6,1,spring,933,,,,
NYC,hour,2023-04-03 00:00:00,2023-04-03,0,0,0,spring,567,,,,
NYC,hour,2023-04-03 01:00:00,2023-04-03,1,0,0,spring,251,,,,
NYC,hour,2023-04-03 02:00:00,2023-04-03,2,0,0,spring,143,,,,
NYC,hour,2023-04-03 03:00:00,2023-04-03,3,0,0,spring,127,,,,
NYC,hour,2023-04-03 04:00:00,2023-04-03,4,0,0,spring,185,,,,
NYC,hour,2023-04-03 05:00:00,2023-04-03,5,0,0,spring,660,,,,
NYC,hour,2023-04-03 06:00:00,2023-04-03,6,0,0,spring,1832,,,,
NYC,hour,2023-04-03 07:00:00,2023-04-03,7,0,0,spring,4184,,,,
NYC,hour,2023-04-03 08:00:00,2023-04-03,8,0,0,spring,6103,,,,
NYC,hour,2023-04-03 09:00:00,2023-04-03,9,0,0,spring,4393,,,,
NYC,hour,2023-04-03 10:00:00,2023-04-03,10,0,0,spring,3148,,,,
NYC,hour,2023-04-03 11:00:00,2023-04-03,11,0,0,spring,3432,,,,
NYC,hour,2023-04-03 12:00:00,2023-04-03,12,0,0,spring,3887,,,,
NYC,hour,2023-04-03 13:00:00,2023-04-03,13,0,0,spring,4353,,,,
NYC,hour,2023-04-03 14:00:00,2023-04-03,14,0,0,spring,5133,,,,
NYC,hour,2023-04-03 15:00:00,2023-04-03,15,0,0,spring,5824,,,,
NYC,hour,2023-04-03 16:00:00,2023-04-03,16,0,0,spring,6742,,,,
NYC,hour,2023-04-03 17:00:00,2023-04-03,17,0,0,spring,8979,,,,
NYC,hour,2023-04-03 18:00:00,2023-04-03,18,0,0,spring,8456,,,,
NYC,hour,2023-04-03 19:00:00,2023-04-03,19,0,0,spring,5845,,,,
NYC,hour,2023-04-03 20:00:00,2023-04-03,20,0,0,spring,4029,,,,
NYC,hour,2023-04-03 21:00:00,2023-04-03,21,0,0,spring,2870,,,,
NYC,hour,2023-04-03 22:00:00,2023-04-03,22,0,0,spring,1979,,,,
NYC,hour,2023-04-03 23:00:00,2023-04-03,23,0,0,spring,1375,,,,
NYC,hour,2023-04-04 00:00:00,2023-04-04,0,1,0,spring,670,,,,
NYC,hour,2023-04-04 01:00:00,2023-04-04,1,1,0,spring,322,,,,
NYC,hour,2023-04-04 02:00:00,2023-04-04,2,1,0,spring,217,,,,
NYC,hour,2023-04-04 03:00:00,2023-04-04,3,1,0,spring,133,,,,
NYC,hour,2023-04-04 04:00:00,2023-04-04,4,1,0,spring,184,,,,
NYC,hour,2023-04-04 05:00:00,2023-04-04,5,1,0,spring,783,,,,
NYC,hour,2023-04-04 06:00:00,2023-04-04,6,1,0,spring,2437,,,,
NYC,hour,2023-04-04 07:00:00,2023-04-04,7,1,0,spring,5240,,,,
NYC,hour,2023-04-04 08:00:00,2023-04-04,8,1,0,spring,7904,,,,
NYC,hour,2023-04-04 09:00:00,2023-04-04,9,1,0,spring,5467,,,,
NYC,hour,2023-04-04 10:00:00,2023-04-04,10,1,0,spring,4034,,,,
NYC,hour,2023-04-04 11:00:00,2023-04-04,11,1,0,spring,4046,,,,
NYC,hour,2023-04-04 12:00:00,2023-04-04,12,1,0,spring,4798,,,,
NYC,hour,2023-04-04 13:00:00,2023-04-04,13,1,0,spring,5346,,,,
NYC,hour,2023-04-04 14:00:00,2023-04-04,14,1,0,spring,5867,,,,
NYC,hour,2023-04-04 15:00:00,2023-04-04,15,1,0,spring,6993,,,,
NYC,hour,2023-04-04 16:00:00,2023-04-04,16,1,0,spring,7905,,,,
NYC,hour,2023-04-04 17:00:00,2023-04-04,17,1,0,spring,11502,,,,
NYC,hour,2023-04-04 18:00:00,2023-04-04,18,1,0,spring,10777,,,,
NYC,hour,2023-04-04 19:00:00,2023-04-04,19,1,0,spring,7360,,,,
NYC,hour,2023-04-04 20:00:00,2023-04-04,20,1,0,spring,4822,,,,
NYC,hour,2023-04-04 21:00:00,2023-04-04,21,1,0,spring,3790,,,,
NYC,hour,2023-04-04 22:00:00,2023-04-04,22,1,0,spring,2854,,,,
NYC,hour,2023-04-04 23:00:00,2023-04-04,23,1,0,spring,1638,,,,
NYC,hour,2023-04-05 00:00:00,2023-04-05,0,2,0,spring,905,,,,
NYC,hour,2023-04-05 01:00:00,2023-04-05,1,2,0,spring,462,,,,
NYC,hour,2023-04-05 02:00:00,2023-04-05,2,2,0,spring,237,,,,
NYC,hour,2023-04-05 03:00:00,2023-04-05,3,2,0,spring,201,,,,
NYC,hour,2023-04-05 04:00:00,2023-04-05,4,2,0,spring,242,,,,
NYC,hour,2023-04-05 05:00:00,2023-04-05,5,2,0,spring,729,,,,
NYC,hour,2023-04-05 06:00:00,2023-04-05,6,2,0,spring,2277,,,,
NYC,hour,2023-04-05 07:00:00,2023-04-05,7,2,0,spring,4921,,,,
NYC,hour,2023-04-05 08:00:00,2023-04-05,8,2,0,spring,7053,,,,
NYC,hour,2023-04-05 09:00:00,2023-04-05,9,2,0,spring,5244,,,,
NYC,hour,2023-04-05 10:00:00,2023-04-05,10,2,0,spring,3301,,,,
NYC,hour,2023-04-05 11:00:00,2023-04-05,11,2,0,spring,2623,,,,
NYC,hour,2023-04-05 12:00:00,2023-04-05,12,2,0,spring,2859,,,,
NYC,hour,2023-04-05 13:00:00,2023-04-05,13,2,0,spring,2938,,,,
NYC,hour,2023-04-05 14:00:00,2023-04-05,14,2,0,spring,3689,,,,
NYC,hour,2023-04-05 15:00:00,2023-04-05,15,2,0,spring,4195,,,,
NYC,hour,2023-04-05 16:00:00,2023-04-05,16,2,0,spring,4505,,,,
NYC,hour,2023-04-05 17:00:00,2023-04-05,17,2,0,spring,6186,,,,
NYC,hour,2023-04-05 18:00:00,2023-04-05,18,2,0,spring,6045,,,,
NYC,hour,2023-04-05 19:00:00,2023-04-05,19,2,0,spring,4123,,,,
NYC,hour,2023-04-05 20:00:00,2023-04-05,20,2,0,spring,3168,,,,
NYC,hour,2023-04-05 21:00:00,2023-04-05,21,2,0,spring,2545,,,,
NYC,hour,2023-04-05 22:00:00,2023-04-05,22,2,0,spring,2030,,,,
NYC,hour,2023-04-05 23:00:00,2023-04-05,23,2,0,spring,1431,,,,
NYC,hour,2023-04-06 00:00:00,2023-04-06,0,3,0,spring,790,,,,
NYC,hour,2023-04-06 01:00:00,2023-04-06,1,3,0,spring,456,,,,
NYC,hour,2023-04-06 02:00:00,2023-04-06,2,3,0,spring,216,,,,
NYC,hour,2023-04-06 03:00:00,2023-04-06,3,3,0,spring,155,,,,
NYC,hour,2023-04-06 04:00:00,2023-04-06,4,3,0,spring,202,,,,
NYC,hour,2023-04-06 05:00:00,2023-04-06,5,3,0,spring,650,,,,
NYC,hour,2023-04-06 06:00:00,2023-04-06,6,3,0,spring,1917,,,,
NYC,hour,2023-04-06 07:00:00,2023-04-06,7,3,0,spring,3670,,,,
NYC,hour,2023-04-06 08:00:00,2023-04-06,8,3,0,spring,6008,,,,
NYC,hour,2023-04-06 09:00:00,2023-04-06,9,3,0,spring,5281,,,,
NYC,hour,2023-04-06 10:00:00,2023-04-06,10,3,0,spring,3822,,,,
NYC,hour,2023-04-06 11:00:00,2023-04-06,11,3,0,spring,4166,,,,
NYC,hour,2023-04-06 12:00:00,2023-04-06,12,3,0,spring,4846,,,,
NYC,hour,2023-04-06 13:00:00,2023-04-06,13,3,0,spring,5249,,,,
NYC,hour,2023-04-06 14:00:00,2023-04-06,14,3,0,spring,5556,,,,
NYC,hour,2023-04-06 15:00:00,2023-04-06,15,3,0,spring,6442,,,,
NYC,hour,2023-04-06 16:00:00,2023-04-06,16,3,0,spring,8008,,,,
NYC,hour,2023-04-06 17:00:00,2023-04-06,17,3,0,spring,10073,,,,
NYC,hour,2023-04-06 18:00:00,2023-04-06,18,3,0,spring,9542,,,,
NYC,hour,2023-04-06 19:00:00,2023-04-06,19,3,0,spring,6522,,,,
NYC,hour,2023-04-06 20:00:00,2023-04-06,20,3,0,spring,4484,,,,
NYC,hour,2023-04-06 21:00:00,2023-04-06,21,3,0,spring,3505,,,,
NYC,hour,2023-04-06 22:00:00,2023-04-06,22,3,0,spring,2922,,,,
NYC,hour,2023-04-06 23:00:00,2023-04-06,23,3,0,spring,2039,,,,
NYC,hour,2023-04-07 00:00:00,2023-04-07,0,4,0,spring,1327,,,,
NYC,hour,2023-04-07 01:00:00,2023-04-07,1,4,0,spring,735,,,,
NYC,hour,2023-04-07 02:00:00,2023-04-07,2,4,0,spring,465,,,,
NYC,hour,2023-04-07 03:00:00,2023-04-07,3,4,0,spring,273,,,,
NYC,hour,2023-04-07 04:00:00,2023-04-07,4,4,0,spring,283,,,,
NYC,hour,2023-04-07 05:00:00,2023-04-07,5,4,0,spring,601,,,,
NYC,hour,2023-04-07 06:00:00,2023-04-07,6,4,0,spring,1435,,,,
NYC,hour,2023-04-07 07:00:00,2023-04-07,7,4,0,spring,2632,,,,
NYC,hour,2023-04-07 08:00:00,2023-04-07,8,4,0,spring,4106,,,,
NYC,hour,2023-04-07 09:00:00,2023-04-07,9,4,0,spring,4449,,,,
NYC,hour,2023-04-07 10:00:00,2023-04-07,10,4,0,spring,4138,,,,
NYC,hour,2023-04-07 11:00:00,2023-04-07,11,4,0,spring,4696,,,,
NYC,hour,2023-04-07 12:00:00,2023-04-07,12,4,0,spring,5203,,,,
NYC,hour,2023-04-07 13:00:00,2023-04-07,13,4,0,spring,5449,,,,
NYC,hour,2023-04-07 14:00:00,2023-04-07,14,4,0,spring,5702,,,,
NYC,hour,2023-04-07 15:00:00,2023-04-07,15,4,0,spring,5960,,,,
NYC,hour,2023-04-07 16:00:00,2023-04-07,16,4,0,spring,6271,,,,
NYC,hour,2023-04-07 17:00:00,2023-04-07,17,4,0,spring,7044,,,,
NYC,hour,2023-04-07 18:00:00,2023-04-07,18,4,0,spring,6216,,,,
NYC,hour,2023-04-07 19:00:00,2023-04-07,19,4,0,spring,4835,,,,
NYC,hour,2023-04-07 20:00:00,2023-04-07,20,4,0,spring,3264,,,,
NYC,hour,2023-04-07 21:00:00,2023-04-07,21,4,0,spring,2508,,,,
NYC,hour,2023-04-07 22:00:00,2023-04-07,22,4,0,spring,2193,,,,
NYC,hour,2023-04-07 23:00:00,2023-04-07,23,4,0,spring,1624,,,,
NYC,hour,2023-04-08 00:00:00,2023-04-08,0,5,1,spring,1196,,,,
NYC,hour,2023-04-08 01:00:00,2023-04-08,1,5,1,spring,762,,,,
NYC,hour,2023-04-08 02:00:00,2023-04-08,2,5,1,spring,587,,,,
NYC,hour,2023-04-08 03:00:00,2023-04-08,3,5,1,spring,402,,,,
NYC,hour,2023-04-08 04:00:00,2023-04-08,4,5,1,spring,272,,,,
NYC,hour,2023-04-08 05:00:00,2023-04-08,5,5,1,spring,232,,,,
NYC,hour,2023-04-08 06:00:00,2023-04-08,6,5,1,spring,552,,,,
NYC,hour,2023-04-08 07:00:00,2023-04-08,7,5,1,spring,1066,,,,
NYC,hour,2023-04-08 08:00:00,2023-04-08,8,5,1,spring,1947,,,,
NYC,hour,2023-04-08 09:00:00,2023-04-08,9,5,1,spring,3174,,,,
NYC,hour,2023-04-08 10:00:00,2023-04-08,10,5,1,spring,4228,,,,
NYC,hour,2023-04-08 11:00:00,2023-04-08,11,5,1,spring,5273,,,,
NYC,hour,2023-04-08 12:00:00,2023-04-08,12,5,1,spring,5869,,,,
NYC,hour,2023-04-08 13:00:00,2023-04-08,13,5,1,spring,6522,,,,
NYC,hour,2023-04-08 14:00:00,2023-04-08,14,5,1,spring,6632,,,,
NYC,hour,2023-04-08 15:00:00,2023-04-08,15,5,1,spring,6965,,,,
NYC,hour,2023-04-08 16:00:00,2023-04-08,16,5,1,spring,6620,,,,
NYC,hour,2023-04-08 17:00:00,2023-04-08,17,5,1,spring,6109,,,,
NYC,hour,2023-04-08 18:00:00,2023-04-08,18,5,1,spring,5297,,,,
NYC,hour,2023-04-08 19:00:00,2023-04-08,19,5,1,spring,4214,,,,
NYC,hour,2023-04-08 20:00:00,2023-04-08,20,5,1,spring,2829,,,,
NYC,hour,2023-04-08 21:00:00,2023-04-08,21,5,1,spring,2366,,,,
NYC,hour,2023-04-08 22:00:00,2023-04-08,22,5,1,spring,2149,,,,
NYC,hour,2023-04-08 23:00:00,2023-04-08,23,5,1,spring,1709,,,,
NYC,hour,2023-04-09 00:00:00,2023-04-09,0,6,1,spring,1159,,,,
NYC,hour,2023-04-09 01:00:00,2023-04-09,1,6,1,spring,909,,,,
NYC,hour,2023-04-09 02:00:00,2023-04-09,2,6,1,spring,582,,,,
NYC,hour,2023-04-09 03:00:00,2023-04-09,3,6,1,spring,405,,,,
NYC,hour,2023-04-09 04:00:00,2023-04-09,4,6,1,spring,352,,,,
NYC,hour,2023-04-09 05:00:00,2023-04-09,5,6,1,spring,208,,,,
NYC,hour,2023-04-09 06:00:00,2023-04-09,6,6,1,spring,478,,,,
NYC,hour,2023-04-09 07:00:00,2023-04-09,7,6,1,spring,856,,,,
NYC,hour,2023-04-09 08:00:00,2023-04-09,8,6,1,spring,1604,,,,
NYC,hour,2023-04-09 09:00:00,2023-04-09,9,6,1,spring,2570,,,,
NYC,hour,2023-04-09 10:00:00,2023-04-09,10,6,1,spring,3758,,,,
NYC,hour,2023-04-09 11:00:00,2023-04-09,11,6,1,spring,4652,,,,
NYC,hour,2023-04-09 12:00:00,2023-04-09,12,6,1,spring,5608,,,,
NYC,hour,2023-04-09 13:00:00,2023-04-09,13,6,1,spring,6192,,,,
NYC,hour,2023-04-09 14:00:00,2023-04-09,14,6,1,spring,6236,,,,
NYC,hour,2023-04-09 15:00:00,2023-04-09,15,6,1,spring,6624,,,,
NYC,hour,2023-04-09 16:00:00,2023-04-09,16,6,1,spring,6214,,,,
NYC,hour,2023-04-09 17:00:00,2023-04-09,17,6,1,spring,5787,,,,
NYC,hour,2023-04-09 18:00:00,2023-04-09,18,6,1,spring,4900,,,,
NYC,hour,2023-04-09 19:00:00,2023-04-09,19,6,1,spring,3648,,,,
NYC,hour,2023-04-09 20:00:00,2023-04-09,20,6,1,spring,2519,,,,
NYC,hour,2023-04-09 21:00:00,2023-04-09,21,6,1,spring,2033,,,,
NYC,hour,2023-04-09 22:00:00,2023-04-09,22,6,1,spring,1610,,,,
NYC,hour,2023-04-09 23:00:00,2023-04-09,23,6,1,spring,1073,,,,
NYC,hour,2023-04-10 00:00:00,2023-04-10,0,0,0,spring,516,,,,
NYC,hour,2023-04-10 01:00:00,2023-04-10,1,0,0,spring,304,,,,
NYC,hour,2023-04-10 02:00:00,2023-04-10,2,0,0,spring,147,,,,
NYC,hour,2023-04-10 03:00:00,2023-04-10,3,0,0,spring,120,,,,
NYC,hour,2023-04-10 04:00:00,2023-04-10,4,0,0,spring,150,,,,
NYC,hour,2023-04-10 05:00:00,2023-04-10,5,0,0,spring,631,,,,
NYC,hour,2023-04-10 06:00:00,2023-04-10,6,0,0,spring,1719,,,,
NYC,hour,2023-04-10 07:00:00,2023-04-10,7,0,0,spring,3473,,,,
NYC,hour,2023-04-10 08:00:00,2023-04-10,8,0,0,spring,5401,,,,
NYC,hour,2023-04-10 09:00:00,2023-04-10,9,0,0,spring,4452,,,,
NYC,hour,2023-04-10 10:00:00,2023-04-10,10,0,0,spring,3446,,,,
NYC,hour,2023-04-10 11:00:00,2023-04-10,11,0,0,spring,3725,,,,
NYC,hour,2023-04-10 12:00:00,2023-04-10,12,0,0,spring,4503,,,,
NYC,hour,2023-04-10 13:00:00,2023-04-10,13,0,0,spring,4920,,,,
NYC,hour,2023-04-10 14:00:00,2023-04-10,14,0,0,spring,5418,,,,
NYC,hour,2023-04-10 15:00:00,2023-04-10,15,0,0,spring,6198,,,,
NYC,hour,2023-04-10 16:00:00,2023-04-10,16,0,0,spring,7361,,,,
NYC,hour,2023-04-10 17:00:00,2023-04-10,17,0,0,spring,10080,,,,
NYC,hour,2023-04-10 18:00:00,2023-04-10,18,0,0,spring,9437,,,,
NYC,hour,2023-04-10 19:00:00,2023-04-10,19,0,0,spring,6631,,,,
NYC,hour,2023-04-10 20:00:00,2023-04-10,20,0,0,spring,4265,,,,
NYC,hour,2023-04-10 21:00:00,2023-04-10,21,0,0,spring,3043,,,,
NYC,hour,2023-04-10 22:00:00,2023-04-10,22,0,0,spring,2573,,,,
NYC,hour,2023-04-10 23:00:00,2023-04-10,23,0,0,spring,1546,,,,
NYC,hour,2023-04-11 00:00:00,2023-04-11,0,1,0,spring,887,,,,
NYC,hour,2023-04-11 01:00:00,2023-04-11,1,1,0,spring,378,,,,
NYC,hour,2023-04-11 02:00:00,2023-04-11,2,1,0,spring,237,,,,
NYC,hour,2023-04-11 03:00:00,2023-04-11,3,1,0,spring,170,,,,
NYC,hour,2023-04-11 04:00:00,2023-04-11,4,1,0,spring,182,,,,
NYC,hour,2023-04-11 05:00:00,2023-04-11,5,1,0,spring,833,,,,
NYC,hour,2023-04-11 06:00:00,2023-04-11,6,1,0,spring,2300,,,,
NYC,hour,2023-04-11 07:00:00,2023-04-11,7,1,0,spring,4622,,,,
NYC,hour,2023-04-11 08:00:00,2023-04-11,8,1,0,spring,7058,,,,
NYC,hour,2023-04-11 09:00:00,2023-04-11,9,1,0,spring,5488,,,,
NYC,hour,2023-04-11 10:00:00,2023-04-11,10,1,0,spring,3829,,,,
NYC,hour,2023-04-11 11:00:00,2023-04-11,11,1,0,spring,4043,,,,
NYC,hour,2023-04-11 12:00:00,2023-04-11,12,1,0,spring,4754,,,,
NYC,hour,2023-04-11 13:00:00,2023-04-11,13,1,0,spring,5594,,,,
NYC,hour,2023-04-11 14:00:00,2023-04-11,14,1,0,spring,5955,,,,
NYC,hour,2023-04-11 15:00:00,2023-04-11,15,1,0,spring,6582,,,,
NYC,hour,2023-04-11 16:00:00,2023-04-11,16,1,0,spring,7829,,,,
NYC,hour,2023-04-11 17:00:00,2023-04-11,17,1,0,spring,11199,,,,
NYC,hour,2023-04-11 18:00:00,2023-04-11,18,1,0,spring,10691,,,,
NYC,hour,2023-04-11 19:00:00,2023-04-11,19,1,0,spring,7552,,,,
NYC,hour,2023-04-11 20:00:00,2023-04-11,20,1,0,spring,5018,,,,
NYC,hour,2023-04-11 21:00:00,2023-04-11,21,1,0,spring,3877,,,,
NYC,hour,2023-04-11 22:00:00,2023-04-11,22,1,0,spring,3079,,,,
NYC,hour,2023-04-11 23:00:00,2023-04-11,23,1,0,spring,1911,,,,
NYC,hour,2023-04-12 00:00:00,2023-04-12,0,2,0,spring,1015,,,,
NYC,hour,2023-04-12 01:00:00,2023-04-12,1,2,0,spring,549,,,,
NYC,hour,2023-04-12 02:00:00,2023-04-12,2,2,0,spring,367,,,,
NYC,hour,2023-04-12 03:00:00,2023-04-12,3,2,0,spring,232,,,,
NYC,hour,2023-04-12 04:00:00,2023-04-12,4,2,0,spring,216,,,,
NYC,hour,2023-04-12 05:00:00,2023-04-12,5,2,0,spring,827,,,,
NYC,hour,2023-04-12 06:00:00,2023-04-12,6,2,0,spring,2349,,,,
NYC,hour,2023-04-12 07:00:00,2023-04-12,7,2,0,spring,4714,,,,
NYC,hour,2023-04-12 08:00:00,2023-04-12,8,2,0,spring,7185,,,,
NYC,hour,2023-04-12 09:00:00,2023-04-12,9,2,0,spring,5827,,,,
NYC,hour,2023-04-12 10:00:00,2023-04-12,10,2,0,spring,4368,,,,
NYC,hour,2023-04-12 11:00:00,2023-04-12,11,2,0,spring,4546,,,,
NYC,hour,2023-04-12 12:00:00,2023-04-12,12,2,0,spring,5259,,,,
NYC,hour,2023-04-12 13:00:00,2023-04-12,13,2,0,spring,5823,,,,
NYC,hour,2023-04-12 14:00:00,2023-04-12,14,2,0,spring,6213,,,,
NYC,hour,2023-04-12 15:00:00,2023-04-12,15,2,0,spring,7005,,,,
NYC,hour,2023-04-12 16:00:00,2023-04-12,16,2,0,spring,8549,,,,
NYC,hour,2023-04-12 17:00:00,2023-04-12,17,2,0,spring,12365,,,,
NYC,hour,2023-04-12 18:00:00,2023-04-12,18,2,0,spring,12224,,,,
NYC,hour,2023-04-12 19:00:00,2023-04-12,19,2,0,spring,9276,,,,
NYC,hour,2023-04-12 20:00:00,2023-04-12,20,2,0,spring,6086,,,,
NYC,hour,2023-04-12 21:00:00,2023-04-12,21,2,0,spring,4736,,,,
NYC,hour,2023-04-12 22:00:00,2023-04-12,22,2,0,spring,3847,,,,
NYC,hour,2023-04-12 23:00:00,2023-04-12,23,2,0,spring,2533,,,,
NYC,hour,2023-04-13 00:00:00,2023-04-13,0,3,0,spring,1338,,,,
NYC,hour,2023-04-13 01:00:00,2023-04-13,1,3,0,spring,812,,,,
NYC,hour,2023-04-13 02:00:00,2023-04-13,2,3,0,spring,446,,,,
NYC,hour,2023-04-13 03:00:00,2023-04-13,3,3,0,spring,341,,,,
NYC,hour,2023-04-13 04:00:00,2023-04-13,4,3,0,spring,289,,,,
NYC,hour,2023-04-13 05:00:00,2023-04-13,5,3,0,spring,877,,,,
NYC,hour,2023-04-13 06:00:00,2023-04-13,6,3,0,spring,2483,,,,
NYC,hour,2023-04-13 07:00:00,2023-04-13,7,3,0,spring,4862,,,,
NYC,hour,2023-04-13 08:00:00,2023-04-13,8,3,0,spring,7326,,,,
NYC,hour,2023-04-13 09:00:00,2023-04-13,9,3,0,spring,6092,,,,
NYC,hour,2023-04-13 10:00:00,2023-04-13,10,3,0,spring,4827,,,,
NYC,hour,2023-04-13 11:00:00,2023-04-13,11,3,0,spring,4920,,,,
NYC,hour,2023-04-13 12:00:00,2023-04-13,12,3,0,spring,5423,,,,
NYC,hour,2023-04-13 13:00:00,2023-04-13,13,3,0,spring,5850,,,,
NYC,hour,2023-04-13 14:00:00,2023-04-13,14,3,0,spring,6253,,,,
NYC,hour,2023-04-13 15:00:00,2023-04-13,15,3,0,spring,7171,,,,
NYC,hour,2023-04-13 16:00:00,2023-04-13,16,3,0,spring,8632,,,,
NYC,hour,2023-04-13 17:00:00,2023-04-13,17,3,0,spring,11945,,,,
NYC,hour,2023-04-13 18:00:00,2023-04-13,18,3,0,spring,11759,,,,
NYC,hour,2023-04-13 19:00:00,2023-04-13,19,3,0,spring,8928,,,,
NYC,hour,2023-04-13 20:00:00,2023-04-13,20,3,0,spring,6449,,,,
NYC,hour,2023-04-13 21:00:00,2023-04-13,21,3,0,spring,5088,,,,
NYC,hour,2023-04-13 22:00:00,2023-04-13,22,3,0,spring,4197,,,,
NYC,hour,2023-04-13 23:00:00,2023-04-13,23,3,0,spring,2776,,,,
NYC,hour,2023-04-14 00:00:00,2023-04-14,0,4,0,spring,1823,,,,
NYC,hour,2023-04-14 01:00:00,2023-04-14,1,4,0,spring,1043,,,,
NYC,hour,2023-04-14 02:00:00,2023-04-14,2,4,0,spring,621,,,,
NYC,hour,2023-04-14 03:00:00,2023-04-14,3,4,0,spring,423,,,,
NYC,hour,2023-04-14 04:00:00,2023-04-14,4,4,0,spring,372,,,,
NYC,hour,2023-04-14 05:00:00,2023-04-14,5,4,0,spring,779,,,,
NYC,hour,2023-04-14 06:00:00,2023-04-14,6,4,0,spring,2191,,,,
NYC,hour,2023-04-14 07:00:00,2023-04-14,7,4,0,spring,4193,,,,
NYC,hour,2023-04-14 08:00:00,2023-04-14,8,4,0,spring,6121,,,,
NYC,hour,2023-04-14 09:00:00,2023-04-14,9,4,0,spring,5479,,,,
NYC,hour,2023-04-14 10:00:00,2023-04-14,10,4,0,spring,4633,,,,
NYC,hour,2023-04-14 11:00:00,2023-04-14,11,4,0,spring,5205,,,,
NYC,hour,2023-04-14 12:00:00,2023-04-14,12,4,0,spring,6279,,,,
NYC,hour,2023-04-14 13:00:00,2023-04-14,13,4,0,spring,6702,,,,
NYC,hour,2023-04-14 14:00:00,2023-04-14,14,4,0,spring,7114,,,,
NYC,hour,2023-04-14 15:00:00,2023-04-14,15,4,0,spring,8168,,,,
NYC,hour,2023-04-14 16:00:00,2023-04-14,16,4,0,spring,9358,,,,
NYC,hour,2023-04-14 17:00:00,2023-04-14,17,4,0,spring,11193,,,,
NYC,hour,2023-04-14 18:00:00,2023-04-14,18,4,0,spring,11149,,,,
NYC,hour,2023-04-14 19:00:00,2023-04-14,19,4,0,spring,8675,,,,
NYC,hour,2023-04-14 20:00:00,2023-04-14,20,4,0,spring,5640,,,,
NYC,hour,2023-04-14 21:00:00,2023-04-14,21,4,0,spring,4618,,,,
NYC,hour,2023-04-14 22:00:00,2023-04-14,22,4,0,spring,4420,,,,
NYC,hour,2023-04-14 23:00:00,2023-04-14,23,4,0,spring,3596,,,,
NYC,hour,2023-04-15 00:00:00,2023-04-15,0,5,1,spring,2863,,,,
NYC,hour,2023-04-15 01:00:00,2023-04-15,1,5,1,spring,1974,,,,
NYC,hour,2023-04-15 02:00:00,2023-04-15,2,5,1,spring,1424,,,,
NYC,hour,2023-04-15 03:00:00,2023-04-15,3,5,1,spring,868,,,,
NYC,hour,2023-04-15 04:00:00,2023-04-15,4,5,1,spring,592,,,,
NYC,hour,2023-04-15 05:00:00,2023-04-15,5,5,1,spring,442,,,,
NYC,hour,2023-04-15 06:00:00,2023-04-15,6,5,1,spring,820,,,,
NYC,hour,2023-04-15 07:00:00,2023-04-15,7,5,1,spring,1619,,,,
NYC,hour,2023-04-15 08:00:00,2023-04-15,8,5,1,spring,2817,,,,
NYC,hour,2023-04-15 09:00:00,2023-04-15,9,5,1,spring,4517,,,,
NYC,hour,2023-04-15 10:00:00,2023-04-15,10,5,1,spring,6048,,,,
NYC,hour,2023-04-15 11:00:00,2023-04-15,11,5,1,spring,7353,,,,
NYC,hour,2023-04-15 12:00:00,2023-04-15,12,5,1,spring,8353,,,,
NYC,hour,2023-04-15 13:00:00,2023-04-15,13,5,1,spring,8512,,,,
NYC,hour,2023-04-15 14:00:00,2023-04-15,14,5,1,spring,7802,,,,
NYC,hour,2023-04-15 15:00:00,2023-04-15,15,5,1,spring,7910,,,,
NYC,hour,2023-04-15 16:00:00,2023-04-15,16,5,1,spring,8073,,,,
NYC,hour,2023-04-15 17:00:00,2023-04-15,17,5,1,spring,7479,,,,
NYC,hour,2023-04-15 18:00:00,2023-04-15,18,5,1,spring,6008,,,,
NYC,hour,2023-04-15 19:00:00,2023-04-15,19,5,1,spring,4138,,,,
NYC,hour,2023-04-15 20:00:00,2023-04-15,20,5,1,spring,3448,,,,
NYC,hour,2023-04-15 21:00:00,2023-04-15,21,5,1,spring,3016,,,,
NYC,hour,2023-04-15 22:00:00,2023-04-15,22,5,1,spring,2722,,,,
NYC,hour,2023-04-15 23:00:00,2023-04-15,23,5,1,spring,2549,,,,
NYC,hour,2023-04-16 00:00:00,2023-04-16,0,6,1,spring,2068,,,,
NYC,hour,2023-04-16 01:00:00,2023-04-16,1,6,1,spring,1474,,,,
NYC,hour,2023-04-16 02:00:00,2023-04-16,2,6,1,spring,1014,,,,
NYC,hour,2023-04-16 03:00:00,2023-04-16,3,6,1,spring,776,,,,
NYC,hour,2023-04-16 04:00:00,2023-04-16,4,6,1,spring,502,,,,
NYC,hour,2023-04-16 05:00:00,2023-04-16,5,6,1,spring,364,,,,
NYC,hour,2023-04-16 06:00:00,2023-04-16,6,6,1,spring,653,,,,
NYC,hour,2023-04-16 07:00:00,2023-04-16,7,6,1,spring,1161,,,,
NYC,hour,2023-04-16 08:00:00,2023-04-16,8,6,1,spring,2258,,,,
NYC,hour,2023-04-16 09:00:00,2023-04-16,9,6,1,spring,3765,,,,
NYC,hour,2023-04-16 10:00:00,2023-04-16,10,6,1,spring,5333,,,,
NYC,hour,2023-04-16 11:00:00,2023-04-16,11,6,1,spring,7015,,,,
NYC,hour,2023-04-16 12:00:00,2023-04-16,12,6,1,spring,8016,,,,
NYC,hour,2023-04-16 13:00:00,2023-04-16,13,6,1,spring,8747,,,,
NYC,hour,2023-04-16 14:00:00,2023-04-16,14,6,1,spring,8985,,,,
NYC,hour,2023-04-16 15:00:00,2023-04-16,15,6,1,spring,9188,,,,
NYC,hour,2023-04-16 16:00:00,2023-04-16,16,6,1,spring,8822,,,,
NYC,hour,2023-04-16 17:00:00,2023-04-16,17,6,1,spring,8555,,,,
NYC,hour,2023-04-16 18:00:00,2023-04-16,18,6,1,spring,8048,,,,
NYC,hour,2023-04-16 19:00:00,2023-04-16,19,6,1,spring,6379,,,,
NYC,hour,2023-04-16 20:00:00,2023-04-16,20,6,1,spring,4116,,,,
NYC,hour,2023-04-16 21:00:00,2023-04-16,21,6,1,spring,2828,,,,
NYC,hour,2023-04-16 22:00:00,2023-04-16,22,6,1,spring,2169,,,,
NYC,hour,2023-04-16 23:00:00,2023-04-16,23,6,1,spring,1370,,,,
NYC,hour,2023-04-17 00:00:00,2023-04-17,0,0,0,spring,748,,,,
NYC,hour,2023-04-17 01:00:00,2023-04-17,1,0,0,spring,422,,,,
NYC,hour,2023-04-17 02:00:00,2023-04-17,2,0,0,spring,275,,,,
NYC,hour,2023-04-17 03:00:00,2023-04-17,3,0,0,spring,217,,,,
NYC,hour,2023-04-17 04:00:00,2023-04-17,4,0,0,spring,233,,,,
NYC,hour,2023-04-17 05:00:00,2023-04-17,5,0,0,spring,794,,,,
NYC,hour,2023-04-17 06:00:00,2023-04-17,6,0,0,spring,2131,,,,
NYC,hour,2023-04-17 07:00:00,2023-04-17,7,0,0,spring,4222,,,,
NYC,hour,2023-04-17 08:00:00,2023-04-17,8,0,0,spring,4959,,,,
NYC,hour,2023-04-17 09:00:00,2023-04-17,9,0,0,spring,3947,,,,
NYC,hour,2023-04-17 10:00:00,2023-04-17,10,0,0,spring,3206,,,,
NYC,hour,2023-04-17 11:00:00,2023-04-17,11,0,0,spring,3196,,,,
NYC,hour,2023-04-17 12:00:00,2023-04-17,12,0,0,spring,3491,,,,
NYC,hour,2023-04-17 13:00:00,2023-04-17,13,0,0,spring,3880,,,,
NYC,hour,2023-04-17 14:00:00,2023-04-17,14,0,0,spring,5279,,,,
NYC,hour,2023-04-17 15:00:00,2023-04-17,15,0,0,spring,6897,,,,
NYC,hour,2023-04-17 16:00:00,2023-04-17,16,0,0,spring,7755,,,,
NYC,hour,2023-04-17 17:00:00,2023-04-17,17,0,0,spring,10697,,,,
NYC,hour,2023-04-17 18:00:00,2023-04-17,18,0,0,spring,9861,,,,
NYC,hour,2023-04-17 19:00:00,2023-04-17,19,0,0,spring,7266,,,,
NYC,hour,2023-04-17 20:00:00,2023-04-17,20,0,0,spring,4669,,,,
NYC,hour,2023-04-17 21:00:00,2023-04-17,21,0,0,spring,3510,,,,
NYC,hour,2023-04-17 22:00:00,2023-04-17,22,0,0,spring,2390,,,,
NYC,hour,2023-04-17 23:00:00,2023-04-17,23,0,0,spring,1438,,,,
NYC,hour,2023-04-18 00:00:00,2023-04-18,0,1,0,spring,688,,,,
NYC,hour,2023-04-18 01:00:00,2023-04-18,1,1,0,spring,392,,,,
NYC,hour,2023-04-18 02:00:00,2023-04-18,2,1,0,spring,265,,,,
NYC,hour,2023-04-18 03:00:00,2023-04-18,3,1,0,spring,224,,,,
NYC,hour,2023-04-18 04:00:00,2023-04-18,4,1,0,spring,272,,,,
NYC,hour,2023-04-18 05:00:00,2023-04-18,5,1,0,spring,933,,,,
NYC,hour,2023-04-18 06:00:00,2023-04-18,6,1,0,spring,2617,,,,
NYC,hour,2023-04-18 07:00:00,2023-04-18,7,1,0,spring,5693,,,,
NYC,hour,2023-04-18 08:00:00,2023-04-18,8,1,0,spring,8204,,,,
NYC,hour,2023-04-18 09:00:00,2023-04-18,9,1,0,spring,5467,,,,
NYC,hour,2023-04-18 10:00:00,2023-04-18,10,1,0,spring,3666,,,,
NYC,hour,2023-04-18 11:00:00,2023-04-18,11,1,0,spring,3492,,,,
NYC,hour,2023-04-18 12:00:00,2023-04-18,12,1,0,spring,3869,,,,
NYC,hour,2023-04-18 13:00:00,2023-04-18,13,1,0,spring,4086,,,,
NYC,hour,2023-04-18 14:00:00,2023-04-18,14,1,0,spring,4950,,,,
NYC,hour,2023-04-18 15:00:00,2023-04-18,15,1,0,spring,5979,,,,
NYC,hour,2023-04-18 16:00:00,2023-04-18,16,1,0,spring,7260,,,,
NYC,hour,2023-04-18 17:00:00,2023-04-18,17,1,0,spring,10059,,,,
NYC,hour,2023-04-18 18:00:00,2023-04-18,18,1,0,spring,9814,,,,
NYC,hour,2023-04-18 19:00:00,2023-04-18,19,1,0,spring,6844,,,,
NYC,hour,2023-04-18 20:00:00,2023-04-18,20,1,0,spring,4170,,,,
NYC,hour,2023-04-18 21:00:00,2023-04-18,21,1,0,spring,3142,,,,
NYC,hour,2023-04-18 22:00:00,2023-04-18,22,1,0,spring,2373,,,,
NYC,hour,2023-04-18 23:00:00,2023-04-18,23,1,0,spring,1290,,,,
NYC,hour,2023-04-19 00:00:00,2023-04-19,0,2,0,spring,721,,,,
NYC,hour,2023-04-19 01:00:00,2023-04-19,1,2,0,spring,323,,,,
NYC,hour,2023-04-19 02:00:00,2023-04-19,2,2,0,spring,260,,,,
NYC,hour,2023-04-19 03:00:00,2023-04-19,3,2,0,spring,163,,,,
NYC,hour,2023-04-19 04:00:00,2023-04-19,4,2,0,spring,207,,,,
NYC,hour,2023-04-19 05:00:00,2023-04-19,5,2,0,spring,809,,,,
NYC,hour,2023-04-19 06:00:00,2023-04-19,6,2,0,spring,2477,,,,
NYC,hour,2023-04-19 07:00:00,2023-04-19,7,2,0,spring,5425,,,,
NYC,hour,2023-04-19 08:00:00,2023-04-19,8,2,0,spring,7937,,,,
NYC,hour,2023-04-19 09:00:00,2023-04-19,9,2,0,spring,5798,,,,
NYC,hour,2023-04-19 10:00:00,2023-04-19,10,2,0,spring,3767,,,,
NYC,hour,2023-04-19 11:00:00,2023-04-19,11,2,0,spring,3742,,,,
NYC,hour,2023-04-19 12:00:00,2023-04-19,12,2,0,spring,4426,,,,
NYC,hour,2023-04-19 13:00:00,2023-04-19,13,2,0,spring,4857,,,,
NYC,hour,2023-04-19 14:00:00,2023-04-19,14,2,0,spring,6083,,,,
NYC,hour,2023-04-19 15:00:00,2023-04-19,15,2,0,spring,6796,,,,
NYC,hour,2023-04-19 16:00:00,2023-04-19,16,2,0,spring,7883,,,,
NYC,hour,2023-04-19 17:00:00,2023-04-19,17,2,0,spring,11429,,,,
NYC,hour,2023-04-19 18:00:00,2023-04-19,18,2,0,spring,10991,,,,
NYC,hour,2023-04-19 19:00:00,2023-04-19,19,2,0,spring,8196,,,,
NYC,hour,2023-04-19 20:00:00,2023-04-19,20,2,0,spring,5146,,,,
NYC,hour,2023-04-19 21:00:00,2023-04-19,21,2,0,spring,3817,,,,
NYC,hour,2023-04-19 22:00:00,2023-04-19,22,2,0,spring,2918,,,,
NYC,hour,2023-04-19 23:00:00,2023-04-19,23,2,0,spring,1813,,,,
NYC,hour,2023-04-20 00:00:00,2023-04-20,0,3,0,spring,978,,,,
NYC,hour,2023-04-20 01:00:00,2023-04-20,1,3,0,spring,533,,,,
NYC,hour,2023-04-20 02:00:00,2023-04-20,2,3,0,spring,339,,,,
NYC,hour,2023-04-20 03:00:00,2023-04-20,3,3,0,spring,190,,,,
NYC,hour,2023-04-20 04:00:00,2023-04-20,4,3,0,spring,261,,,,
NYC,hour,2023-04-20 05:00:00,2023-04-20,5,3,0,spring,867,,,,
NYC,hour,2023-04-20 06:00:00,2023-04-20,6,3,0,spring,2417,,,,
NYC,hour,2023-04-20 07:00:00,2023-04-20,7,3,0,spring,5390,,,,
NYC,hour,2023-04-20 08:00:00,2023-04-20,8,3,0,spring,7939,,,,
NYC,hour,2023-04-20 09:00:00,2023-04-20,9,3,0,spring,5795,,,,
NYC,hour,2023-04-20 10:00:00,2023-04-20,10,3,0,spring,4310,,,,
NYC,hour,2023-04-20 11:00:00,2023-04-20,11,3,0,spring,4431,,,,
NYC,hour,2023-04-20 12:00:00,2023-04-20,12,3,0,spring,5244,,,,
NYC,hour,2023-04-20 13:00:00,2023-04-20,13,3,0,spring,5708,,,,
NYC,hour,2023-04-20 14:00:00,2023-04-20,14,3,0,spring,6385,,,,
NYC,hour,2023-04-20 15:00:00,2023-04-20,15,3,0,spring,7469,,,,
NYC,hour,2023-04-20 16:00:00,2023-04-20,16,3,0,spring,8732,,,,
NYC,hour,2023-04-20 17:00:00,2023-04-20,17,3,0,spring,11605,,,,
NYC,hour,2023-04-20 18:00:00,2023-04-20,18,3,0,spring,11138,,,,
NYC,hour,2023-04-20 19:00:00,2023-04-20,19,3,0,spring,8210,,,,
NYC,hour,2023-04-20 20:00:00,2023-04-20,20,3,0,spring,5195,,,,
NYC,hour,2023-04-20 21:00:00,2023-04-20,21,3,0,spring,4028,,,,
NYC,hour,2023-04-20 22:00:00,2023-04-20,22,3,0,spring,3467,,,,
NYC,hour,2023-04-20 23:00:00,2023-04-20,23,3,0,spring,2299,,,,
NYC,hour,2023-04-21 00:00:00,2023-04-21,0,4,0,spring,1411,,,,
NYC,hour,2023-04-21 01:00:00,2023-04-21,1,4,0,spring,783,,,,
NYC,hour,2023-04-21 02:00:00,2023-04-21,2,4,0,spring,454,,,,
NYC,hour,2023-04-21 03:00:00,2023-04-21,3,4,0,spring,242,,,,
NYC,hour,2023-04-21 04:00:00,2023-04-21,4,4,0,spring,274,,,,
NYC,hour,2023-04-21 05:00:00,2023-04-21,5,4,0,spring,785,,,,
NYC,hour,2023-04-21 06:00:00,2023-04-21,6,4,0,spring,2092,,,,
NYC,hour,2023-04-21 07:00:00,2023-04-21,7,4,0,spring,4092,,,,
NYC,hour,2023-04-21 08:00:00,2023-04-21,8,4,0,spring,5924,,,,
NYC,hour,2023-04-21 09:00:00,2023-04-21,9,4,0,spring,5731,,,,
NYC,hour,2023-04-21 10:00:00,2023-04-21,10,4,0,spring,5094,,,,
NYC,hour,2023-04-21 11:00:00,2023-04-21,11,4,0,spring,5463,,,,
NYC,hour,2023-04-21 12:00:00,2023-04-21,12,4,0,spring,6257,,,,
NYC,hour,2023-04-21 13:00:00,2023-04-21,13,4,0,spring,6856,,,,
NYC,hour,2023-04-21 14:00:00,2023-04-21,14,4,0,spring,7437,,,,
NYC,hour,2023-04-21 15:00:00,2023-04-21,15,4,0,spring,8320,,,,
NYC,hour,2023-04-21 16:00:00,2023-04-21,16,4,0,spring,9658,,,,
NYC,hour,2023-04-21 17:00:00,2023-04-21,17,4,0,spring,11375,,,,
NYC,hour,2023-04-21 18:00:00,2023-04-21,18,4,0,spring,10143,,,,
NYC,hour,2023-04-21 19:00:00,2023-04-21,19,4,0,spring,7622,,,,
NYC,hour,2023-04-21 20:00:00,2023-04-21,20,4,0,spring,4900,,,,
NYC,hour,2023-04-21 21:00:00,2023-04-21,21,4,0,spring,3733,,,,
NYC,hour,2023-04-21 22:00:00,2023-04-21,22,4,0,spring,3173,,,,
NYC,hour,2023-04-21 23:00:00,2023-04-21,23,4,0,spring,3079,,,,
NYC,hour,2023-04-22 00:00:00,2023-04-22,0,5,1,spring,2181,,,,
NYC,hour,2023-04-22 01:00:00,2023-04-22,1,5,1,spring,1542,,,,
NYC,hour,2023-04-22 02:00:00,2023-04-22,2,5,1,spring,914,,,,
NYC,hour,2023-04-22 03:00:00,2023-04-22,3,5,1,spring,689,,,,
NYC,hour,2023-04-22 04:00:00,2023-04-22,4,5,1,spring,381,,,,
NYC,hour,2023-04-22 05:00:00,2023-04-22,5,5,1,spring,358,,,,
NYC,hour,2023-04-22 06:00:00,2023-04-22,6,5,1,spring,721,,,,
NYC,hour,2023-04-22 07:00:00,2023-04-22,7,5,1,spring,1521,,,,
NYC,hour,2023-04-22 08:00:00,2023-04-22,8,5,1,spring,2758,,,,
NYC,hour,2023-04-22 09:00:00,2023-04-22,9,5,1,spring,4564,,,,
NYC,hour,2023-04-22 10:00:00,2023-04-22,10,5,1,spring,6675,,,,
NYC,hour,2023-04-22 11:00:00,2023-04-22,11,5,1,spring,8893,,,,
NYC,hour,2023-04-22 12:00:00,2023-04-22,12,5,1,spring,10478,,,,
NYC,hour,2023-04-22 13:00:00,2023-04-22,13,5,1,spring,11452,,,,
NYC,hour,2023-04-22 14:00:00,2023-04-22,14,5,1,spring,11698,,,,
NYC,hour,2023-04-22 15:00:00,2023-04-22,15,5,1,spring,11008,,,,
NYC,hour,2023-04-22 16:00:00,2023-04-22,16,5,1,spring,10388,,,,
NYC,hour,2023-04-22 17:00:00,2023-04-22,17,5,1,spring,7697,,,,
NYC,hour,2023-04-22 18:00:00,2023-04-22,18,5,1,spring,6380,,,,
NYC,hour,2023-04-22 19:00:00,2023-04-22,19,5,1,spring,5698,,,,
NYC,hour,2023-04-22 20:00:00,2023-04-22,20,5,1,spring,4064,,,,
NYC,hour,2023-04-22 21:00:00,2023-04-22,21,5,1,spring,2222,,,,
NYC,hour,2023-04-22 22:00:00,2023-04-22,22,5,1,spring,542,,,,
NYC,hour,2023-04-22 23:00:00,2023-04-22,23,5,1,spring,750,,,,
NYC,hour,2023-04-23 00:00:00,2023-04-23,0,6,1,spring,714,,,,
NYC,hour,2023-04-23 01:00:00,2023-04-23,1,6,1,spring,240,,,,
NYC,hour,2023-04-23 02:00:00,2023-04-23,2,6,1,spring,155,,,,
NYC,hour,2023-04-23 03:00:00,2023-04-23,3,6,1,spring,111,,,,
NYC,hour,2023-04-23 04:00:00,2023-04-23,4,6,1,spring,134,,,,
NYC,hour,2023-04-23 05:00:00,2023-04-23,5,6,1,spring,171,,,,
NYC,hour,2023-04-23 06:00:00,2023-04-23,6,6,1,spring,212,,,,
NYC,hour,2023-04-23 07:00:00,2023-04-23,7,6,1,spring,551,,,,
NYC,hour,2023-04-23 08:00:00,2023-04-23,8,6,1,spring,790,,,,
NYC,hour,2023-04-23 09:00:00,2023-04-23,9,6,1,spring,1463,,,,
NYC,hour,2023-04-23 10:00:00,2023-04-23,10,6,1,spring,3221,,,,
NYC,hour,2023-04-23 11:00:00,2023-04-23,11,6,1,spring,5141,,,,
NYC,hour,2023-04-23 12:00:00,2023-04-23,12,6,1,spring,7232,,,,
NYC,hour,2023-04-23 13:00:00,2023-04-23,13,6,1,spring,8165,,,,
NYC,hour,2023-04-23 14:00:00,2023-04-23,14,6,1,spring,8825,,,,
NYC,hour,2023-04-23 15:00:00,2023-04-23,15,6,1,spring,9322,,,,
NYC,hour,2023-04-23 16:00:00,2023-04-23,16,6,1,spring,9328,,,,
NYC,hour,2023-04-23 17:00:00,2023-04-23,17,6,1,spring,8534,,,,
NYC,hour,2023-04-23 18:00:00,2023-04-23,18,6,1,spring,7526,,,,
NYC,hour,2023-04-23 19:00:00,2023-04-23,19,6,1,spring,5890,,,,
NYC,hour,2023-04-23 20:00:00,2023-04-23,20,6,1,spring,3898,,,,
NYC,hour,2023-04-23 21:00:00,2023-04-23,21,6,1,spring,2766,,,,
NYC,hour,2023-04-23 22:00:00,2023-04-23,22,6,1,spring,1980,,,,
NYC,hour,2023-04-23 23:00:00,2023-04-23,23,6,1,spring,1290,,,,
NYC,hour,2023-04-24 00:00:00,2023-04-24,0,0,0,spring,705,,,,
NYC,hour,2023-04-24 01:00:00,2023-04-24,1,0,0,spring,325,,,,
NYC,hour,2023-04-24 02:00:00,2023-04-24,2,0,0,spring,207,,,,
NYC,hour,2023-04-24 03:00:00,2023-04-24,3,0,0,spring,161,,,,
NYC,hour,2023-04-24 04:00:00,2023-04-24,4,0,0,spring,205,,,,
NYC,hour,2023-04-24 05:00:00,2023-04-24,5,0,0,spring,761,,,,
NYC,hour,2023-04-24 06:00:00,2023-04-24,6,0,0,spring,2223,,,,
NYC,hour,2023-04-24 07:00:00,2023-04-24,7,0,0,spring,5134,,,,
NYC,hour,2023-04-24 08:00:00,2023-04-24,8,0,0,spring,7070,,,,
NYC,hour,2023-04-24 09:00:00,2023-04-24,9,0,0,spring,5303,,,,
NYC,hour,2023-04-24 10:00:00,2023-04-24,10,0,0,spring,3986,,,,
NYC,hour,2023-04-24 11:00:00,2023-04-24,11,0,0,spring,4162,,,,
NYC,hour,2023-04-24 12:00:00,2023-04-24,12,0,0,spring,4638,,,,
NYC,hour,2023-04-24 13:00:00,2023-04-24,13,0,0,spring,5068,,,,
NYC,hour,2023-04-24 14:00:00,2023-04-24,14,0,0,spring,5867,,,,
NYC,hour,2023-04-24 15:00:00,2023-04-24,15,0,0,spring,6917,,,,
NYC,hour,2023-04-24 16:00:00,2023-04-24,16,0,0,spring,7893,,,,
NYC,hour,2023-04-24 17:00:00,2023-04-24,17,0,0,spring,10308,,,,
NYC,hour,2023-04-24 18:00:00,2023-04-24,18,0,0,spring,9799,,,,
NYC,hour,2023-04-24 19:00:00,2023-04-24,19,0,0,spring,7006,,,,
NYC,hour,2023-04-24 20:00:00,2023-04-24,20,0,0,spring,4596,,,,
NYC,hour,2023-04-24 21:00:00,2023-04-24,21,0,0,spring,3325,,,,
NYC,hour,2023-04-24 22:00:00,2023-04-24,22,0,0,spring,2352,,,,
NYC,hour,2023-04-24 23:00:00,2023-04-24,23,0,0,spring,1298,,,,
NYC,hour,2023-04-25 00:00:00,2023-04-25,0,1,0,spring,670,,,,
NYC,hour,2023-04-25 01:00:00,2023-04-25,1,1,0,spring,414,,,,
NYC,hour,2023-04-25 02:00:00,2023-04-25,2,1,0,spring,225,,,,
NYC,hour,2023-04-25 03:00:00,2023-04-25,3,1,0,spring,142,,,,
NYC,hour,2023-04-25 04:00:00,2023-04-25,4,1,0,spring,214,,,,
NYC,hour,2023-04-25 05:00:00,2023-04-25,5,1,0,spring,878,,,,
NYC,hour,2023-04-25 06:00:00,2023-04-25,6,1,0,spring,2720,,,,
NYC,hour,2023-04-25 07:00:00,2023-04-25,7,1,0,spring,5870,,,,
NYC,hour,2023-04-25 08:00:00,2023-04-25,8,1,0,spring,8469,,,,
NYC,hour,2023-04-25 09:00:00,2023-04-25,9,1,0,spring,6113,,,,
NYC,hour,2023-04-25 10:00:00,2023-04-25,10,1,0,spring,4124,,,,
NYC,hour,2023-04-25 11:00:00,2023-04-25,11,1,0,spring,4138,,,,
NYC,hour,2023-04-25 12:00:00,2023-04-25,12,1,0,spring,4684,,,,
NYC,hour,2023-04-25 13:00:00,2023-04-25,13,1,0,spring,4981,,,,
NYC,hour,2023-04-25 14:00:00,2023-04-25,14,1,0,spring,5483,,,,
NYC,hour,2023-04-25 15:00:00,2023-04-25,15,1,0,spring,6565,,,,
NYC,hour,2023-04-25 16:00:00,2023-04-25,16,1,0,spring,7628,,,,
NYC,hour,2023-04-25 17:00:00,2023-04-25,17,1,0,spring,11070,,,,
NYC,hour,2023-04-25 18:00:00,2023-04-25,18,1,0,spring,10482,,,,
NYC,hour,2023-04-25 19:00:00,2023-04-25,19,1,0,spring,7779,,,,
NYC,hour,2023-04-25 20:00:00,2023-04-25,20,1,0,spring,4898,,,,
NYC,hour,2023-04-25 21:00:00,2023-04-25,21,1,0,spring,3626,,,,
NYC,hour,2023-04-25 22:00:00,2023-04-25,22,1,0,spring,2841,,,,
NYC,hour,2023-04-25 23:00:00,2023-04-25,23,1,0,spring,1653,,,,
NYC,hour,2023-04-26 00:00:00,2023-04-26,0,2,0,spring,881,,,,
NYC,hour,2023-04-26 01:00:00,2023-04-26,1,2,0,spring,415,,,,
NYC,hour,2023-04-26 02:00:00,2023-04-26,2,2,0,spring,222,,,,
NYC,hour,2023-04-26 03:00:00,2023-04-26,3,2,0,spring,174,,,,
NYC,hour,2023-04-26 04:00:00,2023-04-26,4,2,0,spring,217,,,,
NYC,hour,2023-04-26 05:00:00,2023-04-26,5,2,0,spring,804,,,,
NYC,hour,2023-04-26 06:00:00,2023-04-26,6,2,0,spring,2662,,,,
NYC,hour,2023-04-26 07:00:00,2023-04-26,7,2,0,spring,5952,,,,
NYC,hour,2023-04-26 08:00:00,2023-04-26,8,2,0,spring,8626,,,,
NYC,hour,2023-04-26 09:00:00,2023-04-26,9,2,0,spring,6135,,,,
NYC,hour,2023-04-26 10:00:00,2023-04-26,10,2,0,spring,4427,,,,
NYC,hour,2023-04-26 11:00:00,2023-04-26,11,2,0,spring,4235,,,,
NYC,hour,2023-04-26 12:00:00,2023-04-26,12,2,0,spring,4768,,,,
NYC,hour,2023-04-26 13:00:00,2023-04-26,13,2,0,spring,5109,,,,
NYC,hour,2023-04-26 14:00:00,2023-04-26,14,2,0,spring,6101,,,,
NYC,hour,2023-04-26 15:00:00,2023-04-26,15,2,0,spring,6702,,,,
NYC,hour,2023-04-26 16:00:00,2023-04-26,16,2,0,spring,7834,,,,
NYC,hour,2023-04-26 17:00:00,2023-04-26,17,2,0,spring,11363,,,,
NYC,hour,2023-04-26 18:00:00,2023-04-26,18,2,0,spring,10866,,,,
NYC,hour,2023-04-26 19:00:00,2023-04-26,19,2,0,spring,7825,,,,
NYC,hour,2023-04-26 20:00:00,2023-04-26,20,2,0,spring,4939,,,,
NYC,hour,2023-04-26 21:00:00,2023-04-26,21,2,0,spring,3681,,,,
NYC,hour,2023-04-26 22:00:00,2023-04-26,22,2,0,spring,2752,,,,
NYC,hour,2023-04-26 23:00:00,2023-04-26,23,2,0,spring,1749,,,,
NYC,hour,2023-04-27 00:00:00,2023-04-27,0,3,0,spring,927,,,,
NYC,hour,2023-04-27 01:00:00,2023-04-27,1,3,0,spring,532,,,,
NYC,hour,2023-04-27 02:00:00,2023-04-27,2,3,0,spring,301,,,,
NYC,hour,2023-04-27 03:00:00,2023-04-27,3,3,0,spring,217,,,,
NYC,hour,2023-04-27 04:00:00,2023-04-27,4,3,0,spring,225,,,,
NYC,hour,2023-04-27 05:00:00,2023-04-27,5,3,0,spring,843,,,,
NYC,hour,2023-04-27 06:00:00,2023-04-27,6,3,0,spring,2366,,,,
NYC,hour,2023-04-27 07:00:00,2023-04-27,7,3,0,spring,5496,,,,
NYC,hour,2023-04-27 08:00:00,2023-04-27,8,3,0,spring,8081,,,,
NYC,hour,2023-04-27 09:00:00,2023-04-27,9,3,0,spring,5902,,,,
NYC,hour,2023-04-27 10:00:00,2023-04-27,10,3,0,spring,4017,,,,
NYC,hour,2023-04-27 11:00:00,2023-04-27,11,3,0,spring,3952,,,,
NYC,hour,2023-04-27 12:00:00,2023-04-27,12,3,0,spring,4504,,,,
NYC,hour,2023-04-27 13:00:00,2023-04-27,13,3,0,spring,4761,,,,
NYC,hour,2023-04-27 14:00:00,2023-04-27,14,3,0,spring,5691,,,,
NYC,hour,2023-04-27 15:00:00,2023-04-27,15,3,0,spring,6713,,,,
NYC,hour,2023-04-27 16:00:00,2023-04-27,16,3,0,spring,7521,,,,
NYC,hour,2023-04-27 17:00:00,2023-04-27,17,3,0,spring,10407,,,,
NYC,hour,2023-04-27 18:00:00,2023-04-27,18,3,0,spring,9905,,,,
NYC,hour,2023-04-27 19:00:00,2023-04-27,19,3,0,spring,7240,,,,
NYC,hour,2023-04-27 20:00:00,2023-04-27,20,3,0,spring,4852,,,,
NYC,hour,2023-04-27 21:00:00,2023-04-27,21,3,0,spring,3502,,,,
NYC,hour,2023-04-27 22:00:00,2023-04-27,22,3,0,spring,2702,,,,
NYC,hour,2023-04-27 23:00:00,2023-04-27,23,3,0,spring,2143,,,,
NYC,hour,2023-04-28 00:00:00,2023-04-28,0,4,0,spring,1188,,,,
NYC,hour,2023-04-28 01:00:00,2023-04-28,1,4,0,spring,626,,,,
NYC,hour,2023-04-28 02:00:00,2023-04-28,2,4,0,spring,416,,,,
NYC,hour,2023-04-28 03:00:00,2023-04-28,3,4,0,spring,275,,,,
NYC,hour,2023-04-28 04:00:00,2023-04-28,4,4,0,spring,278,,,,
NYC,hour,2023-04-28 05:00:00,2023-04-28,5,4,0,spring,760,,,,
NYC,hour,2023-04-28 06:00:00,2023-04-28,6,4,0,spring,2164,,,,
NYC,hour,2023-04-28 07:00:00,2023-04-28,7,4,0,spring,4806,,,,
NYC,hour,2023-04-28 08:00:00,2023-04-28,8,4,0,spring,6655,,,,
NYC,hour,2023-04-28 09:00:00,2023-04-28,9,4,0,spring,5345,,,,
NYC,hour,2023-04-28 10:00:00,2023-04-28,10,4,0,spring,4248,,,,
NYC,hour,2023-04-28 11:00:00,2023-04-28,11,4,0,spring,4522,,,,
NYC,hour,2023-04-28 12:00:00,2023-04-28,12,4,0,spring,5098,,,,
NYC,hour,2023-04-28 13:00:00,2023-04-28,13,4,0,spring,5333,,,,
NYC,hour,2023-04-28 14:00:00,2023-04-28,14,4,0,spring,6271,,,,
NYC,hour,2023-04-28 15:00:00,2023-04-28,15,4,0,spring,6799,,,,
NYC,hour,2023-04-28 16:00:00,2023-04-28,16,4,0,spring,7365,,,,
NYC,hour,2023-04-28 17:00:00,2023-04-28,17,4,0,spring,8346,,,,
NYC,hour,2023-04-28 18:00:00,2023-04-28,18,4,0,spring,7405,,,,
NYC,hour,2023-04-28 19:00:00,2023-04-28,19,4,0,spring,3786,,,,
NYC,hour,2023-04-28 20:00:00,2023-04-28,20,4,0,spring,1521,,,,
NYC,hour,2023-04-28 21:00:00,2023-04-28,21,4,0,spring,858,,,,
NYC,hour,2023-04-28 22:00:00,2023-04-28,22,4,0,spring,756,,,,
NYC,hour,2023-04-28 23:00:00,2023-04-28,23,4,0,spring,620,,,,
NYC,hour,2023-04-29 00:00:00,2023-04-29,0,5,1,spring,414,,,,
NYC,hour,2023-04-29 01:00:00,2023-04-29,1,5,1,spring,295,,,,
NYC,hour,2023-04-29 02:00:00,2023-04-29,2,5,1,spring,166,,,,
NYC,hour,2023-04-29 03:00:00,2023-04-29,3,5,1,spring,125,,,,
NYC,hour,2023-04-29 04:00:00,2023-04-29,4,5,1,spring,78,,,,
NYC,hour,2023-04-29 05:00:00,2023-04-29,5,5,1,spring,46,,,,
NYC,hour,2023-04-29 06:00:00,2023-04-29,6,5,1,spring,126,,,,
NYC,hour,2023-04-29 07:00:00,2023-04-29,7,5,1,spring,364,,,,
NYC,hour,2023-04-29 08:00:00,2023-04-29,8,5,1,spring,547,,,,
NYC,hour,2023-04-29 09:00:00,2023-04-29,9,5,1,spring,603,,,,
NYC,hour,2023-04-29 10:00:00,2023-04-29,10,5,1,spring,792,,,,
NYC,hour,2023-04-29 11:00:00,2023-04-29,11,5,1,spring,860,,,,
NYC,hour,2023-04-29 12:00:00,2023-04-29,12,5,1,spring,977,,,,
NYC,hour,2023-04-29 13:00:00,2023-04-29,13,5,1,spring,1111,,,,
NYC,hour,2023-04-29 14:00:00,2023-04-29,14,5,1,spring,972,,,,
NYC,hour,2023-04-29 15:00:00,2023-04-29,15,5,1,spring,933,,,,
NYC,hour,2023-04-29 16:00:00,2023-04-29,16,5,1,spring,886,,,,
NYC,hour,2023-04-29 17:00:00,2023-04-29,17,5,1,spring,1279,,,,
NYC,hour,2023-04-29 18:00:00,2023-04-29,18,5,1,spring,1396,,,,
NYC,hour,2023-04-29 19:00:00,2023-04-29,19,5,1,spring,1228,,,,
NYC,hour,2023-04-29 20:00:00,2023-04-29,20,5,1,spring,1113,,,,
NYC,hour,2023-04-29 21:00:00,2023-04-29,21,5,1,spring,993,,,,
NYC,hour,2023-04-29 22:00:00,2023-04-29,22,5,1,spring,1174,,,,
NYC,hour,2023-04-29 23:00:00,2023-04-29,23,5,1,spring,1279,,,,
NYC,hour,2023-04-30 00:00:00,2023-04-30,0,6,1,spring,1169,,,,
NYC,hour,2023-04-30 01:00:00,2023-04-30,1,6,1,spring,831,,,,
NYC,hour,2023-04-30 02:00:00,2023-04-30,2,6,1,spring,664,,,,
NYC,hour,2023-04-30 03:00:00,2023-04-30,3,6,1,spring,411,,,,
NYC,hour,2023-04-30 04:00:00,2023-04-30,4,6,1,spring,316,,,,
NYC,hour,2023-04-30 05:00:00,2023-04-30,5,6,1,spring,251,,,,
NYC,hour,2023-04-30 06:00:00,2023-04-30,6,6,1,spring,548,,,,
NYC,hour,2023-04-30 07:00:00,2023-04-30,7,6,1,spring,987,,,,
NYC,hour,2023-04-30 08:00:00,2023-04-30,8,6,1,spring,1666,,,,
NYC,hour,2023-04-30 09:00:00,2023-04-30,9,6,1,spring,2769,,,,
NYC,hour,2023-04-30 10:00:00,2023-04-30,10,6,1,spring,3369,,,,
NYC,hour,2023-04-30 11:00:00,2023-04-30,11,6,1,spring,2365,,,,
NYC,hour,2023-04-30 12:00:00,2023-04-30,12,6,1,spring,1516,,,,
NYC,hour,2023-04-30 13:00:00,2023-04-30,13,6,1,spring,1270,,,,
NYC,hour,2023-04-30 14:00:00,2023-04-30,14,6,1,spring,1009,,,,
NYC,hour,2023-04-30 15:00:00,2023-04-30,15,6,1,spring,839,,,,
NYC,hour,2023-04-30 16:00:00,2023-04-30,16,6,1,spring,676,,,,
NYC,hour,2023-04-30 17:00:00,2023-04-30,17,6,1,spring,445,,,,
NYC,hour,2023-04-30 18:00:00,2023-04-30,18,6,1,spring,415,,,,
NYC,hour,2023-04-30 19:00:00,2023-04-30,19,6,1,spring,834,,,,
NYC,hour,2023-04-30 20:00:00,2023-04-30,20,6,1,spring,978,,,,
NYC,hour,2023-04-30 21:00:00,2023-04-30,21,6,1,spring,475,,,,
NYC,hour,2023-04-30 22:00:00,2023-04-30,22,6,1,spring,423,,,,
NYC,hour,2023-04-30 23:00:00,2023-04-30,23,6,1,spring,624,,,,
NYC,hour,2023-05-01 00:00:00,2023-05-01,0,0,0,spring,424,,,,
NYC,hour,2023-05-01 01:00:00,2023-05-01,1,0,0,spring,186,,,,
NYC,hour,2023-05-01 02:00:00,2023-05-01,2,0,0,spring,144,,,,
NYC,hour,2023-05-01 03:00:00,2023-05-01,3,0,0,spring,99,,,,
NYC,hour,2023-05-01 04:00:00,2023-05-01,4,0,0,spring,196,,,,
NYC,hour,2023-05-01 05:00:00,2023-05-01,5,0,0,spring,737,,,,
NYC,hour,2023-05-01 06:00:00,2023-05-01,6,0,0,spring,2231,,,,
NYC,hour,2023-05-01 07:00:00,2023-05-01,7,0,0,spring,5059,,,,
NYC,hour,2023-05-01 08:00:00,2023-05-01,8,0,0,spring,7453,,,,
NYC,hour,2023-05-01 09:00:00,2023-05-01,9,0,0,spring,5491,,,,
NYC,hour,2023-05-01 10:00:00,2023-05-01,10,0,0,spring,4169,,,,
NYC,hour,2023-05-01 11:00:00,2023-05-01,11,0,0,spring,4342,,,,
NYC,hour,2023-05-01 12:00:00,2023-05-01,12,0,0,spring,4812,,,,
NYC,hour,2023-05-01 13:00:00,2023-05-01,13,0,0,spring,5074,,,,
NYC,hour,2023-05-01 14:00:00,2023-05-01,14,0,0,spring,5780,,,,
NYC,hour,2023-05-01 15:00:00,2023-05-01,15,0,0,spring,6776,,,,
NYC,hour,2023-05-01 16:00:00,2023-05-01,16,0,0,spring,7998,,,,
NYC,hour,2023-05-01 17:00:00,2023-05-01,17,0,0,spring,10515,,,,
NYC,hour,2023-05-01 18:00:00,2023-05-01,18,0,0,spring,10142,,,,
NYC,hour,2023-05-01 19:00:00,2023-05-01,19,0,0,spring,7509,,,,
NYC,hour,2023-05-01 20:00:00,2023-05-01,20,0,0,spring,4831,,,,
NYC,hour,2023-05-01 21:00:00,2023-05-01,21,0,0,spring,3328,,,,
NYC,hour,2023-05-01 22:00:00,2023-05-01,22,0,0,spring,2481,,,,
NYC,hour,2023-05-01 23:00:00,2023-05-01,23,0,0,spring,1602,,,,
NYC,hour,2023-05-02 00:00:00,2023-05-02,0,1,0,spring,856,,,,
NYC,hour,2023-05-02 01:00:00,2023-05-02,1,1,0,spring,431,,,,
NYC,hour,2023-05-02 02:00:00,2023-05-02,2,1,0,spring,263,,,,
NYC,hour,2023-05-02 03:00:00,2023-05-02,3,1,0,spring,165,,,,
NYC,hour,2023-05-02 04:00:00,2023-05-02,4,1,0,spring,232,,,,
NYC,hour,2023-05-02 05:00:00,2023-05-02,5,1,0,spring,887,,,,
NYC,hour,2023-05-02 06:00:00,2023-05-02,6,1,0,spring,2365,,,,
NYC,hour,2023-05-02 07:00:00,2023-05-02,7,1,0,spring,2914,,,,
NYC,hour,2023-05-02 08:00:00,2023-05-02,8,1,0,spring,6410,,,,
NYC,hour,2023-05-02 09:00:00,2023-05-02,9,1,0,spring,4829,,,,
NYC,hour,2023-05-02 10:00:00,2023-05-02,10,1,0,spring,2339,,,,
NYC,hour,2023-05-02 11:00:00,2023-05-02,11,1,0,spring,2734,,,,
NYC,hour,2023-05-02 12:00:00,2023-05-02,12,1,0,spring,3198,,,,
NYC,hour,2023-05-02 13:00:00,2023-05-02,13,1,0,spring,4101,,,,
NYC,hour,2023-05-02 14:00:00,2023-05-02,14,1,0,spring,4814,,,,
NYC,hour,2023-05-02 15:00:00,2023-05-02,15,1,0,spring,5916,,,,
NYC,hour,2023-05-02 16:00:00,2023-05-02,16,1,0,spring,7116,,,,
NYC,hour,2023-05-02 17:00:00,2023-05-02,17,1,0,spring,10487,,,,
NYC,hour,2023-05-02 18:00:00,2023-05-02,18,1,0,spring,10187,,,,
NYC,hour,2023-05-02 19:00:00,2023-05-02,19,1,0,spring,7177,,,,
NYC,hour,2023-05-02 20:00:00,2023-05-02,20,1,0,spring,4717,,,,
NYC,hour,2023-05-02 21:00:00,2023-05-02,21,1,0,spring,3224,,,,
NYC,hour,2023-05-02 22:00:00,2023-05-02,22,1,0,spring,2668,,,,
NYC,hour,2023-05-02 23:00:00,2023-05-02,23,1,0,spring,1597,,,,
NYC,hour,2023-05-03 00:00:00,2023-05-03,0,2,0,spring,867,,,,
NYC,hour,2023-05-03 01:00:00,2023-05-03,1,2,0,spring,424,,,,
NYC,hour,2023-05-03 02:00:00,2023-05-03,2,2,0,spring,264,,,,
NYC,hour,2023-05-03 03:00:00,2023-05-03,3,2,0,spring,180,,,,
NYC,hour,2023-05-03 04:00:00,2023-05-03,4,2,0,spring,223,,,,
NYC,hour,2023-05-03 05:00:00,2023-05-03,5,2,0,spring,782,,,,
NYC,hour,2023-05-03 06:00:00,2023-05-03,6,2,0,spring,2657,,,,
NYC,hour,2023-05-03 07:00:00,2023-05-03,7,2,0,spring,5796,,,,
NYC,hour,2023-05-03 08:00:00,2023-05-03,8,2,0,spring,8365,,,,
NYC,hour,2023-05-03 09:00:00,2023-05-03,9,2,0,spring,5920,,,,
NYC,hour,2023-05-03 10:00:00,2023-05-03,10,2,0,spring,4080,,,,
NYC,hour,2023-05-03 11:00:00,2023-05-03,11,2,0,spring,4177,,,,
NYC,hour,2023-05-03 12:00:00,2023-05-03,12,2,0,spring,4790,,,,
NYC,hour,2023-05-03 13:00:00,2023-05-03,13,2,0,spring,5085,,,,
NYC,hour,2023-05-03 14:00:00,2023-05-03,14,2,0,spring,5753,,,,
NYC,hour,2023-05-03 15:00:00,2023-05-03,15,2,0,spring,6731,,,,
NYC,hour,2023-05-03 16:00:00,2023-05-03,16,2,0,spring,7723,,,,
NYC,hour,2023-05-03 17:00:00,2023-05-03,17,2,0,spring,10654,,,,
NYC,hour,2023-05-03 18:00:00,2023-05-03,18,2,0,spring,9179,,,,
NYC,hour,2023-05-03 19:00:00,2023-05-03,19,2,0,spring,6926,,,,
NYC,hour,2023-05-03 20:00:00,2023-05-03,20,2,0,spring,4366,,,,
NYC,hour,2023-05-03 21:00:00,2023-05-03,21,2,0,spring,2629,,,,
NYC,hour,2023-05-03 22:00:00,2023-05-03,22,2,0,spring,2278,,,,
NYC,hour,2023-05-03 23:00:00,2023-05-03,23,2,0,spring,1610,,,,
NYC,hour,2023-05-04 00:00:00,2023-05-04,0,3,0,spring,874,,,,
NYC,hour,2023-05-04 01:00:00,2023-05-04,1,3,0,spring,462,,,,
NYC,hour,2023-05-04 02:00:00,2023-05-04,2,3,0,spring,266,,,,
NYC,hour,2023-05-04 03:00:00,2023-05-04,3,3,0,spring,177,,,,
NYC,hour,2023-05-04 04:00:00,2023-05-04,4,3,0,spring,200,,,,
NYC,hour,2023-05-04 05:00:00,2023-05-04,5,3,0,spring,744,,,,
NYC,hour,2023-05-04 06:00:00,2023-05-04,6,3,0,spring,1940,,,,
NYC,hour,2023-05-04 07:00:00,2023-05-04,7,3,0,spring,3876,,,,
NYC,hour,2023-05-04 08:00:00,2023-05-04,8,3,0,spring,6377,,,,
NYC,hour,2023-05-04 09:00:00,2023-05-04,9,3,0,spring,5176,,,,
NYC,hour,2023-05-04 10:00:00,2023-05-04,10,3,0,spring,3545,,,,
NYC,hour,2023-05-04 11:00:00,2023-05-04,11,3,0,spring,2505,,,,
NYC,hour,2023-05-04 12:00:00,2023-05-04,12,3,0,spring,3474,,,,
NYC,hour,2023-05-04 13:00:00,2023-05-04,13,3,0,spring,4312,,,,
NYC,hour,2023-05-04 14:00:00,2023-05-04,14,3,0,spring,5557,,,,
NYC,hour,2023-05-04 15:00:00,2023-05-04,15,3,0,spring,5886,,,,
NYC,hour,2023-05-04 16:00:00,2023-05-04,16,3,0,spring,6671,,,,
NYC,hour,2023-05-04 17:00:00,2023-05-04,17,3,0,spring,9959,,,,
NYC,hour,2023-05-04 18:00:00,2023-05-04,18,3,0,spring,9919,,,,
NYC,hour,2023-05-04 19:00:00,2023-05-04,19,3,0,spring,7125,,,,
NYC,hour,2023-05-04 20:00:00,2023-05-04,20,3,0,spring,4851,,,,
NYC,hour,2023-05-04 21:00:00,2023-05-04,21,3,0,spring,3664,,,,
NYC,hour,2023-05-04 22:00:00,2023-05-04,22,3,0,spring,2669,,,,
NYC,hour,2023-05-04 23:00:00,2023-05-04,23,3,0,spring,1640,,,,
NYC,hour,2023-05-05 00:00:00,2023-05-05,0,4,0,spring,1133,,,,
NYC,hour,2023-05-05 01:00:00,2023-05-05,1,4,0,spring,708,,,,
NYC,hour,2023-05-05 02:00:00,2023-05-05,2,4,0,spring,391,,,,
NYC,hour,2023-05-05 03:00:00,2023-05-05,3,4,0,spring,278,,,,
NYC,hour,2023-05-05 04:00:00,2023-05-05,4,4,0,spring,257,,,,
NYC,hour,2023-05-05 05:00:00,2023-05-05,5,4,0,spring,780,,,,
NYC,hour,2023-05-05 06:00:00,2023-05-05,6,4,0,spring,2183,,,,
NYC,hour,2023-05-05 07:00:00,2023-05-05,7,4,0,spring,5041,,,,
NYC,hour,2023-05-05 08:00:00,2023-05-05,8,4,0,spring,6890,,,,
NYC,hour,2023-05-05 09:00:00,2023-05-05,9,4,0,spring,5504,,,,
NYC,hour,2023-05-05 10:00:00,2023-05-05,10,4,0,spring,4591,,,,
NYC,hour,2023-05-05 11:00:00,2023-05-05,11,4,0,spring,5031,,,,
NYC,hour,2023-05-05 12:00:00,2023-05-05,12,4,0,spring,6028,,,,
NYC,hour,2023-05-05 13:00:00,2023-05-05,13,4,0,spring,6408,,,,
NYC,hour,2023-05-05 14:00:00,2023-05-05,14,4,0,spring,7205,,,,
NYC,hour,2023-05-05 15:00:00,2023-05-05,15,4,0,spring,8082,,,,
NYC,hour,2023-05-05 16:00:00,2023-05-05,16,4,0,spring,8955,,,,
NYC,hour,2023-05-05 17:00:00,2023-05-05,17,4,0,spring,10779,,,,
NYC,hour,2023-05-05 18:00:00,2023-05-05,18,4,0,spring,9675,,,,
NYC,hour,2023-05-05 19:00:00,2023-05-05,19,4,0,spring,7174,,,,
NYC,hour,2023-05-05 20:00:00,2023-05-05,20,4,0,spring,4994,,,,
NYC,hour,2023-05-05 21:00:00,2023-05-05,21,4,0,spring,3644,,,,
NYC,hour,2023-05-05 22:00:00,2023-05-05,22,4,0,spring,3153,,,,
NYC,hour,2023-05-05 23:00:00,2023-05-05,23,4,0,spring,2949,,,,
NYC,hour,2023-05-06 00:00:00,2023-05-06,0,5,1,spring,2070,,,,
NYC,hour,2023-05-06 01:00:00,2023-05-06,1,5,1,spring,1600,,,,
NYC,hour,2023-05-06 02:00:00,2023-05-06,2,5,1,spring,1067,,,,
NYC,hour,2023-05-06 03:00:00,2023-05-06,3,5,1,spring,601,,,,
NYC,hour,2023-05-06 04:00:00,2023-05-06,4,5,1,spring,458,,,,
NYC,hour,2023-05-06 05:00:00,2023-05-06,5,5,1,spring,426,,,,
NYC,hour,2023-05-06 06:00:00,2023-05-06,6,5,1,spring,804,,,,
NYC,hour,2023-05-06 07:00:00,2023-05-06,7,5,1,spring,1632,,,,
NYC,hour,2023-05-06 08:00:00,2023-05-06,8,5,1,spring,3038,,,,
NYC,hour,2023-05-06 09:00:00,2023-05-06,9,5,1,spring,4844,,,,
NYC,hour,2023-05-06 10:00:00,2023-05-06,10,5,1,spring,6357,,,,
NYC,hour,2023-05-06 11:00:00,2023-05-06,11,5,1,spring,8117,,,,
NYC,hour,2023-05-06 12:00:00,2023-05-06,12,5,1,spring,9377,,,,
NYC,hour,2023-05-06 13:00:00,2023-05-06,13,5,1,spring,9973,,,,
NYC,hour,2023-05-06 14:00:00,2023-05-06,14,5,1,spring,10526,,,,
NYC,hour,2023-05-06 15:00:00,2023-05-06,15,5,1,spring,10429,,,,
NYC,hour,2023-05-06 16:00:00,2023-05-06,16,5,1,spring,9697,,,,
NYC,hour,2023-05-06 17:00:00,2023-05-06,17,5,1,spring,9380,,,,
NYC,hour,2023-05-06 18:00:00,2023-05-06,18,5,1,spring,9108,,,,
NYC,hour,2023-05-06 19:00:00,2023-05-06,19,5,1,spring,7829,,,,
NYC,hour,2023-05-06 20:00:00,2023-05-06,20,5,1,spring,5459,,,,
NYC,hour,2023-05-06 21:00:00,2023-05-06,21,5,1,spring,3909,,,,
NYC,hour,2023-05-06 22:00:00,2023-05-06,22,5,1,spring,3430,,,,
NYC,hour,2023-05-06 23:00:00,2023-05-06,23,5,1,spring,3211,,,,
NYC,hour,2023-05-07 00:00:00,2023-05-07,0,6,1,spring,2428,,,,
NYC,hour,2023-05-07 01:00:00,2023-05-07,1,6,1,spring,1591,,,,
NYC,hour,2023-05-07 02:00:00,2023-05-07,2,6,1,spring,1098,,,,
NYC,hour,2023-05-07 03:00:00,2023-05-07,3,6,1,spring,673,,,,
NYC,hour,2023-05-07 04:00:00,2023-05-07,4,6,1,spring,396,,,,
NYC,hour,2023-05-07 05:00:00,2023-05-07,5,6,1,spring,367,,,,
NYC,hour,2023-05-07 06:00:00,2023-05-07,6,6,1,spring,767,,,,
NYC,hour,2023-05-07 07:00:00,2023-05-07,7,6,1,spring,1410,,,,
NYC,hour,2023-05-07 08:00:00,2023-05-07,8,6,1,spring,2475,,,,
NYC,hour,2023-05-07 09:00:00,2023-05-07,9,6,1,spring,4106,,,,
NYC,hour,2023-05-07 10:00:00,2023-05-07,10,6,1,spring,6171,,,,
NYC,hour,2023-05-07 11:00:00,2023-05-07,11,6,1,spring,7886,,,,
NYC,hour,2023-05-07 12:00:00,2023-05-07,12,6,1,spring,9156,,,,
NYC,hour,2023-05-07 13:00:00,2023-05-07,13,6,1,spring,9839,,,,
NYC,hour,2023-05-07 14:00:00,2023-05-07,14,6,1,spring,10370,,,,
NYC,hour,2023-05-07 15:00:00,2023-05-07,15,6,1,spring,10218,,,,
NYC,hour,2023-05-07 16:00:00,2023-05-07,16,6,1,spring,9804,,,,
NYC,hour,2023-05-07 17:00:00,2023-05-07,17,6,1,spring,9384,,,,
NYC,hour,2023-05-07 18:00:00,2023-05-07,18,6,1,spring,8361,,,,
NYC,hour,2023-05-07 19:00:00,2023-05-07,19,6,1,spring,6440,,,,
NYC,hour,2023-05-07 20:00:00,2023-05-07,20,6,1,spring,4308,,,,
NYC,hour,2023-05-07 21:00:00,2023-05-07,21,6,1,spring,2472,,,,
NYC,hour,2023-05-07 22:00:00,2023-05-07,22,6,1,spring,1935,,,,
NYC,hour,2023-05-07 23:00:00,2023-05-07,23,6,1,spring,1361,,,,
NYC,hour,2023-05-08 00:00:00,2023-05-08,0,0,0,spring,729,,,,
NYC,hour,2023-05-08 01:00:00,2023-05-08,1,0,0,spring,430,,,,
NYC,hour,2023-05-08 02:00:00,2023-05-08,2,0,0,spring,262,,,,
NYC,hour,2023-05-08 03:00:00,2023-05-08,3,0,0,spring,204,,,,
NYC,hour,2023-05-08 04:00:00,2023-05-08,4,0,0,spring,224,,,,
NYC,hour,2023-05-08 05:00:00,2023-05-08,5,0,0,spring,835,,,,
NYC,hour,2023-05-08 06:00:00,2023-05-08,6,0,0,spring,2450,,,,
NYC,hour,2023-05-08 07:00:00,2023-05-08,7,0,0,spring,5453,,,,
NYC,hour,2023-05-08 08:00:00,2023-05-08,8,0,0,spring,7786,,,,
NYC,hour,2023-05-08 09:00:00,2023-05-08,9,0,0,spring,5549,,,,
NYC,hour,2023-05-08 10:00:00,2023-05-08,10,0,0,spring,4178,,,,
NYC,hour,2023-05-08 11:00:00,2023-05-08,11,0,0,spring,4517,,,,
NYC,hour,2023-05-08 12:00:00,2023-05-08,12,0,0,spring,5355,,,,
NYC,hour,2023-05-08 13:00:00,2023-05-08,13,0,0,spring,5674,,,,
NYC,hour,2023-05-08 14:00:00,2023-05-08,14,0,0,spring,6796,,,,
NYC,hour,2023-05-08 15:00:00,2023-05-08,15,0,0,spring,7747,,,,
NYC,hour,2023-05-08 16:00:00,2023-05-08,16,0,0,spring,8942,,,,
NYC,hour,2023-05-08 17:00:00,2023-05-08,17,0,0,spring,12076,,,,
NYC,hour,2023-05-08 18:00:00,2023-05-08,18,0,0,spring,11684,,,,
NYC,hour,2023-05-08 19:00:00,2023-05-08,19,0,0,spring,9000,,,,
NYC,hour,2023-05-08 20:00:00,2023-05-08,20,0,0,spring,5903,,,,
NYC,hour,2023-05-08 21:00:00,2023-05-08,21,0,0,spring,3979,,,,
NYC,hour,2023-05-08 22:00:00,2023-05-08,22,0,0,spring,3126,,,,
NYC,hour,2023-05-08 23:00:00,2023-05-08,23,0,0,spring,1775,,,,
NYC,hour,2023-05-09 00:00:00,2023-05-09,0,1,0,spring,1039,,,,
NYC,hour,2023-05-09 01:00:00,2023-05-09,1,1,0,spring,556,,,,
NYC,hour,2023-05-09 02:00:00,2023-05-09,2,1,0,spring,289,,,,
NYC,hour,2023-05-09 03:00:00,2023-05-09,3,1,0,spring,176,,,,
NYC,hour,2023-05-09 04:00:00,2023-05-09,4,1,0,spring,239,,,,
NYC,hour,2023-05-09 05:00:00,2023-05-09,5,1,0,spring,966,,,,
NYC,hour,2023-05-09 06:00:00,2023-05-09,6,1,0,spring,2961,,,,
NYC,hour,2023-05-09 07:00:00,2023-05-09,7,1,0,spring,6253,,,,
NYC,hour,2023-05-09 08:00:00,2023-05-09,8,1,0,spring,8898,,,,
NYC,hour,2023-05-09 09:00:00,2023-05-09,9,1,0,spring,6266,,,,
NYC,hour,2023-05-09 10:00:00,2023-05-09,10,1,0,spring,4336,,,,
NYC,hour,2023-05-09 11:00:00,2023-05-09,11,1,0,spring,4507,,,,
NYC,hour,2023-05-09 12:00:00,2023-05-09,12,1,0,spring,5184,,,,
NYC,hour,2023-05-09 13:00:00,2023-05-09,13,1,0,spring,5433,,,,
NYC,hour,2023-05-09 14:00:00,2023-05-09,14,1,0,spring,6516,,,,
NYC,hour,2023-05-09 15:00:00,2023-05-09,15,1,0,spring,7354,,,,
NYC,hour,2023-05-09 16:00:00,2023-05-09,16,1,0,spring,8520,,,,
NYC,hour,2023-05-09 17:00:00,2023-05-09,17,1,0,spring,11979,,,,
NYC,hour,2023-05-09 18:00:00,2023-05-09,18,1,0,spring,11346,,,,
NYC,hour,2023-05-09 19:00:00,2023-05-09,19,1,0,spring,8320,,,,
NYC,hour,2023-05-09 20:00:00,2023-05-09,20,1,0,spring,5420,,,,
NYC,hour,2023-05-09 21:00:00,2023-05-09,21,1,0,spring,3862,,,,
NYC,hour,2023-05-09 22:00:00,2023-05-09,22,1,0,spring,2942,,,,
NYC,hour,2023-05-09 23:00:00,2023-05-09,23,1,0,spring,1817,,,,
NYC,hour,2023-05-10 00:00:00,2023-05-10,0,2,0,spring,944,,,,
NYC,hour,2023-05-10 01:00:00,2023-05-10,1,2,0,spring,521,,,,
NYC,hour,2023-05-10 02:00:00,2023-05-10,2,2,0,spring,258,,,,
NYC,hour,2023-05-10 03:00:00,2023-05-10,3,2,0,spring,174,,,,
NYC,hour,2023-05-10 04:00:00,2023-05-10,4,2,0,spring,262,,,,
NYC,hour,2023-05-10 05:00:00,2023-05-10,5,2,0,spring,959,,,,
NYC,hour,2023-05-10 06:00:00,2023-05-10,6,2,0,spring,2801,,,,
NYC,hour,2023-05-10 07:00:00,2023-05-10,7,2,0,spring,6318,,,,
NYC,hour,2023-05-10 08:00:00,2023-05-10,8,2,0,spring,9002,,,,
NYC,hour,2023-05-10 09:00:00,2023-05-10,9,2,0,spring,6417,,,,
NYC,hour,2023-05-10 10:00:00,2023-05-10,10,2,0,spring,4645,,,,
NYC,hour,2023-05-10 11:00:00,2023-05-10,11,2,0,spring,4796,,,,
NYC,hour,2023-05-10 12:00:00,2023-05-10,12,2,0,spring,5387,,,,
NYC,hour,2023-05-10 13:00:00,2023-05-10,13,2,0,spring,5913,,,,
NYC,hour,2023-05-10 14:00:00,2023-05-10,14,2,0,spring,6838,,,,
NYC,hour,2023-05-10 15:00:00,2023-05-10,15,2,0,spring,7766,,,,
NYC,hour,2023-05-10 16:00:00,2023-05-10,16,2,0,spring,8993,,,,
NYC,hour,2023-05-10 17:00:00,2023-05-10,17,2,0,spring,12816,,,,
NYC,hour,2023-05-10 18:00:00,2023-05-10,18,2,0,spring,12600,,,,
NYC,hour,2023-05-10 19:00:00,2023-05-10,19,2,0,spring,9225,,,,
NYC,hour,2023-05-10 20:00:00,2023-05-10,20,2,0,spring,6097,,,,
NYC,hour,2023-05-10 21:00:00,2023-05-10,21,2,0,spring,4261,,,,
NYC,hour,2023-05-10 22:00:00,2023-05-10,22,2,0,spring,3746,,,,
NYC,hour,2023-05-10 23:00:00,2023-05-10,23,2,0,spring,2223,,,,
NYC,hour,2023-05-11 00:00:00,2023-05-11,0,3,0,spring,1347,,,,
NYC,hour,2023-05-11 01:00:00,2023-05-11,1,3,0,spring,649,,,,
NYC,hour,2023-05-11 02:00:00,2023-05-11,2,3,0,spring,377,,,,
NYC,hour,2023-05-11 03:00:00,2023-05-11,3,3,0,spring,268,,,,
NYC,hour,2023-05-11 04:00:00,2023-05-11,4,3,0,spring,254,,,,
NYC,hour,2023-05-11 05:00:00,2023-05-11,5,3,0,spring,924,,,,
NYC,hour,2023-05-11 06:00:00,2023-05-11,6,3,0,spring,2767,,,,
NYC,hour,2023-05-11 07:00:00,2023-05-11,7,3,0,spring,6040,,,,
NYC,hour,2023-05-11 08:00:00,2023-05-11,8,3,0,spring,8817,,,,
NYC,hour,2023-05-11 09:00:00,2023-05-11,9,3,0,spring,6669,,,,
NYC,hour,2023-05-11 10:00:00,2023-05-11,10,3,0,spring,5041,,,,
NYC,hour,2023-05-11 11:00:00,2023-05-11,11,3,0,spring,5132,,,,
NYC,hour,2023-05-11 12:00:00,2023-05-11,12,3,0,spring,5741,,,,
NYC,hour,2023-05-11 13:00:00,2023-05-11,13,3,0,spring,6156,,,,
NYC,hour,2023-05-11 14:00:00,2023-05-11,14,3,0,spring,7040,,,,
NYC,hour,2023-05-11 15:00:00,2023-05-11,15,3,0,spring,8179,,,,
NYC,hour,2023-05-11 16:00:00,2023-05-11,16,3,0,spring,9592,,,,
NYC,hour,2023-05-11 17:00:00,2023-05-11,17,3,0,spring,12962,,,,
NYC,hour,2023-05-11 18:00:00,2023-05-11,18,3,0,spring,12723,,,,
NYC,hour,2023-05-11 19:00:00,2023-05-11,19,3,0,spring,9402,,,,
NYC,hour,2023-05-11 20:00:00,2023-05-11,20,3,0,spring,6515,,,,
NYC,hour,2023-05-11 21:00:00,2023-05-11,21,3,0,spring,4698,,,,
NYC,hour,2023-05-11 22:00:00,2023-05-11,22,3,0,spring,4083,,,,
NYC,hour,2023-05-11 23:00:00,2023-05-11,23,3,0,spring,2831,,,,
NYC,hour,2023-05-12 00:00:00,2023-05-12,0,4,0,spring,1624,,,,
NYC,hour,2023-05-12 01:00:00,2023-05-12,1,4,0,spring,944,,,,
NYC,hour,2023-05-12 02:00:00,2023-05-12,2,4,0,spring,534,,,,
NYC,hour,2023-05-12 03:00:00,2023-05-12,3,4,0,spring,339,,,,
NYC,hour,2023-05-12 04:00:00,2023-05-12,4,4,0,spring,299,,,,
NYC,hour,2023-05-12 05:00:00,2023-05-12,5,4,0,spring,849,,,,
NYC,hour,2023-05-12 06:00:00,2023-05-12,6,4,0,spring,2492,,,,
NYC,hour,2023-05-12 07:00:00,2023-05-12,7,4,0,spring,5417,,,,
NYC,hour,2023-05-12 08:00:00,2023-05-12,8,4,0,spring,7606,,,,
NYC,hour,2023-05-12 09:00:00,2023-05-12,9,4,0,spring,6104,,,,
NYC,hour,2023-05-12 10:00:00,2023-05-12,10,4,0,spring,5175,,,,
NYC,hour,2023-05-12 11:00:00,2023-05-12,11,4,0,spring,5564,,,,
NYC,hour,2023-05-12 12:00:00,2023-05-12,12,4,0,spring,6570,,,,
NYC,hour,2023-05-12 13:00:00,2023-05-12,13,4,0,spring,7292,,,,
NYC,hour,2023-05-12 14:00:00,2023-05-12,14,4,0,spring,8147,,,,
NYC,hour,2023-05-12 15:00:00,2023-05-12,15,4,0,spring,9214,,,,
NYC,hour,2023-05-12 16:00:00,2023-05-12,16,4,0,spring,10213,,,,
NYC,hour,2023-05-12 17:00:00,2023-05-12,17,4,0,spring,11934,,,,
NYC,hour,2023-05-12 18:00:00,2023-05-12,18,4,0,spring,10948,,,,
NYC,hour,2023-05-12 19:00:00,2023-05-12,19,4,0,spring,8900,,,,
NYC,hour,2023-05-12 20:00:00,2023-05-12,20,4,0,spring,6237,,,,
NYC,hour,2023-05-12 21:00:00,2023-05-12,21,4,0,spring,4587,,,,
NYC,hour,2023-05-12 22:00:00,2023-05-12,22,4,0,spring,4407,,,,
NYC,hour,2023-05-12 23:00:00,2023-05-12,23,4,0,spring,3594,,,,
NYC,hour,2023-05-13 00:00:00,2023-05-13,0,5,1,spring,2844,,,,
NYC,hour,2023-05-13 01:00:00,2023-05-13,1,5,1,spring,2056,,,,
NYC,hour,2023-05-13 02:00:00,2023-05-13,2,5,1,spring,1265,,,,
NYC,hour,2023-05-13 03:00:00,2023-05-13,3,5,1,spring,844,,,,
NYC,hour,2023-05-13 04:00:00,2023-05-13,4,5,1,spring,494,,,,
NYC,hour,2023-05-13 05:00:00,2023-05-13,5,5,1,spring,465,,,,
NYC,hour,2023-05-13 06:00:00,2023-05-13,6,5,1,spring,892,,,,
NYC,hour,2023-05-13 07:00:00,2023-05-13,7,5,1,spring,1942,,,,
NYC,hour,2023-05-13 08:00:00,2023-05-13,8,5,1,spring,3329,,,,
NYC,hour,2023-05-13 09:00:00,2023-05-13,9,5,1,spring,4947,,,,
NYC,hour,2023-05-13 10:00:00,2023-05-13,10,5,1,spring,6542,,,,
NYC,hour,2023-05-13 11:00:00,2023-05-13,11,5,1,spring,7958,,,,
NYC,hour,2023-05-13 12:00:00,2023-05-13,12,5,1,spring,8812,,,,
NYC,hour,2023-05-13 13:00:00,2023-05-13,13,5,1,spring,9370,,,,
NYC,hour,2023-05-13 14:00:00,2023-05-13,14,5,1,spring,9336,,,,
NYC,hour,2023-05-13 15:00:00,2023-05-13,15,5,1,spring,9343,,,,
NYC,hour,2023-05-13 16:00:00,2023-05-13,16,5,1,spring,9511,,,,
NYC,hour,2023-05-13 17:00:00,2023-05-13,17,5,1,spring,8810,,,,
NYC,hour,2023-05-13 18:00:00,2023-05-13,18,5,1,spring,8299,,,,
NYC,hour,2023-05-13 19:00:00,2023-05-13,19,5,1,spring,7272,,,,
NYC,hour,2023-05-13 20:00:00,2023-05-13,20,5,1,spring,5597,,,,
NYC,hour,2023-05-13 21:00:00,2023-05-13,21,5,1,spring,4415,,,,
NYC,hour,2023-05-13 22:00:00,2023-05-13,22,5,1,spring,3887,,,,
NYC,hour,2023-05-13 23:00:00,2023-05-13,23,5,1,spring,3386,,,,
NYC,hour,2023-05-14 00:00:00,2023-05-14,0,6,1,spring,2541,,,,
NYC,hour,2023-05-14 01:00:00,2023-05-14,1,6,1,spring,1617,,,,
NYC,hour,2023-05-14 02:00:00,2023-05-14,2,6,1,spring,1085,,,,
NYC,hour,2023-05-14 03:00:00,2023-05-14,3,6,1,spring,687,,,,
NYC,hour,2023-05-14 04:00:00,2023-05-14,4,6,1,spring,481,,,,
NYC,hour,2023-05-14 05:00:00,2023-05-14,5,6,1,spring,334,,,,
NYC,hour,2023-05-14 06:00:00,2023-05-14,6,6,1,spring,750,,,,
NYC,hour,2023-05-14 07:00:00,2023-05-14,7,6,1,spring,1425,,,,
NYC,hour,2023-05-14 08:00:00,2023-05-14,8,6,1,spring,2450,,,,
NYC,hour,2023-05-14 09:00:00,2023-05-14,9,6,1,spring,4036,,,,
NYC,hour,2023-05-14 10:00:00,2023-05-14,10,6,1,spring,5654,,,,
NYC,hour,2023-05-14 11:00:00,2023-05-14,11,6,1,spring,7001,,,,
NYC,hour,2023-05-14 12:00:00,2023-05-14,12,6,1,spring,7950,,,,
NYC,hour,2023-05-14 13:00:00,2023-05-14,13,6,1,spring,8609,,,,
NYC,hour,2023-05-14 14:00:00,2023-05-14,14,6,1,spring,8808,,,,
NYC,hour,2023-05-14 15:00:00,2023-05-14,15,6,1,spring,9081,,,,
NYC,hour,2023-05-14 16:00:00,2023-05-14,16,6,1,spring,8693,,,,
NYC,hour,2023-05-14 17:00:00,2023-05-14,17,6,1,spring,8418,,,,
NYC,hour,2023-05-14 18:00:00,2023-05-14,18,6,1,spring,8197,,,,
NYC,hour,2023-05-14 19:00:00,2023-05-14,19,6,1,spring,6819,,,,
NYC,hour,2023-05-14 20:00:00,2023-05-14,20,6,1,spring,4743,,,,
NYC,hour,2023-05-14 21:00:00,2023-05-14,21,6,1,spring,3327,,,,
NYC,hour,2023-05-14 22:00:00,2023-05-14,22,6,1,spring,2520,,,,
NYC,hour,2023-05-14 23:00:00,2023-05-14,23,6,1,spring,1652,,,,
NYC,hour,2023-05-15 00:00:00,2023-05-15,0,0,0,spring,879,,,,
NYC,hour,2023-05-15 01:00:00,2023-05-15,1,0,0,spring,467,,,,
NYC,hour,2023-05-15 02:00:00,2023-05-15,2,0,0,spring,270,,,,
NYC,hour,2023-05-15 03:00:00,2023-05-15,3,0,0,spring,169,,,,
NYC,hour,2023-05-15 04:00:00,2023-05-15,4,0,0,spring,268,,,,
NYC,hour,2023-05-15 05:00:00,2023-05-15,5,0,0,spring,899,,,,
NYC,hour,2023-05-15 06:00:00,2023-05-15,6,0,0,spring,2547,,,,
NYC,hour,2023-05-15 07:00:00,2023-05-15,7,0,0,spring,5491,,,,
NYC,hour,2023-05-15 08:00:00,2023-05-15,8,0,0,spring,7820,,,,
NYC,hour,2023-05-15 09:00:00,2023-05-15,9,0,0,spring,5631,,,,
NYC,hour,2023-05-15 10:00:00,2023-05-15,10,0,0,spring,4148,,,,
NYC,hour,2023-05-15 11:00:00,2023-05-15,11,0,0,spring,4478,,,,
NYC,hour,2023-05-15 12:00:00,2023-05-15,12,0,0,spring,5199,,,,
NYC,hour,2023-05-15 13:00:00,2023-05-15,13,0,0,spring,5746,,,,
NYC,hour,2023-05-15 14:00:00,2023-05-15,14,0,0,spring,6695,,,,
NYC,hour,2023-05-15 15:00:00,2023-05-15,15,0,0,spring,7942,,,,
NYC,hour,2023-05-15 16:00:00,2023-05-15,16,0,0,spring,8860,,,,
NYC,hour,2023-05-15 17:00:00,2023-05-15,17,0,0,spring,12222,,,,
NYC,hour,2023-05-15 18:00:00,2023-05-15,18,0,0,spring,11672,,,,
NYC,hour,2023-05-15 19:00:00,2023-05-15,19,0,0,spring,8559,,,,
NYC,hour,2023-05-15 20:00:00,2023-05-15,20,0,0,spring,5806,,,,
NYC,hour,2023-05-15 21:00:00,2023-05-15,21,0,0,spring,4106,,,,
NYC,hour,2023-05-15 22:00:00,2023-05-15,22,0,0,spring,3008,,,,
NYC,hour,2023-05-15 23:00:00,2023-05-15,23,0,0,spring,1855,,,,
NYC,hour,2023-05-16 00:00:00,2023-05-16,0,1,0,spring,992,,,,
NYC,hour,2023-05-16 01:00:00,2023-05-16,1,1,0,spring,545,,,,
NYC,hour,2023-05-16 02:00:00,2023-05-16,2,1,0,spring,304,,,,
NYC,hour,2023-05-16 03:00:00,2023-05-16,3,1,0,spring,176,,,,
NYC,hour,2023-05-16 04:00:00,2023-05-16,4,1,0,spring,241,,,,
NYC,hour,2023-05-16 05:00:00,2023-05-16,5,1,0,spring,950,,,,
NYC,hour,2023-05-16 06:00:00,2023-05-16,6,1,0,spring,2927,,,,
NYC,hour,2023-05-16 07:00:00,2023-05-16,7,1,0,spring,6464,,,,
NYC,hour,2023-05-16 08:00:00,2023-05-16,8,1,0,spring,9450,,,,
NYC,hour,2023-05-16 09:00:00,2023-05-16,9,1,0,spring,6451,,,,
NYC,hour,2023-05-16 10:00:00,2023-05-16,10,1,0,spring,4719,,,,
NYC,hour,2023-05-16 11:00:00,2023-05-16,11,1,0,spring,5074,,,,
NYC,hour,2023-05-16 12:00:00,2023-05-16,12,1,0,spring,5513,,,,
NYC,hour,2023-05-16 13:00:00,2023-05-16,13,1,0,spring,5915,,,,
NYC,hour,2023-05-16 14:00:00,2023-05-16,14,1,0,spring,6842,,,,
NYC,hour,2023-05-16 15:00:00,2023-05-16,15,1,0,spring,7755,,,,
NYC,hour,2023-05-16 16:00:00,2023-05-16,16,1,0,spring,8873,,,,
NYC,hour,2023-05-16 17:00:00,2023-05-16,17,1,0,spring,12241,,,,
NYC,hour,2023-05-16 18:00:00,2023-05-16,18,1,0,spring,11453,,,,
NYC,hour,2023-05-16 19:00:00,2023-05-16,19,1,0,spring,8548,,,,
NYC,hour,2023-05-16 20:00:00,2023-05-16,20,1,0,spring,6136,,,,
NYC,hour,2023-05-16 21:00:00,2023-05-16,21,1,0,spring,4208,,,,
NYC,hour,2023-05-16 22:00:00,2023-05-16,22,1,0,spring,3403,,,,
NYC,hour,2023-05-16 23:00:00,2023-05-16,23,1,0,spring,2202,,,,
NYC,hour,2023-05-17 00:00:00,2023-05-17,0,2,0,spring,1192,,,,
NYC,hour,2023-05-17 01:00:00,2023-05-17,1,2,0,spring,695,,,,
NYC,hour,2023-05-17 02:00:00,2023-05-17,2,2,0,spring,357,,,,
NYC,hour,2023-05-17 03:00:00,2023-05-17,3,2,0,spring,217,,,,
NYC,hour,2023-05-17 04:00:00,2023-05-17,4,2,0,spring,237,,,,
NYC,hour,2023-05-17 05:00:00,2023-05-17,5,2,0,spring,904,,,,
NYC,hour,2023-05-17 06:00:00,2023-05-17,6,2,0,spring,2846,,,,
NYC,hour,2023-05-17 07:00:00,2023-05-17,7,2,0,spring,6054,,,,
NYC,hour,2023-05-17 08:00:00,2023-05-17,8,2,0,spring,8799,,,,
NYC,hour,2023-05-17 09:00:00,2023-05-17,9,2,0,spring,6319,,,,
NYC,hour,2023-05-17 10:00:00,2023-05-17,10,2,0,spring,4518,,,,
NYC,hour,2023-05-17 11:00:00,2023-05-17,11,2,0,spring,4709,,,,
NYC,hour,2023-05-17 12:00:00,2023-05-17,12,2,0,spring,5463,,,,
NYC,hour,2023-05-17 13:00:00,2023-05-17,13,2,0,spring,5909,,,,
NYC,hour,2023-05-17 14:00:00,2023-05-17,14,2,0,spring,6843,,,,
NYC,hour,2023-05-17 15:00:00,2023-05-17,15,2,0,spring,7404,,,,
NYC,hour,2023-05-17 16:00:00,2023-05-17,16,2,0,spring,8640,,,,
NYC,hour,2023-05-17 17:00:00,2023-05-17,17,2,0,spring,12025,,,,
NYC,hour,2023-05-17 18:00:00,2023-05-17,18,2,0,spring,11090,,,,
NYC,hour,2023-05-17 19:00:00,2023-05-17,19,2,0,spring,7996,,,,
NYC,hour,2023-05-17 20:00:00,2023-05-17,20,2,0,spring,5135,,,,
NYC,hour,2023-05-17 21:00:00,2023-05-17,21,2,0,spring,3603,,,,
NYC,hour,2023-05-17 22:00:00,2023-05-17,22,2,0,spring,2765,,,,
NYC,hour,2023-05-17 23:00:00,2023-05-17,23,2,0,spring,1963,,,,
NYC,hour,2023-05-18 00:00:00,2023-05-18,0,3,0,spring,997,,,,
NYC,hour,2023-05-18 01:00:00,2023-05-18,1,3,0,spring,493,,,,
NYC,hour,2023-05-18 02:00:00,2023-05-18,2,3,0,spring,292,,,,
NYC,hour,2023-05-18 03:00:00,2023-05-18,3,3,0,spring,159,,,,
NYC,hour,2023-05-18 04:00:00,2023-05-18,4,3,0,spring,236,,,,
NYC,hour,2023-05-18 05:00:00,2023-05-18,5,3,0,spring,818,,,,
NYC,hour,2023-05-18 06:00:00,2023-05-18,6,3,0,spring,2625,,,,
NYC,hour,2023-05-18 07:00:00,2023-05-18,7,3,0,spring,5625,,,,
NYC,hour,2023-05-18 08:00:00,2023-05-18,8,3,0,spring,8400,,,,
NYC,hour,2023-05-18 09:00:00,2023-05-18,9,3,0,spring,6025,,,,
NYC,hour,2023-05-18 10:00:00,2023-05-18,10,3,0,spring,4463,,,,
NYC,hour,2023-05-18 11:00:00,2023-05-18,11,3,0,spring,4696,,,,
NYC,hour,2023-05-18 12:00:00,2023-05-18,12,3,0,spring,5312,,,,
NYC,hour,2023-05-18 13:00:00,2023-05-18,13,3,0,spring,5812,,,,
NYC,hour,2023-05-18 14:00:00,2023-05-18,14,3,0,spring,6800,,,,
NYC,hour,2023-05-18 15:00:00,2023-05-18,15,3,0,spring,7810,,,,
NYC,hour,2023-05-18 16:00:00,2023-05-18,16,3,0,spring,8763,,,,
NYC,hour,2023-05-18 17:00:00,2023-05-18,17,3,0,spring,11647,,,,
NYC,hour,2023-05-18 18:00:00,2023-05-18,18,3,0,spring,11223,,,,
NYC,hour,2023-05-18 19:00:00,2023-05-18,19,3,0,spring,7947,,,,
NYC,hour,2023-05-18 20:00:00,2023-05-18,20,3,0,spring,5470,,,,
NYC,hour,2023-05-18 21:00:00,2023-05-18,21,3,0,spring,3804,,,,
NYC,hour,2023-05-18 22:00:00,2023-05-18,22,3,0,spring,3016,,,,
NYC,hour,2023-05-18 23:00:00,2023-05-18,23,3,0,spring,2250,,,,
NYC,hour,2023-05-19 00:00:00,2023-05-19,0,4,0,spring,1216,,,,
NYC,hour,2023-05-19 01:00:00,2023-05-19,1,4,0,spring,755,,,,
NYC,hour,2023-05-19 02:00:00,2023-05-19,2,4,0,spring,464,,,,
NYC,hour,2023-05-19 03:00:00,2023-05-19,3,4,0,spring,266,,,,
NYC,hour,2023-05-19 04:00:00,2023-05-19,4,4,0,spring,261,,,,
NYC,hour,2023-05-19 05:00:00,2023-05-19,5,4,0,spring,782,,,,
NYC,hour,2023-05-19 06:00:00,2023-05-19,6,4,0,spring,2274,,,,
NYC,hour,2023-05-19 07:00:00,2023-05-19,7,4,0,spring,5120,,,,
NYC,hour,2023-05-19 08:00:00,2023-05-19,8,4,0,spring,7095,,,,
NYC,hour,2023-05-19 09:00:00,2023-05-19,9,4,0,spring,5731,,,,
NYC,hour,2023-05-19 10:00:00,2023-05-19,10,4,0,spring,4926,,,,
NYC,hour,2023-05-19 11:00:00,2023-05-19,11,4,0,spring,5481,,,,
NYC,hour,2023-05-19 12:00:00,2023-05-19,12,4,0,spring,6289,,,,
NYC,hour,2023-05-19 13:00:00,2023-05-19,13,4,0,spring,6954,,,,
NYC,hour,2023-05-19 14:00:00,2023-05-19,14,4,0,spring,7923,,,,
NYC,hour,2023-05-19 15:00:00,2023-05-19,15,4,0,spring,8896,,,,
NYC,hour,2023-05-19 16:00:00,2023-05-19,16,4,0,spring,9808,,,,
NYC,hour,2023-05-19 17:00:00,2023-05-19,17,4,0,spring,11176,,,,
NYC,hour,2023-05-19 18:00:00,2023-05-19,18,4,0,spring,10394,,,,
NYC,hour,2023-05-19 19:00:00,2023-05-19,19,4,0,spring,8207,,,,
NYC,hour,2023-05-19 20:00:00,2023-05-19,20,4,0,spring,5602,,,,
NYC,hour,2023-05-19 21:00:00,2023-05-19,21,4,0,spring,3867,,,,
NYC,hour,2023-05-19 22:00:00,2023-05-19,22,4,0,spring,3310,,,,
NYC,hour,2023-05-19 23:00:00,2023-05-19,23,4,0,spring,3019,,,,
NYC,hour,2023-05-20 00:00:00,2023-05-20,0,5,1,spring,2222,,,,
NYC,hour,2023-05-20 01:00:00,2023-05-20,1,5,1,spring,1601,,,,
NYC,hour,2023-05-20 02:00:00,2023-05-20,2,5,1,spring,1147,,,,
NYC,hour,2023-05-20 03:00:00,2023-05-20,3,5,1,spring,571,,,,
NYC,hour,2023-05-20 04:00:00,2023-05-20,4,5,1,spring,327,,,,
NYC,hour,2023-05-20 05:00:00,2023-05-20,5,5,1,spring,598,,,,
NYC,hour,2023-05-20 06:00:00,2023-05-20,6,5,1,spring,988,,,,
NYC,hour,2023-05-20 07:00:00,2023-05-20,7,5,1,spring,1503,,,,
NYC,hour,2023-05-20 08:00:00,2023-05-20,8,5,1,spring,2476,,,,
NYC,hour,2023-05-20 09:00:00,2023-05-20,9,5,1,spring,2697,,,,
NYC,hour,2023-05-20 10:00:00,2023-05-20,10,5,1,spring,2433,,,,
NYC,hour,2023-05-20 11:00:00,2023-05-20,11,5,1,spring,2628,,,,
NYC,hour,2023-05-20 12:00:00,2023-05-20,12,5,1,spring,2133,,,,
NYC,hour,2023-05-20 13:00:00,2023-05-20,13,5,1,spring,1485,,,,
NYC,hour,2023-05-20 14:00:00,2023-05-20,14,5,1,spring,1313,,,,
NYC,hour,2023-05-20 15:00:00,2023-05-20,15,5,1,spring,1080,,,,
NYC,hour,2023-05-20 16:00:00,2023-05-20,16,5,1,spring,1802,,,,
NYC,hour,2023-05-20 17:00:00,2023-05-20,17,5,1,spring,1963,,,,
NYC,hour,2023-05-20 18:00:00,2023-05-20,18,5,1,spring,2726,,,,
NYC,hour,2023-05-20 19:00:00,2023-05-20,19,5,1,spring,3307,,,,
NYC,hour,2023-05-20 20:00:00,2023-05-20,20,5,1,spring,2729,,,,
NYC,hour,2023-05-20 21:00:00,2023-05-20,21,5,1,spring,2328,,,,
NYC,hour,2023-05-20 22:00:00,2023-05-20,22,5,1,spring,2444,,,,
NYC,hour,2023-05-20 23:00:00,2023-05-20,23,5,1,spring,2462,,,,
NYC,hour,2023-05-21 00:00:00,2023-05-21,0,6,1,spring,1937,,,,
NYC,hour,2023-05-21 01:00:00,2023-05-21,1,6,1,spring,1254,,,,
NYC,hour,2023-05-21 02:00:00,2023-05-21,2,6,1,spring,751,,,,
NYC,hour,2023-05-21 03:00:00,2023-05-21,3,6,1,spring,545,,,,
NYC,hour,2023-05-21 04:00:00,2023-05-21,4,6,1,spring,403,,,,
NYC,hour,2023-05-21 05:00:00,2023-05-21,5,6,1,spring,364,,,,
NYC,hour,2023-05-21 06:00:00,2023-05-21,6,6,1,spring,716,,,,
NYC,hour,2023-05-21 07:00:00,2023-05-21,7,6,1,spring,1271,,,,
NYC,hour,2023-05-21 08:00:00,2023-05-21,8,6,1,spring,2437,,,,
NYC,hour,2023-05-21 09:00:00,2023-05-21,9,6,1,spring,4207,,,,
NYC,hour,2023-05-21 10:00:00,2023-05-21,10,6,1,spring,5992,,,,
NYC,hour,2023-05-21 11:00:00,2023-05-21,11,6,1,spring,7714,,,,
NYC,hour,2023-05-21 12:00:00,2023-05-21,12,6,1,spring,8849,,,,
NYC,hour,2023-05-21 13:00:00,2023-05-21,13,6,1,spring,9588,,,,
NYC,hour,2023-05-21 14:00:00,2023-05-21,14,6,1,spring,10125,,,,
NYC,hour,2023-05-21 15:00:00,2023-05-21,15,6,1,spring,10057,,,,
NYC,hour,2023-05-21 16:00:00,2023-05-21,16,6,1,spring,9819,,,,
NYC,hour,2023-05-21 17:00:00,2023-05-21,17,6,1,spring,9013,,,,
NYC,hour,2023-05-21 18:00:00,2023-05-21,18,6,1,spring,8440,,,,
NYC,hour,2023-05-21 19:00:00,2023-05-21,19,6,1,spring,7189,,,,
NYC,hour,2023-05-21 20:00:00,2023-05-21,20,6,1,spring,5255,,,,
NYC,hour,2023-05-21 21:00:00,2023-05-21,21,6,1,spring,3729,,,,
NYC,hour,2023-05-21 22:00:00,2023-05-21,22,6,1,spring,2711,,,,
NYC,hour,2023-05-21 23:00:00,2023-05-21,23,6,1,spring,1884,,,,
NYC,hour,2023-05-22 00:00:00,2023-05-22,0,0,0,spring,1056,,,,
NYC,hour,2023-05-22 01:00:00,2023-05-22,1,0,0,spring,595,,,,
NYC,hour,2023-05-22 02:00:00,2023-05-22,2,0,0,spring,342,,,,
NYC,hour,2023-05-22 03:00:00,2023-05-22,3,0,0,spring,208,,,,
NYC,hour,2023-05-22 04:00:00,2023-05-22,4,0,0,spring,295,,,,
NYC,hour,2023-05-22 05:00:00,2023-05-22,5,0,0,spring,904,,,,
NYC,hour,2023-05-22 06:00:00,2023-05-22,6,0,0,spring,2584,,,,
NYC,hour,2023-05-22 07:00:00,2023-05-22,7,0,0,spring,5641,,,,
NYC,hour,2023-05-22 08:00:00,2023-05-22,8,0,0,spring,7826,,,,
NYC,hour,2023-05-22 09:00:00,2023-05-22,9,0,0,spring,5630,,,,
NYC,hour,2023-05-22 10:00:00,2023-05-22,10,0,0,spring,4471,,,,
NYC,hour,2023-05-22 11:00:00,2023-05-22,11,0,0,spring,4411,,,,
NYC,hour,2023-05-22 12:00:00,2023-05-22,12,0,0,spring,5307,,,,
NYC,hour,2023-05-22 13:00:00,2023-05-22,13,0,0,spring,5738,,,,
NYC,hour,2023-05-22 14:00:00,2023-05-22,14,0,0,spring,6856,,,,
NYC,hour,2023-05-22 15:00:00,2023-05-22,15,0,0,spring,7951,,,,
NYC,hour,2023-05-22 16:00:00,2023-05-22,16,0,0,spring,9107,,,,
NYC,hour,2023-05-22 17:00:00,2023-05-22,17,0,0,spring,12069,,,,
NYC,hour,2023-05-22 18:00:00,2023-05-22,18,0,0,spring,11407,,,,
NYC,hour,2023-05-22 19:00:00,2023-05-22,19,0,0,spring,7963,,,,
NYC,hour,2023-05-22 20:00:00,2023-05-22,20,0,0,spring,5441,,,,
NYC,hour,2023-05-22 21:00:00,2023-05-22,21,0,0,spring,3752,,,,
NYC,hour,2023-05-22 22:00:00,2023-05-22,22,0,0,spring,2575,,,,
NYC,hour,2023-05-22 23:00:00,2023-05-22,23,0,0,spring,1714,,,,
NYC,hour,2023-05-23 00:00:00,2023-05-23,0,1,0,spring,998,,,,
NYC,hour,2023-05-23 01:00:00,2023-05-23,1,1,0,spring,484,,,,
NYC,hour,2023-05-23 02:00:00,2023-05-23,2,1,0,spring,309,,,,
NYC,hour,2023-05-23 03:00:00,2023-05-23,3,1,0,spring,173,,,,
NYC,hour,2023-05-23 04:00:00,2023-05-23,4,1,0,spring,255,,,,
NYC,hour,2023-05-23 05:00:00,2023-05-23,5,1,0,spring,985,,,,
NYC,hour,2023-05-23 06:00:00,2023-05-23,6,1,0,spring,2930,,,,
NYC,hour,2023-05-23 07:00:00,2023-05-23,7,1,0,spring,6370,,,,
NYC,hour,2023-05-23 08:00:00,2023-05-23,8,1,0,spring,9131,,,,
NYC,hour,2023-05-23 09:00:00,2023-05-23,9,1,0,spring,6375,,,,
NYC,hour,2023-05-23 10:00:00,2023-05-23,10,1,0,spring,4589,,,,
NYC,hour,2023-05-23 11:00:00,2023-05-23,11,1,0,spring,4726,,,,
NYC,hour,2023-05-23 12:00:00,2023-05-23,12,1,0,spring,5380,,,,
NYC,hour,2023-05-23 13:00:00,2023-05-23,13,1,0,spring,5935,,,,
NYC,hour,2023-05-23 14:00:00,2023-05-23,14,1,0,spring,6911,,,,
NYC,hour,2023-05-23 15:00:00,2023-05-23,15,1,0,spring,7990,,,,
NYC,hour,2023-05-23 16:00:00,2023-05-23,16,1,0,spring,9361,,,,
NYC,hour,2023-05-23 17:00:00,2023-05-23,17,1,0,spring,12727,,,,
NYC,hour,2023-05-23 18:00:00,2023-05-23,18,1,0,spring,12037,,,,
NYC,hour,2023-05-23 19:00:00,2023-05-23,19,1,0,spring,8763,,,,
NYC,hour,2023-05-23 20:00:00,2023-05-23,20,1,0,spring,6083,,,,
NYC,hour,2023-05-23 21:00:00,2023-05-23,21,1,0,spring,4181,,,,
NYC,hour,2023-05-23 22:00:00,2023-05-23,22,1,0,spring,3209,,,,
NYC,hour,2023-05-23 23:00:00,2023-05-23,23,1,0,spring,2049,,,,
NYC,hour,2023-05-24 00:00:00,2023-05-24,0,2,0,spring,1069,,,,
NYC,hour,2023-05-24 01:00:00,2023-05-24,1,2,0,spring,570,,,,
NYC,hour,2023-05-24 02:00:00,2023-05-24,2,2,0,spring,324,,,,
NYC,hour,2023-05-24 03:00:00,2023-05-24,3,2,0,spring,209,,,,
NYC,hour,2023-05-24 04:00:00,2023-05-24,4,2,0,spring,226,,,,
NYC,hour,2023-05-24 05:00:00,2023-05-24,5,2,0,spring,1004,,,,
NYC,hour,2023-05-24 06:00:00,2023-05-24,6,2,0,spring,2848,,,,
NYC,hour,2023-05-24 07:00:00,2023-05-24,7,2,0,spring,6363,,,,
NYC,hour,2023-05-24 08:00:00,2023-05-24,8,2,0,spring,9407,,,,
NYC,hour,2023-05-24 09:00:00,2023-05-24,9,2,0,spring,6741,,,,
NYC,hour,2023-05-24 10:00:00,2023-05-24,10,2,0,spring,4829,,,,
NYC,hour,2023-05-24 11:00:00,2023-05-24,11,2,0,spring,5062,,,,
NYC,hour,2023-05-24 12:00:00,2023-05-24,12,2,0,spring,5788,,,,
NYC,hour,2023-05-24 13:00:00,2023-05-24,13,2,0,spring,6321,,,,
NYC,hour,2023-05-24 14:00:00,2023-05-24,14,2,0,spring,6936,,,,
NYC,hour,2023-05-24 15:00:00,2023-05-24,15,2,0,spring,8147,,,,
NYC,hour,2023-05-24 16:00:00,2023-05-24,16,2,0,spring,9731,,,,
NYC,hour,2023-05-24 17:00:00,2023-05-24,17,2,0,spring,13167,,,,
NYC,hour,2023-05-24 18:00:00,2023-05-24,18,2,0,spring,11919,,,,
NYC,hour,2023-05-24 19:00:00,2023-05-24,19,2,0,spring,4601,,,,
NYC,hour,2023-05-24 20:00:00,2023-05-24,20,2,0,spring,3349,,,,
NYC,hour,2023-05-24 21:00:00,2023-05-24,21,2,0,spring,3261,,,,
NYC,hour,2023-05-24 22:00:00,2023-05-24,22,2,0,spring,2689,,,,
NYC,hour,2023-05-24 23:00:00,2023-05-24,23,2,0,spring,1743,,,,
NYC,hour,2023-05-25 00:00:00,2023-05-25,0,3,0,spring,1084,,,,
NYC,hour,2023-05-25 01:00:00,2023-05-25,1,3,0,spring,519,,,,
NYC,hour,2023-05-25 02:00:00,2023-05-25,2,3,0,spring,318,,,,
NYC,hour,2023-05-25 03:00:00,2023-05-25,3,3,0,spring,224,,,,
NYC,hour,2023-05-25 04:00:00,2023-05-25,4,3,0,spring,247,,,,
NYC,hour,2023-05-25 05:00:00,2023-05-25,5,3,0,spring,870,,,,
NYC,hour,2023-05-25 06:00:00,2023-05-25,6,3,0,spring,2652,,,,
NYC,hour,2023-05-25 07:00:00,2023-05-25,7,3,0,spring,5947,,,,
NYC,hour,2023-05-25 08:00:00,2023-05-25,8,3,0,spring,8652,,,,
NYC,hour,2023-05-25 09:00:00,2023-05-25,9,3,0,spring,6351,,,,
NYC,hour,2023-05-25 10:00:00,2023-05-25,10,3,0,spring,4537,,,,
NYC,hour,2023-05-25 11:00:00,2023-05-25,11,3,0,spring,5012,,,,
NYC,hour,2023-05-25 12:00:00,2023-05-25,12,3,0,spring,5448,,,,
NYC,hour,2023-05-25 13:00:00,2023-05-25,13,3,0,spring,6080,,,,
NYC,hour,2023-05-25 14:00:00,2023-05-25,14,3,0,spring,7133,,,,
NYC,hour,2023-05-25 15:00:00,2023-05-25,15,3,0,spring,8255,,,,
NYC,hour,2023-05-25 16:00:00,2023-05-25,16,3,0,spring,9642,,,,
NYC,hour,2023-05-25 17:00:00,2023-05-25,17,3,0,spring,12512,,,,
NYC,hour,2023-05-25 18:00:00,2023-05-25,18,3,0,spring,11326,,,,
NYC,hour,2023-05-25 19:00:00,2023-05-25,19,3,0,spring,8755,,,,
NYC,hour,2023-05-25 20:00:00,2023-05-25,20,3,0,spring,6282,,,,
NYC,hour,2023-05-25 21:00:00,2023-05-25,21,3,0,spring,4319,,,,
NYC,hour,2023-05-25 22:00:00,2023-05-25,22,3,0,spring,3486,,,,
NYC,hour,2023-05-25 23:00:00,2023-05-25,23,3,0,spring,2532,,,,
NYC,hour,2023-05-26 00:00:00,2023-05-26,0,4,0,spring,1518,,,,
NYC,hour,2023-05-26 01:00:00,2023-05-26,1,4,0,spring,824,,,,
NYC,hour,2023-05-26 02:00:00,2023-05-26,2,4,0,spring,548,,,,
NYC,hour,2023-05-26 03:00:00,2023-05-26,3,4,0,spring,323,,,,
NYC,hour,2023-05-26 04:00:00,2023-05-26,4,4,0,spring,298,,,,
NYC,hour,2023-05-26 05:00:00,2023-05-26,5,4,0,spring,808,,,,
NYC,hour,2023-05-26 06:00:00,2023-05-26,6,4,0,spring,2310,,,,
NYC,hour,2023-05-26 07:00:00,2023-05-26,7,4,0,spring,4635,,,,
NYC,hour,2023-05-26 08:00:00,2023-05-26,8,4,0,spring,6597,,,,
NYC,hour,2023-05-26 09:00:00,2023-05-26,9,4,0,spring,5519,,,,
NYC,hour,2023-05-26 10:00:00,2023-05-26,10,4,0,spring,4864,,,,
NYC,hour,2023-05-26 11:00:00,2023-05-26,11,4,0,spring,5883,,,,
NYC,hour,2023-05-26 12:00:00,2023-05-26,12,4,0,spring,6719,,,,
NYC,hour,2023-05-26 13:00:00,2023-05-26,13,4,0,spring,7543,,,,
NYC,hour,2023-05-26 14:00:00,2023-05-26,14,4,0,spring,8974,,,,
NYC,hour,2023-05-26 15:00:00,2023-05-26,15,4,0,spring,9687,,,,
NYC,hour,2023-05-26 16:00:00,2023-05-26,16,4,0,spring,10199,,,,
NYC,hour,2023-05-26 17:00:00,2023-05-26,17,4,0,spring,10448,,,,
NYC,hour,2023-05-26 18:00:00,2023-05-26,18,4,0,spring,9789,,,,
NYC,hour,2023-05-26 19:00:00,2023-05-26,19,4,0,spring,7693,,,,
NYC,hour,2023-05-26 20:00:00,2023-05-26,20,4,0,spring,5534,,,,
NYC,hour,2023-05-26 21:00:00,2023-05-26,21,4,0,spring,4214,,,,
NYC,hour,2023-05-26 22:00:00,2023-05-26,22,4,0,spring,3524,,,,
NYC,hour,2023-05-26 23:00:00,2023-05-26,23,4,0,spring,2835,,,,
NYC,hour,2023-05-27 00:00:00,2023-05-27,0,5,1,spring,2030,,,,
NYC,hour,2023-05-27 01:00:00,2023-05-27,1,5,1,spring,1467,,,,
NYC,hour,2023-05-27 02:00:00,2023-05-27,2,5,1,spring,938,,,,
NYC,hour,2023-05-27 03:00:00,2023-05-27,3,5,1,spring,625,,,,
NYC,hour,2023-05-27 04:00:00,2023-05-27,4,5,1,spring,367,,,,
NYC,hour,2023-05-27 05:00:00,2023-05-27,5,5,1,spring,380,,,,
NYC,hour,2023-05-27 06:00:00,2023-05-27,6,5,1,spring,814,,,,
NYC,hour,2023-05-27 07:00:00,2023-05-27,7,5,1,spring,1454,,,,
NYC,hour,2023-05-27 08:00:00,2023-05-27,8,5,1,spring,2774,,,,
NYC,hour,2023-05-27 09:00:00,2023-05-27,9,5,1,spring,4345,,,,
NYC,hour,2023-05-27 10:00:00,2023-05-27,10,5,1,spring,5625,,,,
NYC,hour,2023-05-27 11:00:00,2023-05-27,11,5,1,spring,6810,,,,
NYC,hour,2023-05-27 12:00:00,2023-05-27,12,5,1,spring,7846,,,,
NYC,hour,2023-05-27 13:00:00,2023-05-27,13,5,1,spring,8307,,,,
NYC,hour,2023-05-27 14:00:00,2023-05-27,14,5,1,spring,8337,,,,
NYC,hour,2023-05-27 15:00:00,2023-05-27,15,5,1,spring,8780,,,,
NYC,hour,2023-05-27 16:00:00,2023-05-27,16,5,1,spring,8683,,,,
NYC,hour,2023-05-27 17:00:00,2023-05-27,17,5,1,spring,8215,,,,
NYC,hour,2023-05-27 18:00:00,2023-05-27,18,5,1,spring,7595,,,,
NYC,hour,2023-05-27 19:00:00,2023-05-27,19,5,1,spring,6724,,,,
NYC,hour,2023-05-27 20:00:00,2023-05-27,20,5,1,spring,4873,,,,
NYC,hour,2023-05-27 21:00:00,2023-05-27,21,5,1,spring,3561,,,,
NYC,hour,2023-05-27 22:00:00,2023-05-27,22,5,1,spring,2813,,,,
NYC,hour,2023-05-27 23:00:00,2023-05-27,23,5,1,spring,2638,,,,
NYC,hour,2023-05-28 00:00:00,2023-05-28,0,6,1,spring,1819,,,,
NYC,hour,2023-05-28 01:00:00,2023-05-28,1,6,1,spring,1372,,,,
NYC,hour,2023-05-28 02:00:00,2023-05-28,2,6,1,spring,910,,,,
NYC,hour,2023-05-28 03:00:00,2023-05-28,3,6,1,spring,619,,,,
NYC,hour,2023-05-28 04:00:00,2023-05-28,4,6,1,spring,457,,,,
NYC,hour,2023-05-28 05:00:00,2023-05-28,5,6,1,spring,334,,,,
NYC,hour,2023-05-28 06:00:00,2023-05-28,6,6,1,spring,689,,,,
NYC,hour,2023-05-28 07:00:00,2023-05-28,7,6,1,spring,1203,,,,
NYC,hour,2023-05-28 08:00:00,2023-05-28,8,6,1,spring,2164,,,,
NYC,hour,2023-05-28 09:00:00,2023-05-28,9,6,1,spring,3494,,,,
NYC,hour,2023-05-28 10:00:00,2023-05-28,10,6,1,spring,4865,,,,
NYC,hour,2023-05-28 11:00:00,2023-05-28,11,6,1,spring,6177,,,,
NYC,hour,2023-05-28 12:00:00,2023-05-28,12,6,1,spring,7120,,,,
NYC,hour,2023-05-28 13:00:00,2023-05-28,13,6,1,spring,7841,,,,
NYC,hour,2023-05-28 14:00:00,2023-05-28,14,6,1,spring,8096,,,,
NYC,hour,2023-05-28 15:00:00,2023-05-28,15,6,1,spring,8152,,,,
NYC,hour,2023-05-28 16:00:00,2023-05-28,16,6,1,spring,8167,,,,
NYC,hour,2023-05-28 17:00:00,2023-05-28,17,6,1,spring,7802,,,,
NYC,hour,2023-05-28 18:00:00,2023-05-28,18,6,1,spring,7511,,,,
NYC,hour,2023-05-28 19:00:00,2023-05-28,19,6,1,spring,6427,,,,
NYC,hour,2023-05-28 20:00:00,2023-05-28,20,6,1,spring,5031,,,,
NYC,hour,2023-05-28 21:00:00,2023-05-28,21,6,1,spring,3565,,,,
NYC,hour,2023-05-28 22:00:00,2023-05-28,22,6,1,spring,3014,,,,
NYC,hour,2023-05-28 23:00:00,2023-05-28,23,6,1,spring,2370,,,,
NYC,hour,2023-05-29 00:00:00,2023-05-29,0,0,0,spring,1681,,,,
NYC,hour,2023-05-29 01:00:00,2023-05-29,1,0,0,spring,1084,,,,
NYC,hour,2023-05-29 02:00:00,2023-05-29,2,0,0,spring,684,,,,
NYC,hour,2023-05-29 03:00:00,2023-05-29,3,0,0,spring,412,,,,
NYC,hour,2023-05-29 04:00:00,2023-05-29,4,0,0,spring,341,,,,
NYC,hour,2023-05-29 05:00:00,2023-05-29,5,0,0,spring,378,,,,
NYC,hour,2023-05-29 06:00:00,2023-05-29,6,0,0,spring,840,,,,
NYC,hour,2023-05-29 07:00:00,2023-05-29,7,0,0,spring,1430,,,,
NYC,hour,2023-05-29 08:00:00,2023-05-29,8,0,0,spring,2247,,,,
NYC,hour,2023-05-29 09:00:00,2023-05-29,9,0,0,spring,3462,,,,
NYC,hour,2023-05-29 10:00:00,2023-05-29,10,0,0,spring,4966,,,,
NYC,hour,2023-05-29 11:00:00,2023-05-29,11,0,0,spring,6396,,,,
NYC,hour,2023-05-29 12:00:00,2023-05-29,12,0,0,spring,7557,,,,
NYC,hour,2023-05-29 13:00:00,2023-05-29,13,0,0,spring,8106,,,,
NYC,hour,2023-05-29 14:00:00,2023-05-29,14,0,0,spring,8372,,,,
NYC,hour,2023-05-29 15:00:00,2023-05-29,15,0,0,spring,8800,,,,
NYC,hour,2023-05-29 16:00:00,2023-05-29,16,0,0,spring,8871,,,,
NYC,hour,2023-05-29 17:00:00,2023-05-29,17,0,0,spring,8721,,,,
NYC,hour,2023-05-29 18:00:00,2023-05-29,18,0,0,spring,8294,,,,
NYC,hour,2023-05-29 19:00:00,2023-05-29,19,0,0,spring,7166,,,,
NYC,hour,2023-05-29 20:00:00,2023-05-29,20,0,0,spring,5265,,,,
NYC,hour,2023-05-29 21:00:00,2023-05-29,21,0,0,spring,3366,,,,
NYC,hour,2023-05-29 22:00:00,2023-05-29,22,0,0,spring,2458,,,,
NYC,hour,2023-05-29 23:00:00,2023-05-29,23,0,0,spring,1694,,,,
NYC,hour,2023-05-30 00:00:00,2023-05-30,0,1,0,spring,929,,,,
NYC,hour,2023-05-30 01:00:00,2023-05-30,1,1,0,spring,442,,,,
NYC,hour,2023-05-30 02:00:00,2023-05-30,2,1,0,spring,289,,,,
NYC,hour,2023-05-30 03:00:00,2023-05-30,3,1,0,spring,167,,,,
NYC,hour,2023-05-30 04:00:00,2023-05-30,4,1,0,spring,234,,,,
NYC,hour,2023-05-30 05:00:00,2023-05-30,5,1,0,spring,934,,,,
NYC,hour,2023-05-30 06:00:00,2023-05-30,6,1,0,spring,2623,,,,
NYC,hour,2023-05-30 07:00:00,2023-05-30,7,1,0,spring,5605,,,,
NYC,hour,2023-05-30 08:00:00,2023-05-30,8,1,0,spring,7703,,,,
NYC,hour,2023-05-30 09:00:00,2023-05-30,9,1,0,spring,5701,,,,
NYC,hour,2023-05-30 10:00:00,2023-05-30,10,1,0,spring,4067,,,,
NYC,hour,2023-05-30 11:00:00,2023-05-30,11,1,0,spring,4435,,,,
NYC,hour,2023-05-30 12:00:00,2023-05-30,12,1,0,spring,4923,,,,
NYC,hour,2023-05-30 13:00:00,2023-05-30,13,1,0,spring,5352,,,,
NYC,hour,2023-05-30 14:00:00,2023-05-30,14,1,0,spring,6351,,,,
NYC,hour,2023-05-30 15:00:00,2023-05-30,15,1,0,spring,7654,,,,
NYC,hour,2023-05-30 16:00:00,2023-05-30,16,1,0,spring,8701,,,,
NYC,hour,2023-05-30 17:00:00,2023-05-30,17,1,0,spring,11887,,,,
NYC,hour,2023-05-30 18:00:00,2023-05-30,18,1,0,spring,11102,,,,
NYC,hour,2023-05-30 19:00:00,2023-05-30,19,1,0,spring,8575,,,,
NYC,hour,2023-05-30 20:00:00,2023-05-30,20,1,0,spring,5955,,,,
NYC,hour,2023-05-30 21:00:00,2023-05-30,21,1,0,spring,3915,,,,
NYC,hour,2023-05-30 22:00:00,2023-05-30,22,1,0,spring,2762,,,,
NYC,hour,2023-05-30 23:00:00,2023-05-30,23,1,0,spring,1627,,,,
NYC,hour,2023-05-31 00:00:00,2023-05-31,0,2,0,spring,884,,,,
NYC,hour,2023-05-31 01:00:00,2023-05-31,1,2,0,spring,483,,,,
NYC,hour,2023-05-31 02:00:00,2023-05-31,2,2,0,spring,286,,,,
NYC,hour,2023-05-31 03:00:00,2023-05-31,3,2,0,spring,186,,,,
NYC,hour,2023-05-31 04:00:00,2023-05-31,4,2,0,spring,229,,,,
NYC,hour,2023-05-31 05:00:00,2023-05-31,5,2,0,spring,1005,,,,
NYC,hour,2023-05-31 06:00:00,2023-05-31,6,2,0,spring,2917,,,,
NYC,hour,2023-05-31 07:00:00,2023-05-31,7,2,0,spring,6185,,,,
NYC,hour,2023-05-31 08:00:00,2023-05-31,8,2,0,spring,8829,,,,
NYC,hour,2023-05-31 09:00:00,2023-05-31,9,2,0,spring,6529,,,,
NYC,hour,2023-05-31 10:00:00,2023-05-31,10,2,0,spring,4656,,,,
NYC,hour,2023-05-31 11:00:00,2023-05-31,11,2,0,spring,4759,,,,
NYC,hour,2023-05-31 12:00:00,2023-05-31,12,2,0,spring,5430,,,,
NYC,hour,2023-05-31 13:00:00,2023-05-31,13,2,0,spring,5853,,,,
NYC,hour,2023-05-31 14:00:00,2023-05-31,14,2,0,spring,6782,,,,
NYC,hour,2023-05-31 15:00:00,2023-05-31,15,2,0,spring,7753,,,,
NYC,hour,2023-05-31 16:00:00,2023-05-31,16,2,0,spring,8994,,,,
NYC,hour,2023-05-31 17:00:00,2023-05-31,17,2,0,spring,12480,,,,
NYC,hour,2023-05-31 18:00:00,2023-05-31,18,2,0,spring,11656,,,,
NYC,hour,2023-05-31 19:00:00,2023-05-31,19,2,0,spring,8932,,,,
NYC,hour,2023-05-31 20:00:00,2023-05-31,20,2,0,spring,6545,,,,
NYC,hour,2023-05-31 21:00:00,2023-05-31,21,2,0,spring,4535,,,,
NYC,hour,2023-05-31 22:00:00,2023-05-31,22,2,0,spring,3555,,,,
NYC,hour,2023-05-31 23:00:00,2023-05-31,23,2,0,spring,2277,,,,
NYC,hour,2023-06-01 00:00:00,2023-06-01,0,3,0,summer,1265,,,,
NYC,hour,2023-06-01 01:00:00,2023-06-01,1,3,0,summer,701,,,,
NYC,hour,2023-06-01 02:00:00,2023-06-01,2,3,0,summer,414,,,,
NYC,hour,2023-06-01 03:00:00,2023-06-01,3,3,0,summer,242,,,,
NYC,hour,2023-06-01 04:00:00,2023-06-01,4,3,0,summer,280,,,,
NYC,hour,2023-06-01 05:00:00,2023-06-01,5,3,0,summer,1026,,,,
NYC,hour,2023-06-01 06:00:00,2023-06-01,6,3,0,summer,2883,,,,
NYC,hour,2023-06-01 07:00:00,2023-06-01,7,3,0,summer,5832,,,,
NYC,hour,2023-06-01 08:00:00,2023-06-01,8,3,0,summer,8796,,,,
NYC,hour,2023-06-01 09:00:00,2023-06-01,9,3,0,summer,6731,,,,
NYC,hour,2023-06-01 10:00:00,2023-06-01,10,3,0,summer,4929,,,,
NYC,hour,2023-06-01 11:00:00,2023-06-01,11,3,0,summer,5197,,,,
NYC,hour,2023-06-01 12:00:00,2023-06-01,12,3,0,summer,5924,,,,
NYC,hour,2023-06-01 13:00:00,2023-06-01,13,3,0,summer,6208,,,,
NYC,hour,2023-06-01 14:00:00,2023-06-01,14,3,0,summer,6954,,,,
NYC,hour,2023-06-01 15:00:00,2023-06-01,15,3,0,summer,7768,,,,
NYC,hour,2023-06-01 16:00:00,2023-06-01,16,3,0,summer,8991,,,,
NYC,hour,2023-06-01 17:00:00,2023-06-01,17,3,0,summer,12389,,,,
NYC,hour,2023-06-01 18:00:00,2023-06-01,18,3,0,summer,12334,,,,
NYC,hour,2023-06-01 19:00:00,2023-06-01,19,3,0,summer,9716,,,,
NYC,hour,2023-06-01 20:00:00,2023-06-01,20,3,0,summer,6821,,,,
NYC,hour,2023-06-01 21:00:00,2023-06-01,21,3,0,summer,4846,,,,
NYC,hour,2023-06-01 22:00:00,2023-06-01,22,3,0,summer,3757,,,,
NYC,hour,2023-06-01 23:00:00,2023-06-01,23,3,0,summer,2621,,,,
NYC,hour,2023-06-02 00:00:00,2023-06-02,0,4,0,summer,1460,,,,
NYC,hour,2023-06-02 01:00:00,2023-06-02,1,4,0,summer,885,,,,
NYC,hour,2023-06-02 02:00:00,2023-06-02,2,4,0,summer,590,,,,
NYC,hour,2023-06-02 03:00:00,2023-06-02,3,4,0,summer,345,,,,
NYC,hour,2023-06-02 04:00:00,2023-06-02,4,4,0,summer,301,,,,
NYC,hour,2023-06-02 05:00:00,2023-06-02,5,4,0,summer,941,,,,
NYC,hour,2023-06-02 06:00:00,2023-06-02,6,4,0,summer,2518,,,,
NYC,hour,2023-06-02 07:00:00,2023-06-02,7,4,0,summer,5232,,,,
NYC,hour,2023-06-02 08:00:00,2023-06-02,8,4,0,summer,7546,,,,
NYC,hour,2023-06-02 09:00:00,2023-06-02,9,4,0,summer,6048,,,,
NYC,hour,2023-06-02 10:00:00,2023-06-02,10,4,0,summer,4881,,,,
NYC,hour,2023-06-02 11:00:00,2023-06-02,11,4,0,summer,5392,,,,
NYC,hour,2023-06-02 12:00:00,2023-06-02,12,4,0,summer,6106,,,,
NYC,hour,2023-06-02 13:00:00,2023-06-02,13,4,0,summer,6789,,,,
NYC,hour,2023-06-02 14:00:00,2023-06-02,14,4,0,summer,7551,,,,
NYC,hour,2023-06-02 15:00:00,2023-06-02,15,4,0,summer,8595,,,,
NYC,hour,2023-06-02 16:00:00,2023-06-02,16,4,0,summer,9451,,,,
NYC,hour,2023-06-02 17:00:00,2023-06-02,17,4,0,summer,10895,,,,
NYC,hour,2023-06-02 18:00:00,2023-06-02,18,4,0,summer,7029,,,,
NYC,hour,2023-06-02 19:00:00,2023-06-02,19,4,0,summer,3953,,,,
NYC,hour,2023-06-02 20:00:00,2023-06-02,20,4,0,summer,4653,,,,
NYC,hour,2023-06-02 21:00:00,2023-06-02,21,4,0,summer,3836,,,,
NYC,hour,2023-06-02 22:00:00,2023-06-02,22,4,0,summer,3569,,,,
NYC,hour,2023-06-02 23:00:00,2023-06-02,23,4,0,summer,3131,,,,
NYC,hour,2023-06-03 00:00:00,2023-06-03,0,5,1,summer,1467,,,,
NYC,hour,2023-06-03 01:00:00,2023-06-03,1,5,1,summer,1803,,,,
NYC,hour,2023-06-03 02:00:00,2023-06-03,2,5,1,summer,1221,,,,
NYC,hour,2023-06-03 03:00:00,2023-06-03,3,5,1,summer,846,,,,
NYC,hour,2023-06-03 04:00:00,2023-06-03,4,5,1,summer,557,,,,
NYC,hour,2023-06-03 05:00:00,2023-06-03,5,5,1,summer,548,,,,
NYC,hour,2023-06-03 06:00:00,2023-06-03,6,5,1,summer,960,,,,
NYC,hour,2023-06-03 07:00:00,2023-06-03,7,5,1,summer,1896,,,,
NYC,hour,2023-06-03 08:00:00,2023-06-03,8,5,1,summer,3284,,,,
NYC,hour,2023-06-03 09:00:00,2023-06-03,9,5,1,summer,4867,,,,
NYC,hour,2023-06-03 10:00:00,2023-06-03,10,5,1,summer,5966,,,,
NYC,hour,2023-06-03 11:00:00,2023-06-03,11,5,1,summer,6899,,,,
NYC,hour,2023-06-03 12:00:00,2023-06-03,12,5,1,summer,7865,,,,
NYC,hour,2023-06-03 13:00:00,2023-06-03,13,5,1,summer,8586,,,,
NYC,hour,2023-06-03 14:00:00,2023-06-03,14,5,1,summer,8448,,,,
NYC,hour,2023-06-03 15:00:00,2023-06-03,15,5,1,summer,8393,,,,
NYC,hour,2023-06-03 16:00:00,2023-06-03,16,5,1,summer,8133,,,,
NYC,hour,2023-06-03 17:00:00,2023-06-03,17,5,1,summer,7566,,,,
NYC,hour,2023-06-03 18:00:00,2023-06-03,18,5,1,summer,7037,,,,
NYC,hour,2023-06-03 19:00:00,2023-06-03,19,5,1,summer,6006,,,,
NYC,hour,2023-06-03 20:00:00,2023-06-03,20,5,1,summer,4520,,,,
NYC,hour,2023-06-03 21:00:00,2023-06-03,21,5,1,summer,3538,,,,
NYC,hour,2023-06-03 22:00:00,2023-06-03,22,5,1,summer,3124,,,,
NYC,hour,2023-06-03 23:00:00,2023-06-03,23,5,1,summer,2558,,,,
NYC,hour,2023-06-04 00:00:00,2023-06-04,0,6,1,summer,1964,,,,
NYC,hour,2023-06-04 01:00:00,2023-06-04,1,6,1,summer,1360,,,,
NYC,hour,2023-06-04 02:00:00,2023-06-04,2,6,1,summer,1004,,,,
NYC,hour,2023-06-04 03:00:00,2023-06-04,3,6,1,summer,632,,,,
NYC,hour,2023-06-04 04:00:00,2023-06-04,4,6,1,summer,444,,,,
NYC,hour,2023-06-04 05:00:00,2023-06-04,5,6,1,summer,366,,,,
NYC,hour,2023-06-04 06:00:00,2023-06-04,6,6,1,summer,745,,,,
NYC,hour,2023-06-04 07:00:00,2023-06-04,7,6,1,summer,1335,,,,
NYC,hour,2023-06-04 08:00:00,2023-06-04,8,6,1,summer,2364,,,,
NYC,hour,2023-06-04 09:00:00,2023-06-04,9,6,1,summer,3839,,,,
NYC,hour,2023-06-04 10:00:00,2023-06-04,10,6,1,summer,5474,,,,
NYC,hour,2023-06-04 11:00:00,2023-06-04,11,6,1,summer,6923,,,,
NYC,hour,2023-06-04 12:00:00,2023-06-04,12,6,1,summer,7776,,,,
NYC,hour,2023-06-04 13:00:00,2023-06-04,13,6,1,summer,8420,,,,
NYC,hour,2023-06-04 14:00:00,2023-06-04,14,6,1,summer,8862,,,,
NYC,hour,2023-06-04 15:00:00,2023-06-04,15,6,1,summer,8977,,,,
NYC,hour,2023-06-04 16:00:00,2023-06-04,16,6,1,summer,8820,,,,
NYC,hour,2023-06-04 17:00:00,2023-06-04,17,6,1,summer,8294,,,,
NYC,hour,2023-06-04 18:00:00,2023-06-04,18,6,1,summer,7641,,,,
NYC,hour,2023-06-04 19:00:00,2023-06-04,19,6,1,summer,6193,,,,
NYC,hour,2023-06-04 20:00:00,2023-06-04,20,6,1,summer,4622,,,,
NYC,hour,2023-06-04 21:00:00,2023-06-04,21,6,1,summer,3201,,,,
NYC,hour,2023-06-04 22:00:00,2023-06-04,22,6,1,summer,2559,,,,
NYC,hour,2023-06-04 23:00:00,2023-06-04,23,6,1,summer,1555,,,,
NYC,hour,2023-06-05 00:00:00,2023-06-05,0,0,0,summer,993,,,,
NYC,hour,2023-06-05 01:00:00,2023-06-05,1,0,0,summer,531,,,,
NYC,hour,2023-06-05 02:00:00,2023-06-05,2,0,0,summer,393,,,,
NYC,hour,2023-06-05 03:00:00,2023-06-05,3,0,0,summer,293,,,,
NYC,hour,2023-06-05 04:00:00,2023-06-05,4,0,0,summer,273,,,,
NYC,hour,2023-06-05 05:00:00,2023-06-05,5,0,0,summer,956,,,,
NYC,hour,2023-06-05 06:00:00,2023-06-05,6,0,0,summer,2712,,,,
NYC,hour,2023-06-05 07:00:00,2023-06-05,7,0,0,summer,5633,,,,
NYC,hour,2023-06-05 08:00:00,2023-06-05,8,0,0,summer,8044,,,,
NYC,hour,2023-06-05 09:00:00,2023-06-05,9,0,0,summer,5524,,,,
NYC,hour,2023-06-05 10:00:00,2023-06-05,10,0,0,summer,4249,,,,
NYC,hour,2023-06-05 11:00:00,2023-06-05,11,0,0,summer,4596,,,,
NYC,hour,2023-06-05 12:00:00,2023-06-05,12,0,0,summer,5087,,,,
NYC,hour,2023-06-05 13:00:00,2023-06-05,13,0,0,summer,5545,,,,
NYC,hour,2023-06-05 14:00:00,2023-06-05,14,0,0,summer,6505,,,,
NYC,hour,2023-06-05 15:00:00,2023-06-05,15,0,0,summer,7475,,,,
NYC,hour,2023-06-05 16:00:00,2023-06-05,16,0,0,summer,8875,,,,
NYC,hour,2023-06-05 17:00:00,2023-06-05,17,0,0,summer,11811,,,,
NYC,hour,2023-06-05 18:00:00,2023-06-05,18,0,0,summer,11236,,,,
NYC,hour,2023-06-05 19:00:00,2023-06-05,19,0,0,summer,8689,,,,
NYC,hour,2023-06-05 20:00:00,2023-06-05,20,0,0,summer,6197,,,,
NYC,hour,2023-06-05 21:00:00,2023-06-05,21,0,0,summer,4373,,,,
NYC,hour,2023-06-05 22:00:00,2023-06-05,22,0,0,summer,3179,,,,
NYC,hour,2023-06-05 23:00:00,2023-06-05,23,0,0,summer,1920,,,,
NYC,hour,2023-06-06 00:00:00,2023-06-06,0,1,0,summer,1151,,,,
NYC,hour,2023-06-06 01:00:00,2023-06-06,1,1,0,summer,571,,,,
NYC,hour,2023-06-06 02:00:00,2023-06-06,2,1,0,summer,290,,,,
NYC,hour,2023-06-06 03:00:00,2023-06-06,3,1,0,summer,225,,,,
NYC,hour,2023-06-06 04:00:00,2023-06-06,4,1,0,summer,260,,,,
NYC,hour,2023-06-06 05:00:00,2023-06-06,5,1,0,summer,1079,,,,
NYC,hour,2023-06-06 06:00:00,2023-06-06,6,1,0,summer,3049,,,,
NYC,hour,2023-06-06 07:00:00,2023-06-06,7,1,0,summer,6464,,,,
NYC,hour,2023-06-06 08:00:00,2023-06-06,8,1,0,summer,9187,,,,
NYC,hour,2023-06-06 09:00:00,2023-06-06,9,1,0,summer,4459,,,,
NYC,hour,2023-06-06 10:00:00,2023-06-06,10,1,0,summer,4319,,,,
NYC,hour,2023-06-06 11:00:00,2023-06-06,11,1,0,summer,4671,,,,
NYC,hour,2023-06-06 12:00:00,2023-06-06,12,1,0,summer,5172,,,,
NYC,hour,2023-06-06 13:00:00,2023-06-06,13,1,0,summer,5682,,,,
NYC,hour,2023-06-06 14:00:00,2023-06-06,14,1,0,summer,6427,,,,
NYC,hour,2023-06-06 15:00:00,2023-06-06,15,1,0,summer,7110,,,,
NYC,hour,2023-06-06 16:00:00,2023-06-06,16,1,0,summer,8762,,,,
NYC,hour,2023-06-06 17:00:00,2023-06-06,17,1,0,summer,12005,,,,
NYC,hour,2023-06-06 18:00:00,2023-06-06,18,1,0,summer,10625,,,,
NYC,hour,2023-06-06 19:00:00,2023-06-06,19,1,0,summer,7020,,,,
NYC,hour,2023-06-06 20:00:00,2023-06-06,20,1,0,summer,4900,,,,
NYC,hour,2023-06-06 21:00:00,2023-06-06,21,1,0,summer,3817,,,,
NYC,hour,2023-06-06 22:00:00,2023-06-06,22,1,0,summer,3026,,,,
NYC,hour,2023-06-06 23:00:00,2023-06-06,23,1,0,summer,1967,,,,
NYC,hour,2023-06-07 00:00:00,2023-06-07,0,2,0,summer,1092,,,,
NYC,hour,2023-06-07 01:00:00,2023-06-07,1,2,0,summer,517,,,,
NYC,hour,2023-06-07 02:00:00,2023-06-07,2,2,0,summer,284,,,,
NYC,hour,2023-06-07 03:00:00,2023-06-07,3,2,0,summer,194,,,,
NYC,hour,2023-06-07 04:00:00,2023-06-07,4,2,0,summer,259,,,,
NYC,hour,2023-06-07 05:00:00,2023-06-07,5,2,0,summer,958,,,,
NYC,hour,2023-06-07 06:00:00,2023-06-07,6,2,0,summer,2892,,,,
NYC,hour,2023-06-07 07:00:00,2023-06-07,7,2,0,summer,5817,,,,
NYC,hour,2023-06-07 08:00:00,2023-06-07,8,2,0,summer,8527,,,,
NYC,hour,2023-06-07 09:00:00,2023-06-07,9,2,0,summer,6252,,,,
NYC,hour,2023-06-07 10:00:00,2023-06-07,10,2,0,summer,4396,,,,
NYC,hour,2023-06-07 11:00:00,2023-06-07,11,2,0,summer,4617,,,,
NYC,hour,2023-06-07 12:00:00,2023-06-07,12,2,0,summer,4723,,,,
NYC,hour,2023-06-07 13:00:00,2023-06-07,13,2,0,summer,4578,,,,
NYC,hour,2023-06-07 14:00:00,2023-06-07,14,2,0,summer,5143,,,,
NYC,hour,2023-06-07 15:00:00,2023-06-07,15,2,0,summer,5381,,,,
NYC,hour,2023-06-07 16:00:00,2023-06-07,16,2,0,summer,5711,,,,
NYC,hour,2023-06-07 17:00:00,2023-06-07,17,2,0,summer,7484,,,,
NYC,hour,2023-06-07 18:00:00,2023-06-07,18,2,0,summer,7163,,,,
NYC,hour,2023-06-07 19:00:00,2023-06-07,19,2,0,summer,5331,,,,
NYC,hour,2023-06-07 20:00:00,2023-06-07,20,2,0,summer,3917,,,,
NYC,hour,2023-06-07 21:00:00,2023-06-07,21,2,0,summer,2905,,,,
NYC,hour,2023-06-07 22:00:00,2023-06-07,22,2,0,summer,2306,,,,
NYC,hour,2023-06-07 23:00:00,2023-06-07,23,2,0,summer,1757,,,,
NYC,hour,2023-06-08 00:00:00,2023-06-08,0,3,0,summer,1013,,,,
NYC,hour,2023-06-08 01:00:00,2023-06-08,1,3,0,summer,522,,,,
NYC,hour,2023-06-08 02:00:00,2023-06-08,2,3,0,summer,337,,,,
NYC,hour,2023-06-08 03:00:00,2023-06-08,3,3,0,summer,249,,,,
NYC,hour,2023-06-08 04:00:00,2023-06-08,4,3,0,summer,271,,,,
NYC,hour,2023-06-08 05:00:00,2023-06-08,5,3,0,summer,789,,,,
NYC,hour,2023-06-08 06:00:00,2023-06-08,6,3,0,summer,2245,,,,
NYC,hour,2023-06-08 07:00:00,2023-06-08,7,3,0,summer,3891,,,,
NYC,hour,2023-06-08 08:00:00,2023-06-08,8,3,0,summer,5819,,,,
NYC,hour,2023-06-08 09:00:00,2023-06-08,9,3,0,summer,4765,,,,
NYC,hour,2023-06-08 10:00:00,2023-06-08,10,3,0,summer,3780,,,,
NYC,hour,2023-06-08 11:00:00,2023-06-08,11,3,0,summer,4110,,,,
NYC,hour,2023-06-08 12:00:00,2023-06-08,12,3,0,summer,4647,,,,
NYC,hour,2023-06-08 13:00:00,2023-06-08,13,3,0,summer,5062,,,,
NYC,hour,2023-06-08 14:00:00,2023-06-08,14,3,0,summer,5381,,,,
NYC,hour,2023-06-08 15:00:00,2023-06-08,15,3,0,summer,6099,,,,
NYC,hour,2023-06-08 16:00:00,2023-06-08,16,3,0,summer,6933,,,,
NYC,hour,2023-06-08 17:00:00,2023-06-08,17,3,0,summer,8849,,,,
NYC,hour,2023-06-08 18:00:00,2023-06-08,18,3,0,summer,9193,,,,
NYC,hour,2023-06-08 19:00:00,2023-06-08,19,3,0,summer,7278,,,,
NYC,hour,2023-06-08 20:00:00,2023-06-08,20,3,0,summer,5279,,,,
NYC,hour,2023-06-08 21:00:00,2023-06-08,21,3,0,summer,4227,,,,
NYC,hour,2023-06-08 22:00:00,2023-06-08,22,3,0,summer,3346,,,,
NYC,hour,2023-06-08 23:00:00,2023-06-08,23,3,0,summer,2563,,,,
NYC,hour,2023-06-09 00:00:00,2023-06-09,0,4,0,summer,1541,,,,
NYC,hour,2023-06-09 01:00:00,2023-06-09,1,4,0,summer,923,,,,
NYC,hour,2023-06-09 02:00:00,2023-06-09,2,4,0,summer,527,,,,
NYC,hour,2023-06-09 03:00:00,2023-06-09,3,4,0,summer,321,,,,
NYC,hour,2023-06-09 04:00:00,2023-06-09,4,4,0,summer,312,,,,
NYC,hour,2023-06-09 05:00:00,2023-06-09,5,4,0,summer,901,,,,
NYC,hour,2023-06-09 06:00:00,2023-06-09,6,4,0,summer,2321,,,,
NYC,hour,2023-06-09 07:00:00,2023-06-09,7,4,0,summer,4186,,,,
NYC,hour,2023-06-09 08:00:00,2023-06-09,8,4,0,summer,6057,,,,
NYC,hour,2023-06-09 09:00:00,2023-06-09,9,4,0,summer,5382,,,,
NYC,hour,2023-06-09 10:00:00,2023-06-09,10,4,0,summer,4805,,,,
NYC,hour,2023-06-09 11:00:00,2023-06-09,11,4,0,summer,5274,,,,
NYC,hour,2023-06-09 12:00:00,2023-06-09,12,4,0,summer,6285,,,,
NYC,hour,2023-06-09 13:00:00,2023-06-09,13,4,0,summer,6890,,,,
NYC,hour,2023-06-09 14:00:00,2023-06-09,14,4,0,summer,7610,,,,
NYC,hour,2023-06-09 15:00:00,2023-06-09,15,4,0,summer,8321,,,,
NYC,hour,2023-06-09 16:00:00,2023-06-09,16,4,0,summer,9400,,,,
NYC,hour,2023-06-09 17:00:00,2023-06-09,17,4,0,summer,10582,,,,
NYC,hour,2023-06-09 18:00:00,2023-06-09,18,4,0,summer,8969,,,,
NYC,hour,2023-06-09 19:00:00,2023-06-09,19,4,0,summer,6540,,,,
NYC,hour,2023-06-09 20:00:00,2023-06-09,20,4,0,summer,4859,,,,
NYC,hour,2023-06-09 21:00:00,2023-06-09,21,4,0,summer,4075,,,,
NYC,hour,2023-06-09 22:00:00,2023-06-09,22,4,0,summer,3443,,,,
NYC,hour,2023-06-09 23:00:00,2023-06-09,23,4,0,summer,3455,,,,
NYC,hour,2023-06-10 00:00:00,2023-06-10,0,5,1,summer,2386,,,,
NYC,hour,2023-06-10 01:00:00,2023-06-10,1,5,1,summer,1694,,,,
NYC,hour,2023-06-10 02:00:00,2023-06-10,2,5,1,summer,1169,,,,
NYC,hour,2023-06-10 03:00:00,2023-06-10,3,5,1,summer,783,,,,
NYC,hour,2023-06-10 04:00:00,2023-06-10,4,5,1,summer,461,,,,
NYC,hour,2023-06-10 05:00:00,2023-06-10,5,5,1,summer,502,,,,
NYC,hour,2023-06-10 06:00:00,2023-06-10,6,5,1,summer,991,,,,
NYC,hour,2023-06-10 07:00:00,2023-06-10,7,5,1,summer,2022,,,,
NYC,hour,2023-06-10 08:00:00,2023-06-10,8,5,1,summer,3194,,,,
NYC,hour,2023-06-10 09:00:00,2023-06-10,9,5,1,summer,5003,,,,
NYC,hour,2023-06-10 10:00:00,2023-06-10,10,5,1,summer,6652,,,,
NYC,hour,2023-06-10 11:00:00,2023-06-10,11,5,1,summer,8015,,,,
NYC,hour,2023-06-10 12:00:00,2023-06-10,12,5,1,summer,9069,,,,
NYC,hour,2023-06-10 13:00:00,2023-06-10,13,5,1,summer,9562,,,,
NYC,hour,2023-06-10 14:00:00,2023-06-10,14,5,1,summer,10095,,,,
NYC,hour,2023-06-10 15:00:00,2023-06-10,15,5,1,summer,9329,,,,
NYC,hour,2023-06-10 16:00:00,2023-06-10,16,5,1,summer,8748,,,,
NYC,hour,2023-06-10 17:00:00,2023-06-10,17,5,1,summer,9238,,,,
NYC,hour,2023-06-10 18:00:00,2023-06-10,18,5,1,summer,8644,,,,
NYC,hour,2023-06-10 19:00:00,2023-06-10,19,5,1,summer,7644,,,,
NYC,hour,2023-06-10 20:00:00,2023-06-10,20,5,1,summer,5796,,,,
NYC,hour,2023-06-10 21:00:00,2023-06-10,21,5,1,summer,4561,,,,
NYC,hour,2023-06-10 22:00:00,2023-06-10,22,5,1,summer,4069,,,,
NYC,hour,2023-06-10 23:00:00,2023-06-10,23,5,1,summer,2739,,,,
NYC,hour,2023-06-11 00:00:00,2023-06-11,0,6,1,summer,2157,,,,
NYC,hour,2023-06-11 01:00:00,2023-06-11,1,6,1,summer,1552,,,,
NYC,hour,2023-06-11 02:00:00,2023-06-11,2,6,1,summer,1104,,,,
NYC,hour,2023-06-11 03:00:00,2023-06-11,3,6,1,summer,773,,,,
NYC,hour,2023-06-11 04:00:00,2023-06-11,4,6,1,summer,478,,,,
NYC,hour,2023-06-11 05:00:00,2023-06-11,5,6,1,summer,434,,,,
NYC,hour,2023-06-11 06:00:00,2023-06-11,6,6,1,summer,825,,,,
NYC,hour,2023-06-11 07:00:00,2023-06-11,7,6,1,summer,1485,,,,
NYC,hour,2023-06-11 08:00:00,2023-06-11,8,6,1,summer,2427,,,,
NYC,hour,2023-06-11 09:00:00,2023-06-11,9,6,1,summer,3921,,,,
NYC,hour,2023-06-11 10:00:00,2023-06-11,10,6,1,summer,5507,,,,
NYC,hour,2023-06-11 11:00:00,2023-06-11,11,6,1,summer,6938,,,,
NYC,hour,2023-06-11 12:00:00,2023-06-11,12,6,1,summer,8051,,,,
NYC,hour,2023-06-11 13:00:00,2023-06-11,13,6,1,summer,8525,,,,
NYC,hour,2023-06-11 14:00:00,2023-06-11,14,6,1,summer,8817,,,,
NYC,hour,2023-06-11 15:00:00,2023-06-11,15,6,1,summer,8997,,,,
NYC,hour,2023-06-11 16:00:00,2023-06-11,16,6,1,summer,8830,,,,
NYC,hour,2023-06-11 17:00:00,2023-06-11,17,6,1,summer,8515,,,,
NYC,hour,2023-06-11 18:00:00,2023-06-11,18,6,1,summer,8153,,,,
NYC,hour,2023-06-11 19:00:00,2023-06-11,19,6,1,summer,6905,,,,
NYC,hour,2023-06-11 20:00:00,2023-06-11,20,6,1,summer,5251,,,,
NYC,hour,2023-06-11 21:00:00,2023-06-11,21,6,1,summer,3787,,,,
NYC,hour,2023-06-11 22:00:00,2023-06-11,22,6,1,summer,2915,,,,
NYC,hour,2023-06-11 23:00:00,2023-06-11,23,6,1,summer,2190,,,,
NYC,hour,2023-06-12 00:00:00,2023-06-12,0,0,0,summer,1225,,,,
NYC,hour,2023-06-12 01:00:00,2023-06-12,1,0,0,summer,619,,,,
NYC,hour,2023-06-12 02:00:00,2023-06-12,2,0,0,summer,367,,,,
NYC,hour,2023-06-12 03:00:00,2023-06-12,3,0,0,summer,279,,,,
NYC,hour,2023-06-12 04:00:00,2023-06-12,4,0,0,summer,302,,,,
NYC,hour,2023-06-12 05:00:00,2023-06-12,5,0,0,summer,975,,,,
NYC,hour,2023-06-12 06:00:00,2023-06-12,6,0,0,summer,2685,,,,
NYC,hour,2023-06-12 07:00:00,2023-06-12,7,0,0,summer,5515,,,,
NYC,hour,2023-06-12 08:00:00,2023-06-12,8,0,0,summer,7552,,,,
NYC,hour,2023-06-12 09:00:00,2023-06-12,9,0,0,summer,5583,,,,
NYC,hour,2023-06-12 10:00:00,2023-06-12,10,0,0,summer,4148,,,,
NYC,hour,2023-06-12 11:00:00,2023-06-12,11,0,0,summer,4374,,,,
NYC,hour,2023-06-12 12:00:00,2023-06-12,12,0,0,summer,5078,,,,
NYC,hour,2023-06-12 13:00:00,2023-06-12,13,0,0,summer,5464,,,,
NYC,hour,2023-06-12 14:00:00,2023-06-12,14,0,0,summer,6197,,,,
NYC,hour,2023-06-12 15:00:00,2023-06-12,15,0,0,summer,7285,,,,
NYC,hour,2023-06-12 16:00:00,2023-06-12,16,0,0,summer,8165,,,,
NYC,hour,2023-06-12 17:00:00,2023-06-12,17,0,0,summer,10793,,,,
NYC,hour,2023-06-12 18:00:00,2023-06-12,18,0,0,summer,9775,,,,
NYC,hour,2023-06-12 19:00:00,2023-06-12,19,0,0,summer,5282,,,,
NYC,hour,2023-06-12 20:00:00,2023-06-12,20,0,0,summer,1525,,,,
NYC,hour,2023-06-12 21:00:00,2023-06-12,21,0,0,summer,1150,,,,
NYC,hour,2023-06-12 22:00:00,2023-06-12,22,0,0,summer,1424,,,,
NYC,hour,2023-06-12 23:00:00,2023-06-12,23,0,0,summer,1407,,,,
NYC,hour,2023-06-13 00:00:00,2023-06-13,0,1,0,summer,801,,,,
NYC,hour,2023-06-13 01:00:00,2023-06-13,1,1,0,summer,505,,,,
NYC,hour,2023-06-13 02:00:00,2023-06-13,2,1,0,summer,318,,,,
NYC,hour,2023-06-13 03:00:00,2023-06-13,3,1,0,summer,233,,,,
NYC,hour,2023-06-13 04:00:00,2023-06-13,4,1,0,summer,294,,,,
NYC,hour,2023-06-13 05:00:00,2023-06-13,5,1,0,summer,1126,,,,
NYC,hour,2023-06-13 06:00:00,2023-06-13,6,1,0,summer,3135,,,,
NYC,hour,2023-06-13 07:00:00,2023-06-13,7,1,0,summer,6579,,,,
NYC,hour,2023-06-13 08:00:00,2023-06-13,8,1,0,summer,9481,,,,
NYC,hour,2023-06-13 09:00:00,2023-06-13,9,1,0,summer,6757,,,,
NYC,hour,2023-06-13 10:00:00,2023-06-13,10,1,0,summer,4874,,,,
NYC,hour,2023-06-13 11:00:00,2023-06-13,11,1,0,summer,4965,,,,
NYC,hour,2023-06-13 12:00:00,2023-06-13,12,1,0,summer,5441,,,,
NYC,hour,2023-06-13 13:00:00,2023-06-13,13,1,0,summer,6059,,,,
NYC,hour,2023-06-13 14:00:00,2023-06-13,14,1,0,summer,6982,,,,
NYC,hour,2023-06-13 15:00:00,2023-06-13,15,1,0,summer,8127,,,,
NYC,hour,2023-06-13 16:00:00,2023-06-13,16,1,0,summer,9493,,,,
NYC,hour,2023-06-13 17:00:00,2023-06-13,17,1,0,summer,13645,,,,
NYC,hour,2023-06-13 18:00:00,2023-06-13,18,1,0,summer,13211,,,,
NYC,hour,2023-06-13 19:00:00,2023-06-13,19,1,0,summer,9971,,,,
NYC,hour,2023-06-13 20:00:00,2023-06-13,20,1,0,summer,7339,,,,
NYC,hour,2023-06-13 21:00:00,2023-06-13,21,1,0,summer,5394,,,,
NYC,hour,2023-06-13 22:00:00,2023-06-13,22,1,0,summer,4138,,,,
NYC,hour,2023-06-13 23:00:00,2023-06-13,23,1,0,summer,2757,,,,
NYC,hour,2023-06-14 00:00:00,2023-06-14,0,2,0,summer,1502,,,,
NYC,hour,2023-06-14 01:00:00,2023-06-14,1,2,0,summer,731,,,,
NYC,hour,2023-06-14 02:00:00,2023-06-14,2,2,0,summer,400,,,,
NYC,hour,2023-06-14 03:00:00,2023-06-14,3,2,0,summer,271,,,,
NYC,hour,2023-06-14 04:00:00,2023-06-14,4,2,0,summer,277,,,,
NYC,hour,2023-06-14 05:00:00,2023-06-14,5,2,0,summer,1010,,,,
NYC,hour,2023-06-14 06:00:00,2023-06-14,6,2,0,summer,3213,,,,
NYC,hour,2023-06-14 07:00:00,2023-06-14,7,2,0,summer,6383,,,,
NYC,hour,2023-06-14 08:00:00,2023-06-14,8,2,0,summer,9491,,,,
NYC,hour,2023-06-14 09:00:00,2023-06-14,9,2,0,summer,7015,,,,
NYC,hour,2023-06-14 10:00:00,2023-06-14,10,2,0,summer,4989,,,,
NYC,hour,2023-06-14 11:00:00,2023-06-14,11,2,0,summer,5359,,,,
NYC,hour,2023-06-14 12:00:00,2023-06-14,12,2,0,summer,5906,,,,
NYC,hour,2023-06-14 13:00:00,2023-06-14,13,2,0,summer,3319,,,,
NYC,hour,2023-06-14 14:00:00,2023-06-14,14,2,0,summer,3952,,,,
NYC,hour,2023-06-14 15:00:00,2023-06-14,15,2,0,summer,5734,,,,
NYC,hour,2023-06-14 16:00:00,2023-06-14,16,2,0,summer,8512,,,,
NYC,hour,2023-06-14 17:00:00,2023-06-14,17,2,0,summer,12017,,,,
NYC,hour,2023-06-14 18:00:00,2023-06-14,18,2,0,summer,11047,,,,
NYC,hour,2023-06-14 19:00:00,2023-06-14,19,2,0,summer,7909,,,,
NYC,hour,2023-06-14 20:00:00,2023-06-14,20,2,0,summer,6540,,,,
NYC,hour,2023-06-14 21:00:00,2023-06-14,21,2,0,summer,4974,,,,
NYC,hour,2023-06-14 22:00:00,2023-06-14,22,2,0,summer,4062,,,,
NYC,hour,2023-06-14 23:00:00,2023-06-14,23,2,0,summer,2581,,,,
NYC,hour,2023-06-15 00:00:00,2023-06-15,0,3,0,summer,1414,,,,
NYC,hour,2023-06-15 01:00:00,2023-06-15,1,3,0,summer,772,,,,
NYC,hour,2023-06-15 02:00:00,2023-06-15,2,3,0,summer,442,,,,
NYC,hour,2023-06-15 03:00:00,2023-06-15,3,3,0,summer,281,,,,
NYC,hour,2023-06-15 04:00:00,2023-06-15,4,3,0,summer,289,,,,
NYC,hour,2023-06-15 05:00:00,2023-06-15,5,3,0,summer,1077,,,,
NYC,hour,2023-06-15 06:00:00,2023-06-15,6,3,0,summer,3104,,,,
NYC,hour,2023-06-15 07:00:00,2023-06-15,7,3,0,summer,6064,,,,
NYC,hour,2023-06-15 08:00:00,2023-06-15,8,3,0,summer,9271,,,,
NYC,hour,2023-06-15 09:00:00,2023-06-15,9,3,0,summer,6921,,,,
NYC,hour,2023-06-15 10:00:00,2023-06-15,10,3,0,summer,5249,,,,
NYC,hour,2023-06-15 11:00:00,2023-06-15,11,3,0,summer,5753,,,,
NYC,hour,2023-06-15 12:00:00,2023-06-15,12,3,0,summer,6536,,,,
NYC,hour,2023-06-15 13:00:00,2023-06-15,13,3,0,summer,6331,,,,
NYC,hour,2023-06-15 14:00:00,2023-06-15,14,3,0,summer,6988,,,,
NYC,hour,2023-06-15 15:00:00,2023-06-15,15,3,0,summer,7630,,,,
NYC,hour,2023-06-15 16:00:00,2023-06-15,16,3,0,summer,9551,,,,
NYC,hour,2023-06-15 17:00:00,2023-06-15,17,3,0,summer,13177,,,,
NYC,hour,2023-06-15 18:00:00,2023-06-15,18,3,0,summer,12842,,,,
NYC,hour,2023-06-15 19:00:00,2023-06-15,19,3,0,summer,9827,,,,
NYC,hour,2023-06-15 20:00:00,2023-06-15,20,3,0,summer,7342,,,,
NYC,hour,2023-06-15 21:00:00,2023-06-15,21,3,0,summer,5877,,,,
NYC,hour,2023-06-15 22:00:00,2023-06-15,22,3,0,summer,4718,,,,
NYC,hour,2023-06-15 23:00:00,2023-06-15,23,3,0,summer,3243,,,,
NYC,hour,2023-06-16 00:00:00,2023-06-16,0,4,0,summer,1962,,,,
NYC,hour,2023-06-16 01:00:00,2023-06-16,1,4,0,summer,1162,,,,
NYC,hour,2023-06-16 02:00:00,2023-06-16,2,4,0,summer,692,,,,
NYC,hour,2023-06-16 03:00:00,2023-06-16,3,4,0,summer,425,,,,
NYC,hour,2023-06-16 04:00:00,2023-06-16,4,4,0,summer,387,,,,
NYC,hour,2023-06-16 05:00:00,2023-06-16,5,4,0,summer,993,,,,
NYC,hour,2023-06-16 06:00:00,2023-06-16,6,4,0,summer,2561,,,,
NYC,hour,2023-06-16 07:00:00,2023-06-16,7,4,0,summer,4828,,,,
NYC,hour,2023-06-16 08:00:00,2023-06-16,8,4,0,summer,7214,,,,
NYC,hour,2023-06-16 09:00:00,2023-06-16,9,4,0,summer,6152,,,,
NYC,hour,2023-06-16 10:00:00,2023-06-16,10,4,0,summer,5660,,,,
NYC,hour,2023-06-16 11:00:00,2023-06-16,11,4,0,summer,6254,,,,
NYC,hour,2023-06-16 12:00:00,2023-06-16,12,4,0,summer,6834,,,,
NYC,hour,2023-06-16 13:00:00,2023-06-16,13,4,0,summer,3492,,,,
NYC,hour,2023-06-16 14:00:00,2023-06-16,14,4,0,summer,1504,,,,
NYC,hour,2023-06-16 15:00:00,2023-06-16,15,4,0,summer,4151,,,,
NYC,hour,2023-06-16 16:00:00,2023-06-16,16,4,0,summer,7266,,,,
NYC,hour,2023-06-16 17:00:00,2023-06-16,17,4,0,summer,9489,,,,
NYC,hour,2023-06-16 18:00:00,2023-06-16,18,4,0,summer,9385,,,,
NYC,hour,2023-06-16 19:00:00,2023-06-16,19,4,0,summer,7902,,,,
NYC,hour,2023-06-16 20:00:00,2023-06-16,20,4,0,summer,6015,,,,
NYC,hour,2023-06-16 21:00:00,2023-06-16,21,4,0,summer,4476,,,,
NYC,hour,2023-06-16 22:00:00,2023-06-16,22,4,0,summer,4001,,,,
NYC,hour,2023-06-16 23:00:00,2023-06-16,23,4,0,summer,3255,,,,
NYC,hour,2023-06-17 00:00:00,2023-06-17,0,5,1,summer,2455,,,,
NYC,hour,2023-06-17 01:00:00,2023-06-17,1,5,1,summer,1860,,,,
NYC,hour,2023-06-17 02:00:00,2023-06-17,2,5,1,summer,1347,,,,
NYC,hour,2023-06-17 03:00:00,2023-06-17,3,5,1,summer,824,,,,
NYC,hour,2023-06-17 04:00:00,2023-06-17,4,5,1,summer,527,,,,
NYC,hour,2023-06-17 05:00:00,2023-06-17,5,5,1,summer,495,,,,
NYC,hour,2023-06-17 06:00:00,2023-06-17,6,5,1,summer,1064,,,,
NYC,hour,2023-06-17 07:00:00,2023-06-17,7,5,1,summer,1794,,,,
NYC,hour,2023-06-17 08:00:00,2023-06-17,8,5,1,summer,3080,,,,
NYC,hour,2023-06-17 09:00:00,2023-06-17,9,5,1,summer,4797,,,,
NYC,hour,2023-06-17 10:00:00,2023-06-17,10,5,1,summer,6315,,,,
NYC,hour,2023-06-17 11:00:00,2023-06-17,11,5,1,summer,7786,,,,
NYC,hour,2023-06-17 12:00:00,2023-06-17,12,5,1,summer,8531,,,,
NYC,hour,2023-06-17 13:00:00,2023-06-17,13,5,1,summer,9246,,,,
NYC,hour,2023-06-17 14:00:00,2023-06-17,14,5,1,summer,9300,,,,
NYC,hour,2023-06-17 15:00:00,2023-06-17,15,5,1,summer,9463,,,,
NYC,hour,2023-06-17 16:00:00,2023-06-17,16,5,1,summer,8936,,,,
NYC,hour,2023-06-17 17:00:00,2023-06-17,17,5,1,summer,8905,,,,
NYC,hour,2023-06-17 18:00:00,2023-06-17,18,5,1,summer,7472,,,,
NYC,hour,2023-06-17 19:00:00,2023-06-17,19,5,1,summer,6416,,,,
NYC,hour,2023-06-17 20:00:00,2023-06-17,20,5,1,summer,5250,,,,
NYC,hour,2023-06-17 21:00:00,2023-06-17,21,5,1,summer,4061,,,,
NYC,hour,2023-06-17 22:00:00,2023-06-17,22,5,1,summer,3737,,,,
NYC,hour,2023-06-17 23:00:00,2023-06-17,23,5,1,summer,3061,,,,
NYC,hour,2023-06-18 00:00:00,2023-06-18,0,6,1,summer,2514,,,,
NYC,hour,2023-06-18 01:00:00,2023-06-18,1,6,1,summer,1776,,,,
NYC,hour,2023-06-18 02:00:00,2023-06-18,2,6,1,summer,1313,,,,
NYC,hour,2023-06-18 03:00:00,2023-06-18,3,6,1,summer,922,,,,
NYC,hour,2023-06-18 04:00:00,2023-06-18,4,6,1,summer,662,,,,
NYC,hour,2023-06-18 05:00:00,2023-06-18,5,6,1,summer,410,,,,
NYC,hour,2023-06-18 06:00:00,2023-06-18,6,6,1,summer,761,,,,
NYC,hour,2023-06-18 07:00:00,2023-06-18,7,6,1,summer,1466,,,,
NYC,hour,2023-06-18 08:00:00,2023-06-18,8,6,1,summer,2486,,,,
NYC,hour,2023-06-18 09:00:00,2023-06-18,9,6,1,summer,3950,,,,
NYC,hour,2023-06-18 10:00:00,2023-06-18,10,6,1,summer,5565,,,,
NYC,hour,2023-06-18 11:00:00,2023-06-18,11,6,1,summer,6676,,,,
NYC,hour,2023-06-18 12:00:00,2023-06-18,12,6,1,summer,7472,,,,
NYC,hour,2023-06-18 13:00:00,2023-06-18,13,6,1,summer,8301,,,,
NYC,hour,2023-06-18 14:00:00,2023-06-18,14,6,1,summer,8516,,,,
NYC,hour,2023-06-18 15:00:00,2023-06-18,15,6,1,summer,8871,,,,
NYC,hour,2023-06-18 16:00:00,2023-06-18,16,6,1,summer,8570,,,,
NYC,hour,2023-06-18 17:00:00,2023-06-18,17,6,1,summer,8488,,,,
NYC,hour,2023-06-18 18:00:00,2023-06-18,18,6,1,summer,8173,,,,
NYC,hour,2023-06-18 19:00:00,2023-06-18,19,6,1,summer,6878,,,,
NYC,hour,2023-06-18 20:00:00,2023-06-18,20,6,1,summer,5950,,,,
NYC,hour,2023-06-18 21:00:00,2023-06-18,21,6,1,summer,4577,,,,
NYC,hour,2023-06-18 22:00:00,2023-06-18,22,6,1,summer,3699,,,,
NYC,hour,2023-06-18 23:00:00,2023-06-18,23,6,1,summer,2803,,,,
NYC,hour,2023-06-19 00:00:00,2023-06-19,0,0,0,summer,1698,,,,
NYC,hour,2023-06-19 01:00:00,2023-06-19,1,0,0,summer,964,,,,
NYC,hour,2023-06-19 02:00:00,2023-06-19,2,0,0,summer,653,,,,
NYC,hour,2023-06-19 03:00:00,2023-06-19,3,0,0,summer,402,,,,
NYC,hour,2023-06-19 04:00:00,2023-06-19,4,0,0,summer,333,,,,
NYC,hour,2023-06-19 05:00:00,2023-06-19,5,0,0,summer,591,,,,
NYC,hour,2023-06-19 06:00:00,2023-06-19,6,0,0,summer,1548,,,,
NYC,hour,2023-06-19 07:00:00,2023-06-19,7,0,0,summer,2511,,,,
NYC,hour,2023-06-19 08:00:00,2023-06-19,8,0,0,summer,3976,,,,
NYC,hour,2023-06-19 09:00:00,2023-06-19,9,0,0,summer,4759,,,,
NYC,hour,2023-06-19 10:00:00,2023-06-19,10,0,0,summer,5412,,,,
NYC,hour,2023-06-19 11:00:00,2023-06-19,11,0,0,summer,6962,,,,
NYC,hour,2023-06-19 12:00:00,2023-06-19,12,0,0,summer,7638,,,,
NYC,hour,2023-06-19 13:00:00,2023-06-19,13,0,0,summer,8443,,,,
NYC,hour,2023-06-19 14:00:00,2023-06-19,14,0,0,summer,8978,,,,
NYC,hour,2023-06-19 15:00:00,2023-06-19,15,0,0,summer,9406,,,,
NYC,hour,2023-06-19 16:00:00,2023-06-19,16,0,0,summer,9872,,,,
NYC,hour,2023-06-19 17:00:00,2023-06-19,17,0,0,summer,10473,,,,
NYC,hour,2023-06-19 18:00:00,2023-06-19,18,0,0,summer,10591,,,,
NYC,hour,2023-06-19 19:00:00,2023-06-19,19,0,0,summer,8307,,,,
NYC,hour,2023-06-19 20:00:00,2023-06-19,20,0,0,summer,6692,,,,
NYC,hour,2023-06-19 21:00:00,2023-06-19,21,0,0,summer,4640,,,,
NYC,hour,2023-06-19 22:00:00,2023-06-19,22,0,0,summer,3374,,,,
NYC,hour,2023-06-19 23:00:00,2023-06-19,23,0,0,summer,2223,,,,
NYC,hour,2023-06-20 00:00:00,2023-06-20,0,1,0,summer,1226,,,,
NYC,hour,2023-06-20 01:00:00,2023-06-20,1,1,0,summer,654,,,,
NYC,hour,2023-06-20 02:00:00,2023-06-20,2,1,0,summer,356,,,,
NYC,hour,2023-06-20 03:00:00,2023-06-20,3,1,0,summer,265,,,,
NYC,hour,2023-06-20 04:00:00,2023-06-20,4,1,0,summer,277,,,,
NYC,hour,2023-06-20 05:00:00,2023-06-20,5,1,0,summer,1044,,,,
NYC,hour,2023-06-20 06:00:00,2023-06-20,6,1,0,summer,3070,,,,
NYC,hour,2023-06-20 07:00:00,2023-06-20,7,1,0,summer,5765,,,,
NYC,hour,2023-06-20 08:00:00,2023-06-20,8,1,0,summer,8796,,,,
NYC,hour,2023-06-20 09:00:00,2023-06-20,9,1,0,summer,6479,,,,
NYC,hour,2023-06-20 10:00:00,2023-06-20,10,1,0,summer,4721,,,,
NYC,hour,2023-06-20 11:00:00,2023-06-20,11,1,0,summer,5026,,,,
NYC,hour,2023-06-20 12:00:00,2023-06-20,12,1,0,summer,5613,,,,
NYC,hour,2023-06-20 13:00:00,2023-06-20,13,1,0,summer,6086,,,,
NYC,hour,2023-06-20 14:00:00,2023-06-20,14,1,0,summer,6769,,,,
NYC,hour,2023-06-20 15:00:00,2023-06-20,15,1,0,summer,7646,,,,
NYC,hour,2023-06-20 16:00:00,2023-06-20,16,1,0,summer,9293,,,,
NYC,hour,2023-06-20 17:00:00,2023-06-20,17,1,0,summer,13180,,,,
NYC,hour,2023-06-20 18:00:00,2023-06-20,18,1,0,summer,13409,,,,
NYC,hour,2023-06-20 19:00:00,2023-06-20,19,1,0,summer,9828,,,,
NYC,hour,2023-06-20 20:00:00,2023-06-20,20,1,0,summer,7358,,,,
NYC,hour,2023-06-20 21:00:00,2023-06-20,21,1,0,summer,5274,,,,
NYC,hour,2023-06-20 22:00:00,2023-06-20,22,1,0,summer,4075,,,,
NYC,hour,2023-06-20 23:00:00,2023-06-20,23,1,0,summer,2333,,,,
NYC,hour,2023-06-21 00:00:00,2023-06-21,0,2,0,summer,1411,,,,
NYC,hour,2023-06-21 01:00:00,2023-06-21,1,2,0,summer,712,,,,
NYC,hour,2023-06-21 02:00:00,2023-06-21,2,2,0,summer,382,,,,
NYC,hour,2023-06-21 03:00:00,2023-06-21,3,2,0,summer,220,,,,
NYC,hour,2023-06-21 04:00:00,2023-06-21,4,2,0,summer,293,,,,
NYC,hour,2023-06-21 05:00:00,2023-06-21,5,2,0,summer,1062,,,,
NYC,hour,2023-06-21 06:00:00,2023-06-21,6,2,0,summer,3326,,,,
NYC,hour,2023-06-21 07:00:00,2023-06-21,7,2,0,summer,6071,,,,
NYC,hour,2023-06-21 08:00:00,2023-06-21,8,2,0,summer,9536,,,,
NYC,hour,2023-06-21 09:00:00,2023-06-21,9,2,0,summer,7147,,,,
NYC,hour,2023-06-21 10:00:00,2023-06-21,10,2,0,summer,5067,,,,
NYC,hour,2023-06-21 11:00:00,2023-06-21,11,2,0,summer,5380,,,,
NYC,hour,2023-06-21 12:00:00,2023-06-21,12,2,0,summer,6038,,,,
NYC,hour,2023-06-21 13:00:00,2023-06-21,13,2,0,summer,6415,,,,
NYC,hour,2023-06-21 14:00:00,2023-06-21,14,2,0,summer,6857,,,,
NYC,hour,2023-06-21 15:00:00,2023-06-21,15,2,0,summer,7632,,,,
NYC,hour,2023-06-21 16:00:00,2023-06-21,16,2,0,summer,9321,,,,
NYC,hour,2023-06-21 17:00:00,2023-06-21,17,2,0,summer,13432,,,,
NYC,hour,2023-06-21 18:00:00,2023-06-21,18,2,0,summer,13015,,,,
NYC,hour,2023-06-21 19:00:00,2023-06-21,19,2,0,summer,9455,,,,
NYC,hour,2023-06-21 20:00:00,2023-06-21,20,2,0,summer,7245,,,,
NYC,hour,2023-06-21 21:00:00,2023-06-21,21,2,0,summer,5247,,,,
NYC,hour,2023-06-21 22:00:00,2023-06-21,22,2,0,summer,4289,,,,
NYC,hour,2023-06-21 23:00:00,2023-06-21,23,2,0,summer,2628,,,,
NYC,hour,2023-06-22 00:00:00,2023-06-22,0,3,0,summer,1641,,,,
NYC,hour,2023-06-22 01:00:00,2023-06-22,1,3,0,summer,860,,,,
NYC,hour,2023-06-22 02:00:00,2023-06-22,2,3,0,summer,452,,,,
NYC,hour,2023-06-22 03:00:00,2023-06-22,3,3,0,summer,243,,,,
NYC,hour,2023-06-22 04:00:00,2023-06-22,4,3,0,summer,257,,,,
NYC,hour,2023-06-22 05:00:00,2023-06-22,5,3,0,summer,762,,,,
NYC,hour,2023-06-22 06:00:00,2023-06-22,6,3,0,summer,2076,,,,
NYC,hour,2023-06-22 07:00:00,2023-06-22,7,3,0,summer,3380,,,,
NYC,hour,2023-06-22 08:00:00,2023-06-22,8,3,0,summer,7263,,,,
NYC,hour,2023-06-22 09:00:00,2023-06-22,9,3,0,summer,5421,,,,
NYC,hour,2023-06-22 10:00:00,2023-06-22,10,3,0,summer,4036,,,,
NYC,hour,2023-06-22 11:00:00,2023-06-22,11,3,0,summer,4551,,,,
NYC,hour,2023-06-22 12:00:00,2023-06-22,12,3,0,summer,5187,,,,
NYC,hour,2023-06-22 13:00:00,2023-06-22,13,3,0,summer,5576,,,,
NYC,hour,2023-06-22 14:00:00,2023-06-22,14,3,0,summer,6557,,,,
NYC,hour,2023-06-22 15:00:00,2023-06-22,15,3,0,summer,7251,,,,
NYC,hour,2023-06-22 16:00:00,2023-06-22,16,3,0,summer,8361,,,,
NYC,hour,2023-06-22 17:00:00,2023-06-22,17,3,0,summer,11988,,,,
NYC,hour,2023-06-22 18:00:00,2023-06-22,18,3,0,summer,12082,,,,
NYC,hour,2023-06-22 19:00:00,2023-06-22,19,3,0,summer,9340,,,,
NYC,hour,2023-06-22 20:00:00,2023-06-22,20,3,0,summer,6730,,,,
NYC,hour,2023-06-22 21:00:00,2023-06-22,21,3,0,summer,5250,,,,
NYC,hour,2023-06-22 22:00:00,2023-06-22,22,3,0,summer,4337,,,,
NYC,hour,2023-06-22 23:00:00,2023-06-22,23,3,0,summer,3201,,,,
NYC,hour,2023-06-23 00:00:00,2023-06-23,0,4,0,summer,2248,,,,
NYC,hour,2023-06-23 01:00:00,2023-06-23,1,4,0,summer,1148,,,,
NYC,hour,2023-06-23 02:00:00,2023-06-23,2,4,0,summer,688,,,,
NYC,hour,2023-06-23 03:00:00,2023-06-23,3,4,0,summer,411,,,,
NYC,hour,2023-06-23 04:00:00,2023-06-23,4,4,0,summer,368,,,,
NYC,hour,2023-06-23 05:00:00,2023-06-23,5,4,0,summer,894,,,,
NYC,hour,2023-06-23 06:00:00,2023-06-23,6,4,0,summer,2395,,,,
NYC,hour,2023-06-23 07:00:00,2023-06-23,7,4,0,summer,4412,,,,
NYC,hour,2023-06-23 08:00:00,2023-06-23,8,4,0,summer,6743,,,,
NYC,hour,2023-06-23 09:00:00,2023-06-23,9,4,0,summer,5753,,,,
NYC,hour,2023-06-23 10:00:00,2023-06-23,10,4,0,summer,2616,,,,
NYC,hour,2023-06-23 11:00:00,2023-06-23,11,4,0,summer,2828,,,,
NYC,hour,2023-06-23 12:00:00,2023-06-23,12,4,0,summer,4745,,,,
NYC,hour,2023-06-23 13:00:00,2023-06-23,13,4,0,summer,5918,,,,
NYC,hour,2023-06-23 14:00:00,2023-06-23,14,4,0,summer,6471,,,,
NYC,hour,2023-06-23 15:00:00,2023-06-23,15,4,0,summer,6643,,,,
NYC,hour,2023-06-23 16:00:00,2023-06-23,16,4,0,summer,7972,,,,
NYC,hour,2023-06-23 17:00:00,2023-06-23,17,4,0,summer,9721,,,,
NYC,hour,2023-06-23 18:00:00,2023-06-23,18,4,0,summer,9517,,,,
NYC,hour,2023-06-23 19:00:00,2023-06-23,19,4,0,summer,7958,,,,
NYC,hour,2023-06-23 20:00:00,2023-06-23,20,4,0,summer,6062,,,,
NYC,hour,2023-06-23 21:00:00,2023-06-23,21,4,0,summer,4677,,,,
NYC,hour,2023-06-23 22:00:00,2023-06-23,22,4,0,summer,4066,,,,
NYC,hour,2023-06-23 23:00:00,2023-06-23,23,4,0,summer,3502,,,,
NYC,hour,2023-06-24 00:00:00,2023-06-24,0,5,1,summer,2645,,,,
NYC,hour,2023-06-24 01:00:00,2023-06-24,1,5,1,summer,2032,,,,
NYC,hour,2023-06-24 02:00:00,2023-06-24,2,5,1,summer,1597,,,,
NYC,hour,2023-06-24 03:00:00,2023-06-24,3,5,1,summer,1043,,,,
NYC,hour,2023-06-24 04:00:00,2023-06-24,4,5,1,summer,621,,,,
NYC,hour,2023-06-24 05:00:00,2023-06-24,5,5,1,summer,338,,,,
NYC,hour,2023-06-24 06:00:00,2023-06-24,6,5,1,summer,629,,,,
NYC,hour,2023-06-24 07:00:00,2023-06-24,7,5,1,summer,1404,,,,
NYC,hour,2023-06-24 08:00:00,2023-06-24,8,5,1,summer,1856,,,,
NYC,hour,2023-06-24 09:00:00,2023-06-24,9,5,1,summer,3401,,,,
NYC,hour,2023-06-24 10:00:00,2023-06-24,10,5,1,summer,4715,,,,
NYC,hour,2023-06-24 11:00:00,2023-06-24,11,5,1,summer,6238,,,,
NYC,hour,2023-06-24 12:00:00,2023-06-24,12,5,1,summer,7375,,,,
NYC,hour,2023-06-24 13:00:00,2023-06-24,13,5,1,summer,8230,,,,
NYC,hour,2023-06-24 14:00:00,2023-06-24,14,5,1,summer,6693,,,,
NYC,hour,2023-06-24 15:00:00,2023-06-24,15,5,1,summer,8128,,,,
NYC,hour,2023-06-24 16:00:00,2023-06-24,16,5,1,summer,8734,,,,
NYC,hour,2023-06-24 17:00:00,2023-06-24,17,5,1,summer,8718,,,,
NYC,hour,2023-06-24 18:00:00,2023-06-24,18,5,1,summer,8606,,,,
NYC,hour,2023-06-24 19:00:00,2023-06-24,19,5,1,summer,8027,,,,
NYC,hour,2023-06-24 20:00:00,2023-06-24,20,5,1,summer,6452,,,,
NYC,hour,2023-06-24 21:00:00,2023-06-24,21,5,1,summer,5176,,,,
NYC,hour,2023-06-24 22:00:00,2023-06-24,22,5,1,summer,4507,,,,
NYC,hour,2023-06-24 23:00:00,2023-06-24,23,5,1,summer,3940,,,,
NYC,hour,2023-06-25 00:00:00,2023-06-25,0,6,1,summer,3116,,,,
NYC,hour,2023-06-25 01:00:00,2023-06-25,1,6,1,summer,2338,,,,
NYC,hour,2023-06-25 02:00:00,2023-06-25,2,6,1,summer,1712,,,,
NYC,hour,2023-06-25 03:00:00,2023-06-25,3,6,1,summer,1152,,,,
NYC,hour,2023-06-25 04:00:00,2023-06-25,4,6,1,summer,744,,,,
NYC,hour,2023-06-25 05:00:00,2023-06-25,5,6,1,summer,587,,,,
NYC,hour,2023-06-25 06:00:00,2023-06-25,6,6,1,summer,911,,,,
NYC,hour,2023-06-25 07:00:00,2023-06-25,7,6,1,summer,1708,,,,
NYC,hour,2023-06-25 08:00:00,2023-06-25,8,6,1,summer,2608,,,,
NYC,hour,2023-06-25 09:00:00,2023-06-25,9,6,1,summer,4309,,,,
NYC,hour,2023-06-25 10:00:00,2023-06-25,10,6,1,summer,5883,,,,
NYC,hour,2023-06-25 11:00:00,2023-06-25,11,6,1,summer,7238,,,,
NYC,hour,2023-06-25 12:00:00,2023-06-25,12,6,1,summer,8054,,,,
NYC,hour,2023-06-25 13:00:00,2023-06-25,13,6,1,summer,8390,,,,
NYC,hour,2023-06-25 14:00:00,2023-06-25,14,6,1,summer,7935,,,,
NYC,hour,2023-06-25 15:00:00,2023-06-25,15,6,1,summer,8180,,,,
NYC,hour,2023-06-25 16:00:00,2023-06-25,16,6,1,summer,8916,,,,
NYC,hour,2023-06-25 17:00:00,2023-06-25,17,6,1,summer,9023,,,,
NYC,hour,2023-06-25 18:00:00,2023-06-25,18,6,1,summer,8875,,,,
NYC,hour,2023-06-25 19:00:00,2023-06-25,19,6,1,summer,7561,,,,
NYC,hour,2023-06-25 20:00:00,2023-06-25,20,6,1,summer,6228,,,,
NYC,hour,2023-06-25 21:00:00,2023-06-25,21,6,1,summer,4812,,,,
NYC,hour,2023-06-25 22:00:00,2023-06-25,22,6,1,summer,3731,,,,
NYC,hour,2023-06-25 23:00:00,2023-06-25,23,6,1,summer,2552,,,,
NYC,hour,2023-06-26 00:00:00,2023-06-26,0,0,0,summer,1571,,,,
NYC,hour,2023-06-26 01:00:00,2023-06-26,1,0,0,summer,831,,,,
NYC,hour,2023-06-26 02:00:00,2023-06-26,2,0,0,summer,538,,,,
NYC,hour,2023-06-26 03:00:00,2023-06-26,3,0,0,summer,385,,,,
NYC,hour,2023-06-26 04:00:00,2023-06-26,4,0,0,summer,416,,,,
NYC,hour,2023-06-26 05:00:00,2023-06-26,5,0,0,summer,1046,,,,
NYC,hour,2023-06-26 06:00:00,2023-06-26,6,0,0,summer,2716,,,,
NYC,hour,2023-06-26 07:00:00,2023-06-26,7,0,0,summer,5198,,,,
NYC,hour,2023-06-26 08:00:00,2023-06-26,8,0,0,summer,7858,,,,
NYC,hour,2023-06-26 09:00:00,2023-06-26,9,0,0,summer,5945,,,,
NYC,hour,2023-06-26 10:00:00,2023-06-26,10,0,0,summer,2247,,,,
NYC,hour,2023-06-26 11:00:00,2023-06-26,11,0,0,summer,2894,,,,
NYC,hour,2023-06-26 12:00:00,2023-06-26,12,0,0,summer,4559,,,,
NYC,hour,2023-06-26 13:00:00,2023-06-26,13,0,0,summer,3608,,,,
NYC,hour,2023-06-26 14:00:00,2023-06-26,14,0,0,summer,5415,,,,
NYC,hour,2023-06-26 15:00:00,2023-06-26,15,0,0,summer,6402,,,,
NYC,hour,2023-06-26 16:00:00,2023-06-26,16,0,0,summer,7536,,,,
NYC,hour,2023-06-26 17:00:00,2023-06-26,17,0,0,summer,10621,,,,
NYC,hour,2023-06-26 18:00:00,2023-06-26,18,0,0,summer,9610,,,,
NYC,hour,2023-06-26 19:00:00,2023-06-26,19,0,0,summer,7762,,,,
NYC,hour,2023-06-26 20:00:00,2023-06-26,20,0,0,summer,5966,,,,
NYC,hour,2023-06-26 21:00:00,2023-06-26,21,0,0,summer,4468,,,,
NYC,hour,2023-06-26 22:00:00,2023-06-26,22,0,0,summer,3202,,,,
NYC,hour,2023-06-26 23:00:00,2023-06-26,23,0,0,summer,1466,,,,
NYC,hour,2023-06-27 00:00:00,2023-06-27,0,1,0,summer,786,,,,
NYC,hour,2023-06-27 01:00:00,2023-06-27,1,1,0,summer,371,,,,
NYC,hour,2023-06-27 02:00:00,2023-06-27,2,1,0,summer,325,,,,
NYC,hour,2023-06-27 03:00:00,2023-06-27,3,1,0,summer,201,,,,
NYC,hour,2023-06-27 04:00:00,2023-06-27,4,1,0,summer,300,,,,
NYC,hour,2023-06-27 05:00:00,2023-06-27,5,1,0,summer,962,,,,
NYC,hour,2023-06-27 06:00:00,2023-06-27,6,1,0,summer,3094,,,,
NYC,hour,2023-06-27 07:00:00,2023-06-27,7,1,0,summer,5670,,,,
NYC,hour,2023-06-27 08:00:00,2023-06-27,8,1,0,summer,8751,,,,
NYC,hour,2023-06-27 09:00:00,2023-06-27,9,1,0,summer,6502,,,,
NYC,hour,2023-06-27 10:00:00,2023-06-27,10,1,0,summer,4773,,,,
NYC,hour,2023-06-27 11:00:00,2023-06-27,11,1,0,summer,3826,,,,
NYC,hour,2023-06-27 12:00:00,2023-06-27,12,1,0,summer,3817,,,,
NYC,hour,2023-06-27 13:00:00,2023-06-27,13,1,0,summer,5387,,,,
NYC,hour,2023-06-27 14:00:00,2023-06-27,14,1,0,summer,6554,,,,
NYC,hour,2023-06-27 15:00:00,2023-06-27,15,1,0,summer,7081,,,,
NYC,hour,2023-06-27 16:00:00,2023-06-27,16,1,0,summer,8584,,,,
NYC,hour,2023-06-27 17:00:00,2023-06-27,17,1,0,summer,12902,,,,
NYC,hour,2023-06-27 18:00:00,2023-06-27,18,1,0,summer,12994,,,,
NYC,hour,2023-06-27 19:00:00,2023-06-27,19,1,0,summer,9783,,,,
NYC,hour,2023-06-27 20:00:00,2023-06-27,20,1,0,summer,7056,,,,
NYC,hour,2023-06-27 21:00:00,2023-06-27,21,1,0,summer,3901,,,,
NYC,hour,2023-06-27 22:00:00,2023-06-27,22,1,0,summer,3035,,,,
NYC,hour,2023-06-27 23:00:00,2023-06-27,23,1,0,summer,2372,,,,
NYC,hour,2023-06-28 00:00:00,2023-06-28,0,2,0,summer,1407,,,,
NYC,hour,2023-06-28 01:00:00,2023-06-28,1,2,0,summer,836,,,,
NYC,hour,2023-06-28 02:00:00,2023-06-28,2,2,0,summer,492,,,,
NYC,hour,2023-06-28 03:00:00,2023-06-28,3,2,0,summer,324,,,,
NYC,hour,2023-06-28 04:00:00,2023-06-28,4,2,0,summer,289,,,,
NYC,hour,2023-06-28 05:00:00,2023-06-28,5,2,0,summer,1060,,,,
NYC,hour,2023-06-28 06:00:00,2023-06-28,6,2,0,summer,3119,,,,
NYC,hour,2023-06-28 07:00:00,2023-06-28,7,2,0,summer,5468,,,,
NYC,hour,2023-06-28 08:00:00,2023-06-28,8,2,0,summer,8938,,,,
NYC,hour,2023-06-28 09:00:00,2023-06-28,9,2,0,summer,7167,,,,
NYC,hour,2023-06-28 10:00:00,2023-06-28,10,2,0,summer,5383,,,,
NYC,hour,2023-06-28 11:00:00,2023-06-28,11,2,0,summer,5451,,,,
NYC,hour,2023-06-28 12:00:00,2023-06-28,12,2,0,summer,6146,,,,
NYC,hour,2023-06-28 13:00:00,2023-06-28,13,2,0,summer,6307,,,,
NYC,hour,2023-06-28 14:00:00,2023-06-28,14,2,0,summer,6634,,,,
NYC,hour,2023-06-28 15:00:00,2023-06-28,15,2,0,summer,6447,,,,
NYC,hour,2023-06-28 16:00:00,2023-06-28,16,2,0,summer,8672,,,,
NYC,hour,2023-06-28 17:00:00,2023-06-28,17,2,0,summer,13024,,,,
NYC,hour,2023-06-28 18:00:00,2023-06-28,18,2,0,summer,12834,,,,
NYC,hour,2023-06-28 19:00:00,2023-06-28,19,2,0,summer,9744,,,,
NYC,hour,2023-06-28 20:00:00,2023-06-28,20,2,0,summer,7637,,,,
NYC,hour,2023-06-28 21:00:00,2023-06-28,21,2,0,summer,5802,,,,
NYC,hour,2023-06-28 22:00:00,2023-06-28,22,2,0,summer,4734,,,,
NYC,hour,2023-06-28 23:00:00,2023-06-28,23,2,0,summer,3203,,,,
NYC,hour,2023-06-29 00:00:00,2023-06-29,0,3,0,summer,1848,,,,
NYC,hour,2023-06-29 01:00:00,2023-06-29,1,3,0,summer,937,,,,
NYC,hour,2023-06-29 02:00:00,2023-06-29,2,3,0,summer,528,,,,
NYC,hour,2023-06-29 03:00:00,2023-06-29,3,3,0,summer,332,,,,
NYC,hour,2023-06-29 04:00:00,2023-06-29,4,3,0,summer,358,,,,
NYC,hour,2023-06-29 05:00:00,2023-06-29,5,3,0,summer,1045,,,,
NYC,hour,2023-06-29 06:00:00,2023-06-29,6,3,0,summer,2958,,,,
NYC,hour,2023-06-29 07:00:00,2023-06-29,7,3,0,summer,5091,,,,
NYC,hour,2023-06-29 08:00:00,2023-06-29,8,3,0,summer,8555,,,,
NYC,hour,2023-06-29 09:00:00,2023-06-29,9,3,0,summer,6935,,,,
NYC,hour,2023-06-29 10:00:00,2023-06-29,10,3,0,summer,5088,,,,
NYC,hour,2023-06-29 11:00:00,2023-06-29,11,3,0,summer,5383,,,,
NYC,hour,2023-06-29 12:00:00,2023-06-29,12,3,0,summer,5824,,,,
NYC,hour,2023-06-29 13:00:00,2023-06-29,13,3,0,summer,6273,,,,
NYC,hour,2023-06-29 14:00:00,2023-06-29,14,3,0,summer,6767,,,,
NYC,hour,2023-06-29 15:00:00,2023-06-29,15,3,0,summer,7533,,,,
NYC,hour,2023-06-29 16:00:00,2023-06-29,16,3,0,summer,9223,,,,
NYC,hour,2023-06-29 17:00:00,2023-06-29,17,3,0,summer,12370,,,,
NYC,hour,2023-06-29 18:00:00,2023-06-29,18,3,0,summer,12770,,,,
NYC,hour,2023-06-29 19:00:00,2023-06-29,19,3,0,summer,10040,,,,
NYC,hour,2023-06-29 20:00:00,2023-06-29,20,3,0,summer,7206,,,,
NYC,hour,2023-06-29 21:00:00,2023-06-29,21,3,0,summer,5445,,,,
NYC,hour,2023-06-29 22:00:00,2023-06-29,22,3,0,summer,4548,,,,
NYC,hour,2023-06-29 23:00:00,2023-06-29,23,3,0,summer,3393,,,,
NYC,hour,2023-06-30 00:00:00,2023-06-30,0,4,0,summer,2112,,,,
NYC,hour,2023-06-30 01:00:00,2023-06-30,1,4,0,summer,1166,,,,
NYC,hour,2023-06-30 02:00:00,2023-06-30,2,4,0,summer,742,,,,
NYC,hour,2023-06-30 03:00:00,2023-06-30,3,4,0,summer,466,,,,
NYC,hour,2023-06-30 04:00:00,2023-06-30,4,4,0,summer,372,,,,
NYC,hour,2023-06-30 05:00:00,2023-06-30,5,4,0,summer,897,,,,
NYC,hour,2023-06-30 06:00:00,2023-06-30,6,4,0,summer,2366,,,,
NYC,hour,2023-06-30 07:00:00,2023-06-30,7,4,0,summer,3944,,,,
NYC,hour,2023-06-30 08:00:00,2023-06-30,8,4,0,summer,5792,,,,
NYC,hour,2023-06-30 09:00:00,2023-06-30,9,4,0,summer,5372,,,,
NYC,hour,2023-06-30 10:00:00,2023-06-30,10,4,0,summer,4816,,,,
NYC,hour,2023-06-30 11:00:00,2023-06-30,11,4,0,summer,5237,,,,
NYC,hour,2023-06-30 12:00:00,2023-06-30,12,4,0,summer,5958,,,,
NYC,hour,2023-06-30 13:00:00,2023-06-30,13,4,0,summer,6692,,,,
NYC,hour,2023-06-30 14:00:00,2023-06-30,14,4,0,summer,6970,,,,
NYC,hour,2023-06-30 15:00:00,2023-06-30,15,4,0,summer,7675,,,,
NYC,hour,2023-06-30 16:00:00,2023-06-30,16,4,0,summer,8339,,,,
NYC,hour,2023-06-30 17:00:00,2023-06-30,17,4,0,summer,9608,,,,
NYC,hour,2023-06-30 18:00:00,2023-06-30,18,4,0,summer,9074,,,,
NYC,hour,2023-06-30 19:00:00,2023-06-30,19,4,0,summer,7690,,,,
NYC,hour,2023-06-30 20:00:00,2023-06-30,20,4,0,summer,6177,,,,
NYC,hour,2023-06-30 21:00:00,2023-06-30,21,4,0,summer,4555,,,,
NYC,hour,2023-06-30 22:00:00,2023-06-30,22,4,0,summer,4109,,,,
NYC,hour,2023-06-30 23:00:00,2023-06-30,23,4,0,summer,3380,,,,
NYC,hour,2023-07-01 00:00:00,2023-07-01,0,5,1,summer,2615,,,,
NYC,hour,2023-07-01 01:00:00,2023-07-01,1,5,1,summer,1950,,,,
NYC,hour,2023-07-01 02:00:00,2023-07-01,2,5,1,summer,1402,,,,
NYC,hour,2023-07-01 03:00:00,2023-07-01,3,5,1,summer,943,,,,
NYC,hour,2023-07-01 04:00:00,2023-07-01,4,5,1,summer,619,,,,
NYC,hour,2023-07-01 05:00:00,2023-07-01,5,5,1,summer,496,,,,
NYC,hour,2023-07-01 06:00:00,2023-07-01,6,5,1,summer,863,,,,
NYC,hour,2023-07-01 07:00:00,2023-07-01,7,5,1,summer,1695,,,,
NYC,hour,2023-07-01 08:00:00,2023-07-01,8,5,1,summer,2565,,,,
NYC,hour,2023-07-01 09:00:00,2023-07-01,9,5,1,summer,4136,,,,
NYC,hour,2023-07-01 10:00:00,2023-07-01,10,5,1,summer,5291,,,,
NYC,hour,2023-07-01 11:00:00,2023-07-01,11,5,1,summer,6369,,,,
NYC,hour,2023-07-01 12:00:00,2023-07-01,12,5,1,summer,7145,,,,
NYC,hour,2023-07-01 13:00:00,2023-07-01,13,5,1,summer,7915,,,,
NYC,hour,2023-07-01 14:00:00,2023-07-01,14,5,1,summer,7932,,,,
NYC,hour,2023-07-01 15:00:00,2023-07-01,15,5,1,summer,8358,,,,
NYC,hour,2023-07-01 16:00:00,2023-07-01,16,5,1,summer,8112,,,,
NYC,hour,2023-07-01 17:00:00,2023-07-01,17,5,1,summer,7993,,,,
NYC,hour,2023-07-01 18:00:00,2023-07-01,18,5,1,summer,7552,,,,
NYC,hour,2023-07-01 19:00:00,2023-07-01,19,5,1,summer,6955,,,,
NYC,hour,2023-07-01 20:00:00,2023-07-01,20,5,1,summer,5626,,,,
NYC,hour,2023-07-01 21:00:00,2023-07-01,21,5,1,summer,4376,,,,
NYC,hour,2023-07-01 22:00:00,2023-07-01,22,5,1,summer,3843,,,,
NYC,hour,2023-07-01 23:00:00,2023-07-01,23,5,1,summer,3258,,,,
NYC,hour,2023-07-02 00:00:00,2023-07-02,0,6,1,summer,2458,,,,
NYC,hour,2023-07-02 01:00:00,2023-07-02,1,6,1,summer,1683,,,,
NYC,hour,2023-07-02 02:00:00,2023-07-02,2,6,1,summer,1177,,,,
NYC,hour,2023-07-02 03:00:00,2023-07-02,3,6,1,summer,712,,,,
NYC,hour,2023-07-02 04:00:00,2023-07-02,4,6,1,summer,488,,,,
NYC,hour,2023-07-02 05:00:00,2023-07-02,5,6,1,summer,413,,,,
NYC,hour,2023-07-02 06:00:00,2023-07-02,6,6,1,summer,761,,,,
NYC,hour,2023-07-02 07:00:00,2023-07-02,7,6,1,summer,1302,,,,
NYC,hour,2023-07-02 08:00:00,2023-07-02,8,6,1,summer,1997,,,,
NYC,hour,2023-07-02 09:00:00,2023-07-02,9,6,1,summer,3327,,,,
NYC,hour,2023-07-02 10:00:00,2023-07-02,10,6,1,summer,4425,,,,
NYC,hour,2023-07-02 11:00:00,2023-07-02,11,6,1,summer,5612,,,,
NYC,hour,2023-07-02 12:00:00,2023-07-02,12,6,1,summer,6384,,,,
NYC,hour,2023-07-02 13:00:00,2023-07-02,13,6,1,summer,7137,,,,
NYC,hour,2023-07-02 14:00:00,2023-07-02,14,6,1,summer,7300,,,,
NYC,hour,2023-07-02 15:00:00,2023-07-02,15,6,1,summer,7261,,,,
NYC,hour,2023-07-02 16:00:00,2023-07-02,16,6,1,summer,6936,,,,
NYC,hour,2023-07-02 17:00:00,2023-07-02,17,6,1,summer,4187,,,,
NYC,hour,2023-07-02 18:00:00,2023-07-02,18,6,1,summer,4619,,,,
NYC,hour,2023-07-02 19:00:00,2023-07-02,19,6,1,summer,4408,,,,
NYC,hour,2023-07-02 20:00:00,2023-07-02,20,6,1,summer,3912,,,,
NYC,hour,2023-07-02 21:00:00,2023-07-02,21,6,1,summer,3069,,,,
NYC,hour,2023-07-02 22:00:00,2023-07-02,22,6,1,summer,1723,,,,
NYC,hour,2023-07-02 23:00:00,2023-07-02,23,6,1,summer,1598,,,,
NYC,hour,2023-07-03 00:00:00,2023-07-03,0,0,0,summer,667,,,,
NYC,hour,2023-07-03 01:00:00,2023-07-03,1,0,0,summer,587,,,,
NYC,hour,2023-07-03 02:00:00,2023-07-03,2,0,0,summer,468,,,,
NYC,hour,2023-07-03 03:00:00,2023-07-03,3,0,0,summer,315,,,,
NYC,hour,2023-07-03 04:00:00,2023-07-03,4,0,0,summer,330,,,,
NYC,hour,2023-07-03 05:00:00,2023-07-03,5,0,0,summer,630,,,,
NYC,hour,2023-07-03 06:00:00,2023-07-03,6,0,0,summer,1539,,,,
NYC,hour,2023-07-03 07:00:00,2023-07-03,7,0,0,summer,2614,,,,
NYC,hour,2023-07-03 08:00:00,2023-07-03,8,0,0,summer,3657,,,,
NYC,hour,2023-07-03 09:00:00,2023-07-03,9,0,0,summer,3894,,,,
NYC,hour,2023-07-03 10:00:00,2023-07-03,10,0,0,summer,4445,,,,
NYC,hour,2023-07-03 11:00:00,2023-07-03,11,0,0,summer,5178,,,,
NYC,hour,2023-07-03 12:00:00,2023-07-03,12,0,0,summer,5913,,,,
NYC,hour,2023-07-03 13:00:00,2023-07-03,13,0,0,summer,6790,,,,
NYC,hour,2023-07-03 14:00:00,2023-07-03,14,0,0,summer,7112,,,,
NYC,hour,2023-07-03 15:00:00,2023-07-03,15,0,0,summer,7521,,,,
NYC,hour,2023-07-03 16:00:00,2023-07-03,16,0,0,summer,7889,,,,
NYC,hour,2023-07-03 17:00:00,2023-07-03,17,0,0,summer,8268,,,,
NYC,hour,2023-07-03 18:00:00,2023-07-03,18,0,0,summer,8078,,,,
NYC,hour,2023-07-03 19:00:00,2023-07-03,19,0,0,summer,6897,,,,
NYC,hour,2023-07-03 20:00:00,2023-07-03,20,0,0,summer,4701,,,,
NYC,hour,2023-07-03 21:00:00,2023-07-03,21,0,0,summer,3819,,,,
NYC,hour,2023-07-03 22:00:00,2023-07-03,22,0,0,summer,3159,,,,
NYC,hour,2023-07-03 23:00:00,2023-07-03,23,0,0,summer,2493,,,,
NYC,hour,2023-07-04 00:00:00,2023-07-04,0,1,0,summer,1372,,,,
NYC,hour,2023-07-04 01:00:00,2023-07-04,1,1,0,summer,847,,,,
NYC,hour,2023-07-04 02:00:00,2023-07-04,2,1,0,summer,667,,,,
NYC,hour,2023-07-04 03:00:00,2023-07-04,3,1,0,summer,383,,,,
NYC,hour,2023-07-04 04:00:00,2023-07-04,4,1,0,summer,325,,,,
NYC,hour,2023-07-04 05:00:00,2023-07-04,5,1,0,summer,360,,,,
NYC,hour,2023-07-04 06:00:00,2023-07-04,6,1,0,summer,846,,,,
NYC,hour,2023-07-04 07:00:00,2023-07-04,7,1,0,summer,1449,,,,
NYC,hour,2023-07-04 08:00:00,2023-07-04,8,1,0,summer,2331,,,,
NYC,hour,2023-07-04 09:00:00,2023-07-04,9,1,0,summer,3561,,,,
NYC,hour,2023-07-04 10:00:00,2023-07-04,10,1,0,summer,4451,,,,
NYC,hour,2023-07-04 11:00:00,2023-07-04,11,1,0,summer,2032,,,,
NYC,hour,2023-07-04 12:00:00,2023-07-04,12,1,0,summer,3247,,,,
NYC,hour,2023-07-04 13:00:00,2023-07-04,13,1,0,summer,5132,,,,
NYC,hour,2023-07-04 14:00:00,2023-07-04,14,1,0,summer,4433,,,,
NYC,hour,2023-07-04 15:00:00,2023-07-04,15,1,0,summer,4042,,,,
NYC,hour,2023-07-04 16:00:00,2023-07-04,16,1,0,summer,5620,,,,
NYC,hour,2023-07-04 17:00:00,2023-07-04,17,1,0,summer,6308,,,,
NYC,hour,2023-07-04 18:00:00,2023-07-04,18,1,0,summer,6611,,,,
NYC,hour,2023-07-04 19:00:00,2023-07-04,19,1,0,summer,6326,,,,
NYC,hour,2023-07-04 20:00:00,2023-07-04,20,1,0,summer,6405,,,,
NYC,hour,2023-07-04 21:00:00,2023-07-04,21,1,0,summer,5810,,,,
NYC,hour,2023-07-04 22:00:00,2023-07-04,22,1,0,summer,7226,,,,
NYC,hour,2023-07-04 23:00:00,2023-07-04,23,1,0,summer,4077,,,,
NYC,hour,2023-07-05 00:00:00,2023-07-05,0,2,0,summer,2025,,,,
NYC,hour,2023-07-05 01:00:00,2023-07-05,1,2,0,summer,1050,,,,
NYC,hour,2023-07-05 02:00:00,2023-07-05,2,2,0,summer,586,,,,
NYC,hour,2023-07-05 03:00:00,2023-07-05,3,2,0,summer,363,,,,
NYC,hour,2023-07-05 04:00:00,2023-07-05,4,2,0,summer,392,,,,
NYC,hour,2023-07-05 05:00:00,2023-07-05,5,2,0,summer,889,,,,
NYC,hour,2023-07-05 06:00:00,2023-07-05,6,2,0,summer,2516,,,,
NYC,hour,2023-07-05 07:00:00,2023-07-05,7,2,0,summer,4544,,,,
NYC,hour,2023-07-05 08:00:00,2023-07-05,8,2,0,summer,7116,,,,
NYC,hour,2023-07-05 09:00:00,2023-07-05,9,2,0,summer,5654,,,,
NYC,hour,2023-07-05 10:00:00,2023-07-05,10,2,0,summer,4496,,,,
NYC,hour,2023-07-05 11:00:00,2023-07-05,11,2,0,summer,4548,,,,
NYC,hour,2023-07-05 12:00:00,2023-07-05,12,2,0,summer,5178,,,,
NYC,hour,2023-07-05 13:00:00,2023-07-05,13,2,0,summer,5529,,,,
NYC,hour,2023-07-05 14:00:00,2023-07-05,14,2,0,summer,5743,,,,
NYC,hour,2023-07-05 15:00:00,2023-07-05,15,2,0,summer,6362,,,,
NYC,hour,2023-07-05 16:00:00,2023-07-05,16,2,0,summer,7905,,,,
NYC,hour,2023-07-05 17:00:00,2023-07-05,17,2,0,summer,11463,,,,
NYC,hour,2023-07-05 18:00:00,2023-07-05,18,2,0,summer,11490,,,,
NYC,hour,2023-07-05 19:00:00,2023-07-05,19,2,0,summer,9057,,,,
NYC,hour,2023-07-05 20:00:00,2023-07-05,20,2,0,summer,7264,,,,
NYC,hour,2023-07-05 21:00:00,2023-07-05,21,2,0,summer,5236,,,,
NYC,hour,2023-07-05 22:00:00,2023-07-05,22,2,0,summer,3744,,,,
NYC,hour,2023-07-05 23:00:00,2023-07-05,23,2,0,summer,2477,,,,
NYC,hour,2023-07-06 00:00:00,2023-07-06,0,3,0,summer,1367,,,,
NYC,hour,2023-07-06 01:00:00,2023-07-06,1,3,0,summer,776,,,,
NYC,hour,2023-07-06 02:00:00,2023-07-06,2,3,0,summer,433,,,,
NYC,hour,2023-07-06 03:00:00,2023-07-06,3,3,0,summer,278,,,,
NYC,hour,2023-07-06 04:00:00,2023-07-06,4,3,0,summer,341,,,,
NYC,hour,2023-07-06 05:00:00,2023-07-06,5,3,0,summer,1043,,,,
NYC,hour,2023-07-06 06:00:00,2023-07-06,6,3,0,summer,2923,,,,
NYC,hour,2023-07-06 07:00:00,2023-07-06,7,3,0,summer,5255,,,,
NYC,hour,2023-07-06 08:00:00,2023-07-06,8,3,0,summer,8103,,,,
NYC,hour,2023-07-06 09:00:00,2023-07-06,9,3,0,summer,6371,,,,
NYC,hour,2023-07-06 10:00:00,2023-07-06,10,3,0,summer,4786,,,,
NYC,hour,2023-07-06 11:00:00,2023-07-06,11,3,0,summer,4926,,,,
NYC,hour,2023-07-06 12:00:00,2023-07-06,12,3,0,summer,5384,,,,
NYC,hour,2023-07-06 13:00:00,2023-07-06,13,3,0,summer,5678,,,,
NYC,hour,2023-07-06 14:00:00,2023-07-06,14,3,0,summer,5773,,,,
NYC,hour,2023-07-06 15:00:00,2023-07-06,15,3,0,summer,6778,,,,
NYC,hour,2023-07-06 16:00:00,2023-07-06,16,3,0,summer,8162,,,,
NYC,hour,2023-07-06 17:00:00,2023-07-06,17,3,0,summer,12055,,,,
NYC,hour,2023-07-06 18:00:00,2023-07-06,18,3,0,summer,12021,,,,
NYC,hour,2023-07-06 19:00:00,2023-07-06,19,3,0,summer,9859,,,,
NYC,hour,2023-07-06 20:00:00,2023-07-06,20,3,0,summer,7499,,,,
NYC,hour,2023-07-06 21:00:00,2023-07-06,21,3,0,summer,5733,,,,
NYC,hour,2023-07-06 22:00:00,2023-07-06,22,3,0,summer,4303,,,,
NYC,hour,2023-07-06 23:00:00,2023-07-06,23,3,0,summer,2968,,,,
NYC,hour,2023-07-07 00:00:00,2023-07-07,0,4,0,summer,1845,,,,
NYC,hour,2023-07-07 01:00:00,2023-07-07,1,4,0,summer,1043,,,,
NYC,hour,2023-07-07 02:00:00,2023-07-07,2,4,0,summer,673,,,,
NYC,hour,2023-07-07 03:00:00,2023-07-07,3,4,0,summer,355,,,,
NYC,hour,2023-07-07 04:00:00,2023-07-07,4,4,0,summer,359,,,,
NYC,hour,2023-07-07 05:00:00,2023-07-07,5,4,0,summer,917,,,,
NYC,hour,2023-07-07 06:00:00,2023-07-07,6,4,0,summer,2592,,,,
NYC,hour,2023-07-07 07:00:00,2023-07-07,7,4,0,summer,4357,,,,
NYC,hour,2023-07-07 08:00:00,2023-07-07,8,4,0,summer,6542,,,,
NYC,hour,2023-07-07 09:00:00,2023-07-07,9,4,0,summer,6050,,,,
NYC,hour,2023-07-07 10:00:00,2023-07-07,10,4,0,summer,4829,,,,
NYC,hour,2023-07-07 11:00:00,2023-07-07,11,4,0,summer,5314,,,,
NYC,hour,2023-07-07 12:00:00,2023-07-07,12,4,0,summer,5941,,,,
NYC,hour,2023-07-07 13:00:00,2023-07-07,13,4,0,summer,6729,,,,
NYC,hour,2023-07-07 14:00:00,2023-07-07,14,4,0,summer,6965,,,,
NYC,hour,2023-07-07 15:00:00,2023-07-07,15,4,0,summer,8050,,,,
NYC,hour,2023-07-07 16:00:00,2023-07-07,16,4,0,summer,9642,,,,
NYC,hour,2023-07-07 17:00:00,2023-07-07,17,4,0,summer,10934,,,,
NYC,hour,2023-07-07 18:00:00,2023-07-07,18,4,0,summer,10715,,,,
NYC,hour,2023-07-07 19:00:00,2023-07-07,19,4,0,summer,8596,,,,
NYC,hour,2023-07-07 20:00:00,2023-07-07,20,4,0,summer,6970,,,,
NYC,hour,2023-07-07 21:00:00,2023-07-07,21,4,0,summer,5137,,,,
NYC,hour,2023-07-07 22:00:00,2023-07-07,22,4,0,summer,4706,,,,
NYC,hour,2023-07-07 23:00:00,2023-07-07,23,4,0,summer,3799,,,,
NYC,hour,2023-07-08 00:00:00,2023-07-08,0,5,1,summer,2862,,,,
NYC,hour,2023-07-08 01:00:00,2023-07-08,1,5,1,summer,2003,,,,
NYC,hour,2023-07-08 02:00:00,2023-07-08,2,5,1,summer,1432,,,,
NYC,hour,2023-07-08 03:00:00,2023-07-08,3,5,1,summer,905,,,,
NYC,hour,2023-07-08 04:00:00,2023-07-08,4,5,1,summer,600,,,,
NYC,hour,2023-07-08 05:00:00,2023-07-08,5,5,1,summer,541,,,,
NYC,hour,2023-07-08 06:00:00,2023-07-08,6,5,1,summer,1010,,,,
NYC,hour,2023-07-08 07:00:00,2023-07-08,7,5,1,summer,1821,,,,
NYC,hour,2023-07-08 08:00:00,2023-07-08,8,5,1,summer,3283,,,,
NYC,hour,2023-07-08 09:00:00,2023-07-08,9,5,1,summer,5033,,,,
NYC,hour,2023-07-08 10:00:00,2023-07-08,10,5,1,summer,6130,,,,
NYC,hour,2023-07-08 11:00:00,2023-07-08,11,5,1,summer,7126,,,,
NYC,hour,2023-07-08 12:00:00,2023-07-08,12,5,1,summer,7833,,,,
NYC,hour,2023-07-08 13:00:00,2023-07-08,13,5,1,summer,8085,,,,
NYC,hour,2023-07-08 14:00:00,2023-07-08,14,5,1,summer,8375,,,,
NYC,hour,2023-07-08 15:00:00,2023-07-08,15,5,1,summer,8442,,,,
NYC,hour,2023-07-08 16:00:00,2023-07-08,16,5,1,summer,8644,,,,
NYC,hour,2023-07-08 17:00:00,2023-07-08,17,5,1,summer,8298,,,,
NYC,hour,2023-07-08 18:00:00,2023-07-08,18,5,1,summer,8405,,,,
NYC,hour,2023-07-08 19:00:00,2023-07-08,19,5,1,summer,7319,,,,
NYC,hour,2023-07-08 20:00:00,2023-07-08,20,5,1,summer,6135,,,,
NYC,hour,2023-07-08 21:00:00,2023-07-08,21,5,1,summer,4766,,,,
NYC,hour,2023-07-08 22:00:00,2023-07-08,22,5,1,summer,4104,,,,
NYC,hour,2023-07-08 23:00:00,2023-07-08,23,5,1,summer,3470,,,,
NYC,hour,2023-07-09 00:00:00,2023-07-09,0,6,1,summer,2697,,,,
NYC,hour,2023-07-09 01:00:00,2023-07-09,1,6,1,summer,2077,,,,
NYC,hour,2023-07-09 02:00:00,2023-07-09,2,6,1,summer,1520,,,,
NYC,hour,2023-07-09 03:00:00,2023-07-09,3,6,1,summer,978,,,,
NYC,hour,2023-07-09 04:00:00,2023-07-09,4,6,1,summer,675,,,,
NYC,hour,2023-07-09 05:00:00,2023-07-09,5,6,1,summer,496,,,,
NYC,hour,2023-07-09 06:00:00,2023-07-09,6,6,1,summer,873,,,,
NYC,hour,2023-07-09 07:00:00,2023-07-09,7,6,1,summer,1410,,,,
NYC,hour,2023-07-09 08:00:00,2023-07-09,8,6,1,summer,2468,,,,
NYC,hour,2023-07-09 09:00:00,2023-07-09,9,6,1,summer,4077,,,,
NYC,hour,2023-07-09 10:00:00,2023-07-09,10,6,1,summer,5366,,,,
NYC,hour,2023-07-09 11:00:00,2023-07-09,11,6,1,summer,6669,,,,
NYC,hour,2023-07-09 12:00:00,2023-07-09,12,6,1,summer,7624,,,,
NYC,hour,2023-07-09 13:00:00,2023-07-09,13,6,1,summer,7841,,,,
NYC,hour,2023-07-09 14:00:00,2023-07-09,14,6,1,summer,7856,,,,
NYC,hour,2023-07-09 15:00:00,2023-07-09,15,6,1,summer,7943,,,,
NYC,hour,2023-07-09 16:00:00,2023-07-09,16,6,1,summer,7397,,,,
NYC,hour,2023-07-09 17:00:00,2023-07-09,17,6,1,summer,7560,,,,
NYC,hour,2023-07-09 18:00:00,2023-07-09,18,6,1,summer,4998,,,,
NYC,hour,2023-07-09 19:00:00,2023-07-09,19,6,1,summer,3454,,,,
NYC,hour,2023-07-09 20:00:00,2023-07-09,20,6,1,summer,1756,,,,
NYC,hour,2023-07-09 21:00:00,2023-07-09,21,6,1,summer,815,,,,
NYC,hour,2023-07-09 22:00:00,2023-07-09,22,6,1,summer,765,,,,
NYC,hour,2023-07-09 23:00:00,2023-07-09,23,6,1,summer,1080,,,,
NYC,hour,2023-07-10 00:00:00,2023-07-10,0,0,0,summer,783,,,,
NYC,hour,2023-07-10 01:00:00,2023-07-10,1,0,0,summer,448,,,,
NYC,hour,2023-07-10 02:00:00,2023-07-10,2,0,0,summer,310,,,,
NYC,hour,2023-07-10 03:00:00,2023-07-10,3,0,0,summer,213,,,,
NYC,hour,2023-07-10 04:00:00,2023-07-10,4,0,0,summer,302,,,,
NYC,hour,2023-07-10 05:00:00,2023-07-10,5,0,0,summer,966,,,,
NYC,hour,2023-07-10 06:00:00,2023-07-10,6,0,0,summer,2783,,,,
NYC,hour,2023-07-10 07:00:00,2023-07-10,7,0,0,summer,5341,,,,
NYC,hour,2023-07-10 08:00:00,2023-07-10,8,0,0,summer,8165,,,,
NYC,hour,2023-07-10 09:00:00,2023-07-10,9,0,0,summer,6286,,,,
NYC,hour,2023-07-10 10:00:00,2023-07-10,10,0,0,summer,4605,,,,
NYC,hour,2023-07-10 11:00:00,2023-07-10,11,0,0,summer,4749,,,,
NYC,hour,2023-07-10 12:00:00,2023-07-10,12,0,0,summer,5487,,,,
NYC,hour,2023-07-10 13:00:00,2023-07-10,13,0,0,summer,5836,,,,
NYC,hour,2023-07-10 14:00:00,2023-07-10,14,0,0,summer,6145,,,,
NYC,hour,2023-07-10 15:00:00,2023-07-10,15,0,0,summer,6945,,,,
NYC,hour,2023-07-10 16:00:00,2023-07-10,16,0,0,summer,8645,,,,
NYC,hour,2023-07-10 17:00:00,2023-07-10,17,0,0,summer,12486,,,,
NYC,hour,2023-07-10 18:00:00,2023-07-10,18,0,0,summer,12809,,,,
NYC,hour,2023-07-10 19:00:00,2023-07-10,19,0,0,summer,10526,,,,
NYC,hour,2023-07-10 20:00:00,2023-07-10,20,0,0,summer,7705,,,,
NYC,hour,2023-07-10 21:00:00,2023-07-10,21,0,0,summer,5518,,,,
NYC,hour,2023-07-10 22:00:00,2023-07-10,22,0,0,summer,3953,,,,
NYC,hour,2023-07-10 23:00:00,2023-07-10,23,0,0,summer,2438,,,,
NYC,hour,2023-07-11 00:00:00,2023-07-11,0,1,0,summer,1343,,,,
NYC,hour,2023-07-11 01:00:00,2023-07-11,1,1,0,summer,698,,,,
NYC,hour,2023-07-11 02:00:00,2023-07-11,2,1,0,summer,386,,,,
NYC,hour,2023-07-11 03:00:00,2023-07-11,3,1,0,summer,285,,,,
NYC,hour,2023-07-11 04:00:00,2023-07-11,4,1,0,summer,318,,,,
NYC,hour,2023-07-11 05:00:00,2023-07-11,5,1,0,summer,1175,,,,
NYC,hour,2023-07-11 06:00:00,2023-07-11,6,1,0,summer,3295,,,,
NYC,hour,2023-07-11 07:00:00,2023-07-11,7,1,0,summer,6361,,,,
NYC,hour,2023-07-11 08:00:00,2023-07-11,8,1,0,summer,9627,,,,
NYC,hour,2023-07-11 09:00:00,2023-07-11,9,1,0,summer,7492,,,,
NYC,hour,2023-07-11 10:00:00,2023-07-11,10,1,0,summer,5149,,,,
NYC,hour,2023-07-11 11:00:00,2023-07-11,11,1,0,summer,5081,,,,
NYC,hour,2023-07-11 12:00:00,2023-07-11,12,1,0,summer,5685,,,,
NYC,hour,2023-07-11 13:00:00,2023-07-11,13,1,0,summer,6099,,,,
NYC,hour,2023-07-11 14:00:00,2023-07-11,14,1,0,summer,6285,,,,
NYC,hour,2023-07-11 15:00:00,2023-07-11,15,1,0,summer,6995,,,,
NYC,hour,2023-07-11 16:00:00,2023-07-11,16,1,0,summer,8864,,,,
NYC,hour,2023-07-11 17:00:00,2023-07-11,17,1,0,summer,13389,,,,
NYC,hour,2023-07-11 18:00:00,2023-07-11,18,1,0,summer,13356,,,,
NYC,hour,2023-07-11 19:00:00,2023-07-11,19,1,0,summer,10662,,,,
NYC,hour,2023-07-11 20:00:00,2023-07-11,20,1,0,summer,8084,,,,
NYC,hour,2023-07-11 21:00:00,2023-07-11,21,1,0,summer,5760,,,,
NYC,hour,2023-07-11 22:00:00,2023-07-11,22,1,0,summer,4476,,,,
NYC,hour,2023-07-11 23:00:00,2023-07-11,23,1,0,summer,2774,,,,
NYC,hour,2023-07-12 00:00:00,2023-07-12,0,2,0,summer,1538,,,,
NYC,hour,2023-07-12 01:00:00,2023-07-12,1,2,0,summer,808,,,,
NYC,hour,2023-07-12 02:00:00,2023-07-12,2,2,0,summer,455,,,,
NYC,hour,2023-07-12 03:00:00,2023-07-12,3,2,0,summer,295,,,,
NYC,hour,2023-07-12 04:00:00,2023-07-12,4,2,0,summer,350,,,,
NYC,hour,2023-07-12 05:00:00,2023-07-12,5,2,0,summer,1125,,,,
NYC,hour,2023-07-12 06:00:00,2023-07-12,6,2,0,summer,3268,,,,
NYC,hour,2023-07-12 07:00:00,2023-07-12,7,2,0,summer,6164,,,,
NYC,hour,2023-07-12 08:00:00,2023-07-12,8,2,0,summer,9662,,,,
NYC,hour,2023-07-12 09:00:00,2023-07-12,9,2,0,summer,7465,,,,
NYC,hour,2023-07-12 10:00:00,2023-07-12,10,2,0,summer,5089,,,,
NYC,hour,2023-07-12 11:00:00,2023-07-12,11,2,0,summer,5083,,,,
NYC,hour,2023-07-12 12:00:00,2023-07-12,12,2,0,summer,5788,,,,
NYC,hour,2023-07-12 13:00:00,2023-07-12,13,2,0,summer,6036,,,,
NYC,hour,2023-07-12 14:00:00,2023-07-12,14,2,0,summer,6202,,,,
NYC,hour,2023-07-12 15:00:00,2023-07-12,15,2,0,summer,6872,,,,
NYC,hour,2023-07-12 16:00:00,2023-07-12,16,2,0,summer,8656,,,,
NYC,hour,2023-07-12 17:00:00,2023-07-12,17,2,0,summer,13256,,,,
NYC,hour,2023-07-12 18:00:00,2023-07-12,18,2,0,summer,13262,,,,
NYC,hour,2023-07-12 19:00:00,2023-07-12,19,2,0,summer,10436,,,,
NYC,hour,2023-07-12 20:00:00,2023-07-12,20,2,0,summer,7952,,,,
NYC,hour,2023-07-12 21:00:00,2023-07-12,21,2,0,summer,6117,,,,
NYC,hour,2023-07-12 22:00:00,2023-07-12,22,2,0,summer,4573,,,,
NYC,hour,2023-07-12 23:00:00,2023-07-12,23,2,0,summer,3072,,,,
NYC,hour,2023-07-13 00:00:00,2023-07-13,0,3,0,summer,1685,,,,
NYC,hour,2023-07-13 01:00:00,2023-07-13,1,3,0,summer,874,,,,
NYC,hour,2023-07-13 02:00:00,2023-07-13,2,3,0,summer,522,,,,
NYC,hour,2023-07-13 03:00:00,2023-07-13,3,3,0,summer,296,,,,
NYC,hour,2023-07-13 04:00:00,2023-07-13,4,3,0,summer,384,,,,
NYC,hour,2023-07-13 05:00:00,2023-07-13,5,3,0,summer,1111,,,,
NYC,hour,2023-07-13 06:00:00,2023-07-13,6,3,0,summer,3132,,,,
NYC,hour,2023-07-13 07:00:00,2023-07-13,7,3,0,summer,5892,,,,
NYC,hour,2023-07-13 08:00:00,2023-07-13,8,3,0,summer,9192,,,,
NYC,hour,2023-07-13 09:00:00,2023-07-13,9,3,0,summer,7206,,,,
NYC,hour,2023-07-13 10:00:00,2023-07-13,10,3,0,summer,5079,,,,
NYC,hour,2023-07-13 11:00:00,2023-07-13,11,3,0,summer,5089,,,,
NYC,hour,2023-07-13 12:00:00,2023-07-13,12,3,0,summer,5921,,,,
NYC,hour,2023-07-13 13:00:00,2023-07-13,13,3,0,summer,6091,,,,
NYC,hour,2023-07-13 14:00:00,2023-07-13,14,3,0,summer,6432,,,,
NYC,hour,2023-07-13 15:00:00,2023-07-13,15,3,0,summer,7229,,,,
NYC,hour,2023-07-13 16:00:00,2023-07-13,16,3,0,summer,8885,,,,
NYC,hour,2023-07-13 17:00:00,2023-07-13,17,3,0,summer,12714,,,,
NYC,hour,2023-07-13 18:00:00,2023-07-13,18,3,0,summer,12546,,,,
NYC,hour,2023-07-13 19:00:00,2023-07-13,19,3,0,summer,10171,,,,
NYC,hour,2023-07-13 20:00:00,2023-07-13,20,3,0,summer,7620,,,,
NYC,hour,2023-07-13 21:00:00,2023-07-13,21,3,0,summer,5702,,,,
NYC,hour,2023-07-13 22:00:00,2023-07-13,22,3,0,summer,4554,,,,
NYC,hour,2023-07-13 23:00:00,2023-07-13,23,3,0,summer,3409,,,,
NYC,hour,2023-07-14 00:00:00,2023-07-14,0,4,0,summer,1965,,,,
NYC,hour,2023-07-14 01:00:00,2023-07-14,1,4,0,summer,1138,,,,
NYC,hour,2023-07-14 02:00:00,2023-07-14,2,4,0,summer,693,,,,
NYC,hour,2023-07-14 03:00:00,2023-07-14,3,4,0,summer,389,,,,
NYC,hour,2023-07-14 04:00:00,2023-07-14,4,4,0,summer,341,,,,
NYC,hour,2023-07-14 05:00:00,2023-07-14,5,4,0,summer,896,,,,
NYC,hour,2023-07-14 06:00:00,2023-07-14,6,4,0,summer,2476,,,,
NYC,hour,2023-07-14 07:00:00,2023-07-14,7,4,0,summer,2874,,,,
NYC,hour,2023-07-14 08:00:00,2023-07-14,8,4,0,summer,4634,,,,
NYC,hour,2023-07-14 09:00:00,2023-07-14,9,4,0,summer,5433,,,,
NYC,hour,2023-07-14 10:00:00,2023-07-14,10,4,0,summer,4793,,,,
NYC,hour,2023-07-14 11:00:00,2023-07-14,11,4,0,summer,5075,,,,
NYC,hour,2023-07-14 12:00:00,2023-07-14,12,4,0,summer,5956,,,,
NYC,hour,2023-07-14 13:00:00,2023-07-14,13,4,0,summer,5739,,,,
NYC,hour,2023-07-14 14:00:00,2023-07-14,14,4,0,summer,6803,,,,
NYC,hour,2023-07-14 15:00:00,2023-07-14,15,4,0,summer,7836,,,,
NYC,hour,2023-07-14 16:00:00,2023-07-14,16,4,0,summer,9126,,,,
NYC,hour,2023-07-14 17:00:00,2023-07-14,17,4,0,summer,9794,,,,
NYC,hour,2023-07-14 18:00:00,2023-07-14,18,4,0,summer,7560,,,,
NYC,hour,2023-07-14 19:00:00,2023-07-14,19,4,0,summer,7348,,,,
NYC,hour,2023-07-14 20:00:00,2023-07-14,20,4,0,summer,5991,,,,
NYC,hour,2023-07-14 21:00:00,2023-07-14,21,4,0,summer,4596,,,,
NYC,hour,2023-07-14 22:00:00,2023-07-14,22,4,0,summer,3623,,,,
NYC,hour,2023-07-14 23:00:00,2023-07-14,23,4,0,summer,1489,,,,
NYC,hour,2023-07-15 00:00:00,2023-07-15,0,5,1,summer,2089,,,,
NYC,hour,2023-07-15 01:00:00,2023-07-15,1,5,1,summer,1629,,,,
NYC,hour,2023-07-15 02:00:00,2023-07-15,2,5,1,summer,1262,,,,
NYC,hour,2023-07-15 03:00:00,2023-07-15,3,5,1,summer,858,,,,
NYC,hour,2023-07-15 04:00:00,2023-07-15,4,5,1,summer,579,,,,
NYC,hour,2023-07-15 05:00:00,2023-07-15,5,5,1,summer,523,,,,
NYC,hour,2023-07-15 06:00:00,2023-07-15,6,5,1,summer,1148,,,,
NYC,hour,2023-07-15 07:00:00,2023-07-15,7,5,1,summer,2129,,,,
NYC,hour,2023-07-15 08:00:00,2023-07-15,8,5,1,summer,3452,,,,
NYC,hour,2023-07-15 09:00:00,2023-07-15,9,5,1,summer,5135,,,,
NYC,hour,2023-07-15 10:00:00,2023-07-15,10,5,1,summer,6900,,,,
NYC,hour,2023-07-15 11:00:00,2023-07-15,11,5,1,summer,7880,,,,
NYC,hour,2023-07-15 12:00:00,2023-07-15,12,5,1,summer,8741,,,,
NYC,hour,2023-07-15 13:00:00,2023-07-15,13,5,1,summer,8821,,,,
NYC,hour,2023-07-15 14:00:00,2023-07-15,14,5,1,summer,8963,,,,
NYC,hour,2023-07-15 15:00:00,2023-07-15,15,5,1,summer,9136,,,,
NYC,hour,2023-07-15 16:00:00,2023-07-15,16,5,1,summer,8935,,,,
NYC,hour,2023-07-15 17:00:00,2023-07-15,17,5,1,summer,7912,,,,
NYC,hour,2023-07-15 18:00:00,2023-07-15,18,5,1,summer,6124,,,,
NYC,hour,2023-07-15 19:00:00,2023-07-15,19,5,1,summer,3201,,,,
NYC,hour,2023-07-15 20:00:00,2023-07-15,20,5,1,summer,3842,,,,
NYC,hour,2023-07-15 21:00:00,2023-07-15,21,5,1,summer,3834,,,,
NYC,hour,2023-07-15 22:00:00,2023-07-15,22,5,1,summer,3737,,,,
NYC,hour,2023-07-15 23:00:00,2023-07-15,23,5,1,summer,3422,,,,
NYC,hour,2023-07-16 00:00:00,2023-07-16,0,6,1,summer,2627,,,,
NYC,hour,2023-07-16 01:00:00,2023-07-16,1,6,1,summer,2069,,,,
NYC,hour,2023-07-16 02:00:00,2023-07-16,2,6,1,summer,1534,,,,
NYC,hour,2023-07-16 03:00:00,2023-07-16,3,6,1,summer,1042,,,,
NYC,hour,2023-07-16 04:00:00,2023-07-16,4,6,1,summer,689,,,,
NYC,hour,2023-07-16 05:00:00,2023-07-16,5,6,1,summer,404,,,,
NYC,hour,2023-07-16 06:00:00,2023-07-16,6,6,1,summer,350,,,,
NYC,hour,2023-07-16 07:00:00,2023-07-16,7,6,1,summer,912,,,,
NYC,hour,2023-07-16 08:00:00,2023-07-16,8,6,1,summer,823,,,,
NYC,hour,2023-07-16 09:00:00,2023-07-16,9,6,1,summer,960,,,,
NYC,hour,2023-07-16 10:00:00,2023-07-16,10,6,1,summer,1107,,,,
NYC,hour,2023-07-16 11:00:00,2023-07-16,11,6,1,summer,2712,,,,
NYC,hour,2023-07-16 12:00:00,2023-07-16,12,6,1,summer,1060,,,,
NYC,hour,2023-07-16 13:00:00,2023-07-16,13,6,1,summer,2334,,,,
NYC,hour,2023-07-16 14:00:00,2023-07-16,14,6,1,summer,4676,,,,
NYC,hour,2023-07-16 15:00:00,2023-07-16,15,6,1,summer,5602,,,,
NYC,hour,2023-07-16 16:00:00,2023-07-16,16,6,1,summer,5255,,,,
NYC,hour,2023-07-16 17:00:00,2023-07-16,17,6,1,summer,6093,,,,
NYC,hour,2023-07-16 18:00:00,2023-07-16,18,6,1,summer,5935,,,,
NYC,hour,2023-07-16 19:00:00,2023-07-16,19,6,1,summer,5680,,,,
NYC,hour,2023-07-16 20:00:00,2023-07-16,20,6,1,summer,4704,,,,
NYC,hour,2023-07-16 21:00:00,2023-07-16,21,6,1,summer,3813,,,,
NYC,hour,2023-07-16 22:00:00,2023-07-16,22,6,1,summer,2893,,,,
NYC,hour,2023-07-16 23:00:00,2023-07-16,23,6,1,summer,2055,,,,
NYC,hour,2023-07-17 00:00:00,2023-07-17,0,0,0,summer,1260,,,,
NYC,hour,2023-07-17 01:00:00,2023-07-17,1,0,0,summer,702,,,,
NYC,hour,2023-07-17 02:00:00,2023-07-17,2,0,0,summer,428,,,,
NYC,hour,2023-07-17 03:00:00,2023-07-17,3,0,0,summer,268,,,,
NYC,hour,2023-07-17 04:00:00,2023-07-17,4,0,0,summer,338,,,,
NYC,hour,2023-07-17 05:00:00,2023-07-17,5,0,0,summer,1096,,,,
NYC,hour,2023-07-17 06:00:00,2023-07-17,6,0,0,summer,2972,,,,
NYC,hour,2023-07-17 07:00:00,2023-07-17,7,0,0,summer,5547,,,,
NYC,hour,2023-07-17 08:00:00,2023-07-17,8,0,0,summer,8403,,,,
NYC,hour,2023-07-17 09:00:00,2023-07-17,9,0,0,summer,6365,,,,
NYC,hour,2023-07-17 10:00:00,2023-07-17,10,0,0,summer,4673,,,,
NYC,hour,2023-07-17 11:00:00,2023-07-17,11,0,0,summer,4932,,,,
NYC,hour,2023-07-17 12:00:00,2023-07-17,12,0,0,summer,5850,,,,
NYC,hour,2023-07-17 13:00:00,2023-07-17,13,0,0,summer,5949,,,,
NYC,hour,2023-07-17 14:00:00,2023-07-17,14,0,0,summer,6175,,,,
NYC,hour,2023-07-17 15:00:00,2023-07-17,15,0,0,summer,6821,,,,
NYC,hour,2023-07-17 16:00:00,2023-07-17,16,0,0,summer,8379,,,,
NYC,hour,2023-07-17 17:00:00,2023-07-17,17,0,0,summer,12675,,,,
NYC,hour,2023-07-17 18:00:00,2023-07-17,18,0,0,summer,12560,,,,
NYC,hour,2023-07-17 19:00:00,2023-07-17,19,0,0,summer,9963,,,,
NYC,hour,2023-07-17 20:00:00,2023-07-17,20,0,0,summer,7834,,,,
NYC,hour,2023-07-17 21:00:00,2023-07-17,21,0,0,summer,5367,,,,
NYC,hour,2023-07-17 22:00:00,2023-07-17,22,0,0,summer,3887,,,,
NYC,hour,2023-07-17 23:00:00,2023-07-17,23,0,0,summer,2464,,,,
NYC,hour,2023-07-18 00:00:00,2023-07-18,0,1,0,summer,1393,,,,
NYC,hour,2023-07-18 01:00:00,2023-07-18,1,1,0,summer,735,,,,
NYC,hour,2023-07-18 02:00:00,2023-07-18,2,1,0,summer,397,,,,
NYC,hour,2023-07-18 03:00:00,2023-07-18,3,1,0,summer,279,,,,
NYC,hour,2023-07-18 04:00:00,2023-07-18,4,1,0,summer,343,,,,
NYC,hour,2023-07-18 05:00:00,2023-07-18,5,1,0,summer,1185,,,,
NYC,hour,2023-07-18 06:00:00,2023-07-18,6,1,0,summer,3376,,,,
NYC,hour,2023-07-18 07:00:00,2023-07-18,7,1,0,summer,6252,,,,
NYC,hour,2023-07-18 08:00:00,2023-07-18,8,1,0,summer,9625,,,,
NYC,hour,2023-07-18 09:00:00,2023-07-18,9,1,0,summer,7266,,,,
NYC,hour,2023-07-18 10:00:00,2023-07-18,10,1,0,summer,5235,,,,
NYC,hour,2023-07-18 11:00:00,2023-07-18,11,1,0,summer,4812,,,,
NYC,hour,2023-07-18 12:00:00,2023-07-18,12,1,0,summer,2408,,,,
NYC,hour,2023-07-18 13:00:00,2023-07-18,13,1,0,summer,3505,,,,
NYC,hour,2023-07-18 14:00:00,2023-07-18,14,1,0,summer,5252,,,,
NYC,hour,2023-07-18 15:00:00,2023-07-18,15,1,0,summer,5531,,,,
NYC,hour,2023-07-18 16:00:00,2023-07-18,16,1,0,summer,7629,,,,
NYC,hour,2023-07-18 17:00:00,2023-07-18,17,1,0,summer,12920,,,,
NYC,hour,2023-07-18 18:00:00,2023-07-18,18,1,0,summer,13278,,,,
NYC,hour,2023-07-18 19:00:00,2023-07-18,19,1,0,summer,10533,,,,
NYC,hour,2023-07-18 20:00:00,2023-07-18,20,1,0,summer,7822,,,,
NYC,hour,2023-07-18 21:00:00,2023-07-18,21,1,0,summer,5787,,,,
NYC,hour,2023-07-18 22:00:00,2023-07-18,22,1,0,summer,4272,,,,
NYC,hour,2023-07-18 23:00:00,2023-07-18,23,1,0,summer,2842,,,,
NYC,hour,2023-07-19 00:00:00,2023-07-19,0,2,0,summer,1651,,,,
NYC,hour,2023-07-19 01:00:00,2023-07-19,1,2,0,summer,845,,,,
NYC,hour,2023-07-19 02:00:00,2023-07-19,2,2,0,summer,466,,,,
NYC,hour,2023-07-19 03:00:00,2023-07-19,3,2,0,summer,305,,,,
NYC,hour,2023-07-19 04:00:00,2023-07-19,4,2,0,summer,357,,,,
NYC,hour,2023-07-19 05:00:00,2023-07-19,5,2,0,summer,1192,,,,
NYC,hour,2023-07-19 06:00:00,2023-07-19,6,2,0,summer,3322,,,,
NYC,hour,2023-07-19 07:00:00,2023-07-19,7,2,0,summer,5873,,,,
NYC,hour,2023-07-19 08:00:00,2023-07-19,8,2,0,summer,9170,,,,
NYC,hour,2023-07-19 09:00:00,2023-07-19,9,2,0,summer,7548,,,,
NYC,hour,2023-07-19 10:00:00,2023-07-19,10,2,0,summer,5226,,,,
NYC,hour,2023-07-19 11:00:00,2023-07-19,11,2,0,summer,5030,,,,
NYC,hour,2023-07-19 12:00:00,2023-07-19,12,2,0,summer,3744,,,,
NYC,hour,2023-07-19 13:00:00,2023-07-19,13,2,0,summer,4366,,,,
NYC,hour,2023-07-19 14:00:00,2023-07-19,14,2,0,summer,6014,,,,
NYC,hour,2023-07-19 15:00:00,2023-07-19,15,2,0,summer,7018,,,,
NYC,hour,2023-07-19 16:00:00,2023-07-19,16,2,0,summer,8993,,,,
NYC,hour,2023-07-19 17:00:00,2023-07-19,17,2,0,summer,13902,,,,
NYC,hour,2023-07-19 18:00:00,2023-07-19,18,2,0,summer,14053,,,,
NYC,hour,2023-07-19 19:00:00,2023-07-19,19,2,0,summer,11090,,,,
NYC,hour,2023-07-19 20:00:00,2023-07-19,20,2,0,summer,8001,,,,
NYC,hour,2023-07-19 21:00:00,2023-07-19,21,2,0,summer,6049,,,,
NYC,hour,2023-07-19 22:00:00,2023-07-19,22,2,0,summer,4852,,,,
NYC,hour,2023-07-19 23:00:00,2023-07-19,23,2,0,summer,3086,,,,
NYC,hour,2023-07-20 00:00:00,2023-07-20,0,3,0,summer,1739,,,,
NYC,hour,2023-07-20 01:00:00,2023-07-20,1,3,0,summer,967,,,,
NYC,hour,2023-07-20 02:00:00,2023-07-20,2,3,0,summer,531,,,,
NYC,hour,2023-07-20 03:00:00,2023-07-20,3,3,0,summer,349,,,,
NYC,hour,2023-07-20 04:00:00,2023-07-20,4,3,0,summer,403,,,,
NYC,hour,2023-07-20 05:00:00,2023-07-20,5,3,0,summer,1103,,,,
NYC,hour,2023-07-20 06:00:00,2023-07-20,6,3,0,summer,3121,,,,
NYC,hour,2023-07-20 07:00:00,2023-07-20,7,3,0,summer,5936,,,,
NYC,hour,2023-07-20 08:00:00,2023-07-20,8,3,0,summer,9471,,,,
NYC,hour,2023-07-20 09:00:00,2023-07-20,9,3,0,summer,7380,,,,
NYC,hour,2023-07-20 10:00:00,2023-07-20,10,3,0,summer,5499,,,,
NYC,hour,2023-07-20 11:00:00,2023-07-20,11,3,0,summer,5376,,,,
NYC,hour,2023-07-20 12:00:00,2023-07-20,12,3,0,summer,6261,,,,
NYC,hour,2023-07-20 13:00:00,2023-07-20,13,3,0,summer,6463,,,,
NYC,hour,2023-07-20 14:00:00,2023-07-20,14,3,0,summer,6961,,,,
NYC,hour,2023-07-20 15:00:00,2023-07-20,15,3,0,summer,7662,,,,
NYC,hour,2023-07-20 16:00:00,2023-07-20,16,3,0,summer,9600,,,,
NYC,hour,2023-07-20 17:00:00,2023-07-20,17,3,0,summer,13913,,,,
NYC,hour,2023-07-20 18:00:00,2023-07-20,18,3,0,summer,13439,,,,
NYC,hour,2023-07-20 19:00:00,2023-07-20,19,3,0,summer,10658,,,,
NYC,hour,2023-07-20 20:00:00,2023-07-20,20,3,0,summer,8443,,,,
NYC,hour,2023-07-20 21:00:00,2023-07-20,21,3,0,summer,6044,,,,
NYC,hour,2023-07-20 22:00:00,2023-07-20,22,3,0,summer,4890,,,,
NYC,hour,2023-07-20 23:00:00,2023-07-20,23,3,0,summer,3581,,,,
NYC,hour,2023-07-21 00:00:00,2023-07-21,0,4,0,summer,2264,,,,
NYC,hour,2023-07-21 01:00:00,2023-07-21,1,4,0,summer,1285,,,,
NYC,hour,2023-07-21 02:00:00,2023-07-21,2,4,0,summer,722,,,,
NYC,hour,2023-07-21 03:00:00,2023-07-21,3,4,0,summer,470,,,,
NYC,hour,2023-07-21 04:00:00,2023-07-21,4,4,0,summer,419,,,,
NYC,hour,2023-07-21 05:00:00,2023-07-21,5,4,0,summer,885,,,,
NYC,hour,2023-07-21 06:00:00,2023-07-21,6,4,0,summer,1377,,,,
NYC,hour,2023-07-21 07:00:00,2023-07-21,7,4,0,summer,3764,,,,
NYC,hour,2023-07-21 08:00:00,2023-07-21,8,4,0,summer,4315,,,,
NYC,hour,2023-07-21 09:00:00,2023-07-21,9,4,0,summer,4815,,,,
NYC,hour,2023-07-21 10:00:00,2023-07-21,10,4,0,summer,4893,,,,
NYC,hour,2023-07-21 11:00:00,2023-07-21,11,4,0,summer,5583,,,,
NYC,hour,2023-07-21 12:00:00,2023-07-21,12,4,0,summer,6472,,,,
NYC,hour,2023-07-21 13:00:00,2023-07-21,13,4,0,summer,7217,,,,
NYC,hour,2023-07-21 14:00:00,2023-07-21,14,4,0,summer,7769,,,,
NYC,hour,2023-07-21 15:00:00,2023-07-21,15,4,0,summer,8565,,,,
NYC,hour,2023-07-21 16:00:00,2023-07-21,16,4,0,summer,9881,,,,
NYC,hour,2023-07-21 17:00:00,2023-07-21,17,4,0,summer,11749,,,,
NYC,hour,2023-07-21 18:00:00,2023-07-21,18,4,0,summer,11310,,,,
NYC,hour,2023-07-21 19:00:00,2023-07-21,19,4,0,summer,9643,,,,
NYC,hour,2023-07-21 20:00:00,2023-07-21,20,4,0,summer,7405,,,,
NYC,hour,2023-07-21 21:00:00,2023-07-21,21,4,0,summer,5473,,,,
NYC,hour,2023-07-21 22:00:00,2023-07-21,22,4,0,summer,4956,,,,
NYC,hour,2023-07-21 23:00:00,2023-07-21,23,4,0,summer,4287,,,,
NYC,hour,2023-07-22 00:00:00,2023-07-22,0,5,1,summer,3290,,,,
NYC,hour,2023-07-22 01:00:00,2023-07-22,1,5,1,summer,2301,,,,
NYC,hour,2023-07-22 02:00:00,2023-07-22,2,5,1,summer,1753,,,,
NYC,hour,2023-07-22 03:00:00,2023-07-22,3,5,1,summer,1080,,,,
NYC,hour,2023-07-22 04:00:00,2023-07-22,4,5,1,summer,643,,,,
NYC,hour,2023-07-22 05:00:00,2023-07-22,5,5,1,summer,513,,,,
NYC,hour,2023-07-22 06:00:00,2023-07-22,6,5,1,summer,1122,,,,
NYC,hour,2023-07-22 07:00:00,2023-07-22,7,5,1,summer,2101,,,,
NYC,hour,2023-07-22 08:00:00,2023-07-22,8,5,1,summer,3492,,,,
NYC,hour,2023-07-22 09:00:00,2023-07-22,9,5,1,summer,5463,,,,
NYC,hour,2023-07-22 10:00:00,2023-07-22,10,5,1,summer,7261,,,,
NYC,hour,2023-07-22 11:00:00,2023-07-22,11,5,1,summer,8309,,,,
NYC,hour,2023-07-22 12:00:00,2023-07-22,12,5,1,summer,9115,,,,
NYC,hour,2023-07-22 13:00:00,2023-07-22,13,5,1,summer,9576,,,,
NYC,hour,2023-07-22 14:00:00,2023-07-22,14,5,1,summer,9500,,,,
NYC,hour,2023-07-22 15:00:00,2023-07-22,15,5,1,summer,9740,,,,
NYC,hour,2023-07-22 16:00:00,2023-07-22,16,5,1,summer,9601,,,,
NYC,hour,2023-07-22 17:00:00,2023-07-22,17,5,1,summer,9307,,,,
NYC,hour,2023-07-22 18:00:00,2023-07-22,18,5,1,summer,9352,,,,
NYC,hour,2023-07-22 19:00:00,2023-07-22,19,5,1,summer,8421,,,,
NYC,hour,2023-07-22 20:00:00,2023-07-22,20,5,1,summer,6958,,,,
NYC,hour,2023-07-22 21:00:00,2023-07-22,21,5,1,summer,5744,,,,
NYC,hour,2023-07-22 22:00:00,2023-07-22,22,5,1,summer,4989,,,,
NYC,hour,2023-07-22 23:00:00,2023-07-22,23,5,1,summer,3915,,,,
NYC,hour,2023-07-23 00:00:00,2023-07-23,0,6,1,summer,3095,,,,
NYC,hour,2023-07-23 01:00:00,2023-07-23,1,6,1,summer,2214,,,,
NYC,hour,2023-07-23 02:00:00,2023-07-23,2,6,1,summer,1602,,,,
NYC,hour,2023-07-23 03:00:00,2023-07-23,3,6,1,summer,1085,,,,
NYC,hour,2023-07-23 04:00:00,2023-07-23,4,6,1,summer,642,,,,
NYC,hour,2023-07-23 05:00:00,2023-07-23,5,6,1,summer,465,,,,
NYC,hour,2023-07-23 06:00:00,2023-07-23,6,6,1,summer,928,,,,
NYC,hour,2023-07-23 07:00:00,2023-07-23,7,6,1,summer,1608,,,,
NYC,hour,2023-07-23 08:00:00,2023-07-23,8,6,1,summer,2859,,,,
NYC,hour,2023-07-23 09:00:00,2023-07-23,9,6,1,summer,4550,,,,
NYC,hour,2023-07-23 10:00:00,2023-07-23,10,6,1,summer,6272,,,,
NYC,hour,2023-07-23 11:00:00,2023-07-23,11,6,1,summer,7512,,,,
NYC,hour,2023-07-23 12:00:00,2023-07-23,12,6,1,summer,8169,,,,
NYC,hour,2023-07-23 13:00:00,2023-07-23,13,6,1,summer,9116,,,,
NYC,hour,2023-07-23 14:00:00,2023-07-23,14,6,1,summer,9402,,,,
NYC,hour,2023-07-23 15:00:00,2023-07-23,15,6,1,summer,9572,,,,
NYC,hour,2023-07-23 16:00:00,2023-07-23,16,6,1,summer,9335,,,,
NYC,hour,2023-07-23 17:00:00,2023-07-23,17,6,1,summer,9693,,,,
NYC,hour,2023-07-23 18:00:00,2023-07-23,18,6,1,summer,9335,,,,
NYC,hour,2023-07-23 19:00:00,2023-07-23,19,6,1,summer,7869,,,,
NYC,hour,2023-07-23 20:00:00,2023-07-23,20,6,1,summer,6320,,,,
NYC,hour,2023-07-23 21:00:00,2023-07-23,21,6,1,summer,4860,,,,
NYC,hour,2023-07-23 22:00:00,2023-07-23,22,6,1,summer,3571,,,,
NYC,hour,2023-07-23 23:00:00,2023-07-23,23,6,1,summer,2570,,,,
NYC,hour,2023-07-24 00:00:00,2023-07-24,0,0,0,summer,1536,,,,
NYC,hour,2023-07-24 01:00:00,2023-07-24,1,0,0,summer,823,,,,
NYC,hour,2023-07-24 02:00:00,2023-07-24,2,0,0,summer,485,,,,
NYC,hour,2023-07-24 03:00:00,2023-07-24,3,0,0,summer,314,,,,
NYC,hour,2023-07-24 04:00:00,2023-07-24,4,0,0,summer,346,,,,
NYC,hour,2023-07-24 05:00:00,2023-07-24,5,0,0,summer,1022,,,,
NYC,hour,2023-07-24 06:00:00,2023-07-24,6,0,0,summer,2877,,,,
NYC,hour,2023-07-24 07:00:00,2023-07-24,7,0,0,summer,5366,,,,
NYC,hour,2023-07-24 08:00:00,2023-07-24,8,0,0,summer,8111,,,,
NYC,hour,2023-07-24 09:00:00,2023-07-24,9,0,0,summer,6262,,,,
NYC,hour,2023-07-24 10:00:00,2023-07-24,10,0,0,summer,4664,,,,
NYC,hour,2023-07-24 11:00:00,2023-07-24,11,0,0,summer,4915,,,,
NYC,hour,2023-07-24 12:00:00,2023-07-24,12,0,0,summer,5759,,,,
NYC,hour,2023-07-24 13:00:00,2023-07-24,13,0,0,summer,5841,,,,
NYC,hour,2023-07-24 14:00:00,2023-07-24,14,0,0,summer,6422,,,,
NYC,hour,2023-07-24 15:00:00,2023-07-24,15,0,0,summer,7203,,,,
NYC,hour,2023-07-24 16:00:00,2023-07-24,16,0,0,summer,8652,,,,
NYC,hour,2023-07-24 17:00:00,2023-07-24,17,0,0,summer,12640,,,,
NYC,hour,2023-07-24 18:00:00,2023-07-24,18,0,0,summer,12882,,,,
NYC,hour,2023-07-24 19:00:00,2023-07-24,19,0,0,summer,10303,,,,
NYC,hour,2023-07-24 20:00:00,2023-07-24,20,0,0,summer,7666,,,,
NYC,hour,2023-07-24 21:00:00,2023-07-24,21,0,0,summer,5437,,,,
NYC,hour,2023-07-24 22:00:00,2023-07-24,22,0,0,summer,3920,,,,
NYC,hour,2023-07-24 23:00:00,2023-07-24,23,0,0,summer,2389,,,,
NYC,hour,2023-07-25 00:00:00,2023-07-25,0,1,0,summer,1483,,,,
NYC,hour,2023-07-25 01:00:00,2023-07-25,1,1,0,summer,751,,,,
NYC,hour,2023-07-25 02:00:00,2023-07-25,2,1,0,summer,425,,,,
NYC,hour,2023-07-25 03:00:00,2023-07-25,3,1,0,summer,274,,,,
NYC,hour,2023-07-25 04:00:00,2023-07-25,4,1,0,summer,334,,,,
NYC,hour,2023-07-25 05:00:00,2023-07-25,5,1,0,summer,1161,,,,
NYC,hour,2023-07-25 06:00:00,2023-07-25,6,1,0,summer,3424,,,,
NYC,hour,2023-07-25 07:00:00,2023-07-25,7,1,0,summer,6389,,,,
NYC,hour,2023-07-25 08:00:00,2023-07-25,8,1,0,summer,9989,,,,
NYC,hour,2023-07-25 09:00:00,2023-07-25,9,1,0,summer,7646,,,,
NYC,hour,2023-07-25 10:00:00,2023-07-25,10,1,0,summer,5420,,,,
NYC,hour,2023-07-25 11:00:00,2023-07-25,11,1,0,summer,5121,,,,
NYC,hour,2023-07-25 12:00:00,2023-07-25,12,1,0,summer,6022,,,,
NYC,hour,2023-07-25 13:00:00,2023-07-25,13,1,0,summer,6161,,,,
NYC,hour,2023-07-25 14:00:00,2023-07-25,14,1,0,summer,6616,,,,
NYC,hour,2023-07-25 15:00:00,2023-07-25,15,1,0,summer,3517,,,,
NYC,hour,2023-07-25 16:00:00,2023-07-25,16,1,0,summer,2191,,,,
NYC,hour,2023-07-25 17:00:00,2023-07-25,17,1,0,summer,6300,,,,
NYC,hour,2023-07-25 18:00:00,2023-07-25,18,1,0,summer,10117,,,,
NYC,hour,2023-07-25 19:00:00,2023-07-25,19,1,0,summer,8962,,,,
NYC,hour,2023-07-25 20:00:00,2023-07-25,20,1,0,summer,7119,,,,
NYC,hour,2023-07-25 21:00:00,2023-07-25,21,1,0,summer,5411,,,,
NYC,hour,2023-07-25 22:00:00,2023-07-25,22,1,0,summer,4158,,,,
NYC,hour,2023-07-25 23:00:00,2023-07-25,23,1,0,summer,2890,,,,
NYC,hour,2023-07-26 00:00:00,2023-07-26,0,2,0,summer,1621,,,,
NYC,hour,2023-07-26 01:00:00,2023-07-26,1,2,0,summer,893,,,,
NYC,hour,2023-07-26 02:00:00,2023-07-26,2,2,0,summer,589,,,,
NYC,hour,2023-07-26 03:00:00,2023-07-26,3,2,0,summer,298,,,,
NYC,hour,2023-07-26 04:00:00,2023-07-26,4,2,0,summer,323,,,,
NYC,hour,2023-07-26 05:00:00,2023-07-26,5,2,0,summer,1159,,,,
NYC,hour,2023-07-26 06:00:00,2023-07-26,6,2,0,summer,3505,,,,
NYC,hour,2023-07-26 07:00:00,2023-07-26,7,2,0,summer,6437,,,,
NYC,hour,2023-07-26 08:00:00,2023-07-26,8,2,0,summer,10104,,,,
NYC,hour,2023-07-26 09:00:00,2023-07-26,9,2,0,summer,7855,,,,
NYC,hour,2023-07-26 10:00:00,2023-07-26,10,2,0,summer,5676,,,,
NYC,hour,2023-07-26 11:00:00,2023-07-26,11,2,0,summer,5641,,,,
NYC,hour,2023-07-26 12:00:00,2023-07-26,12,2,0,summer,6214,,,,
NYC,hour,2023-07-26 13:00:00,2023-07-26,13,2,0,summer,6492,,,,
NYC,hour,2023-07-26 14:00:00,2023-07-26,14,2,0,summer,6792,,,,
NYC,hour,2023-07-26 15:00:00,2023-07-26,15,2,0,summer,7388,,,,
NYC,hour,2023-07-26 16:00:00,2023-07-26,16,2,0,summer,9342,,,,
NYC,hour,2023-07-26 17:00:00,2023-07-26,17,2,0,summer,14236,,,,
NYC,hour,2023-07-26 18:00:00,2023-07-26,18,2,0,summer,14225,,,,
NYC,hour,2023-07-26 19:00:00,2023-07-26,19,2,0,summer,11025,,,,
NYC,hour,2023-07-26 20:00:00,2023-07-26,20,2,0,summer,8572,,,,
NYC,hour,2023-07-26 21:00:00,2023-07-26,21,2,0,summer,6268,,,,
NYC,hour,2023-07-26 22:00:00,2023-07-26,22,2,0,summer,4889,,,,
NYC,hour,2023-07-26 23:00:00,2023-07-26,23,2,0,summer,3651,,,,
NYC,hour,2023-07-27 00:00:00,2023-07-27,0,3,0,summer,1886,,,,
NYC,hour,2023-07-27 01:00:00,2023-07-27,1,3,0,summer,993,,,,
NYC,hour,2023-07-27 02:00:00,2023-07-27,2,3,0,summer,581,,,,
NYC,hour,2023-07-27 03:00:00,2023-07-27,3,3,0,summer,383,,,,
NYC,hour,2023-07-27 04:00:00,2023-07-27,4,3,0,summer,400,,,,
NYC,hour,2023-07-27 05:00:00,2023-07-27,5,3,0,summer,1126,,,,
NYC,hour,2023-07-27 06:00:00,2023-07-27,6,3,0,summer,3235,,,,
NYC,hour,2023-07-27 07:00:00,2023-07-27,7,3,0,summer,5873,,,,
NYC,hour,2023-07-27 08:00:00,2023-07-27,8,3,0,summer,9270,,,,
NYC,hour,2023-07-27 09:00:00,2023-07-27,9,3,0,summer,7704,,,,
NYC,hour,2023-07-27 10:00:00,2023-07-27,10,3,0,summer,5427,,,,
NYC,hour,2023-07-27 11:00:00,2023-07-27,11,3,0,summer,5337,,,,
NYC,hour,2023-07-27 12:00:00,2023-07-27,12,3,0,summer,5887,,,,
NYC,hour,2023-07-27 13:00:00,2023-07-27,13,3,0,summer,5964,,,,
NYC,hour,2023-07-27 14:00:00,2023-07-27,14,3,0,summer,6158,,,,
NYC,hour,2023-07-27 15:00:00,2023-07-27,15,3,0,summer,6890,,,,
NYC,hour,2023-07-27 16:00:00,2023-07-27,16,3,0,summer,8395,,,,
NYC,hour,2023-07-27 17:00:00,2023-07-27,17,3,0,summer,12256,,,,
NYC,hour,2023-07-27 18:00:00,2023-07-27,18,3,0,summer,12216,,,,
NYC,hour,2023-07-27 19:00:00,2023-07-27,19,3,0,summer,9911,,,,
NYC,hour,2023-07-27 20:00:00,2023-07-27,20,3,0,summer,7382,,,,
NYC,hour,2023-07-27 21:00:00,2023-07-27,21,3,0,summer,5270,,,,
NYC,hour,2023-07-27 22:00:00,2023-07-27,22,3,0,summer,3238,,,,
NYC,hour,2023-07-27 23:00:00,2023-07-27,23,3,0,summer,2782,,,,
NYC,hour,2023-07-28 00:00:00,2023-07-28,0,4,0,summer,1857,,,,
NYC,hour,2023-07-28 01:00:00,2023-07-28,1,4,0,summer,1057,,,,
NYC,hour,2023-07-28 02:00:00,2023-07-28,2,4,0,summer,683,,,,
NYC,hour,2023-07-28 03:00:00,2023-07-28,3,4,0,summer,440,,,,
NYC,hour,2023-07-28 04:00:00,2023-07-28,4,4,0,summer,404,,,,
NYC,hour,2023-07-28 05:00:00,2023-07-28,5,4,0,summer,1005,,,,
NYC,hour,2023-07-28 06:00:00,2023-07-28,6,4,0,summer,2719,,,,
NYC,hour,2023-07-28 07:00:00,2023-07-28,7,4,0,summer,4977,,,,
NYC,hour,2023-07-28 08:00:00,2023-07-28,8,4,0,summer,6996,,,,
NYC,hour,2023-07-28 09:00:00,2023-07-28,9,4,0,summer,6430,,,,
NYC,hour,2023-07-28 10:00:00,2023-07-28,10,4,0,summer,5440,,,,
NYC,hour,2023-07-28 11:00:00,2023-07-28,11,4,0,summer,5453,,,,
NYC,hour,2023-07-28 12:00:00,2023-07-28,12,4,0,summer,6196,,,,
NYC,hour,2023-07-28 13:00:00,2023-07-28,13,4,0,summer,6699,,,,
NYC,hour,2023-07-28 14:00:00,2023-07-28,14,4,0,summer,7199,,,,
NYC,hour,2023-07-28 15:00:00,2023-07-28,15,4,0,summer,7815,,,,
NYC,hour,2023-07-28 16:00:00,2023-07-28,16,4,0,summer,9236,,,,
NYC,hour,2023-07-28 17:00:00,2023-07-28,17,4,0,summer,10967,,,,
NYC,hour,2023-07-28 18:00:00,2023-07-28,18,4,0,summer,10573,,,,
NYC,hour,2023-07-28 19:00:00,2023-07-28,19,4,0,summer,8965,,,,
NYC,hour,2023-07-28 20:00:00,2023-07-28,20,4,0,summer,7035,,,,
NYC,hour,2023-07-28 21:00:00,2023-07-28,21,4,0,summer,5215,,,,
NYC,hour,2023-07-28 22:00:00,2023-07-28,22,4,0,summer,4716,,,,
NYC,hour,2023-07-28 23:00:00,2023-07-28,23,4,0,summer,3784,,,,
NYC,hour,2023-07-29 00:00:00,2023-07-29,0,5,1,summer,3022,,,,
NYC,hour,2023-07-29 01:00:00,2023-07-29,1,5,1,summer,2136,,,,
NYC,hour,2023-07-29 02:00:00,2023-07-29,2,5,1,summer,1595,,,,
NYC,hour,2023-07-29 03:00:00,2023-07-29,3,5,1,summer,970,,,,
NYC,hour,2023-07-29 04:00:00,2023-07-29,4,5,1,summer,639,,,,
NYC,hour,2023-07-29 05:00:00,2023-07-29,5,5,1,summer,557,,,,
NYC,hour,2023-07-29 06:00:00,2023-07-29,6,5,1,summer,1159,,,,
NYC,hour,2023-07-29 07:00:00,2023-07-29,7,5,1,summer,2166,,,,
NYC,hour,2023-07-29 08:00:00,2023-07-29,8,5,1,summer,3395,,,,
NYC,hour,2023-07-29 09:00:00,2023-07-29,9,5,1,summer,5015,,,,
NYC,hour,2023-07-29 10:00:00,2023-07-29,10,5,1,summer,6593,,,,
NYC,hour,2023-07-29 11:00:00,2023-07-29,11,5,1,summer,7751,,,,
NYC,hour,2023-07-29 12:00:00,2023-07-29,12,5,1,summer,8229,,,,
NYC,hour,2023-07-29 13:00:00,2023-07-29,13,5,1,summer,8746,,,,
NYC,hour,2023-07-29 14:00:00,2023-07-29,14,5,1,summer,8440,,,,
NYC,hour,2023-07-29 15:00:00,2023-07-29,15,5,1,summer,8826,,,,
NYC,hour,2023-07-29 16:00:00,2023-07-29,16,5,1,summer,8580,,,,
NYC,hour,2023-07-29 17:00:00,2023-07-29,17,5,1,summer,8585,,,,
NYC,hour,2023-07-29 18:00:00,2023-07-29,18,5,1,summer,8388,,,,
NYC,hour,2023-07-29 19:00:00,2023-07-29,19,5,1,summer,6742,,,,
NYC,hour,2023-07-29 20:00:00,2023-07-29,20,5,1,summer,5730,,,,
NYC,hour,2023-07-29 21:00:00,2023-07-29,21,5,1,summer,5146,,,,
NYC,hour,2023-07-29 22:00:00,2023-07-29,22,5,1,summer,4454,,,,
NYC,hour,2023-07-29 23:00:00,2023-07-29,23,5,1,summer,3666,,,,
NYC,hour,2023-07-30 00:00:00,2023-07-30,0,6,1,summer,3181,,,,
NYC,hour,2023-07-30 01:00:00,2023-07-30,1,6,1,summer,2278,,,,
NYC,hour,2023-07-30 02:00:00,2023-07-30,2,6,1,summer,1598,,,,
NYC,hour,2023-07-30 03:00:00,2023-07-30,3,6,1,summer,1090,,,,
NYC,hour,2023-07-30 04:00:00,2023-07-30,4,6,1,summer,698,,,,
NYC,hour,2023-07-30 05:00:00,2023-07-30,5,6,1,summer,485,,,,
NYC,hour,2023-07-30 06:00:00,2023-07-30,6,6,1,summer,1020,,,,
NYC,hour,2023-07-30 07:00:00,2023-07-30,7,6,1,summer,1794,,,,
NYC,hour,2023-07-30 08:00:00,2023-07-30,8,6,1,summer,2868,,,,
NYC,hour,2023-07-30 09:00:00,2023-07-30,9,6,1,summer,4653,,,,
NYC,hour,2023-07-30 10:00:00,2023-07-30,10,6,1,summer,6425,,,,
NYC,hour,2023-07-30 11:00:00,2023-07-30,11,6,1,summer,7726,,,,
NYC,hour,2023-07-30 12:00:00,2023-07-30,12,6,1,summer,8864,,,,
NYC,hour,2023-07-30 13:00:00,2023-07-30,13,6,1,summer,9351,,,,
NYC,hour,2023-07-30 14:00:00,2023-07-30,14,6,1,summer,10004,,,,
NYC,hour,2023-07-30 15:00:00,2023-07-30,15,6,1,summer,9888,,,,
NYC,hour,2023-07-30 16:00:00,2023-07-30,16,6,1,summer,10208,,,,
NYC,hour,2023-07-30 17:00:00,2023-07-30,17,6,1,summer,9934,,,,
NYC,hour,2023-07-30 18:00:00,2023-07-30,18,6,1,summer,9644,,,,
NYC,hour,2023-07-30 19:00:00,2023-07-30,19,6,1,summer,8800,,,,
NYC,hour,2023-07-30 20:00:00,2023-07-30,20,6,1,summer,6856,,,,
NYC,hour,2023-07-30 21:00:00,2023-07-30,21,6,1,summer,5040,,,,
NYC,hour,2023-07-30 22:00:00,2023-07-30,22,6,1,summer,3784,,,,
NYC,hour,2023-07-30 23:00:00,2023-07-30,23,6,1,summer,2650,,,,
NYC,hour,2023-07-31 00:00:00,2023-07-31,0,0,0,summer,1512,,,,
NYC,hour,2023-07-31 01:00:00,2023-07-31,1,0,0,summer,905,,,,
NYC,hour,2023-07-31 02:00:00,2023-07-31,2,0,0,summer,552,,,,
NYC,hour,2023-07-31 03:00:00,2023-07-31,3,0,0,summer,278,,,,
NYC,hour,2023-07-31 04:00:00,2023-07-31,4,0,0,summer,330,,,,
NYC,hour,2023-07-31 05:00:00,2023-07-31,5,0,0,summer,1041,,,,
NYC,hour,2023-07-31 06:00:00,2023-07-31,6,0,0,summer,2953,,,,
NYC,hour,2023-07-31 07:00:00,2023-07-31,7,0,0,summer,5480,,,,
NYC,hour,2023-07-31 08:00:00,2023-07-31,8,0,0,summer,8437,,,,
NYC,hour,2023-07-31 09:00:00,2023-07-31,9,0,0,summer,6575,,,,
NYC,hour,2023-07-31 10:00:00,2023-07-31,10,0,0,summer,4818,,,,
NYC,hour,2023-07-31 11:00:00,2023-07-31,11,0,0,summer,5125,,,,
NYC,hour,2023-07-31 12:00:00,2023-07-31,12,0,0,summer,5962,,,,
NYC,hour,2023-07-31 13:00:00,2023-07-31,13,0,0,summer,6441,,,,
NYC,hour,2023-07-31 14:00:00,2023-07-31,14,0,0,summer,6592,,,,
NYC,hour,2023-07-31 15:00:00,2023-07-31,15,0,0,summer,7309,,,,
NYC,hour,2023-07-31 16:00:00,2023-07-31,16,0,0,summer,9113,,,,
NYC,hour,2023-07-31 17:00:00,2023-07-31,17,0,0,summer,13476,,,,
NYC,hour,2023-07-31 18:00:00,2023-07-31,18,0,0,summer,13373,,,,
NYC,hour,2023-07-31 19:00:00,2023-07-31,19,0,0,summer,10546,,,,
NYC,hour,2023-07-31 20:00:00,2023-07-31,20,0,0,summer,7771,,,,
NYC,hour,2023-07-31 21:00:00,2023-07-31,21,0,0,summer,5513,,,,
NYC,hour,2023-07-31 22:00:00,2023-07-31,22,0,0,summer,4044,,,,
NYC,hour,2023-07-31 23:00:00,2023-07-31,23,0,0,summer,2550,,,,
NYC,hour,2023-08-01 00:00:00,2023-08-01,0,1,0,summer,1406,,,,
NYC,hour,2023-08-01 01:00:00,2023-08-01,1,1,0,summer,694,,,,
NYC,hour,2023-08-01 02:00:00,2023-08-01,2,1,0,summer,420,,,,
NYC,hour,2023-08-01 03:00:00,2023-08-01,3,1,0,summer,262,,,,
NYC,hour,2023-08-01 04:00:00,2023-08-01,4,1,0,summer,291,,,,
NYC,hour,2023-08-01 05:00:00,2023-08-01,5,1,0,summer,1064,,,,
NYC,hour,2023-08-01 06:00:00,2023-08-01,6,1,0,summer,3510,,,,
NYC,hour,2023-08-01 07:00:00,2023-08-01,7,1,0,summer,6266,,,,
NYC,hour,2023-08-01 08:00:00,2023-08-01,8,1,0,summer,10336,,,,
NYC,hour,2023-08-01 09:00:00,2023-08-01,9,1,0,summer,7955,,,,
NYC,hour,2023-08-01 10:00:00,2023-08-01,10,1,0,summer,5429,,,,
NYC,hour,2023-08-01 11:00:00,2023-08-01,11,1,0,summer,5320,,,,
NYC,hour,2023-08-01 12:00:00,2023-08-01,12,1,0,summer,6178,,,,
NYC,hour,2023-08-01 13:00:00,2023-08-01,13,1,0,summer,6679,,,,
NYC,hour,2023-08-01 14:00:00,2023-08-01,14,1,0,summer,7076,,,,
NYC,hour,2023-08-01 15:00:00,2023-08-01,15,1,0,summer,7812,,,,
NYC,hour,2023-08-01 16:00:00,2023-08-01,16,1,0,summer,9760,,,,
NYC,hour,2023-08-01 17:00:00,2023-08-01,17,1,0,summer,14831,,,,
NYC,hour,2023-08-01 18:00:00,2023-08-01,18,1,0,summer,14406,,,,
NYC,hour,2023-08-01 19:00:00,2023-08-01,19,1,0,summer,11045,,,,
NYC,hour,2023-08-01 20:00:00,2023-08-01,20,1,0,summer,8208,,,,
NYC,hour,2023-08-01 21:00:00,2023-08-01,21,1,0,summer,6057,,,,
NYC,hour,2023-08-01 22:00:00,2023-08-01,22,1,0,summer,4645,,,,
NYC,hour,2023-08-01 23:00:00,2023-08-01,23,1,0,summer,3069,,,,
NYC,hour,2023-08-02 00:00:00,2023-08-02,0,2,0,summer,1790,,,,
NYC,hour,2023-08-02 01:00:00,2023-08-02,1,2,0,summer,828,,,,
NYC,hour,2023-08-02 02:00:00,2023-08-02,2,2,0,summer,505,,,,
NYC,hour,2023-08-02 03:00:00,2023-08-02,3,2,0,summer,303,,,,
NYC,hour,2023-08-02 04:00:00,2023-08-02,4,2,0,summer,355,,,,
NYC,hour,2023-08-02 05:00:00,2023-08-02,5,2,0,summer,1199,,,,
NYC,hour,2023-08-02 06:00:00,2023-08-02,6,2,0,summer,3378,,,,
NYC,hour,2023-08-02 07:00:00,2023-08-02,7,2,0,summer,6350,,,,
NYC,hour,2023-08-02 08:00:00,2023-08-02,8,2,0,summer,9987,,,,
NYC,hour,2023-08-02 09:00:00,2023-08-02,9,2,0,summer,7962,,,,
NYC,hour,2023-08-02 10:00:00,2023-08-02,10,2,0,summer,5504,,,,
NYC,hour,2023-08-02 11:00:00,2023-08-02,11,2,0,summer,5595,,,,
NYC,hour,2023-08-02 12:00:00,2023-08-02,12,2,0,summer,6410,,,,
NYC,hour,2023-08-02 13:00:00,2023-08-02,13,2,0,summer,6650,,,,
NYC,hour,2023-08-02 14:00:00,2023-08-02,14,2,0,summer,6938,,,,
NYC,hour,2023-08-02 15:00:00,2023-08-02,15,2,0,summer,7654,,,,
NYC,hour,2023-08-02 16:00:00,2023-08-02,16,2,0,summer,9696,,,,
NYC,hour,2023-08-02 17:00:00,2023-08-02,17,2,0,summer,14639,,,,
NYC,hour,2023-08-02 18:00:00,2023-08-02,18,2,0,summer,14759,,,,
NYC,hour,2023-08-02 19:00:00,2023-08-02,19,2,0,summer,11565,,,,
NYC,hour,2023-08-02 20:00:00,2023-08-02,20,2,0,summer,8279,,,,
NYC,hour,2023-08-02 21:00:00,2023-08-02,21,2,0,summer,6245,,,,
NYC,hour,2023-08-02 22:00:00,2023-08-02,22,2,0,summer,5141,,,,
NYC,hour,2023-08-02 23:00:00,2023-08-02,23,2,0,summer,3299,,,,
NYC,hour,2023-08-03 00:00:00,2023-08-03,0,3,0,summer,1872,,,,
NYC,hour,2023-08-03 01:00:00,2023-08-03,1,3,0,summer,1026,,,,
NYC,hour,2023-08-03 02:00:00,2023-08-03,2,3,0,summer,539,,,,
NYC,hour,2023-08-03 03:00:00,2023-08-03,3,3,0,summer,317,,,,
NYC,hour,2023-08-03 04:00:00,2023-08-03,4,3,0,summer,368,,,,
NYC,hour,2023-08-03 05:00:00,2023-08-03,5,3,0,summer,1084,,,,
NYC,hour,2023-08-03 06:00:00,2023-08-03,6,3,0,summer,3251,,,,
NYC,hour,2023-08-03 07:00:00,2023-08-03,7,3,0,summer,5934,,,,
NYC,hour,2023-08-03 08:00:00,2023-08-03,8,3,0,summer,9627,,,,
NYC,hour,2023-08-03 09:00:00,2023-08-03,9,3,0,summer,7550,,,,
NYC,hour,2023-08-03 10:00:00,2023-08-03,10,3,0,summer,5746,,,,
NYC,hour,2023-08-03 11:00:00,2023-08-03,11,3,0,summer,5608,,,,
NYC,hour,2023-08-03 12:00:00,2023-08-03,12,3,0,summer,6471,,,,
NYC,hour,2023-08-03 13:00:00,2023-08-03,13,3,0,summer,6476,,,,
NYC,hour,2023-08-03 14:00:00,2023-08-03,14,3,0,summer,6910,,,,
NYC,hour,2023-08-03 15:00:00,2023-08-03,15,3,0,summer,7741,,,,
NYC,hour,2023-08-03 16:00:00,2023-08-03,16,3,0,summer,9647,,,,
NYC,hour,2023-08-03 17:00:00,2023-08-03,17,3,0,summer,13992,,,,
NYC,hour,2023-08-03 18:00:00,2023-08-03,18,3,0,summer,13934,,,,
NYC,hour,2023-08-03 19:00:00,2023-08-03,19,3,0,summer,10680,,,,
NYC,hour,2023-08-03 20:00:00,2023-08-03,20,3,0,summer,7613,,,,
NYC,hour,2023-08-03 21:00:00,2023-08-03,21,3,0,summer,5716,,,,
NYC,hour,2023-08-03 22:00:00,2023-08-03,22,3,0,summer,4757,,,,
NYC,hour,2023-08-03 23:00:00,2023-08-03,23,3,0,summer,3525,,,,
NYC,hour,2023-08-04 00:00:00,2023-08-04,0,4,0,summer,2200,,,,
NYC,hour,2023-08-04 01:00:00,2023-08-04,1,4,0,summer,1191,,,,
NYC,hour,2023-08-04 02:00:00,2023-08-04,2,4,0,summer,679,,,,
NYC,hour,2023-08-04 03:00:00,2023-08-04,3,4,0,summer,512,,,,
NYC,hour,2023-08-04 04:00:00,2023-08-04,4,4,0,summer,428,,,,
NYC,hour,2023-08-04 05:00:00,2023-08-04,5,4,0,summer,955,,,,
NYC,hour,2023-08-04 06:00:00,2023-08-04,6,4,0,summer,2658,,,,
NYC,hour,2023-08-04 07:00:00,2023-08-04,7,4,0,summer,4707,,,,
NYC,hour,2023-08-04 08:00:00,2023-08-04,8,4,0,summer,6978,,,,
NYC,hour,2023-08-04 09:00:00,2023-08-04,9,4,0,summer,6596,,,,
NYC,hour,2023-08-04 10:00:00,2023-08-04,10,4,0,summer,5490,,,,
NYC,hour,2023-08-04 11:00:00,2023-08-04,11,4,0,summer,5769,,,,
NYC,hour,2023-08-04 12:00:00,2023-08-04,12,4,0,summer,6741,,,,
NYC,hour,2023-08-04 13:00:00,2023-08-04,13,4,0,summer,6885,,,,
NYC,hour,2023-08-04 14:00:00,2023-08-04,14,4,0,summer,7641,,,,
NYC,hour,2023-08-04 15:00:00,2023-08-04,15,4,0,summer,8508,,,,
NYC,hour,2023-08-04 16:00:00,2023-08-04,16,4,0,summer,10034,,,,
NYC,hour,2023-08-04 17:00:00,2023-08-04,17,4,0,summer,11700,,,,
NYC,hour,2023-08-04 18:00:00,2023-08-04,18,4,0,summer,10814,,,,
NYC,hour,2023-08-04 19:00:00,2023-08-04,19,4,0,summer,8778,,,,
NYC,hour,2023-08-04 20:00:00,2023-08-04,20,4,0,summer,6269,,,,
NYC,hour,2023-08-04 21:00:00,2023-08-04,21,4,0,summer,5146,,,,
NYC,hour,2023-08-04 22:00:00,2023-08-04,22,4,0,summer,4483,,,,
NYC,hour,2023-08-04 23:00:00,2023-08-04,23,4,0,summer,3740,,,,
NYC,hour,2023-08-05 00:00:00,2023-08-05,0,5,1,summer,2865,,,,
NYC,hour,2023-08-05 01:00:00,2023-08-05,1,5,1,summer,2178,,,,
NYC,hour,2023-08-05 02:00:00,2023-08-05,2,5,1,summer,1532,,,,
NYC,hour,2023-08-05 03:00:00,2023-08-05,3,5,1,summer,944,,,,
NYC,hour,2023-08-05 04:00:00,2023-08-05,4,5,1,summer,618,,,,
NYC,hour,2023-08-05 05:00:00,2023-08-05,5,5,1,summer,461,,,,
NYC,hour,2023-08-05 06:00:00,2023-08-05,6,5,1,summer,1159,,,,
NYC,hour,2023-08-05 07:00:00,2023-08-05,7,5,1,summer,2415,,,,
NYC,hour,2023-08-05 08:00:00,2023-08-05,8,5,1,summer,4088,,,,
NYC,hour,2023-08-05 09:00:00,2023-08-05,9,5,1,summer,6405,,,,
NYC,hour,2023-08-05 10:00:00,2023-08-05,10,5,1,summer,8599,,,,
NYC,hour,2023-08-05 11:00:00,2023-08-05,11,5,1,summer,10239,,,,
NYC,hour,2023-08-05 12:00:00,2023-08-05,12,5,1,summer,10829,,,,
NYC,hour,2023-08-05 13:00:00,2023-08-05,13,5,1,summer,10079,,,,
NYC,hour,2023-08-05 14:00:00,2023-08-05,14,5,1,summer,9913,,,,
NYC,hour,2023-08-05 15:00:00,2023-08-05,15,5,1,summer,10044,,,,
NYC,hour,2023-08-05 16:00:00,2023-08-05,16,5,1,summer,9882,,,,
NYC,hour,2023-08-05 17:00:00,2023-08-05,17,5,1,summer,9432,,,,
NYC,hour,2023-08-05 18:00:00,2023-08-05,18,5,1,summer,8922,,,,
NYC,hour,2023-08-05 19:00:00,2023-08-05,19,5,1,summer,8132,,,,
NYC,hour,2023-08-05 20:00:00,2023-08-05,20,5,1,summer,6442,,,,
NYC,hour,2023-08-05 21:00:00,2023-08-05,21,5,1,summer,5222,,,,
NYC,hour,2023-08-05 22:00:00,2023-08-05,22,5,1,summer,4489,,,,
NYC,hour,2023-08-05 23:00:00,2023-08-05,23,5,1,summer,3652,,,,
NYC,hour,2023-08-06 00:00:00,2023-08-06,0,6,1,summer,2890,,,,
NYC,hour,2023-08-06 01:00:00,2023-08-06,1,6,1,summer,2306,,,,
NYC,hour,2023-08-06 02:00:00,2023-08-06,2,6,1,summer,1466,,,,
NYC,hour,2023-08-06 03:00:00,2023-08-06,3,6,1,summer,880,,,,
NYC,hour,2023-08-06 04:00:00,2023-08-06,4,6,1,summer,642,,,,
NYC,hour,2023-08-06 05:00:00,2023-08-06,5,6,1,summer,475,,,,
NYC,hour,2023-08-06 06:00:00,2023-08-06,6,6,1,summer,901,,,,
NYC,hour,2023-08-06 07:00:00,2023-08-06,7,6,1,summer,1662,,,,
NYC,hour,2023-08-06 08:00:00,2023-08-06,8,6,1,summer,2821,,,,
NYC,hour,2023-08-06 09:00:00,2023-08-06,9,6,1,summer,4594,,,,
NYC,hour,2023-08-06 10:00:00,2023-08-06,10,6,1,summer,6277,,,,
NYC,hour,2023-08-06 11:00:00,2023-08-06,11,6,1,summer,7601,,,,
NYC,hour,2023-08-06 12:00:00,2023-08-06,12,6,1,summer,8388,,,,
NYC,hour,2023-08-06 13:00:00,2023-08-06,13,6,1,summer,9164,,,,
NYC,hour,2023-08-06 14:00:00,2023-08-06,14,6,1,summer,9310,,,,
NYC,hour,2023-08-06 15:00:00,2023-08-06,15,6,1,summer,9902,,,,
NYC,hour,2023-08-06 16:00:00,2023-08-06,16,6,1,summer,9868,,,,
NYC,hour,2023-08-06 17:00:00,2023-08-06,17,6,1,summer,9912,,,,
NYC,hour,2023-08-06 18:00:00,2023-08-06,18,6,1,summer,9519,,,,
NYC,hour,2023-08-06 19:00:00,2023-08-06,19,6,1,summer,8450,,,,
NYC,hour,2023-08-06 20:00:00,2023-08-06,20,6,1,summer,6507,,,,
NYC,hour,2023-08-06 21:00:00,2023-08-06,21,6,1,summer,4621,,,,
NYC,hour,2023-08-06 22:00:00,2023-08-06,22,6,1,summer,3606,,,,
NYC,hour,2023-08-06 23:00:00,2023-08-06,23,6,1,summer,2411,,,,
NYC,hour,2023-08-07 00:00:00,2023-08-07,0,0,0,summer,1489,,,,
NYC,hour,2023-08-07 01:00:00,2023-08-07,1,0,0,summer,812,,,,
NYC,hour,2023-08-07 02:00:00,2023-08-07,2,0,0,summer,458,,,,
NYC,hour,2023-08-07 03:00:00,2023-08-07,3,0,0,summer,242,,,,
NYC,hour,2023-08-07 04:00:00,2023-08-07,4,0,0,summer,216,,,,
NYC,hour,2023-08-07 05:00:00,2023-08-07,5,0,0,summer,251,,,,
NYC,hour,2023-08-07 06:00:00,2023-08-07,6,0,0,summer,538,,,,
NYC,hour,2023-08-07 07:00:00,2023-08-07,7,0,0,summer,2447,,,,
NYC,hour,2023-08-07 08:00:00,2023-08-07,8,0,0,summer,5361,,,,
NYC,hour,2023-08-07 09:00:00,2023-08-07,9,0,0,summer,4935,,,,
NYC,hour,2023-08-07 10:00:00,2023-08-07,10,0,0,summer,3607,,,,
NYC,hour,2023-08-07 11:00:00,2023-08-07,11,0,0,summer,3920,,,,
NYC,hour,2023-08-07 12:00:00,2023-08-07,12,0,0,summer,5342,,,,
NYC,hour,2023-08-07 13:00:00,2023-08-07,13,0,0,summer,5747,,,,
NYC,hour,2023-08-07 14:00:00,2023-08-07,14,0,0,summer,6121,,,,
NYC,hour,2023-08-07 15:00:00,2023-08-07,15,0,0,summer,7005,,,,
NYC,hour,2023-08-07 16:00:00,2023-08-07,16,0,0,summer,8607,,,,
NYC,hour,2023-08-07 17:00:00,2023-08-07,17,0,0,summer,12018,,,,
NYC,hour,2023-08-07 18:00:00,2023-08-07,18,0,0,summer,11829,,,,
NYC,hour,2023-08-07 19:00:00,2023-08-07,19,0,0,summer,9183,,,,
NYC,hour,2023-08-07 20:00:00,2023-08-07,20,0,0,summer,4632,,,,
NYC,hour,2023-08-07 21:00:00,2023-08-07,21,0,0,summer,1306,,,,
NYC,hour,2023-08-07 22:00:00,2023-08-07,22,0,0,summer,1904,,,,
NYC,hour,2023-08-07 23:00:00,2023-08-07,23,0,0,summer,1606,,,,
NYC,hour,2023-08-08 00:00:00,2023-08-08,0,1,0,summer,1065,,,,
NYC,hour,2023-08-08 01:00:00,2023-08-08,1,1,0,summer,525,,,,
NYC,hour,2023-08-08 02:00:00,2023-08-08,2,1,0,summer,399,,,,
NYC,hour,2023-08-08 03:00:00,2023-08-08,3,1,0,summer,247,,,,
NYC,hour,2023-08-08 04:00:00,2023-08-08,4,1,0,summer,322,,,,
NYC,hour,2023-08-08 05:00:00,2023-08-08,5,1,0,summer,1094,,,,
NYC,hour,2023-08-08 06:00:00,2023-08-08,6,1,0,summer,3287,,,,
NYC,hour,2023-08-08 07:00:00,2023-08-08,7,1,0,summer,5838,,,,
NYC,hour,2023-08-08 08:00:00,2023-08-08,8,1,0,summer,9578,,,,
NYC,hour,2023-08-08 09:00:00,2023-08-08,9,1,0,summer,7065,,,,
NYC,hour,2023-08-08 10:00:00,2023-08-08,10,1,0,summer,4675,,,,
NYC,hour,2023-08-08 11:00:00,2023-08-08,11,1,0,summer,5130,,,,
NYC,hour,2023-08-08 12:00:00,2023-08-08,12,1,0,summer,5835,,,,
NYC,hour,2023-08-08 13:00:00,2023-08-08,13,1,0,summer,6361,,,,
NYC,hour,2023-08-08 14:00:00,2023-08-08,14,1,0,summer,6793,,,,
NYC,hour,2023-08-08 15:00:00,2023-08-08,15,1,0,summer,7242,,,,
NYC,hour,2023-08-08 16:00:00,2023-08-08,16,1,0,summer,9376,,,,
NYC,hour,2023-08-08 17:00:00,2023-08-08,17,1,0,summer,14034,,,,
NYC,hour,2023-08-08 18:00:00,2023-08-08,18,1,0,summer,13770,,,,
NYC,hour,2023-08-08 19:00:00,2023-08-08,19,1,0,summer,10723,,,,
NYC,hour,2023-08-08 20:00:00,2023-08-08,20,1,0,summer,7783,,,,
NYC,hour,2023-08-08 21:00:00,2023-08-08,21,1,0,summer,5615,,,,
NYC,hour,2023-08-08 22:00:00,2023-08-08,22,1,0,summer,4348,,,,
NYC,hour,2023-08-08 23:00:00,2023-08-08,23,1,0,summer,2695,,,,
NYC,hour,2023-08-09 00:00:00,2023-08-09,0,2,0,summer,1586,,,,
NYC,hour,2023-08-09 01:00:00,2023-08-09,1,2,0,summer,825,,,,
NYC,hour,2023-08-09 02:00:00,2023-08-09,2,2,0,summer,448,,,,
NYC,hour,2023-08-09 03:00:00,2023-08-09,3,2,0,summer,286,,,,
NYC,hour,2023-08-09 04:00:00,2023-08-09,4,2,0,summer,329,,,,
NYC,hour,2023-08-09 05:00:00,2023-08-09,5,2,0,summer,1104,,,,
NYC,hour,2023-08-09 06:00:00,2023-08-09,6,2,0,summer,3428,,,,
NYC,hour,2023-08-09 07:00:00,2023-08-09,7,2,0,summer,6167,,,,
NYC,hour,2023-08-09 08:00:00,2023-08-09,8,2,0,summer,9899,,,,
NYC,hour,2023-08-09 09:00:00,2023-08-09,9,2,0,summer,7754,,,,
NYC,hour,2023-08-09 10:00:00,2023-08-09,10,2,0,summer,5675,,,,
NYC,hour,2023-08-09 11:00:00,2023-08-09,11,2,0,summer,5587,,,,
NYC,hour,2023-08-09 12:00:00,2023-08-09,12,2,0,summer,6358,,,,
NYC,hour,2023-08-09 13:00:00,2023-08-09,13,2,0,summer,6642,,,,
NYC,hour,2023-08-09 14:00:00,2023-08-09,14,2,0,summer,6590,,,,
NYC,hour,2023-08-09 15:00:00,2023-08-09,15,2,0,summer,7385,,,,
NYC,hour,2023-08-09 16:00:00,2023-08-09,16,2,0,summer,9605,,,,
NYC,hour,2023-08-09 17:00:00,2023-08-09,17,2,0,summer,14483,,,,
NYC,hour,2023-08-09 18:00:00,2023-08-09,18,2,0,summer,14326,,,,
NYC,hour,2023-08-09 19:00:00,2023-08-09,19,2,0,summer,11033,,,,
NYC,hour,2023-08-09 20:00:00,2023-08-09,20,2,0,summer,7954,,,,
NYC,hour,2023-08-09 21:00:00,2023-08-09,21,2,0,summer,6097,,,,
NYC,hour,2023-08-09 22:00:00,2023-08-09,22,2,0,summer,4851,,,,
NYC,hour,2023-08-09 23:00:00,2023-08-09,23,2,0,summer,3258,,,,
NYC,hour,2023-08-10 00:00:00,2023-08-10,0,3,0,summer,1756,,,,
NYC,hour,2023-08-10 01:00:00,2023-08-10,1,3,0,summer,962,,,,
NYC,hour,2023-08-10 02:00:00,2023-08-10,2,3,0,summer,603,,,,
NYC,hour,2023-08-10 03:00:00,2023-08-10,3,3,0,summer,321,,,,
NYC,hour,2023-08-10 04:00:00,2023-08-10,4,3,0,summer,341,,,,
NYC,hour,2023-08-10 05:00:00,2023-08-10,5,3,0,summer,1015,,,,
NYC,hour,2023-08-10 06:00:00,2023-08-10,6,3,0,summer,3135,,,,
NYC,hour,2023-08-10 07:00:00,2023-08-10,7,3,0,summer,5884,,,,
NYC,hour,2023-08-10 08:00:00,2023-08-10,8,3,0,summer,9293,,,,
NYC,hour,2023-08-10 09:00:00,2023-08-10,9,3,0,summer,7580,,,,
NYC,hour,2023-08-10 10:00:00,2023-08-10,10,3,0,summer,5593,,,,
NYC,hour,2023-08-10 11:00:00,2023-08-10,11,3,0,summer,5593,,,,
NYC,hour,2023-08-10 12:00:00,2023-08-10,12,3,0,summer,5650,,,,
NYC,hour,2023-08-10 13:00:00,2023-08-10,13,3,0,summer,3664,,,,
NYC,hour,2023-08-10 14:00:00,2023-08-10,14,3,0,summer,4368,,,,
NYC,hour,2023-08-10 15:00:00,2023-08-10,15,3,0,summer,2033,,,,
NYC,hour,2023-08-10 16:00:00,2023-08-10,16,3,0,summer,1794,,,,
NYC,hour,2023-08-10 17:00:00,2023-08-10,17,3,0,summer,4618,,,,
NYC,hour,2023-08-10 18:00:00,2023-08-10,18,3,0,summer,6483,,,,
NYC,hour,2023-08-10 19:00:00,2023-08-10,19,3,0,summer,4096,,,,
NYC,hour,2023-08-10 20:00:00,2023-08-10,20,3,0,summer,5010,,,,
NYC,hour,2023-08-10 21:00:00,2023-08-10,21,3,0,summer,4058,,,,
NYC,hour,2023-08-10 22:00:00,2023-08-10,22,3,0,summer,3731,,,,
NYC,hour,2023-08-10 23:00:00,2023-08-10,23,3,0,summer,2872,,,,
NYC,hour,2023-08-11 00:00:00,2023-08-11,0,4,0,summer,1855,,,,
NYC,hour,2023-08-11 01:00:00,2023-08-11,1,4,0,summer,1123,,,,
NYC,hour,2023-08-11 02:00:00,2023-08-11,2,4,0,summer,719,,,,
NYC,hour,2023-08-11 03:00:00,2023-08-11,3,4,0,summer,439,,,,
NYC,hour,2023-08-11 04:00:00,2023-08-11,4,4,0,summer,364,,,,
NYC,hour,2023-08-11 05:00:00,2023-08-11,5,4,0,summer,1014,,,,
NYC,hour,2023-08-11 06:00:00,2023-08-11,6,4,0,summer,2771,,,,
NYC,hour,2023-08-11 07:00:00,2023-08-11,7,4,0,summer,4726,,,,
NYC,hour,2023-08-11 08:00:00,2023-08-11,8,4,0,summer,7198,,,,
NYC,hour,2023-08-11 09:00:00,2023-08-11,9,4,0,summer,6539,,,,
NYC,hour,2023-08-11 10:00:00,2023-08-11,10,4,0,summer,5812,,,,
NYC,hour,2023-08-11 11:00:00,2023-08-11,11,4,0,summer,6082,,,,
NYC,hour,2023-08-11 12:00:00,2023-08-11,12,4,0,summer,7222,,,,
NYC,hour,2023-08-11 13:00:00,2023-08-11,13,4,0,summer,7823,,,,
NYC,hour,2023-08-11 14:00:00,2023-08-11,14,4,0,summer,8089,,,,
NYC,hour,2023-08-11 15:00:00,2023-08-11,15,4,0,summer,8767,,,,
NYC,hour,2023-08-11 16:00:00,2023-08-11,16,4,0,summer,10559,,,,
NYC,hour,2023-08-11 17:00:00,2023-08-11,17,4,0,summer,12237,,,,
NYC,hour,2023-08-11 18:00:00,2023-08-11,18,4,0,summer,11730,,,,
NYC,hour,2023-08-11 19:00:00,2023-08-11,19,4,0,summer,9851,,,,
NYC,hour,2023-08-11 20:00:00,2023-08-11,20,4,0,summer,7276,,,,
NYC,hour,2023-08-11 21:00:00,2023-08-11,21,4,0,summer,5503,,,,
NYC,hour,2023-08-11 22:00:00,2023-08-11,22,4,0,summer,5057,,,,
NYC,hour,2023-08-11 23:00:00,2023-08-11,23,4,0,summer,4009,,,,
NYC,hour,2023-08-12 00:00:00,2023-08-12,0,5,1,summer,3135,,,,
NYC,hour,2023-08-12 01:00:00,2023-08-12,1,5,1,summer,2229,,,,
NYC,hour,2023-08-12 02:00:00,2023-08-12,2,5,1,summer,1596,,,,
NYC,hour,2023-08-12 03:00:00,2023-08-12,3,5,1,summer,996,,,,
NYC,hour,2023-08-12 04:00:00,2023-08-12,4,5,1,summer,664,,,,
NYC,hour,2023-08-12 05:00:00,2023-08-12,5,5,1,summer,537,,,,
NYC,hour,2023-08-12 06:00:00,2023-08-12,6,5,1,summer,1248,,,,
NYC,hour,2023-08-12 07:00:00,2023-08-12,7,5,1,summer,2541,,,,
NYC,hour,2023-08-12 08:00:00,2023-08-12,8,5,1,summer,4105,,,,
NYC,hour,2023-08-12 09:00:00,2023-08-12,9,5,1,summer,6924,,,,
NYC,hour,2023-08-12 10:00:00,2023-08-12,10,5,1,summer,9603,,,,
NYC,hour,2023-08-12 11:00:00,2023-08-12,11,5,1,summer,10539,,,,
NYC,hour,2023-08-12 12:00:00,2023-08-12,12,5,1,summer,10730,,,,
NYC,hour,2023-08-12 13:00:00,2023-08-12,13,5,1,summer,9489,,,,
NYC,hour,2023-08-12 14:00:00,2023-08-12,14,5,1,summer,8889,,,,
NYC,hour,2023-08-12 15:00:00,2023-08-12,15,5,1,summer,7709,,,,
NYC,hour,2023-08-12 16:00:00,2023-08-12,16,5,1,summer,8608,,,,
NYC,hour,2023-08-12 17:00:00,2023-08-12,17,5,1,summer,8948,,,,
NYC,hour,2023-08-12 18:00:00,2023-08-12,18,5,1,summer,8435,,,,
NYC,hour,2023-08-12 19:00:00,2023-08-12,19,5,1,summer,7960,,,,
NYC,hour,2023-08-12 20:00:00,2023-08-12,20,5,1,summer,5886,,,,
NYC,hour,2023-08-12 21:00:00,2023-08-12,21,5,1,summer,4638,,,,
NYC,hour,2023-08-12 22:00:00,2023-08-12,22,5,1,summer,4190,,,,
NYC,hour,2023-08-12 23:00:00,2023-08-12,23,5,1,summer,3710,,,,
NYC,hour,2023-08-13 00:00:00,2023-08-13,0,6,1,summer,2855,,,,
NYC,hour,2023-08-13 01:00:00,2023-08-13,1,6,1,summer,1671,,,,
NYC,hour,2023-08-13 02:00:00,2023-08-13,2,6,1,summer,455,,,,
NYC,hour,2023-08-13 03:00:00,2023-08-13,3,6,1,summer,336,,,,
NYC,hour,2023-08-13 04:00:00,2023-08-13,4,6,1,summer,415,,,,
NYC,hour,2023-08-13 05:00:00,2023-08-13,5,6,1,summer,370,,,,
NYC,hour,2023-08-13 06:00:00,2023-08-13,6,6,1,summer,905,,,,
NYC,hour,2023-08-13 07:00:00,2023-08-13,7,6,1,summer,1581,,,,
NYC,hour,2023-08-13 08:00:00,2023-08-13,8,6,1,summer,2605,,,,
NYC,hour,2023-08-13 09:00:00,2023-08-13,9,6,1,summer,4384,,,,
NYC,hour,2023-08-13 10:00:00,2023-08-13,10,6,1,summer,6037,,,,
NYC,hour,2023-08-13 11:00:00,2023-08-13,11,6,1,summer,7449,,,,
NYC,hour,2023-08-13 12:00:00,2023-08-13,12,6,1,summer,8197,,,,
NYC,hour,2023-08-13 13:00:00,2023-08-13,13,6,1,summer,8832,,,,
NYC,hour,2023-08-13 14:00:00,2023-08-13,14,6,1,summer,9278,,,,
NYC,hour,2023-08-13 15:00:00,2023-08-13,15,6,1,summer,9273,,,,
NYC,hour,2023-08-13 16:00:00,2023-08-13,16,6,1,summer,9248,,,,
NYC,hour,2023-08-13 17:00:00,2023-08-13,17,6,1,summer,9261,,,,
NYC,hour,2023-08-13 18:00:00,2023-08-13,18,6,1,summer,9201,,,,
NYC,hour,2023-08-13 19:00:00,2023-08-13,19,6,1,summer,8383,,,,
NYC,hour,2023-08-13 20:00:00,2023-08-13,20,6,1,summer,6293,,,,
NYC,hour,2023-08-13 21:00:00,2023-08-13,21,6,1,summer,4721,,,,
NYC,hour,2023-08-13 22:00:00,2023-08-13,22,6,1,summer,3603,,,,
NYC,hour,2023-08-13 23:00:00,2023-08-13,23,6,1,summer,2497,,,,
NYC,hour,2023-08-14 00:00:00,2023-08-14,0,0,0,summer,1535,,,,
NYC,hour,2023-08-14 01:00:00,2023-08-14,1,0,0,summer,852,,,,
NYC,hour,2023-08-14 02:00:00,2023-08-14,2,0,0,summer,564,,,,
NYC,hour,2023-08-14 03:00:00,2023-08-14,3,0,0,summer,357,,,,
NYC,hour,2023-08-14 04:00:00,2023-08-14,4,0,0,summer,355,,,,
NYC,hour,2023-08-14 05:00:00,2023-08-14,5,0,0,summer,1115,,,,
NYC,hour,2023-08-14 06:00:00,2023-08-14,6,0,0,summer,3068,,,,
NYC,hour,2023-08-14 07:00:00,2023-08-14,7,0,0,summer,5280,,,,
NYC,hour,2023-08-14 08:00:00,2023-08-14,8,0,0,summer,7981,,,,
NYC,hour,2023-08-14 09:00:00,2023-08-14,9,0,0,summer,6401,,,,
NYC,hour,2023-08-14 10:00:00,2023-08-14,10,0,0,summer,4726,,,,
NYC,hour,2023-08-14 11:00:00,2023-08-14,11,0,0,summer,4966,,,,
NYC,hour,2023-08-14 12:00:00,2023-08-14,12,0,0,summer,5718,,,,
NYC,hour,2023-08-14 13:00:00,2023-08-14,13,0,0,summer,6210,,,,
NYC,hour,2023-08-14 14:00:00,2023-08-14,14,0,0,summer,6647,,,,
NYC,hour,2023-08-14 15:00:00,2023-08-14,15,0,0,summer,7082,,,,
NYC,hour,2023-08-14 16:00:00,2023-08-14,16,0,0,summer,8743,,,,
NYC,hour,2023-08-14 17:00:00,2023-08-14,17,0,0,summer,12742,,,,
NYC,hour,2023-08-14 18:00:00,2023-08-14,18,0,0,summer,12877,,,,
NYC,hour,2023-08-14 19:00:00,2023-08-14,19,0,0,summer,9796,,,,
NYC,hour,2023-08-14 20:00:00,2023-08-14,20,0,0,summer,6844,,,,
NYC,hour,2023-08-14 21:00:00,2023-08-14,21,0,0,summer,4421,,,,
NYC,hour,2023-08-14 22:00:00,2023-08-14,22,0,0,summer,3320,,,,
NYC,hour,2023-08-14 23:00:00,2023-08-14,23,0,0,summer,2218,,,,
NYC,hour,2023-08-15 00:00:00,2023-08-15,0,1,0,summer,1257,,,,
NYC,hour,2023-08-15 01:00:00,2023-08-15,1,1,0,summer,310,,,,
NYC,hour,2023-08-15 02:00:00,2023-08-15,2,1,0,summer,206,,,,
NYC,hour,2023-08-15 03:00:00,2023-08-15,3,1,0,summer,168,,,,
NYC,hour,2023-08-15 04:00:00,2023-08-15,4,1,0,summer,230,,,,
NYC,hour,2023-08-15 05:00:00,2023-08-15,5,1,0,summer,761,,,,
NYC,hour,2023-08-15 06:00:00,2023-08-15,6,1,0,summer,2485,,,,
NYC,hour,2023-08-15 07:00:00,2023-08-15,7,1,0,summer,5200,,,,
NYC,hour,2023-08-15 08:00:00,2023-08-15,8,1,0,summer,8511,,,,
NYC,hour,2023-08-15 09:00:00,2023-08-15,9,1,0,summer,7003,,,,
NYC,hour,2023-08-15 10:00:00,2023-08-15,10,1,0,summer,5107,,,,
NYC,hour,2023-08-15 11:00:00,2023-08-15,11,1,0,summer,5056,,,,
NYC,hour,2023-08-15 12:00:00,2023-08-15,12,1,0,summer,5808,,,,
NYC,hour,2023-08-15 13:00:00,2023-08-15,13,1,0,summer,6026,,,,
NYC,hour,2023-08-15 14:00:00,2023-08-15,14,1,0,summer,6456,,,,
NYC,hour,2023-08-15 15:00:00,2023-08-15,15,1,0,summer,7344,,,,
NYC,hour,2023-08-15 16:00:00,2023-08-15,16,1,0,summer,9196,,,,
NYC,hour,2023-08-15 17:00:00,2023-08-15,17,1,0,summer,14172,,,,
NYC,hour,2023-08-15 18:00:00,2023-08-15,18,1,0,summer,13787,,,,
NYC,hour,2023-08-15 19:00:00,2023-08-15,19,1,0,summer,10300,,,,
NYC,hour,2023-08-15 20:00:00,2023-08-15,20,1,0,summer,7540,,,,
NYC,hour,2023-08-15 21:00:00,2023-08-15,21,1,0,summer,5663,,,,
NYC,hour,2023-08-15 22:00:00,2023-08-15,22,1,0,summer,4370,,,,
NYC,hour,2023-08-15 23:00:00,2023-08-15,23,1,0,summer,2628,,,,
NYC,hour,2023-08-16 00:00:00,2023-08-16,0,2,0,summer,1643,,,,
NYC,hour,2023-08-16 01:00:00,2023-08-16,1,2,0,summer,825,,,,
NYC,hour,2023-08-16 02:00:00,2023-08-16,2,2,0,summer,497,,,,
NYC,hour,2023-08-16 03:00:00,2023-08-16,3,2,0,summer,232,,,,
NYC,hour,2023-08-16 04:00:00,2023-08-16,4,2,0,summer,140,,,,
NYC,hour,2023-08-16 05:00:00,2023-08-16,5,2,0,summer,452,,,,
NYC,hour,2023-08-16 06:00:00,2023-08-16,6,2,0,summer,2343,,,,
NYC,hour,2023-08-16 07:00:00,2023-08-16,7,2,0,summer,5296,,,,
NYC,hour,2023-08-16 08:00:00,2023-08-16,8,2,0,summer,8871,,,,
NYC,hour,2023-08-16 09:00:00,2023-08-16,9,2,0,summer,7427,,,,
NYC,hour,2023-08-16 10:00:00,2023-08-16,10,2,0,summer,5275,,,,
NYC,hour,2023-08-16 11:00:00,2023-08-16,11,2,0,summer,5452,,,,
NYC,hour,2023-08-16 12:00:00,2023-08-16,12,2,0,summer,6075,,,,
NYC,hour,2023-08-16 13:00:00,2023-08-16,13,2,0,summer,6421,,,,
NYC,hour,2023-08-16 14:00:00,2023-08-16,14,2,0,summer,6738,,,,
NYC,hour,2023-08-16 15:00:00,2023-08-16,15,2,0,summer,7735,,,,
NYC,hour,2023-08-16 16:00:00,2023-08-16,16,2,0,summer,9855,,,,
NYC,hour,2023-08-16 17:00:00,2023-08-16,17,2,0,summer,14421,,,,
NYC,hour,2023-08-16 18:00:00,2023-08-16,18,2,0,summer,14327,,,,
NYC,hour,2023-08-16 19:00:00,2023-08-16,19,2,0,summer,11201,,,,
NYC,hour,2023-08-16 20:00:00,2023-08-16,20,2,0,summer,7825,,,,
NYC,hour,2023-08-16 21:00:00,2023-08-16,21,2,0,summer,5608,,,,
NYC,hour,2023-08-16 22:00:00,2023-08-16,22,2,0,summer,4692,,,,
NYC,hour,2023-08-16 23:00:00,2023-08-16,23,2,0,summer,3246,,,,
NYC,hour,2023-08-17 00:00:00,2023-08-17,0,3,0,summer,1814,,,,
NYC,hour,2023-08-17 01:00:00,2023-08-17,1,3,0,summer,1023,,,,
NYC,hour,2023-08-17 02:00:00,2023-08-17,2,3,0,summer,552,,,,
NYC,hour,2023-08-17 03:00:00,2023-08-17,3,3,0,summer,353,,,,
NYC,hour,2023-08-17 04:00:00,2023-08-17,4,3,0,summer,368,,,,
NYC,hour,2023-08-17 05:00:00,2023-08-17,5,3,0,summer,1086,,,,
NYC,hour,2023-08-17 06:00:00,2023-08-17,6,3,0,summer,3098,,,,
NYC,hour,2023-08-17 07:00:00,2023-08-17,7,3,0,summer,5310,,,,
NYC,hour,2023-08-17 08:00:00,2023-08-17,8,3,0,summer,8201,,,,
NYC,hour,2023-08-17 09:00:00,2023-08-17,9,3,0,summer,7129,,,,
NYC,hour,2023-08-17 10:00:00,2023-08-17,10,3,0,summer,5378,,,,
NYC,hour,2023-08-17 11:00:00,2023-08-17,11,3,0,summer,5460,,,,
NYC,hour,2023-08-17 12:00:00,2023-08-17,12,3,0,summer,6336,,,,
NYC,hour,2023-08-17 13:00:00,2023-08-17,13,3,0,summer,6407,,,,
NYC,hour,2023-08-17 14:00:00,2023-08-17,14,3,0,summer,6833,,,,
NYC,hour,2023-08-17 15:00:00,2023-08-17,15,3,0,summer,7839,,,,
NYC,hour,2023-08-17 16:00:00,2023-08-17,16,3,0,summer,9506,,,,
NYC,hour,2023-08-17 17:00:00,2023-08-17,17,3,0,summer,13054,,,,
NYC,hour,2023-08-17 18:00:00,2023-08-17,18,3,0,summer,12781,,,,
NYC,hour,2023-08-17 19:00:00,2023-08-17,19,3,0,summer,9953,,,,
NYC,hour,2023-08-17 20:00:00,2023-08-17,20,3,0,summer,7068,,,,
NYC,hour,2023-08-17 21:00:00,2023-08-17,21,3,0,summer,5370,,,,
NYC,hour,2023-08-17 22:00:00,2023-08-17,22,3,0,summer,4486,,,,
NYC,hour,2023-08-17 23:00:00,2023-08-17,23,3,0,summer,3106,,,,
NYC,hour,2023-08-18 00:00:00,2023-08-18,0,4,0,summer,1973,,,,
NYC,hour,2023-08-18 01:00:00,2023-08-18,1,4,0,summer,1162,,,,
NYC,hour,2023-08-18 02:00:00,2023-08-18,2,4,0,summer,730,,,,
NYC,hour,2023-08-18 03:00:00,2023-08-18,3,4,0,summer,470,,,,
NYC,hour,2023-08-18 04:00:00,2023-08-18,4,4,0,summer,278,,,,
NYC,hour,2023-08-18 05:00:00,2023-08-18,5,4,0,summer,437,,,,
NYC,hour,2023-08-18 06:00:00,2023-08-18,6,4,0,summer,1532,,,,
NYC,hour,2023-08-18 07:00:00,2023-08-18,7,4,0,summer,2690,,,,
NYC,hour,2023-08-18 08:00:00,2023-08-18,8,4,0,summer,5636,,,,
NYC,hour,2023-08-18 09:00:00,2023-08-18,9,4,0,summer,5723,,,,
NYC,hour,2023-08-18 10:00:00,2023-08-18,10,4,0,summer,5351,,,,
NYC,hour,2023-08-18 11:00:00,2023-08-18,11,4,0,summer,5962,,,,
NYC,hour,2023-08-18 12:00:00,2023-08-18,12,4,0,summer,6840,,,,
NYC,hour,2023-08-18 13:00:00,2023-08-18,13,4,0,summer,7703,,,,
NYC,hour,2023-08-18 14:00:00,2023-08-18,14,4,0,summer,8187,,,,
NYC,hour,2023-08-18 15:00:00,2023-08-18,15,4,0,summer,9270,,,,
NYC,hour,2023-08-18 16:00:00,2023-08-18,16,4,0,summer,10397,,,,
NYC,hour,2023-08-18 17:00:00,2023-08-18,17,4,0,summer,12218,,,,
NYC,hour,2023-08-18 18:00:00,2023-08-18,18,4,0,summer,11596,,,,
NYC,hour,2023-08-18 19:00:00,2023-08-18,19,4,0,summer,9464,,,,
NYC,hour,2023-08-18 20:00:00,2023-08-18,20,4,0,summer,6806,,,,
NYC,hour,2023-08-18 21:00:00,2023-08-18,21,4,0,summer,5421,,,,
NYC,hour,2023-08-18 22:00:00,2023-08-18,22,4,0,summer,4671,,,,
NYC,hour,2023-08-18 23:00:00,2023-08-18,23,4,0,summer,3854,,,,
NYC,hour,2023-08-19 00:00:00,2023-08-19,0,5,1,summer,2970,,,,
NYC,hour,2023-08-19 01:00:00,2023-08-19,1,5,1,summer,2127,,,,
NYC,hour,2023-08-19 02:00:00,2023-08-19,2,5,1,summer,1401,,,,
NYC,hour,2023-08-19 03:00:00,2023-08-19,3,5,1,summer,861,,,,
NYC,hour,2023-08-19 04:00:00,2023-08-19,4,5,1,summer,589,,,,
NYC,hour,2023-08-19 05:00:00,2023-08-19,5,5,1,summer,524,,,,
NYC,hour,2023-08-19 06:00:00,2023-08-19,6,5,1,summer,1398,,,,
NYC,hour,2023-08-19 07:00:00,2023-08-19,7,5,1,summer,2509,,,,
NYC,hour,2023-08-19 08:00:00,2023-08-19,8,5,1,summer,4316,,,,
NYC,hour,2023-08-19 09:00:00,2023-08-19,9,5,1,summer,7009,,,,
NYC,hour,2023-08-19 10:00:00,2023-08-19,10,5,1,summer,9707,,,,
NYC,hour,2023-08-19 11:00:00,2023-08-19,11,5,1,summer,11448,,,,
NYC,hour,2023-08-19 12:00:00,2023-08-19,12,5,1,summer,11518,,,,
NYC,hour,2023-08-19 13:00:00,2023-08-19,13,5,1,summer,9946,,,,
NYC,hour,2023-08-19 14:00:00,2023-08-19,14,5,1,summer,10308,,,,
NYC,hour,2023-08-19 15:00:00,2023-08-19,15,5,1,summer,10193,,,,
NYC,hour,2023-08-19 16:00:00,2023-08-19,16,5,1,summer,10132,,,,
NYC,hour,2023-08-19 17:00:00,2023-08-19,17,5,1,summer,9976,,,,
NYC,hour,2023-08-19 18:00:00,2023-08-19,18,5,1,summer,9613,,,,
NYC,hour,2023-08-19 19:00:00,2023-08-19,19,5,1,summer,8476,,,,
NYC,hour,2023-08-19 20:00:00,2023-08-19,20,5,1,summer,6601,,,,
NYC,hour,2023-08-19 21:00:00,2023-08-19,21,5,1,summer,5133,,,,
NYC,hour,2023-08-19 22:00:00,2023-08-19,22,5,1,summer,4327,,,,
NYC,hour,2023-08-19 23:00:00,2023-08-19,23,5,1,summer,3708,,,,
NYC,hour,2023-08-20 00:00:00,2023-08-20,0,6,1,summer,2942,,,,
NYC,hour,2023-08-20 01:00:00,2023-08-20,1,6,1,summer,2300,,,,
NYC,hour,2023-08-20 02:00:00,2023-08-20,2,6,1,summer,1505,,,,
NYC,hour,2023-08-20 03:00:00,2023-08-20,3,6,1,summer,945,,,,
NYC,hour,2023-08-20 04:00:00,2023-08-20,4,6,1,summer,630,,,,
NYC,hour,2023-08-20 05:00:00,2023-08-20,5,6,1,summer,468,,,,
NYC,hour,2023-08-20 06:00:00,2023-08-20,6,6,1,summer,972,,,,
NYC,hour,2023-08-20 07:00:00,2023-08-20,7,6,1,summer,1657,,,,
NYC,hour,2023-08-20 08:00:00,2023-08-20,8,6,1,summer,2818,,,,
NYC,hour,2023-08-20 09:00:00,2023-08-20,9,6,1,summer,4210,,,,
NYC,hour,2023-08-20 10:00:00,2023-08-20,10,6,1,summer,5898,,,,
NYC,hour,2023-08-20 11:00:00,2023-08-20,11,6,1,summer,7603,,,,
NYC,hour,2023-08-20 12:00:00,2023-08-20,12,6,1,summer,8302,,,,
NYC,hour,2023-08-20 13:00:00,2023-08-20,13,6,1,summer,8899,,,,
NYC,hour,2023-08-20 14:00:00,2023-08-20,14,6,1,summer,9606,,,,
NYC,hour,2023-08-20 15:00:00,2023-08-20,15,6,1,summer,9519,,,,
NYC,hour,2023-08-20 16:00:00,2023-08-20,16,6,1,summer,9629,,,,
NYC,hour,2023-08-20 17:00:00,2023-08-20,17,6,1,summer,9390,,,,
NYC,hour,2023-08-20 18:00:00,2023-08-20,18,6,1,summer,9000,,,,
NYC,hour,2023-08-20 19:00:00,2023-08-20,19,6,1,summer,7785,,,,
NYC,hour,2023-08-20 20:00:00,2023-08-20,20,6,1,summer,5662,,,,
NYC,hour,2023-08-20 21:00:00,2023-08-20,21,6,1,summer,4413,,,,
NYC,hour,2023-08-20 22:00:00,2023-08-20,22,6,1,summer,3420,,,,
NYC,hour,2023-08-20 23:00:00,2023-08-20,23,6,1,summer,2144,,,,
NYC,hour,2023-08-21 00:00:00,2023-08-21,0,0,0,summer,1418,,,,
NYC,hour,2023-08-21 01:00:00,2023-08-21,1,0,0,summer,753,,,,
NYC,hour,2023-08-21 02:00:00,2023-08-21,2,0,0,summer,494,,,,
NYC,hour,2023-08-21 03:00:00,2023-08-21,3,0,0,summer,293,,,,
NYC,hour,2023-08-21 04:00:00,2023-08-21,4,0,0,summer,344,,,,
NYC,hour,2023-08-21 05:00:00,2023-08-21,5,0,0,summer,974,,,,
NYC,hour,2023-08-21 06:00:00,2023-08-21,6,0,0,summer,2823,,,,
NYC,hour,2023-08-21 07:00:00,2023-08-21,7,0,0,summer,5161,,,,
NYC,hour,2023-08-21 08:00:00,2023-08-21,8,0,0,summer,7772,,,,
NYC,hour,2023-08-21 09:00:00,2023-08-21,9,0,0,summer,6213,,,,
NYC,hour,2023-08-21 10:00:00,2023-08-21,10,0,0,summer,4651,,,,
NYC,hour,2023-08-21 11:00:00,2023-08-21,11,0,0,summer,4996,,,,
NYC,hour,2023-08-21 12:00:00,2023-08-21,12,0,0,summer,5566,,,,
NYC,hour,2023-08-21 13:00:00,2023-08-21,13,0,0,summer,5974,,,,
NYC,hour,2023-08-21 14:00:00,2023-08-21,14,0,0,summer,6457,,,,
NYC,hour,2023-08-21 15:00:00,2023-08-21,15,0,0,summer,6816,,,,
NYC,hour,2023-08-21 16:00:00,2023-08-21,16,0,0,summer,8666,,,,
NYC,hour,2023-08-21 17:00:00,2023-08-21,17,0,0,summer,12562,,,,
NYC,hour,2023-08-21 18:00:00,2023-08-21,18,0,0,summer,12622,,,,
NYC,hour,2023-08-21 19:00:00,2023-08-21,19,0,0,summer,9977,,,,
NYC,hour,2023-08-21 20:00:00,2023-08-21,20,0,0,summer,6871,,,,
NYC,hour,2023-08-21 21:00:00,2023-08-21,21,0,0,summer,4946,,,,
NYC,hour,2023-08-21 22:00:00,2023-08-21,22,0,0,summer,3622,,,,
NYC,hour,2023-08-21 23:00:00,2023-08-21,23,0,0,summer,2356,,,,
NYC,hour,2023-08-22 00:00:00,2023-08-22,0,1,0,summer,1343,,,,
NYC,hour,2023-08-22 01:00:00,2023-08-22,1,1,0,summer,756,,,,
NYC,hour,2023-08-22 02:00:00,2023-08-22,2,1,0,summer,455,,,,
NYC,hour,2023-08-22 03:00:00,2023-08-22,3,1,0,summer,248,,,,
NYC,hour,2023-08-22 04:00:00,2023-08-22,4,1,0,summer,344,,,,
NYC,hour,2023-08-22 05:00:00,2023-08-22,5,1,0,summer,1061,,,,
NYC,hour,2023-08-22 06:00:00,2023-08-22,6,1,0,summer,3332,,,,
NYC,hour,2023-08-22 07:00:00,2023-08-22,7,1,0,summer,5926,,,,
NYC,hour,2023-08-22 08:00:00,2023-08-22,8,1,0,summer,9499,,,,
NYC,hour,2023-08-22 09:00:00,2023-08-22,9,1,0,summer,7347,,,,
NYC,hour,2023-08-22 10:00:00,2023-08-22,10,1,0,summer,5401,,,,
NYC,hour,2023-08-22 11:00:00,2023-08-22,11,1,0,summer,5405,,,,
NYC,hour,2023-08-22 12:00:00,2023-08-22,12,1,0,summer,5981,,,,
NYC,hour,2023-08-22 13:00:00,2023-08-22,13,1,0,summer,6340,,,,
NYC,hour,2023-08-22 14:00:00,2023-08-22,14,1,0,summer,6600,,,,
NYC,hour,2023-08-22 15:00:00,2023-08-22,15,1,0,summer,7618,,,,
NYC,hour,2023-08-22 16:00:00,2023-08-22,16,1,0,summer,9521,,,,
NYC,hour,2023-08-22 17:00:00,2023-08-22,17,1,0,summer,14291,,,,
NYC,hour,2023-08-22 18:00:00,2023-08-22,18,1,0,summer,14208,,,,
NYC,hour,2023-08-22 19:00:00,2023-08-22,19,1,0,summer,10602,,,,
NYC,hour,2023-08-22 20:00:00,2023-08-22,20,1,0,summer,7759,,,,
NYC,hour,2023-08-22 21:00:00,2023-08-22,21,1,0,summer,5640,,,,
NYC,hour,2023-08-22 22:00:00,2023-08-22,22,1,0,summer,4444,,,,
NYC,hour,2023-08-22 23:00:00,2023-08-22,23,1,0,summer,2812,,,,
NYC,hour,2023-08-23 00:00:00,2023-08-23,0,2,0,summer,1517,,,,
NYC,hour,2023-08-23 01:00:00,2023-08-23,1,2,0,summer,855,,,,
NYC,hour,2023-08-23 02:00:00,2023-08-23,2,2,0,summer,473,,,,
NYC,hour,2023-08-23 03:00:00,2023-08-23,3,2,0,summer,296,,,,
NYC,hour,2023-08-23 04:00:00,2023-08-23,4,2,0,summer,343,,,,
NYC,hour,2023-08-23 05:00:00,2023-08-23,5,2,0,summer,1075,,,,
NYC,hour,2023-08-23 06:00:00,2023-08-23,6,2,0,summer,3276,,,,
NYC,hour,2023-08-23 07:00:00,2023-08-23,7,2,0,summer,5954,,,,
NYC,hour,2023-08-23 08:00:00,2023-08-23,8,2,0,summer,9318,,,,
NYC,hour,2023-08-23 09:00:00,2023-08-23,9,2,0,summer,7410,,,,
NYC,hour,2023-08-23 10:00:00,2023-08-23,10,2,0,summer,5395,,,,
NYC,hour,2023-08-23 11:00:00,2023-08-23,11,2,0,summer,5496,,,,
NYC,hour,2023-08-23 12:00:00,2023-08-23,12,2,0,summer,6312,,,,
NYC,hour,2023-08-23 13:00:00,2023-08-23,13,2,0,summer,6540,,,,
NYC,hour,2023-08-23 14:00:00,2023-08-23,14,2,0,summer,6848,,,,
NYC,hour,2023-08-23 15:00:00,2023-08-23,15,2,0,summer,7780,,,,
NYC,hour,2023-08-23 16:00:00,2023-08-23,16,2,0,summer,9662,,,,
NYC,hour,2023-08-23 17:00:00,2023-08-23,17,2,0,summer,14263,,,,
NYC,hour,2023-08-23 18:00:00,2023-08-23,18,2,0,summer,14088,,,,
NYC,hour,2023-08-23 19:00:00,2023-08-23,19,2,0,summer,10413,,,,
NYC,hour,2023-08-23 20:00:00,2023-08-23,20,2,0,summer,7218,,,,
NYC,hour,2023-08-23 21:00:00,2023-08-23,21,2,0,summer,5461,,,,
NYC,hour,2023-08-23 22:00:00,2023-08-23,22,2,0,summer,4578,,,,
NYC,hour,2023-08-23 23:00:00,2023-08-23,23,2,0,summer,3064,,,,
NYC,hour,2023-08-24 00:00:00,2023-08-24,0,3,0,summer,1742,,,,
NYC,hour,2023-08-24 01:00:00,2023-08-24,1,3,0,summer,947,,,,
NYC,hour,2023-08-24 02:00:00,2023-08-24,2,3,0,summer,534,,,,
NYC,hour,2023-08-24 03:00:00,2023-08-24,3,3,0,summer,399,,,,
NYC,hour,2023-08-24 04:00:00,2023-08-24,4,3,0,summer,394,,,,
NYC,hour,2023-08-24 05:00:00,2023-08-24,5,3,0,summer,978,,,,
NYC,hour,2023-08-24 06:00:00,2023-08-24,6,3,0,summer,3067,,,,
NYC,hour,2023-08-24 07:00:00,2023-08-24,7,3,0,summer,5408,,,,
NYC,hour,2023-08-24 08:00:00,2023-08-24,8,3,0,summer,8482,,,,
NYC,hour,2023-08-24 09:00:00,2023-08-24,9,3,0,summer,7024,,,,
NYC,hour,2023-08-24 10:00:00,2023-08-24,10,3,0,summer,5229,,,,
NYC,hour,2023-08-24 11:00:00,2023-08-24,11,3,0,summer,5414,,,,
NYC,hour,2023-08-24 12:00:00,2023-08-24,12,3,0,summer,5887,,,,
NYC,hour,2023-08-24 13:00:00,2023-08-24,13,3,0,summer,5635,,,,
NYC,hour,2023-08-24 14:00:00,2023-08-24,14,3,0,summer,6070,,,,
NYC,hour,2023-08-24 15:00:00,2023-08-24,15,3,0,summer,3450,,,,
NYC,hour,2023-08-24 16:00:00,2023-08-24,16,3,0,summer,3046,,,,
NYC,hour,2023-08-24 17:00:00,2023-08-24,17,3,0,summer,7573,,,,
NYC,hour,2023-08-24 18:00:00,2023-08-24,18,3,0,summer,9002,,,,
NYC,hour,2023-08-24 19:00:00,2023-08-24,19,3,0,summer,6465,,,,
NYC,hour,2023-08-24 20:00:00,2023-08-24,20,3,0,summer,4615,,,,
NYC,hour,2023-08-24 21:00:00,2023-08-24,21,3,0,summer,4139,,,,
NYC,hour,2023-08-24 22:00:00,2023-08-24,22,3,0,summer,3657,,,,
NYC,hour,2023-08-24 23:00:00,2023-08-24,23,3,0,summer,2656,,,,
NYC,hour,2023-08-25 00:00:00,2023-08-25,0,4,0,summer,1797,,,,
NYC,hour,2023-08-25 01:00:00,2023-08-25,1,4,0,summer,790,,,,
NYC,hour,2023-08-25 02:00:00,2023-08-25,2,4,0,summer,555,,,,
NYC,hour,2023-08-25 03:00:00,2023-08-25,3,4,0,summer,399,,,,
NYC,hour,2023-08-25 04:00:00,2023-08-25,4,4,0,summer,380,,,,
NYC,hour,2023-08-25 05:00:00,2023-08-25,5,4,0,summer,787,,,,
NYC,hour,2023-08-25 06:00:00,2023-08-25,6,4,0,summer,943,,,,
NYC,hour,2023-08-25 07:00:00,2023-08-25,7,4,0,summer,822,,,,
NYC,hour,2023-08-25 08:00:00,2023-08-25,8,4,0,summer,2513,,,,
NYC,hour,2023-08-25 09:00:00,2023-08-25,9,4,0,summer,4146,,,,
NYC,hour,2023-08-25 10:00:00,2023-08-25,10,4,0,summer,3733,,,,
NYC,hour,2023-08-25 11:00:00,2023-08-25,11,4,0,summer,3491,,,,
NYC,hour,2023-08-25 12:00:00,2023-08-25,12,4,0,summer,4289,,,,
NYC,hour,2023-08-25 13:00:00,2023-08-25,13,4,0,summer,5893,,,,
NYC,hour,2023-08-25 14:00:00,2023-08-25,14,4,0,summer,6483,,,,
NYC,hour,2023-08-25 15:00:00,2023-08-25,15,4,0,summer,6828,,,,
NYC,hour,2023-08-25 16:00:00,2023-08-25,16,4,0,summer,7618,,,,
NYC,hour,2023-08-25 17:00:00,2023-08-25,17,4,0,summer,10101,,,,
NYC,hour,2023-08-25 18:00:00,2023-08-25,18,4,0,summer,9906,,,,
NYC,hour,2023-08-25 19:00:00,2023-08-25,19,4,0,summer,8671,,,,
NYC,hour,2023-08-25 20:00:00,2023-08-25,20,4,0,summer,6340,,,,
NYC,hour,2023-08-25 21:00:00,2023-08-25,21,4,0,summer,4887,,,,
NYC,hour,2023-08-25 22:00:00,2023-08-25,22,4,0,summer,4343,,,,
NYC,hour,2023-08-25 23:00:00,2023-08-25,23,4,0,summer,3574,,,,
NYC,hour,2023-08-26 00:00:00,2023-08-26,0,5,1,summer,2976,,,,
NYC,hour,2023-08-26 01:00:00,2023-08-26,1,5,1,summer,1957,,,,
NYC,hour,2023-08-26 02:00:00,2023-08-26,2,5,1,summer,1458,,,,
NYC,hour,2023-08-26 03:00:00,2023-08-26,3,5,1,summer,883,,,,
NYC,hour,2023-08-26 04:00:00,2023-08-26,4,5,1,summer,596,,,,
NYC,hour,2023-08-26 05:00:00,2023-08-26,5,5,1,summer,524,,,,
NYC,hour,2023-08-26 06:00:00,2023-08-26,6,5,1,summer,960,,,,
NYC,hour,2023-08-26 07:00:00,2023-08-26,7,5,1,summer,720,,,,
NYC,hour,2023-08-26 08:00:00,2023-08-26,8,5,1,summer,1917,,,,
NYC,hour,2023-08-26 09:00:00,2023-08-26,9,5,1,summer,4413,,,,
NYC,hour,2023-08-26 10:00:00,2023-08-26,10,5,1,summer,6648,,,,
NYC,hour,2023-08-26 11:00:00,2023-08-26,11,5,1,summer,8426,,,,
NYC,hour,2023-08-26 12:00:00,2023-08-26,12,5,1,summer,9449,,,,
NYC,hour,2023-08-26 13:00:00,2023-08-26,13,5,1,summer,9617,,,,
NYC,hour,2023-08-26 14:00:00,2023-08-26,14,5,1,summer,9675,,,,
NYC,hour,2023-08-26 15:00:00,2023-08-26,15,5,1,summer,9618,,,,
NYC,hour,2023-08-26 16:00:00,2023-08-26,16,5,1,summer,9681,,,,
NYC,hour,2023-08-26 17:00:00,2023-08-26,17,5,1,summer,9488,,,,
NYC,hour,2023-08-26 18:00:00,2023-08-26,18,5,1,summer,9116,,,,
NYC,hour,2023-08-26 19:00:00,2023-08-26,19,5,1,summer,8041,,,,
NYC,hour,2023-08-26 20:00:00,2023-08-26,20,5,1,summer,6285,,,,
NYC,hour,2023-08-26 21:00:00,2023-08-26,21,5,1,summer,4946,,,,
NYC,hour,2023-08-26 22:00:00,2023-08-26,22,5,1,summer,4418,,,,
NYC,hour,2023-08-26 23:00:00,2023-08-26,23,5,1,summer,3945,,,,
NYC,hour,2023-08-27 00:00:00,2023-08-27,0,6,1,summer,2976,,,,
NYC,hour,2023-08-27 01:00:00,2023-08-27,1,6,1,summer,2193,,,,
NYC,hour,2023-08-27 02:00:00,2023-08-27,2,6,1,summer,1498,,,,
NYC,hour,2023-08-27 03:00:00,2023-08-27,3,6,1,summer,985,,,,
NYC,hour,2023-08-27 04:00:00,2023-08-27,4,6,1,summer,704,,,,
NYC,hour,2023-08-27 05:00:00,2023-08-27,5,6,1,summer,455,,,,
NYC,hour,2023-08-27 06:00:00,2023-08-27,6,6,1,summer,968,,,,
NYC,hour,2023-08-27 07:00:00,2023-08-27,7,6,1,summer,1641,,,,
NYC,hour,2023-08-27 08:00:00,2023-08-27,8,6,1,summer,2847,,,,
NYC,hour,2023-08-27 09:00:00,2023-08-27,9,6,1,summer,4572,,,,
NYC,hour,2023-08-27 10:00:00,2023-08-27,10,6,1,summer,6491,,,,
NYC,hour,2023-08-27 11:00:00,2023-08-27,11,6,1,summer,7791,,,,
NYC,hour,2023-08-27 12:00:00,2023-08-27,12,6,1,summer,8837,,,,
NYC,hour,2023-08-27 13:00:00,2023-08-27,13,6,1,summer,9476,,,,
NYC,hour,2023-08-27 14:00:00,2023-08-27,14,6,1,summer,9728,,,,
NYC,hour,2023-08-27 15:00:00,2023-08-27,15,6,1,summer,10024,,,,
NYC,hour,2023-08-27 16:00:00,2023-08-27,16,6,1,summer,10303,,,,
NYC,hour,2023-08-27 17:00:00,2023-08-27,17,6,1,summer,9919,,,,
NYC,hour,2023-08-27 18:00:00,2023-08-27,18,6,1,summer,9864,,,,
NYC,hour,2023-08-27 19:00:00,2023-08-27,19,6,1,summer,7998,,,,
NYC,hour,2023-08-27 20:00:00,2023-08-27,20,6,1,summer,6034,,,,
NYC,hour,2023-08-27 21:00:00,2023-08-27,21,6,1,summer,4662,,,,
NYC,hour,2023-08-27 22:00:00,2023-08-27,22,6,1,summer,3568,,,,
NYC,hour,2023-08-27 23:00:00,2023-08-27,23,6,1,summer,2393,,,,
NYC,hour,2023-08-28 00:00:00,2023-08-28,0,0,0,summer,1481,,,,
NYC,hour,2023-08-28 01:00:00,2023-08-28,1,0,0,summer,825,,,,
NYC,hour,2023-08-28 02:00:00,2023-08-28,2,0,0,summer,477,,,,
NYC,hour,2023-08-28 03:00:00,2023-08-28,3,0,0,summer,296,,,,
NYC,hour,2023-08-28 04:00:00,2023-08-28,4,0,0,summer,295,,,,
NYC,hour,2023-08-28 05:00:00,2023-08-28,5,0,0,summer,1046,,,,
NYC,hour,2023-08-28 06:00:00,2023-08-28,6,0,0,summer,2799,,,,
NYC,hour,2023-08-28 07:00:00,2023-08-28,7,0,0,summer,5133,,,,
NYC,hour,2023-08-28 08:00:00,2023-08-28,8,0,0,summer,7811,,,,
NYC,hour,2023-08-28 09:00:00,2023-08-28,9,0,0,summer,6209,,,,
NYC,hour,2023-08-28 10:00:00,2023-08-28,10,0,0,summer,4941,,,,
NYC,hour,2023-08-28 11:00:00,2023-08-28,11,0,0,summer,5061,,,,
NYC,hour,2023-08-28 12:00:00,2023-08-28,12,0,0,summer,5677,,,,
NYC,hour,2023-08-28 13:00:00,2023-08-28,13,0,0,summer,6116,,,,
NYC,hour,2023-08-28 14:00:00,2023-08-28,14,0,0,summer,6528,,,,
NYC,hour,2023-08-28 15:00:00,2023-08-28,15,0,0,summer,7385,,,,
NYC,hour,2023-08-28 16:00:00,2023-08-28,16,0,0,summer,8965,,,,
NYC,hour,2023-08-28 17:00:00,2023-08-28,17,0,0,summer,12687,,,,
NYC,hour,2023-08-28 18:00:00,2023-08-28,18,0,0,summer,12560,,,,
NYC,hour,2023-08-28 19:00:00,2023-08-28,19,0,0,summer,9181,,,,
NYC,hour,2023-08-28 20:00:00,2023-08-28,20,0,0,summer,6299,,,,
NYC,hour,2023-08-28 21:00:00,2023-08-28,21,0,0,summer,4726,,,,
NYC,hour,2023-08-28 22:00:00,2023-08-28,22,0,0,summer,3335,,,,
NYC,hour,2023-08-28 23:00:00,2023-08-28,23,0,0,summer,2336,,,,
NYC,hour,2023-08-29 00:00:00,2023-08-29,0,1,0,summer,1275,,,,
NYC,hour,2023-08-29 01:00:00,2023-08-29,1,1,0,summer,736,,,,
NYC,hour,2023-08-29 02:00:00,2023-08-29,2,1,0,summer,436,,,,
NYC,hour,2023-08-29 03:00:00,2023-08-29,3,1,0,summer,260,,,,
NYC,hour,2023-08-29 04:00:00,2023-08-29,4,1,0,summer,367,,,,
NYC,hour,2023-08-29 05:00:00,2023-08-29,5,1,0,summer,1117,,,,
NYC,hour,2023-08-29 06:00:00,2023-08-29,6,1,0,summer,3430,,,,
NYC,hour,2023-08-29 07:00:00,2023-08-29,7,1,0,summer,6339,,,,
NYC,hour,2023-08-29 08:00:00,2023-08-29,8,1,0,summer,10048,,,,
NYC,hour,2023-08-29 09:00:00,2023-08-29,9,1,0,summer,7913,,,,
NYC,hour,2023-08-29 10:00:00,2023-08-29,10,1,0,summer,5501,,,,
NYC,hour,2023-08-29 11:00:00,2023-08-29,11,1,0,summer,5624,,,,
NYC,hour,2023-08-29 12:00:00,2023-08-29,12,1,0,summer,6086,,,,
NYC,hour,2023-08-29 13:00:00,2023-08-29,13,1,0,summer,6369,,,,
NYC,hour,2023-08-29 14:00:00,2023-08-29,14,1,0,summer,6871,,,,
NYC,hour,2023-08-29 15:00:00,2023-08-29,15,1,0,summer,7615,,,,
NYC,hour,2023-08-29 16:00:00,2023-08-29,16,1,0,summer,9130,,,,
NYC,hour,2023-08-29 17:00:00,2023-08-29,17,1,0,summer,13954,,,,
NYC,hour,2023-08-29 18:00:00,2023-08-29,18,1,0,summer,13319,,,,
NYC,hour,2023-08-29 19:00:00,2023-08-29,19,1,0,summer,9937,,,,
NYC,hour,2023-08-29 20:00:00,2023-08-29,20,1,0,summer,6923,,,,
NYC,hour,2023-08-29 21:00:00,2023-08-29,21,1,0,summer,5094,,,,
NYC,hour,2023-08-29 22:00:00,2023-08-29,22,1,0,summer,4068,,,,
NYC,hour,2023-08-29 23:00:00,2023-08-29,23,1,0,summer,2736,,,,
NYC,hour,2023-08-30 00:00:00,2023-08-30,0,2,0,summer,1498,,,,
NYC,hour,2023-08-30 01:00:00,2023-08-30,1,2,0,summer,798,,,,
NYC,hour,2023-08-30 02:00:00,2023-08-30,2,2,0,summer,448,,,,
NYC,hour,2023-08-30 03:00:00,2023-08-30,3,2,0,summer,313,,,,
NYC,hour,2023-08-30 04:00:00,2023-08-30,4,2,0,summer,333,,,,
NYC,hour,2023-08-30 05:00:00,2023-08-30,5,2,0,summer,1046,,,,
NYC,hour,2023-08-30 06:00:00,2023-08-30,6,2,0,summer,3195,,,,
NYC,hour,2023-08-30 07:00:00,2023-08-30,7,2,0,summer,5883,,,,
NYC,hour,2023-08-30 08:00:00,2023-08-30,8,2,0,summer,8829,,,,
NYC,hour,2023-08-30 09:00:00,2023-08-30,9,2,0,summer,2609,,,,
NYC,hour,2023-08-30 10:00:00,2023-08-30,10,2,0,summer,3423,,,,
NYC,hour,2023-08-30 11:00:00,2023-08-30,11,2,0,summer,5179,,,,
NYC,hour,2023-08-30 12:00:00,2023-08-30,12,2,0,summer,6253,,,,
NYC,hour,2023-08-30 13:00:00,2023-08-30,13,2,0,summer,6735,,,,
NYC,hour,2023-08-30 14:00:00,2023-08-30,14,2,0,summer,7225,,,,
NYC,hour,2023-08-30 15:00:00,2023-08-30,15,2,0,summer,8071,,,,
NYC,hour,2023-08-30 16:00:00,2023-08-30,16,2,0,summer,9827,,,,
NYC,hour,2023-08-30 17:00:00,2023-08-30,17,2,0,summer,14071,,,,
NYC,hour,2023-08-30 18:00:00,2023-08-30,18,2,0,summer,13643,,,,
NYC,hour,2023-08-30 19:00:00,2023-08-30,19,2,0,summer,10550,,,,
NYC,hour,2023-08-30 20:00:00,2023-08-30,20,2,0,summer,7361,,,,
NYC,hour,2023-08-30 21:00:00,2023-08-30,21,2,0,summer,5634,,,,
NYC,hour,2023-08-30 22:00:00,2023-08-30,22,2,0,summer,4669,,,,
NYC,hour,2023-08-30 23:00:00,2023-08-30,23,2,0,summer,3084,,,,
NYC,hour,2023-08-31 00:00:00,2023-08-31,0,3,0,summer,1848,,,,
NYC,hour,2023-08-31 01:00:00,2023-08-31,1,3,0,summer,895,,,,
NYC,hour,2023-08-31 02:00:00,2023-08-31,2,3,0,summer,516,,,,
NYC,hour,2023-08-31 03:00:00,2023-08-31,3,3,0,summer,344,,,,
NYC,hour,2023-08-31 04:00:00,2023-08-31,4,3,0,summer,378,,,,
NYC,hour,2023-08-31 05:00:00,2023-08-31,5,3,0,summer,1005,,,,
NYC,hour,2023-08-31 06:00:00,2023-08-31,6,3,0,summer,3093,,,,
NYC,hour,2023-08-31 07:00:00,2023-08-31,7,3,0,summer,5684,,,,
NYC,hour,2023-08-31 08:00:00,2023-08-31,8,3,0,summer,8895,,,,
NYC,hour,2023-08-31 09:00:00,2023-08-31,9,3,0,summer,7298,,,,
NYC,hour,2023-08-31 10:00:00,2023-08-31,10,3,0,summer,5767,,,,
NYC,hour,2023-08-31 11:00:00,2023-08-31,11,3,0,summer,5979,,,,
NYC,hour,2023-08-31 12:00:00,2023-08-31,12,3,0,summer,6724,,,,
NYC,hour,2023-08-31 13:00:00,2023-08-31,13,3,0,summer,7041,,,,
NYC,hour,2023-08-31 14:00:00,2023-08-31,14,3,0,summer,7190,,,,
NYC,hour,2023-08-31 15:00:00,2023-08-31,15,3,0,summer,8266,,,,
NYC,hour,2023-08-31 16:00:00,2023-08-31,16,3,0,summer,10083,,,,
NYC,hour,2023-08-31 17:00:00,2023-08-31,17,3,0,summer,13567,,,,
NYC,hour,2023-08-31 18:00:00,2023-08-31,18,3,0,summer,13247,,,,
NYC,hour,2023-08-31 19:00:00,2023-08-31,19,3,0,summer,10362,,,,
NYC,hour,2023-08-31 20:00:00,2023-08-31,20,3,0,summer,7002,,,,
NYC,hour,2023-08-31 21:00:00,2023-08-31,21,3,0,summer,5368,,,,
NYC,hour,2023-08-31 22:00:00,2023-08-31,22,3,0,summer,4216,,,,
NYC,hour,2023-08-31 23:00:00,2023-08-31,23,3,0,summer,3202,,,,
NYC,hour,2023-09-01 00:00:00,2023-09-01,0,4,0,fall,2004,,,,
NYC,hour,2023-09-01 01:00:00,2023-09-01,1,4,0,fall,1134,,,,
NYC,hour,2023-09-01 02:00:00,2023-09-01,2,4,0,fall,665,,,,
NYC,hour,2023-09-01 03:00:00,2023-09-01,3,4,0,fall,422,,,,
NYC,hour,2023-09-01 04:00:00,2023-09-01,4,4,0,fall,369,,,,
NYC,hour,2023-09-01 05:00:00,2023-09-01,5,4,0,fall,831,,,,
NYC,hour,2023-09-01 06:00:00,2023-09-01,6,4,0,fall,2485,,,,
NYC,hour,2023-09-01 07:00:00,2023-09-01,7,4,0,fall,4353,,,,
NYC,hour,2023-09-01 08:00:00,2023-09-01,8,4,0,fall,6274,,,,
NYC,hour,2023-09-01 09:00:00,2023-09-01,9,4,0,fall,5951,,,,
NYC,hour,2023-09-01 10:00:00,2023-09-01,10,4,0,fall,5619,,,,
NYC,hour,2023-09-01 11:00:00,2023-09-01,11,4,0,fall,6246,,,,
NYC,hour,2023-09-01 12:00:00,2023-09-01,12,4,0,fall,7091,,,,
NYC,hour,2023-09-01 13:00:00,2023-09-01,13,4,0,fall,8350,,,,
NYC,hour,2023-09-01 14:00:00,2023-09-01,14,4,0,fall,7519,,,,
NYC,hour,2023-09-01 15:00:00,2023-09-01,15,4,0,fall,9851,,,,
NYC,hour,2023-09-01 16:00:00,2023-09-01,16,4,0,fall,10559,,,,
NYC,hour,2023-09-01 17:00:00,2023-09-01,17,4,0,fall,11235,,,,
NYC,hour,2023-09-01 18:00:00,2023-09-01,18,4,0,fall,10653,,,,
NYC,hour,2023-09-01 19:00:00,2023-09-01,19,4,0,fall,8763,,,,
NYC,hour,2023-09-01 20:00:00,2023-09-01,20,4,0,fall,5837,,,,
NYC,hour,2023-09-01 21:00:00,2023-09-01,21,4,0,fall,4488,,,,
NYC,hour,2023-09-01 22:00:00,2023-09-01,22,4,0,fall,4015,,,,
NYC,hour,2023-09-01 23:00:00,2023-09-01,23,4,0,fall,3290,,,,
NYC,hour,2023-09-02 00:00:00,2023-09-02,0,5,1,fall,2445,,,,
NYC,hour,2023-09-02 01:00:00,2023-09-02,1,5,1,fall,1768,,,,
NYC,hour,2023-09-02 02:00:00,2023-09-02,2,5,1,fall,1327,,,,
NYC,hour,2023-09-02 03:00:00,2023-09-02,3,5,1,fall,893,,,,
NYC,hour,2023-09-02 04:00:00,2023-09-02,4,5,1,fall,579,,,,
NYC,hour,2023-09-02 05:00:00,2023-09-02,5,5,1,fall,462,,,,
NYC,hour,2023-09-02 06:00:00,2023-09-02,6,5,1,fall,1079,,,,
NYC,hour,2023-09-02 07:00:00,2023-09-02,7,5,1,fall,1937,,,,
NYC,hour,2023-09-02 08:00:00,2023-09-02,8,5,1,fall,3091,,,,
NYC,hour,2023-09-02 09:00:00,2023-09-02,9,5,1,fall,4726,,,,
NYC,hour,2023-09-02 10:00:00,2023-09-02,10,5,1,fall,6455,,,,
NYC,hour,2023-09-02 11:00:00,2023-09-02,11,5,1,fall,7386,,,,
NYC,hour,2023-09-02 12:00:00,2023-09-02,12,5,1,fall,8555,,,,
NYC,hour,2023-09-02 13:00:00,2023-09-02,13,5,1,fall,9079,,,,
NYC,hour,2023-09-02 14:00:00,2023-09-02,14,5,1,fall,9270,,,,
NYC,hour,2023-09-02 15:00:00,2023-09-02,15,5,1,fall,9366,,,,
NYC,hour,2023-09-02 16:00:00,2023-09-02,16,5,1,fall,9178,,,,
NYC,hour,2023-09-02 17:00:00,2023-09-02,17,5,1,fall,9003,,,,
NYC,hour,2023-09-02 18:00:00,2023-09-02,18,5,1,fall,8638,,,,
NYC,hour,2023-09-02 19:00:00,2023-09-02,19,5,1,fall,7473,,,,
NYC,hour,2023-09-02 20:00:00,2023-09-02,20,5,1,fall,5225,,,,
NYC,hour,2023-09-02 21:00:00,2023-09-02,21,5,1,fall,4325,,,,
NYC,hour,2023-09-02 22:00:00,2023-09-02,22,5,1,fall,3686,,,,
NYC,hour,2023-09-02 23:00:00,2023-09-02,23,5,1,fall,3244,,,,
NYC,hour,2023-09-03 00:00:00,2023-09-03,0,6,1,fall,2519,,,,
NYC,hour,2023-09-03 01:00:00,2023-09-03,1,6,1,fall,1764,,,,
NYC,hour,2023-09-03 02:00:00,2023-09-03,2,6,1,fall,1272,,,,
NYC,hour,2023-09-03 03:00:00,2023-09-03,3,6,1,fall,851,,,,
NYC,hour,2023-09-03 04:00:00,2023-09-03,4,6,1,fall,594,,,,
NYC,hour,2023-09-03 05:00:00,2023-09-03,5,6,1,fall,426,,,,
NYC,hour,2023-09-03 06:00:00,2023-09-03,6,6,1,fall,879,,,,
NYC,hour,2023-09-03 07:00:00,2023-09-03,7,6,1,fall,1600,,,,
NYC,hour,2023-09-03 08:00:00,2023-09-03,8,6,1,fall,2632,,,,
NYC,hour,2023-09-03 09:00:00,2023-09-03,9,6,1,fall,4100,,,,
NYC,hour,2023-09-03 10:00:00,2023-09-03,10,6,1,fall,5775,,,,
NYC,hour,2023-09-03 11:00:00,2023-09-03,11,6,1,fall,7164,,,,
NYC,hour,2023-09-03 12:00:00,2023-09-03,12,6,1,fall,7755,,,,
NYC,hour,2023-09-03 13:00:00,2023-09-03,13,6,1,fall,8024,,,,
NYC,hour,2023-09-03 14:00:00,2023-09-03,14,6,1,fall,8564,,,,
NYC,hour,2023-09-03 15:00:00,2023-09-03,15,6,1,fall,8631,,,,
NYC,hour,2023-09-03 16:00:00,2023-09-03,16,6,1,fall,8434,,,,
NYC,hour,2023-09-03 17:00:00,2023-09-03,17,6,1,fall,8549,,,,
NYC,hour,2023-09-03 18:00:00,2023-09-03,18,6,1,fall,8437,,,,
NYC,hour,2023-09-03 19:00:00,2023-09-03,19,6,1,fall,7403,,,,
NYC,hour,2023-09-03 20:00:00,2023-09-03,20,6,1,fall,5220,,,,
NYC,hour,2023-09-03 21:00:00,2023-09-03,21,6,1,fall,4442,,,,
NYC,hour,2023-09-03 22:00:00,2023-09-03,22,6,1,fall,3705,,,,
NYC,hour,2023-09-03 23:00:00,2023-09-03,23,6,1,fall,3222,,,,
NYC,hour,2023-09-04 00:00:00,2023-09-04,0,0,0,fall,2252,,,,
NYC,hour,2023-09-04 01:00:00,2023-09-04,1,0,0,fall,1488,,,,
NYC,hour,2023-09-04 02:00:00,2023-09-04,2,0,0,fall,921,,,,
NYC,hour,2023-09-04 03:00:00,2023-09-04,3,0,0,fall,593,,,,
NYC,hour,2023-09-04 04:00:00,2023-09-04,4,0,0,fall,533,,,,
NYC,hour,2023-09-04 05:00:00,2023-09-04,5,0,0,fall,492,,,,
NYC,hour,2023-09-04 06:00:00,2023-09-04,6,0,0,fall,1028,,,,
NYC,hour,2023-09-04 07:00:00,2023-09-04,7,0,0,fall,1742,,,,
NYC,hour,2023-09-04 08:00:00,2023-09-04,8,0,0,fall,2677,,,,
NYC,hour,2023-09-04 09:00:00,2023-09-04,9,0,0,fall,3647,,,,
NYC,hour,2023-09-04 10:00:00,2023-09-04,10,0,0,fall,5485,,,,
NYC,hour,2023-09-04 11:00:00,2023-09-04,11,0,0,fall,6868,,,,
NYC,hour,2023-09-04 12:00:00,2023-09-04,12,0,0,fall,7775,,,,
NYC,hour,2023-09-04 13:00:00,2023-09-04,13,0,0,fall,8249,,,,
NYC,hour,2023-09-04 14:00:00,2023-09-04,14,0,0,fall,8734,,,,
NYC,hour,2023-09-04 15:00:00,2023-09-04,15,0,0,fall,8588,,,,
NYC,hour,2023-09-04 16:00:00,2023-09-04,16,0,0,fall,9034,,,,
NYC,hour,2023-09-04 17:00:00,2023-09-04,17,0,0,fall,8867,,,,
NYC,hour,2023-09-04 18:00:00,2023-09-04,18,0,0,fall,9200,,,,
NYC,hour,2023-09-04 19:00:00,2023-09-04,19,0,0,fall,8006,,,,
NYC,hour,2023-09-04 20:00:00,2023-09-04,20,0,0,fall,5551,,,,
NYC,hour,2023-09-04 21:00:00,2023-09-04,21,0,0,fall,4186,,,,
NYC,hour,2023-09-04 22:00:00,2023-09-04,22,0,0,fall,3200,,,,
NYC,hour,2023-09-04 23:00:00,2023-09-04,23,0,0,fall,2123,,,,
NYC,hour,2023-09-05 00:00:00,2023-09-05,0,1,0,fall,1336,,,,
NYC,hour,2023-09-05 01:00:00,2023-09-05,1,1,0,fall,720,,,,
NYC,hour,2023-09-05 02:00:00,2023-09-05,2,1,0,fall,453,,,,
NYC,hour,2023-09-05 03:00:00,2023-09-05,3,1,0,fall,283,,,,
NYC,hour,2023-09-05 04:00:00,2023-09-05,4,1,0,fall,355,,,,
NYC,hour,2023-09-05 05:00:00,2023-09-05,5,1,0,fall,1167,,,,
NYC,hour,2023-09-05 06:00:00,2023-09-05,6,1,0,fall,3437,,,,
NYC,hour,2023-09-05 07:00:00,2023-09-05,7,1,0,fall,6709,,,,
NYC,hour,2023-09-05 08:00:00,2023-09-05,8,1,0,fall,9657,,,,
NYC,hour,2023-09-05 09:00:00,2023-09-05,9,1,0,fall,7183,,,,
NYC,hour,2023-09-05 10:00:00,2023-09-05,10,1,0,fall,5285,,,,
NYC,hour,2023-09-05 11:00:00,2023-09-05,11,1,0,fall,5246,,,,
NYC,hour,2023-09-05 12:00:00,2023-09-05,12,1,0,fall,5856,,,,
NYC,hour,2023-09-05 13:00:00,2023-09-05,13,1,0,fall,6062,,,,
NYC,hour,2023-09-05 14:00:00,2023-09-05,14,1,0,fall,6621,,,,
NYC,hour,2023-09-05 15:00:00,2023-09-05,15,1,0,fall,7811,,,,
NYC,hour,2023-09-05 16:00:00,2023-09-05,16,1,0,fall,9339,,,,
NYC,hour,2023-09-05 17:00:00,2023-09-05,17,1,0,fall,13479,,,,
NYC,hour,2023-09-05 18:00:00,2023-09-05,18,1,0,fall,13733,,,,
NYC,hour,2023-09-05 19:00:00,2023-09-05,19,1,0,fall,10357,,,,
NYC,hour,2023-09-05 20:00:00,2023-09-05,20,1,0,fall,6820,,,,
NYC,hour,2023-09-05 21:00:00,2023-09-05,21,1,0,fall,5082,,,,
NYC,hour,2023-09-05 22:00:00,2023-09-05,22,1,0,fall,3790,,,,
NYC,hour,2023-09-05 23:00:00,2023-09-05,23,1,0,fall,2400,,,,
NYC,hour,2023-09-06 00:00:00,2023-09-06,0,2,0,fall,1328,,,,
NYC,hour,2023-09-06 01:00:00,2023-09-06,1,2,0,fall,811,,,,
NYC,hour,2023-09-06 02:00:00,2023-09-06,2,2,0,fall,412,,,,
NYC,hour,2023-09-06 03:00:00,2023-09-06,3,2,0,fall,265,,,,
NYC,hour,2023-09-06 04:00:00,2023-09-06,4,2,0,fall,308,,,,
NYC,hour,2023-09-06 05:00:00,2023-09-06,5,2,0,fall,1192,,,,
NYC,hour,2023-09-06 06:00:00,2023-09-06,6,2,0,fall,3727,,,,
NYC,hour,2023-09-06 07:00:00,2023-09-06,7,2,0,fall,7470,,,,
NYC,hour,2023-09-06 08:00:00,2023-09-06,8,2,0,fall,10554,,,,
NYC,hour,2023-09-06 09:00:00,2023-09-06,9,2,0,fall,8039,,,,
NYC,hour,2023-09-06 10:00:00,2023-09-06,10,2,0,fall,5823,,,,
NYC,hour,2023-09-06 11:00:00,2023-09-06,11,2,0,fall,5552,,,,
NYC,hour,2023-09-06 12:00:00,2023-09-06,12,2,0,fall,6334,,,,
NYC,hour,2023-09-06 13:00:00,2023-09-06,13,2,0,fall,6427,,,,
NYC,hour,2023-09-06 14:00:00,2023-09-06,14,2,0,fall,6797,,,,
NYC,hour,2023-09-06 15:00:00,2023-09-06,15,2,0,fall,7648,,,,
NYC,hour,2023-09-06 16:00:00,2023-09-06,16,2,0,fall,9512,,,,
NYC,hour,2023-09-06 17:00:00,2023-09-06,17,2,0,fall,14221,,,,
NYC,hour,2023-09-06 18:00:00,2023-09-06,18,2,0,fall,14436,,,,
NYC,hour,2023-09-06 19:00:00,2023-09-06,19,2,0,fall,10950,,,,
NYC,hour,2023-09-06 20:00:00,2023-09-06,20,2,0,fall,7242,,,,
NYC,hour,2023-09-06 21:00:00,2023-09-06,21,2,0,fall,5478,,,,
NYC,hour,2023-09-06 22:00:00,2023-09-06,22,2,0,fall,4093,,,,
NYC,hour,2023-09-06 23:00:00,2023-09-06,23,2,0,fall,2658,,,,
NYC,hour,2023-09-07 00:00:00,2023-09-07,0,3,0,fall,1585,,,,
NYC,hour,2023-09-07 01:00:00,2023-09-07,1,3,0,fall,840,,,,
NYC,hour,2023-09-07 02:00:00,2023-09-07,2,3,0,fall,454,,,,
NYC,hour,2023-09-07 03:00:00,2023-09-07,3,3,0,fall,349,,,,
NYC,hour,2023-09-07 04:00:00,2023-09-07,4,3,0,fall,396,,,,
NYC,hour,2023-09-07 05:00:00,2023-09-07,5,3,0,fall,1223,,,,
NYC,hour,2023-09-07 06:00:00,2023-09-07,6,3,0,fall,3728,,,,
NYC,hour,2023-09-07 07:00:00,2023-09-07,7,3,0,fall,8181,,,,
NYC,hour,2023-09-07 08:00:00,2023-09-07,8,3,0,fall,11337,,,,
NYC,hour,2023-09-07 09:00:00,2023-09-07,9,3,0,fall,8203,,,,
NYC,hour,2023-09-07 10:00:00,2023-09-07,10,3,0,fall,5761,,,,
NYC,hour,2023-09-07 11:00:00,2023-09-07,11,3,0,fall,5477,,,,
NYC,hour,2023-09-07 12:00:00,2023-09-07,12,3,0,fall,6217,,,,
NYC,hour,2023-09-07 13:00:00,2023-09-07,13,3,0,fall,6262,,,,
NYC,hour,2023-09-07 14:00:00,2023-09-07,14,3,0,fall,7343,,,,
NYC,hour,2023-09-07 15:00:00,2023-09-07,15,3,0,fall,8358,,,,
NYC,hour,2023-09-07 16:00:00,2023-09-07,16,3,0,fall,9924,,,,
NYC,hour,2023-09-07 17:00:00,2023-09-07,17,3,0,fall,13840,,,,
NYC,hour,2023-09-07 18:00:00,2023-09-07,18,3,0,fall,14259,,,,
NYC,hour,2023-09-07 19:00:00,2023-09-07,19,3,0,fall,10687,,,,
NYC,hour,2023-09-07 20:00:00,2023-09-07,20,3,0,fall,7235,,,,
NYC,hour,2023-09-07 21:00:00,2023-09-07,21,3,0,fall,5258,,,,
NYC,hour,2023-09-07 22:00:00,2023-09-07,22,3,0,fall,4425,,,,
NYC,hour,2023-09-07 23:00:00,2023-09-07,23,3,0,fall,3380,,,,
NYC,hour,2023-09-08 00:00:00,2023-09-08,0,4,0,fall,1998,,,,
NYC,hour,2023-09-08 01:00:00,2023-09-08,1,4,0,fall,909,,,,
NYC,hour,2023-09-08 02:00:00,2023-09-08,2,4,0,fall,610,,,,
NYC,hour,2023-09-08 03:00:00,2023-09-08,3,4,0,fall,396,,,,
NYC,hour,2023-09-08 04:00:00,2023-09-08,4,4,0,fall,389,,,,
NYC,hour,2023-09-08 05:00:00,2023-09-08,5,4,0,fall,1051,,,,
NYC,hour,2023-09-08 06:00:00,2023-09-08,6,4,0,fall,3193,,,,
NYC,hour,2023-09-08 07:00:00,2023-09-08,7,4,0,fall,6967,,,,
NYC,hour,2023-09-08 08:00:00,2023-09-08,8,4,0,fall,9293,,,,
NYC,hour,2023-09-08 09:00:00,2023-09-08,9,4,0,fall,7386,,,,
NYC,hour,2023-09-08 10:00:00,2023-09-08,10,4,0,fall,6104,,,,
NYC,hour,2023-09-08 11:00:00,2023-09-08,11,4,0,fall,6379,,,,
NYC,hour,2023-09-08 12:00:00,2023-09-08,12,4,0,fall,7143,,,,
NYC,hour,2023-09-08 13:00:00,2023-09-08,13,4,0,fall,7667,,,,
NYC,hour,2023-09-08 14:00:00,2023-09-08,14,4,0,fall,9236,,,,
NYC,hour,2023-09-08 15:00:00,2023-09-08,15,4,0,fall,6471,,,,
NYC,hour,2023-09-08 16:00:00,2023-09-08,16,4,0,fall,6038,,,,
NYC,hour,2023-09-08 17:00:00,2023-09-08,17,4,0,fall,5191,,,,
NYC,hour,2023-09-08 18:00:00,2023-09-08,18,4,0,fall,7331,,,,
NYC,hour,2023-09-08 19:00:00,2023-09-08,19,4,0,fall,7725,,,,
NYC,hour,2023-09-08 20:00:00,2023-09-08,20,4,0,fall,5734,,,,
NYC,hour,2023-09-08 21:00:00,2023-09-08,21,4,0,fall,4724,,,,
NYC,hour,2023-09-08 22:00:00,2023-09-08,22,4,0,fall,4595,,,,
NYC,hour,2023-09-08 23:00:00,2023-09-08,23,4,0,fall,4142,,,,
NYC,hour,2023-09-09 00:00:00,2023-09-09,0,5,1,fall,3343,,,,
NYC,hour,2023-09-09 01:00:00,2023-09-09,1,5,1,fall,2176,,,,
NYC,hour,2023-09-09 02:00:00,2023-09-09,2,5,1,fall,1602,,,,
NYC,hour,2023-09-09 03:00:00,2023-09-09,3,5,1,fall,929,,,,
NYC,hour,2023-09-09 04:00:00,2023-09-09,4,5,1,fall,626,,,,
NYC,hour,2023-09-09 05:00:00,2023-09-09,5,5,1,fall,649,,,,
NYC,hour,2023-09-09 06:00:00,2023-09-09,6,5,1,fall,1213,,,,
NYC,hour,2023-09-09 07:00:00,2023-09-09,7,5,1,fall,2396,,,,
NYC,hour,2023-09-09 08:00:00,2023-09-09,8,5,1,fall,3963,,,,
NYC,hour,2023-09-09 09:00:00,2023-09-09,9,5,1,fall,6160,,,,
NYC,hour,2023-09-09 10:00:00,2023-09-09,10,5,1,fall,8130,,,,
NYC,hour,2023-09-09 11:00:00,2023-09-09,11,5,1,fall,9703,,,,
NYC,hour,2023-09-09 12:00:00,2023-09-09,12,5,1,fall,10358,,,,
NYC,hour,2023-09-09 13:00:00,2023-09-09,13,5,1,fall,10684,,,,
NYC,hour,2023-09-09 14:00:00,2023-09-09,14,5,1,fall,10029,,,,
NYC,hour,2023-09-09 15:00:00,2023-09-09,15,5,1,fall,8616,,,,
NYC,hour,2023-09-09 16:00:00,2023-09-09,16,5,1,fall,5931,,,,
NYC,hour,2023-09-09 17:00:00,2023-09-09,17,5,1,fall,5429,,,,
NYC,hour,2023-09-09 18:00:00,2023-09-09,18,5,1,fall,7484,,,,
NYC,hour,2023-09-09 19:00:00,2023-09-09,19,5,1,fall,7387,,,,
NYC,hour,2023-09-09 20:00:00,2023-09-09,20,5,1,fall,5786,,,,
NYC,hour,2023-09-09 21:00:00,2023-09-09,21,5,1,fall,4934,,,,
NYC,hour,2023-09-09 22:00:00,2023-09-09,22,5,1,fall,4519,,,,
NYC,hour,2023-09-09 23:00:00,2023-09-09,23,5,1,fall,3999,,,,
NYC,hour,2023-09-10 00:00:00,2023-09-10,0,6,1,fall,3572,,,,
NYC,hour,2023-09-10 01:00:00,2023-09-10,1,6,1,fall,2556,,,,
NYC,hour,2023-09-10 02:00:00,2023-09-10,2,6,1,fall,1632,,,,
NYC,hour,2023-09-10 03:00:00,2023-09-10,3,6,1,fall,1114,,,,
NYC,hour,2023-09-10 04:00:00,2023-09-10,4,6,1,fall,676,,,,
NYC,hour,2023-09-10 05:00:00,2023-09-10,5,6,1,fall,518,,,,
NYC,hour,2023-09-10 06:00:00,2023-09-10,6,6,1,fall,1053,,,,
NYC,hour,2023-09-10 07:00:00,2023-09-10,7,6,1,fall,2040,,,,
NYC,hour,2023-09-10 08:00:00,2023-09-10,8,6,1,fall,3422,,,,
NYC,hour,2023-09-10 09:00:00,2023-09-10,9,6,1,fall,4419,,,,
NYC,hour,2023-09-10 10:00:00,2023-09-10,10,6,1,fall,2628,,,,
NYC,hour,2023-09-10 11:00:00,2023-09-10,11,6,1,fall,1466,,,,
NYC,hour,2023-09-10 12:00:00,2023-09-10,12,6,1,fall,2116,,,,
NYC,hour,2023-09-10 13:00:00,2023-09-10,13,6,1,fall,4283,,,,
NYC,hour,2023-09-10 14:00:00,2023-09-10,14,6,1,fall,6429,,,,
NYC,hour,2023-09-10 15:00:00,2023-09-10,15,6,1,fall,8093,,,,
NYC,hour,2023-09-10 16:00:00,2023-09-10,16,6,1,fall,9090,,,,
NYC,hour,2023-09-10 17:00:00,2023-09-10,17,6,1,fall,9105,,,,
NYC,hour,2023-09-10 18:00:00,2023-09-10,18,6,1,fall,8916,,,,
NYC,hour,2023-09-10 19:00:00,2023-09-10,19,6,1,fall,7369,,,,
NYC,hour,2023-09-10 20:00:00,2023-09-10,20,6,1,fall,2768,,,,
NYC,hour,2023-09-10 21:00:00,2023-09-10,21,6,1,fall,1398,,,,
NYC,hour,2023-09-10 22:00:00,2023-09-10,22,6,1,fall,716,,,,
NYC,hour,2023-09-10 23:00:00,2023-09-10,23,6,1,fall,434,,,,
NYC,hour,2023-09-11 00:00:00,2023-09-11,0,0,0,fall,333,,,,
NYC,hour,2023-09-11 01:00:00,2023-09-11,1,0,0,fall,338,,,,
NYC,hour,2023-09-11 02:00:00,2023-09-11,2,0,0,fall,280,,,,
NYC,hour,2023-09-11 03:00:00,2023-09-11,3,0,0,fall,231,,,,
NYC,hour,2023-09-11 04:00:00,2023-09-11,4,0,0,fall,313,,,,
NYC,hour,2023-09-11 05:00:00,2023-09-11,5,0,0,fall,963,,,,
NYC,hour,2023-09-11 06:00:00,2023-09-11,6,0,0,fall,3139,,,,
NYC,hour,2023-09-11 07:00:00,2023-09-11,7,0,0,fall,7278,,,,
NYC,hour,2023-09-11 08:00:00,2023-09-11,8,0,0,fall,10492,,,,
NYC,hour,2023-09-11 09:00:00,2023-09-11,9,0,0,fall,7140,,,,
NYC,hour,2023-09-11 10:00:00,2023-09-11,10,0,0,fall,5511,,,,
NYC,hour,2023-09-11 11:00:00,2023-09-11,11,0,0,fall,5652,,,,
NYC,hour,2023-09-11 12:00:00,2023-09-11,12,0,0,fall,6400,,,,
NYC,hour,2023-09-11 13:00:00,2023-09-11,13,0,0,fall,6672,,,,
NYC,hour,2023-09-11 14:00:00,2023-09-11,14,0,0,fall,7592,,,,
NYC,hour,2023-09-11 15:00:00,2023-09-11,15,0,0,fall,8089,,,,
NYC,hour,2023-09-11 16:00:00,2023-09-11,16,0,0,fall,9159,,,,
NYC,hour,2023-09-11 17:00:00,2023-09-11,17,0,0,fall,8651,,,,
NYC,hour,2023-09-11 18:00:00,2023-09-11,18,0,0,fall,3529,,,,
NYC,hour,2023-09-11 19:00:00,2023-09-11,19,0,0,fall,5517,,,,
NYC,hour,2023-09-11 20:00:00,2023-09-11,20,0,0,fall,4877,,,,
NYC,hour,2023-09-11 21:00:00,2023-09-11,21,0,0,fall,3946,,,,
NYC,hour,2023-09-11 22:00:00,2023-09-11,22,0,0,fall,2981,,,,
NYC,hour,2023-09-11 23:00:00,2023-09-11,23,0,0,fall,2274,,,,
NYC,hour,2023-09-12 00:00:00,2023-09-12,0,1,0,fall,1415,,,,
NYC,hour,2023-09-12 01:00:00,2023-09-12,1,1,0,fall,731,,,,
NYC,hour,2023-09-12 02:00:00,2023-09-12,2,1,0,fall,450,,,,
NYC,hour,2023-09-12 03:00:00,2023-09-12,3,1,0,fall,286,,,,
NYC,hour,2023-09-12 04:00:00,2023-09-12,4,1,0,fall,342,,,,
NYC,hour,2023-09-12 05:00:00,2023-09-12,5,1,0,fall,1197,,,,
NYC,hour,2023-09-12 06:00:00,2023-09-12,6,1,0,fall,3780,,,,
NYC,hour,2023-09-12 07:00:00,2023-09-12,7,1,0,fall,8712,,,,
NYC,hour,2023-09-12 08:00:00,2023-09-12,8,1,0,fall,12258,,,,
NYC,hour,2023-09-12 09:00:00,2023-09-12,9,1,0,fall,8224,,,,
NYC,hour,2023-09-12 10:00:00,2023-09-12,10,1,0,fall,5854,,,,
NYC,hour,2023-09-12 11:00:00,2023-09-12,11,1,0,fall,5751,,,,
NYC,hour,2023-09-12 12:00:00,2023-09-12,12,1,0,fall,6480,,,,
NYC,hour,2023-09-12 13:00:00,2023-09-12,13,1,0,fall,6736,,,,
NYC,hour,2023-09-12 14:00:00,2023-09-12,14,1,0,fall,7938,,,,
NYC,hour,2023-09-12 15:00:00,2023-09-12,15,1,0,fall,9169,,,,
NYC,hour,2023-09-12 16:00:00,2023-09-12,16,1,0,fall,11279,,,,
NYC,hour,2023-09-12 17:00:00,2023-09-12,17,1,0,fall,16230,,,,
NYC,hour,2023-09-12 18:00:00,2023-09-12,18,1,0,fall,16264,,,,
NYC,hour,2023-09-12 19:00:00,2023-09-12,19,1,0,fall,12007,,,,
NYC,hour,2023-09-12 20:00:00,2023-09-12,20,1,0,fall,7779,,,,
NYC,hour,2023-09-12 21:00:00,2023-09-12,21,1,0,fall,5965,,,,
NYC,hour,2023-09-12 22:00:00,2023-09-12,22,1,0,fall,4371,,,,
NYC,hour,2023-09-12 23:00:00,2023-09-12,23,1,0,fall,2727,,,,
NYC,hour,2023-09-13 00:00:00,2023-09-13,0,2,0,fall,1527,,,,
NYC,hour,2023-09-13 01:00:00,2023-09-13,1,2,0,fall,789,,,,
NYC,hour,2023-09-13 02:00:00,2023-09-13,2,2,0,fall,444,,,,
NYC,hour,2023-09-13 03:00:00,2023-09-13,3,2,0,fall,291,,,,
NYC,hour,2023-09-13 04:00:00,2023-09-13,4,2,0,fall,300,,,,
NYC,hour,2023-09-13 05:00:00,2023-09-13,5,2,0,fall,367,,,,
NYC,hour,2023-09-13 06:00:00,2023-09-13,6,2,0,fall,1902,,,,
NYC,hour,2023-09-13 07:00:00,2023-09-13,7,2,0,fall,6740,,,,
NYC,hour,2023-09-13 08:00:00,2023-09-13,8,2,0,fall,10776,,,,
NYC,hour,2023-09-13 09:00:00,2023-09-13,9,2,0,fall,8042,,,,
NYC,hour,2023-09-13 10:00:00,2023-09-13,10,2,0,fall,5008,,,,
NYC,hour,2023-09-13 11:00:00,2023-09-13,11,2,0,fall,5509,,,,
NYC,hour,2023-09-13 12:00:00,2023-09-13,12,2,0,fall,6463,,,,
NYC,hour,2023-09-13 13:00:00,2023-09-13,13,2,0,fall,6963,,,,
NYC,hour,2023-09-13 14:00:00,2023-09-13,14,2,0,fall,6976,,,,
NYC,hour,2023-09-13 15:00:00,2023-09-13,15,2,0,fall,8798,,,,
NYC,hour,2023-09-13 16:00:00,2023-09-13,16,2,0,fall,10614,,,,
NYC,hour,2023-09-13 17:00:00,2023-09-13,17,2,0,fall,15285,,,,
NYC,hour,2023-09-13 18:00:00,2023-09-13,18,2,0,fall,15353,,,,
NYC,hour,2023-09-13 19:00:00,2023-09-13,19,2,0,fall,11206,,,,
NYC,hour,2023-09-13 20:00:00,2023-09-13,20,2,0,fall,7573,,,,
NYC,hour,2023-09-13 21:00:00,2023-09-13,21,2,0,fall,5742,,,,
NYC,hour,2023-09-13 22:00:00,2023-09-13,22,2,0,fall,4449,,,,
NYC,hour,2023-09-13 23:00:00,2023-09-13,23,2,0,fall,2903,,,,
NYC,hour,2023-09-14 00:00:00,2023-09-14,0,3,0,fall,1603,,,,
NYC,hour,2023-09-14 01:00:00,2023-09-14,1,3,0,fall,852,,,,
NYC,hour,2023-09-14 02:00:00,2023-09-14,2,3,0,fall,474,,,,
NYC,hour,2023-09-14 03:00:00,2023-09-14,3,3,0,fall,324,,,,
NYC,hour,2023-09-14 04:00:00,2023-09-14,4,3,0,fall,359,,,,
NYC,hour,2023-09-14 05:00:00,2023-09-14,5,3,0,fall,1194,,,,
NYC,hour,2023-09-14 06:00:00,2023-09-14,6,3,0,fall,3704,,,,
NYC,hour,2023-09-14 07:00:00,2023-09-14,7,3,0,fall,8588,,,,
NYC,hour,2023-09-14 08:00:00,2023-09-14,8,3,0,fall,12253,,,,
NYC,hour,2023-09-14 09:00:00,2023-09-14,9,3,0,fall,8759,,,,
NYC,hour,2023-09-14 10:00:00,2023-09-14,10,3,0,fall,6357,,,,
NYC,hour,2023-09-14 11:00:00,2023-09-14,11,3,0,fall,6258,,,,
NYC,hour,2023-09-14 12:00:00,2023-09-14,12,3,0,fall,7038,,,,
NYC,hour,2023-09-14 13:00:00,2023-09-14,13,3,0,fall,7313,,,,
NYC,hour,2023-09-14 14:00:00,2023-09-14,14,3,0,fall,8429,,,,
NYC,hour,2023-09-14 15:00:00,2023-09-14,15,3,0,fall,9800,,,,
NYC,hour,2023-09-14 16:00:00,2023-09-14,16,3,0,fall,10767,,,,
NYC,hour,2023-09-14 17:00:00,2023-09-14,17,3,0,fall,15224,,,,
NYC,hour,2023-09-14 18:00:00,2023-09-14,18,3,0,fall,14632,,,,
NYC,hour,2023-09-14 19:00:00,2023-09-14,19,3,0,fall,11381,,,,
NYC,hour,2023-09-14 20:00:00,2023-09-14,20,3,0,fall,7915,,,,
NYC,hour,2023-09-14 21:00:00,2023-09-14,21,3,0,fall,5628,,,,
NYC,hour,2023-09-14 22:00:00,2023-09-14,22,3,0,fall,4422,,,,
NYC,hour,2023-09-14 23:00:00,2023-09-14,23,3,0,fall,3328,,,,
NYC,hour,2023-09-15 00:00:00,2023-09-15,0,4,0,fall,1845,,,,
NYC,hour,2023-09-15 01:00:00,2023-09-15,1,4,0,fall,1073,,,,
NYC,hour,2023-09-15 02:00:00,2023-09-15,2,4,0,fall,626,,,,
NYC,hour,2023-09-15 03:00:00,2023-09-15,3,4,0,fall,339,,,,
NYC,hour,2023-09-15 04:00:00,2023-09-15,4,4,0,fall,417,,,,
NYC,hour,2023-09-15 05:00:00,2023-09-15,5,4,0,fall,1048,,,,
NYC,hour,2023-09-15 06:00:00,2023-09-15,6,4,0,fall,3128,,,,
NYC,hour,2023-09-15 07:00:00,2023-09-15,7,4,0,fall,6869,,,,
NYC,hour,2023-09-15 08:00:00,2023-09-15,8,4,0,fall,9412,,,,
NYC,hour,2023-09-15 09:00:00,2023-09-15,9,4,0,fall,7243,,,,
NYC,hour,2023-09-15 10:00:00,2023-09-15,10,4,0,fall,5956,,,,
NYC,hour,2023-09-15 11:00:00,2023-09-15,11,4,0,fall,6237,,,,
NYC,hour,2023-09-15 12:00:00,2023-09-15,12,4,0,fall,7324,,,,
NYC,hour,2023-09-15 13:00:00,2023-09-15,13,4,0,fall,7937,,,,
NYC,hour,2023-09-15 14:00:00,2023-09-15,14,4,0,fall,9236,,,,
NYC,hour,2023-09-15 15:00:00,2023-09-15,15,4,0,fall,10148,,,,
NYC,hour,2023-09-15 16:00:00,2023-09-15,16,4,0,fall,11398,,,,
NYC,hour,2023-09-15 17:00:00,2023-09-15,17,4,0,fall,13583,,,,
NYC,hour,2023-09-15 18:00:00,2023-09-15,18,4,0,fall,12722,,,,
NYC,hour,2023-09-15 19:00:00,2023-09-15,19,4,0,fall,9681,,,,
NYC,hour,2023-09-15 20:00:00,2023-09-15,20,4,0,fall,6301,,,,
NYC,hour,2023-09-15 21:00:00,2023-09-15,21,4,0,fall,5084,,,,
NYC,hour,2023-09-15 22:00:00,2023-09-15,22,4,0,fall,4484,,,,
NYC,hour,2023-09-15 23:00:00,2023-09-15,23,4,0,fall,3764,,,,
NYC,hour,2023-09-16 00:00:00,2023-09-16,0,5,1,fall,2928,,,,
NYC,hour,2023-09-16 01:00:00,2023-09-16,1,5,1,fall,2142,,,,
NYC,hour,2023-09-16 02:00:00,2023-09-16,2,5,1,fall,1396,,,,
NYC,hour,2023-09-16 03:00:00,2023-09-16,3,5,1,fall,922,,,,
NYC,hour,2023-09-16 04:00:00,2023-09-16,4,5,1,fall,603,,,,
NYC,hour,2023-09-16 05:00:00,2023-09-16,5,5,1,fall,509,,,,
NYC,hour,2023-09-16 06:00:00,2023-09-16,6,5,1,fall,1045,,,,
NYC,hour,2023-09-16 07:00:00,2023-09-16,7,5,1,fall,2073,,,,
NYC,hour,2023-09-16 08:00:00,2023-09-16,8,5,1,fall,3605,,,,
NYC,hour,2023-09-16 09:00:00,2023-09-16,9,5,1,fall,5633,,,,
NYC,hour,2023-09-16 10:00:00,2023-09-16,10,5,1,fall,7353,,,,
NYC,hour,2023-09-16 11:00:00,2023-09-16,11,5,1,fall,8905,,,,
NYC,hour,2023-09-16 12:00:00,2023-09-16,12,5,1,fall,10531,,,,
NYC,hour,2023-09-16 13:00:00,2023-09-16,13,5,1,fall,11027,,,,
NYC,hour,2023-09-16 14:00:00,2023-09-16,14,5,1,fall,11201,,,,
NYC,hour,2023-09-16 15:00:00,2023-09-16,15,5,1,fall,11551,,,,
NYC,hour,2023-09-16 16:00:00,2023-09-16,16,5,1,fall,11347,,,,
NYC,hour,2023-09-16 17:00:00,2023-09-16,17,5,1,fall,11271,,,,
NYC,hour,2023-09-16 18:00:00,2023-09-16,18,5,1,fall,10639,,,,
NYC,hour,2023-09-16 19:00:00,2023-09-16,19,5,1,fall,8969,,,,
NYC,hour,2023-09-16 20:00:00,2023-09-16,20,5,1,fall,6490,,,,
NYC,hour,2023-09-16 21:00:00,2023-09-16,21,5,1,fall,5299,,,,
NYC,hour,2023-09-16 22:00:00,2023-09-16,22,5,1,fall,4634,,,,
NYC,hour,2023-09-16 23:00:00,2023-09-16,23,5,1,fall,3947,,,,
NYC,hour,2023-09-17 00:00:00,2023-09-17,0,6,1,fall,3186,,,,
NYC,hour,2023-09-17 01:00:00,2023-09-17,1,6,1,fall,2117,,,,
NYC,hour,2023-09-17 02:00:00,2023-09-17,2,6,1,fall,1508,,,,
NYC,hour,2023-09-17 03:00:00,2023-09-17,3,6,1,fall,986,,,,
NYC,hour,2023-09-17 04:00:00,2023-09-17,4,6,1,fall,663,,,,
NYC,hour,2023-09-17 05:00:00,2023-09-17,5,6,1,fall,451,,,,
NYC,hour,2023-09-17 06:00:00,2023-09-17,6,6,1,fall,980,,,,
NYC,hour,2023-09-17 07:00:00,2023-09-17,7,6,1,fall,1787,,,,
NYC,hour,2023-09-17 08:00:00,2023-09-17,8,6,1,fall,2877,,,,
NYC,hour,2023-09-17 09:00:00,2023-09-17,9,6,1,fall,4884,,,,
NYC,hour,2023-09-17 10:00:00,2023-09-17,10,6,1,fall,7208,,,,
NYC,hour,2023-09-17 11:00:00,2023-09-17,11,6,1,fall,9218,,,,
NYC,hour,2023-09-17 12:00:00,2023-09-17,12,6,1,fall,10751,,,,
NYC,hour,2023-09-17 13:00:00,2023-09-17,13,6,1,fall,10882,,,,
NYC,hour,2023-09-17 14:00:00,2023-09-17,14,6,1,fall,10953,,,,
NYC,hour,2023-09-17 15:00:00,2023-09-17,15,6,1,fall,11106,,,,
NYC,hour,2023-09-17 16:00:00,2023-09-17,16,6,1,fall,11174,,,,
NYC,hour,2023-09-17 17:00:00,2023-09-17,17,6,1,fall,10748,,,,
NYC,hour,2023-09-17 18:00:00,2023-09-17,18,6,1,fall,9085,,,,
NYC,hour,2023-09-17 19:00:00,2023-09-17,19,6,1,fall,7077,,,,
NYC,hour,2023-09-17 20:00:00,2023-09-17,20,6,1,fall,2789,,,,
NYC,hour,2023-09-17 21:00:00,2023-09-17,21,6,1,fall,2048,,,,
NYC,hour,2023-09-17 22:00:00,2023-09-17,22,6,1,fall,1068,,,,
NYC,hour,2023-09-17 23:00:00,2023-09-17,23,6,1,fall,1409,,,,
NYC,hour,2023-09-18 00:00:00,2023-09-18,0,0,0,fall,815,,,,
NYC,hour,2023-09-18 01:00:00,2023-09-18,1,0,0,fall,499,,,,
NYC,hour,2023-09-18 02:00:00,2023-09-18,2,0,0,fall,289,,,,
NYC,hour,2023-09-18 03:00:00,2023-09-18,3,0,0,fall,137,,,,
NYC,hour,2023-09-18 04:00:00,2023-09-18,4,0,0,fall,113,,,,
NYC,hour,2023-09-18 05:00:00,2023-09-18,5,0,0,fall,344,,,,
NYC,hour,2023-09-18 06:00:00,2023-09-18,6,0,0,fall,825,,,,
NYC,hour,2023-09-18 07:00:00,2023-09-18,7,0,0,fall,2128,,,,
NYC,hour,2023-09-18 08:00:00,2023-09-18,8,0,0,fall,2994,,,,
NYC,hour,2023-09-18 09:00:00,2023-09-18,9,0,0,fall,2328,,,,
NYC,hour,2023-09-18 10:00:00,2023-09-18,10,0,0,fall,1082,,,,
NYC,hour,2023-09-18 11:00:00,2023-09-18,11,0,0,fall,1269,,,,
NYC,hour,2023-09-18 12:00:00,2023-09-18,12,0,0,fall,2637,,,,
NYC,hour,2023-09-18 13:00:00,2023-09-18,13,0,0,fall,2652,,,,
NYC,hour,2023-09-18 14:00:00,2023-09-18,14,0,0,fall,3812,,,,
NYC,hour,2023-09-18 15:00:00,2023-09-18,15,0,0,fall,5737,,,,
NYC,hour,2023-09-18 16:00:00,2023-09-18,16,0,0,fall,6009,,,,
NYC,hour,2023-09-18 17:00:00,2023-09-18,17,0,0,fall,4056,,,,
NYC,hour,2023-09-18 18:00:00,2023-09-18,18,0,0,fall,4268,,,,
NYC,hour,2023-09-18 19:00:00,2023-09-18,19,0,0,fall,5215,,,,
NYC,hour,2023-09-18 20:00:00,2023-09-18,20,0,0,fall,4565,,,,
NYC,hour,2023-09-18 21:00:00,2023-09-18,21,0,0,fall,3593,,,,
NYC,hour,2023-09-18 22:00:00,2023-09-18,22,0,0,fall,2755,,,,
NYC,hour,2023-09-18 23:00:00,2023-09-18,23,0,0,fall,1841,,,,
NYC,hour,2023-09-19 00:00:00,2023-09-19,0,1,0,fall,1083,,,,
NYC,hour,2023-09-19 01:00:00,2023-09-19,1,1,0,fall,500,,,,
NYC,hour,2023-09-19 02:00:00,2023-09-19,2,1,0,fall,314,,,,
NYC,hour,2023-09-19 03:00:00,2023-09-19,3,1,0,fall,202,,,,
NYC,hour,2023-09-19 04:00:00,2023-09-19,4,1,0,fall,299,,,,
NYC,hour,2023-09-19 05:00:00,2023-09-19,5,1,0,fall,1220,,,,
NYC,hour,2023-09-19 06:00:00,2023-09-19,6,1,0,fall,3570,,,,
NYC,hour,2023-09-19 07:00:00,2023-09-19,7,1,0,fall,8430,,,,
NYC,hour,2023-09-19 08:00:00,2023-09-19,8,1,0,fall,12112,,,,
NYC,hour,2023-09-19 09:00:00,2023-09-19,9,1,0,fall,8252,,,,
NYC,hour,2023-09-19 10:00:00,2023-09-19,10,1,0,fall,6098,,,,
NYC,hour,2023-09-19 11:00:00,2023-09-19,11,1,0,fall,5916,,,,
NYC,hour,2023-09-19 12:00:00,2023-09-19,12,1,0,fall,6655,,,,
NYC,hour,2023-09-19 13:00:00,2023-09-19,13,1,0,fall,6949,,,,
NYC,hour,2023-09-19 14:00:00,2023-09-19,14,1,0,fall,7942,,,,
NYC,hour,2023-09-19 15:00:00,2023-09-19,15,1,0,fall,9303,,,,
NYC,hour,2023-09-19 16:00:00,2023-09-19,16,1,0,fall,11379,,,,
NYC,hour,2023-09-19 17:00:00,2023-09-19,17,1,0,fall,16144,,,,
NYC,hour,2023-09-19 18:00:00,2023-09-19,18,1,0,fall,15701,,,,
NYC,hour,2023-09-19 19:00:00,2023-09-19,19,1,0,fall,10788,,,,
NYC,hour,2023-09-19 20:00:00,2023-09-19,20,1,0,fall,7163,,,,
NYC,hour,2023-09-19 21:00:00,2023-09-19,21,1,0,fall,5545,,,,
NYC,hour,2023-09-19 22:00:00,2023-09-19,22,1,0,fall,4111,,,,
NYC,hour,2023-09-19 23:00:00,2023-09-19,23,1,0,fall,2628,,,,
NYC,hour,2023-09-20 00:00:00,2023-09-20,0,2,0,fall,1327,,,,
NYC,hour,2023-09-20 01:00:00,2023-09-20,1,2,0,fall,654,,,,
NYC,hour,2023-09-20 02:00:00,2023-09-20,2,2,0,fall,357,,,,
NYC,hour,2023-09-20 03:00:00,2023-09-20,3,2,0,fall,221,,,,
NYC,hour,2023-09-20 04:00:00,2023-09-20,4,2,0,fall,352,,,,
NYC,hour,2023-09-20 05:00:00,2023-09-20,5,2,0,fall,1174,,,,
NYC,hour,2023-09-20 06:00:00,2023-09-20,6,2,0,fall,3635,,,,
NYC,hour,2023-09-20 07:00:00,2023-09-20,7,2,0,fall,8434,,,,
NYC,hour,2023-09-20 08:00:00,2023-09-20,8,2,0,fall,12498,,,,
NYC,hour,2023-09-20 09:00:00,2023-09-20,9,2,0,fall,8624,,,,
NYC,hour,2023-09-20 10:00:00,2023-09-20,10,2,0,fall,6081,,,,
NYC,hour,2023-09-20 11:00:00,2023-09-20,11,2,0,fall,6028,,,,
NYC,hour,2023-09-20 12:00:00,2023-09-20,12,2,0,fall,6818,,,,
NYC,hour,2023-09-20 13:00:00,2023-09-20,13,2,0,fall,7130,,,,
NYC,hour,2023-09-20 14:00:00,2023-09-20,14,2,0,fall,8218,,,,
NYC,hour,2023-09-20 15:00:00,2023-09-20,15,2,0,fall,9534,,,,
NYC,hour,2023-09-20 16:00:00,2023-09-20,16,2,0,fall,11147,,,,
NYC,hour,2023-09-20 17:00:00,2023-09-20,17,2,0,fall,16041,,,,
NYC,hour,2023-09-20 18:00:00,2023-09-20,18,2,0,fall,15687,,,,
NYC,hour,2023-09-20 19:00:00,2023-09-20,19,2,0,fall,11207,,,,
NYC,hour,2023-09-20 20:00:00,2023-09-20,20,2,0,fall,7575,,,,
NYC,hour,2023-09-20 21:00:00,2023-09-20,21,2,0,fall,5792,,,,
NYC,hour,2023-09-20 22:00:00,2023-09-20,22,2,0,fall,4603,,,,
NYC,hour,2023-09-20 23:00:00,2023-09-20,23,2,0,fall,3009,,,,
NYC,hour,2023-09-21 00:00:00,2023-09-21,0,3,0,fall,1643,,,,
NYC,hour,2023-09-21 01:00:00,2023-09-21,1,3,0,fall,815,,,,
NYC,hour,2023-09-21 02:00:00,2023-09-21,2,3,0,fall,466,,,,
NYC,hour,2023-09-21 03:00:00,2023-09-21,3,3,0,fall,301,,,,
NYC,hour,2023-09-21 04:00:00,2023-09-21,4,3,0,fall,351,,,,
NYC,hour,2023-09-21 05:00:00,2023-09-21,5,3,0,fall,1117,,,,
NYC,hour,2023-09-21 06:00:00,2023-09-21,6,3,0,fall,3469,,,,
NYC,hour,2023-09-21 07:00:00,2023-09-21,7,3,0,fall,8066,,,,
NYC,hour,2023-09-21 08:00:00,2023-09-21,8,3,0,fall,11747,,,,
NYC,hour,2023-09-21 09:00:00,2023-09-21,9,3,0,fall,8415,,,,
NYC,hour,2023-09-21 10:00:00,2023-09-21,10,3,0,fall,6004,,,,
NYC,hour,2023-09-21 11:00:00,2023-09-21,11,3,0,fall,6006,,,,
NYC,hour,2023-09-21 12:00:00,2023-09-21,12,3,0,fall,6825,,,,
NYC,hour,2023-09-21 13:00:00,2023-09-21,13,3,0,fall,7064,,,,
NYC,hour,2023-09-21 14:00:00,2023-09-21,14,3,0,fall,8124,,,,
NYC,hour,2023-09-21 15:00:00,2023-09-21,15,3,0,fall,9501,,,,
NYC,hour,2023-09-21 16:00:00,2023-09-21,16,3,0,fall,11095,,,,
NYC,hour,2023-09-21 17:00:00,2023-09-21,17,3,0,fall,15504,,,,
NYC,hour,2023-09-21 18:00:00,2023-09-21,18,3,0,fall,14956,,,,
NYC,hour,2023-09-21 19:00:00,2023-09-21,19,3,0,fall,10969,,,,
NYC,hour,2023-09-21 20:00:00,2023-09-21,20,3,0,fall,7318,,,,
NYC,hour,2023-09-21 21:00:00,2023-09-21,21,3,0,fall,5551,,,,
NYC,hour,2023-09-21 22:00:00,2023-09-21,22,3,0,fall,4491,,,,
NYC,hour,2023-09-21 23:00:00,2023-09-21,23,3,0,fall,3418,,,,
NYC,hour,2023-09-22 00:00:00,2023-09-22,0,4,0,fall,1928,,,,
NYC,hour,2023-09-22 01:00:00,2023-09-22,1,4,0,fall,1108,,,,
NYC,hour,2023-09-22 02:00:00,2023-09-22,2,4,0,fall,724,,,,
NYC,hour,2023-09-22 03:00:00,2023-09-22,3,4,0,fall,424,,,,
NYC,hour,2023-09-22 04:00:00,2023-09-22,4,4,0,fall,449,,,,
NYC,hour,2023-09-22 05:00:00,2023-09-22,5,4,0,fall,1098,,,,
NYC,hour,2023-09-22 06:00:00,2023-09-22,6,4,0,fall,3056,,,,
NYC,hour,2023-09-22 07:00:00,2023-09-22,7,4,0,fall,6857,,,,
NYC,hour,2023-09-22 08:00:00,2023-09-22,8,4,0,fall,9511,,,,
NYC,hour,2023-09-22 09:00:00,2023-09-22,9,4,0,fall,7715,,,,
NYC,hour,2023-09-22 10:00:00,2023-09-22,10,4,0,fall,6432,,,,
NYC,hour,2023-09-22 11:00:00,2023-09-22,11,4,0,fall,6790,,,,
NYC,hour,2023-09-22 12:00:00,2023-09-22,12,4,0,fall,7712,,,,
NYC,hour,2023-09-22 13:00:00,2023-09-22,13,4,0,fall,8589,,,,
NYC,hour,2023-09-22 14:00:00,2023-09-22,14,4,0,fall,9132,,,,
NYC,hour,2023-09-22 15:00:00,2023-09-22,15,4,0,fall,10342,,,,
NYC,hour,2023-09-22 16:00:00,2023-09-22,16,4,0,fall,11621,,,,
NYC,hour,2023-09-22 17:00:00,2023-09-22,17,4,0,fall,13799,,,,
NYC,hour,2023-09-22 18:00:00,2023-09-22,18,4,0,fall,12410,,,,
NYC,hour,2023-09-22 19:00:00,2023-09-22,19,4,0,fall,9401,,,,
NYC,hour,2023-09-22 20:00:00,2023-09-22,20,4,0,fall,6563,,,,
NYC,hour,2023-09-22 21:00:00,2023-09-22,21,4,0,fall,5036,,,,
NYC,hour,2023-09-22 22:00:00,2023-09-22,22,4,0,fall,4431,,,,
NYC,hour,2023-09-22 23:00:00,2023-09-22,23,4,0,fall,3897,,,,
NYC,hour,2023-09-23 00:00:00,2023-09-23,0,5,1,fall,2933,,,,
NYC,hour,2023-09-23 01:00:00,2023-09-23,1,5,1,fall,2153,,,,
NYC,hour,2023-09-23 02:00:00,2023-09-23,2,5,1,fall,1476,,,,
NYC,hour,2023-09-23 03:00:00,2023-09-23,3,5,1,fall,1031,,,,
NYC,hour,2023-09-23 04:00:00,2023-09-23,4,5,1,fall,530,,,,
NYC,hour,2023-09-23 05:00:00,2023-09-23,5,5,1,fall,314,,,,
NYC,hour,2023-09-23 06:00:00,2023-09-23,6,5,1,fall,534,,,,
NYC,hour,2023-09-23 07:00:00,2023-09-23,7,5,1,fall,1282,,,,
NYC,hour,2023-09-23 08:00:00,2023-09-23,8,5,1,fall,1309,,,,
NYC,hour,2023-09-23 09:00:00,2023-09-23,9,5,1,fall,1268,,,,
NYC,hour,2023-09-23 10:00:00,2023-09-23,10,5,1,fall,1361,,,,
NYC,hour,2023-09-23 11:00:00,2023-09-23,11,5,1,fall,1564,,,,
NYC,hour,2023-09-23 12:00:00,2023-09-23,12,5,1,fall,1776,,,,
NYC,hour,2023-09-23 13:00:00,2023-09-23,13,5,1,fall,1849,,,,
NYC,hour,2023-09-23 14:00:00,2023-09-23,14,5,1,fall,1358,,,,
NYC,hour,2023-09-23 15:00:00,2023-09-23,15,5,1,fall,1266,,,,
NYC,hour,2023-09-23 16:00:00,2023-09-23,16,5,1,fall,1100,,,,
NYC,hour,2023-09-23 17:00:00,2023-09-23,17,5,1,fall,1359,,,,
NYC,hour,2023-09-23 18:00:00,2023-09-23,18,5,1,fall,2263,,,,
NYC,hour,2023-09-23 19:00:00,2023-09-23,19,5,1,fall,2385,,,,
NYC,hour,2023-09-23 20:00:00,2023-09-23,20,5,1,fall,1372,,,,
NYC,hour,2023-09-23 21:00:00,2023-09-23,21,5,1,fall,1632,,,,
NYC,hour,2023-09-23 22:00:00,2023-09-23,22,5,1,fall,1988,,,,
NYC,hour,2023-09-23 23:00:00,2023-09-23,23,5,1,fall,1966,,,,
NYC,hour,2023-09-24 00:00:00,2023-09-24,0,6,1,fall,1451,,,,
NYC,hour,2023-09-24 01:00:00,2023-09-24,1,6,1,fall,915,,,,
NYC,hour,2023-09-24 02:00:00,2023-09-24,2,6,1,fall,700,,,,
NYC,hour,2023-09-24 03:00:00,2023-09-24,3,6,1,fall,470,,,,
NYC,hour,2023-09-24 04:00:00,2023-09-24,4,6,1,fall,310,,,,
NYC,hour,2023-09-24 05:00:00,2023-09-24,5,6,1,fall,247,,,,
NYC,hour,2023-09-24 06:00:00,2023-09-24,6,6,1,fall,338,,,,
NYC,hour,2023-09-24 07:00:00,2023-09-24,7,6,1,fall,419,,,,
NYC,hour,2023-09-24 08:00:00,2023-09-24,8,6,1,fall,744,,,,
NYC,hour,2023-09-24 09:00:00,2023-09-24,9,6,1,fall,1637,,,,
NYC,hour,2023-09-24 10:00:00,2023-09-24,10,6,1,fall,3308,,,,
NYC,hour,2023-09-24 11:00:00,2023-09-24,11,6,1,fall,3499,,,,
NYC,hour,2023-09-24 12:00:00,2023-09-24,12,6,1,fall,4078,,,,
NYC,hour,2023-09-24 13:00:00,2023-09-24,13,6,1,fall,2005,,,,
NYC,hour,2023-09-24 14:00:00,2023-09-24,14,6,1,fall,2755,,,,
NYC,hour,2023-09-24 15:00:00,2023-09-24,15,6,1,fall,1714,,,,
NYC,hour,2023-09-24 16:00:00,2023-09-24,16,6,1,fall,2425,,,,
NYC,hour,2023-09-24 17:00:00,2023-09-24,17,6,1,fall,1650,,,,
NYC,hour,2023-09-24 18:00:00,2023-09-24,18,6,1,fall,1310,,,,
NYC,hour,2023-09-24 19:00:00,2023-09-24,19,6,1,fall,1267,,,,
NYC,hour,2023-09-24 20:00:00,2023-09-24,20,6,1,fall,936,,,,
NYC,hour,2023-09-24 21:00:00,2023-09-24,21,6,1,fall,906,,,,
NYC,hour,2023-09-24 22:00:00,2023-09-24,22,6,1,fall,1042,,,,
NYC,hour,2023-09-24 23:00:00,2023-09-24,23,6,1,fall,738,,,,
NYC,hour,2023-09-25 00:00:00,2023-09-25,0,0,0,fall,506,,,,
NYC,hour,2023-09-25 01:00:00,2023-09-25,1,0,0,fall,270,,,,
NYC,hour,2023-09-25 02:00:00,2023-09-25,2,0,0,fall,178,,,,
NYC,hour,2023-09-25 03:00:00,2023-09-25,3,0,0,fall,107,,,,
NYC,hour,2023-09-25 04:00:00,2023-09-25,4,0,0,fall,155,,,,
NYC,hour,2023-09-25 05:00:00,2023-09-25,5,0,0,fall,435,,,,
NYC,hour,2023-09-25 06:00:00,2023-09-25,6,0,0,fall,958,,,,
NYC,hour,2023-09-25 07:00:00,2023-09-25,7,0,0,fall,1619,,,,
NYC,hour,2023-09-25 08:00:00,2023-09-25,8,0,0,fall,2232,,,,
NYC,hour,2023-09-25 09:00:00,2023-09-25,9,0,0,fall,1382,,,,
NYC,hour,2023-09-25 10:00:00,2023-09-25,10,0,0,fall,1225,,,,
NYC,hour,2023-09-25 11:00:00,2023-09-25,11,0,0,fall,1269,,,,
NYC,hour,2023-09-25 12:00:00,2023-09-25,12,0,0,fall,1772,,,,
NYC,hour,2023-09-25 13:00:00,2023-09-25,13,0,0,fall,2255,,,,
NYC,hour,2023-09-25 14:00:00,2023-09-25,14,0,0,fall,2951,,,,
NYC,hour,2023-09-25 15:00:00,2023-09-25,15,0,0,fall,2706,,,,
NYC,hour,2023-09-25 16:00:00,2023-09-25,16,0,0,fall,2466,,,,
NYC,hour,2023-09-25 17:00:00,2023-09-25,17,0,0,fall,4149,,,,
NYC,hour,2023-09-25 18:00:00,2023-09-25,18,0,0,fall,4094,,,,
NYC,hour,2023-09-25 19:00:00,2023-09-25,19,0,0,fall,3865,,,,
NYC,hour,2023-09-25 20:00:00,2023-09-25,20,0,0,fall,3075,,,,
NYC,hour,2023-09-25 21:00:00,2023-09-25,21,0,0,fall,2212,,,,
NYC,hour,2023-09-25 22:00:00,2023-09-25,22,0,0,fall,1954,,,,
NYC,hour,2023-09-25 23:00:00,2023-09-25,23,0,0,fall,1471,,,,
NYC,hour,2023-09-26 00:00:00,2023-09-26,0,1,0,fall,779,,,,
NYC,hour,2023-09-26 01:00:00,2023-09-26,1,1,0,fall,277,,,,
NYC,hour,2023-09-26 02:00:00,2023-09-26,2,1,0,fall,280,,,,
NYC,hour,2023-09-26 03:00:00,2023-09-26,3,1,0,fall,190,,,,
NYC,hour,2023-09-26 04:00:00,2023-09-26,4,1,0,fall,310,,,,
NYC,hour,2023-09-26 05:00:00,2023-09-26,5,1,0,fall,949,,,,
NYC,hour,2023-09-26 06:00:00,2023-09-26,6,1,0,fall,2279,,,,
NYC,hour,2023-09-26 07:00:00,2023-09-26,7,1,0,fall,5079,,,,
NYC,hour,2023-09-26 08:00:00,2023-09-26,8,1,0,fall,7359,,,,
NYC,hour,2023-09-26 09:00:00,2023-09-26,9,1,0,fall,4711,,,,
NYC,hour,2023-09-26 10:00:00,2023-09-26,10,1,0,fall,2503,,,,
NYC,hour,2023-09-26 11:00:00,2023-09-26,11,1,0,fall,1909,,,,
NYC,hour,2023-09-26 12:00:00,2023-09-26,12,1,0,fall,2314,,,,
NYC,hour,2023-09-26 13:00:00,2023-09-26,13,1,0,fall,2703,,,,
NYC,hour,2023-09-26 14:00:00,2023-09-26,14,1,0,fall,2547,,,,
NYC,hour,2023-09-26 15:00:00,2023-09-26,15,1,0,fall,3286,,,,
NYC,hour,2023-09-26 16:00:00,2023-09-26,16,1,0,fall,4758,,,,
NYC,hour,2023-09-26 17:00:00,2023-09-26,17,1,0,fall,8933,,,,
NYC,hour,2023-09-26 18:00:00,2023-09-26,18,1,0,fall,10180,,,,
NYC,hour,2023-09-26 19:00:00,2023-09-26,19,1,0,fall,7531,,,,
NYC,hour,2023-09-26 20:00:00,2023-09-26,20,1,0,fall,5559,,,,
NYC,hour,2023-09-26 21:00:00,2023-09-26,21,1,0,fall,4286,,,,
NYC,hour,2023-09-26 22:00:00,2023-09-26,22,1,0,fall,3222,,,,
NYC,hour,2023-09-26 23:00:00,2023-09-26,23,1,0,fall,2079,,,,
NYC,hour,2023-09-27 00:00:00,2023-09-27,0,2,0,fall,1223,,,,
NYC,hour,2023-09-27 01:00:00,2023-09-27,1,2,0,fall,597,,,,
NYC,hour,2023-09-27 02:00:00,2023-09-27,2,2,0,fall,338,,,,
NYC,hour,2023-09-27 03:00:00,2023-09-27,3,2,0,fall,241,,,,
NYC,hour,2023-09-27 04:00:00,2023-09-27,4,2,0,fall,285,,,,
NYC,hour,2023-09-27 05:00:00,2023-09-27,5,2,0,fall,1031,,,,
NYC,hour,2023-09-27 06:00:00,2023-09-27,6,2,0,fall,3159,,,,
NYC,hour,2023-09-27 07:00:00,2023-09-27,7,2,0,fall,7308,,,,
NYC,hour,2023-09-27 08:00:00,2023-09-27,8,2,0,fall,11091,,,,
NYC,hour,2023-09-27 09:00:00,2023-09-27,9,2,0,fall,7945,,,,
NYC,hour,2023-09-27 10:00:00,2023-09-27,10,2,0,fall,5657,,,,
NYC,hour,2023-09-27 11:00:00,2023-09-27,11,2,0,fall,5637,,,,
NYC,hour,2023-09-27 12:00:00,2023-09-27,12,2,0,fall,6372,,,,
NYC,hour,2023-09-27 13:00:00,2023-09-27,13,2,0,fall,6630,,,,
NYC,hour,2023-09-27 14:00:00,2023-09-27,14,2,0,fall,7497,,,,
NYC,hour,2023-09-27 15:00:00,2023-09-27,15,2,0,fall,8374,,,,
NYC,hour,2023-09-27 16:00:00,2023-09-27,16,2,0,fall,10000,,,,
NYC,hour,2023-09-27 17:00:00,2023-09-27,17,2,0,fall,14064,,,,
NYC,hour,2023-09-27 18:00:00,2023-09-27,18,2,0,fall,13293,,,,
NYC,hour,2023-09-27 19:00:00,2023-09-27,19,2,0,fall,9534,,,,
NYC,hour,2023-09-27 20:00:00,2023-09-27,20,2,0,fall,6493,,,,
NYC,hour,2023-09-27 21:00:00,2023-09-27,21,2,0,fall,4977,,,,
NYC,hour,2023-09-27 22:00:00,2023-09-27,22,2,0,fall,3775,,,,
NYC,hour,2023-09-27 23:00:00,2023-09-27,23,2,0,fall,2640,,,,
NYC,hour,2023-09-28 00:00:00,2023-09-28,0,3,0,fall,1376,,,,
NYC,hour,2023-09-28 01:00:00,2023-09-28,1,3,0,fall,749,,,,
NYC,hour,2023-09-28 02:00:00,2023-09-28,2,3,0,fall,439,,,,
NYC,hour,2023-09-28 03:00:00,2023-09-28,3,3,0,fall,334,,,,
NYC,hour,2023-09-28 04:00:00,2023-09-28,4,3,0,fall,374,,,,
NYC,hour,2023-09-28 05:00:00,2023-09-28,5,3,0,fall,1069,,,,
NYC,hour,2023-09-28 06:00:00,2023-09-28,6,3,0,fall,3043,,,,
NYC,hour,2023-09-28 07:00:00,2023-09-28,7,3,0,fall,7117,,,,
NYC,hour,2023-09-28 08:00:00,2023-09-28,8,3,0,fall,10579,,,,
NYC,hour,2023-09-28 09:00:00,2023-09-28,9,3,0,fall,7425,,,,
NYC,hour,2023-09-28 10:00:00,2023-09-28,10,3,0,fall,5228,,,,
NYC,hour,2023-09-28 11:00:00,2023-09-28,11,3,0,fall,5075,,,,
NYC,hour,2023-09-28 12:00:00,2023-09-28,12,3,0,fall,5710,,,,
NYC,hour,2023-09-28 13:00:00,2023-09-28,13,3,0,fall,5006,,,,
NYC,hour,2023-09-28 14:00:00,2023-09-28,14,3,0,fall,6584,,,,
NYC,hour,2023-09-28 15:00:00,2023-09-28,15,3,0,fall,7972,,,,
NYC,hour,2023-09-28 16:00:00,2023-09-28,16,3,0,fall,8740,,,,
NYC,hour,2023-09-28 17:00:00,2023-09-28,17,3,0,fall,5083,,,,
NYC,hour,2023-09-28 18:00:00,2023-09-28,18,3,0,fall,7624,,,,
NYC,hour,2023-09-28 19:00:00,2023-09-28,19,3,0,fall,6977,,,,
NYC,hour,2023-09-28 20:00:00,2023-09-28,20,3,0,fall,5427,,,,
NYC,hour,2023-09-28 21:00:00,2023-09-28,21,3,0,fall,2971,,,,
NYC,hour,2023-09-28 22:00:00,2023-09-28,22,3,0,fall,1687,,,,
NYC,hour,2023-09-28 23:00:00,2023-09-28,23,3,0,fall,945,,,,
NYC,hour,2023-09-29 00:00:00,2023-09-29,0,4,0,fall,342,,,,
NYC,hour,2023-09-29 01:00:00,2023-09-29,1,4,0,fall,228,,,,
NYC,hour,2023-09-29 02:00:00,2023-09-29,2,4,0,fall,185,,,,
NYC,hour,2023-09-29 03:00:00,2023-09-29,3,4,0,fall,75,,,,
NYC,hour,2023-09-29 04:00:00,2023-09-29,4,4,0,fall,161,,,,
NYC,hour,2023-09-29 05:00:00,2023-09-29,5,4,0,fall,262,,,,
NYC,hour,2023-09-29 06:00:00,2023-09-29,6,4,0,fall,548,,,,
NYC,hour,2023-09-29 07:00:00,2023-09-29,7,4,0,fall,1027,,,,
NYC,hour,2023-09-29 08:00:00,2023-09-29,8,4,0,fall,744,,,,
NYC,hour,2023-09-29 09:00:00,2023-09-29,9,4,0,fall,628,,,,
NYC,hour,2023-09-29 10:00:00,2023-09-29,10,4,0,fall,1022,,,,
NYC,hour,2023-09-29 11:00:00,2023-09-29,11,4,0,fall,1889,,,,
NYC,hour,2023-09-29 12:00:00,2023-09-29,12,4,0,fall,1859,,,,
NYC,hour,2023-09-29 13:00:00,2023-09-29,13,4,0,fall,1609,,,,
NYC,hour,2023-09-29 14:00:00,2023-09-29,14,4,0,fall,2660,,,,
NYC,hour,2023-09-29 15:00:00,2023-09-29,15,4,0,fall,4137,,,,
NYC,hour,2023-09-29 16:00:00,2023-09-29,16,4,0,fall,6079,,,,
NYC,hour,2023-09-29 17:00:00,2023-09-29,17,4,0,fall,6704,,,,
NYC,hour,2023-09-29 18:00:00,2023-09-29,18,4,0,fall,5227,,,,
NYC,hour,2023-09-29 19:00:00,2023-09-29,19,4,0,fall,3523,,,,
NYC,hour,2023-09-29 20:00:00,2023-09-29,20,4,0,fall,3057,,,,
NYC,hour,2023-09-29 21:00:00,2023-09-29,21,4,0,fall,2546,,,,
NYC,hour,2023-09-29 22:00:00,2023-09-29,22,4,0,fall,2471,,,,
NYC,hour,2023-09-29 23:00:00,2023-09-29,23,4,0,fall,2201,,,,
NYC,hour,2023-09-30 00:00:00,2023-09-30,0,5,1,fall,1891,,,,
NYC,hour,2023-09-30 01:00:00,2023-09-30,1,5,1,fall,1349,,,,
NYC,hour,2023-09-30 02:00:00,2023-09-30,2,5,1,fall,970,,,,
NYC,hour,2023-09-30 03:00:00,2023-09-30,3,5,1,fall,717,,,,
NYC,hour,2023-09-30 04:00:00,2023-09-30,4,5,1,fall,481,,,,
NYC,hour,2023-09-30 05:00:00,2023-09-30,5,5,1,fall,382,,,,
NYC,hour,2023-09-30 06:00:00,2023-09-30,6,5,1,fall,755,,,,
NYC,hour,2023-09-30 07:00:00,2023-09-30,7,5,1,fall,1369,,,,
NYC,hour,2023-09-30 08:00:00,2023-09-30,8,5,1,fall,1785,,,,
NYC,hour,2023-09-30 09:00:00,2023-09-30,9,5,1,fall,2494,,,,
NYC,hour,2023-09-30 10:00:00,2023-09-30,10,5,1,fall,3328,,,,
NYC,hour,2023-09-30 11:00:00,2023-09-30,11,5,1,fall,4384,,,,
NYC,hour,2023-09-30 12:00:00,2023-09-30,12,5,1,fall,6632,,,,
NYC,hour,2023-09-30 13:00:00,2023-09-30,13,5,1,fall,7422,,,,
NYC,hour,2023-09-30 14:00:00,2023-09-30,14,5,1,fall,8297,,,,
NYC,hour,2023-09-30 15:00:00,2023-09-30,15,5,1,fall,9183,,,,
NYC,hour,2023-09-30 16:00:00,2023-09-30,16,5,1,fall,9409,,,,
NYC,hour,2023-09-30 17:00:00,2023-09-30,17,5,1,fall,9167,,,,
NYC,hour,2023-09-30 18:00:00,2023-09-30,18,5,1,fall,8744,,,,
NYC,hour,2023-09-30 19:00:00,2023-09-30,19,5,1,fall,7033,,,,
NYC,hour,2023-09-30 20:00:00,2023-09-30,20,5,1,fall,5138,,,,
NYC,hour,2023-09-30 21:00:00,2023-09-30,21,5,1,fall,4341,,,,
NYC,hour,2023-09-30 22:00:00,2023-09-30,22,5,1,fall,3986,,,,
NYC,hour,2023-09-30 23:00:00,2023-09-30,23,5,1,fall,3746,,,,
NYC,hour,2023-10-01 00:00:00,2023-10-01,0,6,1,fall,3022,,,,
NYC,hour,2023-10-01 01:00:00,2023-10-01,1,6,1,fall,2301,,,,
NYC,hour,2023-10-01 02:00:00,2023-10-01,2,6,1,fall,1411,,,,
NYC,hour,2023-10-01 03:00:00,2023-10-01,3,6,1,fall,984,,,,
NYC,hour,2023-10-01 04:00:00,2023-10-01,4,6,1,fall,623,,,,
NYC,hour,2023-10-01 05:00:00,2023-10-01,5,6,1,fall,482,,,,
NYC,hour,2023-10-01 06:00:00,2023-10-01,6,6,1,fall,840,,,,
NYC,hour,2023-10-01 07:00:00,2023-10-01,7,6,1,fall,1533,,,,
NYC,hour,2023-10-01 08:00:00,2023-10-01,8,6,1,fall,2802,,,,
NYC,hour,2023-10-01 09:00:00,2023-10-01,9,6,1,fall,4531,,,,
NYC,hour,2023-10-01 10:00:00,2023-10-01,10,6,1,fall,6529,,,,
NYC,hour,2023-10-01 11:00:00,2023-10-01,11,6,1,fall,8581,,,,
NYC,hour,2023-10-01 12:00:00,2023-10-01,12,6,1,fall,10473,,,,
NYC,hour,2023-10-01 13:00:00,2023-10-01,13,6,1,fall,10862,,,,
NYC,hour,2023-10-01 14:00:00,2023-10-01,14,6,1,fall,11272,,,,
NYC,hour,2023-10-01 15:00:00,2023-10-01,15,6,1,fall,11396,,,,
NYC,hour,2023-10-01 16:00:00,2023-10-01,16,6,1,fall,11699,,,,
NYC,hour,2023-10-01 17:00:00,2023-10-01,17,6,1,fall,11014,,,,
NYC,hour,2023-10-01 18:00:00,2023-10-01,18,6,1,fall,9996,,,,
NYC,hour,2023-10-01 19:00:00,2023-10-01,19,6,1,fall,7376,,,,
NYC,hour,2023-10-01 20:00:00,2023-10-01,20,6,1,fall,5151,,,,
NYC,hour,2023-10-01 21:00:00,2023-10-01,21,6,1,fall,3882,,,,
NYC,hour,2023-10-01 22:00:00,2023-10-01,22,6,1,fall,2925,,,,
NYC,hour,2023-10-01 23:00:00,2023-10-01,23,6,1,fall,2074,,,,
NYC,hour,2023-10-02 00:00:00,2023-10-02,0,0,0,fall,1259,,,,
NYC,hour,2023-10-02 01:00:00,2023-10-02,1,0,0,fall,637,,,,
NYC,hour,2023-10-02 02:00:00,2023-10-02,2,0,0,fall,383,,,,
NYC,hour,2023-10-02 03:00:00,2023-10-02,3,0,0,fall,299,,,,
NYC,hour,2023-10-02 04:00:00,2023-10-02,4,0,0,fall,343,,,,
NYC,hour,2023-10-02 05:00:00,2023-10-02,5,0,0,fall,1029,,,,
NYC,hour,2023-10-02 06:00:00,2023-10-02,6,0,0,fall,3035,,,,
NYC,hour,2023-10-02 07:00:00,2023-10-02,7,0,0,fall,7239,,,,
NYC,hour,2023-10-02 08:00:00,2023-10-02,8,0,0,fall,10106,,,,
NYC,hour,2023-10-02 09:00:00,2023-10-02,9,0,0,fall,7182,,,,
NYC,hour,2023-10-02 10:00:00,2023-10-02,10,0,0,fall,5435,,,,
NYC,hour,2023-10-02 11:00:00,2023-10-02,11,0,0,fall,5416,,,,
NYC,hour,2023-10-02 12:00:00,2023-10-02,12,0,0,fall,6296,,,,
NYC,hour,2023-10-02 13:00:00,2023-10-02,13,0,0,fall,6593,,,,
NYC,hour,2023-10-02 14:00:00,2023-10-02,14,0,0,fall,7782,,,,
NYC,hour,2023-10-02 15:00:00,2023-10-02,15,0,0,fall,8755,,,,
NYC,hour,2023-10-02 16:00:00,2023-10-02,16,0,0,fall,10390,,,,
NYC,hour,2023-10-02 17:00:00,2023-10-02,17,0,0,fall,14619,,,,
NYC,hour,2023-10-02 18:00:00,2023-10-02,18,0,0,fall,13665,,,,
NYC,hour,2023-10-02 19:00:00,2023-10-02,19,0,0,fall,9151,,,,
NYC,hour,2023-10-02 20:00:00,2023-10-02,20,0,0,fall,6121,,,,
NYC,hour,2023-10-02 21:00:00,2023-10-02,21,0,0,fall,4441,,,,
NYC,hour,2023-10-02 22:00:00,2023-10-02,22,0,0,fall,3267,,,,
NYC,hour,2023-10-02 23:00:00,2023-10-02,23,0,0,fall,2280,,,,
NYC,hour,2023-10-03 00:00:00,2023-10-03,0,1,0,fall,1325,,,,
NYC,hour,2023-10-03 01:00:00,2023-10-03,1,1,0,fall,673,,,,
NYC,hour,2023-10-03 02:00:00,2023-10-03,2,1,0,fall,389,,,,
NYC,hour,2023-10-03 03:00:00,2023-10-03,3,1,0,fall,269,,,,
NYC,hour,2023-10-03 04:00:00,2023-10-03,4,1,0,fall,366,,,,
NYC,hour,2023-10-03 05:00:00,2023-10-03,5,1,0,fall,1118,,,,
NYC,hour,2023-10-03 06:00:00,2023-10-03,6,1,0,fall,3611,,,,
NYC,hour,2023-10-03 07:00:00,2023-10-03,7,1,0,fall,8105,,,,
NYC,hour,2023-10-03 08:00:00,2023-10-03,8,1,0,fall,11909,,,,
NYC,hour,2023-10-03 09:00:00,2023-10-03,9,1,0,fall,8331,,,,
NYC,hour,2023-10-03 10:00:00,2023-10-03,10,1,0,fall,5798,,,,
NYC,hour,2023-10-03 11:00:00,2023-10-03,11,1,0,fall,5579,,,,
NYC,hour,2023-10-03 12:00:00,2023-10-03,12,1,0,fall,6356,,,,
NYC,hour,2023-10-03 13:00:00,2023-10-03,13,1,0,fall,6636,,,,
NYC,hour,2023-10-03 14:00:00,2023-10-03,14,1,0,fall,7751,,,,
NYC,hour,2023-10-03 15:00:00,2023-10-03,15,1,0,fall,8829,,,,
NYC,hour,2023-10-03 16:00:00,2023-10-03,16,1,0,fall,10895,,,,
NYC,hour,2023-10-03 17:00:00,2023-10-03,17,1,0,fall,15624,,,,
NYC,hour,2023-10-03 18:00:00,2023-10-03,18,1,0,fall,14721,,,,
NYC,hour,2023-10-03 19:00:00,2023-10-03,19,1,0,fall,10056,,,,
NYC,hour,2023-10-03 20:00:00,2023-10-03,20,1,0,fall,6659,,,,
NYC,hour,2023-10-03 21:00:00,2023-10-03,21,1,0,fall,5274,,,,
NYC,hour,2023-10-03 22:00:00,2023-10-03,22,1,0,fall,3946,,,,
NYC,hour,2023-10-03 23:00:00,2023-10-03,23,1,0,fall,2734,,,,
NYC,hour,2023-10-04 00:00:00,2023-10-04,0,2,0,fall,1397,,,,
NYC,hour,2023-10-04 01:00:00,2023-10-04,1,2,0,fall,658,,,,
NYC,hour,2023-10-04 02:00:00,2023-10-04,2,2,0,fall,434,,,,
NYC,hour,2023-10-04 03:00:00,2023-10-04,3,2,0,fall,250,,,,
NYC,hour,2023-10-04 04:00:00,2023-10-04,4,2,0,fall,364,,,,
NYC,hour,2023-10-04 05:00:00,2023-10-04,5,2,0,fall,1133,,,,
NYC,hour,2023-10-04 06:00:00,2023-10-04,6,2,0,fall,3523,,,,
NYC,hour,2023-10-04 07:00:00,2023-10-04,7,2,0,fall,8046,,,,
NYC,hour,2023-10-04 08:00:00,2023-10-04,8,2,0,fall,11856,,,,
NYC,hour,2023-10-04 09:00:00,2023-10-04,9,2,0,fall,8501,,,,
NYC,hour,2023-10-04 10:00:00,2023-10-04,10,2,0,fall,5929,,,,
NYC,hour,2023-10-04 11:00:00,2023-10-04,11,2,0,fall,5936,,,,
NYC,hour,2023-10-04 12:00:00,2023-10-04,12,2,0,fall,6613,,,,
NYC,hour,2023-10-04 13:00:00,2023-10-04,13,2,0,fall,6939,,,,
NYC,hour,2023-10-04 14:00:00,2023-10-04,14,2,0,fall,7938,,,,
NYC,hour,2023-10-04 15:00:00,2023-10-04,15,2,0,fall,9091,,,,
NYC,hour,2023-10-04 16:00:00,2023-10-04,16,2,0,fall,11264,,,,
NYC,hour,2023-10-04 17:00:00,2023-10-04,17,2,0,fall,15445,,,,
NYC,hour,2023-10-04 18:00:00,2023-10-04,18,2,0,fall,15024,,,,
NYC,hour,2023-10-04 19:00:00,2023-10-04,19,2,0,fall,10228,,,,
NYC,hour,2023-10-04 20:00:00,2023-10-04,20,2,0,fall,6992,,,,
NYC,hour,2023-10-04 21:00:00,2023-10-04,21,2,0,fall,5315,,,,
NYC,hour,2023-10-04 22:00:00,2023-10-04,22,2,0,fall,4406,,,,
NYC,hour,2023-10-04 23:00:00,2023-10-04,23,2,0,fall,2939,,,,
NYC,hour,2023-10-05 00:00:00,2023-10-05,0,3,0,fall,1506,,,,
NYC,hour,2023-10-05 01:00:00,2023-10-05,1,3,0,fall,787,,,,
NYC,hour,2023-10-05 02:00:00,2023-10-05,2,3,0,fall,475,,,,
NYC,hour,2023-10-05 03:00:00,2023-10-05,3,3,0,fall,283,,,,
NYC,hour,2023-10-05 04:00:00,2023-10-05,4,3,0,fall,381,,,,
NYC,hour,2023-10-05 05:00:00,2023-10-05,5,3,0,fall,1142,,,,
NYC,hour,2023-10-05 06:00:00,2023-10-05,6,3,0,fall,3466,,,,
NYC,hour,2023-10-05 07:00:00,2023-10-05,7,3,0,fall,7625,,,,
NYC,hour,2023-10-05 08:00:00,2023-10-05,8,3,0,fall,11292,,,,
NYC,hour,2023-10-05 09:00:00,2023-10-05,9,3,0,fall,8318,,,,
NYC,hour,2023-10-05 10:00:00,2023-10-05,10,3,0,fall,5903,,,,
NYC,hour,2023-10-05 11:00:00,2023-10-05,11,3,0,fall,6055,,,,
NYC,hour,2023-10-05 12:00:00,2023-10-05,12,3,0,fall,6624,,,,
NYC,hour,2023-10-05 13:00:00,2023-10-05,13,3,0,fall,6938,,,,
NYC,hour,2023-10-05 14:00:00,2023-10-05,14,3,0,fall,8005,,,,
NYC,hour,2023-10-05 15:00:00,2023-10-05,15,3,0,fall,9492,,,,
NYC,hour,2023-10-05 16:00:00,2023-10-05,16,3,0,fall,11171,,,,
NYC,hour,2023-10-05 17:00:00,2023-10-05,17,3,0,fall,15012,,,,
NYC,hour,2023-10-05 18:00:00,2023-10-05,18,3,0,fall,14220,,,,
NYC,hour,2023-10-05 19:00:00,2023-10-05,19,3,0,fall,9886,,,,
NYC,hour,2023-10-05 20:00:00,2023-10-05,20,3,0,fall,6934,,,,
NYC,hour,2023-10-05 21:00:00,2023-10-05,21,3,0,fall,5331,,,,
NYC,hour,2023-10-05 22:00:00,2023-10-05,22,3,0,fall,4391,,,,
NYC,hour,2023-10-05 23:00:00,2023-10-05,23,3,0,fall,3338,,,,
NYC,hour,2023-10-06 00:00:00,2023-10-06,0,4,0,fall,1655,,,,
NYC,hour,2023-10-06 01:00:00,2023-10-06,1,4,0,fall,984,,,,
NYC,hour,2023-10-06 02:00:00,2023-10-06,2,4,0,fall,647,,,,
NYC,hour,2023-10-06 03:00:00,2023-10-06,3,4,0,fall,388,,,,
NYC,hour,2023-10-06 04:00:00,2023-10-06,4,4,0,fall,397,,,,
NYC,hour,2023-10-06 05:00:00,2023-10-06,5,4,0,fall,824,,,,
NYC,hour,2023-10-06 06:00:00,2023-10-06,6,4,0,fall,2122,,,,
NYC,hour,2023-10-06 07:00:00,2023-10-06,7,4,0,fall,5355,,,,
NYC,hour,2023-10-06 08:00:00,2023-10-06,8,4,0,fall,7465,,,,
NYC,hour,2023-10-06 09:00:00,2023-10-06,9,4,0,fall,6291,,,,
NYC,hour,2023-10-06 10:00:00,2023-10-06,10,4,0,fall,4839,,,,
NYC,hour,2023-10-06 11:00:00,2023-10-06,11,4,0,fall,4869,,,,
NYC,hour,2023-10-06 12:00:00,2023-10-06,12,4,0,fall,5107,,,,
NYC,hour,2023-10-06 13:00:00,2023-10-06,13,4,0,fall,6292,,,,
NYC,hour,2023-10-06 14:00:00,2023-10-06,14,4,0,fall,7785,,,,
NYC,hour,2023-10-06 15:00:00,2023-10-06,15,4,0,fall,8550,,,,
NYC,hour,2023-10-06 16:00:00,2023-10-06,16,4,0,fall,9525,,,,
NYC,hour,2023-10-06 17:00:00,2023-10-06,17,4,0,fall,11544,,,,
NYC,hour,2023-10-06 18:00:00,2023-10-06,18,4,0,fall,10511,,,,
NYC,hour,2023-10-06 19:00:00,2023-10-06,19,4,0,fall,8191,,,,
NYC,hour,2023-10-06 20:00:00,2023-10-06,20,4,0,fall,6122,,,,
NYC,hour,2023-10-06 21:00:00,2023-10-06,21,4,0,fall,4734,,,,
NYC,hour,2023-10-06 22:00:00,2023-10-06,22,4,0,fall,4095,,,,
NYC,hour,2023-10-06 23:00:00,2023-10-06,23,4,0,fall,3735,,,,
NYC,hour,2023-10-07 00:00:00,2023-10-07,0,5,1,fall,2837,,,,
NYC,hour,2023-10-07 01:00:00,2023-10-07,1,5,1,fall,1968,,,,
NYC,hour,2023-10-07 02:00:00,2023-10-07,2,5,1,fall,1400,,,,
NYC,hour,2023-10-07 03:00:00,2023-10-07,3,5,1,fall,1036,,,,
NYC,hour,2023-10-07 04:00:00,2023-10-07,4,5,1,fall,613,,,,
NYC,hour,2023-10-07 05:00:00,2023-10-07,5,5,1,fall,418,,,,
NYC,hour,2023-10-07 06:00:00,2023-10-07,6,5,1,fall,896,,,,
NYC,hour,2023-10-07 07:00:00,2023-10-07,7,5,1,fall,1360,,,,
NYC,hour,2023-10-07 08:00:00,2023-10-07,8,5,1,fall,1984,,,,
NYC,hour,2023-10-07 09:00:00,2023-10-07,9,5,1,fall,2880,,,,
NYC,hour,2023-10-07 10:00:00,2023-10-07,10,5,1,fall,2856,,,,
NYC,hour,2023-10-07 11:00:00,2023-10-07,11,5,1,fall,3308,,,,
NYC,hour,2023-10-07 12:00:00,2023-10-07,12,5,1,fall,3520,,,,
NYC,hour,2023-10-07 13:00:00,2023-10-07,13,5,1,fall,2972,,,,
NYC,hour,2023-10-07 14:00:00,2023-10-07,14,5,1,fall,2565,,,,
NYC,hour,2023-10-07 15:00:00,2023-10-07,15,5,1,fall,2968,,,,
NYC,hour,2023-10-07 16:00:00,2023-10-07,16,5,1,fall,5544,,,,
NYC,hour,2023-10-07 17:00:00,2023-10-07,17,5,1,fall,5811,,,,
NYC,hour,2023-10-07 18:00:00,2023-10-07,18,5,1,fall,5786,,,,
NYC,hour,2023-10-07 19:00:00,2023-10-07,19,5,1,fall,5268,,,,
NYC,hour,2023-10-07 20:00:00,2023-10-07,20,5,1,fall,3996,,,,
NYC,hour,2023-10-07 21:00:00,2023-10-07,21,5,1,fall,3446,,,,
NYC,hour,2023-10-07 22:00:00,2023-10-07,22,5,1,fall,3068,,,,
NYC,hour,2023-10-07 23:00:00,2023-10-07,23,5,1,fall,2756,,,,
NYC,hour,2023-10-08 00:00:00,2023-10-08,0,6,1,fall,2296,,,,
NYC,hour,2023-10-08 01:00:00,2023-10-08,1,6,1,fall,1620,,,,
NYC,hour,2023-10-08 02:00:00,2023-10-08,2,6,1,fall,1079,,,,
NYC,hour,2023-10-08 03:00:00,2023-10-08,3,6,1,fall,695,,,,
NYC,hour,2023-10-08 04:00:00,2023-10-08,4,6,1,fall,517,,,,
NYC,hour,2023-10-08 05:00:00,2023-10-08,5,6,1,fall,411,,,,
NYC,hour,2023-10-08 06:00:00,2023-10-08,6,6,1,fall,895,,,,
NYC,hour,2023-10-08 07:00:00,2023-10-08,7,6,1,fall,1430,,,,
NYC,hour,2023-10-08 08:00:00,2023-10-08,8,6,1,fall,2461,,,,
NYC,hour,2023-10-08 09:00:00,2023-10-08,9,6,1,fall,4145,,,,
NYC,hour,2023-10-08 10:00:00,2023-10-08,10,6,1,fall,6000,,,,
NYC,hour,2023-10-08 11:00:00,2023-10-08,11,6,1,fall,7423,,,,
NYC,hour,2023-10-08 12:00:00,2023-10-08,12,6,1,fall,8625,,,,
NYC,hour,2023-10-08 13:00:00,2023-10-08,13,6,1,fall,8836,,,,
NYC,hour,2023-10-08 14:00:00,2023-10-08,14,6,1,fall,8786,,,,
NYC,hour,2023-10-08 15:00:00,2023-10-08,15,6,1,fall,8752,,,,
NYC,hour,2023-10-08 16:00:00,2023-10-08,16,6,1,fall,8776,,,,
NYC,hour,2023-10-08 17:00:00,2023-10-08,17,6,1,fall,8203,,,,
NYC,hour,2023-10-08 18:00:00,2023-10-08,18,6,1,fall,7225,,,,
NYC,hour,2023-10-08 19:00:00,2023-10-08,19,6,1,fall,5488,,,,
NYC,hour,2023-10-08 20:00:00,2023-10-08,20,6,1,fall,3902,,,,
NYC,hour,2023-10-08 21:00:00,2023-10-08,21,6,1,fall,3225,,,,
NYC,hour,2023-10-08 22:00:00,2023-10-08,22,6,1,fall,2640,,,,
NYC,hour,2023-10-08 23:00:00,2023-10-08,23,6,1,fall,1937,,,,
NYC,hour,2023-10-09 00:00:00,2023-10-09,0,0,0,fall,1132,,,,
NYC,hour,2023-10-09 01:00:00,2023-10-09,1,0,0,fall,649,,,,
NYC,hour,2023-10-09 02:00:00,2023-10-09,2,0,0,fall,383,,,,
NYC,hour,2023-10-09 03:00:00,2023-10-09,3,0,0,fall,307,,,,
NYC,hour,2023-10-09 04:00:00,2023-10-09,4,0,0,fall,294,,,,
NYC,hour,2023-10-09 05:00:00,2023-10-09,5,0,0,fall,709,,,,
NYC,hour,2023-10-09 06:00:00,2023-10-09,6,0,0,fall,1829,,,,
NYC,hour,2023-10-09 07:00:00,2023-10-09,7,0,0,fall,3572,,,,
NYC,hour,2023-10-09 08:00:00,2023-10-09,8,0,0,fall,5784,,,,
NYC,hour,2023-10-09 09:00:00,2023-10-09,9,0,0,fall,5336,,,,
NYC,hour,2023-10-09 10:00:00,2023-10-09,10,0,0,fall,4990,,,,
NYC,hour,2023-10-09 11:00:00,2023-10-09,11,0,0,fall,5518,,,,
NYC,hour,2023-10-09 12:00:00,2023-10-09,12,0,0,fall,6389,,,,
NYC,hour,2023-10-09 13:00:00,2023-10-09,13,0,0,fall,6632,,,,
NYC,hour,2023-10-09 14:00:00,2023-10-09,14,0,0,fall,7316,,,,
NYC,hour,2023-10-09 15:00:00,2023-10-09,15,0,0,fall,7858,,,,
NYC,hour,2023-10-09 16:00:00,2023-10-09,16,0,0,fall,8520,,,,
NYC,hour,2023-10-09 17:00:00,2023-10-09,17,0,0,fall,10660,,,,
NYC,hour,2023-10-09 18:00:00,2023-10-09,18,0,0,fall,10058,,,,
NYC,hour,2023-10-09 19:00:00,2023-10-09,19,0,0,fall,7085,,,,
NYC,hour,2023-10-09 20:00:00,2023-10-09,20,0,0,fall,4849,,,,
NYC,hour,2023-10-09 21:00:00,2023-10-09,21,0,0,fall,3712,,,,
NYC,hour,2023-10-09 22:00:00,2023-10-09,22,0,0,fall,2758,,,,
NYC,hour,2023-10-09 23:00:00,2023-10-09,23,0,0,fall,1834,,,,
NYC,hour,2023-10-10 00:00:00,2023-10-10,0,1,0,fall,854,,,,
NYC,hour,2023-10-10 01:00:00,2023-10-10,1,1,0,fall,355,,,,
NYC,hour,2023-10-10 02:00:00,2023-10-10,2,1,0,fall,306,,,,
NYC,hour,2023-10-10 03:00:00,2023-10-10,3,1,0,fall,233,,,,
NYC,hour,2023-10-10 04:00:00,2023-10-10,4,1,0,fall,311,,,,
NYC,hour,2023-10-10 05:00:00,2023-10-10,5,1,0,fall,995,,,,
NYC,hour,2023-10-10 06:00:00,2023-10-10,6,1,0,fall,3119,,,,
NYC,hour,2023-10-10 07:00:00,2023-10-10,7,1,0,fall,7063,,,,
NYC,hour,2023-10-10 08:00:00,2023-10-10,8,1,0,fall,11114,,,,
NYC,hour,2023-10-10 09:00:00,2023-10-10,9,1,0,fall,7602,,,,
NYC,hour,2023-10-10 10:00:00,2023-10-10,10,1,0,fall,5025,,,,
NYC,hour,2023-10-10 11:00:00,2023-10-10,11,1,0,fall,4943,,,,
NYC,hour,2023-10-10 12:00:00,2023-10-10,12,1,0,fall,5783,,,,
NYC,hour,2023-10-10 13:00:00,2023-10-10,13,1,0,fall,5874,,,,
NYC,hour,2023-10-10 14:00:00,2023-10-10,14,1,0,fall,6994,,,,
NYC,hour,2023-10-10 15:00:00,2023-10-10,15,1,0,fall,7921,,,,
NYC,hour,2023-10-10 16:00:00,2023-10-10,16,1,0,fall,9365,,,,
NYC,hour,2023-10-10 17:00:00,2023-10-10,17,1,0,fall,13568,,,,
NYC,hour,2023-10-10 18:00:00,2023-10-10,18,1,0,fall,12897,,,,
NYC,hour,2023-10-10 19:00:00,2023-10-10,19,1,0,fall,8618,,,,
NYC,hour,2023-10-10 20:00:00,2023-10-10,20,1,0,fall,5953,,,,
NYC,hour,2023-10-10 21:00:00,2023-10-10,21,1,0,fall,4432,,,,
NYC,hour,2023-10-10 22:00:00,2023-10-10,22,1,0,fall,3242,,,,
NYC,hour,2023-10-10 23:00:00,2023-10-10,23,1,0,fall,2130,,,,
NYC,hour,2023-10-11 00:00:00,2023-10-11,0,2,0,fall,1113,,,,
NYC,hour,2023-10-11 01:00:00,2023-10-11,1,2,0,fall,551,,,,
NYC,hour,2023-10-11 02:00:00,2023-10-11,2,2,0,fall,325,,,,
NYC,hour,2023-10-11 03:00:00,2023-10-11,3,2,0,fall,221,,,,
NYC,hour,2023-10-11 04:00:00,2023-10-11,4,2,0,fall,303,,,,
NYC,hour,2023-10-11 05:00:00,2023-10-11,5,2,0,fall,1021,,,,
NYC,hour,2023-10-11 06:00:00,2023-10-11,6,2,0,fall,3342,,,,
NYC,hour,2023-10-11 07:00:00,2023-10-11,7,2,0,fall,7461,,,,
NYC,hour,2023-10-11 08:00:00,2023-10-11,8,2,0,fall,11574,,,,
NYC,hour,2023-10-11 09:00:00,2023-10-11,9,2,0,fall,8219,,,,
NYC,hour,2023-10-11 10:00:00,2023-10-11,10,2,0,fall,5735,,,,
NYC,hour,2023-10-11 11:00:00,2023-10-11,11,2,0,fall,5587,,,,
NYC,hour,2023-10-11 12:00:00,2023-10-11,12,2,0,fall,6516,,,,
NYC,hour,2023-10-11 13:00:00,2023-10-11,13,2,0,fall,6896,,,,
NYC,hour,2023-10-11 14:00:00,2023-10-11,14,2,0,fall,7593,,,,
NYC,hour,2023-10-11 15:00:00,2023-10-11,15,2,0,fall,8915,,,,
NYC,hour,2023-10-11 16:00:00,2023-10-11,16,2,0,fall,10514,,,,
NYC,hour,2023-10-11 17:00:00,2023-10-11,17,2,0,fall,14942,,,,
NYC,hour,2023-10-11 18:00:00,2023-10-11,18,2,0,fall,13943,,,,
NYC,hour,2023-10-11 19:00:00,2023-10-11,19,2,0,fall,9640,,,,
NYC,hour,2023-10-11 20:00:00,2023-10-11,20,2,0,fall,6621,,,,
NYC,hour,2023-10-11 21:00:00,2023-10-11,21,2,0,fall,5175,,,,
NYC,hour,2023-10-11 22:00:00,2023-10-11,22,2,0,fall,3779,,,,
NYC,hour,2023-10-11 23:00:00,2023-10-11,23,2,0,fall,2520,,,,
NYC,hour,2023-10-12 00:00:00,2023-10-12,0,3,0,fall,1278,,,,
NYC,hour,2023-10-12 01:00:00,2023-10-12,1,3,0,fall,657,,,,
NYC,hour,2023-10-12 02:00:00,2023-10-12,2,3,0,fall,376,,,,
NYC,hour,2023-10-12 03:00:00,2023-10-12,3,3,0,fall,257,,,,
NYC,hour,2023-10-12 04:00:00,2023-10-12,4,3,0,fall,311,,,,
NYC,hour,2023-10-12 05:00:00,2023-10-12,5,3,0,fall,1015,,,,
NYC,hour,2023-10-12 06:00:00,2023-10-12,6,3,0,fall,3126,,,,
NYC,hour,2023-10-12 07:00:00,2023-10-12,7,3,0,fall,7397,,,,
NYC,hour,2023-10-12 08:00:00,2023-10-12,8,3,0,fall,11090,,,,
NYC,hour,2023-10-12 09:00:00,2023-10-12,9,3,0,fall,8094,,,,
NYC,hour,2023-10-12 10:00:00,2023-10-12,10,3,0,fall,6052,,,,
NYC,hour,2023-10-12 11:00:00,2023-10-12,11,3,0,fall,5700,,,,
NYC,hour,2023-10-12 12:00:00,2023-10-12,12,3,0,fall,6569,,,,
NYC,hour,2023-10-12 13:00:00,2023-10-12,13,3,0,fall,6695,,,,
NYC,hour,2023-10-12 14:00:00,2023-10-12,14,3,0,fall,7812,,,,
NYC,hour,2023-10-12 15:00:00,2023-10-12,15,3,0,fall,9012,,,,
NYC,hour,2023-10-12 16:00:00,2023-10-12,16,3,0,fall,10942,,,,
NYC,hour,2023-10-12 17:00:00,2023-10-12,17,3,0,fall,14975,,,,
NYC,hour,2023-10-12 18:00:00,2023-10-12,18,3,0,fall,13523,,,,
NYC,hour,2023-10-12 19:00:00,2023-10-12,19,3,0,fall,9150,,,,
NYC,hour,2023-10-12 20:00:00,2023-10-12,20,3,0,fall,6630,,,,
NYC,hour,2023-10-12 21:00:00,2023-10-12,21,3,0,fall,5077,,,,
NYC,hour,2023-10-12 22:00:00,2023-10-12,22,3,0,fall,4132,,,,
NYC,hour,2023-10-12 23:00:00,2023-10-12,23,3,0,fall,3116,,,,
NYC,hour,2023-10-13 00:00:00,2023-10-13,0,4,0,fall,1665,,,,
NYC,hour,2023-10-13 01:00:00,2023-10-13,1,4,0,fall,902,,,,
NYC,hour,2023-10-13 02:00:00,2023-10-13,2,4,0,fall,601,,,,
NYC,hour,2023-10-13 03:00:00,2023-10-13,3,4,0,fall,344,,,,
NYC,hour,2023-10-13 04:00:00,2023-10-13,4,4,0,fall,374,,,,
NYC,hour,2023-10-13 05:00:00,2023-10-13,5,4,0,fall,890,,,,
NYC,hour,2023-10-13 06:00:00,2023-10-13,6,4,0,fall,2671,,,,
NYC,hour,2023-10-13 07:00:00,2023-10-13,7,4,0,fall,6020,,,,
NYC,hour,2023-10-13 08:00:00,2023-10-13,8,4,0,fall,8542,,,,
NYC,hour,2023-10-13 09:00:00,2023-10-13,9,4,0,fall,6776,,,,
NYC,hour,2023-10-13 10:00:00,2023-10-13,10,4,0,fall,5710,,,,
NYC,hour,2023-10-13 11:00:00,2023-10-13,11,4,0,fall,6207,,,,
NYC,hour,2023-10-13 12:00:00,2023-10-13,12,4,0,fall,7204,,,,
NYC,hour,2023-10-13 13:00:00,2023-10-13,13,4,0,fall,8010,,,,
NYC,hour,2023-10-13 14:00:00,2023-10-13,14,4,0,fall,9210,,,,
NYC,hour,2023-10-13 15:00:00,2023-10-13,15,4,0,fall,10125,,,,
NYC,hour,2023-10-13 16:00:00,2023-10-13,16,4,0,fall,11177,,,,
NYC,hour,2023-10-13 17:00:00,2023-10-13,17,4,0,fall,12826,,,,
NYC,hour,2023-10-13 18:00:00,2023-10-13,18,4,0,fall,11526,,,,
NYC,hour,2023-10-13 19:00:00,2023-10-13,19,4,0,fall,8457,,,,
NYC,hour,2023-10-13 20:00:00,2023-10-13,20,4,0,fall,5873,,,,
NYC,hour,2023-10-13 21:00:00,2023-10-13,21,4,0,fall,4391,,,,
NYC,hour,2023-10-13 22:00:00,2023-10-13,22,4,0,fall,4232,,,,
NYC,hour,2023-10-13 23:00:00,2023-10-13,23,4,0,fall,3504,,,,
NYC,hour,2023-10-14 00:00:00,2023-10-14,0,5,1,fall,2775,,,,
NYC,hour,2023-10-14 01:00:00,2023-10-14,1,5,1,fall,2140,,,,
NYC,hour,2023-10-14 02:00:00,2023-10-14,2,5,1,fall,1327,,,,
NYC,hour,2023-10-14 03:00:00,2023-10-14,3,5,1,fall,875,,,,
NYC,hour,2023-10-14 04:00:00,2023-10-14,4,5,1,fall,567,,,,
NYC,hour,2023-10-14 05:00:00,2023-10-14,5,5,1,fall,454,,,,
NYC,hour,2023-10-14 06:00:00,2023-10-14,6,5,1,fall,903,,,,
NYC,hour,2023-10-14 07:00:00,2023-10-14,7,5,1,fall,1794,,,,
NYC,hour,2023-10-14 08:00:00,2023-10-14,8,5,1,fall,2679,,,,
NYC,hour,2023-10-14 09:00:00,2023-10-14,9,5,1,fall,3559,,,,
NYC,hour,2023-10-14 10:00:00,2023-10-14,10,5,1,fall,2247,,,,
NYC,hour,2023-10-14 11:00:00,2023-10-14,11,5,1,fall,2066,,,,
NYC,hour,2023-10-14 12:00:00,2023-10-14,12,5,1,fall,1640,,,,
NYC,hour,2023-10-14 13:00:00,2023-10-14,13,5,1,fall,1351,,,,
NYC,hour,2023-10-14 14:00:00,2023-10-14,14,5,1,fall,1033,,,,
NYC,hour,2023-10-14 15:00:00,2023-10-14,15,5,1,fall,1209,,,,
NYC,hour,2023-10-14 16:00:00,2023-10-14,16,5,1,fall,1937,,,,
NYC,hour,2023-10-14 17:00:00,2023-10-14,17,5,1,fall,1940,,,,
NYC,hour,2023-10-14 18:00:00,2023-10-14,18,5,1,fall,2420,,,,
NYC,hour,2023-10-14 19:00:00,2023-10-14,19,5,1,fall,2137,,,,
NYC,hour,2023-10-14 20:00:00,2023-10-14,20,5,1,fall,1876,,,,
NYC,hour,2023-10-14 21:00:00,2023-10-14,21,5,1,fall,1809,,,,
NYC,hour,2023-10-14 22:00:00,2023-10-14,22,5,1,fall,1920,,,,
NYC,hour,2023-10-14 23:00:00,2023-10-14,23,5,1,fall,1928,,,,
NYC,hour,2023-10-15 00:00:00,2023-10-15,0,6,1,fall,1439,,,,
NYC,hour,2023-10-15 01:00:00,2023-10-15,1,6,1,fall,964,,,,
NYC,hour,2023-10-15 02:00:00,2023-10-15,2,6,1,fall,883,,,,
NYC,hour,2023-10-15 03:00:00,2023-10-15,3,6,1,fall,586,,,,
NYC,hour,2023-10-15 04:00:00,2023-10-15,4,6,1,fall,441,,,,
NYC,hour,2023-10-15 05:00:00,2023-10-15,5,6,1,fall,304,,,,
NYC,hour,2023-10-15 06:00:00,2023-10-15,6,6,1,fall,651,,,,
NYC,hour,2023-10-15 07:00:00,2023-10-15,7,6,1,fall,1497,,,,
NYC,hour,2023-10-15 08:00:00,2023-10-15,8,6,1,fall,2571,,,,
NYC,hour,2023-10-15 09:00:00,2023-10-15,9,6,1,fall,4200,,,,
NYC,hour,2023-10-15 10:00:00,2023-10-15,10,6,1,fall,5955,,,,
NYC,hour,2023-10-15 11:00:00,2023-10-15,11,6,1,fall,7661,,,,
NYC,hour,2023-10-15 12:00:00,2023-10-15,12,6,1,fall,9138,,,,
NYC,hour,2023-10-15 13:00:00,2023-10-15,13,6,1,fall,9240,,,,
NYC,hour,2023-10-15 14:00:00,2023-10-15,14,6,1,fall,9763,,,,
NYC,hour,2023-10-15 15:00:00,2023-10-15,15,6,1,fall,9598,,,,
NYC,hour,2023-10-15 16:00:00,2023-10-15,16,6,1,fall,9228,,,,
NYC,hour,2023-10-15 17:00:00,2023-10-15,17,6,1,fall,8835,,,,
NYC,hour,2023-10-15 18:00:00,2023-10-15,18,6,1,fall,7527,,,,
NYC,hour,2023-10-15 19:00:00,2023-10-15,19,6,1,fall,5467,,,,
NYC,hour,2023-10-15 20:00:00,2023-10-15,20,6,1,fall,3934,,,,
NYC,hour,2023-10-15 21:00:00,2023-10-15,21,6,1,fall,3056,,,,
NYC,hour,2023-10-15 22:00:00,2023-10-15,22,6,1,fall,2250,,,,
NYC,hour,2023-10-15 23:00:00,2023-10-15,23,6,1,fall,1491,,,,
NYC,hour,2023-10-16 00:00:00,2023-10-16,0,0,0,fall,970,,,,
NYC,hour,2023-10-16 01:00:00,2023-10-16,1,0,0,fall,484,,,,
NYC,hour,2023-10-16 02:00:00,2023-10-16,2,0,0,fall,288,,,,
NYC,hour,2023-10-16 03:00:00,2023-10-16,3,0,0,fall,191,,,,
NYC,hour,2023-10-16 04:00:00,2023-10-16,4,0,0,fall,255,,,,
NYC,hour,2023-10-16 05:00:00,2023-10-16,5,0,0,fall,964,,,,
NYC,hour,2023-10-16 06:00:00,2023-10-16,6,0,0,fall,2728,,,,
NYC,hour,2023-10-16 07:00:00,2023-10-16,7,0,0,fall,6350,,,,
NYC,hour,2023-10-16 08:00:00,2023-10-16,8,0,0,fall,9808,,,,
NYC,hour,2023-10-16 09:00:00,2023-10-16,9,0,0,fall,6700,,,,
NYC,hour,2023-10-16 10:00:00,2023-10-16,10,0,0,fall,4870,,,,
NYC,hour,2023-10-16 11:00:00,2023-10-16,11,0,0,fall,4808,,,,
NYC,hour,2023-10-16 12:00:00,2023-10-16,12,0,0,fall,5475,,,,
NYC,hour,2023-10-16 13:00:00,2023-10-16,13,0,0,fall,6135,,,,
NYC,hour,2023-10-16 14:00:00,2023-10-16,14,0,0,fall,6940,,,,
NYC,hour,2023-10-16 15:00:00,2023-10-16,15,0,0,fall,8167,,,,
NYC,hour,2023-10-16 16:00:00,2023-10-16,16,0,0,fall,9549,,,,
NYC,hour,2023-10-16 17:00:00,2023-10-16,17,0,0,fall,12225,,,,
NYC,hour,2023-10-16 18:00:00,2023-10-16,18,0,0,fall,11946,,,,
NYC,hour,2023-10-16 19:00:00,2023-10-16,19,0,0,fall,7849,,,,
NYC,hour,2023-10-16 20:00:00,2023-10-16,20,0,0,fall,5396,,,,
NYC,hour,2023-10-16 21:00:00,2023-10-16,21,0,0,fall,4024,,,,
NYC,hour,2023-10-16 22:00:00,2023-10-16,22,0,0,fall,3007,,,,
NYC,hour,2023-10-16 23:00:00,2023-10-16,23,0,0,fall,1836,,,,
NYC,hour,2023-10-17 00:00:00,2023-10-17,0,1,0,fall,1014,,,,
NYC,hour,2023-10-17 01:00:00,2023-10-17,1,1,0,fall,481,,,,
NYC,hour,2023-10-17 02:00:00,2023-10-17,2,1,0,fall,280,,,,
NYC,hour,2023-10-17 03:00:00,2023-10-17,3,1,0,fall,207,,,,
NYC,hour,2023-10-17 04:00:00,2023-10-17,4,1,0,fall,311,,,,
NYC,hour,2023-10-17 05:00:00,2023-10-17,5,1,0,fall,1053,,,,
NYC,hour,2023-10-17 06:00:00,2023-10-17,6,1,0,fall,3288,,,,
NYC,hour,2023-10-17 07:00:00,2023-10-17,7,1,0,fall,7670,,,,
NYC,hour,2023-10-17 08:00:00,2023-10-17,8,1,0,fall,11693,,,,
NYC,hour,2023-10-17 09:00:00,2023-10-17,9,1,0,fall,8022,,,,
NYC,hour,2023-10-17 10:00:00,2023-10-17,10,1,0,fall,5343,,,,
NYC,hour,2023-10-17 11:00:00,2023-10-17,11,1,0,fall,5112,,,,
NYC,hour,2023-10-17 12:00:00,2023-10-17,12,1,0,fall,5814,,,,
NYC,hour,2023-10-17 13:00:00,2023-10-17,13,1,0,fall,5800,,,,
NYC,hour,2023-10-17 14:00:00,2023-10-17,14,1,0,fall,6751,,,,
NYC,hour,2023-10-17 15:00:00,2023-10-17,15,1,0,fall,8199,,,,
NYC,hour,2023-10-17 16:00:00,2023-10-17,16,1,0,fall,10070,,,,
NYC,hour,2023-10-17 17:00:00,2023-10-17,17,1,0,fall,14404,,,,
NYC,hour,2023-10-17 18:00:00,2023-10-17,18,1,0,fall,12891,,,,
NYC,hour,2023-10-17 19:00:00,2023-10-17,19,1,0,fall,8714,,,,
NYC,hour,2023-10-17 20:00:00,2023-10-17,20,1,0,fall,6150,,,,
NYC,hour,2023-10-17 21:00:00,2023-10-17,21,1,0,fall,4561,,,,
NYC,hour,2023-10-17 22:00:00,2023-10-17,22,1,0,fall,3410,,,,
NYC,hour,2023-10-17 23:00:00,2023-10-17,23,1,0,fall,2335,,,,
NYC,hour,2023-10-18 00:00:00,2023-10-18,0,2,0,fall,1283,,,,
NYC,hour,2023-10-18 01:00:00,2023-10-18,1,2,0,fall,598,,,,
NYC,hour,2023-10-18 02:00:00,2023-10-18,2,2,0,fall,312,,,,
NYC,hour,2023-10-18 03:00:00,2023-10-18,3,2,0,fall,238,,,,
NYC,hour,2023-10-18 04:00:00,2023-10-18,4,2,0,fall,286,,,,
NYC,hour,2023-10-18 05:00:00,2023-10-18,5,2,0,fall,1085,,,,
NYC,hour,2023-10-18 06:00:00,2023-10-18,6,2,0,fall,3219,,,,
NYC,hour,2023-10-18 07:00:00,2023-10-18,7,2,0,fall,7509,,,,
NYC,hour,2023-10-18 08:00:00,2023-10-18,8,2,0,fall,11448,,,,
NYC,hour,2023-10-18 09:00:00,2023-10-18,9,2,0,fall,8339,,,,
NYC,hour,2023-10-18 10:00:00,2023-10-18,10,2,0,fall,5762,,,,
NYC,hour,2023-10-18 11:00:00,2023-10-18,11,2,0,fall,5483,,,,
NYC,hour,2023-10-18 12:00:00,2023-10-18,12,2,0,fall,6195,,,,
NYC,hour,2023-10-18 13:00:00,2023-10-18,13,2,0,fall,6513,,,,
NYC,hour,2023-10-18 14:00:00,2023-10-18,14,2,0,fall,7332,,,,
NYC,hour,2023-10-18 15:00:00,2023-10-18,15,2,0,fall,8460,,,,
NYC,hour,2023-10-18 16:00:00,2023-10-18,16,2,0,fall,9797,,,,
NYC,hour,2023-10-18 17:00:00,2023-10-18,17,2,0,fall,13967,,,,
NYC,hour,2023-10-18 18:00:00,2023-10-18,18,2,0,fall,12837,,,,
NYC,hour,2023-10-18 19:00:00,2023-10-18,19,2,0,fall,8716,,,,
NYC,hour,2023-10-18 20:00:00,2023-10-18,20,2,0,fall,6167,,,,
NYC,hour,2023-10-18 21:00:00,2023-10-18,21,2,0,fall,4884,,,,
NYC,hour,2023-10-18 22:00:00,2023-10-18,22,2,0,fall,4140,,,,
NYC,hour,2023-10-18 23:00:00,2023-10-18,23,2,0,fall,2447,,,,
NYC,hour,2023-10-19 00:00:00,2023-10-19,0,3,0,fall,1334,,,,
NYC,hour,2023-10-19 01:00:00,2023-10-19,1,3,0,fall,733,,,,
NYC,hour,2023-10-19 02:00:00,2023-10-19,2,3,0,fall,423,,,,
NYC,hour,2023-10-19 03:00:00,2023-10-19,3,3,0,fall,283,,,,
NYC,hour,2023-10-19 04:00:00,2023-10-19,4,3,0,fall,306,,,,
NYC,hour,2023-10-19 05:00:00,2023-10-19,5,3,0,fall,1040,,,,
NYC,hour,2023-10-19 06:00:00,2023-10-19,6,3,0,fall,3096,,,,
NYC,hour,2023-10-19 07:00:00,2023-10-19,7,3,0,fall,7322,,,,
NYC,hour,2023-10-19 08:00:00,2023-10-19,8,3,0,fall,11219,,,,
NYC,hour,2023-10-19 09:00:00,2023-10-19,9,3,0,fall,8184,,,,
NYC,hour,2023-10-19 10:00:00,2023-10-19,10,3,0,fall,6028,,,,
NYC,hour,2023-10-19 11:00:00,2023-10-19,11,3,0,fall,5785,,,,
NYC,hour,2023-10-19 12:00:00,2023-10-19,12,3,0,fall,6390,,,,
NYC,hour,2023-10-19 13:00:00,2023-10-19,13,3,0,fall,6824,,,,
NYC,hour,2023-10-19 14:00:00,2023-10-19,14,3,0,fall,7731,,,,
NYC,hour,2023-10-19 15:00:00,2023-10-19,15,3,0,fall,9084,,,,
NYC,hour,2023-10-19 16:00:00,2023-10-19,16,3,0,fall,10393,,,,
NYC,hour,2023-10-19 17:00:00,2023-10-19,17,3,0,fall,13972,,,,
NYC,hour,2023-10-19 18:00:00,2023-10-19,18,3,0,fall,12735,,,,
NYC,hour,2023-10-19 19:00:00,2023-10-19,19,3,0,fall,8709,,,,
NYC,hour,2023-10-19 20:00:00,2023-10-19,20,3,0,fall,6427,,,,
NYC,hour,2023-10-19 21:00:00,2023-10-19,21,3,0,fall,5085,,,,
NYC,hour,2023-10-19 22:00:00,2023-10-19,22,3,0,fall,3957,,,,
NYC,hour,2023-10-19 23:00:00,2023-10-19,23,3,0,fall,3018,,,,
NYC,hour,2023-10-20 00:00:00,2023-10-20,0,4,0,fall,1923,,,,
NYC,hour,2023-10-20 01:00:00,2023-10-20,1,4,0,fall,1056,,,,
NYC,hour,2023-10-20 02:00:00,2023-10-20,2,4,0,fall,649,,,,
NYC,hour,2023-10-20 03:00:00,2023-10-20,3,4,0,fall,438,,,,
NYC,hour,2023-10-20 04:00:00,2023-10-20,4,4,0,fall,308,,,,
NYC,hour,2023-10-20 05:00:00,2023-10-20,5,4,0,fall,546,,,,
NYC,hour,2023-10-20 06:00:00,2023-10-20,6,4,0,fall,1562,,,,
NYC,hour,2023-10-20 07:00:00,2023-10-20,7,4,0,fall,3313,,,,
NYC,hour,2023-10-20 08:00:00,2023-10-20,8,4,0,fall,4858,,,,
NYC,hour,2023-10-20 09:00:00,2023-10-20,9,4,0,fall,1791,,,,
NYC,hour,2023-10-20 10:00:00,2023-10-20,10,4,0,fall,2864,,,,
NYC,hour,2023-10-20 11:00:00,2023-10-20,11,4,0,fall,2477,,,,
NYC,hour,2023-10-20 12:00:00,2023-10-20,12,4,0,fall,3825,,,,
NYC,hour,2023-10-20 13:00:00,2023-10-20,13,4,0,fall,4913,,,,
NYC,hour,2023-10-20 14:00:00,2023-10-20,14,4,0,fall,4040,,,,
NYC,hour,2023-10-20 15:00:00,2023-10-20,15,4,0,fall,2512,,,,
NYC,hour,2023-10-20 16:00:00,2023-10-20,16,4,0,fall,3143,,,,
NYC,hour,2023-10-20 17:00:00,2023-10-20,17,4,0,fall,3950,,,,
NYC,hour,2023-10-20 18:00:00,2023-10-20,18,4,0,fall,4164,,,,
NYC,hour,2023-10-20 19:00:00,2023-10-20,19,4,0,fall,3349,,,,
NYC,hour,2023-10-20 20:00:00,2023-10-20,20,4,0,fall,3254,,,,
NYC,hour,2023-10-20 21:00:00,2023-10-20,21,4,0,fall,2285,,,,
NYC,hour,2023-10-20 22:00:00,2023-10-20,22,4,0,fall,2657,,,,
NYC,hour,2023-10-20 23:00:00,2023-10-20,23,4,0,fall,2547,,,,
NYC,hour,2023-10-21 00:00:00,2023-10-21,0,5,1,fall,1955,,,,
NYC,hour,2023-10-21 01:00:00,2023-10-21,1,5,1,fall,1444,,,,
NYC,hour,2023-10-21 02:00:00,2023-10-21,2,5,1,fall,1106,,,,
NYC,hour,2023-10-21 03:00:00,2023-10-21,3,5,1,fall,713,,,,
NYC,hour,2023-10-21 04:00:00,2023-10-21,4,5,1,fall,492,,,,
NYC,hour,2023-10-21 05:00:00,2023-10-21,5,5,1,fall,401,,,,
NYC,hour,2023-10-21 06:00:00,2023-10-21,6,5,1,fall,774,,,,
NYC,hour,2023-10-21 07:00:00,2023-10-21,7,5,1,fall,937,,,,
NYC,hour,2023-10-21 08:00:00,2023-10-21,8,5,1,fall,1155,,,,
NYC,hour,2023-10-21 09:00:00,2023-10-21,9,5,1,fall,2037,,,,
NYC,hour,2023-10-21 10:00:00,2023-10-21,10,5,1,fall,2311,,,,
NYC,hour,2023-10-21 11:00:00,2023-10-21,11,5,1,fall,4423,,,,
NYC,hour,2023-10-21 12:00:00,2023-10-21,12,5,1,fall,5697,,,,
NYC,hour,2023-10-21 13:00:00,2023-10-21,13,5,1,fall,6720,,,,
NYC,hour,2023-10-21 14:00:00,2023-10-21,14,5,1,fall,7958,,,,
NYC,hour,2023-10-21 15:00:00,2023-10-21,15,5,1,fall,8584,,,,
NYC,hour,2023-10-21 16:00:00,2023-10-21,16,5,1,fall,9198,,,,
NYC,hour,2023-10-21 17:00:00,2023-10-21,17,5,1,fall,8800,,,,
NYC,hour,2023-10-21 18:00:00,2023-10-21,18,5,1,fall,8138,,,,
NYC,hour,2023-10-21 19:00:00,2023-10-21,19,5,1,fall,6584,,,,
NYC,hour,2023-10-21 20:00:00,2023-10-21,20,5,1,fall,5145,,,,
NYC,hour,2023-10-21 21:00:00,2023-10-21,21,5,1,fall,4020,,,,
NYC,hour,2023-10-21 22:00:00,2023-10-21,22,5,1,fall,3553,,,,
NYC,hour,2023-10-21 23:00:00,2023-10-21,23,5,1,fall,3321,,,,
NYC,hour,2023-10-22 00:00:00,2023-10-22,0,6,1,fall,2622,,,,
NYC,hour,2023-10-22 01:00:00,2023-10-22,1,6,1,fall,1926,,,,
NYC,hour,2023-10-22 02:00:00,2023-10-22,2,6,1,fall,1362,,,,
NYC,hour,2023-10-22 03:00:00,2023-10-22,3,6,1,fall,810,,,,
NYC,hour,2023-10-22 04:00:00,2023-10-22,4,6,1,fall,565,,,,
NYC,hour,2023-10-22 05:00:00,2023-10-22,5,6,1,fall,339,,,,
NYC,hour,2023-10-22 06:00:00,2023-10-22,6,6,1,fall,672,,,,
NYC,hour,2023-10-22 07:00:00,2023-10-22,7,6,1,fall,1400,,,,
NYC,hour,2023-10-22 08:00:00,2023-10-22,8,6,1,fall,2601,,,,
NYC,hour,2023-10-22 09:00:00,2023-10-22,9,6,1,fall,4159,,,,
NYC,hour,2023-10-22 10:00:00,2023-10-22,10,6,1,fall,5876,,,,
NYC,hour,2023-10-22 11:00:00,2023-10-22,11,6,1,fall,7256,,,,
NYC,hour,2023-10-22 12:00:00,2023-10-22,12,6,1,fall,8177,,,,
NYC,hour,2023-10-22 13:00:00,2023-10-22,13,6,1,fall,8549,,,,
NYC,hour,2023-10-22 14:00:00,2023-10-22,14,6,1,fall,8983,,,,
NYC,hour,2023-10-22 15:00:00,2023-10-22,15,6,1,fall,8659,,,,
NYC,hour,2023-10-22 16:00:00,2023-10-22,16,6,1,fall,8191,,,,
NYC,hour,2023-10-22 17:00:00,2023-10-22,17,6,1,fall,7914,,,,
NYC,hour,2023-10-22 18:00:00,2023-10-22,18,6,1,fall,6680,,,,
NYC,hour,2023-10-22 19:00:00,2023-10-22,19,6,1,fall,4504,,,,
NYC,hour,2023-10-22 20:00:00,2023-10-22,20,6,1,fall,3206,,,,
NYC,hour,2023-10-22 21:00:00,2023-10-22,21,6,1,fall,2531,,,,
NYC,hour,2023-10-22 22:00:00,2023-10-22,22,6,1,fall,1927,,,,
NYC,hour,2023-10-22 23:00:00,2023-10-22,23,6,1,fall,1340,,,,
NYC,hour,2023-10-23 00:00:00,2023-10-23,0,0,0,fall,790,,,,
NYC,hour,2023-10-23 01:00:00,2023-10-23,1,0,0,fall,376,,,,
NYC,hour,2023-10-23 02:00:00,2023-10-23,2,0,0,fall,263,,,,
NYC,hour,2023-10-23 03:00:00,2023-10-23,3,0,0,fall,194,,,,
NYC,hour,2023-10-23 04:00:00,2023-10-23,4,0,0,fall,265,,,,
NYC,hour,2023-10-23 05:00:00,2023-10-23,5,0,0,fall,973,,,,
NYC,hour,2023-10-23 06:00:00,2023-10-23,6,0,0,fall,2561,,,,
NYC,hour,2023-10-23 07:00:00,2023-10-23,7,0,0,fall,6144,,,,
NYC,hour,2023-10-23 08:00:00,2023-10-23,8,0,0,fall,9299,,,,
NYC,hour,2023-10-23 09:00:00,2023-10-23,9,0,0,fall,6351,,,,
NYC,hour,2023-10-23 10:00:00,2023-10-23,10,0,0,fall,4711,,,,
NYC,hour,2023-10-23 11:00:00,2023-10-23,11,0,0,fall,4595,,,,
NYC,hour,2023-10-23 12:00:00,2023-10-23,12,0,0,fall,5418,,,,
NYC,hour,2023-10-23 13:00:00,2023-10-23,13,0,0,fall,5745,,,,
NYC,hour,2023-10-23 14:00:00,2023-10-23,14,0,0,fall,5825,,,,
NYC,hour,2023-10-23 15:00:00,2023-10-23,15,0,0,fall,7838,,,,
NYC,hour,2023-10-23 16:00:00,2023-10-23,16,0,0,fall,9236,,,,
NYC,hour,2023-10-23 17:00:00,2023-10-23,17,0,0,fall,12838,,,,
NYC,hour,2023-10-23 18:00:00,2023-10-23,18,0,0,fall,11602,,,,
NYC,hour,2023-10-23 19:00:00,2023-10-23,19,0,0,fall,7482,,,,
NYC,hour,2023-10-23 20:00:00,2023-10-23,20,0,0,fall,5204,,,,
NYC,hour,2023-10-23 21:00:00,2023-10-23,21,0,0,fall,3898,,,,
NYC,hour,2023-10-23 22:00:00,2023-10-23,22,0,0,fall,2827,,,,
NYC,hour,2023-10-23 23:00:00,2023-10-23,23,0,0,fall,1852,,,,
NYC,hour,2023-10-24 00:00:00,2023-10-24,0,1,0,fall,921,,,,
NYC,hour,2023-10-24 01:00:00,2023-10-24,1,1,0,fall,494,,,,
NYC,hour,2023-10-24 02:00:00,2023-10-24,2,1,0,fall,333,,,,
NYC,hour,2023-10-24 03:00:00,2023-10-24,3,1,0,fall,217,,,,
NYC,hour,2023-10-24 04:00:00,2023-10-24,4,1,0,fall,312,,,,
NYC,hour,2023-10-24 05:00:00,2023-10-24,5,1,0,fall,1131,,,,
NYC,hour,2023-10-24 06:00:00,2023-10-24,6,1,0,fall,3163,,,,
NYC,hour,2023-10-24 07:00:00,2023-10-24,7,1,0,fall,7337,,,,
NYC,hour,2023-10-24 08:00:00,2023-10-24,8,1,0,fall,11042,,,,
NYC,hour,2023-10-24 09:00:00,2023-10-24,9,1,0,fall,7818,,,,
NYC,hour,2023-10-24 10:00:00,2023-10-24,10,1,0,fall,5452,,,,
NYC,hour,2023-10-24 11:00:00,2023-10-24,11,1,0,fall,5114,,,,
NYC,hour,2023-10-24 12:00:00,2023-10-24,12,1,0,fall,5833,,,,
NYC,hour,2023-10-24 13:00:00,2023-10-24,13,1,0,fall,6337,,,,
NYC,hour,2023-10-24 14:00:00,2023-10-24,14,1,0,fall,7183,,,,
NYC,hour,2023-10-24 15:00:00,2023-10-24,15,1,0,fall,8490,,,,
NYC,hour,2023-10-24 16:00:00,2023-10-24,16,1,0,fall,10070,,,,
NYC,hour,2023-10-24 17:00:00,2023-10-24,17,1,0,fall,14469,,,,
NYC,hour,2023-10-24 18:00:00,2023-10-24,18,1,0,fall,12853,,,,
NYC,hour,2023-10-24 19:00:00,2023-10-24,19,1,0,fall,8687,,,,
NYC,hour,2023-10-24 20:00:00,2023-10-24,20,1,0,fall,5985,,,,
NYC,hour,2023-10-24 21:00:00,2023-10-24,21,1,0,fall,4626,,,,
NYC,hour,2023-10-24 22:00:00,2023-10-24,22,1,0,fall,3388,,,,
NYC,hour,2023-10-24 23:00:00,2023-10-24,23,1,0,fall,2182,,,,
NYC,hour,2023-10-25 00:00:00,2023-10-25,0,2,0,fall,1200,,,,
NYC,hour,2023-10-25 01:00:00,2023-10-25,1,2,0,fall,602,,,,
NYC,hour,2023-10-25 02:00:00,2023-10-25,2,2,0,fall,343,,,,
NYC,hour,2023-10-25 03:00:00,2023-10-25,3,2,0,fall,253,,,,
NYC,hour,2023-10-25 04:00:00,2023-10-25,4,2,0,fall,323,,,,
NYC,hour,2023-10-25 05:00:00,2023-10-25,5,2,0,fall,1102,,,,
NYC,hour,2023-10-25 06:00:00,2023-10-25,6,2,0,fall,3211,,,,
NYC,hour,2023-10-25 07:00:00,2023-10-25,7,2,0,fall,7482,,,,
NYC,hour,2023-10-25 08:00:00,2023-10-25,8,2,0,fall,11460,,,,
NYC,hour,2023-10-25 09:00:00,2023-10-25,9,2,0,fall,8193,,,,
NYC,hour,2023-10-25 10:00:00,2023-10-25,10,2,0,fall,5921,,,,
NYC,hour,2023-10-25 11:00:00,2023-10-25,11,2,0,fall,5363,,,,
NYC,hour,2023-10-25 12:00:00,2023-10-25,12,2,0,fall,6219,,,,
NYC,hour,2023-10-25 13:00:00,2023-10-25,13,2,0,fall,6637,,,,
NYC,hour,2023-10-25 14:00:00,2023-10-25,14,2,0,fall,7690,,,,
NYC,hour,2023-10-25 15:00:00,2023-10-25,15,2,0,fall,8908,,,,
NYC,hour,2023-10-25 16:00:00,2023-10-25,16,2,0,fall,10715,,,,
NYC,hour,2023-10-25 17:00:00,2023-10-25,17,2,0,fall,14952,,,,
NYC,hour,2023-10-25 18:00:00,2023-10-25,18,2,0,fall,13646,,,,
NYC,hour,2023-10-25 19:00:00,2023-10-25,19,2,0,fall,9415,,,,
NYC,hour,2023-10-25 20:00:00,2023-10-25,20,2,0,fall,6548,,,,
NYC,hour,2023-10-25 21:00:00,2023-10-25,21,2,0,fall,5000,,,,
NYC,hour,2023-10-25 22:00:00,2023-10-25,22,2,0,fall,4388,,,,
NYC,hour,2023-10-25 23:00:00,2023-10-25,23,2,0,fall,2766,,,,
NYC,hour,2023-10-26 00:00:00,2023-10-26,0,3,0,fall,1474,,,,
NYC,hour,2023-10-26 01:00:00,2023-10-26,1,3,0,fall,780,,,,
NYC,hour,2023-10-26 02:00:00,2023-10-26,2,3,0,fall,443,,,,
NYC,hour,2023-10-26 03:00:00,2023-10-26,3,3,0,fall,310,,,,
NYC,hour,2023-10-26 04:00:00,2023-10-26,4,3,0,fall,373,,,,
NYC,hour,2023-10-26 05:00:00,2023-10-26,5,3,0,fall,1045,,,,
NYC,hour,2023-10-26 06:00:00,2023-10-26,6,3,0,fall,3172,,,,
NYC,hour,2023-10-26 07:00:00,2023-10-26,7,3,0,fall,7265,,,,
NYC,hour,2023-10-26 08:00:00,2023-10-26,8,3,0,fall,11414,,,,
NYC,hour,2023-10-26 09:00:00,2023-10-26,9,3,0,fall,8408,,,,
NYC,hour,2023-10-26 10:00:00,2023-10-26,10,3,0,fall,6138,,,,
NYC,hour,2023-10-26 11:00:00,2023-10-26,11,3,0,fall,6069,,,,
NYC,hour,2023-10-26 12:00:00,2023-10-26,12,3,0,fall,6659,,,,
NYC,hour,2023-10-26 13:00:00,2023-10-26,13,3,0,fall,7154,,,,
NYC,hour,2023-10-26 14:00:00,2023-10-26,14,3,0,fall,8287,,,,
NYC,hour,2023-10-26 15:00:00,2023-10-26,15,3,0,fall,9526,,,,
NYC,hour,2023-10-26 16:00:00,2023-10-26,16,3,0,fall,11400,,,,
NYC,hour,2023-10-26 17:00:00,2023-10-26,17,3,0,fall,15450,,,,
NYC,hour,2023-10-26 18:00:00,2023-10-26,18,3,0,fall,14100,,,,
NYC,hour,2023-10-26 19:00:00,2023-10-26,19,3,0,fall,9861,,,,
NYC,hour,2023-10-26 20:00:00,2023-10-26,20,3,0,fall,7192,,,,
NYC,hour,2023-10-26 21:00:00,2023-10-26,21,3,0,fall,5646,,,,
NYC,hour,2023-10-26 22:00:00,2023-10-26,22,3,0,fall,4588,,,,
NYC,hour,2023-10-26 23:00:00,2023-10-26,23,3,0,fall,3380,,,,
NYC,hour,2023-10-27 00:00:00,2023-10-27,0,4,0,fall,1996,,,,
NYC,hour,2023-10-27 01:00:00,2023-10-27,1,4,0,fall,1211,,,,
NYC,hour,2023-10-27 02:00:00,2023-10-27,2,4,0,fall,795,,,,
NYC,hour,2023-10-27 03:00:00,2023-10-27,3,4,0,fall,489,,,,
NYC,hour,2023-10-27 04:00:00,2023-10-27,4,4,0,fall,441,,,,
NYC,hour,2023-10-27 05:00:00,2023-10-27,5,4,0,fall,1046,,,,
NYC,hour,2023-10-27 06:00:00,2023-10-27,6,4,0,fall,2736,,,,
NYC,hour,2023-10-27 07:00:00,2023-10-27,7,4,0,fall,6463,,,,
NYC,hour,2023-10-27 08:00:00,2023-10-27,8,4,0,fall,9321,,,,
NYC,hour,2023-10-27 09:00:00,2023-10-27,9,4,0,fall,7469,,,,
NYC,hour,2023-10-27 10:00:00,2023-10-27,10,4,0,fall,6101,,,,
NYC,hour,2023-10-27 11:00:00,2023-10-27,11,4,0,fall,6194,,,,
NYC,hour,2023-10-27 12:00:00,2023-10-27,12,4,0,fall,7174,,,,
NYC,hour,2023-10-27 13:00:00,2023-10-27,13,4,0,fall,7921,,,,
NYC,hour,2023-10-27 14:00:00,2023-10-27,14,4,0,fall,9334,,,,
NYC,hour,2023-10-27 15:00:00,2023-10-27,15,4,0,fall,10666,,,,
NYC,hour,2023-10-27 16:00:00,2023-10-27,16,4,0,fall,11848,,,,
NYC,hour,2023-10-27 17:00:00,2023-10-27,17,4,0,fall,14355,,,,
NYC,hour,2023-10-27 18:00:00,2023-10-27,18,4,0,fall,12568,,,,
NYC,hour,2023-10-27 19:00:00,2023-10-27,19,4,0,fall,9146,,,,
NYC,hour,2023-10-27 20:00:00,2023-10-27,20,4,0,fall,6611,,,,
NYC,hour,2023-10-27 21:00:00,2023-10-27,21,4,0,fall,5496,,,,
NYC,hour,2023-10-27 22:00:00,2023-10-27,22,4,0,fall,4548,,,,
NYC,hour,2023-10-27 23:00:00,2023-10-27,23,4,0,fall,3982,,,,
NYC,hour,2023-10-28 00:00:00,2023-10-28,0,5,1,fall,3535,,,,
NYC,hour,2023-10-28 01:00:00,2023-10-28,1,5,1,fall,2625,,,,
NYC,hour,2023-10-28 02:00:00,2023-10-28,2,5,1,fall,2124,,,,
NYC,hour,2023-10-28 03:00:00,2023-10-28,3,5,1,fall,1549,,,,
NYC,hour,2023-10-28 04:00:00,2023-10-28,4,5,1,fall,928,,,,
NYC,hour,2023-10-28 05:00:00,2023-10-28,5,5,1,fall,678,,,,
NYC,hour,2023-10-28 06:00:00,2023-10-28,6,5,1,fall,1159,,,,
NYC,hour,2023-10-28 07:00:00,2023-10-28,7,5,1,fall,2219,,,,
NYC,hour,2023-10-28 08:00:00,2023-10-28,8,5,1,fall,3701,,,,
NYC,hour,2023-10-28 09:00:00,2023-10-28,9,5,1,fall,5793,,,,
NYC,hour,2023-10-28 10:00:00,2023-10-28,10,5,1,fall,7676,,,,
NYC,hour,2023-10-28 11:00:00,2023-10-28,11,5,1,fall,9506,,,,
NYC,hour,2023-10-28 12:00:00,2023-10-28,12,5,1,fall,11339,,,,
NYC,hour,2023-10-28 13:00:00,2023-10-28,13,5,1,fall,12283,,,,
NYC,hour,2023-10-28 14:00:00,2023-10-28,14,5,1,fall,12902,,,,
NYC,hour,2023-10-28 15:00:00,2023-10-28,15,5,1,fall,12998,,,,
NYC,hour,2023-10-28 16:00:00,2023-10-28,16,5,1,fall,12495,,,,
NYC,hour,2023-10-28 17:00:00,2023-10-28,17,5,1,fall,12579,,,,
NYC,hour,2023-10-28 18:00:00,2023-10-28,18,5,1,fall,10660,,,,
NYC,hour,2023-10-28 19:00:00,2023-10-28,19,5,1,fall,8735,,,,
NYC,hour,2023-10-28 20:00:00,2023-10-28,20,5,1,fall,7117,,,,
NYC,hour,2023-10-28 21:00:00,2023-10-28,21,5,1,fall,5712,,,,
NYC,hour,2023-10-28 22:00:00,2023-10-28,22,5,1,fall,4942,,,,
NYC,hour,2023-10-28 23:00:00,2023-10-28,23,5,1,fall,4518,,,,
NYC,hour,2023-10-29 00:00:00,2023-10-29,0,6,1,fall,3926,,,,
NYC,hour,2023-10-29 01:00:00,2023-10-29,1,6,1,fall,2885,,,,
NYC,hour,2023-10-29 02:00:00,2023-10-29,2,6,1,fall,2370,,,,
NYC,hour,2023-10-29 03:00:00,2023-10-29,3,6,1,fall,1631,,,,
NYC,hour,2023-10-29 04:00:00,2023-10-29,4,6,1,fall,821,,,,
NYC,hour,2023-10-29 05:00:00,2023-10-29,5,6,1,fall,470,,,,
NYC,hour,2023-10-29 06:00:00,2023-10-29,6,6,1,fall,729,,,,
NYC,hour,2023-10-29 07:00:00,2023-10-29,7,6,1,fall,1364,,,,
NYC,hour,2023-10-29 08:00:00,2023-10-29,8,6,1,fall,1788,,,,
NYC,hour,2023-10-29 09:00:00,2023-10-29,9,6,1,fall,2318,,,,
NYC,hour,2023-10-29 10:00:00,2023-10-29,10,6,1,fall,3366,,,,
NYC,hour,2023-10-29 11:00:00,2023-10-29,11,6,1,fall,3127,,,,
NYC,hour,2023-10-29 12:00:00,2023-10-29,12,6,1,fall,2863,,,,
NYC,hour,2023-10-29 13:00:00,2023-10-29,13,6,1,fall,2060,,,,
NYC,hour,2023-10-29 14:00:00,2023-10-29,14,6,1,fall,2043,,,,
NYC,hour,2023-10-29 15:00:00,2023-10-29,15,6,1,fall,1724,,,,
NYC,hour,2023-10-29 16:00:00,2023-10-29,16,6,1,fall,2708,,,,
NYC,hour,2023-10-29 17:00:00,2023-10-29,17,6,1,fall,3147,,,,
NYC,hour,2023-10-29 18:00:00,2023-10-29,18,6,1,fall,2521,,,,
NYC,hour,2023-10-29 19:00:00,2023-10-29,19,6,1,fall,2474,,,,
NYC,hour,2023-10-29 20:00:00,2023-10-29,20,6,1,fall,2114,,,,
NYC,hour,2023-10-29 21:00:00,2023-10-29,21,6,1,fall,1439,,,,
NYC,hour,2023-10-29 22:00:00,2023-10-29,22,6,1,fall,1276,,,,
NYC,hour,2023-10-29 23:00:00,2023-10-29,23,6,1,fall,997,,,,
NYC,hour,2023-10-30 00:00:00,2023-10-30,0,0,0,fall,628,,,,
NYC,hour,2023-10-30 01:00:00,2023-10-30,1,0,0,fall,284,,,,
NYC,hour,2023-10-30 02:00:00,2023-10-30,2,0,0,fall,212,,,,
NYC,hour,2023-10-30 03:00:00,2023-10-30,3,0,0,fall,177,,,,
NYC,hour,2023-10-30 04:00:00,2023-10-30,4,0,0,fall,209,,,,
NYC,hour,2023-10-30 05:00:00,2023-10-30,5,0,0,fall,354,,,,
NYC,hour,2023-10-30 06:00:00,2023-10-30,6,0,0,fall,687,,,,
NYC,hour,2023-10-30 07:00:00,2023-10-30,7,0,0,fall,3855,,,,
NYC,hour,2023-10-30 08:00:00,2023-10-30,8,0,0,fall,7244,,,,
NYC,hour,2023-10-30 09:00:00,2023-10-30,9,0,0,fall,5630,,,,
NYC,hour,2023-10-30 10:00:00,2023-10-30,10,0,0,fall,4200,,,,
NYC,hour,2023-10-30 11:00:00,2023-10-30,11,0,0,fall,4154,,,,
NYC,hour,2023-10-30 12:00:00,2023-10-30,12,0,0,fall,4818,,,,
NYC,hour,2023-10-30 13:00:00,2023-10-30,13,0,0,fall,5283,,,,
NYC,hour,2023-10-30 14:00:00,2023-10-30,14,0,0,fall,6290,,,,
NYC,hour,2023-10-30 15:00:00,2023-10-30,15,0,0,fall,7233,,,,
NYC,hour,2023-10-30 16:00:00,2023-10-30,16,0,0,fall,8882,,,,
NYC,hour,2023-10-30 17:00:00,2023-10-30,17,0,0,fall,11537,,,,
NYC,hour,2023-10-30 18:00:00,2023-10-30,18,0,0,fall,9947,,,,
NYC,hour,2023-10-30 19:00:00,2023-10-30,19,0,0,fall,6470,,,,
NYC,hour,2023-10-30 20:00:00,2023-10-30,20,0,0,fall,4210,,,,
NYC,hour,2023-10-30 21:00:00,2023-10-30,21,0,0,fall,3326,,,,
NYC,hour,2023-10-30 22:00:00,2023-10-30,22,0,0,fall,2508,,,,
NYC,hour,2023-10-30 23:00:00,2023-10-30,23,0,0,fall,1537,,,,
NYC,hour,2023-10-31 00:00:00,2023-10-31,0,1,0,fall,866,,,,
NYC,hour,2023-10-31 01:00:00,2023-10-31,1,1,0,fall,472,,,,
NYC,hour,2023-10-31 02:00:00,2023-10-31,2,1,0,fall,332,,,,
NYC,hour,2023-10-31 03:00:00,2023-10-31,3,1,0,fall,201,,,,
NYC,hour,2023-10-31 04:00:00,2023-10-31,4,1,0,fall,294,,,,
NYC,hour,2023-10-31 05:00:00,2023-10-31,5,1,0,fall,1024,,,,
NYC,hour,2023-10-31 06:00:00,2023-10-31,6,1,0,fall,2816,,,,
NYC,hour,2023-10-31 07:00:00,2023-10-31,7,1,0,fall,6346,,,,
NYC,hour,2023-10-31 08:00:00,2023-10-31,8,1,0,fall,10017,,,,
NYC,hour,2023-10-31 09:00:00,2023-10-31,9,1,0,fall,7295,,,,
NYC,hour,2023-10-31 10:00:00,2023-10-31,10,1,0,fall,4992,,,,
NYC,hour,2023-10-31 11:00:00,2023-10-31,11,1,0,fall,4888,,,,
NYC,hour,2023-10-31 12:00:00,2023-10-31,12,1,0,fall,5519,,,,
NYC,hour,2023-10-31 13:00:00,2023-10-31,13,1,0,fall,5855,,,,
NYC,hour,2023-10-31 14:00:00,2023-10-31,14,1,0,fall,6828,,,,
NYC,hour,2023-10-31 15:00:00,2023-10-31,15,1,0,fall,7985,,,,
NYC,hour,2023-10-31 16:00:00,2023-10-31,16,1,0,fall,9253,,,,
NYC,hour,2023-10-31 17:00:00,2023-10-31,17,1,0,fall,11774,,,,
NYC,hour,2023-10-31 18:00:00,2023-10-31,18,1,0,fall,9862,,,,
NYC,hour,2023-10-31 19:00:00,2023-10-31,19,1,0,fall,7033,,,,
NYC,hour,2023-10-31 20:00:00,2023-10-31,20,1,0,fall,5433,,,,
NYC,hour,2023-10-31 21:00:00,2023-10-31,21,1,0,fall,4110,,,,
NYC,hour,2023-10-31 22:00:00,2023-10-31,22,1,0,fall,3105,,,,
NYC,hour,2023-10-31 23:00:00,2023-10-31,23,1,0,fall,2081,,,,
NYC,hour,2023-11-01 00:00:00,2023-11-01,0,2,0,fall,1253,,,,
NYC,hour,2023-11-01 01:00:00,2023-11-01,1,2,0,fall,807,,,,
NYC,hour,2023-11-01 02:00:00,2023-11-01,2,2,0,fall,481,,,,
NYC,hour,2023-11-01 03:00:00,2023-11-01,3,2,0,fall,307,,,,
NYC,hour,2023-11-01 04:00:00,2023-11-01,4,2,0,fall,295,,,,
NYC,hour,2023-11-01 05:00:00,2023-11-01,5,2,0,fall,800,,,,
NYC,hour,2023-11-01 06:00:00,2023-11-01,6,2,0,fall,2101,,,,
NYC,hour,2023-11-01 07:00:00,2023-11-01,7,2,0,fall,4801,,,,
NYC,hour,2023-11-01 08:00:00,2023-11-01,8,2,0,fall,7249,,,,
NYC,hour,2023-11-01 09:00:00,2023-11-01,9,2,0,fall,6054,,,,
NYC,hour,2023-11-01 10:00:00,2023-11-01,10,2,0,fall,4223,,,,
NYC,hour,2023-11-01 11:00:00,2023-11-01,11,2,0,fall,4062,,,,
NYC,hour,2023-11-01 12:00:00,2023-11-01,12,2,0,fall,4766,,,,
NYC,hour,2023-11-01 13:00:00,2023-11-01,13,2,0,fall,5098,,,,
NYC,hour,2023-11-01 14:00:00,2023-11-01,14,2,0,fall,5789,,,,
NYC,hour,2023-11-01 15:00:00,2023-11-01,15,2,0,fall,6637,,,,
NYC,hour,2023-11-01 16:00:00,2023-11-01,16,2,0,fall,7748,,,,
NYC,hour,2023-11-01 17:00:00,2023-11-01,17,2,0,fall,10918,,,,
NYC,hour,2023-11-01 18:00:00,2023-11-01,18,2,0,fall,9589,,,,
NYC,hour,2023-11-01 19:00:00,2023-11-01,19,2,0,fall,6513,,,,
NYC,hour,2023-11-01 20:00:00,2023-11-01,20,2,0,fall,4427,,,,
NYC,hour,2023-11-01 21:00:00,2023-11-01,21,2,0,fall,3171,,,,
NYC,hour,2023-11-01 22:00:00,2023-11-01,22,2,0,fall,2409,,,,
NYC,hour,2023-11-01 23:00:00,2023-11-01,23,2,0,fall,1561,,,,
NYC,hour,2023-11-02 00:00:00,2023-11-02,0,3,0,fall,747,,,,
NYC,hour,2023-11-02 01:00:00,2023-11-02,1,3,0,fall,393,,,,
NYC,hour,2023-11-02 02:00:00,2023-11-02,2,3,0,fall,283,,,,
NYC,hour,2023-11-02 03:00:00,2023-11-02,3,3,0,fall,158,,,,
NYC,hour,2023-11-02 04:00:00,2023-11-02,4,3,0,fall,243,,,,
NYC,hour,2023-11-02 05:00:00,2023-11-02,5,3,0,fall,844,,,,
NYC,hour,2023-11-02 06:00:00,2023-11-02,6,3,0,fall,2491,,,,
NYC,hour,2023-11-02 07:00:00,2023-11-02,7,3,0,fall,5733,,,,
NYC,hour,2023-11-02 08:00:00,2023-11-02,8,3,0,fall,8937,,,,
NYC,hour,2023-11-02 09:00:00,2023-11-02,9,3,0,fall,6569,,,,
NYC,hour,2023-11-02 10:00:00,2023-11-02,10,3,0,fall,4673,,,,
NYC,hour,2023-11-02 11:00:00,2023-11-02,11,3,0,fall,4525,,,,
NYC,hour,2023-11-02 12:00:00,2023-11-02,12,3,0,fall,4936,,,,
NYC,hour,2023-11-02 13:00:00,2023-11-02,13,3,0,fall,5006,,,,
NYC,hour,2023-11-02 14:00:00,2023-11-02,14,3,0,fall,6031,,,,
NYC,hour,2023-11-02 15:00:00,2023-11-02,15,3,0,fall,7271,,,,
NYC,hour,2023-11-02 16:00:00,2023-11-02,16,3,0,fall,8310,,,,
NYC,hour,2023-11-02 17:00:00,2023-11-02,17,3,0,fall,11335,,,,
NYC,hour,2023-11-02 18:00:00,2023-11-02,18,3,0,fall,10351,,,,
NYC,hour,2023-11-02 19:00:00,2023-11-02,19,3,0,fall,6792,,,,
NYC,hour,2023-11-02 20:00:00,2023-11-02,20,3,0,fall,4896,,,,
NYC,hour,2023-11-02 21:00:00,2023-11-02,21,3,0,fall,3828,,,,
NYC,hour,2023-11-02 22:00:00,2023-11-02,22,3,0,fall,2852,,,,
NYC,hour,2023-11-02 23:00:00,2023-11-02,23,3,0,fall,2068,,,,
NYC,hour,2023-11-03 00:00:00,2023-11-03,0,4,0,fall,1232,,,,
NYC,hour,2023-11-03 01:00:00,2023-11-03,1,4,0,fall,717,,,,
NYC,hour,2023-11-03 02:00:00,2023-11-03,2,4,0,fall,449,,,,
NYC,hour,2023-11-03 03:00:00,2023-11-03,3,4,0,fall,276,,,,
NYC,hour,2023-11-03 04:00:00,2023-11-03,4,4,0,fall,291,,,,
NYC,hour,2023-11-03 05:00:00,2023-11-03,5,4,0,fall,825,,,,
NYC,hour,2023-11-03 06:00:00,2023-11-03,6,4,0,fall,2256,,,,
NYC,hour,2023-11-03 07:00:00,2023-11-03,7,4,0,fall,5082,,,,
NYC,hour,2023-11-03 08:00:00,2023-11-03,8,4,0,fall,7499,,,,
NYC,hour,2023-11-03 09:00:00,2023-11-03,9,4,0,fall,6033,,,,
NYC,hour,2023-11-03 10:00:00,2023-11-03,10,4,0,fall,4918,,,,
NYC,hour,2023-11-03 11:00:00,2023-11-03,11,4,0,fall,5305,,,,
NYC,hour,2023-11-03 12:00:00,2023-11-03,12,4,0,fall,6117,,,,
NYC,hour,2023-11-03 13:00:00,2023-11-03,13,4,0,fall,6621,,,,
NYC,hour,2023-11-03 14:00:00,2023-11-03,14,4,0,fall,7621,,,,
NYC,hour,2023-11-03 15:00:00,2023-11-03,15,4,0,fall,8631,,,,
NYC,hour,2023-11-03 16:00:00,2023-11-03,16,4,0,fall,9697,,,,
NYC,hour,2023-11-03 17:00:00,2023-11-03,17,4,0,fall,11168,,,,
NYC,hour,2023-11-03 18:00:00,2023-11-03,18,4,0,fall,9352,,,,
NYC,hour,2023-11-03 19:00:00,2023-11-03,19,4,0,fall,6840,,,,
NYC,hour,2023-11-03 20:00:00,2023-11-03,20,4,0,fall,4624,,,,
NYC,hour,2023-11-03 21:00:00,2023-11-03,21,4,0,fall,3809,,,,
NYC,hour,2023-11-03 22:00:00,2023-11-03,22,4,0,fall,3191,,,,
NYC,hour,2023-11-03 23:00:00,2023-11-03,23,4,0,fall,2792,,,,
NYC,hour,2023-11-04 00:00:00,2023-11-04,0,5,1,fall,2189,,,,
NYC,hour,2023-11-04 01:00:00,2023-11-04,1,5,1,fall,1489,,,,
NYC,hour,2023-11-04 02:00:00,2023-11-04,2,5,1,fall,1023,,,,
NYC,hour,2023-11-04 03:00:00,2023-11-04,3,5,1,fall,654,,,,
NYC,hour,2023-11-04 04:00:00,2023-11-04,4,5,1,fall,387,,,,
NYC,hour,2023-11-04 05:00:00,2023-11-04,5,5,1,fall,377,,,,
NYC,hour,2023-11-04 06:00:00,2023-11-04,6,5,1,fall,848,,,,
NYC,hour,2023-11-04 07:00:00,2023-11-04,7,5,1,fall,1858,,,,
NYC,hour,2023-11-04 08:00:00,2023-11-04,8,5,1,fall,3318,,,,
NYC,hour,2023-11-04 09:00:00,2023-11-04,9,5,1,fall,4877,,,,
NYC,hour,2023-11-04 10:00:00,2023-11-04,10,5,1,fall,6232,,,,
NYC,hour,2023-11-04 11:00:00,2023-11-04,11,5,1,fall,7777,,,,
NYC,hour,2023-11-04 12:00:00,2023-11-04,12,5,1,fall,8784,,,,
NYC,hour,2023-11-04 13:00:00,2023-11-04,13,5,1,fall,9135,,,,
NYC,hour,2023-11-04 14:00:00,2023-11-04,14,5,1,fall,8976,,,,
NYC,hour,2023-11-04 15:00:00,2023-11-04,15,5,1,fall,9307,,,,
NYC,hour,2023-11-04 16:00:00,2023-11-04,16,5,1,fall,8958,,,,
NYC,hour,2023-11-04 17:00:00,2023-11-04,17,5,1,fall,8541,,,,
NYC,hour,2023-11-04 18:00:00,2023-11-04,18,5,1,fall,7192,,,,
NYC,hour,2023-11-04 19:00:00,2023-11-04,19,5,1,fall,5875,,,,
NYC,hour,2023-11-04 20:00:00,2023-11-04,20,5,1,fall,4392,,,,
NYC,hour,2023-11-04 21:00:00,2023-11-04,21,5,1,fall,3712,,,,
NYC,hour,2023-11-04 22:00:00,2023-11-04,22,5,1,fall,3524,,,,
NYC,hour,2023-11-04 23:00:00,2023-11-04,23,5,1,fall,3132,,,,
NYC,hour,2023-11-05 00:00:00,2023-11-05,0,6,1,fall,2437,,,,
NYC,hour,2023-11-05 01:00:00,2023-11-05,1,6,1,fall,2921,,,,
NYC,hour,2023-11-05 02:00:00,2023-11-05,2,6,1,fall,755,,,,
NYC,hour,2023-11-05 03:00:00,2023-11-05,3,6,1,fall,521,,,,
NYC,hour,2023-11-05 04:00:00,2023-11-05,4,6,1,fall,492,,,,
NYC,hour,2023-11-05 05:00:00,2023-11-05,5,6,1,fall,621,,,,
NYC,hour,2023-11-05 06:00:00,2023-11-05,6,6,1,fall,986,,,,
NYC,hour,2023-11-05 07:00:00,2023-11-05,7,6,1,fall,1807,,,,
NYC,hour,2023-11-05 08:00:00,2023-11-05,8,6,1,fall,3313,,,,
NYC,hour,2023-11-05 09:00:00,2023-11-05,9,6,1,fall,5338,,,,
NYC,hour,2023-11-05 10:00:00,2023-11-05,10,6,1,fall,7249,,,,
NYC,hour,2023-11-05 11:00:00,2023-11-05,11,6,1,fall,8547,,,,
NYC,hour,2023-11-05 12:00:00,2023-11-05,12,6,1,fall,9442,,,,
NYC,hour,2023-11-05 13:00:00,2023-11-05,13,6,1,fall,9764,,,,
NYC,hour,2023-11-05 14:00:00,2023-11-05,14,6,1,fall,10415,,,,
NYC,hour,2023-11-05 15:00:00,2023-11-05,15,6,1,fall,9949,,,,
NYC,hour,2023-11-05 16:00:00,2023-11-05,16,6,1,fall,9804,,,,
NYC,hour,2023-11-05 17:00:00,2023-11-05,17,6,1,fall,7818,,,,
NYC,hour,2023-11-05 18:00:00,2023-11-05,18,6,1,fall,6066,,,,
NYC,hour,2023-11-05 19:00:00,2023-11-05,19,6,1,fall,4784,,,,
NYC,hour,2023-11-05 20:00:00,2023-11-05,20,6,1,fall,3529,,,,
NYC,hour,2023-11-05 21:00:00,2023-11-05,21,6,1,fall,2566,,,,
NYC,hour,2023-11-05 22:00:00,2023-11-05,22,6,1,fall,1960,,,,
NYC,hour,2023-11-05 23:00:00,2023-11-05,23,6,1,fall,1394,,,,
NYC,hour,2023-11-06 00:00:00,2023-11-06,0,0,0,fall,794,,,,
NYC,hour,2023-11-06 01:00:00,2023-11-06,1,0,0,fall,399,,,,
NYC,hour,2023-11-06 02:00:00,2023-11-06,2,0,0,fall,230,,,,
NYC,hour,2023-11-06 03:00:00,2023-11-06,3,0,0,fall,171,,,,
NYC,hour,2023-11-06 04:00:00,2023-11-06,4,0,0,fall,272,,,,
NYC,hour,2023-11-06 05:00:00,2023-11-06,5,0,0,fall,951,,,,
NYC,hour,2023-11-06 06:00:00,2023-11-06,6,0,0,fall,2765,,,,
NYC,hour,2023-11-06 07:00:00,2023-11-06,7,0,0,fall,6291,,,,
NYC,hour,2023-11-06 08:00:00,2023-11-06,8,0,0,fall,8803,,,,
NYC,hour,2023-11-06 09:00:00,2023-11-06,9,0,0,fall,5997,,,,
NYC,hour,2023-11-06 10:00:00,2023-11-06,10,0,0,fall,4471,,,,
NYC,hour,2023-11-06 11:00:00,2023-11-06,11,0,0,fall,4595,,,,
NYC,hour,2023-11-06 12:00:00,2023-11-06,12,0,0,fall,5103,,,,
NYC,hour,2023-11-06 13:00:00,2023-11-06,13,0,0,fall,5441,,,,
NYC,hour,2023-11-06 14:00:00,2023-11-06,14,0,0,fall,6147,,,,
NYC,hour,2023-11-06 15:00:00,2023-11-06,15,0,0,fall,7199,,,,
NYC,hour,2023-11-06 16:00:00,2023-11-06,16,0,0,fall,8622,,,,
NYC,hour,2023-11-06 17:00:00,2023-11-06,17,0,0,fall,10212,,,,
NYC,hour,2023-11-06 18:00:00,2023-11-06,18,0,0,fall,8947,,,,
NYC,hour,2023-11-06 19:00:00,2023-11-06,19,0,0,fall,6605,,,,
NYC,hour,2023-11-06 20:00:00,2023-11-06,20,0,0,fall,4565,,,,
NYC,hour,2023-11-06 21:00:00,2023-11-06,21,0,0,fall,3482,,,,
NYC,hour,2023-11-06 22:00:00,2023-11-06,22,0,0,fall,2823,,,,
NYC,hour,2023-11-06 23:00:00,2023-11-06,23,0,0,fall,1809,,,,
NYC,hour,2023-11-07 00:00:00,2023-11-07,0,1,0,fall,1115,,,,
NYC,hour,2023-11-07 01:00:00,2023-11-07,1,1,0,fall,533,,,,
NYC,hour,2023-11-07 02:00:00,2023-11-07,2,1,0,fall,311,,,,
NYC,hour,2023-11-07 03:00:00,2023-11-07,3,1,0,fall,203,,,,
NYC,hour,2023-11-07 04:00:00,2023-11-07,4,1,0,fall,232,,,,
NYC,hour,2023-11-07 05:00:00,2023-11-07,5,1,0,fall,940,,,,
NYC,hour,2023-11-07 06:00:00,2023-11-07,6,1,0,fall,2863,,,,
NYC,hour,2023-11-07 07:00:00,2023-11-07,7,1,0,fall,5971,,,,
NYC,hour,2023-11-07 08:00:00,2023-11-07,8,1,0,fall,9213,,,,
NYC,hour,2023-11-07 09:00:00,2023-11-07,9,1,0,fall,6860,,,,
NYC,hour,2023-11-07 10:00:00,2023-11-07,10,1,0,fall,5138,,,,
NYC,hour,2023-11-07 11:00:00,2023-11-07,11,1,0,fall,5008,,,,
NYC,hour,2023-11-07 12:00:00,2023-11-07,12,1,0,fall,5585,,,,
NYC,hour,2023-11-07 13:00:00,2023-11-07,13,1,0,fall,5885,,,,
NYC,hour,2023-11-07 14:00:00,2023-11-07,14,1,0,fall,6469,,,,
NYC,hour,2023-11-07 15:00:00,2023-11-07,15,1,0,fall,7771,,,,
NYC,hour,2023-11-07 16:00:00,2023-11-07,16,1,0,fall,9204,,,,
NYC,hour,2023-11-07 17:00:00,2023-11-07,17,1,0,fall,11663,,,,
NYC,hour,2023-11-07 18:00:00,2023-11-07,18,1,0,fall,10859,,,,
NYC,hour,2023-11-07 19:00:00,2023-11-07,19,1,0,fall,7739,,,,
NYC,hour,2023-11-07 20:00:00,2023-11-07,20,1,0,fall,5249,,,,
NYC,hour,2023-11-07 21:00:00,2023-11-07,21,1,0,fall,4132,,,,
NYC,hour,2023-11-07 22:00:00,2023-11-07,22,1,0,fall,3167,,,,
NYC,hour,2023-11-07 23:00:00,2023-11-07,23,1,0,fall,1886,,,,
NYC,hour,2023-11-08 00:00:00,2023-11-08,0,2,0,fall,966,,,,
NYC,hour,2023-11-08 01:00:00,2023-11-08,1,2,0,fall,491,,,,
NYC,hour,2023-11-08 02:00:00,2023-11-08,2,2,0,fall,258,,,,
NYC,hour,2023-11-08 03:00:00,2023-11-08,3,2,0,fall,166,,,,
NYC,hour,2023-11-08 04:00:00,2023-11-08,4,2,0,fall,269,,,,
NYC,hour,2023-11-08 05:00:00,2023-11-08,5,2,0,fall,964,,,,
NYC,hour,2023-11-08 06:00:00,2023-11-08,6,2,0,fall,3090,,,,
NYC,hour,2023-11-08 07:00:00,2023-11-08,7,2,0,fall,6761,,,,
NYC,hour,2023-11-08 08:00:00,2023-11-08,8,2,0,fall,9888,,,,
NYC,hour,2023-11-08 09:00:00,2023-11-08,9,2,0,fall,6662,,,,
NYC,hour,2023-11-08 10:00:00,2023-11-08,10,2,0,fall,4572,,,,
NYC,hour,2023-11-08 11:00:00,2023-11-08,11,2,0,fall,4489,,,,
NYC,hour,2023-11-08 12:00:00,2023-11-08,12,2,0,fall,5174,,,,
NYC,hour,2023-11-08 13:00:00,2023-11-08,13,2,0,fall,5272,,,,
NYC,hour,2023-11-08 14:00:00,2023-11-08,14,2,0,fall,5983,,,,
NYC,hour,2023-11-08 15:00:00,2023-11-08,15,2,0,fall,7098,,,,
NYC,hour,2023-11-08 16:00:00,2023-11-08,16,2,0,fall,8111,,,,
NYC,hour,2023-11-08 17:00:00,2023-11-08,17,2,0,fall,10687,,,,
NYC,hour,2023-11-08 18:00:00,2023-11-08,18,2,0,fall,9625,,,,
NYC,hour,2023-11-08 19:00:00,2023-11-08,19,2,0,fall,6882,,,,
NYC,hour,2023-11-08 20:00:00,2023-11-08,20,2,0,fall,4691,,,,
NYC,hour,2023-11-08 21:00:00,2023-11-08,21,2,0,fall,3726,,,,
NYC,hour,2023-11-08 22:00:00,2023-11-08,22,2,0,fall,3066,,,,
NYC,hour,2023-11-08 23:00:00,2023-11-08,23,2,0,fall,1882,,,,
NYC,hour,2023-11-09 00:00:00,2023-11-09,0,3,0,fall,988,,,,
NYC,hour,2023-11-09 01:00:00,2023-11-09,1,3,0,fall,488,,,,
NYC,hour,2023-11-09 02:00:00,2023-11-09,2,3,0,fall,319,,,,
NYC,hour,2023-11-09 03:00:00,2023-11-09,3,3,0,fall,210,,,,
NYC,hour,2023-11-09 04:00:00,2023-11-09,4,3,0,fall,262,,,,
NYC,hour,2023-11-09 05:00:00,2023-11-09,5,3,0,fall,939,,,,
NYC,hour,2023-11-09 06:00:00,2023-11-09,6,3,0,fall,2899,,,,
NYC,hour,2023-11-09 07:00:00,2023-11-09,7,3,0,fall,6631,,,,
NYC,hour,2023-11-09 08:00:00,2023-11-09,8,3,0,fall,9758,,,,
NYC,hour,2023-11-09 09:00:00,2023-11-09,9,3,0,fall,7132,,,,
NYC,hour,2023-11-09 10:00:00,2023-11-09,10,3,0,fall,3615,,,,
NYC,hour,2023-11-09 11:00:00,2023-11-09,11,3,0,fall,4944,,,,
NYC,hour,2023-11-09 12:00:00,2023-11-09,12,3,0,fall,5431,,,,
NYC,hour,2023-11-09 13:00:00,2023-11-09,13,3,0,fall,5597,,,,
NYC,hour,2023-11-09 14:00:00,2023-11-09,14,3,0,fall,6668,,,,
NYC,hour,2023-11-09 15:00:00,2023-11-09,15,3,0,fall,7884,,,,
NYC,hour,2023-11-09 16:00:00,2023-11-09,16,3,0,fall,9086,,,,
NYC,hour,2023-11-09 17:00:00,2023-11-09,17,3,0,fall,11102,,,,
NYC,hour,2023-11-09 18:00:00,2023-11-09,18,3,0,fall,10483,,,,
NYC,hour,2023-11-09 19:00:00,2023-11-09,19,3,0,fall,7579,,,,
NYC,hour,2023-11-09 20:00:00,2023-11-09,20,3,0,fall,5544,,,,
NYC,hour,2023-11-09 21:00:00,2023-11-09,21,3,0,fall,4486,,,,
NYC,hour,2023-11-09 22:00:00,2023-11-09,22,3,0,fall,3633,,,,
NYC,hour,2023-11-09 23:00:00,2023-11-09,23,3,0,fall,2626,,,,
NYC,hour,2023-11-10 00:00:00,2023-11-10,0,4,0,fall,1594,,,,
NYC,hour,2023-11-10 01:00:00,2023-11-10,1,4,0,fall,902,,,,
NYC,hour,2023-11-10 02:00:00,2023-11-10,2,4,0,fall,507,,,,
NYC,hour,2023-11-10 03:00:00,2023-11-10,3,4,0,fall,358,,,,
NYC,hour,2023-11-10 04:00:00,2023-11-10,4,4,0,fall,391,,,,
NYC,hour,2023-11-10 05:00:00,2023-11-10,5,4,0,fall,847,,,,
NYC,hour,2023-11-10 06:00:00,2023-11-10,6,4,0,fall,2323,,,,
NYC,hour,2023-11-10 07:00:00,2023-11-10,7,4,0,fall,4934,,,,
NYC,hour,2023-11-10 08:00:00,2023-11-10,8,4,0,fall,6952,,,,
NYC,hour,2023-11-10 09:00:00,2023-11-10,9,4,0,fall,5910,,,,
NYC,hour,2023-11-10 10:00:00,2023-11-10,10,4,0,fall,5236,,,,
NYC,hour,2023-11-10 11:00:00,2023-11-10,11,4,0,fall,5495,,,,
NYC,hour,2023-11-10 12:00:00,2023-11-10,12,4,0,fall,6141,,,,
NYC,hour,2023-11-10 13:00:00,2023-11-10,13,4,0,fall,6513,,,,
NYC,hour,2023-11-10 14:00:00,2023-11-10,14,4,0,fall,7106,,,,
NYC,hour,2023-11-10 15:00:00,2023-11-10,15,4,0,fall,8072,,,,
NYC,hour,2023-11-10 16:00:00,2023-11-10,16,4,0,fall,8649,,,,
NYC,hour,2023-11-10 17:00:00,2023-11-10,17,4,0,fall,9022,,,,
NYC,hour,2023-11-10 18:00:00,2023-11-10,18,4,0,fall,7923,,,,
NYC,hour,2023-11-10 19:00:00,2023-11-10,19,4,0,fall,6192,,,,
NYC,hour,2023-11-10 20:00:00,2023-11-10,20,4,0,fall,4498,,,,
NYC,hour,2023-11-10 21:00:00,2023-11-10,21,4,0,fall,3578,,,,
NYC,hour,2023-11-10 22:00:00,2023-11-10,22,4,0,fall,2993,,,,
NYC,hour,2023-11-10 23:00:00,2023-11-10,23,4,0,fall,2631,,,,
NYC,hour,2023-11-11 00:00:00,2023-11-11,0,5,1,fall,2203,,,,
NYC,hour,2023-11-11 01:00:00,2023-11-11,1,5,1,fall,1515,,,,
NYC,hour,2023-11-11 02:00:00,2023-11-11,2,5,1,fall,985,,,,
NYC,hour,2023-11-11 03:00:00,2023-11-11,3,5,1,fall,638,,,,
NYC,hour,2023-11-11 04:00:00,2023-11-11,4,5,1,fall,416,,,,
NYC,hour,2023-11-11 05:00:00,2023-11-11,5,5,1,fall,402,,,,
NYC,hour,2023-11-11 06:00:00,2023-11-11,6,5,1,fall,827,,,,
NYC,hour,2023-11-11 07:00:00,2023-11-11,7,5,1,fall,1746,,,,
NYC,hour,2023-11-11 08:00:00,2023-11-11,8,5,1,fall,3009,,,,
NYC,hour,2023-11-11 09:00:00,2023-11-11,9,5,1,fall,4946,,,,
NYC,hour,2023-11-11 10:00:00,2023-11-11,10,5,1,fall,6253,,,,
NYC,hour,2023-11-11 11:00:00,2023-11-11,11,5,1,fall,7467,,,,
NYC,hour,2023-11-11 12:00:00,2023-11-11,12,5,1,fall,8662,,,,
NYC,hour,2023-11-11 13:00:00,2023-11-11,13,5,1,fall,9217,,,,
NYC,hour,2023-11-11 14:00:00,2023-11-11,14,5,1,fall,9161,,,,
NYC,hour,2023-11-11 15:00:00,2023-11-11,15,5,1,fall,9114,,,,
NYC,hour,2023-11-11 16:00:00,2023-11-11,16,5,1,fall,8036,,,,
NYC,hour,2023-11-11 17:00:00,2023-11-11,17,5,1,fall,6295,,,,
NYC,hour,2023-11-11 18:00:00,2023-11-11,18,5,1,fall,5673,,,,
NYC,hour,2023-11-11 19:00:00,2023-11-11,19,5,1,fall,4907,,,,
NYC,hour,2023-11-11 20:00:00,2023-11-11,20,5,1,fall,3636,,,,
NYC,hour,2023-11-11 21:00:00,2023-11-11,21,5,1,fall,3138,,,,
NYC,hour,2023-11-11 22:00:00,2023-11-11,22,5,1,fall,2706,,,,
NYC,hour,2023-11-11 23:00:00,2023-11-11,23,5,1,fall,2543,,,,
NYC,hour,2023-11-12 00:00:00,2023-11-12,0,6,1,fall,2293,,,,
NYC,hour,2023-11-12 01:00:00,2023-11-12,1,6,1,fall,1407,,,,
NYC,hour,2023-11-12 02:00:00,2023-11-12,2,6,1,fall,925,,,,
NYC,hour,2023-11-12 03:00:00,2023-11-12,3,6,1,fall,520,,,,
NYC,hour,2023-11-12 04:00:00,2023-11-12,4,6,1,fall,365,,,,
NYC,hour,2023-11-12 05:00:00,2023-11-12,5,6,1,fall,330,,,,
NYC,hour,2023-11-12 06:00:00,2023-11-12,6,6,1,fall,573,,,,
NYC,hour,2023-11-12 07:00:00,2023-11-12,7,6,1,fall,1145,,,,
NYC,hour,2023-11-12 08:00:00,2023-11-12,8,6,1,fall,2124,,,,
NYC,hour,2023-11-12 09:00:00,2023-11-12,9,6,1,fall,3317,,,,
NYC,hour,2023-11-12 10:00:00,2023-11-12,10,6,1,fall,4836,,,,
NYC,hour,2023-11-12 11:00:00,2023-11-12,11,6,1,fall,6001,,,,
NYC,hour,2023-11-12 12:00:00,2023-11-12,12,6,1,fall,6729,,,,
NYC,hour,2023-11-12 13:00:00,2023-11-12,13,6,1,fall,6761,,,,
NYC,hour,2023-11-12 14:00:00,2023-11-12,14,6,1,fall,6956,,,,
NYC,hour,2023-11-12 15:00:00,2023-11-12,15,6,1,fall,7100,,,,
NYC,hour,2023-11-12 16:00:00,2023-11-12,16,6,1,fall,6502,,,,
NYC,hour,2023-11-12 17:00:00,2023-11-12,17,6,1,fall,5432,,,,
NYC,hour,2023-11-12 18:00:00,2023-11-12,18,6,1,fall,4595,,,,
NYC,hour,2023-11-12 19:00:00,2023-11-12,19,6,1,fall,3452,,,,
NYC,hour,2023-11-12 20:00:00,2023-11-12,20,6,1,fall,2602,,,,
NYC,hour,2023-11-12 21:00:00,2023-11-12,21,6,1,fall,2084,,,,
NYC,hour,2023-11-12 22:00:00,2023-11-12,22,6,1,fall,1692,,,,
NYC,hour,2023-11-12 23:00:00,2023-11-12,23,6,1,fall,1150,,,,
NYC,hour,2023-11-13 00:00:00,2023-11-13,0,0,0,fall,627,,,,
NYC,hour,2023-11-13 01:00:00,2023-11-13,1,0,0,fall,314,,,,
NYC,hour,2023-11-13 02:00:00,2023-11-13,2,0,0,fall,193,,,,
NYC,hour,2023-11-13 03:00:00,2023-11-13,3,0,0,fall,164,,,,
NYC,hour,2023-11-13 04:00:00,2023-11-13,4,0,0,fall,245,,,,
NYC,hour,2023-11-13 05:00:00,2023-11-13,5,0,0,fall,885,,,,
NYC,hour,2023-11-13 06:00:00,2023-11-13,6,0,0,fall,2487,,,,
NYC,hour,2023-11-13 07:00:00,2023-11-13,7,0,0,fall,5611,,,,
NYC,hour,2023-11-13 08:00:00,2023-11-13,8,0,0,fall,8042,,,,
NYC,hour,2023-11-13 09:00:00,2023-11-13,9,0,0,fall,5606,,,,
NYC,hour,2023-11-13 10:00:00,2023-11-13,10,0,0,fall,3890,,,,
NYC,hour,2023-11-13 11:00:00,2023-11-13,11,0,0,fall,3789,,,,
NYC,hour,2023-11-13 12:00:00,2023-11-13,12,0,0,fall,4413,,,,
NYC,hour,2023-11-13 13:00:00,2023-11-13,13,0,0,fall,4770,,,,
NYC,hour,2023-11-13 14:00:00,2023-11-13,14,0,0,fall,5643,,,,
NYC,hour,2023-11-13 15:00:00,2023-11-13,15,0,0,fall,6350,,,,
NYC,hour,2023-11-13 16:00:00,2023-11-13,16,0,0,fall,7470,,,,
NYC,hour,2023-11-13 17:00:00,2023-11-13,17,0,0,fall,9179,,,,
NYC,hour,2023-11-13 18:00:00,2023-11-13,18,0,0,fall,8350,,,,
NYC,hour,2023-11-13 19:00:00,2023-11-13,19,0,0,fall,5928,,,,
NYC,hour,2023-11-13 20:00:00,2023-11-13,20,0,0,fall,4313,,,,
NYC,hour,2023-11-13 21:00:00,2023-11-13,21,0,0,fall,3100,,,,
NYC,hour,2023-11-13 22:00:00,2023-11-13,22,0,0,fall,2192,,,,
NYC,hour,2023-11-13 23:00:00,2023-11-13,23,0,0,fall,1429,,,,
NYC,hour,2023-11-14 00:00:00,2023-11-14,0,1,0,fall,716,,,,
NYC,hour,2023-11-14 01:00:00,2023-11-14,1,1,0,fall,364,,,,
NYC,hour,2023-11-14 02:00:00,2023-11-14,2,1,0,fall,242,,,,
NYC,hour,2023-11-14 03:00:00,2023-11-14,3,1,0,fall,190,,,,
NYC,hour,2023-11-14 04:00:00,2023-11-14,4,1,0,fall,255,,,,
NYC,hour,2023-11-14 05:00:00,2023-11-14,5,1,0,fall,979,,,,
NYC,hour,2023-11-14 06:00:00,2023-11-14,6,1,0,fall,3003,,,,
NYC,hour,2023-11-14 07:00:00,2023-11-14,7,1,0,fall,6652,,,,
NYC,hour,2023-11-14 08:00:00,2023-11-14,8,1,0,fall,9992,,,,
NYC,hour,2023-11-14 09:00:00,2023-11-14,9,1,0,fall,6426,,,,
NYC,hour,2023-11-14 10:00:00,2023-11-14,10,1,0,fall,4386,,,,
NYC,hour,2023-11-14 11:00:00,2023-11-14,11,1,0,fall,4074,,,,
NYC,hour,2023-11-14 12:00:00,2023-11-14,12,1,0,fall,4646,,,,
NYC,hour,2023-11-14 13:00:00,2023-11-14,13,1,0,fall,4985,,,,
NYC,hour,2023-11-14 14:00:00,2023-11-14,14,1,0,fall,5709,,,,
NYC,hour,2023-11-14 15:00:00,2023-11-14,15,1,0,fall,6823,,,,
NYC,hour,2023-11-14 16:00:00,2023-11-14,16,1,0,fall,7900,,,,
NYC,hour,2023-11-14 17:00:00,2023-11-14,17,1,0,fall,10186,,,,
NYC,hour,2023-11-14 18:00:00,2023-11-14,18,1,0,fall,9308,,,,
NYC,hour,2023-11-14 19:00:00,2023-11-14,19,1,0,fall,6509,,,,
NYC,hour,2023-11-14 20:00:00,2023-11-14,20,1,0,fall,4556,,,,
NYC,hour,2023-11-14 21:00:00,2023-11-14,21,1,0,fall,3479,,,,
NYC,hour,2023-11-14 22:00:00,2023-11-14,22,1,0,fall,2751,,,,
NYC,hour,2023-11-14 23:00:00,2023-11-14,23,1,0,fall,1693,,,,
NYC,hour,2023-11-15 00:00:00,2023-11-15,0,2,0,fall,844,,,,
NYC,hour,2023-11-15 01:00:00,2023-11-15,1,2,0,fall,421,,,,
NYC,hour,2023-11-15 02:00:00,2023-11-15,2,2,0,fall,273,,,,
NYC,hour,2023-11-15 03:00:00,2023-11-15,3,2,0,fall,177,,,,
NYC,hour,2023-11-15 04:00:00,2023-11-15,4,2,0,fall,308,,,,
NYC,hour,2023-11-15 05:00:00,2023-11-15,5,2,0,fall,942,,,,
NYC,hour,2023-11-15 06:00:00,2023-11-15,6,2,0,fall,2889,,,,
NYC,hour,2023-11-15 07:00:00,2023-11-15,7,2,0,fall,6526,,,,
NYC,hour,2023-11-15 08:00:00,2023-11-15,8,2,0,fall,9957,,,,
NYC,hour,2023-11-15 09:00:00,2023-11-15,9,2,0,fall,6752,,,,
NYC,hour,2023-11-15 10:00:00,2023-11-15,10,2,0,fall,4722,,,,
NYC,hour,2023-11-15 11:00:00,2023-11-15,11,2,0,fall,4512,,,,
NYC,hour,2023-11-15 12:00:00,2023-11-15,12,2,0,fall,4849,,,,
NYC,hour,2023-11-15 13:00:00,2023-11-15,13,2,0,fall,5480,,,,
NYC,hour,2023-11-15 14:00:00,2023-11-15,14,2,0,fall,6086,,,,
NYC,hour,2023-11-15 15:00:00,2023-11-15,15,2,0,fall,6948,,,,
NYC,hour,2023-11-15 16:00:00,2023-11-15,16,2,0,fall,8238,,,,
NYC,hour,2023-11-15 17:00:00,2023-11-15,17,2,0,fall,10542,,,,
NYC,hour,2023-11-15 18:00:00,2023-11-15,18,2,0,fall,9830,,,,
NYC,hour,2023-11-15 19:00:00,2023-11-15,19,2,0,fall,7100,,,,
NYC,hour,2023-11-15 20:00:00,2023-11-15,20,2,0,fall,4949,,,,
NYC,hour,2023-11-15 21:00:00,2023-11-15,21,2,0,fall,3898,,,,
NYC,hour,2023-11-15 22:00:00,2023-11-15,22,2,0,fall,3020,,,,
NYC,hour,2023-11-15 23:00:00,2023-11-15,23,2,0,fall,2022,,,,
NYC,hour,2023-11-16 00:00:00,2023-11-16,0,3,0,fall,1085,,,,
NYC,hour,2023-11-16 01:00:00,2023-11-16,1,3,0,fall,545,,,,
NYC,hour,2023-11-16 02:00:00,2023-11-16,2,3,0,fall,318,,,,
NYC,hour,2023-11-16 03:00:00,2023-11-16,3,3,0,fall,271,,,,
NYC,hour,2023-11-16 04:00:00,2023-11-16,4,3,0,fall,305,,,,
NYC,hour,2023-11-16 05:00:00,2023-11-16,5,3,0,fall,987,,,,
NYC,hour,2023-11-16 06:00:00,2023-11-16,6,3,0,fall,2820,,,,
NYC,hour,2023-11-16 07:00:00,2023-11-16,7,3,0,fall,6540,,,,
NYC,hour,2023-11-16 08:00:00,2023-11-16,8,3,0,fall,10054,,,,
NYC,hour,2023-11-16 09:00:00,2023-11-16,9,3,0,fall,7117,,,,
NYC,hour,2023-11-16 10:00:00,2023-11-16,10,3,0,fall,5237,,,,
NYC,hour,2023-11-16 11:00:00,2023-11-16,11,3,0,fall,4953,,,,
NYC,hour,2023-11-16 12:00:00,2023-11-16,12,3,0,fall,5668,,,,
NYC,hour,2023-11-16 13:00:00,2023-11-16,13,3,0,fall,6147,,,,
NYC,hour,2023-11-16 14:00:00,2023-11-16,14,3,0,fall,7109,,,,
NYC,hour,2023-11-16 15:00:00,2023-11-16,15,3,0,fall,8339,,,,
NYC,hour,2023-11-16 16:00:00,2023-11-16,16,3,0,fall,9240,,,,
NYC,hour,2023-11-16 17:00:00,2023-11-16,17,3,0,fall,11387,,,,
NYC,hour,2023-11-16 18:00:00,2023-11-16,18,3,0,fall,10746,,,,
NYC,hour,2023-11-16 19:00:00,2023-11-16,19,3,0,fall,7977,,,,
NYC,hour,2023-11-16 20:00:00,2023-11-16,20,3,0,fall,5492,,,,
NYC,hour,2023-11-16 21:00:00,2023-11-16,21,3,0,fall,4482,,,,
NYC,hour,2023-11-16 22:00:00,2023-11-16,22,3,0,fall,3634,,,,
NYC,hour,2023-11-16 23:00:00,2023-11-16,23,3,0,fall,2762,,,,
NYC,hour,2023-11-17 00:00:00,2023-11-17,0,4,0,fall,1508,,,,
NYC,hour,2023-11-17 01:00:00,2023-11-17,1,4,0,fall,835,,,,
NYC,hour,2023-11-17 02:00:00,2023-11-17,2,4,0,fall,521,,,,
NYC,hour,2023-11-17 03:00:00,2023-11-17,3,4,0,fall,335,,,,
NYC,hour,2023-11-17 04:00:00,2023-11-17,4,4,0,fall,338,,,,
NYC,hour,2023-11-17 05:00:00,2023-11-17,5,4,0,fall,870,,,,
NYC,hour,2023-11-17 06:00:00,2023-11-17,6,4,0,fall,2610,,,,
NYC,hour,2023-11-17 07:00:00,2023-11-17,7,4,0,fall,5895,,,,
NYC,hour,2023-11-17 08:00:00,2023-11-17,8,4,0,fall,8673,,,,
NYC,hour,2023-11-17 09:00:00,2023-11-17,9,4,0,fall,6846,,,,
NYC,hour,2023-11-17 10:00:00,2023-11-17,10,4,0,fall,5604,,,,
NYC,hour,2023-11-17 11:00:00,2023-11-17,11,4,0,fall,6226,,,,
NYC,hour,2023-11-17 12:00:00,2023-11-17,12,4,0,fall,7089,,,,
NYC,hour,2023-11-17 13:00:00,2023-11-17,13,4,0,fall,8012,,,,
NYC,hour,2023-11-17 14:00:00,2023-11-17,14,4,0,fall,8727,,,,
NYC,hour,2023-11-17 15:00:00,2023-11-17,15,4,0,fall,9556,,,,
NYC,hour,2023-11-17 16:00:00,2023-11-17,16,4,0,fall,9928,,,,
NYC,hour,2023-11-17 17:00:00,2023-11-17,17,4,0,fall,10548,,,,
NYC,hour,2023-11-17 18:00:00,2023-11-17,18,4,0,fall,9504,,,,
NYC,hour,2023-11-17 19:00:00,2023-11-17,19,4,0,fall,7497,,,,
NYC,hour,2023-11-17 20:00:00,2023-11-17,20,4,0,fall,5541,,,,
NYC,hour,2023-11-17 21:00:00,2023-11-17,21,4,0,fall,4464,,,,
NYC,hour,2023-11-17 22:00:00,2023-11-17,22,4,0,fall,3970,,,,
NYC,hour,2023-11-17 23:00:00,2023-11-17,23,4,0,fall,3437,,,,
NYC,hour,2023-11-18 00:00:00,2023-11-18,0,5,1,fall,2789,,,,
NYC,hour,2023-11-18 01:00:00,2023-11-18,1,5,1,fall,1977,,,,
NYC,hour,2023-11-18 02:00:00,2023-11-18,2,5,1,fall,1244,,,,
NYC,hour,2023-11-18 03:00:00,2023-11-18,3,5,1,fall,688,,,,
NYC,hour,2023-11-18 04:00:00,2023-11-18,4,5,1,fall,476,,,,
NYC,hour,2023-11-18 05:00:00,2023-11-18,5,5,1,fall,419,,,,
NYC,hour,2023-11-18 06:00:00,2023-11-18,6,5,1,fall,987,,,,
NYC,hour,2023-11-18 07:00:00,2023-11-18,7,5,1,fall,1788,,,,
NYC,hour,2023-11-18 08:00:00,2023-11-18,8,5,1,fall,3248,,,,
NYC,hour,2023-11-18 09:00:00,2023-11-18,9,5,1,fall,4625,,,,
NYC,hour,2023-11-18 10:00:00,2023-11-18,10,5,1,fall,5849,,,,
NYC,hour,2023-11-18 11:00:00,2023-11-18,11,5,1,fall,6729,,,,
NYC,hour,2023-11-18 12:00:00,2023-11-18,12,5,1,fall,7827,,,,
NYC,hour,2023-11-18 13:00:00,2023-11-18,13,5,1,fall,8438,,,,
NYC,hour,2023-11-18 14:00:00,2023-11-18,14,5,1,fall,8265,,,,
NYC,hour,2023-11-18 15:00:00,2023-11-18,15,5,1,fall,8166,,,,
NYC,hour,2023-11-18 16:00:00,2023-11-18,16,5,1,fall,7418,,,,
NYC,hour,2023-11-18 17:00:00,2023-11-18,17,5,1,fall,5933,,,,
NYC,hour,2023-11-18 18:00:00,2023-11-18,18,5,1,fall,5316,,,,
NYC,hour,2023-11-18 19:00:00,2023-11-18,19,5,1,fall,4394,,,,
NYC,hour,2023-11-18 20:00:00,2023-11-18,20,5,1,fall,3360,,,,
NYC,hour,2023-11-18 21:00:00,2023-11-18,21,5,1,fall,2806,,,,
NYC,hour,2023-11-18 22:00:00,2023-11-18,22,5,1,fall,2609,,,,
NYC,hour,2023-11-18 23:00:00,2023-11-18,23,5,1,fall,2374,,,,
NYC,hour,2023-11-19 00:00:00,2023-11-19,0,6,1,fall,1931,,,,
NYC,hour,2023-11-19 01:00:00,2023-11-19,1,6,1,fall,1305,,,,
NYC,hour,2023-11-19 02:00:00,2023-11-19,2,6,1,fall,956,,,,
NYC,hour,2023-11-19 03:00:00,2023-11-19,3,6,1,fall,598,,,,
NYC,hour,2023-11-19 04:00:00,2023-11-19,4,6,1,fall,424,,,,
NYC,hour,2023-11-19 05:00:00,2023-11-19,5,6,1,fall,374,,,,
NYC,hour,2023-11-19 06:00:00,2023-11-19,6,6,1,fall,684,,,,
NYC,hour,2023-11-19 07:00:00,2023-11-19,7,6,1,fall,1447,,,,
NYC,hour,2023-11-19 08:00:00,2023-11-19,8,6,1,fall,2224,,,,
NYC,hour,2023-11-19 09:00:00,2023-11-19,9,6,1,fall,3627,,,,
NYC,hour,2023-11-19 10:00:00,2023-11-19,10,6,1,fall,5164,,,,
NYC,hour,2023-11-19 11:00:00,2023-11-19,11,6,1,fall,6305,,,,
NYC,hour,2023-11-19 12:00:00,2023-11-19,12,6,1,fall,7465,,,,
NYC,hour,2023-11-19 13:00:00,2023-11-19,13,6,1,fall,7821,,,,
NYC,hour,2023-11-19 14:00:00,2023-11-19,14,6,1,fall,8180,,,,
NYC,hour,2023-11-19 15:00:00,2023-11-19,15,6,1,fall,7815,,,,
NYC,hour,2023-11-19 16:00:00,2023-11-19,16,6,1,fall,7338,,,,
NYC,hour,2023-11-19 17:00:00,2023-11-19,17,6,1,fall,6047,,,,
NYC,hour,2023-11-19 18:00:00,2023-11-19,18,6,1,fall,5048,,,,
NYC,hour,2023-11-19 19:00:00,2023-11-19,19,6,1,fall,4001,,,,
NYC,hour,2023-11-19 20:00:00,2023-11-19,20,6,1,fall,3246,,,,
NYC,hour,2023-11-19 21:00:00,2023-11-19,21,6,1,fall,2472,,,,
NYC,hour,2023-11-19 22:00:00,2023-11-19,22,6,1,fall,1836,,,,
NYC,hour,2023-11-19 23:00:00,2023-11-19,23,6,1,fall,1286,,,,
NYC,hour,2023-11-20 00:00:00,2023-11-20,0,0,0,fall,758,,,,
NYC,hour,2023-11-20 01:00:00,2023-11-20,1,0,0,fall,408,,,,
NYC,hour,2023-11-20 02:00:00,2023-11-20,2,0,0,fall,246,,,,
NYC,hour,2023-11-20 03:00:00,2023-11-20,3,0,0,fall,175,,,,
NYC,hour,2023-11-20 04:00:00,2023-11-20,4,0,0,fall,236,,,,
NYC,hour,2023-11-20 05:00:00,2023-11-20,5,0,0,fall,839,,,,
NYC,hour,2023-11-20 06:00:00,2023-11-20,6,0,0,fall,2321,,,,
NYC,hour,2023-11-20 07:00:00,2023-11-20,7,0,0,fall,5215,,,,
NYC,hour,2023-11-20 08:00:00,2023-11-20,8,0,0,fall,7511,,,,
NYC,hour,2023-11-20 09:00:00,2023-11-20,9,0,0,fall,5153,,,,
NYC,hour,2023-11-20 10:00:00,2023-11-20,10,0,0,fall,3800,,,,
NYC,hour,2023-11-20 11:00:00,2023-11-20,11,0,0,fall,3792,,,,
NYC,hour,2023-11-20 12:00:00,2023-11-20,12,0,0,fall,4355,,,,
NYC,hour,2023-11-20 13:00:00,2023-11-20,13,0,0,fall,4757,,,,
NYC,hour,2023-11-20 14:00:00,2023-11-20,14,0,0,fall,5519,,,,
NYC,hour,2023-11-20 15:00:00,2023-11-20,15,0,0,fall,6358,,,,
NYC,hour,2023-11-20 16:00:00,2023-11-20,16,0,0,fall,7027,,,,
NYC,hour,2023-11-20 17:00:00,2023-11-20,17,0,0,fall,8185,,,,
NYC,hour,2023-11-20 18:00:00,2023-11-20,18,0,0,fall,7464,,,,
NYC,hour,2023-11-20 19:00:00,2023-11-20,19,0,0,fall,5237,,,,
NYC,hour,2023-11-20 20:00:00,2023-11-20,20,0,0,fall,3601,,,,
NYC,hour,2023-11-20 21:00:00,2023-11-20,21,0,0,fall,2698,,,,
NYC,hour,2023-11-20 22:00:00,2023-11-20,22,0,0,fall,1764,,,,
NYC,hour,2023-11-20 23:00:00,2023-11-20,23,0,0,fall,1352,,,,
NYC,hour,2023-11-21 00:00:00,2023-11-21,0,1,0,fall,782,,,,
NYC,hour,2023-11-21 01:00:00,2023-11-21,1,1,0,fall,383,,,,
NYC,hour,2023-11-21 02:00:00,2023-11-21,2,1,0,fall,229,,,,
NYC,hour,2023-11-21 03:00:00,2023-11-21,3,1,0,fall,164,,,,
NYC,hour,2023-11-21 04:00:00,2023-11-21,4,1,0,fall,286,,,,
NYC,hour,2023-11-21 05:00:00,2023-11-21,5,1,0,fall,870,,,,
NYC,hour,2023-11-21 06:00:00,2023-11-21,6,1,0,fall,2331,,,,
NYC,hour,2023-11-21 07:00:00,2023-11-21,7,1,0,fall,5158,,,,
NYC,hour,2023-11-21 08:00:00,2023-11-21,8,1,0,fall,7691,,,,
NYC,hour,2023-11-21 09:00:00,2023-11-21,9,1,0,fall,5251,,,,
NYC,hour,2023-11-21 10:00:00,2023-11-21,10,1,0,fall,3984,,,,
NYC,hour,2023-11-21 11:00:00,2023-11-21,11,1,0,fall,3749,,,,
NYC,hour,2023-11-21 12:00:00,2023-11-21,12,1,0,fall,4339,,,,
NYC,hour,2023-11-21 13:00:00,2023-11-21,13,1,0,fall,4197,,,,
NYC,hour,2023-11-21 14:00:00,2023-11-21,14,1,0,fall,3483,,,,
NYC,hour,2023-11-21 15:00:00,2023-11-21,15,1,0,fall,3080,,,,
NYC,hour,2023-11-21 16:00:00,2023-11-21,16,1,0,fall,3033,,,,
NYC,hour,2023-11-21 17:00:00,2023-11-21,17,1,0,fall,3767,,,,
NYC,hour,2023-11-21 18:00:00,2023-11-21,18,1,0,fall,3116,,,,
NYC,hour,2023-11-21 19:00:00,2023-11-21,19,1,0,fall,1788,,,,
NYC,hour,2023-11-21 20:00:00,2023-11-21,20,1,0,fall,1296,,,,
NYC,hour,2023-11-21 21:00:00,2023-11-21,21,1,0,fall,686,,,,
NYC,hour,2023-11-21 22:00:00,2023-11-21,22,1,0,fall,511,,,,
NYC,hour,2023-11-21 23:00:00,2023-11-21,23,1,0,fall,313,,,,
NYC,hour,2023-11-22 00:00:00,2023-11-22,0,2,0,fall,212,,,,
NYC,hour,2023-11-22 01:00:00,2023-11-22,1,2,0,fall,129,,,,
NYC,hour,2023-11-22 02:00:00,2023-11-22,2,2,0,fall,83,,,,
NYC,hour,2023-11-22 03:00:00,2023-11-22,3,2,0,fall,57,,,,
NYC,hour,2023-11-22 04:00:00,2023-11-22,4,2,0,fall,69,,,,
NYC,hour,2023-11-22 05:00:00,2023-11-22,5,2,0,fall,324,,,,
NYC,hour,2023-11-22 06:00:00,2023-11-22,6,2,0,fall,1168,,,,
NYC,hour,2023-11-22 07:00:00,2023-11-22,7,2,0,fall,2911,,,,
NYC,hour,2023-11-22 08:00:00,2023-11-22,8,2,0,fall,4941,,,,
NYC,hour,2023-11-22 09:00:00,2023-11-22,9,2,0,fall,4214,,,,
NYC,hour,2023-11-22 10:00:00,2023-11-22,10,2,0,fall,3774,,,,
NYC,hour,2023-11-22 11:00:00,2023-11-22,11,2,0,fall,4483,,,,
NYC,hour,2023-11-22 12:00:00,2023-11-22,12,2,0,fall,5411,,,,
NYC,hour,2023-11-22 13:00:00,2023-11-22,13,2,0,fall,6071,,,,
NYC,hour,2023-11-22 14:00:00,2023-11-22,14,2,0,fall,6842,,,,
NYC,hour,2023-11-22 15:00:00,2023-11-22,15,2,0,fall,7365,,,,
NYC,hour,2023-11-22 16:00:00,2023-11-22,16,2,0,fall,7315,,,,
NYC,hour,2023-11-22 17:00:00,2023-11-22,17,2,0,fall,6687,,,,
NYC,hour,2023-11-22 18:00:00,2023-11-22,18,2,0,fall,5681,,,,
NYC,hour,2023-11-22 19:00:00,2023-11-22,19,2,0,fall,4419,,,,
NYC,hour,2023-11-22 20:00:00,2023-11-22,20,2,0,fall,3264,,,,
NYC,hour,2023-11-22 21:00:00,2023-11-22,21,2,0,fall,2746,,,,
NYC,hour,2023-11-22 22:00:00,2023-11-22,22,2,0,fall,2206,,,,
NYC,hour,2023-11-22 23:00:00,2023-11-22,23,2,0,fall,1966,,,,
NYC,hour,2023-11-23 00:00:00,2023-11-23,0,3,0,fall,1275,,,,
NYC,hour,2023-11-23 01:00:00,2023-11-23,1,3,0,fall,856,,,,
NYC,hour,2023-11-23 02:00:00,2023-11-23,2,3,0,fall,571,,,,
NYC,hour,2023-11-23 03:00:00,2023-11-23,3,3,0,fall,402,,,,
NYC,hour,2023-11-23 04:00:00,2023-11-23,4,3,0,fall,291,,,,
NYC,hour,2023-11-23 05:00:00,2023-11-23,5,3,0,fall,301,,,,
NYC,hour,2023-11-23 06:00:00,2023-11-23,6,3,0,fall,691,,,,
NYC,hour,2023-11-23 07:00:00,2023-11-23,7,3,0,fall,1284,,,,
NYC,hour,2023-11-23 08:00:00,2023-11-23,8,3,0,fall,1780,,,,
NYC,hour,2023-11-23 09:00:00,2023-11-23,9,3,0,fall,2449,,,,
NYC,hour,2023-11-23 10:00:00,2023-11-23,10,3,0,fall,3154,,,,
NYC,hour,2023-11-23 11:00:00,2023-11-23,11,3,0,fall,3561,,,,
NYC,hour,2023-11-23 12:00:00,2023-11-23,12,3,0,fall,3664,,,,
NYC,hour,2023-11-23 13:00:00,2023-11-23,13,3,0,fall,3607,,,,
NYC,hour,2023-11-23 14:00:00,2023-11-23,14,3,0,fall,3706,,,,
NYC,hour,2023-11-23 15:00:00,2023-11-23,15,3,0,fall,3438,,,,
NYC,hour,2023-11-23 16:00:00,2023-11-23,16,3,0,fall,2807,,,,
NYC,hour,2023-11-23 17:00:00,2023-11-23,17,3,0,fall,2020,,,,
NYC,hour,2023-11-23 18:00:00,2023-11-23,18,3,0,fall,1585,,,,
NYC,hour,2023-11-23 19:00:00,2023-11-23,19,3,0,fall,1475,,,,
NYC,hour,2023-11-23 20:00:00,2023-11-23,20,3,0,fall,1368,,,,
NYC,hour,2023-11-23 21:00:00,2023-11-23,21,3,0,fall,1478,,,,
NYC,hour,2023-11-23 22:00:00,2023-11-23,22,3,0,fall,1488,,,,
NYC,hour,2023-11-23 23:00:00,2023-11-23,23,3,0,fall,1212,,,,
NYC,hour,2023-11-24 00:00:00,2023-11-24,0,4,0,fall,824,,,,
NYC,hour,2023-11-24 01:00:00,2023-11-24,1,4,0,fall,501,,,,
NYC,hour,2023-11-24 02:00:00,2023-11-24,2,4,0,fall,356,,,,
NYC,hour,2023-11-24 03:00:00,2023-11-24,3,4,0,fall,240,,,,
NYC,hour,2023-11-24 04:00:00,2023-11-24,4,4,0,fall,236,,,,
NYC,hour,2023-11-24 05:00:00,2023-11-24,5,4,0,fall,352,,,,
NYC,hour,2023-11-24 06:00:00,2023-11-24,6,4,0,fall,788,,,,
NYC,hour,2023-11-24 07:00:00,2023-11-24,7,4,0,fall,1332,,,,
NYC,hour,2023-11-24 08:00:00,2023-11-24,8,4,0,fall,1851,,,,
NYC,hour,2023-11-24 09:00:00,2023-11-24,9,4,0,fall,2374,,,,
NYC,hour,2023-11-24 10:00:00,2023-11-24,10,4,0,fall,2944,,,,
NYC,hour,2023-11-24 11:00:00,2023-11-24,11,4,0,fall,3656,,,,
NYC,hour,2023-11-24 12:00:00,2023-11-24,12,4,0,fall,4220,,,,
NYC,hour,2023-11-24 13:00:00,2023-11-24,13,4,0,fall,4597,,,,
NYC,hour,2023-11-24 14:00:00,2023-11-24,14,4,0,fall,4790,,,,
NYC,hour,2023-11-24 15:00:00,2023-11-24,15,4,0,fall,4765,,,,
NYC,hour,2023-11-24 16:00:00,2023-11-24,16,4,0,fall,4478,,,,
NYC,hour,2023-11-24 17:00:00,2023-11-24,17,4,0,fall,3683,,,,
NYC,hour,2023-11-24 18:00:00,2023-11-24,18,4,0,fall,2971,,,,
NYC,hour,2023-11-24 19:00:00,2023-11-24,19,4,0,fall,2453,,,,
NYC,hour,2023-11-24 20:00:00,2023-11-24,20,4,0,fall,1873,,,,
NYC,hour,2023-11-24 21:00:00,2023-11-24,21,4,0,fall,1502,,,,
NYC,hour,2023-11-24 22:00:00,2023-11-24,22,4,0,fall,1417,,,,
NYC,hour,2023-11-24 23:00:00,2023-11-24,23,4,0,fall,1154,,,,
NYC,hour,2023-11-25 00:00:00,2023-11-25,0,5,1,fall,830,,,,
NYC,hour,2023-11-25 01:00:00,2023-11-25,1,5,1,fall,504,,,,
NYC,hour,2023-11-25 02:00:00,2023-11-25,2,5,1,fall,357,,,,
NYC,hour,2023-11-25 03:00:00,2023-11-25,3,5,1,fall,274,,,,
NYC,hour,2023-11-25 04:00:00,2023-11-25,4,5,1,fall,247,,,,
NYC,hour,2023-11-25 05:00:00,2023-11-25,5,5,1,fall,236,,,,
NYC,hour,2023-11-25 06:00:00,2023-11-25,6,5,1,fall,494,,,,
NYC,hour,2023-11-25 07:00:00,2023-11-25,7,5,1,fall,880,,,,
NYC,hour,2023-11-25 08:00:00,2023-11-25,8,5,1,fall,1404,,,,
NYC,hour,2023-11-25 09:00:00,2023-11-25,9,5,1,fall,2309,,,,
NYC,hour,2023-11-25 10:00:00,2023-11-25,10,5,1,fall,3119,,,,
NYC,hour,2023-11-25 11:00:00,2023-11-25,11,5,1,fall,3714,,,,
NYC,hour,2023-11-25 12:00:00,2023-11-25,12,5,1,fall,4011,,,,
NYC,hour,2023-11-25 13:00:00,2023-11-25,13,5,1,fall,4083,,,,
NYC,hour,2023-11-25 14:00:00,2023-11-25,14,5,1,fall,4355,,,,
NYC,hour,2023-11-25 15:00:00,2023-11-25,15,5,1,fall,4631,,,,
NYC,hour,2023-11-25 16:00:00,2023-11-25,16,5,1,fall,4334,,,,
NYC,hour,2023-11-25 17:00:00,2023-11-25,17,5,1,fall,3579,,,,
NYC,hour,2023-11-25 18:00:00,2023-11-25,18,5,1,fall,3295,,,,
NYC,hour,2023-11-25 19:00:00,2023-11-25,19,5,1,fall,2788,,,,
NYC,hour,2023-11-25 20:00:00,2023-11-25,20,5,1,fall,2185,,,,
NYC,hour,2023-11-25 21:00:00,2023-11-25,21,5,1,fall,1956,,,,
NYC,hour,2023-11-25 22:00:00,2023-11-25,22,5,1,fall,1760,,,,
NYC,hour,2023-11-25 23:00:00,2023-11-25,23,5,1,fall,1601,,,,
NYC,hour,2023-11-26 00:00:00,2023-11-26,0,6,1,fall,1223,,,,
NYC,hour,2023-11-26 01:00:00,2023-11-26,1,6,1,fall,768,,,,
NYC,hour,2023-11-26 02:00:00,2023-11-26,2,6,1,fall,619,,,,
NYC,hour,2023-11-26 03:00:00,2023-11-26,3,6,1,fall,427,,,,
NYC,hour,2023-11-26 04:00:00,2023-11-26,4,6,1,fall,329,,,,
NYC,hour,2023-11-26 05:00:00,2023-11-26,5,6,1,fall,255,,,,
NYC,hour,2023-11-26 06:00:00,2023-11-26,6,6,1,fall,444,,,,
NYC,hour,2023-11-26 07:00:00,2023-11-26,7,6,1,fall,800,,,,
NYC,hour,2023-11-26 08:00:00,2023-11-26,8,6,1,fall,1554,,,,
NYC,hour,2023-11-26 09:00:00,2023-11-26,9,6,1,fall,2488,,,,
NYC,hour,2023-11-26 10:00:00,2023-11-26,10,6,1,fall,3377,,,,
NYC,hour,2023-11-26 11:00:00,2023-11-26,11,6,1,fall,4339,,,,
NYC,hour,2023-11-26 12:00:00,2023-11-26,12,6,1,fall,4983,,,,
NYC,hour,2023-11-26 13:00:00,2023-11-26,13,6,1,fall,5311,,,,
NYC,hour,2023-11-26 14:00:00,2023-11-26,14,6,1,fall,4791,,,,
NYC,hour,2023-11-26 15:00:00,2023-11-26,15,6,1,fall,3114,,,,
NYC,hour,2023-11-26 16:00:00,2023-11-26,16,6,1,fall,2407,,,,
NYC,hour,2023-11-26 17:00:00,2023-11-26,17,6,1,fall,1893,,,,
NYC,hour,2023-11-26 18:00:00,2023-11-26,18,6,1,fall,1565,,,,
NYC,hour,2023-11-26 19:00:00,2023-11-26,19,6,1,fall,1472,,,,
NYC,hour,2023-11-26 20:00:00,2023-11-26,20,6,1,fall,1346,,,,
NYC,hour,2023-11-26 21:00:00,2023-11-26,21,6,1,fall,937,,,,
NYC,hour,2023-11-26 22:00:00,2023-11-26,22,6,1,fall,374,,,,
NYC,hour,2023-11-26 23:00:00,2023-11-26,23,6,1,fall,433,,,,
NYC,hour,2023-11-27 00:00:00,2023-11-27,0,0,0,fall,346,,,,
NYC,hour,2023-11-27 01:00:00,2023-11-27,1,0,0,fall,254,,,,
NYC,hour,2023-11-27 02:00:00,2023-11-27,2,0,0,fall,178,,,,
NYC,hour,2023-11-27 03:00:00,2023-11-27,3,0,0,fall,136,,,,
NYC,hour,2023-11-27 04:00:00,2023-11-27,4,0,0,fall,242,,,,
NYC,hour,2023-11-27 05:00:00,2023-11-27,5,0,0,fall,907,,,,
NYC,hour,2023-11-27 06:00:00,2023-11-27,6,0,0,fall,2322,,,,
NYC,hour,2023-11-27 07:00:00,2023-11-27,7,0,0,fall,5319,,,,
NYC,hour,2023-11-27 08:00:00,2023-11-27,8,0,0,fall,7714,,,,
NYC,hour,2023-11-27 09:00:00,2023-11-27,9,0,0,fall,5077,,,,
NYC,hour,2023-11-27 10:00:00,2023-11-27,10,0,0,fall,3649,,,,
NYC,hour,2023-11-27 11:00:00,2023-11-27,11,0,0,fall,3640,,,,
NYC,hour,2023-11-27 12:00:00,2023-11-27,12,0,0,fall,4166,,,,
NYC,hour,2023-11-27 13:00:00,2023-11-27,13,0,0,fall,4491,,,,
NYC,hour,2023-11-27 14:00:00,2023-11-27,14,0,0,fall,5303,,,,
NYC,hour,2023-11-27 15:00:00,2023-11-27,15,0,0,fall,6111,,,,
NYC,hour,2023-11-27 16:00:00,2023-11-27,16,0,0,fall,7037,,,,
NYC,hour,2023-11-27 17:00:00,2023-11-27,17,0,0,fall,8408,,,,
NYC,hour,2023-11-27 18:00:00,2023-11-27,18,0,0,fall,7387,,,,
NYC,hour,2023-11-27 19:00:00,2023-11-27,19,0,0,fall,5098,,,,
NYC,hour,2023-11-27 20:00:00,2023-11-27,20,0,0,fall,3390,,,,
NYC,hour,2023-11-27 21:00:00,2023-11-27,21,0,0,fall,2514,,,,
NYC,hour,2023-11-27 22:00:00,2023-11-27,22,0,0,fall,1728,,,,
NYC,hour,2023-11-27 23:00:00,2023-11-27,23,0,0,fall,1067,,,,
NYC,hour,2023-11-28 00:00:00,2023-11-28,0,1,0,fall,566,,,,
NYC,hour,2023-11-28 01:00:00,2023-11-28,1,1,0,fall,315,,,,
NYC,hour,2023-11-28 02:00:00,2023-11-28,2,1,0,fall,197,,,,
NYC,hour,2023-11-28 03:00:00,2023-11-28,3,1,0,fall,138,,,,
NYC,hour,2023-11-28 04:00:00,2023-11-28,4,1,0,fall,208,,,,
NYC,hour,2023-11-28 05:00:00,2023-11-28,5,1,0,fall,915,,,,
NYC,hour,2023-11-28 06:00:00,2023-11-28,6,1,0,fall,2521,,,,
NYC,hour,2023-11-28 07:00:00,2023-11-28,7,1,0,fall,5508,,,,
NYC,hour,2023-11-28 08:00:00,2023-11-28,8,1,0,fall,8315,,,,
NYC,hour,2023-11-28 09:00:00,2023-11-28,9,1,0,fall,5523,,,,
NYC,hour,2023-11-28 10:00:00,2023-11-28,10,1,0,fall,3518,,,,
NYC,hour,2023-11-28 11:00:00,2023-11-28,11,1,0,fall,3253,,,,
NYC,hour,2023-11-28 12:00:00,2023-11-28,12,1,0,fall,3540,,,,
NYC,hour,2023-11-28 13:00:00,2023-11-28,13,1,0,fall,3694,,,,
NYC,hour,2023-11-28 14:00:00,2023-11-28,14,1,0,fall,4144,,,,
NYC,hour,2023-11-28 15:00:00,2023-11-28,15,1,0,fall,4888,,,,
NYC,hour,2023-11-28 16:00:00,2023-11-28,16,1,0,fall,5786,,,,
NYC,hour,2023-11-28 17:00:00,2023-11-28,17,1,0,fall,7584,,,,
NYC,hour,2023-11-28 18:00:00,2023-11-28,18,1,0,fall,6805,,,,
NYC,hour,2023-11-28 19:00:00,2023-11-28,19,1,0,fall,4736,,,,
NYC,hour,2023-11-28 20:00:00,2023-11-28,20,1,0,fall,3105,,,,
NYC,hour,2023-11-28 21:00:00,2023-11-28,21,1,0,fall,2339,,,,
NYC,hour,2023-11-28 22:00:00,2023-11-28,22,1,0,fall,1749,,,,
NYC,hour,2023-11-28 23:00:00,2023-11-28,23,1,0,fall,1073,,,,
NYC,hour,2023-11-29 00:00:00,2023-11-29,0,2,0,fall,536,,,,
NYC,hour,2023-11-29 01:00:00,2023-11-29,1,2,0,fall,285,,,,
NYC,hour,2023-11-29 02:00:00,2023-11-29,2,2,0,fall,194,,,,
NYC,hour,2023-11-29 03:00:00,2023-11-29,3,2,0,fall,136,,,,
NYC,hour,2023-11-29 04:00:00,2023-11-29,4,2,0,fall,212,,,,
NYC,hour,2023-11-29 05:00:00,2023-11-29,5,2,0,fall,777,,,,
NYC,hour,2023-11-29 06:00:00,2023-11-29,6,2,0,fall,2153,,,,
NYC,hour,2023-11-29 07:00:00,2023-11-29,7,2,0,fall,5141,,,,
NYC,hour,2023-11-29 08:00:00,2023-11-29,8,2,0,fall,7648,,,,
NYC,hour,2023-11-29 09:00:00,2023-11-29,9,2,0,fall,5097,,,,
NYC,hour,2023-11-29 10:00:00,2023-11-29,10,2,0,fall,3451,,,,
NYC,hour,2023-11-29 11:00:00,2023-11-29,11,2,0,fall,3122,,,,
NYC,hour,2023-11-29 12:00:00,2023-11-29,12,2,0,fall,3735,,,,
NYC,hour,2023-11-29 13:00:00,2023-11-29,13,2,0,fall,3891,,,,
NYC,hour,2023-11-29 14:00:00,2023-11-29,14,2,0,fall,4489,,,,
NYC,hour,2023-11-29 15:00:00,2023-11-29,15,2,0,fall,5060,,,,
NYC,hour,2023-11-29 16:00:00,2023-11-29,16,2,0,fall,5857,,,,
NYC,hour,2023-11-29 17:00:00,2023-11-29,17,2,0,fall,7478,,,,
NYC,hour,2023-11-29 18:00:00,2023-11-29,18,2,0,fall,6991,,,,
NYC,hour,2023-11-29 19:00:00,2023-11-29,19,2,0,fall,4831,,,,
NYC,hour,2023-11-29 20:00:00,2023-11-29,20,2,0,fall,3292,,,,
NYC,hour,2023-11-29 21:00:00,2023-11-29,21,2,0,fall,2558,,,,
NYC,hour,2023-11-29 22:00:00,2023-11-29,22,2,0,fall,2028,,,,
NYC,hour,2023-11-29 23:00:00,2023-11-29,23,2,0,fall,1335,,,,
NYC,hour,2023-11-30 00:00:00,2023-11-30,0,3,0,fall,710,,,,
NYC,hour,2023-11-30 01:00:00,2023-11-30,1,3,0,fall,350,,,,
NYC,hour,2023-11-30 02:00:00,2023-11-30,2,3,0,fall,227,,,,
NYC,hour,2023-11-30 03:00:00,2023-11-30,3,3,0,fall,175,,,,
NYC,hour,2023-11-30 04:00:00,2023-11-30,4,3,0,fall,218,,,,
NYC,hour,2023-11-30 05:00:00,2023-11-30,5,3,0,fall,736,,,,
NYC,hour,2023-11-30 06:00:00,2023-11-30,6,3,0,fall,2282,,,,
NYC,hour,2023-11-30 07:00:00,2023-11-30,7,3,0,fall,5281,,,,
NYC,hour,2023-11-30 08:00:00,2023-11-30,8,3,0,fall,8242,,,,
NYC,hour,2023-11-30 09:00:00,2023-11-30,9,3,0,fall,5689,,,,
NYC,hour,2023-11-30 10:00:00,2023-11-30,10,3,0,fall,4045,,,,
NYC,hour,2023-11-30 11:00:00,2023-11-30,11,3,0,fall,3858,,,,
NYC,hour,2023-11-30 12:00:00,2023-11-30,12,3,0,fall,4417,,,,
NYC,hour,2023-11-30 13:00:00,2023-11-30,13,3,0,fall,4722,,,,
NYC,hour,2023-11-30 14:00:00,2023-11-30,14,3,0,fall,5658,,,,
NYC,hour,2023-11-30 15:00:00,2023-11-30,15,3,0,fall,6567,,,,
NYC,hour,2023-11-30 16:00:00,2023-11-30,16,3,0,fall,7277,,,,
NYC,hour,2023-11-30 17:00:00,2023-11-30,17,3,0,fall,9096,,,,
NYC,hour,2023-11-30 18:00:00,2023-11-30,18,3,0,fall,8845,,,,
NYC,hour,2023-11-30 19:00:00,2023-11-30,19,3,0,fall,6333,,,,
NYC,hour,2023-11-30 20:00:00,2023-11-30,20,3,0,fall,4397,,,,
NYC,hour,2023-11-30 21:00:00,2023-11-30,21,3,0,fall,3319,,,,
NYC,hour,2023-11-30 22:00:00,2023-11-30,22,3,0,fall,2758,,,,
NYC,hour,2023-11-30 23:00:00,2023-11-30,23,3,0,fall,2037,,,,
NYC,hour,2023-12-01 00:00:00,2023-12-01,0,4,0,winter,1170,,,,
NYC,hour,2023-12-01 01:00:00,2023-12-01,1,4,0,winter,725,,,,
NYC,hour,2023-12-01 02:00:00,2023-12-01,2,4,0,winter,420,,,,
NYC,hour,2023-12-01 03:00:00,2023-12-01,3,4,0,winter,278,,,,
NYC,hour,2023-12-01 04:00:00,2023-12-01,4,4,0,winter,285,,,,
NYC,hour,2023-12-01 05:00:00,2023-12-01,5,4,0,winter,852,,,,
NYC,hour,2023-12-01 06:00:00,2023-12-01,6,4,0,winter,2216,,,,
NYC,hour,2023-12-01 07:00:00,2023-12-01,7,4,0,winter,4917,,,,
NYC,hour,2023-12-01 08:00:00,2023-12-01,8,4,0,winter,7175,,,,
NYC,hour,2023-12-01 09:00:00,2023-12-01,9,4,0,winter,5778,,,,
NYC,hour,2023-12-01 10:00:00,2023-12-01,10,4,0,winter,4360,,,,
NYC,hour,2023-12-01 11:00:00,2023-12-01,11,4,0,winter,4444,,,,
NYC,hour,2023-12-01 12:00:00,2023-12-01,12,4,0,winter,2891,,,,
NYC,hour,2023-12-01 13:00:00,2023-12-01,13,4,0,winter,3156,,,,
NYC,hour,2023-12-01 14:00:00,2023-12-01,14,4,0,winter,4782,,,,
NYC,hour,2023-12-01 15:00:00,2023-12-01,15,4,0,winter,5782,,,,
NYC,hour,2023-12-01 16:00:00,2023-12-01,16,4,0,winter,4458,,,,
NYC,hour,2023-12-01 17:00:00,2023-12-01,17,4,0,winter,2980,,,,
NYC,hour,2023-12-01 18:00:00,2023-12-01,18,4,0,winter,1904,,,,
NYC,hour,2023-12-01 19:00:00,2023-12-01,19,4,0,winter,1506,,,,
NYC,hour,2023-12-01 20:00:00,2023-12-01,20,4,0,winter,1125,,,,
NYC,hour,2023-12-01 21:00:00,2023-12-01,21,4,0,winter,1482,,,,
NYC,hour,2023-12-01 22:00:00,2023-12-01,22,4,0,winter,1671,,,,
NYC,hour,2023-12-01 23:00:00,2023-12-01,23,4,0,winter,1649,,,,
NYC,hour,2023-12-02 00:00:00,2023-12-02,0,5,1,winter,1552,,,,
NYC,hour,2023-12-02 01:00:00,2023-12-02,1,5,1,winter,1189,,,,
NYC,hour,2023-12-02 02:00:00,2023-12-02,2,5,1,winter,854,,,,
NYC,hour,2023-12-02 03:00:00,2023-12-02,3,5,1,winter,617,,,,
NYC,hour,2023-12-02 04:00:00,2023-12-02,4,5,1,winter,418,,,,
NYC,hour,2023-12-02 05:00:00,2023-12-02,5,5,1,winter,376,,,,
NYC,hour,2023-12-02 06:00:00,2023-12-02,6,5,1,winter,738,,,,
NYC,hour,2023-12-02 07:00:00,2023-12-02,7,5,1,winter,1569,,,,
NYC,hour,2023-12-02 08:00:00,2023-12-02,8,5,1,winter,2704,,,,
NYC,hour,2023-12-02 09:00:00,2023-12-02,9,5,1,winter,4141,,,,
NYC,hour,2023-12-02 10:00:00,2023-12-02,10,5,1,winter,5451,,,,
NYC,hour,2023-12-02 11:00:00,2023-12-02,11,5,1,winter,6573,,,,
NYC,hour,2023-12-02 12:00:00,2023-12-02,12,5,1,winter,7765,,,,
NYC,hour,2023-12-02 13:00:00,2023-12-02,13,5,1,winter,8636,,,,
NYC,hour,2023-12-02 14:00:00,2023-12-02,14,5,1,winter,9023,,,,
NYC,hour,2023-12-02 15:00:00,2023-12-02,15,5,1,winter,9275,,,,
NYC,hour,2023-12-02 16:00:00,2023-12-02,16,5,1,winter,8287,,,,
NYC,hour,2023-12-02 17:00:00,2023-12-02,17,5,1,winter,6830,,,,
NYC,hour,2023-12-02 18:00:00,2023-12-02,18,5,1,winter,6099,,,,
NYC,hour,2023-12-02 19:00:00,2023-12-02,19,5,1,winter,5452,,,,
NYC,hour,2023-12-02 20:00:00,2023-12-02,20,5,1,winter,4471,,,,
NYC,hour,2023-12-02 21:00:00,2023-12-02,21,5,1,winter,3394,,,,
NYC,hour,2023-12-02 22:00:00,2023-12-02,22,5,1,winter,3293,,,,
NYC,hour,2023-12-02 23:00:00,2023-12-02,23,5,1,winter,3150,,,,
NYC,hour,2023-12-03 00:00:00,2023-12-03,0,6,1,winter,2567,,,,
NYC,hour,2023-12-03 01:00:00,2023-12-03,1,6,1,winter,1606,,,,
NYC,hour,2023-12-03 02:00:00,2023-12-03,2,6,1,winter,989,,,,
NYC,hour,2023-12-03 03:00:00,2023-12-03,3,6,1,winter,621,,,,
NYC,hour,2023-12-03 04:00:00,2023-12-03,4,6,1,winter,295,,,,
NYC,hour,2023-12-03 05:00:00,2023-12-03,5,6,1,winter,154,,,,
NYC,hour,2023-12-03 06:00:00,2023-12-03,6,6,1,winter,230,,,,
NYC,hour,2023-12-03 07:00:00,2023-12-03,7,6,1,winter,451,,,,
NYC,hour,2023-12-03 08:00:00,2023-12-03,8,6,1,winter,830,,,,
NYC,hour,2023-12-03 09:00:00,2023-12-03,9,6,1,winter,826,,,,
NYC,hour,2023-12-03 10:00:00,2023-12-03,10,6,1,winter,1153,,,,
NYC,hour,2023-12-03 11:00:00,2023-12-03,11,6,1,winter,1687,,,,
NYC,hour,2023-12-03 12:00:00,2023-12-03,12,6,1,winter,1975,,,,
NYC,hour,2023-12-03 13:00:00,2023-12-03,13,6,1,winter,1817,,,,
NYC,hour,2023-12-03 14:00:00,2023-12-03,14,6,1,winter,1879,,,,
NYC,hour,2023-12-03 15:00:00,2023-12-03,15,6,1,winter,2077,,,,
NYC,hour,2023-12-03 16:00:00,2023-12-03,16,6,1,winter,2397,,,,
NYC,hour,2023-12-03 17:00:00,2023-12-03,17,6,1,winter,2694,,,,
NYC,hour,2023-12-03 18:00:00,2023-12-03,18,6,1,winter,2946,,,,
NYC,hour,2023-12-03 19:00:00,2023-12-03,19,6,1,winter,2228,,,,
NYC,hour,2023-12-03 20:00:00,2023-12-03,20,6,1,winter,1691,,,,
NYC,hour,2023-12-03 21:00:00,2023-12-03,21,6,1,winter,1433,,,,
NYC,hour,2023-12-03 22:00:00,2023-12-03,22,6,1,winter,1360,,,,
NYC,hour,2023-12-03 23:00:00,2023-12-03,23,6,1,winter,1091,,,,
NYC,hour,2023-12-04 00:00:00,2023-12-04,0,0,0,winter,652,,,,
NYC,hour,2023-12-04 01:00:00,2023-12-04,1,0,0,winter,394,,,,
NYC,hour,2023-12-04 02:00:00,2023-12-04,2,0,0,winter,225,,,,
NYC,hour,2023-12-04 03:00:00,2023-12-04,3,0,0,winter,185,,,,
NYC,hour,2023-12-04 04:00:00,2023-12-04,4,0,0,winter,260,,,,
NYC,hour,2023-12-04 05:00:00,2023-12-04,5,0,0,winter,877,,,,
NYC,hour,2023-12-04 06:00:00,2023-12-04,6,0,0,winter,2391,,,,
NYC,hour,2023-12-04 07:00:00,2023-12-04,7,0,0,winter,5589,,,,
NYC,hour,2023-12-04 08:00:00,2023-12-04,8,0,0,winter,8534,,,,
NYC,hour,2023-12-04 09:00:00,2023-12-04,9,0,0,winter,5770,,,,
NYC,hour,2023-12-04 10:00:00,2023-12-04,10,0,0,winter,4025,,,,
NYC,hour,2023-12-04 11:00:00,2023-12-04,11,0,0,winter,4055,,,,
NYC,hour,2023-12-04 12:00:00,2023-12-04,12,0,0,winter,4572,,,,
NYC,hour,2023-12-04 13:00:00,2023-12-04,13,0,0,winter,4810,,,,
NYC,hour,2023-12-04 14:00:00,2023-12-04,14,0,0,winter,5521,,,,
NYC,hour,2023-12-04 15:00:00,2023-12-04,15,0,0,winter,6172,,,,
NYC,hour,2023-12-04 16:00:00,2023-12-04,16,0,0,winter,7331,,,,
NYC,hour,2023-12-04 17:00:00,2023-12-04,17,0,0,winter,9042,,,,
NYC,hour,2023-12-04 18:00:00,2023-12-04,18,0,0,winter,8465,,,,
NYC,hour,2023-12-04 19:00:00,2023-12-04,19,0,0,winter,5918,,,,
NYC,hour,2023-12-04 20:00:00,2023-12-04,20,0,0,winter,4020,,,,
NYC,hour,2023-12-04 21:00:00,2023-12-04,21,0,0,winter,2963,,,,
NYC,hour,2023-12-04 22:00:00,2023-12-04,22,0,0,winter,2098,,,,
NYC,hour,2023-12-04 23:00:00,2023-12-04,23,0,0,winter,1335,,,,
NYC,hour,2023-12-05 00:00:00,2023-12-05,0,1,0,winter,761,,,,
NYC,hour,2023-12-05 01:00:00,2023-12-05,1,1,0,winter,383,,,,
NYC,hour,2023-12-05 02:00:00,2023-12-05,2,1,0,winter,239,,,,
NYC,hour,2023-12-05 03:00:00,2023-12-05,3,1,0,winter,170,,,,
NYC,hour,2023-12-05 04:00:00,2023-12-05,4,1,0,winter,266,,,,
NYC,hour,2023-12-05 05:00:00,2023-12-05,5,1,0,winter,958,,,,
NYC,hour,2023-12-05 06:00:00,2023-12-05,6,1,0,winter,2662,,,,
NYC,hour,2023-12-05 07:00:00,2023-12-05,7,1,0,winter,5882,,,,
NYC,hour,2023-12-05 08:00:00,2023-12-05,8,1,0,winter,9075,,,,
NYC,hour,2023-12-05 09:00:00,2023-12-05,9,1,0,winter,6042,,,,
NYC,hour,2023-12-05 10:00:00,2023-12-05,10,1,0,winter,4038,,,,
NYC,hour,2023-12-05 11:00:00,2023-12-05,11,1,0,winter,3889,,,,
NYC,hour,2023-12-05 12:00:00,2023-12-05,12,1,0,winter,4238,,,,
NYC,hour,2023-12-05 13:00:00,2023-12-05,13,1,0,winter,4279,,,,
NYC,hour,2023-12-05 14:00:00,2023-12-05,14,1,0,winter,4953,,,,
NYC,hour,2023-12-05 15:00:00,2023-12-05,15,1,0,winter,5885,,,,
NYC,hour,2023-12-05 16:00:00,2023-12-05,16,1,0,winter,6886,,,,
NYC,hour,2023-12-05 17:00:00,2023-12-05,17,1,0,winter,8916,,,,
NYC,hour,2023-12-05 18:00:00,2023-12-05,18,1,0,winter,8382,,,,
NYC,hour,2023-12-05 19:00:00,2023-12-05,19,1,0,winter,5859,,,,
NYC,hour,2023-12-05 20:00:00,2023-12-05,20,1,0,winter,4159,,,,
NYC,hour,2023-12-05 21:00:00,2023-12-05,21,1,0,winter,3158,,,,
NYC,hour,2023-12-05 22:00:00,2023-12-05,22,1,0,winter,2448,,,,
NYC,hour,2023-12-05 23:00:00,2023-12-05,23,1,0,winter,1585,,,,
NYC,hour,2023-12-06 00:00:00,2023-12-06,0,2,0,winter,863,,,,
NYC,hour,2023-12-06 01:00:00,2023-12-06,1,2,0,winter,452,,,,
NYC,hour,2023-12-06 02:00:00,2023-12-06,2,2,0,winter,257,,,,
NYC,hour,2023-12-06 03:00:00,2023-12-06,3,2,0,winter,167,,,,
NYC,hour,2023-12-06 04:00:00,2023-12-06,4,2,0,winter,245,,,,
NYC,hour,2023-12-06 05:00:00,2023-12-06,5,2,0,winter,889,,,,
NYC,hour,2023-12-06 06:00:00,2023-12-06,6,2,0,winter,2435,,,,
NYC,hour,2023-12-06 07:00:00,2023-12-06,7,2,0,winter,5702,,,,
NYC,hour,2023-12-06 08:00:00,2023-12-06,8,2,0,winter,8846,,,,
NYC,hour,2023-12-06 09:00:00,2023-12-06,9,2,0,winter,6054,,,,
NYC,hour,2023-12-06 10:00:00,2023-12-06,10,2,0,winter,3949,,,,
NYC,hour,2023-12-06 11:00:00,2023-12-06,11,2,0,winter,3800,,,,
NYC,hour,2023-12-06 12:00:00,2023-12-06,12,2,0,winter,4148,,,,
NYC,hour,2023-12-06 13:00:00,2023-12-06,13,2,0,winter,4340,,,,
NYC,hour,2023-12-06 14:00:00,2023-12-06,14,2,0,winter,4910,,,,
NYC,hour,2023-12-06 15:00:00,2023-12-06,15,2,0,winter,5601,,,,
NYC,hour,2023-12-06 16:00:00,2023-12-06,16,2,0,winter,6250,,,,
NYC,hour,2023-12-06 17:00:00,2023-12-06,17,2,0,winter,8140,,,,
NYC,hour,2023-12-06 18:00:00,2023-12-06,18,2,0,winter,7597,,,,
NYC,hour,2023-12-06 19:00:00,2023-12-06,19,2,0,winter,5292,,,,
NYC,hour,2023-12-06 20:00:00,2023-12-06,20,2,0,winter,3684,,,,
NYC,hour,2023-12-06 21:00:00,2023-12-06,21,2,0,winter,2914,,,,
NYC,hour,2023-12-06 22:00:00,2023-12-06,22,2,0,winter,2153,,,,
NYC,hour,2023-12-06 23:00:00,2023-12-06,23,2,0,winter,1381,,,,
NYC,hour,2023-12-07 00:00:00,2023-12-07,0,3,0,winter,825,,,,
NYC,hour,2023-12-07 01:00:00,2023-12-07,1,3,0,winter,404,,,,
NYC,hour,2023-12-07 02:00:00,2023-12-07,2,3,0,winter,264,,,,
NYC,hour,2023-12-07 03:00:00,2023-12-07,3,3,0,winter,196,,,,
NYC,hour,2023-12-07 04:00:00,2023-12-07,4,3,0,winter,264,,,,
NYC,hour,2023-12-07 05:00:00,2023-12-07,5,3,0,winter,761,,,,
NYC,hour,2023-12-07 06:00:00,2023-12-07,6,3,0,winter,2243,,,,
NYC,hour,2023-12-07 07:00:00,2023-12-07,7,3,0,winter,5243,,,,
NYC,hour,2023-12-07 08:00:00,2023-12-07,8,3,0,winter,8072,,,,
NYC,hour,2023-12-07 09:00:00,2023-12-07,9,3,0,winter,5605,,,,
NYC,hour,2023-12-07 10:00:00,2023-12-07,10,3,0,winter,3711,,,,
NYC,hour,2023-12-07 11:00:00,2023-12-07,11,3,0,winter,3313,,,,
NYC,hour,2023-12-07 12:00:00,2023-12-07,12,3,0,winter,3683,,,,
NYC,hour,2023-12-07 13:00:00,2023-12-07,13,3,0,winter,3668,,,,
NYC,hour,2023-12-07 14:00:00,2023-12-07,14,3,0,winter,4469,,,,
NYC,hour,2023-12-07 15:00:00,2023-12-07,15,3,0,winter,5297,,,,
NYC,hour,2023-12-07 16:00:00,2023-12-07,16,3,0,winter,5943,,,,
NYC,hour,2023-12-07 17:00:00,2023-12-07,17,3,0,winter,8017,,,,
NYC,hour,2023-12-07 18:00:00,2023-12-07,18,3,0,winter,7535,,,,
NYC,hour,2023-12-07 19:00:00,2023-12-07,19,3,0,winter,5210,,,,
NYC,hour,2023-12-07 20:00:00,2023-12-07,20,3,0,winter,3834,,,,
NYC,hour,2023-12-07 21:00:00,2023-12-07,21,3,0,winter,2993,,,,
NYC,hour,2023-12-07 22:00:00,2023-12-07,22,3,0,winter,2419,,,,
NYC,hour,2023-12-07 23:00:00,2023-12-07,23,3,0,winter,1826,,,,
NYC,hour,2023-12-08 00:00:00,2023-12-08,0,4,0,winter,1201,,,,
NYC,hour,2023-12-08 01:00:00,2023-12-08,1,4,0,winter,695,,,,
NYC,hour,2023-12-08 02:00:00,2023-12-08,2,4,0,winter,433,,,,
NYC,hour,2023-12-08 03:00:00,2023-12-08,3,4,0,winter,266,,,,
NYC,hour,2023-12-08 04:00:00,2023-12-08,4,4,0,winter,267,,,,
NYC,hour,2023-12-08 05:00:00,2023-12-08,5,4,0,winter,736,,,,
NYC,hour,2023-12-08 06:00:00,2023-12-08,6,4,0,winter,2005,,,,
NYC,hour,2023-12-08 07:00:00,2023-12-08,7,4,0,winter,4756,,,,
NYC,hour,2023-12-08 08:00:00,2023-12-08,8,4,0,winter,6832,,,,
NYC,hour,2023-12-08 09:00:00,2023-12-08,9,4,0,winter,5371,,,,
NYC,hour,2023-12-08 10:00:00,2023-12-08,10,4,0,winter,4195,,,,
NYC,hour,2023-12-08 11:00:00,2023-12-08,11,4,0,winter,4568,,,,
NYC,hour,2023-12-08 12:00:00,2023-12-08,12,4,0,winter,5157,,,,
NYC,hour,2023-12-08 13:00:00,2023-12-08,13,4,0,winter,5786,,,,
NYC,hour,2023-12-08 14:00:00,2023-12-08,14,4,0,winter,6614,,,,
NYC,hour,2023-12-08 15:00:00,2023-12-08,15,4,0,winter,7356,,,,
NYC,hour,2023-12-08 16:00:00,2023-12-08,16,4,0,winter,7864,,,,
NYC,hour,2023-12-08 17:00:00,2023-12-08,17,4,0,winter,8093,,,,
NYC,hour,2023-12-08 18:00:00,2023-12-08,18,4,0,winter,7505,,,,
NYC,hour,2023-12-08 19:00:00,2023-12-08,19,4,0,winter,5816,,,,
NYC,hour,2023-12-08 20:00:00,2023-12-08,20,4,0,winter,4066,,,,
NYC,hour,2023-12-08 21:00:00,2023-12-08,21,4,0,winter,3227,,,,
NYC,hour,2023-12-08 22:00:00,2023-12-08,22,4,0,winter,2919,,,,
NYC,hour,2023-12-08 23:00:00,2023-12-08,23,4,0,winter,2643,,,,
NYC,hour,2023-12-09 00:00:00,2023-12-09,0,5,1,winter,2250,,,,
NYC,hour,2023-12-09 01:00:00,2023-12-09,1,5,1,winter,1582,,,,
NYC,hour,2023-12-09 02:00:00,2023-12-09,2,5,1,winter,972,,,,
NYC,hour,2023-12-09 03:00:00,2023-12-09,3,5,1,winter,624,,,,
NYC,hour,2023-12-09 04:00:00,2023-12-09,4,5,1,winter,422,,,,
NYC,hour,2023-12-09 05:00:00,2023-12-09,5,5,1,winter,338,,,,
NYC,hour,2023-12-09 06:00:00,2023-12-09,6,5,1,winter,780,,,,
NYC,hour,2023-12-09 07:00:00,2023-12-09,7,5,1,winter,1589,,,,
NYC,hour,2023-12-09 08:00:00,2023-12-09,8,5,1,winter,2754,,,,
NYC,hour,2023-12-09 09:00:00,2023-12-09,9,5,1,winter,4256,,,,
NYC,hour,2023-12-09 10:00:00,2023-12-09,10,5,1,winter,5742,,,,
NYC,hour,2023-12-09 11:00:00,2023-12-09,11,5,1,winter,6912,,,,
NYC,hour,2023-12-09 12:00:00,2023-12-09,12,5,1,winter,8234,,,,
NYC,hour,2023-12-09 13:00:00,2023-12-09,13,5,1,winter,8638,,,,
NYC,hour,2023-12-09 14:00:00,2023-12-09,14,5,1,winter,8887,,,,
NYC,hour,2023-12-09 15:00:00,2023-12-09,15,5,1,winter,9044,,,,
NYC,hour,2023-12-09 16:00:00,2023-12-09,16,5,1,winter,7917,,,,
NYC,hour,2023-12-09 17:00:00,2023-12-09,17,5,1,winter,6546,,,,
NYC,hour,2023-12-09 18:00:00,2023-12-09,18,5,1,winter,6016,,,,
NYC,hour,2023-12-09 19:00:00,2023-12-09,19,5,1,winter,5211,,,,
NYC,hour,2023-12-09 20:00:00,2023-12-09,20,5,1,winter,3884,,,,
NYC,hour,2023-12-09 21:00:00,2023-12-09,21,5,1,winter,3196,,,,
NYC,hour,2023-12-09 22:00:00,2023-12-09,22,5,1,winter,3176,,,,
NYC,hour,2023-12-09 23:00:00,2023-12-09,23,5,1,winter,3035,,,,
NYC,hour,2023-12-10 00:00:00,2023-12-10,0,6,1,winter,2873,,,,
NYC,hour,2023-12-10 01:00:00,2023-12-10,1,6,1,winter,1938,,,,
NYC,hour,2023-12-10 02:00:00,2023-12-10,2,6,1,winter,1170,,,,
NYC,hour,2023-12-10 03:00:00,2023-12-10,3,6,1,winter,732,,,,
NYC,hour,2023-12-10 04:00:00,2023-12-10,4,6,1,winter,470,,,,
NYC,hour,2023-12-10 05:00:00,2023-12-10,5,6,1,winter,367,,,,
NYC,hour,2023-12-10 06:00:00,2023-12-10,6,6,1,winter,651,,,,
NYC,hour,2023-12-10 07:00:00,2023-12-10,7,6,1,winter,1117,,,,
NYC,hour,2023-12-10 08:00:00,2023-12-10,8,6,1,winter,2038,,,,
NYC,hour,2023-12-10 09:00:00,2023-12-10,9,6,1,winter,3342,,,,
NYC,hour,2023-12-10 10:00:00,2023-12-10,10,6,1,winter,4824,,,,
NYC,hour,2023-12-10 11:00:00,2023-12-10,11,6,1,winter,4562,,,,
NYC,hour,2023-12-10 12:00:00,2023-12-10,12,6,1,winter,2909,,,,
NYC,hour,2023-12-10 13:00:00,2023-12-10,13,6,1,winter,1657,,,,
NYC,hour,2023-12-10 14:00:00,2023-12-10,14,6,1,winter,1086,,,,
NYC,hour,2023-12-10 15:00:00,2023-12-10,15,6,1,winter,1619,,,,
NYC,hour,2023-12-10 16:00:00,2023-12-10,16,6,1,winter,2286,,,,
NYC,hour,2023-12-10 17:00:00,2023-12-10,17,6,1,winter,2493,,,,
NYC,hour,2023-12-10 18:00:00,2023-12-10,18,6,1,winter,2892,,,,
NYC,hour,2023-12-10 19:00:00,2023-12-10,19,6,1,winter,2234,,,,
NYC,hour,2023-12-10 20:00:00,2023-12-10,20,6,1,winter,807,,,,
NYC,hour,2023-12-10 21:00:00,2023-12-10,21,6,1,winter,671,,,,
NYC,hour,2023-12-10 22:00:00,2023-12-10,22,6,1,winter,398,,,,
NYC,hour,2023-12-10 23:00:00,2023-12-10,23,6,1,winter,250,,,,
NYC,hour,2023-12-11 00:00:00,2023-12-11,0,0,0,winter,206,,,,
NYC,hour,2023-12-11 01:00:00,2023-12-11,1,0,0,winter,106,,,,
NYC,hour,2023-12-11 02:00:00,2023-12-11,2,0,0,winter,102,,,,
NYC,hour,2023-12-11 03:00:00,2023-12-11,3,0,0,winter,105,,,,
NYC,hour,2023-12-11 04:00:00,2023-12-11,4,0,0,winter,155,,,,
NYC,hour,2023-12-11 05:00:00,2023-12-11,5,0,0,winter,388,,,,
NYC,hour,2023-12-11 06:00:00,2023-12-11,6,0,0,winter,783,,,,
NYC,hour,2023-12-11 07:00:00,2023-12-11,7,0,0,winter,2017,,,,
NYC,hour,2023-12-11 08:00:00,2023-12-11,8,0,0,winter,3700,,,,
NYC,hour,2023-12-11 09:00:00,2023-12-11,9,0,0,winter,3438,,,,
NYC,hour,2023-12-11 10:00:00,2023-12-11,10,0,0,winter,3182,,,,
NYC,hour,2023-12-11 11:00:00,2023-12-11,11,0,0,winter,3418,,,,
NYC,hour,2023-12-11 12:00:00,2023-12-11,12,0,0,winter,3733,,,,
NYC,hour,2023-12-11 13:00:00,2023-12-11,13,0,0,winter,3865,,,,
NYC,hour,2023-12-11 14:00:00,2023-12-11,14,0,0,winter,4476,,,,
NYC,hour,2023-12-11 15:00:00,2023-12-11,15,0,0,winter,5159,,,,
NYC,hour,2023-12-11 16:00:00,2023-12-11,16,0,0,winter,5876,,,,
NYC,hour,2023-12-11 17:00:00,2023-12-11,17,0,0,winter,7357,,,,
NYC,hour,2023-12-11 18:00:00,2023-12-11,18,0,0,winter,6775,,,,
NYC,hour,2023-12-11 19:00:00,2023-12-11,19,0,0,winter,4742,,,,
NYC,hour,2023-12-11 20:00:00,2023-12-11,20,0,0,winter,3317,,,,
NYC,hour,2023-12-11 21:00:00,2023-12-11,21,0,0,winter,2419,,,,
NYC,hour,2023-12-11 22:00:00,2023-12-11,22,0,0,winter,1936,,,,
NYC,hour,2023-12-11 23:00:00,2023-12-11,23,0,0,winter,1166,,,,
NYC,hour,2023-12-12 00:00:00,2023-12-12,0,1,0,winter,762,,,,
NYC,hour,2023-12-12 01:00:00,2023-12-12,1,1,0,winter,367,,,,
NYC,hour,2023-12-12 02:00:00,2023-12-12,2,1,0,winter,215,,,,
NYC,hour,2023-12-12 03:00:00,2023-12-12,3,1,0,winter,169,,,,
NYC,hour,2023-12-12 04:00:00,2023-12-12,4,1,0,winter,241,,,,
NYC,hour,2023-12-12 05:00:00,2023-12-12,5,1,0,winter,849,,,,
NYC,hour,2023-12-12 06:00:00,2023-12-12,6,1,0,winter,2400,,,,
NYC,hour,2023-12-12 07:00:00,2023-12-12,7,1,0,winter,5514,,,,
NYC,hour,2023-12-12 08:00:00,2023-12-12,8,1,0,winter,8281,,,,
NYC,hour,2023-12-12 09:00:00,2023-12-12,9,1,0,winter,5592,,,,
NYC,hour,2023-12-12 10:00:00,2023-12-12,10,1,0,winter,3750,,,,
NYC,hour,2023-12-12 11:00:00,2023-12-12,11,1,0,winter,3760,,,,
NYC,hour,2023-12-12 12:00:00,2023-12-12,12,1,0,winter,3994,,,,
NYC,hour,2023-12-12 13:00:00,2023-12-12,13,1,0,winter,4330,,,,
NYC,hour,2023-12-12 14:00:00,2023-12-12,14,1,0,winter,4990,,,,
NYC,hour,2023-12-12 15:00:00,2023-12-12,15,1,0,winter,5767,,,,
NYC,hour,2023-12-12 16:00:00,2023-12-12,16,1,0,winter,6619,,,,
NYC,hour,2023-12-12 17:00:00,2023-12-12,17,1,0,winter,8357,,,,
NYC,hour,2023-12-12 18:00:00,2023-12-12,18,1,0,winter,8077,,,,
NYC,hour,2023-12-12 19:00:00,2023-12-12,19,1,0,winter,5767,,,,
NYC,hour,2023-12-12 20:00:00,2023-12-12,20,1,0,winter,3833,,,,
NYC,hour,2023-12-12 21:00:00,2023-12-12,21,1,0,winter,3074,,,,
NYC,hour,2023-12-12 22:00:00,2023-12-12,22,1,0,winter,2356,,,,
NYC,hour,2023-12-12 23:00:00,2023-12-12,23,1,0,winter,1514,,,,
NYC,hour,2023-12-13 00:00:00,2023-12-13,0,2,0,winter,830,,,,
NYC,hour,2023-12-13 01:00:00,2023-12-13,1,2,0,winter,484,,,,
NYC,hour,2023-12-13 02:00:00,2023-12-13,2,2,0,winter,266,,,,
NYC,hour,2023-12-13 03:00:00,2023-12-13,3,2,0,winter,172,,,,
NYC,hour,2023-12-13 04:00:00,2023-12-13,4,2,0,winter,227,,,,
NYC,hour,2023-12-13 05:00:00,2023-12-13,5,2,0,winter,829,,,,
NYC,hour,2023-12-13 06:00:00,2023-12-13,6,2,0,winter,2385,,,,
NYC,hour,2023-12-13 07:00:00,2023-12-13,7,2,0,winter,5549,,,,
NYC,hour,2023-12-13 08:00:00,2023-12-13,8,2,0,winter,8670,,,,
NYC,hour,2023-12-13 09:00:00,2023-12-13,9,2,0,winter,6063,,,,
NYC,hour,2023-12-13 10:00:00,2023-12-13,10,2,0,winter,4206,,,,
NYC,hour,2023-12-13 11:00:00,2023-12-13,11,2,0,winter,3967,,,,
NYC,hour,2023-12-13 12:00:00,2023-12-13,12,2,0,winter,4396,,,,
NYC,hour,2023-12-13 13:00:00,2023-12-13,13,2,0,winter,4701,,,,
NYC,hour,2023-12-13 14:00:00,2023-12-13,14,2,0,winter,5462,,,,
NYC,hour,2023-12-13 15:00:00,2023-12-13,15,2,0,winter,6051,,,,
NYC,hour,2023-12-13 16:00:00,2023-12-13,16,2,0,winter,6877,,,,
NYC,hour,2023-12-13 17:00:00,2023-12-13,17,2,0,winter,8566,,,,
NYC,hour,2023-12-13 18:00:00,2023-12-13,18,2,0,winter,7894,,,,
NYC,hour,2023-12-13 19:00:00,2023-12-13,19,2,0,winter,5738,,,,
NYC,hour,2023-12-13 20:00:00,2023-12-13,20,2,0,winter,3838,,,,
NYC,hour,2023-12-13 21:00:00,2023-12-13,21,2,0,winter,3040,,,,
NYC,hour,2023-12-13 22:00:00,2023-12-13,22,2,0,winter,2413,,,,
NYC,hour,2023-12-13 23:00:00,2023-12-13,23,2,0,winter,1548,,,,
NYC,hour,2023-12-14 00:00:00,2023-12-14,0,3,0,winter,918,,,,
NYC,hour,2023-12-14 01:00:00,2023-12-14,1,3,0,winter,519,,,,
NYC,hour,2023-12-14 02:00:00,2023-12-14,2,3,0,winter,294,,,,
NYC,hour,2023-12-14 03:00:00,2023-12-14,3,3,0,winter,195,,,,
NYC,hour,2023-12-14 04:00:00,2023-12-14,4,3,0,winter,240,,,,
NYC,hour,2023-12-14 05:00:00,2023-12-14,5,3,0,winter,776,,,,
NYC,hour,2023-12-14 06:00:00,2023-12-14,6,3,0,winter,2191,,,,
NYC,hour,2023-12-14 07:00:00,2023-12-14,7,3,0,winter,5320,,,,
NYC,hour,2023-12-14 08:00:00,2023-12-14,8,3,0,winter,7899,,,,
NYC,hour,2023-12-14 09:00:00,2023-12-14,9,3,0,winter,5764,,,,
NYC,hour,2023-12-14 10:00:00,2023-12-14,10,3,0,winter,4065,,,,
NYC,hour,2023-12-14 11:00:00,2023-12-14,11,3,0,winter,3888,,,,
NYC,hour,2023-12-14 12:00:00,2023-12-14,12,3,0,winter,4172,,,,
NYC,hour,2023-12-14 13:00:00,2023-12-14,13,3,0,winter,4382,,,,
NYC,hour,2023-12-14 14:00:00,2023-12-14,14,3,0,winter,5043,,,,
NYC,hour,2023-12-14 15:00:00,2023-12-14,15,3,0,winter,5901,,,,
NYC,hour,2023-12-14 16:00:00,2023-12-14,16,3,0,winter,6586,,,,
NYC,hour,2023-12-14 17:00:00,2023-12-14,17,3,0,winter,8017,,,,
NYC,hour,2023-12-14 18:00:00,2023-12-14,18,3,0,winter,7457,,,,
NYC,hour,2023-12-14 19:00:00,2023-12-14,19,3,0,winter,5422,,,,
NYC,hour,2023-12-14 20:00:00,2023-12-14,20,3,0,winter,3772,,,,
NYC,hour,2023-12-14 21:00:00,2023-12-14,21,3,0,winter,3024,,,,
NYC,hour,2023-12-14 22:00:00,2023-12-14,22,3,0,winter,2554,,,,
NYC,hour,2023-12-14 23:00:00,2023-12-14,23,3,0,winter,1883,,,,
NYC,hour,2023-12-15 00:00:00,2023-12-15,0,4,0,winter,1384,,,,
NYC,hour,2023-12-15 01:00:00,2023-12-15,1,4,0,winter,753,,,,
NYC,hour,2023-12-15 02:00:00,2023-12-15,2,4,0,winter,387,,,,
NYC,hour,2023-12-15 03:00:00,2023-12-15,3,4,0,winter,251,,,,
NYC,hour,2023-12-15 04:00:00,2023-12-15,4,4,0,winter,272,,,,
NYC,hour,2023-12-15 05:00:00,2023-12-15,5,4,0,winter,735,,,,
NYC,hour,2023-12-15 06:00:00,2023-12-15,6,4,0,winter,2078,,,,
NYC,hour,2023-12-15 07:00:00,2023-12-15,7,4,0,winter,4534,,,,
NYC,hour,2023-12-15 08:00:00,2023-12-15,8,4,0,winter,6639,,,,
NYC,hour,2023-12-15 09:00:00,2023-12-15,9,4,0,winter,5129,,,,
NYC,hour,2023-12-15 10:00:00,2023-12-15,10,4,0,winter,4235,,,,
NYC,hour,2023-12-15 11:00:00,2023-12-15,11,4,0,winter,4626,,,,
NYC,hour,2023-12-15 12:00:00,2023-12-15,12,4,0,winter,5580,,,,
NYC,hour,2023-12-15 13:00:00,2023-12-15,13,4,0,winter,6187,,,,
NYC,hour,2023-12-15 14:00:00,2023-12-15,14,4,0,winter,7250,,,,
NYC,hour,2023-12-15 15:00:00,2023-12-15,15,4,0,winter,8177,,,,
NYC,hour,2023-12-15 16:00:00,2023-12-15,16,4,0,winter,8309,,,,
NYC,hour,2023-12-15 17:00:00,2023-12-15,17,4,0,winter,8650,,,,
NYC,hour,2023-12-15 18:00:00,2023-12-15,18,4,0,winter,7756,,,,
NYC,hour,2023-12-15 19:00:00,2023-12-15,19,4,0,winter,6075,,,,
NYC,hour,2023-12-15 20:00:00,2023-12-15,20,4,0,winter,4469,,,,
NYC,hour,2023-12-15 21:00:00,2023-12-15,21,4,0,winter,3457,,,,
NYC,hour,2023-12-15 22:00:00,2023-12-15,22,4,0,winter,3123,,,,
NYC,hour,2023-12-15 23:00:00,2023-12-15,23,4,0,winter,2697,,,,
NYC,hour,2023-12-16 00:00:00,2023-12-16,0,5,1,winter,2280,,,,
NYC,hour,2023-12-16 01:00:00,2023-12-16,1,5,1,winter,1601,,,,
NYC,hour,2023-12-16 02:00:00,2023-12-16,2,5,1,winter,1099,,,,
NYC,hour,2023-12-16 03:00:00,2023-12-16,3,5,1,winter,696,,,,
NYC,hour,2023-12-16 04:00:00,2023-12-16,4,5,1,winter,443,,,,
NYC,hour,2023-12-16 05:00:00,2023-12-16,5,5,1,winter,388,,,,
NYC,hour,2023-12-16 06:00:00,2023-12-16,6,5,1,winter,736,,,,
NYC,hour,2023-12-16 07:00:00,2023-12-16,7,5,1,winter,1428,,,,
NYC,hour,2023-12-16 08:00:00,2023-12-16,8,5,1,winter,2535,,,,
NYC,hour,2023-12-16 09:00:00,2023-12-16,9,5,1,winter,4067,,,,
NYC,hour,2023-12-16 10:00:00,2023-12-16,10,5,1,winter,5444,,,,
NYC,hour,2023-12-16 11:00:00,2023-12-16,11,5,1,winter,6602,,,,
NYC,hour,2023-12-16 12:00:00,2023-12-16,12,5,1,winter,7692,,,,
NYC,hour,2023-12-16 13:00:00,2023-12-16,13,5,1,winter,7854,,,,
NYC,hour,2023-12-16 14:00:00,2023-12-16,14,5,1,winter,8230,,,,
NYC,hour,2023-12-16 15:00:00,2023-12-16,15,5,1,winter,8263,,,,
NYC,hour,2023-12-16 16:00:00,2023-12-16,16,5,1,winter,7267,,,,
NYC,hour,2023-12-16 17:00:00,2023-12-16,17,5,1,winter,5963,,,,
NYC,hour,2023-12-16 18:00:00,2023-12-16,18,5,1,winter,5480,,,,
NYC,hour,2023-12-16 19:00:00,2023-12-16,19,5,1,winter,4679,,,,
NYC,hour,2023-12-16 20:00:00,2023-12-16,20,5,1,winter,3685,,,,
NYC,hour,2023-12-16 21:00:00,2023-12-16,21,5,1,winter,3210,,,,
NYC,hour,2023-12-16 22:00:00,2023-12-16,22,5,1,winter,2714,,,,
NYC,hour,2023-12-16 23:00:00,2023-12-16,23,5,1,winter,2549,,,,
NYC,hour,2023-12-17 00:00:00,2023-12-17,0,6,1,winter,2160,,,,
NYC,hour,2023-12-17 01:00:00,2023-12-17,1,6,1,winter,1687,,,,
NYC,hour,2023-12-17 02:00:00,2023-12-17,2,6,1,winter,1217,,,,
NYC,hour,2023-12-17 03:00:00,2023-12-17,3,6,1,winter,819,,,,
NYC,hour,2023-12-17 04:00:00,2023-12-17,4,6,1,winter,449,,,,
NYC,hour,2023-12-17 05:00:00,2023-12-17,5,6,1,winter,351,,,,
NYC,hour,2023-12-17 06:00:00,2023-12-17,6,6,1,winter,580,,,,
NYC,hour,2023-12-17 07:00:00,2023-12-17,7,6,1,winter,1011,,,,
NYC,hour,2023-12-17 08:00:00,2023-12-17,8,6,1,winter,1843,,,,
NYC,hour,2023-12-17 09:00:00,2023-12-17,9,6,1,winter,3137,,,,
NYC,hour,2023-12-17 10:00:00,2023-12-17,10,6,1,winter,4280,,,,
NYC,hour,2023-12-17 11:00:00,2023-12-17,11,6,1,winter,5289,,,,
NYC,hour,2023-12-17 12:00:00,2023-12-17,12,6,1,winter,5687,,,,
NYC,hour,2023-12-17 13:00:00,2023-12-17,13,6,1,winter,4052,,,,
NYC,hour,2023-12-17 14:00:00,2023-12-17,14,6,1,winter,2832,,,,
NYC,hour,2023-12-17 15:00:00,2023-12-17,15,6,1,winter,3623,,,,
NYC,hour,2023-12-17 16:00:00,2023-12-17,16,6,1,winter,3802,,,,
NYC,hour,2023-12-17 17:00:00,2023-12-17,17,6,1,winter,3667,,,,
NYC,hour,2023-12-17 18:00:00,2023-12-17,18,6,1,winter,2859,,,,
NYC,hour,2023-12-17 19:00:00,2023-12-17,19,6,1,winter,2010,,,,
NYC,hour,2023-12-17 20:00:00,2023-12-17,20,6,1,winter,1280,,,,
NYC,hour,2023-12-17 21:00:00,2023-12-17,21,6,1,winter,1263,,,,
NYC,hour,2023-12-17 22:00:00,2023-12-17,22,6,1,winter,869,,,,
NYC,hour,2023-12-17 23:00:00,2023-12-17,23,6,1,winter,425,,,,
NYC,hour,2023-12-18 00:00:00,2023-12-18,0,0,0,winter,187,,,,
NYC,hour,2023-12-18 01:00:00,2023-12-18,1,0,0,winter,89,,,,
NYC,hour,2023-12-18 02:00:00,2023-12-18,2,0,0,winter,40,,,,
NYC,hour,2023-12-18 03:00:00,2023-12-18,3,0,0,winter,27,,,,
NYC,hour,2023-12-18 04:00:00,2023-12-18,4,0,0,winter,61,,,,
NYC,hour,2023-12-18 05:00:00,2023-12-18,5,0,0,winter,316,,,,
NYC,hour,2023-12-18 06:00:00,2023-12-18,6,0,0,winter,779,,,,
NYC,hour,2023-12-18 07:00:00,2023-12-18,7,0,0,winter,961,,,,
NYC,hour,2023-12-18 08:00:00,2023-12-18,8,0,0,winter,3447,,,,
NYC,hour,2023-12-18 09:00:00,2023-12-18,9,0,0,winter,3314,,,,
NYC,hour,2023-12-18 10:00:00,2023-12-18,10,0,0,winter,1868,,,,
NYC,hour,2023-12-18 11:00:00,2023-12-18,11,0,0,winter,1166,,,,
NYC,hour,2023-12-18 12:00:00,2023-12-18,12,0,0,winter,1056,,,,
NYC,hour,2023-12-18 13:00:00,2023-12-18,13,0,0,winter,1292,,,,
NYC,hour,2023-12-18 14:00:00,2023-12-18,14,0,0,winter,3761,,,,
NYC,hour,2023-12-18 15:00:00,2023-12-18,15,0,0,winter,5103,,,,
NYC,hour,2023-12-18 16:00:00,2023-12-18,16,0,0,winter,6142,,,,
NYC,hour,2023-12-18 17:00:00,2023-12-18,17,0,0,winter,7162,,,,
NYC,hour,2023-12-18 18:00:00,2023-12-18,18,0,0,winter,6746,,,,
NYC,hour,2023-12-18 19:00:00,2023-12-18,19,0,0,winter,5016,,,,
NYC,hour,2023-12-18 20:00:00,2023-12-18,20,0,0,winter,3434,,,,
NYC,hour,2023-12-18 21:00:00,2023-12-18,21,0,0,winter,2408,,,,
NYC,hour,2023-12-18 22:00:00,2023-12-18,22,0,0,winter,1897,,,,
NYC,hour,2023-12-18 23:00:00,2023-12-18,23,0,0,winter,1410,,,,
NYC,hour,2023-12-19 00:00:00,2023-12-19,0,1,0,winter,821,,,,
NYC,hour,2023-12-19 01:00:00,2023-12-19,1,1,0,winter,443,,,,
NYC,hour,2023-12-19 02:00:00,2023-12-19,2,1,0,winter,295,,,,
NYC,hour,2023-12-19 03:00:00,2023-12-19,3,1,0,winter,218,,,,
NYC,hour,2023-12-19 04:00:00,2023-12-19,4,1,0,winter,255,,,,
NYC,hour,2023-12-19 05:00:00,2023-12-19,5,1,0,winter,811,,,,
NYC,hour,2023-12-19 06:00:00,2023-12-19,6,1,0,winter,2129,,,,
NYC,hour,2023-12-19 07:00:00,2023-12-19,7,1,0,winter,4792,,,,
NYC,hour,2023-12-19 08:00:00,2023-12-19,8,1,0,winter,7240,,,,
NYC,hour,2023-12-19 09:00:00,2023-12-19,9,1,0,winter,5223,,,,
NYC,hour,2023-12-19 10:00:00,2023-12-19,10,1,0,winter,3727,,,,
NYC,hour,2023-12-19 11:00:00,2023-12-19,11,1,0,winter,3784,,,,
NYC,hour,2023-12-19 12:00:00,2023-12-19,12,1,0,winter,4089,,,,
NYC,hour,2023-12-19 13:00:00,2023-12-19,13,1,0,winter,4192,,,,
NYC,hour,2023-12-19 14:00:00,2023-12-19,14,1,0,winter,5049,,,,
NYC,hour,2023-12-19 15:00:00,2023-12-19,15,1,0,winter,5708,,,,
NYC,hour,2023-12-19 16:00:00,2023-12-19,16,1,0,winter,6152,,,,
NYC,hour,2023-12-19 17:00:00,2023-12-19,17,1,0,winter,7255,,,,
NYC,hour,2023-12-19 18:00:00,2023-12-19,18,1,0,winter,6418,,,,
NYC,hour,2023-12-19 19:00:00,2023-12-19,19,1,0,winter,4535,,,,
NYC,hour,2023-12-19 20:00:00,2023-12-19,20,1,0,winter,2917,,,,
NYC,hour,2023-12-19 21:00:00,2023-12-19,21,1,0,winter,2244,,,,
NYC,hour,2023-12-19 22:00:00,2023-12-19,22,1,0,winter,1742,,,,
NYC,hour,2023-12-19 23:00:00,2023-12-19,23,1,0,winter,1222,,,,
NYC,hour,2023-12-20 00:00:00,2023-12-20,0,2,0,winter,762,,,,
NYC,hour,2023-12-20 01:00:00,2023-12-20,1,2,0,winter,394,,,,
NYC,hour,2023-12-20 02:00:00,2023-12-20,2,2,0,winter,219,,,,
NYC,hour,2023-12-20 03:00:00,2023-12-20,3,2,0,winter,183,,,,
NYC,hour,2023-12-20 04:00:00,2023-12-20,4,2,0,winter,249,,,,
NYC,hour,2023-12-20 05:00:00,2023-12-20,5,2,0,winter,739,,,,
NYC,hour,2023-12-20 06:00:00,2023-12-20,6,2,0,winter,1880,,,,
NYC,hour,2023-12-20 07:00:00,2023-12-20,7,2,0,winter,4143,,,,
NYC,hour,2023-12-20 08:00:00,2023-12-20,8,2,0,winter,6253,,,,
NYC,hour,2023-12-20 09:00:00,2023-12-20,9,2,0,winter,4529,,,,
NYC,hour,2023-12-20 10:00:00,2023-12-20,10,2,0,winter,3442,,,,
NYC,hour,2023-12-20 11:00:00,2023-12-20,11,2,0,winter,3632,,,,
NYC,hour,2023-12-20 12:00:00,2023-12-20,12,2,0,winter,4239,,,,
NYC,hour,2023-12-20 13:00:00,2023-12-20,13,2,0,winter,4473,,,,
NYC,hour,2023-12-20 14:00:00,2023-12-20,14,2,0,winter,5248,,,,
NYC,hour,2023-12-20 15:00:00,2023-12-20,15,2,0,winter,6095,,,,
NYC,hour,2023-12-20 16:00:00,2023-12-20,16,2,0,winter,6514,,,,
NYC,hour,2023-12-20 17:00:00,2023-12-20,17,2,0,winter,7494,,,,
NYC,hour,2023-12-20 18:00:00,2023-12-20,18,2,0,winter,6504,,,,
NYC,hour,2023-12-20 19:00:00,2023-12-20,19,2,0,winter,4696,,,,
NYC,hour,2023-12-20 20:00:00,2023-12-20,20,2,0,winter,3135,,,,
NYC,hour,2023-12-20 21:00:00,2023-12-20,21,2,0,winter,2392,,,,
NYC,hour,2023-12-20 22:00:00,2023-12-20,22,2,0,winter,1951,,,,
NYC,hour,2023-12-20 23:00:00,2023-12-20,23,2,0,winter,1425,,,,
NYC,hour,2023-12-21 00:00:00,2023-12-21,0,3,0,winter,839,,,,
NYC,hour,2023-12-21 01:00:00,2023-12-21,1,3,0,winter,477,,,,
NYC,hour,2023-12-21 02:00:00,2023-12-21,2,3,0,winter,314,,,,
NYC,hour,2023-12-21 03:00:00,2023-12-21,3,3,0,winter,214,,,,
NYC,hour,2023-12-21 04:00:00,2023-12-21,4,3,0,winter,245,,,,
NYC,hour,2023-12-21 05:00:00,2023-12-21,5,3,0,winter,661,,,,
NYC,hour,2023-12-21 06:00:00,2023-12-21,6,3,0,winter,1778,,,,
NYC,hour,2023-12-21 07:00:00,2023-12-21,7,3,0,winter,3824,,,,
NYC,hour,2023-12-21 08:00:00,2023-12-21,8,3,0,winter,5581,,,,
NYC,hour,2023-12-21 09:00:00,2023-12-21,9,3,0,winter,4314,,,,
NYC,hour,2023-12-21 10:00:00,2023-12-21,10,3,0,winter,3474,,,,
NYC,hour,2023-12-21 11:00:00,2023-12-21,11,3,0,winter,3757,,,,
NYC,hour,2023-12-21 12:00:00,2023-12-21,12,3,0,winter,4255,,,,
NYC,hour,2023-12-21 13:00:00,2023-12-21,13,3,0,winter,4493,,,,
NYC,hour,2023-12-21 14:00:00,2023-12-21,14,3,0,winter,5211,,,,
NYC,hour,2023-12-21 15:00:00,2023-12-21,15,3,0,winter,5956,,,,
NYC,hour,2023-12-21 16:00:00,2023-12-21,16,3,0,winter,6224,,,,
NYC,hour,2023-12-21 17:00:00,2023-12-21,17,3,0,winter,6387,,,,
NYC,hour,2023-12-21 18:00:00,2023-12-21,18,3,0,winter,5525,,,,
NYC,hour,2023-12-21 19:00:00,2023-12-21,19,3,0,winter,3940,,,,
NYC,hour,2023-12-21 20:00:00,2023-12-21,20,3,0,winter,2637,,,,
NYC,hour,2023-12-21 21:00:00,2023-12-21,21,3,0,winter,1967,,,,
NYC,hour,2023-12-21 22:00:00,2023-12-21,22,3,0,winter,1718,,,,
NYC,hour,2023-12-21 23:00:00,2023-12-21,23,3,0,winter,1213,,,,
NYC,hour,2023-12-22 00:00:00,2023-12-22,0,4,0,winter,871,,,,
NYC,hour,2023-12-22 01:00:00,2023-12-22,1,4,0,winter,479,,,,
NYC,hour,2023-12-22 02:00:00,2023-12-22,2,4,0,winter,327,,,,
NYC,hour,2023-12-22 03:00:00,2023-12-22,3,4,0,winter,246,,,,
NYC,hour,2023-12-22 04:00:00,2023-12-22,4,4,0,winter,217,,,,
NYC,hour,2023-12-22 05:00:00,2023-12-22,5,4,0,winter,507,,,,
NYC,hour,2023-12-22 06:00:00,2023-12-22,6,4,0,winter,1317,,,,
NYC,hour,2023-12-22 07:00:00,2023-12-22,7,4,0,winter,2548,,,,
NYC,hour,2023-12-22 08:00:00,2023-12-22,8,4,0,winter,3789,,,,
NYC,hour,2023-12-22 09:00:00,2023-12-22,9,4,0,winter,3155,,,,
NYC,hour,2023-12-22 10:00:00,2023-12-22,10,4,0,winter,3010,,,,
NYC,hour,2023-12-22 11:00:00,2023-12-22,11,4,0,winter,3584,,,,
NYC,hour,2023-12-22 12:00:00,2023-12-22,12,4,0,winter,4246,,,,
NYC,hour,2023-12-22 13:00:00,2023-12-22,13,4,0,winter,4635,,,,
NYC,hour,2023-12-22 14:00:00,2023-12-22,14,4,0,winter,5262,,,,
NYC,hour,2023-12-22 15:00:00,2023-12-22,15,4,0,winter,5556,,,,
NYC,hour,2023-12-22 16:00:00,2023-12-22,16,4,0,winter,5294,,,,
NYC,hour,2023-12-22 17:00:00,2023-12-22,17,4,0,winter,4716,,,,
NYC,hour,2023-12-22 18:00:00,2023-12-22,18,4,0,winter,3833,,,,
NYC,hour,2023-12-22 19:00:00,2023-12-22,19,4,0,winter,3027,,,,
NYC,hour,2023-12-22 20:00:00,2023-12-22,20,4,0,winter,2217,,,,
NYC,hour,2023-12-22 21:00:00,2023-12-22,21,4,0,winter,1779,,,,
NYC,hour,2023-12-22 22:00:00,2023-12-22,22,4,0,winter,1663,,,,
NYC,hour,2023-12-22 23:00:00,2023-12-22,23,4,0,winter,1276,,,,
NYC,hour,2023-12-23 00:00:00,2023-12-23,0,5,1,winter,966,,,,
NYC,hour,2023-12-23 01:00:00,2023-12-23,1,5,1,winter,671,,,,
NYC,hour,2023-12-23 02:00:00,2023-12-23,2,5,1,winter,462,,,,
NYC,hour,2023-12-23 03:00:00,2023-12-23,3,5,1,winter,338,,,,
NYC,hour,2023-12-23 04:00:00,2023-12-23,4,5,1,winter,247,,,,
NYC,hour,2023-12-23 05:00:00,2023-12-23,5,5,1,winter,214,,,,
NYC,hour,2023-12-23 06:00:00,2023-12-23,6,5,1,winter,461,,,,
NYC,hour,2023-12-23 07:00:00,2023-12-23,7,5,1,winter,846,,,,
NYC,hour,2023-12-23 08:00:00,2023-12-23,8,5,1,winter,1428,,,,
NYC,hour,2023-12-23 09:00:00,2023-12-23,9,5,1,winter,2211,,,,
NYC,hour,2023-12-23 10:00:00,2023-12-23,10,5,1,winter,2821,,,,
NYC,hour,2023-12-23 11:00:00,2023-12-23,11,5,1,winter,3448,,,,
NYC,hour,2023-12-23 12:00:00,2023-12-23,12,5,1,winter,3785,,,,
NYC,hour,2023-12-23 13:00:00,2023-12-23,13,5,1,winter,3957,,,,
NYC,hour,2023-12-23 14:00:00,2023-12-23,14,5,1,winter,4017,,,,
NYC,hour,2023-12-23 15:00:00,2023-12-23,15,5,1,winter,4371,,,,
NYC,hour,2023-12-23 16:00:00,2023-12-23,16,5,1,winter,4050,,,,
NYC,hour,2023-12-23 17:00:00,2023-12-23,17,5,1,winter,3337,,,,
NYC,hour,2023-12-23 18:00:00,2023-12-23,18,5,1,winter,2865,,,,
NYC,hour,2023-12-23 19:00:00,2023-12-23,19,5,1,winter,2582,,,,
NYC,hour,2023-12-23 20:00:00,2023-12-23,20,5,1,winter,1972,,,,
NYC,hour,2023-12-23 21:00:00,2023-12-23,21,5,1,winter,1670,,,,
NYC,hour,2023-12-23 22:00:00,2023-12-23,22,5,1,winter,1517,,,,
NYC,hour,2023-12-23 23:00:00,2023-12-23,23,5,1,winter,1260,,,,
NYC,hour,2023-12-24 00:00:00,2023-12-24,0,6,1,winter,889,,,,
NYC,hour,2023-12-24 01:00:00,2023-12-24,1,6,1,winter,489,,,,
NYC,hour,2023-12-24 02:00:00,2023-12-24,2,6,1,winter,315,,,,
NYC,hour,2023-12-24 03:00:00,2023-12-24,3,6,1,winter,282,,,,
NYC,hour,2023-12-24 04:00:00,2023-12-24,4,6,1,winter,217,,,,
NYC,hour,2023-12-24 05:00:00,2023-12-24,5,6,1,winter,165,,,,
NYC,hour,2023-12-24 06:00:00,2023-12-24,6,6,1,winter,352,,,,
NYC,hour,2023-12-24 07:00:00,2023-12-24,7,6,1,winter,624,,,,
NYC,hour,2023-12-24 08:00:00,2023-12-24,8,6,1,winter,1160,,,,
NYC,hour,2023-12-24 09:00:00,2023-12-24,9,6,1,winter,1845,,,,
NYC,hour,2023-12-24 10:00:00,2023-12-24,10,6,1,winter,2454,,,,
NYC,hour,2023-12-24 11:00:00,2023-12-24,11,6,1,winter,2941,,,,
NYC,hour,2023-12-24 12:00:00,2023-12-24,12,6,1,winter,3377,,,,
NYC,hour,2023-12-24 13:00:00,2023-12-24,13,6,1,winter,3409,,,,
NYC,hour,2023-12-24 14:00:00,2023-12-24,14,6,1,winter,3461,,,,
NYC,hour,2023-12-24 15:00:00,2023-12-24,15,6,1,winter,3677,,,,
NYC,hour,2023-12-24 16:00:00,2023-12-24,16,6,1,winter,3241,,,,
NYC,hour,2023-12-24 17:00:00,2023-12-24,17,6,1,winter,2523,,,,
NYC,hour,2023-12-24 18:00:00,2023-12-24,18,6,1,winter,1954,,,,
NYC,hour,2023-12-24 19:00:00,2023-12-24,19,6,1,winter,1628,,,,
NYC,hour,2023-12-24 20:00:00,2023-12-24,20,6,1,winter,1296,,,,
NYC,hour,2023-12-24 21:00:00,2023-12-24,21,6,1,winter,1177,,,,
NYC,hour,2023-12-24 22:00:00,2023-12-24,22,6,1,winter,1017,,,,
NYC,hour,2023-12-24 23:00:00,2023-12-24,23,6,1,winter,875,,,,
NYC,hour,2023-12-25 00:00:00,2023-12-25,0,0,0,winter,686,,,,
NYC,hour,2023-12-25 01:00:00,2023-12-25,1,0,0,winter,462,,,,
NYC,hour,2023-12-25 02:00:00,2023-12-25,2,0,0,winter,269,,,,
NYC,hour,2023-12-25 03:00:00,2023-12-25,3,0,0,winter,182,,,,
NYC,hour,2023-12-25 04:00:00,2023-12-25,4,0,0,winter,122,,,,
NYC,hour,2023-12-25 05:00:00,2023-12-25,5,0,0,winter,158,,,,
NYC,hour,2023-12-25 06:00:00,2023-12-25,6,0,0,winter,347,,,,
NYC,hour,2023-12-25 07:00:00,2023-12-25,7,0,0,winter,519,,,,
NYC,hour,2023-12-25 08:00:00,2023-12-25,8,0,0,winter,706,,,,
NYC,hour,2023-12-25 09:00:00,2023-12-25,9,0,0,winter,1091,,,,
NYC,hour,2023-12-25 10:00:00,2023-12-25,10,0,0,winter,1468,,,,
NYC,hour,2023-12-25 11:00:00,2023-12-25,11,0,0,winter,2042,,,,
NYC,hour,2023-12-25 12:00:00,2023-12-25,12,0,0,winter,2181,,,,
NYC,hour,2023-12-25 13:00:00,2023-12-25,13,0,0,winter,2368,,,,
NYC,hour,2023-12-25 14:00:00,2023-12-25,14,0,0,winter,2648,,,,
NYC,hour,2023-12-25 15:00:00,2023-12-25,15,0,0,winter,2598,,,,
NYC,hour,2023-12-25 16:00:00,2023-12-25,16,0,0,winter,2428,,,,
NYC,hour,2023-12-25 17:00:00,2023-12-25,17,0,0,winter,1883,,,,
NYC,hour,2023-12-25 18:00:00,2023-12-25,18,0,0,winter,1646,,,,
NYC,hour,2023-12-25 19:00:00,2023-12-25,19,0,0,winter,1453,,,,
NYC,hour,2023-12-25 20:00:00,2023-12-25,20,0,0,winter,1377,,,,
NYC,hour,2023-12-25 21:00:00,2023-12-25,21,0,0,winter,1265,,,,
NYC,hour,2023-12-25 22:00:00,2023-12-25,22,0,0,winter,1130,,,,
NYC,hour,2023-12-25 23:00:00,2023-12-25,23,0,0,winter,906,,,,
NYC,hour,2023-12-26 00:00:00,2023-12-26,0,1,0,winter,571,,,,
NYC,hour,2023-12-26 01:00:00,2023-12-26,1,1,0,winter,330,,,,
NYC,hour,2023-12-26 02:00:00,2023-12-26,2,1,0,winter,183,,,,
NYC,hour,2023-12-26 03:00:00,2023-12-26,3,1,0,winter,163,,,,
NYC,hour,2023-12-26 04:00:00,2023-12-26,4,1,0,winter,144,,,,
NYC,hour,2023-12-26 05:00:00,2023-12-26,5,1,0,winter,412,,,,
NYC,hour,2023-12-26 06:00:00,2023-12-26,6,1,0,winter,949,,,,
NYC,hour,2023-12-26 07:00:00,2023-12-26,7,1,0,winter,1439,,,,
NYC,hour,2023-12-26 08:00:00,2023-12-26,8,1,0,winter,2140,,,,
NYC,hour,2023-12-26 09:00:00,2023-12-26,9,1,0,winter,2290,,,,
NYC,hour,2023-12-26 10:00:00,2023-12-26,10,1,0,winter,2383,,,,
NYC,hour,2023-12-26 11:00:00,2023-12-26,11,1,0,winter,2759,,,,
NYC,hour,2023-12-26 12:00:00,2023-12-26,12,1,0,winter,3224,,,,
NYC,hour,2023-12-26 13:00:00,2023-12-26,13,1,0,winter,3492,,,,
NYC,hour,2023-12-26 14:00:00,2023-12-26,14,1,0,winter,3998,,,,
NYC,hour,2023-12-26 15:00:00,2023-12-26,15,1,0,winter,4465,,,,
NYC,hour,2023-12-26 16:00:00,2023-12-26,16,1,0,winter,4664,,,,
NYC,hour,2023-12-26 17:00:00,2023-12-26,17,1,0,winter,4261,,,,
NYC,hour,2023-12-26 18:00:00,2023-12-26,18,1,0,winter,3508,,,,
NYC,hour,2023-12-26 19:00:00,2023-12-26,19,1,0,winter,2839,,,,
NYC,hour,2023-12-26 20:00:00,2023-12-26,20,1,0,winter,2206,,,,
NYC,hour,2023-12-26 21:00:00,2023-12-26,21,1,0,winter,1829,,,,
NYC,hour,2023-12-26 22:00:00,2023-12-26,22,1,0,winter,1463,,,,
NYC,hour,2023-12-26 23:00:00,2023-12-26,23,1,0,winter,1095,,,,
NYC,hour,2023-12-27 00:00:00,2023-12-27,0,2,0,winter,743,,,,
NYC,hour,2023-12-27 01:00:00,2023-12-27,1,2,0,winter,400,,,,
NYC,hour,2023-12-27 02:00:00,2023-12-27,2,2,0,winter,262,,,,
NYC,hour,2023-12-27 03:00:00,2023-12-27,3,2,0,winter,204,,,,
NYC,hour,2023-12-27 04:00:00,2023-12-27,4,2,0,winter,203,,,,
NYC,hour,2023-12-27 05:00:00,2023-12-27,5,2,0,winter,507,,,,
NYC,hour,2023-12-27 06:00:00,2023-12-27,6,2,0,winter,1226,,,,
NYC,hour,2023-12-27 07:00:00,2023-12-27,7,2,0,winter,1755,,,,
NYC,hour,2023-12-27 08:00:00,2023-12-27,8,2,0,winter,2403,,,,
NYC,hour,2023-12-27 09:00:00,2023-12-27,9,2,0,winter,2356,,,,
NYC,hour,2023-12-27 10:00:00,2023-12-27,10,2,0,winter,1945,,,,
NYC,hour,2023-12-27 11:00:00,2023-12-27,11,2,0,winter,2022,,,,
NYC,hour,2023-12-27 12:00:00,2023-12-27,12,2,0,winter,2780,,,,
NYC,hour,2023-12-27 13:00:00,2023-12-27,13,2,0,winter,3265,,,,
NYC,hour,2023-12-27 14:00:00,2023-12-27,14,2,0,winter,3563,,,,
NYC,hour,2023-12-27 15:00:00,2023-12-27,15,2,0,winter,3349,,,,
NYC,hour,2023-12-27 16:00:00,2023-12-27,16,2,0,winter,3396,,,,
NYC,hour,2023-12-27 17:00:00,2023-12-27,17,2,0,winter,3446,,,,
NYC,hour,2023-12-27 18:00:00,2023-12-27,18,2,0,winter,2594,,,,
NYC,hour,2023-12-27 19:00:00,2023-12-27,19,2,0,winter,2191,,,,
NYC,hour,2023-12-27 20:00:00,2023-12-27,20,2,0,winter,1637,,,,
NYC,hour,2023-12-27 21:00:00,2023-12-27,21,2,0,winter,965,,,,
NYC,hour,2023-12-27 22:00:00,2023-12-27,22,2,0,winter,594,,,,
NYC,hour,2023-12-27 23:00:00,2023-12-27,23,2,0,winter,482,,,,
NYC,hour,2023-12-28 00:00:00,2023-12-28,0,3,0,winter,277,,,,
NYC,hour,2023-12-28 01:00:00,2023-12-28,1,3,0,winter,106,,,,
NYC,hour,2023-12-28 02:00:00,2023-12-28,2,3,0,winter,51,,,,
NYC,hour,2023-12-28 03:00:00,2023-12-28,3,3,0,winter,37,,,,
NYC,hour,2023-12-28 04:00:00,2023-12-28,4,3,0,winter,71,,,,
NYC,hour,2023-12-28 05:00:00,2023-12-28,5,3,0,winter,343,,,,
NYC,hour,2023-12-28 06:00:00,2023-12-28,6,3,0,winter,942,,,,
NYC,hour,2023-12-28 07:00:00,2023-12-28,7,3,0,winter,1600,,,,
NYC,hour,2023-12-28 08:00:00,2023-12-28,8,3,0,winter,2065,,,,
NYC,hour,2023-12-28 09:00:00,2023-12-28,9,3,0,winter,2111,,,,
NYC,hour,2023-12-28 10:00:00,2023-12-28,10,3,0,winter,2476,,,,
NYC,hour,2023-12-28 11:00:00,2023-12-28,11,3,0,winter,3019,,,,
NYC,hour,2023-12-28 12:00:00,2023-12-28,12,3,0,winter,3525,,,,
NYC,hour,2023-12-28 13:00:00,2023-12-28,13,3,0,winter,3793,,,,
NYC,hour,2023-12-28 14:00:00,2023-12-28,14,3,0,winter,4330,,,,
NYC,hour,2023-12-28 15:00:00,2023-12-28,15,3,0,winter,3915,,,,
NYC,hour,2023-12-28 16:00:00,2023-12-28,16,3,0,winter,3604,,,,
NYC,hour,2023-12-28 17:00:00,2023-12-28,17,3,0,winter,3364,,,,
NYC,hour,2023-12-28 18:00:00,2023-12-28,18,3,0,winter,2854,,,,
NYC,hour,2023-12-28 19:00:00,2023-12-28,19,3,0,winter,2469,,,,
NYC,hour,2023-12-28 20:00:00,2023-12-28,20,3,0,winter,1732,,,,
NYC,hour,2023-12-28 21:00:00,2023-12-28,21,3,0,winter,1548,,,,
NYC,hour,2023-12-28 22:00:00,2023-12-28,22,3,0,winter,1275,,,,
NYC,hour,2023-12-28 23:00:00,2023-12-28,23,3,0,winter,1301,,,,
NYC,hour,2023-12-29 00:00:00,2023-12-29,0,4,0,winter,841,,,,
NYC,hour,2023-12-29 01:00:00,2023-12-29,1,4,0,winter,488,,,,
NYC,hour,2023-12-29 02:00:00,2023-12-29,2,4,0,winter,335,,,,
NYC,hour,2023-12-29 03:00:00,2023-12-29,3,4,0,winter,241,,,,
NYC,hour,2023-12-29 04:00:00,2023-12-29,4,4,0,winter,217,,,,
NYC,hour,2023-12-29 05:00:00,2023-12-29,5,4,0,winter,455,,,,
NYC,hour,2023-12-29 06:00:00,2023-12-29,6,4,0,winter,1012,,,,
NYC,hour,2023-12-29 07:00:00,2023-12-29,7,4,0,winter,1573,,,,
NYC,hour,2023-12-29 08:00:00,2023-12-29,8,4,0,winter,2540,,,,
NYC,hour,2023-12-29 09:00:00,2023-12-29,9,4,0,winter,2766,,,,
NYC,hour,2023-12-29 10:00:00,2023-12-29,10,4,0,winter,3415,,,,
NYC,hour,2023-12-29 11:00:00,2023-12-29,11,4,0,winter,4290,,,,
NYC,hour,2023-12-29 12:00:00,2023-12-29,12,4,0,winter,5026,,,,
NYC,hour,2023-12-29 13:00:00,2023-12-29,13,4,0,winter,5727,,,,
NYC,hour,2023-12-29 14:00:00,2023-12-29,14,4,0,winter,6296,,,,
NYC,hour,2023-12-29 15:00:00,2023-12-29,15,4,0,winter,6584,,,,
NYC,hour,2023-12-29 16:00:00,2023-12-29,16,4,0,winter,5962,,,,
NYC,hour,2023-12-29 17:00:00,2023-12-29,17,4,0,winter,4879,,,,
NYC,hour,2023-12-29 18:00:00,2023-12-29,18,4,0,winter,4485,,,,
NYC,hour,2023-12-29 19:00:00,2023-12-29,19,4,0,winter,3759,,,,
NYC,hour,2023-12-29 20:00:00,2023-12-29,20,4,0,winter,2554,,,,
NYC,hour,2023-12-29 21:00:00,2023-12-29,21,4,0,winter,2000,,,,
NYC,hour,2023-12-29 22:00:00,2023-12-29,22,4,0,winter,1955,,,,
NYC,hour,2023-12-29 23:00:00,2023-12-29,23,4,0,winter,1636,,,,
NYC,hour,2023-12-30 00:00:00,2023-12-30,0,5,1,winter,1278,,,,
NYC,hour,2023-12-30 01:00:00,2023-12-30,1,5,1,winter,836,,,,
NYC,hour,2023-12-30 02:00:00,2023-12-30,2,5,1,winter,621,,,,
NYC,hour,2023-12-30 03:00:00,2023-12-30,3,5,1,winter,466,,,,
NYC,hour,2023-12-30 04:00:00,2023-12-30,4,5,1,winter,353,,,,
NYC,hour,2023-12-30 05:00:00,2023-12-30,5,5,1,winter,253,,,,
NYC,hour,2023-12-30 06:00:00,2023-12-30,6,5,1,winter,529,,,,
NYC,hour,2023-12-30 07:00:00,2023-12-30,7,5,1,winter,878,,,,
NYC,hour,2023-12-30 08:00:00,2023-12-30,8,5,1,winter,1477,,,,
NYC,hour,2023-12-30 09:00:00,2023-12-30,9,5,1,winter,2318,,,,
NYC,hour,2023-12-30 10:00:00,2023-12-30,10,5,1,winter,3078,,,,
NYC,hour,2023-12-30 11:00:00,2023-12-30,11,5,1,winter,3839,,,,
NYC,hour,2023-12-30 12:00:00,2023-12-30,12,5,1,winter,4184,,,,
NYC,hour,2023-12-30 13:00:00,2023-12-30,13,5,1,winter,4387,,,,
NYC,hour,2023-12-30 14:00:00,2023-12-30,14,5,1,winter,4753,,,,
NYC,hour,2023-12-30 15:00:00,2023-12-30,15,5,1,winter,4817,,,,
NYC,hour,2023-12-30 16:00:00,2023-12-30,16,5,1,winter,4363,,,,
NYC,hour,2023-12-30 17:00:00,2023-12-30,17,5,1,winter,3801,,,,
NYC,hour,2023-12-30 18:00:00,2023-12-30,18,5,1,winter,3256,,,,
NYC,hour,2023-12-30 19:00:00,2023-12-30,19,5,1,winter,3045,,,,
NYC,hour,2023-12-30 20:00:00,2023-12-30,20,5,1,winter,2347,,,,
NYC,hour,2023-12-30 21:00:00,2023-12-30,21,5,1,winter,2001,,,,
NYC,hour,2023-12-30 22:00:00,2023-12-30,22,5,1,winter,1694,,,,
NYC,hour,2023-12-30 23:00:00,2023-12-30,23,5,1,winter,1525,,,,
NYC,hour,2023-12-31 00:00:00,2023-12-31,0,6,1,winter,1159,,,,
NYC,hour,2023-12-31 01:00:00,2023-12-31,1,6,1,winter,787,,,,
NYC,hour,2023-12-31 02:00:00,2023-12-31,2,6,1,winter,586,,,,
NYC,hour,2023-12-31 03:00:00,2023-12-31,3,6,1,winter,371,,,,
NYC,hour,2023-12-31 04:00:00,2023-12-31,4,6,1,winter,243,,,,
NYC,hour,2023-12-31 05:00:00,2023-12-31,5,6,1,winter,196,,,,
NYC,hour,2023-12-31 06:00:00,2023-12-31,6,6,1,winter,410,,,,
NYC,hour,2023-12-31 07:00:00,2023-12-31,7,6,1,winter,731,,,,
NYC,hour,2023-12-31 08:00:00,2023-12-31,8,6,1,winter,1313,,,,
NYC,hour,2023-12-31 09:00:00,2023-12-31,9,6,1,winter,2121,,,,
NYC,hour,2023-12-31 10:00:00,2023-12-31,10,6,1,winter,2972,,,,
NYC,hour,2023-12-31 11:00:00,2023-12-31,11,6,1,winter,3649,,,,
NYC,hour,2023-12-31 12:00:00,2023-12-31,12,6,1,winter,4123,,,,
NYC,hour,2023-12-31 13:00:00,2023-12-31,13,6,1,winter,4357,,,,
NYC,hour,2023-12-31 14:00:00,2023-12-31,14,6,1,winter,4494,,,,
NYC,hour,2023-12-31 15:00:00,2023-12-31,15,6,1,winter,4354,,,,
NYC,hour,2023-12-31 16:00:00,2023-12-31,16,6,1,winter,4123,,,,
NYC,hour,2023-12-31 17:00:00,2023-12-31,17,6,1,winter,3392,,,,
NYC,hour,2023-12-31 18:00:00,2023-12-31,18,6,1,winter,2998,,,,
NYC,hour,2023-12-31 19:00:00,2023-12-31,19,6,1,winter,2749,,,,
NYC,hour,2023-12-31 20:00:00,2023-12-31,20,6,1,winter,2579,,,,
NYC,hour,2023-12-31 21:00:00,2023-12-31,21,6,1,winter,2152,,,,
NYC,hour,2023-12-31 22:00:00,2023-12-31,22,6,1,winter,1970,,,,
NYC,hour,2023-12-31 23:00:00,2023-12-31,23,6,1,winter,1596,,,,
